==== OUTLIER CLOSE-OUT Wed Jul 29 07:49:04 UTC 2026  reps=7  sections: TAILS BMMFULL MMSPILL REDCORES GAMMA COARSERED COARSEBMM COARSEMM ADDIR ====
git: c87ef4a
-- preflight OK
## TAILS -- cats 1-2: transpose_outer BW_eff(R,C,M) + write/bcast/cat large-COLS tails (07:49:33)
-- transpose_outer R=2048 C=8192 M=4
IO -- device-layout I/O (cost model, stick-padded) --
IO   op clone
IO     output op0                    torch [4, 2048, 8192] -> device [2048, 128, 4, 64] in HBM = 67108864 elems x 2B = 134217728 B  (hbm counted: 134217728 B)
IO     input  arg0_1                 torch [2048, 4, 8192] -> device [4, 128, 2048, 64] in HBM = 67108864 elems x 2B = 134217728 B  (hbm counted: 134217728 B)
IO   => HBM I/O total = 268435456 B  (lx 0 B, ~free)
MODEL -- estimate (turnaround): T = (R+W)/BW_PEAK + a*min(R,W) --
MODEL   R=134217728 B (read)   W=134217728 B (write)   loop_trip L=1
MODEL   base = (R+W)/150 = 1789.57 us
MODEL   turn = a*min(R,W) = 0.00574*134217728 = 770.41 us
MODEL   => T_model = 3234.16 us
MODEL FEATS [{"name":"clone","is_reduction":false,"out_elems":67108864,"cores":32,"dtype_bytes":2,"args":[{"name":"op0","role":"output","mem":"hbm","elems":67108864,"broadcast":false,"dims":[2048,128,4,64],"logical":[4,2048,8192],"loop_factor":1},{"name":"arg0_1","role":"input","mem":"hbm","elems":67108864,"broadcast":false,"dims":[4,128,2048,64],"logical":[2048,4,8192],"loop_factor":1}],"reduction_cores":1,"loop_trip":1,"tiles_output_dim":false,"tile_rows_per_core":0.0,"is_matmul":false,"matmul_macs":0,"matmul_rows_per_core":0.0,"matmul_cols_per_core":0.0,"matmul_a_bytes":0,"matmul_b_bytes":0,"matmul_m_split":1,"matmul_n_split":1,"hbm_pattern":""}]
TIMING op=transpose_outer reps=7/7 prof_wall_s=1.49 per_rep_s=0.213
SUMMARY op=transpose_outer rows=2048 cols=8192 cores=32 tiles=0 lx=1 io_hbm_bytes=268435456 kernel_us=4236.051 pred_us=3234.162 err_pct=-23.7 bw_gbps=63.4 memset_us=2281.490 other_dev_us=17135.439 total_dev_us=23652.980 kernel_us_min=4223.923 kernel_us_median=4236.051 kernel_us_mean=4253.761 kernel_us_std=31.670 kernel_us_cv=0.74 reps=7
TIMING_RUN transpose_outer transpose_outer R=2048 C=8192 M=4 18s
-- transpose_outer R=8192 C=2048 M=4
IO -- device-layout I/O (cost model, stick-padded) --
IO   op clone
IO     output op0                    torch [4, 8192, 2048] -> device [8192, 32, 4, 64] in HBM = 67108864 elems x 2B = 134217728 B  (hbm counted: 134217728 B)
IO     input  arg0_1                 torch [8192, 4, 2048] -> device [4, 32, 8192, 64] in HBM = 67108864 elems x 2B = 134217728 B  (hbm counted: 134217728 B)
IO   => HBM I/O total = 268435456 B  (lx 0 B, ~free)
MODEL -- estimate (turnaround): T = (R+W)/BW_PEAK + a*min(R,W) --
MODEL   R=134217728 B (read)   W=134217728 B (write)   loop_trip L=1
MODEL   base = (R+W)/150 = 1789.57 us
MODEL   turn = a*min(R,W) = 0.00574*134217728 = 770.41 us
MODEL   => T_model = 2969.42 us
MODEL FEATS [{"name":"clone","is_reduction":false,"out_elems":67108864,"cores":32,"dtype_bytes":2,"args":[{"name":"op0","role":"output","mem":"hbm","elems":67108864,"broadcast":false,"dims":[8192,32,4,64],"logical":[4,8192,2048],"loop_factor":1},{"name":"arg0_1","role":"input","mem":"hbm","elems":67108864,"broadcast":false,"dims":[4,32,8192,64],"logical":[8192,4,2048],"loop_factor":1}],"reduction_cores":1,"loop_trip":1,"tiles_output_dim":false,"tile_rows_per_core":0.0,"is_matmul":false,"matmul_macs":0,"matmul_rows_per_core":0.0,"matmul_cols_per_core":0.0,"matmul_a_bytes":0,"matmul_b_bytes":0,"matmul_m_split":1,"matmul_n_split":1,"hbm_pattern":""}]
TIMING op=transpose_outer reps=7/7 prof_wall_s=1.46 per_rep_s=0.208
SUMMARY op=transpose_outer rows=8192 cols=2048 cores=32 tiles=0 lx=1 io_hbm_bytes=268435456 kernel_us=3498.617 pred_us=2969.419 err_pct=-15.1 bw_gbps=76.7 memset_us=2265.252 other_dev_us=17889.396 total_dev_us=23653.265 kernel_us_min=3467.473 kernel_us_median=3498.617 kernel_us_mean=3511.959 kernel_us_std=38.768 kernel_us_cv=1.10 reps=7
TIMING_RUN transpose_outer transpose_outer R=8192 C=2048 M=4 17s
-- transpose_outer R=2048 C=32768 M=4
IO -- device-layout I/O (cost model, stick-padded) --
IO   op clone
IO     output op0                    torch [4, 2048, 32768] -> device [2048, 512, 4, 64] in HBM = 268435456 elems x 2B = 536870912 B  (hbm counted: 536870912 B)
IO     input  arg0_1                 torch [2048, 4, 32768] -> device [4, 512, 2048, 64] in HBM = 268435456 elems x 2B = 536870912 B  (hbm counted: 536870912 B)
IO   => HBM I/O total = 1073741824 B  (lx 0 B, ~free)
MODEL -- estimate (turnaround): T = (R+W)/BW_PEAK + a*min(R,W) --
MODEL   R=536870912 B (read)   W=536870912 B (write)   loop_trip L=1
MODEL   base = (R+W)/150 = 7158.28 us
MODEL   turn = a*min(R,W) = 0.00574*536870912 = 3081.64 us
MODEL   => T_model = 12936.65 us
MODEL FEATS [{"name":"clone","is_reduction":false,"out_elems":268435456,"cores":32,"dtype_bytes":2,"args":[{"name":"op0","role":"output","mem":"hbm","elems":268435456,"broadcast":false,"dims":[2048,512,4,64],"logical":[4,2048,32768],"loop_factor":1},{"name":"arg0_1","role":"input","mem":"hbm","elems":268435456,"broadcast":false,"dims":[4,512,2048,64],"logical":[2048,4,32768],"loop_factor":1}],"reduction_cores":1,"loop_trip":1,"tiles_output_dim":false,"tile_rows_per_core":0.0,"is_matmul":false,"matmul_macs":0,"matmul_rows_per_core":0.0,"matmul_cols_per_core":0.0,"matmul_a_bytes":0,"matmul_b_bytes":0,"matmul_m_split":1,"matmul_n_split":1,"hbm_pattern":""}]
TIMING op=transpose_outer reps=7/7 prof_wall_s=5.44 per_rep_s=0.777
SUMMARY op=transpose_outer rows=2048 cols=32768 cores=32 tiles=0 lx=1 io_hbm_bytes=1073741824 kernel_us=17990.740 pred_us=12936.648 err_pct=-28.1 bw_gbps=59.7 memset_us=9900.754 other_dev_us=89167.447 total_dev_us=117058.941 kernel_us_min=17919.769 kernel_us_median=17990.740 kernel_us_mean=17982.963 kernel_us_std=39.235 kernel_us_cv=0.22 reps=7
TIMING_RUN transpose_outer transpose_outer R=2048 C=32768 M=4 26s
-- transpose_outer R=16384 C=2048 M=4
IO -- device-layout I/O (cost model, stick-padded) --
IO   op clone
IO     output op0                    torch [4, 16384, 2048] -> device [16384, 32, 4, 64] in HBM = 134217728 elems x 2B = 268435456 B  (hbm counted: 268435456 B)
IO     input  arg0_1                 torch [16384, 4, 2048] -> device [4, 32, 16384, 64] in HBM = 134217728 elems x 2B = 268435456 B  (hbm counted: 268435456 B)
IO   => HBM I/O total = 536870912 B  (lx 0 B, ~free)
MODEL -- estimate (turnaround): T = (R+W)/BW_PEAK + a*min(R,W) --
MODEL   R=268435456 B (read)   W=268435456 B (write)   loop_trip L=1
MODEL   base = (R+W)/150 = 3579.14 us
MODEL   turn = a*min(R,W) = 0.00574*268435456 = 1540.82 us
MODEL   => T_model = 6018.73 us
MODEL FEATS [{"name":"clone","is_reduction":false,"out_elems":134217728,"cores":32,"dtype_bytes":2,"args":[{"name":"op0","role":"output","mem":"hbm","elems":134217728,"broadcast":false,"dims":[16384,32,4,64],"logical":[4,16384,2048],"loop_factor":1},{"name":"arg0_1","role":"input","mem":"hbm","elems":134217728,"broadcast":false,"dims":[4,32,16384,64],"logical":[16384,4,2048],"loop_factor":1}],"reduction_cores":1,"loop_trip":1,"tiles_output_dim":false,"tile_rows_per_core":0.0,"is_matmul":false,"matmul_macs":0,"matmul_rows_per_core":0.0,"matmul_cols_per_core":0.0,"matmul_a_bytes":0,"matmul_b_bytes":0,"matmul_m_split":1,"matmul_n_split":1,"hbm_pattern":""}]
TIMING op=transpose_outer reps=7/7 prof_wall_s=2.82 per_rep_s=0.403
SUMMARY op=transpose_outer rows=16384 cols=2048 cores=32 tiles=0 lx=1 io_hbm_bytes=536870912 kernel_us=7199.450 pred_us=6018.732 err_pct=-16.4 bw_gbps=74.6 memset_us=4864.353 other_dev_us=40329.149 total_dev_us=52392.952 kernel_us_min=7045.404 kernel_us_median=7199.450 kernel_us_mean=7177.182 kernel_us_std=61.346 kernel_us_cv=0.85 reps=7
TIMING_RUN transpose_outer transpose_outer R=16384 C=2048 M=4 27s
-- transpose_outer R=4096 C=8192 M=4
IO -- device-layout I/O (cost model, stick-padded) --
IO   op clone
IO     output op0                    torch [4, 4096, 8192] -> device [4096, 128, 4, 64] in HBM = 134217728 elems x 2B = 268435456 B  (hbm counted: 268435456 B)
IO     input  arg0_1                 torch [4096, 4, 8192] -> device [4, 128, 4096, 64] in HBM = 134217728 elems x 2B = 268435456 B  (hbm counted: 268435456 B)
IO   => HBM I/O total = 536870912 B  (lx 0 B, ~free)
MODEL -- estimate (turnaround): T = (R+W)/BW_PEAK + a*min(R,W) --
MODEL   R=268435456 B (read)   W=268435456 B (write)   loop_trip L=1
MODEL   base = (R+W)/150 = 3579.14 us
MODEL   turn = a*min(R,W) = 0.00574*268435456 = 1540.82 us
MODEL   => T_model = 6468.32 us
MODEL FEATS [{"name":"clone","is_reduction":false,"out_elems":134217728,"cores":32,"dtype_bytes":2,"args":[{"name":"op0","role":"output","mem":"hbm","elems":134217728,"broadcast":false,"dims":[4096,128,4,64],"logical":[4,4096,8192],"loop_factor":1},{"name":"arg0_1","role":"input","mem":"hbm","elems":134217728,"broadcast":false,"dims":[4,128,4096,64],"logical":[4096,4,8192],"loop_factor":1}],"reduction_cores":1,"loop_trip":1,"tiles_output_dim":false,"tile_rows_per_core":0.0,"is_matmul":false,"matmul_macs":0,"matmul_rows_per_core":0.0,"matmul_cols_per_core":0.0,"matmul_a_bytes":0,"matmul_b_bytes":0,"matmul_m_split":1,"matmul_n_split":1,"hbm_pattern":""}]
TIMING op=transpose_outer reps=7/7 prof_wall_s=2.86 per_rep_s=0.408
SUMMARY op=transpose_outer rows=4096 cols=8192 cores=32 tiles=0 lx=1 io_hbm_bytes=536870912 kernel_us=8351.129 pred_us=6468.324 err_pct=-22.5 bw_gbps=64.3 memset_us=4855.484 other_dev_us=40625.110 total_dev_us=53831.723 kernel_us_min=8283.748 kernel_us_median=8351.129 kernel_us_mean=8331.997 kernel_us_std=39.998 kernel_us_cv=0.48 reps=7
TIMING_RUN transpose_outer transpose_outer R=4096 C=8192 M=4 23s
-- transpose_outer R=2048 C=8192 M=8
IO -- device-layout I/O (cost model, stick-padded) --
IO   op clone
IO     output op0                    torch [8, 2048, 8192] -> device [2048, 128, 8, 64] in HBM = 134217728 elems x 2B = 268435456 B  (hbm counted: 268435456 B)
IO     input  arg0_1                 torch [2048, 8, 8192] -> device [8, 128, 2048, 64] in HBM = 134217728 elems x 2B = 268435456 B  (hbm counted: 268435456 B)
IO   => HBM I/O total = 536870912 B  (lx 0 B, ~free)
MODEL -- estimate (turnaround): T = (R+W)/BW_PEAK + a*min(R,W) --
MODEL   R=268435456 B (read)   W=268435456 B (write)   loop_trip L=1
MODEL   base = (R+W)/150 = 3579.14 us
MODEL   turn = a*min(R,W) = 0.00574*268435456 = 1540.82 us
MODEL   => T_model = 6468.32 us
MODEL FEATS [{"name":"clone","is_reduction":false,"out_elems":134217728,"cores":32,"dtype_bytes":2,"args":[{"name":"op0","role":"output","mem":"hbm","elems":134217728,"broadcast":false,"dims":[2048,128,8,64],"logical":[8,2048,8192],"loop_factor":1},{"name":"arg0_1","role":"input","mem":"hbm","elems":134217728,"broadcast":false,"dims":[8,128,2048,64],"logical":[2048,8,8192],"loop_factor":1}],"reduction_cores":1,"loop_trip":1,"tiles_output_dim":false,"tile_rows_per_core":0.0,"is_matmul":false,"matmul_macs":0,"matmul_rows_per_core":0.0,"matmul_cols_per_core":0.0,"matmul_a_bytes":0,"matmul_b_bytes":0,"matmul_m_split":1,"matmul_n_split":1,"hbm_pattern":""}]
TIMING op=transpose_outer reps=7/7 prof_wall_s=2.79 per_rep_s=0.399
SUMMARY op=transpose_outer rows=2048 cols=8192 cores=32 tiles=0 lx=1 io_hbm_bytes=536870912 kernel_us=5977.803 pred_us=6468.324 err_pct=+8.2 bw_gbps=89.8 memset_us=4808.248 other_dev_us=40549.314 total_dev_us=51335.365 kernel_us_min=5916.029 kernel_us_median=5977.803 kernel_us_mean=5982.517 kernel_us_std=49.576 kernel_us_cv=0.83 reps=7
TIMING_RUN transpose_outer transpose_outer R=2048 C=8192 M=8 26s
-- transpose_outer R=8192 C=2048 M=8
IO -- device-layout I/O (cost model, stick-padded) --
IO   op clone
IO     output op0                    torch [8, 8192, 2048] -> device [8192, 32, 8, 64] in HBM = 134217728 elems x 2B = 268435456 B  (hbm counted: 268435456 B)
IO     input  arg0_1                 torch [8192, 8, 2048] -> device [8, 32, 8192, 64] in HBM = 134217728 elems x 2B = 268435456 B  (hbm counted: 268435456 B)
IO   => HBM I/O total = 536870912 B  (lx 0 B, ~free)
MODEL -- estimate (turnaround): T = (R+W)/BW_PEAK + a*min(R,W) --
MODEL   R=268435456 B (read)   W=268435456 B (write)   loop_trip L=1
MODEL   base = (R+W)/150 = 3579.14 us
MODEL   turn = a*min(R,W) = 0.00574*268435456 = 1540.82 us
MODEL   => T_model = 5938.84 us
MODEL FEATS [{"name":"clone","is_reduction":false,"out_elems":134217728,"cores":32,"dtype_bytes":2,"args":[{"name":"op0","role":"output","mem":"hbm","elems":134217728,"broadcast":false,"dims":[8192,32,8,64],"logical":[8,8192,2048],"loop_factor":1},{"name":"arg0_1","role":"input","mem":"hbm","elems":134217728,"broadcast":false,"dims":[8,32,8192,64],"logical":[8192,8,2048],"loop_factor":1}],"reduction_cores":1,"loop_trip":1,"tiles_output_dim":false,"tile_rows_per_core":0.0,"is_matmul":false,"matmul_macs":0,"matmul_rows_per_core":0.0,"matmul_cols_per_core":0.0,"matmul_a_bytes":0,"matmul_b_bytes":0,"matmul_m_split":1,"matmul_n_split":1,"hbm_pattern":""}]
TIMING op=transpose_outer reps=7/7 prof_wall_s=2.82 per_rep_s=0.403
SUMMARY op=transpose_outer rows=8192 cols=2048 cores=32 tiles=0 lx=1 io_hbm_bytes=536870912 kernel_us=5430.635 pred_us=5938.838 err_pct=+9.4 bw_gbps=98.9 memset_us=4808.019 other_dev_us=41211.471 total_dev_us=51450.125 kernel_us_min=5385.020 kernel_us_median=5430.635 kernel_us_mean=5421.909 kernel_us_std=22.655 kernel_us_cv=0.42 reps=7
TIMING_RUN transpose_outer transpose_outer R=8192 C=2048 M=8 24s
-- transpose_outer R=2048 C=32768 M=8
IO -- device-layout I/O (cost model, stick-padded) --
IO   op clone
IO     output op0                    torch [8, 2048, 32768] -> device [2048, 512, 8, 64] in HBM = 536870912 elems x 2B = 1073741824 B  (hbm counted: 1073741824 B)
IO     input  arg0_1                 torch [2048, 8, 32768] -> device [8, 512, 2048, 64] in HBM = 536870912 elems x 2B = 1073741824 B  (hbm counted: 1073741824 B)
IO   => HBM I/O total = 2147483648 B  (lx 0 B, ~free)
MODEL -- estimate (turnaround): T = (R+W)/BW_PEAK + a*min(R,W) --
MODEL   R=1073741824 B (read)   W=1073741824 B (write)   loop_trip L=1
MODEL   base = (R+W)/150 = 14316.56 us
MODEL   turn = a*min(R,W) = 0.00574*1073741824 = 6163.28 us
MODEL   => T_model = 25873.30 us
MODEL FEATS [{"name":"clone","is_reduction":false,"out_elems":536870912,"cores":32,"dtype_bytes":2,"args":[{"name":"op0","role":"output","mem":"hbm","elems":536870912,"broadcast":false,"dims":[2048,512,8,64],"logical":[8,2048,32768],"loop_factor":1},{"name":"arg0_1","role":"input","mem":"hbm","elems":536870912,"broadcast":false,"dims":[8,512,2048,64],"logical":[2048,8,32768],"loop_factor":1}],"reduction_cores":1,"loop_trip":1,"tiles_output_dim":false,"tile_rows_per_core":0.0,"is_matmul":false,"matmul_macs":0,"matmul_rows_per_core":0.0,"matmul_cols_per_core":0.0,"matmul_a_bytes":0,"matmul_b_bytes":0,"matmul_m_split":1,"matmul_n_split":1,"hbm_pattern":""}]
TIMING op=transpose_outer reps=6/7 prof_wall_s=10.90 per_rep_s=1.557
SUMMARY op=transpose_outer rows=2048 cols=32768 cores=32 tiles=0 lx=1 io_hbm_bytes=2147483648 kernel_us=26078.306 pred_us=25873.297 err_pct=-0.8 bw_gbps=82.3 memset_us=20440.784 other_dev_us=185162.611 total_dev_us=231681.702 kernel_us_min=25999.020 kernel_us_median=26078.306 kernel_us_mean=26106.681 kernel_us_std=82.626 kernel_us_cv=0.32 reps=6
TIMING_RUN transpose_outer transpose_outer R=2048 C=32768 M=8 37s
-- transpose_outer R=16384 C=2048 M=8
IO -- device-layout I/O (cost model, stick-padded) --
IO   op clone
IO     output op0                    torch [8, 16384, 2048] -> device [16384, 32, 8, 64] in HBM = 268435456 elems x 2B = 536870912 B  (hbm counted: 536870912 B)
IO     input  arg0_1                 torch [16384, 8, 2048] -> device [8, 32, 16384, 64] in HBM = 268435456 elems x 2B = 536870912 B  (hbm counted: 536870912 B)
IO   => HBM I/O total = 1073741824 B  (lx 0 B, ~free)
MODEL -- estimate (turnaround): T = (R+W)/BW_PEAK + a*min(R,W) --
MODEL   R=536870912 B (read)   W=536870912 B (write)   loop_trip L=1
MODEL   base = (R+W)/150 = 7158.28 us
MODEL   turn = a*min(R,W) = 0.00574*536870912 = 3081.64 us
MODEL   => T_model = 12037.46 us
MODEL FEATS [{"name":"clone","is_reduction":false,"out_elems":268435456,"cores":32,"dtype_bytes":2,"args":[{"name":"op0","role":"output","mem":"hbm","elems":268435456,"broadcast":false,"dims":[16384,32,8,64],"logical":[8,16384,2048],"loop_factor":1},{"name":"arg0_1","role":"input","mem":"hbm","elems":268435456,"broadcast":false,"dims":[8,32,16384,64],"logical":[16384,8,2048],"loop_factor":1}],"reduction_cores":1,"loop_trip":1,"tiles_output_dim":false,"tile_rows_per_core":0.0,"is_matmul":false,"matmul_macs":0,"matmul_rows_per_core":0.0,"matmul_cols_per_core":0.0,"matmul_a_bytes":0,"matmul_b_bytes":0,"matmul_m_split":1,"matmul_n_split":1,"hbm_pattern":""}]
TIMING op=transpose_outer reps=7/7 prof_wall_s=5.44 per_rep_s=0.778
SUMMARY op=transpose_outer rows=16384 cols=2048 cores=32 tiles=0 lx=1 io_hbm_bytes=1073741824 kernel_us=13728.414 pred_us=12037.464 err_pct=-12.3 bw_gbps=78.2 memset_us=9881.972 other_dev_us=88826.992 total_dev_us=112437.378 kernel_us_min=13636.137 kernel_us_median=13728.414 kernel_us_mean=13712.979 kernel_us_std=37.513 kernel_us_cv=0.27 reps=7
TIMING_RUN transpose_outer transpose_outer R=16384 C=2048 M=8 33s
-- transpose_outer R=4096 C=8192 M=8
IO -- device-layout I/O (cost model, stick-padded) --
IO   op clone
IO     output op0                    torch [8, 4096, 8192] -> device [4096, 128, 8, 64] in HBM = 268435456 elems x 2B = 536870912 B  (hbm counted: 536870912 B)
IO     input  arg0_1                 torch [4096, 8, 8192] -> device [8, 128, 4096, 64] in HBM = 268435456 elems x 2B = 536870912 B  (hbm counted: 536870912 B)
IO   => HBM I/O total = 1073741824 B  (lx 0 B, ~free)
MODEL -- estimate (turnaround): T = (R+W)/BW_PEAK + a*min(R,W) --
MODEL   R=536870912 B (read)   W=536870912 B (write)   loop_trip L=1
MODEL   base = (R+W)/150 = 7158.28 us
MODEL   turn = a*min(R,W) = 0.00574*536870912 = 3081.64 us
MODEL   => T_model = 12936.65 us
MODEL FEATS [{"name":"clone","is_reduction":false,"out_elems":268435456,"cores":32,"dtype_bytes":2,"args":[{"name":"op0","role":"output","mem":"hbm","elems":268435456,"broadcast":false,"dims":[4096,128,8,64],"logical":[8,4096,8192],"loop_factor":1},{"name":"arg0_1","role":"input","mem":"hbm","elems":268435456,"broadcast":false,"dims":[8,128,4096,64],"logical":[4096,8,8192],"loop_factor":1}],"reduction_cores":1,"loop_trip":1,"tiles_output_dim":false,"tile_rows_per_core":0.0,"is_matmul":false,"matmul_macs":0,"matmul_rows_per_core":0.0,"matmul_cols_per_core":0.0,"matmul_a_bytes":0,"matmul_b_bytes":0,"matmul_m_split":1,"matmul_n_split":1,"hbm_pattern":""}]
TIMING op=transpose_outer reps=7/7 prof_wall_s=5.37 per_rep_s=0.767
SUMMARY op=transpose_outer rows=4096 cols=8192 cores=32 tiles=0 lx=1 io_hbm_bytes=1073741824 kernel_us=11917.273 pred_us=12936.648 err_pct=+8.6 bw_gbps=90.1 memset_us=9782.167 other_dev_us=89136.383 total_dev_us=110835.823 kernel_us_min=11851.693 kernel_us_median=11917.273 kernel_us_mean=11912.709 kernel_us_std=31.102 kernel_us_cv=0.26 reps=7
TIMING_RUN transpose_outer transpose_outer R=4096 C=8192 M=8 26s
-- transpose_outer R=2048 C=8192 M=16
IO -- device-layout I/O (cost model, stick-padded) --
IO   op clone
IO     output op0                    torch [16, 2048, 8192] -> device [2048, 128, 16, 64] in HBM = 268435456 elems x 2B = 536870912 B  (hbm counted: 536870912 B)
IO     input  arg0_1                 torch [2048, 16, 8192] -> device [16, 128, 2048, 64] in HBM = 268435456 elems x 2B = 536870912 B  (hbm counted: 536870912 B)
IO   => HBM I/O total = 1073741824 B  (lx 0 B, ~free)
MODEL -- estimate (turnaround): T = (R+W)/BW_PEAK + a*min(R,W) --
MODEL   R=536870912 B (read)   W=536870912 B (write)   loop_trip L=1
MODEL   base = (R+W)/150 = 7158.28 us
MODEL   turn = a*min(R,W) = 0.00574*536870912 = 3081.64 us
MODEL   => T_model = 12936.65 us
MODEL FEATS [{"name":"clone","is_reduction":false,"out_elems":268435456,"cores":32,"dtype_bytes":2,"args":[{"name":"op0","role":"output","mem":"hbm","elems":268435456,"broadcast":false,"dims":[2048,128,16,64],"logical":[16,2048,8192],"loop_factor":1},{"name":"arg0_1","role":"input","mem":"hbm","elems":268435456,"broadcast":false,"dims":[16,128,2048,64],"logical":[2048,16,8192],"loop_factor":1}],"reduction_cores":1,"loop_trip":1,"tiles_output_dim":false,"tile_rows_per_core":0.0,"is_matmul":false,"matmul_macs":0,"matmul_rows_per_core":0.0,"matmul_cols_per_core":0.0,"matmul_a_bytes":0,"matmul_b_bytes":0,"matmul_m_split":1,"matmul_n_split":1,"hbm_pattern":""}]
TIMING op=transpose_outer reps=7/7 prof_wall_s=5.40 per_rep_s=0.772
SUMMARY op=transpose_outer rows=2048 cols=8192 cores=32 tiles=0 lx=1 io_hbm_bytes=1073741824 kernel_us=13170.450 pred_us=12936.648 err_pct=-1.8 bw_gbps=81.5 memset_us=9677.259 other_dev_us=89936.981 total_dev_us=112784.690 kernel_us_min=12972.991 kernel_us_median=13170.450 kernel_us_mean=13144.358 kernel_us_std=80.421 kernel_us_cv=0.61 reps=7
TIMING_RUN transpose_outer transpose_outer R=2048 C=8192 M=16 25s
-- transpose_outer R=8192 C=2048 M=16
IO -- device-layout I/O (cost model, stick-padded) --
IO   op clone
IO     output op0                    torch [16, 8192, 2048] -> device [8192, 32, 16, 64] in HBM = 268435456 elems x 2B = 536870912 B  (hbm counted: 536870912 B)
IO     input  arg0_1                 torch [8192, 16, 2048] -> device [16, 32, 8192, 64] in HBM = 268435456 elems x 2B = 536870912 B  (hbm counted: 536870912 B)
IO   => HBM I/O total = 1073741824 B  (lx 0 B, ~free)
MODEL -- estimate (turnaround): T = (R+W)/BW_PEAK + a*min(R,W) --
MODEL   R=536870912 B (read)   W=536870912 B (write)   loop_trip L=1
MODEL   base = (R+W)/150 = 7158.28 us
MODEL   turn = a*min(R,W) = 0.00574*536870912 = 3081.64 us
MODEL   => T_model = 11877.68 us
MODEL FEATS [{"name":"clone","is_reduction":false,"out_elems":268435456,"cores":32,"dtype_bytes":2,"args":[{"name":"op0","role":"output","mem":"hbm","elems":268435456,"broadcast":false,"dims":[8192,32,16,64],"logical":[16,8192,2048],"loop_factor":1},{"name":"arg0_1","role":"input","mem":"hbm","elems":268435456,"broadcast":false,"dims":[16,32,8192,64],"logical":[8192,16,2048],"loop_factor":1}],"reduction_cores":1,"loop_trip":1,"tiles_output_dim":false,"tile_rows_per_core":0.0,"is_matmul":false,"matmul_macs":0,"matmul_rows_per_core":0.0,"matmul_cols_per_core":0.0,"matmul_a_bytes":0,"matmul_b_bytes":0,"matmul_m_split":1,"matmul_n_split":1,"hbm_pattern":""}]
TIMING op=transpose_outer reps=7/7 prof_wall_s=5.39 per_rep_s=0.770
SUMMARY op=transpose_outer rows=8192 cols=2048 cores=32 tiles=0 lx=1 io_hbm_bytes=1073741824 kernel_us=12948.929 pred_us=11877.675 err_pct=-8.3 bw_gbps=82.9 memset_us=9879.411 other_dev_us=88705.802 total_dev_us=111534.142 kernel_us_min=12887.252 kernel_us_median=12948.929 kernel_us_mean=12962.100 kernel_us_std=60.878 kernel_us_cv=0.47 reps=7
TIMING_RUN transpose_outer transpose_outer R=8192 C=2048 M=16 30s
-- transpose_outer R=2048 C=32768 M=16
SUMMARY op=transpose_outer rows=2048 cols=32768 tiles=0 lx=1 FAILED reason=InductorError: CalledProcessError: Command '['dxp_standalone', '-d', '/tmp/torchinductor_haoyang/tmp73asc3dv/inductor-spyre/sdsc_fused_clone_transpose_0_ta
TIMING_RUN transpose_outer transpose_outer R=2048 C=32768 M=16 24s
-- transpose_outer R=16384 C=2048 M=16
IO -- device-layout I/O (cost model, stick-padded) --
IO   op clone
IO     output op0                    torch [16, 16384, 2048] -> device [16384, 32, 16, 64] in HBM = 536870912 elems x 2B = 1073741824 B  (hbm counted: 1073741824 B)
IO     input  arg0_1                 torch [16384, 16, 2048] -> device [16, 32, 16384, 64] in HBM = 536870912 elems x 2B = 1073741824 B  (hbm counted: 1073741824 B)
IO   => HBM I/O total = 2147483648 B  (lx 0 B, ~free)
MODEL -- estimate (turnaround): T = (R+W)/BW_PEAK + a*min(R,W) --
MODEL   R=1073741824 B (read)   W=1073741824 B (write)   loop_trip L=1
MODEL   base = (R+W)/150 = 14316.56 us
MODEL   turn = a*min(R,W) = 0.00574*1073741824 = 6163.28 us
MODEL   => T_model = 24074.93 us
MODEL FEATS [{"name":"clone","is_reduction":false,"out_elems":536870912,"cores":32,"dtype_bytes":2,"args":[{"name":"op0","role":"output","mem":"hbm","elems":536870912,"broadcast":false,"dims":[16384,32,16,64],"logical":[16,16384,2048],"loop_factor":1},{"name":"arg0_1","role":"input","mem":"hbm","elems":536870912,"broadcast":false,"dims":[16,32,16384,64],"logical":[16384,16,2048],"loop_factor":1}],"reduction_cores":1,"loop_trip":1,"tiles_output_dim":false,"tile_rows_per_core":0.0,"is_matmul":false,"matmul_macs":0,"matmul_rows_per_core":0.0,"matmul_cols_per_core":0.0,"matmul_a_bytes":0,"matmul_b_bytes":0,"matmul_m_split":1,"matmul_n_split":1,"hbm_pattern":""}]
TIMING op=transpose_outer reps=7/7 prof_wall_s=10.78 per_rep_s=1.539
SUMMARY op=transpose_outer rows=16384 cols=2048 cores=32 tiles=0 lx=1 io_hbm_bytes=2147483648 kernel_us=25810.176 pred_us=24074.929 err_pct=-6.7 bw_gbps=83.2 memset_us=19971.482 other_dev_us=184771.266 total_dev_us=230552.924 kernel_us_min=25738.844 kernel_us_median=25810.176 kernel_us_mean=25799.049 kernel_us_std=42.149 kernel_us_cv=0.16 reps=7
TIMING_RUN transpose_outer transpose_outer R=16384 C=2048 M=16 40s
-- transpose_outer R=4096 C=8192 M=16
IO -- device-layout I/O (cost model, stick-padded) --
IO   op clone
IO     output op0                    torch [16, 4096, 8192] -> device [4096, 128, 16, 64] in HBM = 536870912 elems x 2B = 1073741824 B  (hbm counted: 1073741824 B)
IO     input  arg0_1                 torch [4096, 16, 8192] -> device [16, 128, 4096, 64] in HBM = 536870912 elems x 2B = 1073741824 B  (hbm counted: 1073741824 B)
IO   => HBM I/O total = 2147483648 B  (lx 0 B, ~free)
MODEL -- estimate (turnaround): T = (R+W)/BW_PEAK + a*min(R,W) --
MODEL   R=1073741824 B (read)   W=1073741824 B (write)   loop_trip L=1
MODEL   base = (R+W)/150 = 14316.56 us
MODEL   turn = a*min(R,W) = 0.00574*1073741824 = 6163.28 us
MODEL   => T_model = 25873.30 us
MODEL FEATS [{"name":"clone","is_reduction":false,"out_elems":536870912,"cores":32,"dtype_bytes":2,"args":[{"name":"op0","role":"output","mem":"hbm","elems":536870912,"broadcast":false,"dims":[4096,128,16,64],"logical":[16,4096,8192],"loop_factor":1},{"name":"arg0_1","role":"input","mem":"hbm","elems":536870912,"broadcast":false,"dims":[16,128,4096,64],"logical":[4096,16,8192],"loop_factor":1}],"reduction_cores":1,"loop_trip":1,"tiles_output_dim":false,"tile_rows_per_core":0.0,"is_matmul":false,"matmul_macs":0,"matmul_rows_per_core":0.0,"matmul_cols_per_core":0.0,"matmul_a_bytes":0,"matmul_b_bytes":0,"matmul_m_split":1,"matmul_n_split":1,"hbm_pattern":""}]
TIMING op=transpose_outer reps=6/7 prof_wall_s=10.72 per_rep_s=1.531
SUMMARY op=transpose_outer rows=4096 cols=8192 cores=32 tiles=0 lx=1 io_hbm_bytes=2147483648 kernel_us=25573.459 pred_us=25873.297 err_pct=+1.2 bw_gbps=84.0 memset_us=20128.375 other_dev_us=185518.194 total_dev_us=231220.029 kernel_us_min=25480.465 kernel_us_median=25573.459 kernel_us_mean=25609.933 kernel_us_std=137.097 kernel_us_cv=0.54 reps=6
TIMING_RUN transpose_outer transpose_outer R=4096 C=8192 M=16 45s
-- write R=512 C=16384
IO -- device-layout I/O (cost model, stick-padded) --
IO   op add
IO     output op0                    torch [512, 16384] -> device [256, 512, 64] in HBM = 8388608 elems x 2B = 16777216 B  (hbm counted: 16777216 B)
IO     input  arg0_1                 torch [1, 16384] -> device [256, 1, 64] in HBM = 16384 elems x 2B = 32768 B  (hbm counted: 32768 B) broadcast (loaded once)
IO     input  arg1_1                 torch [512, 1] -> device [1, 512, 64] in HBM = 32768 elems x 2B = 65536 B  (hbm counted: 65536 B) broadcast (loaded once)
IO   => HBM I/O total = 16875520 B  (lx 0 B, ~free)
MODEL -- estimate (turnaround): T = (R+W)/BW_PEAK + a*min(R,W) --
MODEL   R=98304 B (read)   W=16777216 B (write)   loop_trip L=1
MODEL   base = (R+W)/150 = 112.50 us
MODEL   turn = a*min(R,W) = 0.00574*98304 = 0.56 us
MODEL   => T_model = 179.70 us
MODEL FEATS [{"name":"add","is_reduction":false,"out_elems":8388608,"cores":32,"dtype_bytes":2,"args":[{"name":"op0","role":"output","mem":"hbm","elems":8388608,"broadcast":false,"dims":[256,512,64],"logical":[512,16384],"loop_factor":1},{"name":"arg0_1","role":"input","mem":"hbm","elems":16384,"broadcast":true,"dims":[256,1,64],"logical":[1,16384],"loop_factor":1},{"name":"arg1_1","role":"input","mem":"hbm","elems":32768,"broadcast":true,"dims":[1,512,64],"logical":[512,1],"loop_factor":1}],"reduction_cores":1,"loop_trip":1,"tiles_output_dim":false,"tile_rows_per_core":0.0,"is_matmul":false,"matmul_macs":0,"matmul_rows_per_core":0.0,"matmul_cols_per_core":0.0,"matmul_a_bytes":0,"matmul_b_bytes":0,"matmul_m_split":1,"matmul_n_split":1,"hbm_pattern":""}]
TIMING op=write reps=7/7 prof_wall_s=0.26 per_rep_s=0.037
SUMMARY op=write rows=512 cols=16384 cores=32 tiles=0 lx=1 io_hbm_bytes=16875520 kernel_us=165.960 pred_us=179.695 err_pct=+8.3 bw_gbps=101.7 memset_us=256.969 other_dev_us=964.409 total_dev_us=1387.338 kernel_us_min=161.516 kernel_us_median=165.960 kernel_us_mean=175.472 kernel_us_std=24.344 kernel_us_cv=13.87 reps=7
TIMING_RUN write write R=512 C=16384 15s
-- bcastcol R=512 C=16384
IO -- device-layout I/O (cost model, stick-padded) --
IO   op add
IO     output op0                    torch [512, 16384] -> device [256, 512, 64] in HBM = 8388608 elems x 2B = 16777216 B  (hbm counted: 16777216 B)
IO     input  arg0_1                 torch [512, 16384] -> device [256, 512, 64] in HBM = 8388608 elems x 2B = 16777216 B  (hbm counted: 16777216 B)
IO     input  arg1_1                 torch [512, 1] -> device [1, 512, 64] in HBM = 32768 elems x 2B = 65536 B  (hbm counted: 65536 B) broadcast (loaded once)
IO   => HBM I/O total = 33619968 B  (lx 0 B, ~free)
MODEL -- estimate (turnaround): T = (R+W)/BW_PEAK + a*min(R,W) --
MODEL   R=16842752 B (read)   W=16777216 B (write)   loop_trip L=1
MODEL   base = (R+W)/150 = 224.13 us
MODEL   turn = a*min(R,W) = 0.00574*16777216 = 96.30 us
MODEL   => T_model = 317.17 us
MODEL FEATS [{"name":"add","is_reduction":false,"out_elems":8388608,"cores":32,"dtype_bytes":2,"args":[{"name":"op0","role":"output","mem":"hbm","elems":8388608,"broadcast":false,"dims":[256,512,64],"logical":[512,16384],"loop_factor":1},{"name":"arg0_1","role":"input","mem":"hbm","elems":8388608,"broadcast":false,"dims":[256,512,64],"logical":[512,16384],"loop_factor":1},{"name":"arg1_1","role":"input","mem":"hbm","elems":32768,"broadcast":true,"dims":[1,512,64],"logical":[512,1],"loop_factor":1}],"reduction_cores":1,"loop_trip":1,"tiles_output_dim":false,"tile_rows_per_core":0.0,"is_matmul":false,"matmul_macs":0,"matmul_rows_per_core":0.0,"matmul_cols_per_core":0.0,"matmul_a_bytes":0,"matmul_b_bytes":0,"matmul_m_split":1,"matmul_n_split":1,"hbm_pattern":""}]
TIMING op=bcastcol reps=7/7 prof_wall_s=0.27 per_rep_s=0.038
SUMMARY op=bcastcol rows=512 cols=16384 cores=32 tiles=0 lx=1 io_hbm_bytes=33619968 kernel_us=294.061 pred_us=317.170 err_pct=+7.9 bw_gbps=114.3 memset_us=264.873 other_dev_us=975.456 total_dev_us=1534.390 kernel_us_min=271.217 kernel_us_median=294.061 kernel_us_mean=294.364 kernel_us_std=15.061 kernel_us_cv=5.12 reps=7
TIMING_RUN bcastcol bcastcol R=512 C=16384 15s
-- write R=2048 C=16384
IO -- device-layout I/O (cost model, stick-padded) --
IO   op add
IO     output op0                    torch [2048, 16384] -> device [256, 2048, 64] in HBM = 33554432 elems x 2B = 67108864 B  (hbm counted: 67108864 B)
IO     input  arg0_1                 torch [1, 16384] -> device [256, 1, 64] in HBM = 16384 elems x 2B = 32768 B  (hbm counted: 32768 B) broadcast (loaded once)
IO     input  arg1_1                 torch [2048, 1] -> device [1, 2048, 64] in HBM = 131072 elems x 2B = 262144 B  (hbm counted: 262144 B) broadcast (loaded once)
IO   => HBM I/O total = 67403776 B  (lx 0 B, ~free)
MODEL -- estimate (turnaround): T = (R+W)/BW_PEAK + a*min(R,W) --
MODEL   R=294912 B (read)   W=67108864 B (write)   loop_trip L=1
MODEL   base = (R+W)/150 = 449.36 us
MODEL   turn = a*min(R,W) = 0.00574*294912 = 1.69 us
MODEL   => T_model = 1204.85 us
MODEL FEATS [{"name":"add","is_reduction":false,"out_elems":33554432,"cores":32,"dtype_bytes":2,"args":[{"name":"op0","role":"output","mem":"hbm","elems":33554432,"broadcast":false,"dims":[256,2048,64],"logical":[2048,16384],"loop_factor":1},{"name":"arg0_1","role":"input","mem":"hbm","elems":16384,"broadcast":true,"dims":[256,1,64],"logical":[1,16384],"loop_factor":1},{"name":"arg1_1","role":"input","mem":"hbm","elems":131072,"broadcast":true,"dims":[1,2048,64],"logical":[2048,1],"loop_factor":1}],"reduction_cores":1,"loop_trip":1,"tiles_output_dim":false,"tile_rows_per_core":0.0,"is_matmul":false,"matmul_macs":0,"matmul_rows_per_core":0.0,"matmul_cols_per_core":0.0,"matmul_a_bytes":0,"matmul_b_bytes":0,"matmul_m_split":1,"matmul_n_split":1,"hbm_pattern":""}]
TIMING op=write reps=7/7 prof_wall_s=1.15 per_rep_s=0.165
SUMMARY op=write rows=2048 cols=16384 cores=32 tiles=0 lx=1 io_hbm_bytes=67403776 kernel_us=1242.389 pred_us=1204.855 err_pct=-3.0 bw_gbps=54.3 memset_us=1074.743 other_dev_us=6207.247 total_dev_us=8524.379 kernel_us_min=1181.314 kernel_us_median=1242.389 kernel_us_mean=1264.824 kernel_us_std=71.689 kernel_us_cv=5.67 reps=7
TIMING_RUN write write R=2048 C=16384 20s
-- bcastcol R=2048 C=16384
IO -- device-layout I/O (cost model, stick-padded) --
IO   op add
IO     output op0                    torch [2048, 16384] -> device [256, 2048, 64] in HBM = 33554432 elems x 2B = 67108864 B  (hbm counted: 67108864 B)
IO     input  arg0_1                 torch [2048, 16384] -> device [256, 2048, 64] in HBM = 33554432 elems x 2B = 67108864 B  (hbm counted: 67108864 B)
IO     input  arg1_1                 torch [2048, 1] -> device [1, 2048, 64] in HBM = 131072 elems x 2B = 262144 B  (hbm counted: 262144 B) broadcast (loaded once)
IO   => HBM I/O total = 134479872 B  (lx 0 B, ~free)
MODEL -- estimate (turnaround): T = (R+W)/BW_PEAK + a*min(R,W) --
MODEL   R=67371008 B (read)   W=67108864 B (write)   loop_trip L=1
MODEL   base = (R+W)/150 = 896.53 us
MODEL   turn = a*min(R,W) = 0.00574*67108864 = 385.20 us
MODEL   => T_model = 1194.32 us
MODEL FEATS [{"name":"add","is_reduction":false,"out_elems":33554432,"cores":32,"dtype_bytes":2,"args":[{"name":"op0","role":"output","mem":"hbm","elems":33554432,"broadcast":false,"dims":[256,2048,64],"logical":[2048,16384],"loop_factor":1},{"name":"arg0_1","role":"input","mem":"hbm","elems":33554432,"broadcast":false,"dims":[256,2048,64],"logical":[2048,16384],"loop_factor":1},{"name":"arg1_1","role":"input","mem":"hbm","elems":131072,"broadcast":true,"dims":[1,2048,64],"logical":[2048,1],"loop_factor":1}],"reduction_cores":1,"loop_trip":1,"tiles_output_dim":false,"tile_rows_per_core":0.0,"is_matmul":false,"matmul_macs":0,"matmul_rows_per_core":0.0,"matmul_cols_per_core":0.0,"matmul_a_bytes":0,"matmul_b_bytes":0,"matmul_m_split":1,"matmul_n_split":1,"hbm_pattern":""}]
TIMING op=bcastcol reps=7/7 prof_wall_s=0.92 per_rep_s=0.132
SUMMARY op=bcastcol rows=2048 cols=16384 cores=32 tiles=0 lx=1 io_hbm_bytes=134479872 kernel_us=1143.492 pred_us=1194.315 err_pct=+4.4 bw_gbps=117.6 memset_us=1084.822 other_dev_us=6095.705 total_dev_us=8324.019 kernel_us_min=1138.438 kernel_us_median=1143.492 kernel_us_mean=1143.504 kernel_us_std=3.855 kernel_us_cv=0.34 reps=7
TIMING_RUN bcastcol bcastcol R=2048 C=16384 17s
-- write R=8192 C=4096
IO -- device-layout I/O (cost model, stick-padded) --
IO   op add
IO     output op0                    torch [8192, 4096] -> device [64, 8192, 64] in HBM = 33554432 elems x 2B = 67108864 B  (hbm counted: 67108864 B)
IO     input  arg0_1                 torch [1, 4096] -> device [64, 1, 64] in HBM = 4096 elems x 2B = 8192 B  (hbm counted: 8192 B) broadcast (loaded once)
IO     input  arg1_1                 torch [8192, 1] -> device [1, 8192, 64] in HBM = 524288 elems x 2B = 1048576 B  (hbm counted: 1048576 B) broadcast (loaded once)
IO   => HBM I/O total = 68165632 B  (lx 0 B, ~free)
MODEL -- estimate (turnaround): T = (R+W)/BW_PEAK + a*min(R,W) --
MODEL   R=1056768 B (read)   W=67108864 B (write)   loop_trip L=1
MODEL   base = (R+W)/150 = 454.44 us
MODEL   turn = a*min(R,W) = 0.00574*1056768 = 6.07 us
MODEL   => T_model = 692.51 us
MODEL FEATS [{"name":"add","is_reduction":false,"out_elems":33554432,"cores":32,"dtype_bytes":2,"args":[{"name":"op0","role":"output","mem":"hbm","elems":33554432,"broadcast":false,"dims":[64,8192,64],"logical":[8192,4096],"loop_factor":1},{"name":"arg0_1","role":"input","mem":"hbm","elems":4096,"broadcast":true,"dims":[64,1,64],"logical":[1,4096],"loop_factor":1},{"name":"arg1_1","role":"input","mem":"hbm","elems":524288,"broadcast":true,"dims":[1,8192,64],"logical":[8192,1],"loop_factor":1}],"reduction_cores":1,"loop_trip":1,"tiles_output_dim":false,"tile_rows_per_core":0.0,"is_matmul":false,"matmul_macs":0,"matmul_rows_per_core":0.0,"matmul_cols_per_core":0.0,"matmul_a_bytes":0,"matmul_b_bytes":0,"matmul_m_split":1,"matmul_n_split":1,"hbm_pattern":""}]
TIMING op=write reps=7/7 prof_wall_s=0.98 per_rep_s=0.140
SUMMARY op=write rows=8192 cols=4096 cores=32 tiles=0 lx=1 io_hbm_bytes=68165632 kernel_us=705.162 pred_us=692.514 err_pct=-1.8 bw_gbps=96.7 memset_us=1133.948 other_dev_us=5812.150 total_dev_us=7651.260 kernel_us_min=667.077 kernel_us_median=705.162 kernel_us_mean=696.302 kernel_us_std=20.696 kernel_us_cv=2.97 reps=7
TIMING_RUN write write R=8192 C=4096 17s
-- bcastcol R=8192 C=4096
IO -- device-layout I/O (cost model, stick-padded) --
IO   op add
IO     output op0                    torch [8192, 4096] -> device [64, 8192, 64] in HBM = 33554432 elems x 2B = 67108864 B  (hbm counted: 67108864 B)
IO     input  arg0_1                 torch [8192, 4096] -> device [64, 8192, 64] in HBM = 33554432 elems x 2B = 67108864 B  (hbm counted: 67108864 B)
IO     input  arg1_1                 torch [8192, 1] -> device [1, 8192, 64] in HBM = 524288 elems x 2B = 1048576 B  (hbm counted: 1048576 B) broadcast (loaded once)
IO   => HBM I/O total = 135266304 B  (lx 0 B, ~free)
MODEL -- estimate (turnaround): T = (R+W)/BW_PEAK + a*min(R,W) --
MODEL   R=68157440 B (read)   W=67108864 B (write)   loop_trip L=1
MODEL   base = (R+W)/150 = 901.78 us
MODEL   turn = a*min(R,W) = 0.00574*67108864 = 385.20 us
MODEL   => T_model = 1209.90 us
MODEL FEATS [{"name":"add","is_reduction":false,"out_elems":33554432,"cores":32,"dtype_bytes":2,"args":[{"name":"op0","role":"output","mem":"hbm","elems":33554432,"broadcast":false,"dims":[64,8192,64],"logical":[8192,4096],"loop_factor":1},{"name":"arg0_1","role":"input","mem":"hbm","elems":33554432,"broadcast":false,"dims":[64,8192,64],"logical":[8192,4096],"loop_factor":1},{"name":"arg1_1","role":"input","mem":"hbm","elems":524288,"broadcast":true,"dims":[1,8192,64],"logical":[8192,1],"loop_factor":1}],"reduction_cores":1,"loop_trip":1,"tiles_output_dim":false,"tile_rows_per_core":0.0,"is_matmul":false,"matmul_macs":0,"matmul_rows_per_core":0.0,"matmul_cols_per_core":0.0,"matmul_a_bytes":0,"matmul_b_bytes":0,"matmul_m_split":1,"matmul_n_split":1,"hbm_pattern":""}]
TIMING op=bcastcol reps=7/7 prof_wall_s=1.10 per_rep_s=0.157
SUMMARY op=bcastcol rows=8192 cols=4096 cores=32 tiles=0 lx=1 io_hbm_bytes=135266304 kernel_us=1222.613 pred_us=1209.895 err_pct=-1.0 bw_gbps=110.6 memset_us=1052.281 other_dev_us=6076.459 total_dev_us=8351.353 kernel_us_min=1209.785 kernel_us_median=1222.613 kernel_us_mean=1220.550 kernel_us_std=6.751 kernel_us_cv=0.55 reps=7
TIMING_RUN bcastcol bcastcol R=8192 C=4096 16s
-- write R=8192 C=16384
IO -- device-layout I/O (cost model, stick-padded) --
IO   op add
IO     output op0                    torch [8192, 16384] -> device [256, 8192, 64] in HBM = 134217728 elems x 2B = 268435456 B  (hbm counted: 268435456 B)
IO     input  arg0_1                 torch [1, 16384] -> device [256, 1, 64] in HBM = 16384 elems x 2B = 32768 B  (hbm counted: 32768 B) broadcast (loaded once)
IO     input  arg1_1                 torch [8192, 1] -> device [1, 8192, 64] in HBM = 524288 elems x 2B = 1048576 B  (hbm counted: 1048576 B) broadcast (loaded once)
IO   => HBM I/O total = 269516800 B  (lx 0 B, ~free)
MODEL -- estimate (turnaround): T = (R+W)/BW_PEAK + a*min(R,W) --
MODEL   R=1081344 B (read)   W=268435456 B (write)   loop_trip L=1
MODEL   base = (R+W)/150 = 1796.78 us
MODEL   turn = a*min(R,W) = 0.00574*1081344 = 6.21 us
MODEL   => T_model = 6097.95 us
MODEL FEATS [{"name":"add","is_reduction":false,"out_elems":134217728,"cores":32,"dtype_bytes":2,"args":[{"name":"op0","role":"output","mem":"hbm","elems":134217728,"broadcast":false,"dims":[256,8192,64],"logical":[8192,16384],"loop_factor":1},{"name":"arg0_1","role":"input","mem":"hbm","elems":16384,"broadcast":true,"dims":[256,1,64],"logical":[1,16384],"loop_factor":1},{"name":"arg1_1","role":"input","mem":"hbm","elems":524288,"broadcast":true,"dims":[1,8192,64],"logical":[8192,1],"loop_factor":1}],"reduction_cores":1,"loop_trip":1,"tiles_output_dim":false,"tile_rows_per_core":0.0,"is_matmul":false,"matmul_macs":0,"matmul_rows_per_core":0.0,"matmul_cols_per_core":0.0,"matmul_a_bytes":0,"matmul_b_bytes":0,"matmul_m_split":1,"matmul_n_split":1,"hbm_pattern":""}]
TIMING op=write reps=7/7 prof_wall_s=3.51 per_rep_s=0.501
SUMMARY op=write rows=8192 cols=16384 cores=32 tiles=0 lx=1 io_hbm_bytes=269516800 kernel_us=6063.256 pred_us=6097.953 err_pct=+0.6 bw_gbps=44.5 memset_us=5060.667 other_dev_us=38633.800 total_dev_us=49757.723 kernel_us_min=5970.584 kernel_us_median=6063.256 kernel_us_mean=6197.189 kernel_us_std=225.772 kernel_us_cv=3.64 reps=7
TIMING_RUN write write R=8192 C=16384 27s
-- bcastcol R=8192 C=16384
IO -- device-layout I/O (cost model, stick-padded) --
IO   op add
IO     output op0                    torch [8192, 16384] -> device [256, 8192, 64] in HBM = 134217728 elems x 2B = 268435456 B  (hbm counted: 268435456 B)
IO     input  arg0_1                 torch [8192, 16384] -> device [256, 8192, 64] in HBM = 134217728 elems x 2B = 268435456 B  (hbm counted: 268435456 B)
IO     input  arg1_1                 torch [8192, 1] -> device [1, 8192, 64] in HBM = 524288 elems x 2B = 1048576 B  (hbm counted: 1048576 B) broadcast (loaded once)
IO   => HBM I/O total = 537919488 B  (lx 0 B, ~free)
MODEL -- estimate (turnaround): T = (R+W)/BW_PEAK + a*min(R,W) --
MODEL   R=269484032 B (read)   W=268435456 B (write)   loop_trip L=1
MODEL   base = (R+W)/150 = 3586.13 us
MODEL   turn = a*min(R,W) = 0.00574*268435456 = 1540.82 us
MODEL   => T_model = 4971.53 us
MODEL FEATS [{"name":"add","is_reduction":false,"out_elems":134217728,"cores":32,"dtype_bytes":2,"args":[{"name":"op0","role":"output","mem":"hbm","elems":134217728,"broadcast":false,"dims":[256,8192,64],"logical":[8192,16384],"loop_factor":1},{"name":"arg0_1","role":"input","mem":"hbm","elems":134217728,"broadcast":false,"dims":[256,8192,64],"logical":[8192,16384],"loop_factor":1},{"name":"arg1_1","role":"input","mem":"hbm","elems":524288,"broadcast":true,"dims":[1,8192,64],"logical":[8192,1],"loop_factor":1}],"reduction_cores":1,"loop_trip":1,"tiles_output_dim":false,"tile_rows_per_core":0.0,"is_matmul":false,"matmul_macs":0,"matmul_rows_per_core":0.0,"matmul_cols_per_core":0.0,"matmul_a_bytes":0,"matmul_b_bytes":0,"matmul_m_split":1,"matmul_n_split":1,"hbm_pattern":""}]
TIMING op=bcastcol reps=7/7 prof_wall_s=3.32 per_rep_s=0.475
SUMMARY op=bcastcol rows=8192 cols=16384 cores=32 tiles=0 lx=1 io_hbm_bytes=537919488 kernel_us=4966.260 pred_us=4971.529 err_pct=+0.1 bw_gbps=108.3 memset_us=4850.720 other_dev_us=41685.627 total_dev_us=51502.607 kernel_us_min=4930.561 kernel_us_median=4966.260 kernel_us_mean=4966.554 kernel_us_std=20.589 kernel_us_cv=0.41 reps=7
TIMING_RUN bcastcol bcastcol R=8192 C=16384 25s
-- cat0 R=2048 C=16384
IO -- device-layout I/O (cost model, stick-padded) --
IO   op clone
IO     output op0                    torch [2, 2048, 16384] -> device [2048, 256, 2, 64] in HBM = 67108864 elems x 2B = 134217728 B  (hbm counted: 134217728 B)
IO     input  arg0_1                 torch [2048, 16384] -> device [256, 2048, 64] in HBM = 33554432 elems x 2B = 67108864 B  (hbm counted: 67108864 B) broadcast (loaded once)
IO   => HBM I/O total = 201326592 B  (lx 0 B, ~free)
MODEL -- estimate (turnaround): T = (R+W)/BW_PEAK + a*min(R,W) --
MODEL   R=67108864 B (read)   W=134217728 B (write)   loop_trip L=1
MODEL   base = (R+W)/150 = 1342.18 us
MODEL   turn = a*min(R,W) = 0.00574*67108864 = 385.20 us
MODEL   => T_model = 4575.60 us
MODEL FEATS [{"name":"clone","is_reduction":false,"out_elems":67108864,"cores":32,"dtype_bytes":2,"args":[{"name":"op0","role":"output","mem":"hbm","elems":67108864,"broadcast":false,"dims":[2048,256,2,64],"logical":[2,2048,16384],"loop_factor":1},{"name":"arg0_1","role":"input","mem":"hbm","elems":33554432,"broadcast":true,"dims":[256,2048,64],"logical":[2048,16384],"loop_factor":1}],"reduction_cores":1,"loop_trip":1,"tiles_output_dim":false,"tile_rows_per_core":0.0,"is_matmul":false,"matmul_macs":0,"matmul_rows_per_core":0.0,"matmul_cols_per_core":0.0,"matmul_a_bytes":0,"matmul_b_bytes":0,"matmul_m_split":1,"matmul_n_split":1,"hbm_pattern":"stick_scatter"}]
TIMING op=cat0 reps=7/7 prof_wall_s=1.53 per_rep_s=0.218
SUMMARY op=cat0 rows=2048 cols=16384 cores=32 tiles=0 lx=1 io_hbm_bytes=201326592 kernel_us=4602.137 pred_us=4575.604 err_pct=-0.6 bw_gbps=43.7 memset_us=2291.586 other_dev_us=17096.120 total_dev_us=23989.843 kernel_us_min=4563.829 kernel_us_median=4602.137 kernel_us_mean=4599.912 kernel_us_std=31.102 kernel_us_cv=0.68 reps=7
TIMING_RUN cat0 cat0 R=2048 C=16384 18s
-- cat1 R=2048 C=16384
IO -- device-layout I/O (cost model, stick-padded) --
IO   op clone
IO     output op0                    torch [2048, 2, 16384] -> device [2, 256, 2048, 64] in HBM = 67108864 elems x 2B = 134217728 B  (hbm counted: 134217728 B)
IO     input  arg0_1                 torch [2048, 16384] -> device [256, 2048, 64] in HBM = 33554432 elems x 2B = 67108864 B  (hbm counted: 67108864 B) broadcast (loaded once)
IO   => HBM I/O total = 201326592 B  (lx 0 B, ~free)
MODEL -- estimate (turnaround): T = (R+W)/BW_PEAK + a*min(R,W) --
MODEL   R=67108864 B (read)   W=134217728 B (write)   loop_trip L=1
MODEL   base = (R+W)/150 = 1342.18 us
MODEL   turn = a*min(R,W) = 0.00574*67108864 = 385.20 us
MODEL   => T_model = 1943.31 us
MODEL FEATS [{"name":"clone","is_reduction":false,"out_elems":67108864,"cores":32,"dtype_bytes":2,"args":[{"name":"op0","role":"output","mem":"hbm","elems":67108864,"broadcast":false,"dims":[2,256,2048,64],"logical":[2048,2,16384],"loop_factor":1},{"name":"arg0_1","role":"input","mem":"hbm","elems":33554432,"broadcast":true,"dims":[256,2048,64],"logical":[2048,16384],"loop_factor":1}],"reduction_cores":1,"loop_trip":1,"tiles_output_dim":false,"tile_rows_per_core":0.0,"is_matmul":false,"matmul_macs":0,"matmul_rows_per_core":0.0,"matmul_cols_per_core":0.0,"matmul_a_bytes":0,"matmul_b_bytes":0,"matmul_m_split":1,"matmul_n_split":1,"hbm_pattern":""}]
TIMING op=cat1 reps=7/7 prof_wall_s=1.73 per_rep_s=0.247
SUMMARY op=cat1 rows=2048 cols=16384 cores=32 tiles=0 lx=1 io_hbm_bytes=201326592 kernel_us=1909.254 pred_us=1943.307 err_pct=+1.8 bw_gbps=105.4 memset_us=2305.001 other_dev_us=16884.801 total_dev_us=21099.056 kernel_us_min=1891.602 kernel_us_median=1909.254 kernel_us_mean=1908.910 kernel_us_std=10.443 kernel_us_cv=0.55 reps=7
TIMING_RUN cat1 cat1 R=2048 C=16384 25s
-- mulbcast R=2048 C=16384
IO -- device-layout I/O (cost model, stick-padded) --
IO   op mul
IO     output op0                    torch [2048, 16384] -> device [256, 2048, 64] in HBM = 33554432 elems x 2B = 67108864 B  (hbm counted: 67108864 B)
IO     input  arg0_1                 torch [2048, 16384] -> device [256, 2048, 64] in HBM = 33554432 elems x 2B = 67108864 B  (hbm counted: 67108864 B)
IO     input  arg1_1                 torch [1, 16384] -> device [256, 1, 64] in HBM = 16384 elems x 2B = 32768 B  (hbm counted: 32768 B) broadcast (loaded once)
IO   => HBM I/O total = 134250496 B  (lx 0 B, ~free)
MODEL -- estimate (turnaround): T = (R+W)/BW_PEAK + a*min(R,W) --
MODEL   R=67141632 B (read)   W=67108864 B (write)   loop_trip L=1
MODEL   base = (R+W)/150 = 895.00 us
MODEL   turn = a*min(R,W) = 0.00574*67108864 = 385.20 us
MODEL   => T_model = 1160.33 us
MODEL FEATS [{"name":"mul","is_reduction":false,"out_elems":33554432,"cores":32,"dtype_bytes":2,"args":[{"name":"op0","role":"output","mem":"hbm","elems":33554432,"broadcast":false,"dims":[256,2048,64],"logical":[2048,16384],"loop_factor":1},{"name":"arg0_1","role":"input","mem":"hbm","elems":33554432,"broadcast":false,"dims":[256,2048,64],"logical":[2048,16384],"loop_factor":1},{"name":"arg1_1","role":"input","mem":"hbm","elems":16384,"broadcast":true,"dims":[256,1,64],"logical":[1,16384],"loop_factor":1}],"reduction_cores":1,"loop_trip":1,"tiles_output_dim":false,"tile_rows_per_core":0.0,"is_matmul":false,"matmul_macs":0,"matmul_rows_per_core":0.0,"matmul_cols_per_core":0.0,"matmul_a_bytes":0,"matmul_b_bytes":0,"matmul_m_split":1,"matmul_n_split":1,"hbm_pattern":""}]
TIMING op=mulbcast reps=7/7 prof_wall_s=0.98 per_rep_s=0.140
SUMMARY op=mulbcast rows=2048 cols=16384 cores=32 tiles=0 lx=1 io_hbm_bytes=134250496 kernel_us=1152.305 pred_us=1160.333 err_pct=+0.7 bw_gbps=116.5 memset_us=1048.024 other_dev_us=6201.032 total_dev_us=8401.361 kernel_us_min=1148.095 kernel_us_median=1152.305 kernel_us_mean=1153.811 kernel_us_std=3.717 kernel_us_cv=0.32 reps=7
TIMING_RUN mulbcast mulbcast R=2048 C=16384 18s
-- cat0 R=8192 C=8192
IO -- device-layout I/O (cost model, stick-padded) --
IO   op clone
IO     output op0                    torch [2, 8192, 8192] -> device [8192, 128, 2, 64] in HBM = 134217728 elems x 2B = 268435456 B  (hbm counted: 268435456 B)
IO     input  arg0_1                 torch [8192, 8192] -> device [128, 8192, 64] in HBM = 67108864 elems x 2B = 134217728 B  (hbm counted: 134217728 B) broadcast (loaded once)
IO   => HBM I/O total = 402653184 B  (lx 0 B, ~free)
MODEL -- estimate (turnaround): T = (R+W)/BW_PEAK + a*min(R,W) --
MODEL   R=134217728 B (read)   W=268435456 B (write)   loop_trip L=1
MODEL   base = (R+W)/150 = 2684.35 us
MODEL   turn = a*min(R,W) = 0.00574*134217728 = 770.41 us
MODEL   => T_model = 8830.11 us
MODEL FEATS [{"name":"clone","is_reduction":false,"out_elems":134217728,"cores":32,"dtype_bytes":2,"args":[{"name":"op0","role":"output","mem":"hbm","elems":134217728,"broadcast":false,"dims":[8192,128,2,64],"logical":[2,8192,8192],"loop_factor":1},{"name":"arg0_1","role":"input","mem":"hbm","elems":67108864,"broadcast":true,"dims":[128,8192,64],"logical":[8192,8192],"loop_factor":1}],"reduction_cores":1,"loop_trip":1,"tiles_output_dim":false,"tile_rows_per_core":0.0,"is_matmul":false,"matmul_macs":0,"matmul_rows_per_core":0.0,"matmul_cols_per_core":0.0,"matmul_a_bytes":0,"matmul_b_bytes":0,"matmul_m_split":1,"matmul_n_split":1,"hbm_pattern":"stick_scatter"}]
TIMING op=cat0 reps=7/7 prof_wall_s=2.92 per_rep_s=0.417
SUMMARY op=cat0 rows=8192 cols=8192 cores=32 tiles=0 lx=1 io_hbm_bytes=402653184 kernel_us=8225.105 pred_us=8830.114 err_pct=+7.4 bw_gbps=49.0 memset_us=4781.799 other_dev_us=41259.863 total_dev_us=54266.767 kernel_us_min=8183.899 kernel_us_median=8225.105 kernel_us_mean=8231.146 kernel_us_std=25.796 kernel_us_cv=0.31 reps=7
TIMING_RUN cat0 cat0 R=8192 C=8192 21s
-- cat1 R=8192 C=8192
IO -- device-layout I/O (cost model, stick-padded) --
IO   op clone
IO     output op0                    torch [8192, 2, 8192] -> device [2, 128, 8192, 64] in HBM = 134217728 elems x 2B = 268435456 B  (hbm counted: 268435456 B)
IO     input  arg0_1                 torch [8192, 8192] -> device [128, 8192, 64] in HBM = 67108864 elems x 2B = 134217728 B  (hbm counted: 134217728 B) broadcast (loaded once)
IO   => HBM I/O total = 402653184 B  (lx 0 B, ~free)
MODEL -- estimate (turnaround): T = (R+W)/BW_PEAK + a*min(R,W) --
MODEL   R=134217728 B (read)   W=268435456 B (write)   loop_trip L=1
MODEL   base = (R+W)/150 = 2684.35 us
MODEL   turn = a*min(R,W) = 0.00574*134217728 = 770.41 us
MODEL   => T_model = 3856.83 us
MODEL FEATS [{"name":"clone","is_reduction":false,"out_elems":134217728,"cores":32,"dtype_bytes":2,"args":[{"name":"op0","role":"output","mem":"hbm","elems":134217728,"broadcast":false,"dims":[2,128,8192,64],"logical":[8192,2,8192],"loop_factor":1},{"name":"arg0_1","role":"input","mem":"hbm","elems":67108864,"broadcast":true,"dims":[128,8192,64],"logical":[8192,8192],"loop_factor":1}],"reduction_cores":1,"loop_trip":1,"tiles_output_dim":false,"tile_rows_per_core":0.0,"is_matmul":false,"matmul_macs":0,"matmul_rows_per_core":0.0,"matmul_cols_per_core":0.0,"matmul_a_bytes":0,"matmul_b_bytes":0,"matmul_m_split":1,"matmul_n_split":1,"hbm_pattern":""}]
TIMING op=cat1 reps=7/7 prof_wall_s=3.58 per_rep_s=0.512
SUMMARY op=cat1 rows=8192 cols=8192 cores=32 tiles=0 lx=1 io_hbm_bytes=402653184 kernel_us=3838.419 pred_us=3856.831 err_pct=+0.5 bw_gbps=104.9 memset_us=4854.033 other_dev_us=40733.322 total_dev_us=49425.774 kernel_us_min=3819.091 kernel_us_median=3838.419 kernel_us_mean=3839.983 kernel_us_std=12.275 kernel_us_cv=0.32 reps=7
TIMING_RUN cat1 cat1 R=8192 C=8192 24s
-- mulbcast R=8192 C=8192
IO -- device-layout I/O (cost model, stick-padded) --
IO   op mul
IO     output op0                    torch [8192, 8192] -> device [128, 8192, 64] in HBM = 67108864 elems x 2B = 134217728 B  (hbm counted: 134217728 B)
IO     input  arg0_1                 torch [8192, 8192] -> device [128, 8192, 64] in HBM = 67108864 elems x 2B = 134217728 B  (hbm counted: 134217728 B)
IO     input  arg1_1                 torch [1, 8192] -> device [128, 1, 64] in HBM = 8192 elems x 2B = 16384 B  (hbm counted: 16384 B) broadcast (loaded once)
IO   => HBM I/O total = 268451840 B  (lx 0 B, ~free)
MODEL -- estimate (turnaround): T = (R+W)/BW_PEAK + a*min(R,W) --
MODEL   R=134234112 B (read)   W=134217728 B (write)   loop_trip L=1
MODEL   base = (R+W)/150 = 1789.68 us
MODEL   turn = a*min(R,W) = 0.00574*134217728 = 770.41 us
MODEL   => T_model = 2369.39 us
MODEL FEATS [{"name":"mul","is_reduction":false,"out_elems":67108864,"cores":32,"dtype_bytes":2,"args":[{"name":"op0","role":"output","mem":"hbm","elems":67108864,"broadcast":false,"dims":[128,8192,64],"logical":[8192,8192],"loop_factor":1},{"name":"arg0_1","role":"input","mem":"hbm","elems":67108864,"broadcast":false,"dims":[128,8192,64],"logical":[8192,8192],"loop_factor":1},{"name":"arg1_1","role":"input","mem":"hbm","elems":8192,"broadcast":true,"dims":[128,1,64],"logical":[1,8192],"loop_factor":1}],"reduction_cores":1,"loop_trip":1,"tiles_output_dim":false,"tile_rows_per_core":0.0,"is_matmul":false,"matmul_macs":0,"matmul_rows_per_core":0.0,"matmul_cols_per_core":0.0,"matmul_a_bytes":0,"matmul_b_bytes":0,"matmul_m_split":1,"matmul_n_split":1,"hbm_pattern":""}]
TIMING op=mulbcast reps=7/7 prof_wall_s=1.68 per_rep_s=0.240
SUMMARY op=mulbcast rows=8192 cols=8192 cores=32 tiles=0 lx=1 io_hbm_bytes=268451840 kernel_us=2361.241 pred_us=2369.390 err_pct=+0.3 bw_gbps=113.7 memset_us=2314.132 other_dev_us=16647.910 total_dev_us=21323.283 kernel_us_min=2353.650 kernel_us_median=2361.241 kernel_us_mean=2362.815 kernel_us_std=8.843 kernel_us_cv=0.37 reps=7
TIMING_RUN mulbcast mulbcast R=8192 C=8192 19s
-- cat0 R=16384 C=2048
IO -- device-layout I/O (cost model, stick-padded) --
IO   op clone
IO     output op0                    torch [2, 16384, 2048] -> device [16384, 32, 2, 64] in HBM = 67108864 elems x 2B = 134217728 B  (hbm counted: 134217728 B)
IO     input  arg0_1                 torch [16384, 2048] -> device [32, 16384, 64] in HBM = 33554432 elems x 2B = 67108864 B  (hbm counted: 67108864 B) broadcast (loaded once)
IO   => HBM I/O total = 201326592 B  (lx 0 B, ~free)
MODEL -- estimate (turnaround): T = (R+W)/BW_PEAK + a*min(R,W) --
MODEL   R=67108864 B (read)   W=134217728 B (write)   loop_trip L=1
MODEL   base = (R+W)/150 = 1342.18 us
MODEL   turn = a*min(R,W) = 0.00574*67108864 = 385.20 us
MODEL   => T_model = 3226.39 us
MODEL FEATS [{"name":"clone","is_reduction":false,"out_elems":67108864,"cores":32,"dtype_bytes":2,"args":[{"name":"op0","role":"output","mem":"hbm","elems":67108864,"broadcast":false,"dims":[16384,32,2,64],"logical":[2,16384,2048],"loop_factor":1},{"name":"arg0_1","role":"input","mem":"hbm","elems":33554432,"broadcast":true,"dims":[32,16384,64],"logical":[16384,2048],"loop_factor":1}],"reduction_cores":1,"loop_trip":1,"tiles_output_dim":false,"tile_rows_per_core":0.0,"is_matmul":false,"matmul_macs":0,"matmul_rows_per_core":0.0,"matmul_cols_per_core":0.0,"matmul_a_bytes":0,"matmul_b_bytes":0,"matmul_m_split":1,"matmul_n_split":1,"hbm_pattern":"stick_scatter"}]
TIMING op=cat0 reps=7/7 prof_wall_s=1.52 per_rep_s=0.217
SUMMARY op=cat0 rows=16384 cols=2048 cores=32 tiles=0 lx=1 io_hbm_bytes=201326592 kernel_us=3487.263 pred_us=3226.388 err_pct=-7.5 bw_gbps=57.7 memset_us=2280.917 other_dev_us=17434.860 total_dev_us=23203.040 kernel_us_min=3464.897 kernel_us_median=3487.263 kernel_us_mean=3515.244 kernel_us_std=48.762 kernel_us_cv=1.39 reps=7
TIMING_RUN cat0 cat0 R=16384 C=2048 17s
-- cat1 R=16384 C=2048
IO -- device-layout I/O (cost model, stick-padded) --
IO   op clone
IO     output op0                    torch [16384, 2, 2048] -> device [2, 32, 16384, 64] in HBM = 67108864 elems x 2B = 134217728 B  (hbm counted: 134217728 B)
IO     input  arg0_1                 torch [16384, 2048] -> device [32, 16384, 64] in HBM = 33554432 elems x 2B = 67108864 B  (hbm counted: 67108864 B) broadcast (loaded once)
IO   => HBM I/O total = 201326592 B  (lx 0 B, ~free)
MODEL -- estimate (turnaround): T = (R+W)/BW_PEAK + a*min(R,W) --
MODEL   R=67108864 B (read)   W=134217728 B (write)   loop_trip L=1
MODEL   base = (R+W)/150 = 1342.18 us
MODEL   turn = a*min(R,W) = 0.00574*67108864 = 385.20 us
MODEL   => T_model = 1899.31 us
MODEL FEATS [{"name":"clone","is_reduction":false,"out_elems":67108864,"cores":32,"dtype_bytes":2,"args":[{"name":"op0","role":"output","mem":"hbm","elems":67108864,"broadcast":false,"dims":[2,32,16384,64],"logical":[16384,2,2048],"loop_factor":1},{"name":"arg0_1","role":"input","mem":"hbm","elems":33554432,"broadcast":true,"dims":[32,16384,64],"logical":[16384,2048],"loop_factor":1}],"reduction_cores":1,"loop_trip":1,"tiles_output_dim":false,"tile_rows_per_core":0.0,"is_matmul":false,"matmul_macs":0,"matmul_rows_per_core":0.0,"matmul_cols_per_core":0.0,"matmul_a_bytes":0,"matmul_b_bytes":0,"matmul_m_split":1,"matmul_n_split":1,"hbm_pattern":""}]
TIMING op=cat1 reps=7/7 prof_wall_s=1.76 per_rep_s=0.251
SUMMARY op=cat1 rows=16384 cols=2048 cores=32 tiles=0 lx=1 io_hbm_bytes=201326592 kernel_us=1960.210 pred_us=1899.307 err_pct=-3.1 bw_gbps=102.7 memset_us=2286.980 other_dev_us=16981.558 total_dev_us=21228.748 kernel_us_min=1955.007 kernel_us_median=1960.210 kernel_us_mean=1966.137 kernel_us_std=11.031 kernel_us_cv=0.56 reps=7
TIMING_RUN cat1 cat1 R=16384 C=2048 17s
-- mulbcast R=16384 C=2048
IO -- device-layout I/O (cost model, stick-padded) --
IO   op mul
IO     output op0                    torch [16384, 2048] -> device [32, 16384, 64] in HBM = 33554432 elems x 2B = 67108864 B  (hbm counted: 67108864 B)
IO     input  arg0_1                 torch [16384, 2048] -> device [32, 16384, 64] in HBM = 33554432 elems x 2B = 67108864 B  (hbm counted: 67108864 B)
IO     input  arg1_1                 torch [1, 2048] -> device [32, 1, 64] in HBM = 2048 elems x 2B = 4096 B  (hbm counted: 4096 B) broadcast (loaded once)
IO   => HBM I/O total = 134221824 B  (lx 0 B, ~free)
MODEL -- estimate (turnaround): T = (R+W)/BW_PEAK + a*min(R,W) --
MODEL   R=67112960 B (read)   W=67108864 B (write)   loop_trip L=1
MODEL   base = (R+W)/150 = 894.81 us
MODEL   turn = a*min(R,W) = 0.00574*67108864 = 385.20 us
MODEL   => T_model = 1154.10 us
MODEL FEATS [{"name":"mul","is_reduction":false,"out_elems":33554432,"cores":32,"dtype_bytes":2,"args":[{"name":"op0","role":"output","mem":"hbm","elems":33554432,"broadcast":false,"dims":[32,16384,64],"logical":[16384,2048],"loop_factor":1},{"name":"arg0_1","role":"input","mem":"hbm","elems":33554432,"broadcast":false,"dims":[32,16384,64],"logical":[16384,2048],"loop_factor":1},{"name":"arg1_1","role":"input","mem":"hbm","elems":2048,"broadcast":true,"dims":[32,1,64],"logical":[1,2048],"loop_factor":1}],"reduction_cores":1,"loop_trip":1,"tiles_output_dim":false,"tile_rows_per_core":0.0,"is_matmul":false,"matmul_macs":0,"matmul_rows_per_core":0.0,"matmul_cols_per_core":0.0,"matmul_a_bytes":0,"matmul_b_bytes":0,"matmul_m_split":1,"matmul_n_split":1,"hbm_pattern":""}]
TIMING op=mulbcast reps=7/7 prof_wall_s=1.03 per_rep_s=0.148
SUMMARY op=mulbcast rows=16384 cols=2048 cores=32 tiles=0 lx=1 io_hbm_bytes=134221824 kernel_us=1180.074 pred_us=1154.100 err_pct=-2.2 bw_gbps=113.7 memset_us=1021.298 other_dev_us=6532.552 total_dev_us=8733.924 kernel_us_min=1176.957 kernel_us_median=1180.074 kernel_us_mean=1182.829 kernel_us_std=5.495 kernel_us_cv=0.46 reps=7
TIMING_RUN mulbcast mulbcast R=16384 C=2048 18s
## TAILS DONE in 750s
## BMMFULL -- cat 4: layout quads x B, 3d2d rate, B=2 corner, bmm vs cores (08:02:03)
-- bmm_layout B=2 1024x2048x1024 A=0,1,2 B=0,1,2
IO -- device-layout I/O (cost model, stick-padded) --
IO   op bmm [reduction]
IO     output op0                    torch [2, 1024, 1024] -> device [1024, 16, 2, 64] in HBM = 2097152 elems x 2B = 4194304 B  (hbm counted: 4194304 B)
IO     input  arg0_1                 torch [2, 1024, 2048] -> device [1024, 32, 2, 64] in HBM = 4194304 elems x 2B = 8388608 B  (hbm counted: 8388608 B)
IO     input  arg1_1                 torch [2, 2048, 1024] -> device [2048, 16, 2, 64] in HBM = 4194304 elems x 2B = 8388608 B  (hbm counted: 8388608 B)
IO   => HBM I/O total = 20971520 B  (lx 0 B, ~free)
MODEL -- estimate (turnaround): T = compute + (R+W)/BW_PEAK + a*min(R,W) --
MODEL   R=16777216 B (read)   W=4194304 B (write)   loop_trip L=1
MODEL   compute = MACs/cores/(mac_peak*pt_eff) = 4294967296/32/(1140*1.000) = 117.73 us  (M/m=256, pt_eff=1.000)
MODEL   base = R/150+W/150 = 139.81 us
MODEL   turn = a*min(R,W) = 0.00574*4194304 = 24.08 us
MODEL   => T_model = 227.46 us
MODEL FEATS [{"name":"bmm","is_reduction":true,"out_elems":2097152,"cores":32,"dtype_bytes":2,"args":[{"name":"op0","role":"output","mem":"hbm","elems":2097152,"broadcast":false,"dims":[1024,16,2,64],"logical":[2,1024,1024],"loop_factor":1},{"name":"arg0_1","role":"input","mem":"hbm","elems":4194304,"broadcast":false,"dims":[1024,32,2,64],"logical":[2,1024,2048],"loop_factor":1},{"name":"arg1_1","role":"input","mem":"hbm","elems":4194304,"broadcast":false,"dims":[2048,16,2,64],"logical":[2,2048,1024],"loop_factor":1}],"reduction_cores":1,"loop_trip":1,"tiles_output_dim":false,"tile_rows_per_core":0.0,"is_matmul":true,"matmul_macs":4294967296,"matmul_rows_per_core":256.0,"matmul_cols_per_core":128.0,"matmul_a_bytes":4194304,"matmul_b_bytes":4194304,"matmul_m_split":4,"matmul_n_split":8,"hbm_pattern":""}]
TIMING op=bmm_layout reps=7/7 prof_wall_s=9.04 per_rep_s=1.292
SUMMARY op=bmm_layout rows=1024 cols=2048 cores=32 tiles=0 lx=1 io_hbm_bytes=20971520 kernel_us=467.304 pred_us=227.462 err_pct=-51.3 bw_gbps=44.9 memset_us=201.389 other_dev_us=184.231 total_dev_us=852.924 kernel_us_min=465.596 kernel_us_median=467.304 kernel_us_mean=467.318 kernel_us_std=1.263 kernel_us_cv=0.27 reps=7
TIMING_RUN bmm_layout bmm_layout B=2 1024x2048x1024 A=0,1,2 B=0,1,2 28s
-- bmm_layout B=2 1024x2048x1024 A=1,0,2 B=1,0,2
IO -- device-layout I/O (cost model, stick-padded) --
IO   op bmm [reduction]
IO     output op0                    torch [2, 1024, 1024] -> device [1024, 16, 2, 64] in HBM = 2097152 elems x 2B = 4194304 B  (hbm counted: 4194304 B)
IO     input  arg0_1                 torch [2, 1024, 2048] -> device [2, 32, 1024, 64] in HBM = 4194304 elems x 2B = 8388608 B  (hbm counted: 8388608 B)
IO     input  arg1_1                 torch [2, 2048, 1024] -> device [2, 16, 2048, 64] in HBM = 4194304 elems x 2B = 8388608 B  (hbm counted: 8388608 B)
IO   => HBM I/O total = 20971520 B  (lx 0 B, ~free)
MODEL -- estimate (turnaround): T = compute + (R+W)/BW_PEAK + a*min(R,W) --
MODEL   R=16777216 B (read)   W=4194304 B (write)   loop_trip L=1
MODEL   compute = MACs/cores/(mac_peak*pt_eff) = 4294967296/32/(1140*1.000) = 117.73 us  (M/m=256, pt_eff=1.000)
MODEL   base = R/150+W/150 = 139.81 us
MODEL   turn = a*min(R,W) = 0.00574*4194304 = 24.08 us
MODEL   => T_model = 227.46 us
MODEL FEATS [{"name":"bmm","is_reduction":true,"out_elems":2097152,"cores":32,"dtype_bytes":2,"args":[{"name":"op0","role":"output","mem":"hbm","elems":2097152,"broadcast":false,"dims":[1024,16,2,64],"logical":[2,1024,1024],"loop_factor":1},{"name":"arg0_1","role":"input","mem":"hbm","elems":4194304,"broadcast":false,"dims":[2,32,1024,64],"logical":[2,1024,2048],"loop_factor":1},{"name":"arg1_1","role":"input","mem":"hbm","elems":4194304,"broadcast":false,"dims":[2,16,2048,64],"logical":[2,2048,1024],"loop_factor":1}],"reduction_cores":1,"loop_trip":1,"tiles_output_dim":false,"tile_rows_per_core":0.0,"is_matmul":true,"matmul_macs":4294967296,"matmul_rows_per_core":256.0,"matmul_cols_per_core":128.0,"matmul_a_bytes":4194304,"matmul_b_bytes":4194304,"matmul_m_split":4,"matmul_n_split":8,"hbm_pattern":""}]
TIMING op=bmm_layout reps=7/7 prof_wall_s=11.97 per_rep_s=1.710
SUMMARY op=bmm_layout rows=1024 cols=2048 cores=32 tiles=0 lx=1 io_hbm_bytes=20971520 kernel_us=215.969 pred_us=227.462 err_pct=+5.3 bw_gbps=97.1 memset_us=158.208 other_dev_us=267.865 total_dev_us=642.042 kernel_us_min=213.861 kernel_us_median=215.969 kernel_us_mean=215.988 kernel_us_std=1.466 kernel_us_cv=0.68 reps=7
TIMING_RUN bmm_layout bmm_layout B=2 1024x2048x1024 A=1,0,2 B=1,0,2 35s
-- bmm_layout B=2 1024x2048x1024 A=0,1,2 B=1,0,2
IO -- device-layout I/O (cost model, stick-padded) --
IO   op bmm [reduction]
IO     output op0                    torch [2, 1024, 1024] -> device [1024, 16, 2, 64] in HBM = 2097152 elems x 2B = 4194304 B  (hbm counted: 4194304 B)
IO     input  arg0_1                 torch [2, 1024, 2048] -> device [1024, 32, 2, 64] in HBM = 4194304 elems x 2B = 8388608 B  (hbm counted: 8388608 B)
IO     input  arg1_1                 torch [2, 2048, 1024] -> device [2, 16, 2048, 64] in HBM = 4194304 elems x 2B = 8388608 B  (hbm counted: 8388608 B)
IO   => HBM I/O total = 20971520 B  (lx 0 B, ~free)
MODEL -- estimate (turnaround): T = compute + (R+W)/BW_PEAK + a*min(R,W) --
MODEL   R=16777216 B (read)   W=4194304 B (write)   loop_trip L=1
MODEL   compute = MACs/cores/(mac_peak*pt_eff) = 4294967296/32/(1140*1.000) = 117.73 us  (M/m=256, pt_eff=1.000)
MODEL   base = R/150+W/150 = 139.81 us
MODEL   turn = a*min(R,W) = 0.00574*4194304 = 24.08 us
MODEL   => T_model = 227.46 us
MODEL FEATS [{"name":"bmm","is_reduction":true,"out_elems":2097152,"cores":32,"dtype_bytes":2,"args":[{"name":"op0","role":"output","mem":"hbm","elems":2097152,"broadcast":false,"dims":[1024,16,2,64],"logical":[2,1024,1024],"loop_factor":1},{"name":"arg0_1","role":"input","mem":"hbm","elems":4194304,"broadcast":false,"dims":[1024,32,2,64],"logical":[2,1024,2048],"loop_factor":1},{"name":"arg1_1","role":"input","mem":"hbm","elems":4194304,"broadcast":false,"dims":[2,16,2048,64],"logical":[2,2048,1024],"loop_factor":1}],"reduction_cores":1,"loop_trip":1,"tiles_output_dim":false,"tile_rows_per_core":0.0,"is_matmul":true,"matmul_macs":4294967296,"matmul_rows_per_core":256.0,"matmul_cols_per_core":128.0,"matmul_a_bytes":4194304,"matmul_b_bytes":4194304,"matmul_m_split":4,"matmul_n_split":8,"hbm_pattern":""}]
TIMING op=bmm_layout reps=7/7 prof_wall_s=10.27 per_rep_s=1.467
SUMMARY op=bmm_layout rows=1024 cols=2048 cores=32 tiles=0 lx=1 io_hbm_bytes=20971520 kernel_us=377.430 pred_us=227.462 err_pct=-39.7 bw_gbps=55.6 memset_us=170.431 other_dev_us=171.236 total_dev_us=719.097 kernel_us_min=373.278 kernel_us_median=377.430 kernel_us_mean=377.769 kernel_us_std=2.682 kernel_us_cv=0.71 reps=7
TIMING_RUN bmm_layout bmm_layout B=2 1024x2048x1024 A=0,1,2 B=1,0,2 34s
-- bmm_layout B=2 1024x2048x1024 A=1,0,2 B=0,1,2
IO -- device-layout I/O (cost model, stick-padded) --
IO   op bmm [reduction]
IO     output op0                    torch [2, 1024, 1024] -> device [1024, 16, 2, 64] in HBM = 2097152 elems x 2B = 4194304 B  (hbm counted: 4194304 B)
IO     input  arg0_1                 torch [2, 1024, 2048] -> device [2, 32, 1024, 64] in HBM = 4194304 elems x 2B = 8388608 B  (hbm counted: 8388608 B)
IO     input  arg1_1                 torch [2, 2048, 1024] -> device [2048, 16, 2, 64] in HBM = 4194304 elems x 2B = 8388608 B  (hbm counted: 8388608 B)
IO   => HBM I/O total = 20971520 B  (lx 0 B, ~free)
MODEL -- estimate (turnaround): T = compute + (R+W)/BW_PEAK + a*min(R,W) --
MODEL   R=16777216 B (read)   W=4194304 B (write)   loop_trip L=1
MODEL   compute = MACs/cores/(mac_peak*pt_eff) = 4294967296/32/(1140*1.000) = 117.73 us  (M/m=256, pt_eff=1.000)
MODEL   base = R/150+W/150 = 139.81 us
MODEL   turn = a*min(R,W) = 0.00574*4194304 = 24.08 us
MODEL   => T_model = 227.46 us
MODEL FEATS [{"name":"bmm","is_reduction":true,"out_elems":2097152,"cores":32,"dtype_bytes":2,"args":[{"name":"op0","role":"output","mem":"hbm","elems":2097152,"broadcast":false,"dims":[1024,16,2,64],"logical":[2,1024,1024],"loop_factor":1},{"name":"arg0_1","role":"input","mem":"hbm","elems":4194304,"broadcast":false,"dims":[2,32,1024,64],"logical":[2,1024,2048],"loop_factor":1},{"name":"arg1_1","role":"input","mem":"hbm","elems":4194304,"broadcast":false,"dims":[2048,16,2,64],"logical":[2,2048,1024],"loop_factor":1}],"reduction_cores":1,"loop_trip":1,"tiles_output_dim":false,"tile_rows_per_core":0.0,"is_matmul":true,"matmul_macs":4294967296,"matmul_rows_per_core":256.0,"matmul_cols_per_core":128.0,"matmul_a_bytes":4194304,"matmul_b_bytes":4194304,"matmul_m_split":4,"matmul_n_split":8,"hbm_pattern":""}]
TIMING op=bmm_layout reps=7/7 prof_wall_s=10.35 per_rep_s=1.478
SUMMARY op=bmm_layout rows=1024 cols=2048 cores=32 tiles=0 lx=1 io_hbm_bytes=20971520 kernel_us=305.542 pred_us=227.462 err_pct=-25.6 bw_gbps=68.6 memset_us=162.909 other_dev_us=343.559 total_dev_us=812.010 kernel_us_min=302.020 kernel_us_median=305.542 kernel_us_mean=304.422 kernel_us_std=1.447 kernel_us_cv=0.48 reps=7
TIMING_RUN bmm_layout bmm_layout B=2 1024x2048x1024 A=1,0,2 B=0,1,2 30s
-- bmm_layout B=2 2048x2048x1024 A=0,1,2 B=0,1,2
IO -- device-layout I/O (cost model, stick-padded) --
IO   op bmm [reduction]
IO     output op0                    torch [2, 2048, 1024] -> device [2048, 16, 2, 64] in HBM = 4194304 elems x 2B = 8388608 B  (hbm counted: 8388608 B)
IO     input  arg0_1                 torch [2, 2048, 2048] -> device [2048, 32, 2, 64] in HBM = 8388608 elems x 2B = 16777216 B  (hbm counted: 16777216 B)
IO     input  arg1_1                 torch [2, 2048, 1024] -> device [2048, 16, 2, 64] in HBM = 4194304 elems x 2B = 8388608 B  (hbm counted: 8388608 B)
IO   => HBM I/O total = 33554432 B  (lx 0 B, ~free)
MODEL -- estimate (turnaround): T = compute + (R+W)/BW_PEAK + a*min(R,W) --
MODEL   R=25165824 B (read)   W=8388608 B (write)   loop_trip L=1
MODEL   compute = MACs/cores/(mac_peak*pt_eff) = 8589934592/32/(1140*1.000) = 235.47 us  (M/m=512, pt_eff=1.000)
MODEL   base = R/150+W/150 = 223.70 us
MODEL   turn = a*min(R,W) = 0.00574*8388608 = 48.15 us
MODEL   => T_model = 399.00 us
MODEL FEATS [{"name":"bmm","is_reduction":true,"out_elems":4194304,"cores":32,"dtype_bytes":2,"args":[{"name":"op0","role":"output","mem":"hbm","elems":4194304,"broadcast":false,"dims":[2048,16,2,64],"logical":[2,2048,1024],"loop_factor":1},{"name":"arg0_1","role":"input","mem":"hbm","elems":8388608,"broadcast":false,"dims":[2048,32,2,64],"logical":[2,2048,2048],"loop_factor":1},{"name":"arg1_1","role":"input","mem":"hbm","elems":4194304,"broadcast":false,"dims":[2048,16,2,64],"logical":[2,2048,1024],"loop_factor":1}],"reduction_cores":1,"loop_trip":1,"tiles_output_dim":false,"tile_rows_per_core":0.0,"is_matmul":true,"matmul_macs":8589934592,"matmul_rows_per_core":512.0,"matmul_cols_per_core":128.0,"matmul_a_bytes":8388608,"matmul_b_bytes":4194304,"matmul_m_split":4,"matmul_n_split":8,"hbm_pattern":""}]
TIMING op=bmm_layout reps=7/7 prof_wall_s=9.10 per_rep_s=1.300
SUMMARY op=bmm_layout rows=2048 cols=2048 cores=32 tiles=0 lx=1 io_hbm_bytes=33554432 kernel_us=932.385 pred_us=399.000 err_pct=-57.2 bw_gbps=36.0 memset_us=239.873 other_dev_us=391.758 total_dev_us=1564.016 kernel_us_min=929.653 kernel_us_median=932.385 kernel_us_mean=933.658 kernel_us_std=3.049 kernel_us_cv=0.33 reps=7
TIMING_RUN bmm_layout bmm_layout B=2 2048x2048x1024 A=0,1,2 B=0,1,2 30s
-- bmm_layout B=2 2048x2048x1024 A=1,0,2 B=1,0,2
IO -- device-layout I/O (cost model, stick-padded) --
IO   op bmm [reduction]
IO     output op0                    torch [2, 2048, 1024] -> device [2048, 16, 2, 64] in HBM = 4194304 elems x 2B = 8388608 B  (hbm counted: 8388608 B)
IO     input  arg0_1                 torch [2, 2048, 2048] -> device [2, 32, 2048, 64] in HBM = 8388608 elems x 2B = 16777216 B  (hbm counted: 16777216 B)
IO     input  arg1_1                 torch [2, 2048, 1024] -> device [2, 16, 2048, 64] in HBM = 4194304 elems x 2B = 8388608 B  (hbm counted: 8388608 B)
IO   => HBM I/O total = 33554432 B  (lx 0 B, ~free)
MODEL -- estimate (turnaround): T = compute + (R+W)/BW_PEAK + a*min(R,W) --
MODEL   R=25165824 B (read)   W=8388608 B (write)   loop_trip L=1
MODEL   compute = MACs/cores/(mac_peak*pt_eff) = 8589934592/32/(1140*1.000) = 235.47 us  (M/m=512, pt_eff=1.000)
MODEL   base = R/150+W/150 = 223.70 us
MODEL   turn = a*min(R,W) = 0.00574*8388608 = 48.15 us
MODEL   => T_model = 399.00 us
MODEL FEATS [{"name":"bmm","is_reduction":true,"out_elems":4194304,"cores":32,"dtype_bytes":2,"args":[{"name":"op0","role":"output","mem":"hbm","elems":4194304,"broadcast":false,"dims":[2048,16,2,64],"logical":[2,2048,1024],"loop_factor":1},{"name":"arg0_1","role":"input","mem":"hbm","elems":8388608,"broadcast":false,"dims":[2,32,2048,64],"logical":[2,2048,2048],"loop_factor":1},{"name":"arg1_1","role":"input","mem":"hbm","elems":4194304,"broadcast":false,"dims":[2,16,2048,64],"logical":[2,2048,1024],"loop_factor":1}],"reduction_cores":1,"loop_trip":1,"tiles_output_dim":false,"tile_rows_per_core":0.0,"is_matmul":true,"matmul_macs":8589934592,"matmul_rows_per_core":512.0,"matmul_cols_per_core":128.0,"matmul_a_bytes":8388608,"matmul_b_bytes":4194304,"matmul_m_split":4,"matmul_n_split":8,"hbm_pattern":""}]
TIMING op=bmm_layout reps=7/7 prof_wall_s=13.25 per_rep_s=1.893
SUMMARY op=bmm_layout rows=2048 cols=2048 cores=32 tiles=0 lx=1 io_hbm_bytes=33554432 kernel_us=437.689 pred_us=399.000 err_pct=-8.8 bw_gbps=76.7 memset_us=234.040 other_dev_us=500.200 total_dev_us=1171.929 kernel_us_min=435.700 kernel_us_median=437.689 kernel_us_mean=438.264 kernel_us_std=2.354 kernel_us_cv=0.54 reps=7
TIMING_RUN bmm_layout bmm_layout B=2 2048x2048x1024 A=1,0,2 B=1,0,2 37s
-- bmm_layout B=2 2048x2048x1024 A=0,1,2 B=1,0,2
IO -- device-layout I/O (cost model, stick-padded) --
IO   op bmm [reduction]
IO     output op0                    torch [2, 2048, 1024] -> device [2048, 16, 2, 64] in HBM = 4194304 elems x 2B = 8388608 B  (hbm counted: 8388608 B)
IO     input  arg0_1                 torch [2, 2048, 2048] -> device [2048, 32, 2, 64] in HBM = 8388608 elems x 2B = 16777216 B  (hbm counted: 16777216 B)
IO     input  arg1_1                 torch [2, 2048, 1024] -> device [2, 16, 2048, 64] in HBM = 4194304 elems x 2B = 8388608 B  (hbm counted: 8388608 B)
IO   => HBM I/O total = 33554432 B  (lx 0 B, ~free)
MODEL -- estimate (turnaround): T = compute + (R+W)/BW_PEAK + a*min(R,W) --
MODEL   R=25165824 B (read)   W=8388608 B (write)   loop_trip L=1
MODEL   compute = MACs/cores/(mac_peak*pt_eff) = 8589934592/32/(1140*1.000) = 235.47 us  (M/m=512, pt_eff=1.000)
MODEL   base = R/150+W/150 = 223.70 us
MODEL   turn = a*min(R,W) = 0.00574*8388608 = 48.15 us
MODEL   => T_model = 399.00 us
MODEL FEATS [{"name":"bmm","is_reduction":true,"out_elems":4194304,"cores":32,"dtype_bytes":2,"args":[{"name":"op0","role":"output","mem":"hbm","elems":4194304,"broadcast":false,"dims":[2048,16,2,64],"logical":[2,2048,1024],"loop_factor":1},{"name":"arg0_1","role":"input","mem":"hbm","elems":8388608,"broadcast":false,"dims":[2048,32,2,64],"logical":[2,2048,2048],"loop_factor":1},{"name":"arg1_1","role":"input","mem":"hbm","elems":4194304,"broadcast":false,"dims":[2,16,2048,64],"logical":[2,2048,1024],"loop_factor":1}],"reduction_cores":1,"loop_trip":1,"tiles_output_dim":false,"tile_rows_per_core":0.0,"is_matmul":true,"matmul_macs":8589934592,"matmul_rows_per_core":512.0,"matmul_cols_per_core":128.0,"matmul_a_bytes":8388608,"matmul_b_bytes":4194304,"matmul_m_split":4,"matmul_n_split":8,"hbm_pattern":""}]
TIMING op=bmm_layout reps=7/7 prof_wall_s=10.92 per_rep_s=1.560
SUMMARY op=bmm_layout rows=2048 cols=2048 cores=32 tiles=0 lx=1 io_hbm_bytes=33554432 kernel_us=758.417 pred_us=399.000 err_pct=-47.4 bw_gbps=44.2 memset_us=252.303 other_dev_us=485.797 total_dev_us=1496.517 kernel_us_min=751.106 kernel_us_median=758.417 kernel_us_mean=758.573 kernel_us_std=3.758 kernel_us_cv=0.50 reps=7
TIMING_RUN bmm_layout bmm_layout B=2 2048x2048x1024 A=0,1,2 B=1,0,2 35s
-- bmm_layout B=2 2048x2048x1024 A=1,0,2 B=0,1,2
IO -- device-layout I/O (cost model, stick-padded) --
IO   op bmm [reduction]
IO     output op0                    torch [2, 2048, 1024] -> device [2048, 16, 2, 64] in HBM = 4194304 elems x 2B = 8388608 B  (hbm counted: 8388608 B)
IO     input  arg0_1                 torch [2, 2048, 2048] -> device [2, 32, 2048, 64] in HBM = 8388608 elems x 2B = 16777216 B  (hbm counted: 16777216 B)
IO     input  arg1_1                 torch [2, 2048, 1024] -> device [2048, 16, 2, 64] in HBM = 4194304 elems x 2B = 8388608 B  (hbm counted: 8388608 B)
IO   => HBM I/O total = 33554432 B  (lx 0 B, ~free)
MODEL -- estimate (turnaround): T = compute + (R+W)/BW_PEAK + a*min(R,W) --
MODEL   R=25165824 B (read)   W=8388608 B (write)   loop_trip L=1
MODEL   compute = MACs/cores/(mac_peak*pt_eff) = 8589934592/32/(1140*1.000) = 235.47 us  (M/m=512, pt_eff=1.000)
MODEL   base = R/150+W/150 = 223.70 us
MODEL   turn = a*min(R,W) = 0.00574*8388608 = 48.15 us
MODEL   => T_model = 399.00 us
MODEL FEATS [{"name":"bmm","is_reduction":true,"out_elems":4194304,"cores":32,"dtype_bytes":2,"args":[{"name":"op0","role":"output","mem":"hbm","elems":4194304,"broadcast":false,"dims":[2048,16,2,64],"logical":[2,2048,1024],"loop_factor":1},{"name":"arg0_1","role":"input","mem":"hbm","elems":8388608,"broadcast":false,"dims":[2,32,2048,64],"logical":[2,2048,2048],"loop_factor":1},{"name":"arg1_1","role":"input","mem":"hbm","elems":4194304,"broadcast":false,"dims":[2048,16,2,64],"logical":[2,2048,1024],"loop_factor":1}],"reduction_cores":1,"loop_trip":1,"tiles_output_dim":false,"tile_rows_per_core":0.0,"is_matmul":true,"matmul_macs":8589934592,"matmul_rows_per_core":512.0,"matmul_cols_per_core":128.0,"matmul_a_bytes":8388608,"matmul_b_bytes":4194304,"matmul_m_split":4,"matmul_n_split":8,"hbm_pattern":""}]
TIMING op=bmm_layout reps=7/7 prof_wall_s=10.81 per_rep_s=1.545
SUMMARY op=bmm_layout rows=2048 cols=2048 cores=32 tiles=0 lx=1 io_hbm_bytes=33554432 kernel_us=616.361 pred_us=399.000 err_pct=-35.3 bw_gbps=54.4 memset_us=243.851 other_dev_us=430.847 total_dev_us=1291.059 kernel_us_min=614.126 kernel_us_median=616.361 kernel_us_mean=615.980 kernel_us_std=1.329 kernel_us_cv=0.22 reps=7
TIMING_RUN bmm_layout bmm_layout B=2 2048x2048x1024 A=1,0,2 B=0,1,2 35s
-- bmm_layout B=2 1024x2048x2048 A=0,1,2 B=0,1,2
IO -- device-layout I/O (cost model, stick-padded) --
IO   op bmm [reduction]
IO     output op0                    torch [2, 1024, 2048] -> device [1024, 32, 2, 64] in HBM = 4194304 elems x 2B = 8388608 B  (hbm counted: 8388608 B)
IO     input  arg0_1                 torch [2, 1024, 2048] -> device [1024, 32, 2, 64] in HBM = 4194304 elems x 2B = 8388608 B  (hbm counted: 8388608 B)
IO     input  arg1_1                 torch [2, 2048, 2048] -> device [2048, 32, 2, 64] in HBM = 8388608 elems x 2B = 16777216 B  (hbm counted: 16777216 B)
IO   => HBM I/O total = 33554432 B  (lx 0 B, ~free)
MODEL -- estimate (turnaround): T = compute + (R+W)/BW_PEAK + a*min(R,W) --
MODEL   R=25165824 B (read)   W=8388608 B (write)   loop_trip L=1
MODEL   compute = MACs/cores/(mac_peak*pt_eff) = 8589934592/32/(1140*1.000) = 235.47 us  (M/m=256, pt_eff=1.000)
MODEL   base = R/150+W/150 = 223.70 us
MODEL   turn = a*min(R,W) = 0.00574*8388608 = 48.15 us
MODEL   => T_model = 399.00 us
MODEL FEATS [{"name":"bmm","is_reduction":true,"out_elems":4194304,"cores":32,"dtype_bytes":2,"args":[{"name":"op0","role":"output","mem":"hbm","elems":4194304,"broadcast":false,"dims":[1024,32,2,64],"logical":[2,1024,2048],"loop_factor":1},{"name":"arg0_1","role":"input","mem":"hbm","elems":4194304,"broadcast":false,"dims":[1024,32,2,64],"logical":[2,1024,2048],"loop_factor":1},{"name":"arg1_1","role":"input","mem":"hbm","elems":8388608,"broadcast":false,"dims":[2048,32,2,64],"logical":[2,2048,2048],"loop_factor":1}],"reduction_cores":1,"loop_trip":1,"tiles_output_dim":false,"tile_rows_per_core":0.0,"is_matmul":true,"matmul_macs":8589934592,"matmul_rows_per_core":256.0,"matmul_cols_per_core":256.0,"matmul_a_bytes":4194304,"matmul_b_bytes":8388608,"matmul_m_split":4,"matmul_n_split":8,"hbm_pattern":""}]
TIMING op=bmm_layout reps=7/7 prof_wall_s=9.94 per_rep_s=1.420
SUMMARY op=bmm_layout rows=1024 cols=2048 cores=32 tiles=0 lx=1 io_hbm_bytes=33554432 kernel_us=1004.185 pred_us=399.000 err_pct=-60.3 bw_gbps=33.4 memset_us=226.812 other_dev_us=458.330 total_dev_us=1689.327 kernel_us_min=995.718 kernel_us_median=1004.185 kernel_us_mean=1003.069 kernel_us_std=5.013 kernel_us_cv=0.50 reps=7
TIMING_RUN bmm_layout bmm_layout B=2 1024x2048x2048 A=0,1,2 B=0,1,2 39s
-- bmm_layout B=2 1024x2048x2048 A=1,0,2 B=1,0,2
IO -- device-layout I/O (cost model, stick-padded) --
IO   op bmm [reduction]
IO     output op0                    torch [2, 1024, 2048] -> device [1024, 32, 2, 64] in HBM = 4194304 elems x 2B = 8388608 B  (hbm counted: 8388608 B)
IO     input  arg0_1                 torch [2, 1024, 2048] -> device [2, 32, 1024, 64] in HBM = 4194304 elems x 2B = 8388608 B  (hbm counted: 8388608 B)
IO     input  arg1_1                 torch [2, 2048, 2048] -> device [2, 32, 2048, 64] in HBM = 8388608 elems x 2B = 16777216 B  (hbm counted: 16777216 B)
IO   => HBM I/O total = 33554432 B  (lx 0 B, ~free)
MODEL -- estimate (turnaround): T = compute + (R+W)/BW_PEAK + a*min(R,W) --
MODEL   R=25165824 B (read)   W=8388608 B (write)   loop_trip L=1
MODEL   compute = MACs/cores/(mac_peak*pt_eff) = 8589934592/32/(1140*1.000) = 235.47 us  (M/m=256, pt_eff=1.000)
MODEL   base = R/150+W/150 = 223.70 us
MODEL   turn = a*min(R,W) = 0.00574*8388608 = 48.15 us
MODEL   => T_model = 399.00 us
MODEL FEATS [{"name":"bmm","is_reduction":true,"out_elems":4194304,"cores":32,"dtype_bytes":2,"args":[{"name":"op0","role":"output","mem":"hbm","elems":4194304,"broadcast":false,"dims":[1024,32,2,64],"logical":[2,1024,2048],"loop_factor":1},{"name":"arg0_1","role":"input","mem":"hbm","elems":4194304,"broadcast":false,"dims":[2,32,1024,64],"logical":[2,1024,2048],"loop_factor":1},{"name":"arg1_1","role":"input","mem":"hbm","elems":8388608,"broadcast":false,"dims":[2,32,2048,64],"logical":[2,2048,2048],"loop_factor":1}],"reduction_cores":1,"loop_trip":1,"tiles_output_dim":false,"tile_rows_per_core":0.0,"is_matmul":true,"matmul_macs":8589934592,"matmul_rows_per_core":256.0,"matmul_cols_per_core":256.0,"matmul_a_bytes":4194304,"matmul_b_bytes":8388608,"matmul_m_split":4,"matmul_n_split":8,"hbm_pattern":""}]
TIMING op=bmm_layout reps=7/7 prof_wall_s=14.97 per_rep_s=2.139
SUMMARY op=bmm_layout rows=1024 cols=2048 cores=32 tiles=0 lx=1 io_hbm_bytes=33554432 kernel_us=475.356 pred_us=399.000 err_pct=-16.1 bw_gbps=70.6 memset_us=221.708 other_dev_us=396.651 total_dev_us=1093.715 kernel_us_min=471.647 kernel_us_median=475.356 kernel_us_mean=477.525 kernel_us_std=4.943 kernel_us_cv=1.04 reps=7
TIMING_RUN bmm_layout bmm_layout B=2 1024x2048x2048 A=1,0,2 B=1,0,2 41s
-- bmm_layout B=2 1024x2048x2048 A=0,1,2 B=1,0,2
IO -- device-layout I/O (cost model, stick-padded) --
IO   op bmm [reduction]
IO     output op0                    torch [2, 1024, 2048] -> device [1024, 32, 2, 64] in HBM = 4194304 elems x 2B = 8388608 B  (hbm counted: 8388608 B)
IO     input  arg0_1                 torch [2, 1024, 2048] -> device [1024, 32, 2, 64] in HBM = 4194304 elems x 2B = 8388608 B  (hbm counted: 8388608 B)
IO     input  arg1_1                 torch [2, 2048, 2048] -> device [2, 32, 2048, 64] in HBM = 8388608 elems x 2B = 16777216 B  (hbm counted: 16777216 B)
IO   => HBM I/O total = 33554432 B  (lx 0 B, ~free)
MODEL -- estimate (turnaround): T = compute + (R+W)/BW_PEAK + a*min(R,W) --
MODEL   R=25165824 B (read)   W=8388608 B (write)   loop_trip L=1
MODEL   compute = MACs/cores/(mac_peak*pt_eff) = 8589934592/32/(1140*1.000) = 235.47 us  (M/m=256, pt_eff=1.000)
MODEL   base = R/150+W/150 = 223.70 us
MODEL   turn = a*min(R,W) = 0.00574*8388608 = 48.15 us
MODEL   => T_model = 399.00 us
MODEL FEATS [{"name":"bmm","is_reduction":true,"out_elems":4194304,"cores":32,"dtype_bytes":2,"args":[{"name":"op0","role":"output","mem":"hbm","elems":4194304,"broadcast":false,"dims":[1024,32,2,64],"logical":[2,1024,2048],"loop_factor":1},{"name":"arg0_1","role":"input","mem":"hbm","elems":4194304,"broadcast":false,"dims":[1024,32,2,64],"logical":[2,1024,2048],"loop_factor":1},{"name":"arg1_1","role":"input","mem":"hbm","elems":8388608,"broadcast":false,"dims":[2,32,2048,64],"logical":[2,2048,2048],"loop_factor":1}],"reduction_cores":1,"loop_trip":1,"tiles_output_dim":false,"tile_rows_per_core":0.0,"is_matmul":true,"matmul_macs":8589934592,"matmul_rows_per_core":256.0,"matmul_cols_per_core":256.0,"matmul_a_bytes":4194304,"matmul_b_bytes":8388608,"matmul_m_split":4,"matmul_n_split":8,"hbm_pattern":""}]
TIMING op=bmm_layout reps=7/7 prof_wall_s=12.27 per_rep_s=1.752
SUMMARY op=bmm_layout rows=1024 cols=2048 cores=32 tiles=0 lx=1 io_hbm_bytes=33554432 kernel_us=795.967 pred_us=399.000 err_pct=-49.9 bw_gbps=42.2 memset_us=258.717 other_dev_us=391.956 total_dev_us=1446.640 kernel_us_min=787.074 kernel_us_median=795.967 kernel_us_mean=794.731 kernel_us_std=3.574 kernel_us_cv=0.45 reps=7
TIMING_RUN bmm_layout bmm_layout B=2 1024x2048x2048 A=0,1,2 B=1,0,2 38s
-- bmm_layout B=2 1024x2048x2048 A=1,0,2 B=0,1,2
IO -- device-layout I/O (cost model, stick-padded) --
IO   op bmm [reduction]
IO     output op0                    torch [2, 1024, 2048] -> device [1024, 32, 2, 64] in HBM = 4194304 elems x 2B = 8388608 B  (hbm counted: 8388608 B)
IO     input  arg0_1                 torch [2, 1024, 2048] -> device [2, 32, 1024, 64] in HBM = 4194304 elems x 2B = 8388608 B  (hbm counted: 8388608 B)
IO     input  arg1_1                 torch [2, 2048, 2048] -> device [2048, 32, 2, 64] in HBM = 8388608 elems x 2B = 16777216 B  (hbm counted: 16777216 B)
IO   => HBM I/O total = 33554432 B  (lx 0 B, ~free)
MODEL -- estimate (turnaround): T = compute + (R+W)/BW_PEAK + a*min(R,W) --
MODEL   R=25165824 B (read)   W=8388608 B (write)   loop_trip L=1
MODEL   compute = MACs/cores/(mac_peak*pt_eff) = 8589934592/32/(1140*1.000) = 235.47 us  (M/m=256, pt_eff=1.000)
MODEL   base = R/150+W/150 = 223.70 us
MODEL   turn = a*min(R,W) = 0.00574*8388608 = 48.15 us
MODEL   => T_model = 399.00 us
MODEL FEATS [{"name":"bmm","is_reduction":true,"out_elems":4194304,"cores":32,"dtype_bytes":2,"args":[{"name":"op0","role":"output","mem":"hbm","elems":4194304,"broadcast":false,"dims":[1024,32,2,64],"logical":[2,1024,2048],"loop_factor":1},{"name":"arg0_1","role":"input","mem":"hbm","elems":4194304,"broadcast":false,"dims":[2,32,1024,64],"logical":[2,1024,2048],"loop_factor":1},{"name":"arg1_1","role":"input","mem":"hbm","elems":8388608,"broadcast":false,"dims":[2048,32,2,64],"logical":[2,2048,2048],"loop_factor":1}],"reduction_cores":1,"loop_trip":1,"tiles_output_dim":false,"tile_rows_per_core":0.0,"is_matmul":true,"matmul_macs":8589934592,"matmul_rows_per_core":256.0,"matmul_cols_per_core":256.0,"matmul_a_bytes":4194304,"matmul_b_bytes":8388608,"matmul_m_split":4,"matmul_n_split":8,"hbm_pattern":""}]
TIMING op=bmm_layout reps=7/7 prof_wall_s=11.96 per_rep_s=1.709
SUMMARY op=bmm_layout rows=1024 cols=2048 cores=32 tiles=0 lx=1 io_hbm_bytes=33554432 kernel_us=678.799 pred_us=399.000 err_pct=-41.2 bw_gbps=49.4 memset_us=256.223 other_dev_us=477.162 total_dev_us=1412.184 kernel_us_min=674.724 kernel_us_median=678.799 kernel_us_mean=678.681 kernel_us_std=2.560 kernel_us_cv=0.38 reps=7
TIMING_RUN bmm_layout bmm_layout B=2 1024x2048x2048 A=1,0,2 B=0,1,2 36s
-- bmm_layout B=4 1024x2048x1024 A=0,1,2 B=0,1,2
IO -- device-layout I/O (cost model, stick-padded) --
IO   op bmm [reduction]
IO     output op0                    torch [4, 1024, 1024] -> device [1024, 16, 4, 64] in HBM = 4194304 elems x 2B = 8388608 B  (hbm counted: 8388608 B)
IO     input  arg0_1                 torch [4, 1024, 2048] -> device [1024, 32, 4, 64] in HBM = 8388608 elems x 2B = 16777216 B  (hbm counted: 16777216 B)
IO     input  arg1_1                 torch [4, 2048, 1024] -> device [2048, 16, 4, 64] in HBM = 8388608 elems x 2B = 16777216 B  (hbm counted: 16777216 B)
IO   => HBM I/O total = 41943040 B  (lx 0 B, ~free)
MODEL -- estimate (turnaround): T = compute + (R+W)/BW_PEAK + a*min(R,W) --
MODEL   R=33554432 B (read)   W=8388608 B (write)   loop_trip L=1
MODEL   compute = MACs/cores/(mac_peak*pt_eff) = 8589934592/32/(1140*1.000) = 235.47 us  (M/m=256, pt_eff=1.000)
MODEL   base = R/150+W/150 = 279.62 us
MODEL   turn = a*min(R,W) = 0.00574*8388608 = 48.15 us
MODEL   => T_model = 1854.72 us
MODEL FEATS [{"name":"bmm","is_reduction":true,"out_elems":4194304,"cores":32,"dtype_bytes":2,"args":[{"name":"op0","role":"output","mem":"hbm","elems":4194304,"broadcast":false,"dims":[1024,16,4,64],"logical":[4,1024,1024],"loop_factor":1},{"name":"arg0_1","role":"input","mem":"hbm","elems":8388608,"broadcast":false,"dims":[1024,32,4,64],"logical":[4,1024,2048],"loop_factor":1},{"name":"arg1_1","role":"input","mem":"hbm","elems":8388608,"broadcast":false,"dims":[2048,16,4,64],"logical":[4,2048,1024],"loop_factor":1}],"reduction_cores":1,"loop_trip":1,"tiles_output_dim":false,"tile_rows_per_core":0.0,"is_matmul":true,"matmul_macs":8589934592,"matmul_rows_per_core":256.0,"matmul_cols_per_core":128.0,"matmul_a_bytes":4194304,"matmul_b_bytes":4194304,"matmul_m_split":4,"matmul_n_split":8,"hbm_pattern":""}]
TIMING op=bmm_layout reps=7/7 prof_wall_s=11.51 per_rep_s=1.644
SUMMARY op=bmm_layout rows=1024 cols=2048 cores=32 tiles=0 lx=1 io_hbm_bytes=41943040 kernel_us=1842.990 pred_us=1854.718 err_pct=+0.6 bw_gbps=22.8 memset_us=245.405 other_dev_us=453.306 total_dev_us=2541.701 kernel_us_min=1834.065 kernel_us_median=1842.990 kernel_us_mean=1844.177 kernel_us_std=6.129 kernel_us_cv=0.33 reps=7
TIMING_RUN bmm_layout bmm_layout B=4 1024x2048x1024 A=0,1,2 B=0,1,2 36s
-- bmm_layout B=4 1024x2048x1024 A=1,0,2 B=1,0,2
IO -- device-layout I/O (cost model, stick-padded) --
IO   op bmm [reduction]
IO     output op0                    torch [4, 1024, 1024] -> device [1024, 16, 4, 64] in HBM = 4194304 elems x 2B = 8388608 B  (hbm counted: 8388608 B)
IO     input  arg0_1                 torch [4, 1024, 2048] -> device [4, 32, 1024, 64] in HBM = 8388608 elems x 2B = 16777216 B  (hbm counted: 16777216 B)
IO     input  arg1_1                 torch [4, 2048, 1024] -> device [4, 16, 2048, 64] in HBM = 8388608 elems x 2B = 16777216 B  (hbm counted: 16777216 B)
IO   => HBM I/O total = 41943040 B  (lx 0 B, ~free)
MODEL -- estimate (turnaround): T = compute + (R+W)/BW_PEAK + a*min(R,W) --
MODEL   R=33554432 B (read)   W=8388608 B (write)   loop_trip L=1
MODEL   compute = MACs/cores/(mac_peak*pt_eff) = 8589934592/32/(1140*1.000) = 235.47 us  (M/m=256, pt_eff=1.000)
MODEL   base = R/150+W/150 = 279.62 us
MODEL   turn = a*min(R,W) = 0.00574*8388608 = 48.15 us
MODEL   => T_model = 454.92 us
MODEL FEATS [{"name":"bmm","is_reduction":true,"out_elems":4194304,"cores":32,"dtype_bytes":2,"args":[{"name":"op0","role":"output","mem":"hbm","elems":4194304,"broadcast":false,"dims":[1024,16,4,64],"logical":[4,1024,1024],"loop_factor":1},{"name":"arg0_1","role":"input","mem":"hbm","elems":8388608,"broadcast":false,"dims":[4,32,1024,64],"logical":[4,1024,2048],"loop_factor":1},{"name":"arg1_1","role":"input","mem":"hbm","elems":8388608,"broadcast":false,"dims":[4,16,2048,64],"logical":[4,2048,1024],"loop_factor":1}],"reduction_cores":1,"loop_trip":1,"tiles_output_dim":false,"tile_rows_per_core":0.0,"is_matmul":true,"matmul_macs":8589934592,"matmul_rows_per_core":256.0,"matmul_cols_per_core":128.0,"matmul_a_bytes":4194304,"matmul_b_bytes":4194304,"matmul_m_split":4,"matmul_n_split":8,"hbm_pattern":""}]
TIMING op=bmm_layout reps=7/7 prof_wall_s=15.45 per_rep_s=2.207
SUMMARY op=bmm_layout rows=1024 cols=2048 cores=32 tiles=0 lx=1 io_hbm_bytes=41943040 kernel_us=554.552 pred_us=454.925 err_pct=-18.0 bw_gbps=75.6 memset_us=246.315 other_dev_us=450.762 total_dev_us=1251.629 kernel_us_min=546.668 kernel_us_median=554.552 kernel_us_mean=553.681 kernel_us_std=4.731 kernel_us_cv=0.85 reps=7
TIMING_RUN bmm_layout bmm_layout B=4 1024x2048x1024 A=1,0,2 B=1,0,2 39s
-- bmm_layout B=4 1024x2048x1024 A=0,1,2 B=1,0,2
IO -- device-layout I/O (cost model, stick-padded) --
IO   op bmm [reduction]
IO     output op0                    torch [4, 1024, 1024] -> device [1024, 16, 4, 64] in HBM = 4194304 elems x 2B = 8388608 B  (hbm counted: 8388608 B)
IO     input  arg0_1                 torch [4, 1024, 2048] -> device [1024, 32, 4, 64] in HBM = 8388608 elems x 2B = 16777216 B  (hbm counted: 16777216 B)
IO     input  arg1_1                 torch [4, 2048, 1024] -> device [4, 16, 2048, 64] in HBM = 8388608 elems x 2B = 16777216 B  (hbm counted: 16777216 B)
IO   => HBM I/O total = 41943040 B  (lx 0 B, ~free)
MODEL -- estimate (turnaround): T = compute + (R+W)/BW_PEAK + a*min(R,W) --
MODEL   R=33554432 B (read)   W=8388608 B (write)   loop_trip L=1
MODEL   compute = MACs/cores/(mac_peak*pt_eff) = 8589934592/32/(1140*1.000) = 235.47 us  (M/m=256, pt_eff=1.000)
MODEL   base = R/150+W/150 = 279.62 us
MODEL   turn = a*min(R,W) = 0.00574*8388608 = 48.15 us
MODEL   => T_model = 454.92 us
MODEL FEATS [{"name":"bmm","is_reduction":true,"out_elems":4194304,"cores":32,"dtype_bytes":2,"args":[{"name":"op0","role":"output","mem":"hbm","elems":4194304,"broadcast":false,"dims":[1024,16,4,64],"logical":[4,1024,1024],"loop_factor":1},{"name":"arg0_1","role":"input","mem":"hbm","elems":8388608,"broadcast":false,"dims":[1024,32,4,64],"logical":[4,1024,2048],"loop_factor":1},{"name":"arg1_1","role":"input","mem":"hbm","elems":8388608,"broadcast":false,"dims":[4,16,2048,64],"logical":[4,2048,1024],"loop_factor":1}],"reduction_cores":1,"loop_trip":1,"tiles_output_dim":false,"tile_rows_per_core":0.0,"is_matmul":true,"matmul_macs":8589934592,"matmul_rows_per_core":256.0,"matmul_cols_per_core":128.0,"matmul_a_bytes":4194304,"matmul_b_bytes":4194304,"matmul_m_split":4,"matmul_n_split":8,"hbm_pattern":""}]
TIMING op=bmm_layout reps=7/7 prof_wall_s=13.50 per_rep_s=1.928
SUMMARY op=bmm_layout rows=1024 cols=2048 cores=32 tiles=0 lx=1 io_hbm_bytes=41943040 kernel_us=1296.472 pred_us=454.925 err_pct=-64.9 bw_gbps=32.4 memset_us=240.675 other_dev_us=427.567 total_dev_us=1964.714 kernel_us_min=1281.379 kernel_us_median=1296.472 kernel_us_mean=1294.371 kernel_us_std=6.584 kernel_us_cv=0.51 reps=7
TIMING_RUN bmm_layout bmm_layout B=4 1024x2048x1024 A=0,1,2 B=1,0,2 42s
-- bmm_layout B=4 1024x2048x1024 A=1,0,2 B=0,1,2
IO -- device-layout I/O (cost model, stick-padded) --
IO   op bmm [reduction]
IO     output op0                    torch [4, 1024, 1024] -> device [1024, 16, 4, 64] in HBM = 4194304 elems x 2B = 8388608 B  (hbm counted: 8388608 B)
IO     input  arg0_1                 torch [4, 1024, 2048] -> device [4, 32, 1024, 64] in HBM = 8388608 elems x 2B = 16777216 B  (hbm counted: 16777216 B)
IO     input  arg1_1                 torch [4, 2048, 1024] -> device [2048, 16, 4, 64] in HBM = 8388608 elems x 2B = 16777216 B  (hbm counted: 16777216 B)
IO   => HBM I/O total = 41943040 B  (lx 0 B, ~free)
MODEL -- estimate (turnaround): T = compute + (R+W)/BW_PEAK + a*min(R,W) --
MODEL   R=33554432 B (read)   W=8388608 B (write)   loop_trip L=1
MODEL   compute = MACs/cores/(mac_peak*pt_eff) = 8589934592/32/(1140*1.000) = 235.47 us  (M/m=256, pt_eff=1.000)
MODEL   base = R/150+W/150 = 279.62 us
MODEL   turn = a*min(R,W) = 0.00574*8388608 = 48.15 us
MODEL   => T_model = 454.92 us
MODEL FEATS [{"name":"bmm","is_reduction":true,"out_elems":4194304,"cores":32,"dtype_bytes":2,"args":[{"name":"op0","role":"output","mem":"hbm","elems":4194304,"broadcast":false,"dims":[1024,16,4,64],"logical":[4,1024,1024],"loop_factor":1},{"name":"arg0_1","role":"input","mem":"hbm","elems":8388608,"broadcast":false,"dims":[4,32,1024,64],"logical":[4,1024,2048],"loop_factor":1},{"name":"arg1_1","role":"input","mem":"hbm","elems":8388608,"broadcast":false,"dims":[2048,16,4,64],"logical":[4,2048,1024],"loop_factor":1}],"reduction_cores":1,"loop_trip":1,"tiles_output_dim":false,"tile_rows_per_core":0.0,"is_matmul":true,"matmul_macs":8589934592,"matmul_rows_per_core":256.0,"matmul_cols_per_core":128.0,"matmul_a_bytes":4194304,"matmul_b_bytes":4194304,"matmul_m_split":4,"matmul_n_split":8,"hbm_pattern":""}]
TIMING op=bmm_layout reps=7/7 prof_wall_s=13.28 per_rep_s=1.897
SUMMARY op=bmm_layout rows=1024 cols=2048 cores=32 tiles=0 lx=1 io_hbm_bytes=41943040 kernel_us=1065.035 pred_us=454.925 err_pct=-57.3 bw_gbps=39.4 memset_us=162.063 other_dev_us=509.504 total_dev_us=1736.602 kernel_us_min=1061.408 kernel_us_median=1065.035 kernel_us_mean=1064.990 kernel_us_std=1.822 kernel_us_cv=0.17 reps=7
TIMING_RUN bmm_layout bmm_layout B=4 1024x2048x1024 A=1,0,2 B=0,1,2 41s
-- bmm_layout B=4 2048x2048x1024 A=0,1,2 B=0,1,2
IO -- device-layout I/O (cost model, stick-padded) --
IO   op bmm [reduction]
IO     output op0                    torch [4, 2048, 1024] -> device [2048, 16, 4, 64] in HBM = 8388608 elems x 2B = 16777216 B  (hbm counted: 16777216 B)
IO     input  arg0_1                 torch [4, 2048, 2048] -> device [2048, 32, 4, 64] in HBM = 16777216 elems x 2B = 33554432 B  (hbm counted: 33554432 B)
IO     input  arg1_1                 torch [4, 2048, 1024] -> device [2048, 16, 4, 64] in HBM = 8388608 elems x 2B = 16777216 B  (hbm counted: 16777216 B)
IO   => HBM I/O total = 67108864 B  (lx 0 B, ~free)
MODEL -- estimate (turnaround): T = compute + (R+W)/BW_PEAK + a*min(R,W) --
MODEL   R=50331648 B (read)   W=16777216 B (write)   loop_trip L=1
MODEL   compute = MACs/cores/(mac_peak*pt_eff) = 17179869184/32/(1140*1.000) = 470.94 us  (M/m=512, pt_eff=1.000)
MODEL   base = R/150+W/150 = 447.39 us
MODEL   turn = a*min(R,W) = 0.00574*16777216 = 96.30 us
MODEL   => T_model = 3649.04 us
MODEL FEATS [{"name":"bmm","is_reduction":true,"out_elems":8388608,"cores":32,"dtype_bytes":2,"args":[{"name":"op0","role":"output","mem":"hbm","elems":8388608,"broadcast":false,"dims":[2048,16,4,64],"logical":[4,2048,1024],"loop_factor":1},{"name":"arg0_1","role":"input","mem":"hbm","elems":16777216,"broadcast":false,"dims":[2048,32,4,64],"logical":[4,2048,2048],"loop_factor":1},{"name":"arg1_1","role":"input","mem":"hbm","elems":8388608,"broadcast":false,"dims":[2048,16,4,64],"logical":[4,2048,1024],"loop_factor":1}],"reduction_cores":1,"loop_trip":1,"tiles_output_dim":false,"tile_rows_per_core":0.0,"is_matmul":true,"matmul_macs":17179869184,"matmul_rows_per_core":512.0,"matmul_cols_per_core":128.0,"matmul_a_bytes":8388608,"matmul_b_bytes":4194304,"matmul_m_split":4,"matmul_n_split":8,"hbm_pattern":""}]
TIMING op=bmm_layout reps=7/7 prof_wall_s=11.52 per_rep_s=1.646
SUMMARY op=bmm_layout rows=2048 cols=2048 cores=32 tiles=0 lx=1 io_hbm_bytes=67108864 kernel_us=3706.783 pred_us=3649.038 err_pct=-1.6 bw_gbps=18.1 memset_us=308.264 other_dev_us=849.834 total_dev_us=4864.881 kernel_us_min=3680.030 kernel_us_median=3706.783 kernel_us_mean=3707.769 kernel_us_std=12.765 kernel_us_cv=0.34 reps=7
TIMING_RUN bmm_layout bmm_layout B=4 2048x2048x1024 A=0,1,2 B=0,1,2 40s
-- bmm_layout B=4 2048x2048x1024 A=1,0,2 B=1,0,2
IO -- device-layout I/O (cost model, stick-padded) --
IO   op bmm [reduction]
IO     output op0                    torch [4, 2048, 1024] -> device [2048, 16, 4, 64] in HBM = 8388608 elems x 2B = 16777216 B  (hbm counted: 16777216 B)
IO     input  arg0_1                 torch [4, 2048, 2048] -> device [4, 32, 2048, 64] in HBM = 16777216 elems x 2B = 33554432 B  (hbm counted: 33554432 B)
IO     input  arg1_1                 torch [4, 2048, 1024] -> device [4, 16, 2048, 64] in HBM = 8388608 elems x 2B = 16777216 B  (hbm counted: 16777216 B)
IO   => HBM I/O total = 67108864 B  (lx 0 B, ~free)
MODEL -- estimate (turnaround): T = compute + (R+W)/BW_PEAK + a*min(R,W) --
MODEL   R=50331648 B (read)   W=16777216 B (write)   loop_trip L=1
MODEL   compute = MACs/cores/(mac_peak*pt_eff) = 17179869184/32/(1140*1.000) = 470.94 us  (M/m=512, pt_eff=1.000)
MODEL   base = R/150+W/150 = 447.39 us
MODEL   turn = a*min(R,W) = 0.00574*16777216 = 96.30 us
MODEL   => T_model = 798.00 us
MODEL FEATS [{"name":"bmm","is_reduction":true,"out_elems":8388608,"cores":32,"dtype_bytes":2,"args":[{"name":"op0","role":"output","mem":"hbm","elems":8388608,"broadcast":false,"dims":[2048,16,4,64],"logical":[4,2048,1024],"loop_factor":1},{"name":"arg0_1","role":"input","mem":"hbm","elems":16777216,"broadcast":false,"dims":[4,32,2048,64],"logical":[4,2048,2048],"loop_factor":1},{"name":"arg1_1","role":"input","mem":"hbm","elems":8388608,"broadcast":false,"dims":[4,16,2048,64],"logical":[4,2048,1024],"loop_factor":1}],"reduction_cores":1,"loop_trip":1,"tiles_output_dim":false,"tile_rows_per_core":0.0,"is_matmul":true,"matmul_macs":17179869184,"matmul_rows_per_core":512.0,"matmul_cols_per_core":128.0,"matmul_a_bytes":8388608,"matmul_b_bytes":4194304,"matmul_m_split":4,"matmul_n_split":8,"hbm_pattern":""}]
TIMING op=bmm_layout reps=7/7 prof_wall_s=15.93 per_rep_s=2.276
SUMMARY op=bmm_layout rows=2048 cols=2048 cores=32 tiles=0 lx=1 io_hbm_bytes=67108864 kernel_us=1140.237 pred_us=798.001 err_pct=-30.0 bw_gbps=58.9 memset_us=425.381 other_dev_us=587.168 total_dev_us=2152.786 kernel_us_min=1135.951 kernel_us_median=1140.237 kernel_us_mean=1142.155 kernel_us_std=5.303 kernel_us_cv=0.46 reps=7
TIMING_RUN bmm_layout bmm_layout B=4 2048x2048x1024 A=1,0,2 B=1,0,2 43s
-- bmm_layout B=4 2048x2048x1024 A=0,1,2 B=1,0,2
IO -- device-layout I/O (cost model, stick-padded) --
IO   op bmm [reduction]
IO     output op0                    torch [4, 2048, 1024] -> device [2048, 16, 4, 64] in HBM = 8388608 elems x 2B = 16777216 B  (hbm counted: 16777216 B)
IO     input  arg0_1                 torch [4, 2048, 2048] -> device [2048, 32, 4, 64] in HBM = 16777216 elems x 2B = 33554432 B  (hbm counted: 33554432 B)
IO     input  arg1_1                 torch [4, 2048, 1024] -> device [4, 16, 2048, 64] in HBM = 8388608 elems x 2B = 16777216 B  (hbm counted: 16777216 B)
IO   => HBM I/O total = 67108864 B  (lx 0 B, ~free)
MODEL -- estimate (turnaround): T = compute + (R+W)/BW_PEAK + a*min(R,W) --
MODEL   R=50331648 B (read)   W=16777216 B (write)   loop_trip L=1
MODEL   compute = MACs/cores/(mac_peak*pt_eff) = 17179869184/32/(1140*1.000) = 470.94 us  (M/m=512, pt_eff=1.000)
MODEL   base = R/150+W/150 = 447.39 us
MODEL   turn = a*min(R,W) = 0.00574*16777216 = 96.30 us
MODEL   => T_model = 798.00 us
MODEL FEATS [{"name":"bmm","is_reduction":true,"out_elems":8388608,"cores":32,"dtype_bytes":2,"args":[{"name":"op0","role":"output","mem":"hbm","elems":8388608,"broadcast":false,"dims":[2048,16,4,64],"logical":[4,2048,1024],"loop_factor":1},{"name":"arg0_1","role":"input","mem":"hbm","elems":16777216,"broadcast":false,"dims":[2048,32,4,64],"logical":[4,2048,2048],"loop_factor":1},{"name":"arg1_1","role":"input","mem":"hbm","elems":8388608,"broadcast":false,"dims":[4,16,2048,64],"logical":[4,2048,1024],"loop_factor":1}],"reduction_cores":1,"loop_trip":1,"tiles_output_dim":false,"tile_rows_per_core":0.0,"is_matmul":true,"matmul_macs":17179869184,"matmul_rows_per_core":512.0,"matmul_cols_per_core":128.0,"matmul_a_bytes":8388608,"matmul_b_bytes":4194304,"matmul_m_split":4,"matmul_n_split":8,"hbm_pattern":""}]
TIMING op=bmm_layout reps=7/7 prof_wall_s=13.56 per_rep_s=1.937
SUMMARY op=bmm_layout rows=2048 cols=2048 cores=32 tiles=0 lx=1 io_hbm_bytes=67108864 kernel_us=2634.191 pred_us=798.001 err_pct=-69.7 bw_gbps=25.5 memset_us=335.808 other_dev_us=877.849 total_dev_us=3847.848 kernel_us_min=2612.951 kernel_us_median=2634.191 kernel_us_mean=2631.742 kernel_us_std=8.949 kernel_us_cv=0.34 reps=7
TIMING_RUN bmm_layout bmm_layout B=4 2048x2048x1024 A=0,1,2 B=1,0,2 40s
-- bmm_layout B=4 2048x2048x1024 A=1,0,2 B=0,1,2
IO -- device-layout I/O (cost model, stick-padded) --
IO   op bmm [reduction]
IO     output op0                    torch [4, 2048, 1024] -> device [2048, 16, 4, 64] in HBM = 8388608 elems x 2B = 16777216 B  (hbm counted: 16777216 B)
IO     input  arg0_1                 torch [4, 2048, 2048] -> device [4, 32, 2048, 64] in HBM = 16777216 elems x 2B = 33554432 B  (hbm counted: 33554432 B)
IO     input  arg1_1                 torch [4, 2048, 1024] -> device [2048, 16, 4, 64] in HBM = 8388608 elems x 2B = 16777216 B  (hbm counted: 16777216 B)
IO   => HBM I/O total = 67108864 B  (lx 0 B, ~free)
MODEL -- estimate (turnaround): T = compute + (R+W)/BW_PEAK + a*min(R,W) --
MODEL   R=50331648 B (read)   W=16777216 B (write)   loop_trip L=1
MODEL   compute = MACs/cores/(mac_peak*pt_eff) = 17179869184/32/(1140*1.000) = 470.94 us  (M/m=512, pt_eff=1.000)
MODEL   base = R/150+W/150 = 447.39 us
MODEL   turn = a*min(R,W) = 0.00574*16777216 = 96.30 us
MODEL   => T_model = 798.00 us
MODEL FEATS [{"name":"bmm","is_reduction":true,"out_elems":8388608,"cores":32,"dtype_bytes":2,"args":[{"name":"op0","role":"output","mem":"hbm","elems":8388608,"broadcast":false,"dims":[2048,16,4,64],"logical":[4,2048,1024],"loop_factor":1},{"name":"arg0_1","role":"input","mem":"hbm","elems":16777216,"broadcast":false,"dims":[4,32,2048,64],"logical":[4,2048,2048],"loop_factor":1},{"name":"arg1_1","role":"input","mem":"hbm","elems":8388608,"broadcast":false,"dims":[2048,16,4,64],"logical":[4,2048,1024],"loop_factor":1}],"reduction_cores":1,"loop_trip":1,"tiles_output_dim":false,"tile_rows_per_core":0.0,"is_matmul":true,"matmul_macs":17179869184,"matmul_rows_per_core":512.0,"matmul_cols_per_core":128.0,"matmul_a_bytes":8388608,"matmul_b_bytes":4194304,"matmul_m_split":4,"matmul_n_split":8,"hbm_pattern":""}]
TIMING op=bmm_layout reps=7/7 prof_wall_s=13.39 per_rep_s=1.912
SUMMARY op=bmm_layout rows=2048 cols=2048 cores=32 tiles=0 lx=1 io_hbm_bytes=67108864 kernel_us=2218.879 pred_us=798.001 err_pct=-64.0 bw_gbps=30.2 memset_us=332.216 other_dev_us=754.813 total_dev_us=3305.908 kernel_us_min=2214.971 kernel_us_median=2218.879 kernel_us_mean=2219.359 kernel_us_std=3.621 kernel_us_cv=0.16 reps=7
TIMING_RUN bmm_layout bmm_layout B=4 2048x2048x1024 A=1,0,2 B=0,1,2 38s
-- bmm_layout B=4 1024x2048x2048 A=0,1,2 B=0,1,2
IO -- device-layout I/O (cost model, stick-padded) --
IO   op bmm [reduction]
IO     output op0                    torch [4, 1024, 2048] -> device [1024, 32, 4, 64] in HBM = 8388608 elems x 2B = 16777216 B  (hbm counted: 16777216 B)
IO     input  arg0_1                 torch [4, 1024, 2048] -> device [1024, 32, 4, 64] in HBM = 8388608 elems x 2B = 16777216 B  (hbm counted: 16777216 B)
IO     input  arg1_1                 torch [4, 2048, 2048] -> device [2048, 32, 4, 64] in HBM = 16777216 elems x 2B = 33554432 B  (hbm counted: 33554432 B)
IO   => HBM I/O total = 67108864 B  (lx 0 B, ~free)
MODEL -- estimate (turnaround): T = compute + (R+W)/BW_PEAK + a*min(R,W) --
MODEL   R=50331648 B (read)   W=16777216 B (write)   loop_trip L=1
MODEL   compute = MACs/cores/(mac_peak*pt_eff) = 17179869184/32/(1140*1.000) = 470.94 us  (M/m=256, pt_eff=1.000)
MODEL   base = R/150+W/150 = 447.39 us
MODEL   turn = a*min(R,W) = 0.00574*16777216 = 96.30 us
MODEL   => T_model = 3649.04 us
MODEL FEATS [{"name":"bmm","is_reduction":true,"out_elems":8388608,"cores":32,"dtype_bytes":2,"args":[{"name":"op0","role":"output","mem":"hbm","elems":8388608,"broadcast":false,"dims":[1024,32,4,64],"logical":[4,1024,2048],"loop_factor":1},{"name":"arg0_1","role":"input","mem":"hbm","elems":8388608,"broadcast":false,"dims":[1024,32,4,64],"logical":[4,1024,2048],"loop_factor":1},{"name":"arg1_1","role":"input","mem":"hbm","elems":16777216,"broadcast":false,"dims":[2048,32,4,64],"logical":[4,2048,2048],"loop_factor":1}],"reduction_cores":1,"loop_trip":1,"tiles_output_dim":false,"tile_rows_per_core":0.0,"is_matmul":true,"matmul_macs":17179869184,"matmul_rows_per_core":256.0,"matmul_cols_per_core":256.0,"matmul_a_bytes":4194304,"matmul_b_bytes":8388608,"matmul_m_split":4,"matmul_n_split":8,"hbm_pattern":""}]
TIMING op=bmm_layout reps=7/7 prof_wall_s=12.84 per_rep_s=1.834
SUMMARY op=bmm_layout rows=1024 cols=2048 cores=32 tiles=0 lx=1 io_hbm_bytes=67108864 kernel_us=3697.678 pred_us=3649.038 err_pct=-1.3 bw_gbps=18.1 memset_us=321.415 other_dev_us=956.934 total_dev_us=4976.027 kernel_us_min=3679.072 kernel_us_median=3697.678 kernel_us_mean=3695.017 kernel_us_std=12.114 kernel_us_cv=0.33 reps=7
TIMING_RUN bmm_layout bmm_layout B=4 1024x2048x2048 A=0,1,2 B=0,1,2 43s
-- bmm_layout B=4 1024x2048x2048 A=1,0,2 B=1,0,2
IO -- device-layout I/O (cost model, stick-padded) --
IO   op bmm [reduction]
IO     output op0                    torch [4, 1024, 2048] -> device [1024, 32, 4, 64] in HBM = 8388608 elems x 2B = 16777216 B  (hbm counted: 16777216 B)
IO     input  arg0_1                 torch [4, 1024, 2048] -> device [4, 32, 1024, 64] in HBM = 8388608 elems x 2B = 16777216 B  (hbm counted: 16777216 B)
IO     input  arg1_1                 torch [4, 2048, 2048] -> device [4, 32, 2048, 64] in HBM = 16777216 elems x 2B = 33554432 B  (hbm counted: 33554432 B)
IO   => HBM I/O total = 67108864 B  (lx 0 B, ~free)
MODEL -- estimate (turnaround): T = compute + (R+W)/BW_PEAK + a*min(R,W) --
MODEL   R=50331648 B (read)   W=16777216 B (write)   loop_trip L=1
MODEL   compute = MACs/cores/(mac_peak*pt_eff) = 17179869184/32/(1140*1.000) = 470.94 us  (M/m=256, pt_eff=1.000)
MODEL   base = R/150+W/150 = 447.39 us
MODEL   turn = a*min(R,W) = 0.00574*16777216 = 96.30 us
MODEL   => T_model = 798.00 us
MODEL FEATS [{"name":"bmm","is_reduction":true,"out_elems":8388608,"cores":32,"dtype_bytes":2,"args":[{"name":"op0","role":"output","mem":"hbm","elems":8388608,"broadcast":false,"dims":[1024,32,4,64],"logical":[4,1024,2048],"loop_factor":1},{"name":"arg0_1","role":"input","mem":"hbm","elems":8388608,"broadcast":false,"dims":[4,32,1024,64],"logical":[4,1024,2048],"loop_factor":1},{"name":"arg1_1","role":"input","mem":"hbm","elems":16777216,"broadcast":false,"dims":[4,32,2048,64],"logical":[4,2048,2048],"loop_factor":1}],"reduction_cores":1,"loop_trip":1,"tiles_output_dim":false,"tile_rows_per_core":0.0,"is_matmul":true,"matmul_macs":17179869184,"matmul_rows_per_core":256.0,"matmul_cols_per_core":256.0,"matmul_a_bytes":4194304,"matmul_b_bytes":8388608,"matmul_m_split":4,"matmul_n_split":8,"hbm_pattern":""}]
TIMING op=bmm_layout reps=7/7 prof_wall_s=17.22 per_rep_s=2.461
SUMMARY op=bmm_layout rows=1024 cols=2048 cores=32 tiles=0 lx=1 io_hbm_bytes=67108864 kernel_us=1147.951 pred_us=798.001 err_pct=-30.5 bw_gbps=58.5 memset_us=316.458 other_dev_us=895.913 total_dev_us=2360.322 kernel_us_min=1144.745 kernel_us_median=1147.951 kernel_us_mean=1148.363 kernel_us_std=2.307 kernel_us_cv=0.20 reps=7
TIMING_RUN bmm_layout bmm_layout B=4 1024x2048x2048 A=1,0,2 B=1,0,2 50s
-- bmm_layout B=4 1024x2048x2048 A=0,1,2 B=1,0,2
IO -- device-layout I/O (cost model, stick-padded) --
IO   op bmm [reduction]
IO     output op0                    torch [4, 1024, 2048] -> device [1024, 32, 4, 64] in HBM = 8388608 elems x 2B = 16777216 B  (hbm counted: 16777216 B)
IO     input  arg0_1                 torch [4, 1024, 2048] -> device [1024, 32, 4, 64] in HBM = 8388608 elems x 2B = 16777216 B  (hbm counted: 16777216 B)
IO     input  arg1_1                 torch [4, 2048, 2048] -> device [4, 32, 2048, 64] in HBM = 16777216 elems x 2B = 33554432 B  (hbm counted: 33554432 B)
IO   => HBM I/O total = 67108864 B  (lx 0 B, ~free)
MODEL -- estimate (turnaround): T = compute + (R+W)/BW_PEAK + a*min(R,W) --
MODEL   R=50331648 B (read)   W=16777216 B (write)   loop_trip L=1
MODEL   compute = MACs/cores/(mac_peak*pt_eff) = 17179869184/32/(1140*1.000) = 470.94 us  (M/m=256, pt_eff=1.000)
MODEL   base = R/150+W/150 = 447.39 us
MODEL   turn = a*min(R,W) = 0.00574*16777216 = 96.30 us
MODEL   => T_model = 798.00 us
MODEL FEATS [{"name":"bmm","is_reduction":true,"out_elems":8388608,"cores":32,"dtype_bytes":2,"args":[{"name":"op0","role":"output","mem":"hbm","elems":8388608,"broadcast":false,"dims":[1024,32,4,64],"logical":[4,1024,2048],"loop_factor":1},{"name":"arg0_1","role":"input","mem":"hbm","elems":8388608,"broadcast":false,"dims":[1024,32,4,64],"logical":[4,1024,2048],"loop_factor":1},{"name":"arg1_1","role":"input","mem":"hbm","elems":16777216,"broadcast":false,"dims":[4,32,2048,64],"logical":[4,2048,2048],"loop_factor":1}],"reduction_cores":1,"loop_trip":1,"tiles_output_dim":false,"tile_rows_per_core":0.0,"is_matmul":true,"matmul_macs":17179869184,"matmul_rows_per_core":256.0,"matmul_cols_per_core":256.0,"matmul_a_bytes":4194304,"matmul_b_bytes":8388608,"matmul_m_split":4,"matmul_n_split":8,"hbm_pattern":""}]
TIMING op=bmm_layout reps=7/7 prof_wall_s=15.31 per_rep_s=2.187
SUMMARY op=bmm_layout rows=1024 cols=2048 cores=32 tiles=0 lx=1 io_hbm_bytes=67108864 kernel_us=2479.370 pred_us=798.001 err_pct=-67.8 bw_gbps=27.1 memset_us=325.502 other_dev_us=727.404 total_dev_us=3532.276 kernel_us_min=2469.104 kernel_us_median=2479.370 kernel_us_mean=2480.569 kernel_us_std=11.113 kernel_us_cv=0.45 reps=7
TIMING_RUN bmm_layout bmm_layout B=4 1024x2048x2048 A=0,1,2 B=1,0,2 49s
-- bmm_layout B=4 1024x2048x2048 A=1,0,2 B=0,1,2
IO -- device-layout I/O (cost model, stick-padded) --
IO   op bmm [reduction]
IO     output op0                    torch [4, 1024, 2048] -> device [1024, 32, 4, 64] in HBM = 8388608 elems x 2B = 16777216 B  (hbm counted: 16777216 B)
IO     input  arg0_1                 torch [4, 1024, 2048] -> device [4, 32, 1024, 64] in HBM = 8388608 elems x 2B = 16777216 B  (hbm counted: 16777216 B)
IO     input  arg1_1                 torch [4, 2048, 2048] -> device [2048, 32, 4, 64] in HBM = 16777216 elems x 2B = 33554432 B  (hbm counted: 33554432 B)
IO   => HBM I/O total = 67108864 B  (lx 0 B, ~free)
MODEL -- estimate (turnaround): T = compute + (R+W)/BW_PEAK + a*min(R,W) --
MODEL   R=50331648 B (read)   W=16777216 B (write)   loop_trip L=1
MODEL   compute = MACs/cores/(mac_peak*pt_eff) = 17179869184/32/(1140*1.000) = 470.94 us  (M/m=256, pt_eff=1.000)
MODEL   base = R/150+W/150 = 447.39 us
MODEL   turn = a*min(R,W) = 0.00574*16777216 = 96.30 us
MODEL   => T_model = 798.00 us
MODEL FEATS [{"name":"bmm","is_reduction":true,"out_elems":8388608,"cores":32,"dtype_bytes":2,"args":[{"name":"op0","role":"output","mem":"hbm","elems":8388608,"broadcast":false,"dims":[1024,32,4,64],"logical":[4,1024,2048],"loop_factor":1},{"name":"arg0_1","role":"input","mem":"hbm","elems":8388608,"broadcast":false,"dims":[4,32,1024,64],"logical":[4,1024,2048],"loop_factor":1},{"name":"arg1_1","role":"input","mem":"hbm","elems":16777216,"broadcast":false,"dims":[2048,32,4,64],"logical":[4,2048,2048],"loop_factor":1}],"reduction_cores":1,"loop_trip":1,"tiles_output_dim":false,"tile_rows_per_core":0.0,"is_matmul":true,"matmul_macs":17179869184,"matmul_rows_per_core":256.0,"matmul_cols_per_core":256.0,"matmul_a_bytes":4194304,"matmul_b_bytes":8388608,"matmul_m_split":4,"matmul_n_split":8,"hbm_pattern":""}]
TIMING op=bmm_layout reps=7/7 prof_wall_s=14.85 per_rep_s=2.121
SUMMARY op=bmm_layout rows=1024 cols=2048 cores=32 tiles=0 lx=1 io_hbm_bytes=67108864 kernel_us=2145.567 pred_us=798.001 err_pct=-62.8 bw_gbps=31.3 memset_us=323.984 other_dev_us=918.731 total_dev_us=3388.282 kernel_us_min=2137.864 kernel_us_median=2145.567 kernel_us_mean=2145.300 kernel_us_std=4.008 kernel_us_cv=0.19 reps=7
TIMING_RUN bmm_layout bmm_layout B=4 1024x2048x2048 A=1,0,2 B=0,1,2 40s
-- bmm_layout B=8 1024x2048x1024 A=0,1,2 B=0,1,2
IO -- device-layout I/O (cost model, stick-padded) --
IO   op bmm [reduction]
IO     output op0                    torch [8, 1024, 1024] -> device [1024, 16, 8, 64] in HBM = 8388608 elems x 2B = 16777216 B  (hbm counted: 16777216 B)
IO     input  arg0_1                 torch [8, 1024, 2048] -> device [1024, 32, 8, 64] in HBM = 16777216 elems x 2B = 33554432 B  (hbm counted: 33554432 B)
IO     input  arg1_1                 torch [8, 2048, 1024] -> device [2048, 16, 8, 64] in HBM = 16777216 elems x 2B = 33554432 B  (hbm counted: 33554432 B)
IO   => HBM I/O total = 83886080 B  (lx 0 B, ~free)
MODEL -- estimate (turnaround): T = compute + (R+W)/BW_PEAK + a*min(R,W) --
MODEL   R=67108864 B (read)   W=16777216 B (write)   loop_trip L=1
MODEL   compute = MACs/cores/(mac_peak*pt_eff) = 17179869184/32/(1140*1.000) = 470.94 us  (M/m=256, pt_eff=1.000)
MODEL   base = R/150+W/150 = 559.24 us
MODEL   turn = a*min(R,W) = 0.00574*16777216 = 96.30 us
MODEL   => T_model = 3709.44 us
MODEL FEATS [{"name":"bmm","is_reduction":true,"out_elems":8388608,"cores":32,"dtype_bytes":2,"args":[{"name":"op0","role":"output","mem":"hbm","elems":8388608,"broadcast":false,"dims":[1024,16,8,64],"logical":[8,1024,1024],"loop_factor":1},{"name":"arg0_1","role":"input","mem":"hbm","elems":16777216,"broadcast":false,"dims":[1024,32,8,64],"logical":[8,1024,2048],"loop_factor":1},{"name":"arg1_1","role":"input","mem":"hbm","elems":16777216,"broadcast":false,"dims":[2048,16,8,64],"logical":[8,2048,1024],"loop_factor":1}],"reduction_cores":1,"loop_trip":1,"tiles_output_dim":false,"tile_rows_per_core":0.0,"is_matmul":true,"matmul_macs":17179869184,"matmul_rows_per_core":256.0,"matmul_cols_per_core":128.0,"matmul_a_bytes":4194304,"matmul_b_bytes":4194304,"matmul_m_split":4,"matmul_n_split":8,"hbm_pattern":""}]
TIMING op=bmm_layout reps=7/7 prof_wall_s=11.55 per_rep_s=1.650
SUMMARY op=bmm_layout rows=1024 cols=2048 cores=32 tiles=0 lx=1 io_hbm_bytes=83886080 kernel_us=3670.442 pred_us=3709.436 err_pct=+1.1 bw_gbps=22.9 memset_us=321.493 other_dev_us=914.960 total_dev_us=4906.895 kernel_us_min=3663.143 kernel_us_median=3670.442 kernel_us_mean=3672.910 kernel_us_std=8.161 kernel_us_cv=0.22 reps=7
TIMING_RUN bmm_layout bmm_layout B=8 1024x2048x1024 A=0,1,2 B=0,1,2 38s
-- bmm_layout B=8 1024x2048x1024 A=1,0,2 B=1,0,2
IO -- device-layout I/O (cost model, stick-padded) --
IO   op bmm [reduction]
IO     output op0                    torch [8, 1024, 1024] -> device [1024, 16, 8, 64] in HBM = 8388608 elems x 2B = 16777216 B  (hbm counted: 16777216 B)
IO     input  arg0_1                 torch [8, 1024, 2048] -> device [8, 32, 1024, 64] in HBM = 16777216 elems x 2B = 33554432 B  (hbm counted: 33554432 B)
IO     input  arg1_1                 torch [8, 2048, 1024] -> device [8, 16, 2048, 64] in HBM = 16777216 elems x 2B = 33554432 B  (hbm counted: 33554432 B)
IO   => HBM I/O total = 83886080 B  (lx 0 B, ~free)
MODEL -- estimate (turnaround): T = compute + (R+W)/BW_PEAK + a*min(R,W) --
MODEL   R=67108864 B (read)   W=16777216 B (write)   loop_trip L=1
MODEL   compute = MACs/cores/(mac_peak*pt_eff) = 17179869184/32/(1140*1.000) = 470.94 us  (M/m=256, pt_eff=1.000)
MODEL   base = R/150+W/150 = 559.24 us
MODEL   turn = a*min(R,W) = 0.00574*16777216 = 96.30 us
MODEL   => T_model = 909.85 us
MODEL FEATS [{"name":"bmm","is_reduction":true,"out_elems":8388608,"cores":32,"dtype_bytes":2,"args":[{"name":"op0","role":"output","mem":"hbm","elems":8388608,"broadcast":false,"dims":[1024,16,8,64],"logical":[8,1024,1024],"loop_factor":1},{"name":"arg0_1","role":"input","mem":"hbm","elems":16777216,"broadcast":false,"dims":[8,32,1024,64],"logical":[8,1024,2048],"loop_factor":1},{"name":"arg1_1","role":"input","mem":"hbm","elems":16777216,"broadcast":false,"dims":[8,16,2048,64],"logical":[8,2048,1024],"loop_factor":1}],"reduction_cores":1,"loop_trip":1,"tiles_output_dim":false,"tile_rows_per_core":0.0,"is_matmul":true,"matmul_macs":17179869184,"matmul_rows_per_core":256.0,"matmul_cols_per_core":128.0,"matmul_a_bytes":4194304,"matmul_b_bytes":4194304,"matmul_m_split":4,"matmul_n_split":8,"hbm_pattern":""}]
TIMING op=bmm_layout reps=7/7 prof_wall_s=15.54 per_rep_s=2.220
SUMMARY op=bmm_layout rows=1024 cols=2048 cores=32 tiles=0 lx=1 io_hbm_bytes=83886080 kernel_us=1174.447 pred_us=909.849 err_pct=-22.5 bw_gbps=71.4 memset_us=323.779 other_dev_us=748.230 total_dev_us=2246.456 kernel_us_min=1167.402 kernel_us_median=1174.447 kernel_us_mean=1175.554 kernel_us_std=5.661 kernel_us_cv=0.48 reps=7
TIMING_RUN bmm_layout bmm_layout B=8 1024x2048x1024 A=1,0,2 B=1,0,2 42s
-- bmm_layout B=8 1024x2048x1024 A=0,1,2 B=1,0,2
IO -- device-layout I/O (cost model, stick-padded) --
IO   op bmm [reduction]
IO     output op0                    torch [8, 1024, 1024] -> device [1024, 16, 8, 64] in HBM = 8388608 elems x 2B = 16777216 B  (hbm counted: 16777216 B)
IO     input  arg0_1                 torch [8, 1024, 2048] -> device [1024, 32, 8, 64] in HBM = 16777216 elems x 2B = 33554432 B  (hbm counted: 33554432 B)
IO     input  arg1_1                 torch [8, 2048, 1024] -> device [8, 16, 2048, 64] in HBM = 16777216 elems x 2B = 33554432 B  (hbm counted: 33554432 B)
IO   => HBM I/O total = 83886080 B  (lx 0 B, ~free)
MODEL -- estimate (turnaround): T = compute + (R+W)/BW_PEAK + a*min(R,W) --
MODEL   R=67108864 B (read)   W=16777216 B (write)   loop_trip L=1
MODEL   compute = MACs/cores/(mac_peak*pt_eff) = 17179869184/32/(1140*1.000) = 470.94 us  (M/m=256, pt_eff=1.000)
MODEL   base = R/150+W/150 = 559.24 us
MODEL   turn = a*min(R,W) = 0.00574*16777216 = 96.30 us
MODEL   => T_model = 909.85 us
MODEL FEATS [{"name":"bmm","is_reduction":true,"out_elems":8388608,"cores":32,"dtype_bytes":2,"args":[{"name":"op0","role":"output","mem":"hbm","elems":8388608,"broadcast":false,"dims":[1024,16,8,64],"logical":[8,1024,1024],"loop_factor":1},{"name":"arg0_1","role":"input","mem":"hbm","elems":16777216,"broadcast":false,"dims":[1024,32,8,64],"logical":[8,1024,2048],"loop_factor":1},{"name":"arg1_1","role":"input","mem":"hbm","elems":16777216,"broadcast":false,"dims":[8,16,2048,64],"logical":[8,2048,1024],"loop_factor":1}],"reduction_cores":1,"loop_trip":1,"tiles_output_dim":false,"tile_rows_per_core":0.0,"is_matmul":true,"matmul_macs":17179869184,"matmul_rows_per_core":256.0,"matmul_cols_per_core":128.0,"matmul_a_bytes":4194304,"matmul_b_bytes":4194304,"matmul_m_split":4,"matmul_n_split":8,"hbm_pattern":""}]
TIMING op=bmm_layout reps=7/7 prof_wall_s=13.79 per_rep_s=1.970
SUMMARY op=bmm_layout rows=1024 cols=2048 cores=32 tiles=0 lx=1 io_hbm_bytes=83886080 kernel_us=2572.041 pred_us=909.849 err_pct=-64.6 bw_gbps=32.6 memset_us=318.300 other_dev_us=836.181 total_dev_us=3726.522 kernel_us_min=2562.598 kernel_us_median=2572.041 kernel_us_mean=2572.911 kernel_us_std=7.585 kernel_us_cv=0.29 reps=7
TIMING_RUN bmm_layout bmm_layout B=8 1024x2048x1024 A=0,1,2 B=1,0,2 40s
-- bmm_layout B=8 1024x2048x1024 A=1,0,2 B=0,1,2
IO -- device-layout I/O (cost model, stick-padded) --
IO   op bmm [reduction]
IO     output op0                    torch [8, 1024, 1024] -> device [1024, 16, 8, 64] in HBM = 8388608 elems x 2B = 16777216 B  (hbm counted: 16777216 B)
IO     input  arg0_1                 torch [8, 1024, 2048] -> device [8, 32, 1024, 64] in HBM = 16777216 elems x 2B = 33554432 B  (hbm counted: 33554432 B)
IO     input  arg1_1                 torch [8, 2048, 1024] -> device [2048, 16, 8, 64] in HBM = 16777216 elems x 2B = 33554432 B  (hbm counted: 33554432 B)
IO   => HBM I/O total = 83886080 B  (lx 0 B, ~free)
MODEL -- estimate (turnaround): T = compute + (R+W)/BW_PEAK + a*min(R,W) --
MODEL   R=67108864 B (read)   W=16777216 B (write)   loop_trip L=1
MODEL   compute = MACs/cores/(mac_peak*pt_eff) = 17179869184/32/(1140*1.000) = 470.94 us  (M/m=256, pt_eff=1.000)
MODEL   base = R/150+W/150 = 559.24 us
MODEL   turn = a*min(R,W) = 0.00574*16777216 = 96.30 us
MODEL   => T_model = 909.85 us
MODEL FEATS [{"name":"bmm","is_reduction":true,"out_elems":8388608,"cores":32,"dtype_bytes":2,"args":[{"name":"op0","role":"output","mem":"hbm","elems":8388608,"broadcast":false,"dims":[1024,16,8,64],"logical":[8,1024,1024],"loop_factor":1},{"name":"arg0_1","role":"input","mem":"hbm","elems":16777216,"broadcast":false,"dims":[8,32,1024,64],"logical":[8,1024,2048],"loop_factor":1},{"name":"arg1_1","role":"input","mem":"hbm","elems":16777216,"broadcast":false,"dims":[2048,16,8,64],"logical":[8,2048,1024],"loop_factor":1}],"reduction_cores":1,"loop_trip":1,"tiles_output_dim":false,"tile_rows_per_core":0.0,"is_matmul":true,"matmul_macs":17179869184,"matmul_rows_per_core":256.0,"matmul_cols_per_core":128.0,"matmul_a_bytes":4194304,"matmul_b_bytes":4194304,"matmul_m_split":4,"matmul_n_split":8,"hbm_pattern":""}]
TIMING op=bmm_layout reps=7/7 prof_wall_s=13.33 per_rep_s=1.905
SUMMARY op=bmm_layout rows=1024 cols=2048 cores=32 tiles=0 lx=1 io_hbm_bytes=83886080 kernel_us=2192.082 pred_us=909.849 err_pct=-58.5 bw_gbps=38.3 memset_us=332.284 other_dev_us=827.829 total_dev_us=3352.195 kernel_us_min=2180.078 kernel_us_median=2192.082 kernel_us_mean=2190.513 kernel_us_std=6.143 kernel_us_cv=0.28 reps=7
TIMING_RUN bmm_layout bmm_layout B=8 1024x2048x1024 A=1,0,2 B=0,1,2 39s
-- bmm_layout B=8 2048x2048x1024 A=0,1,2 B=0,1,2
IO -- device-layout I/O (cost model, stick-padded) --
IO   op bmm [reduction]
IO     output op0                    torch [8, 2048, 1024] -> device [2048, 16, 8, 64] in HBM = 16777216 elems x 2B = 33554432 B  (hbm counted: 33554432 B)
IO     input  arg0_1                 torch [8, 2048, 2048] -> device [2048, 32, 8, 64] in HBM = 33554432 elems x 2B = 67108864 B  (hbm counted: 67108864 B)
IO     input  arg1_1                 torch [8, 2048, 1024] -> device [2048, 16, 8, 64] in HBM = 16777216 elems x 2B = 33554432 B  (hbm counted: 33554432 B)
IO   => HBM I/O total = 134217728 B  (lx 0 B, ~free)
MODEL -- estimate (turnaround): T = compute + (R+W)/BW_PEAK + a*min(R,W) --
MODEL   R=100663296 B (read)   W=33554432 B (write)   loop_trip L=1
MODEL   compute = MACs/cores/(mac_peak*pt_eff) = 34359738368/32/(1140*1.000) = 941.88 us  (M/m=512, pt_eff=1.000)
MODEL   base = R/150+W/150 = 894.78 us
MODEL   turn = a*min(R,W) = 0.00574*33554432 = 192.60 us
MODEL   => T_model = 7298.08 us
MODEL FEATS [{"name":"bmm","is_reduction":true,"out_elems":16777216,"cores":32,"dtype_bytes":2,"args":[{"name":"op0","role":"output","mem":"hbm","elems":16777216,"broadcast":false,"dims":[2048,16,8,64],"logical":[8,2048,1024],"loop_factor":1},{"name":"arg0_1","role":"input","mem":"hbm","elems":33554432,"broadcast":false,"dims":[2048,32,8,64],"logical":[8,2048,2048],"loop_factor":1},{"name":"arg1_1","role":"input","mem":"hbm","elems":16777216,"broadcast":false,"dims":[2048,16,8,64],"logical":[8,2048,1024],"loop_factor":1}],"reduction_cores":1,"loop_trip":1,"tiles_output_dim":false,"tile_rows_per_core":0.0,"is_matmul":true,"matmul_macs":34359738368,"matmul_rows_per_core":512.0,"matmul_cols_per_core":128.0,"matmul_a_bytes":8388608,"matmul_b_bytes":4194304,"matmul_m_split":4,"matmul_n_split":8,"hbm_pattern":""}]
TIMING op=bmm_layout reps=7/7 prof_wall_s=11.79 per_rep_s=1.684
SUMMARY op=bmm_layout rows=2048 cols=2048 cores=32 tiles=0 lx=1 io_hbm_bytes=134217728 kernel_us=7416.291 pred_us=7298.076 err_pct=-1.6 bw_gbps=18.1 memset_us=482.328 other_dev_us=2311.968 total_dev_us=10210.587 kernel_us_min=7402.379 kernel_us_median=7416.291 kernel_us_mean=7420.231 kernel_us_std=11.991 kernel_us_cv=0.16 reps=7
TIMING_RUN bmm_layout bmm_layout B=8 2048x2048x1024 A=0,1,2 B=0,1,2 43s
-- bmm_layout B=8 2048x2048x1024 A=1,0,2 B=1,0,2
IO -- device-layout I/O (cost model, stick-padded) --
IO   op bmm [reduction]
IO     output op0                    torch [8, 2048, 1024] -> device [2048, 16, 8, 64] in HBM = 16777216 elems x 2B = 33554432 B  (hbm counted: 33554432 B)
IO     input  arg0_1                 torch [8, 2048, 2048] -> device [8, 32, 2048, 64] in HBM = 33554432 elems x 2B = 67108864 B  (hbm counted: 67108864 B)
IO     input  arg1_1                 torch [8, 2048, 1024] -> device [8, 16, 2048, 64] in HBM = 16777216 elems x 2B = 33554432 B  (hbm counted: 33554432 B)
IO   => HBM I/O total = 134217728 B  (lx 0 B, ~free)
MODEL -- estimate (turnaround): T = compute + (R+W)/BW_PEAK + a*min(R,W) --
MODEL   R=100663296 B (read)   W=33554432 B (write)   loop_trip L=1
MODEL   compute = MACs/cores/(mac_peak*pt_eff) = 34359738368/32/(1140*1.000) = 941.88 us  (M/m=512, pt_eff=1.000)
MODEL   base = R/150+W/150 = 894.78 us
MODEL   turn = a*min(R,W) = 0.00574*33554432 = 192.60 us
MODEL   => T_model = 1596.00 us
MODEL FEATS [{"name":"bmm","is_reduction":true,"out_elems":16777216,"cores":32,"dtype_bytes":2,"args":[{"name":"op0","role":"output","mem":"hbm","elems":16777216,"broadcast":false,"dims":[2048,16,8,64],"logical":[8,2048,1024],"loop_factor":1},{"name":"arg0_1","role":"input","mem":"hbm","elems":33554432,"broadcast":false,"dims":[8,32,2048,64],"logical":[8,2048,2048],"loop_factor":1},{"name":"arg1_1","role":"input","mem":"hbm","elems":16777216,"broadcast":false,"dims":[8,16,2048,64],"logical":[8,2048,1024],"loop_factor":1}],"reduction_cores":1,"loop_trip":1,"tiles_output_dim":false,"tile_rows_per_core":0.0,"is_matmul":true,"matmul_macs":34359738368,"matmul_rows_per_core":512.0,"matmul_cols_per_core":128.0,"matmul_a_bytes":8388608,"matmul_b_bytes":4194304,"matmul_m_split":4,"matmul_n_split":8,"hbm_pattern":""}]
TIMING op=bmm_layout reps=7/7 prof_wall_s=16.13 per_rep_s=2.304
SUMMARY op=bmm_layout rows=2048 cols=2048 cores=32 tiles=0 lx=1 io_hbm_bytes=134217728 kernel_us=2303.989 pred_us=1596.002 err_pct=-30.7 bw_gbps=58.3 memset_us=495.904 other_dev_us=2190.584 total_dev_us=4990.477 kernel_us_min=2274.183 kernel_us_median=2303.989 kernel_us_mean=2300.733 kernel_us_std=13.003 kernel_us_cv=0.57 reps=7
TIMING_RUN bmm_layout bmm_layout B=8 2048x2048x1024 A=1,0,2 B=1,0,2 44s
-- bmm_layout B=8 2048x2048x1024 A=0,1,2 B=1,0,2
IO -- device-layout I/O (cost model, stick-padded) --
IO   op bmm [reduction]
IO     output op0                    torch [8, 2048, 1024] -> device [2048, 16, 8, 64] in HBM = 16777216 elems x 2B = 33554432 B  (hbm counted: 33554432 B)
IO     input  arg0_1                 torch [8, 2048, 2048] -> device [2048, 32, 8, 64] in HBM = 33554432 elems x 2B = 67108864 B  (hbm counted: 67108864 B)
IO     input  arg1_1                 torch [8, 2048, 1024] -> device [8, 16, 2048, 64] in HBM = 16777216 elems x 2B = 33554432 B  (hbm counted: 33554432 B)
IO   => HBM I/O total = 134217728 B  (lx 0 B, ~free)
MODEL -- estimate (turnaround): T = compute + (R+W)/BW_PEAK + a*min(R,W) --
MODEL   R=100663296 B (read)   W=33554432 B (write)   loop_trip L=1
MODEL   compute = MACs/cores/(mac_peak*pt_eff) = 34359738368/32/(1140*1.000) = 941.88 us  (M/m=512, pt_eff=1.000)
MODEL   base = R/150+W/150 = 894.78 us
MODEL   turn = a*min(R,W) = 0.00574*33554432 = 192.60 us
MODEL   => T_model = 1596.00 us
MODEL FEATS [{"name":"bmm","is_reduction":true,"out_elems":16777216,"cores":32,"dtype_bytes":2,"args":[{"name":"op0","role":"output","mem":"hbm","elems":16777216,"broadcast":false,"dims":[2048,16,8,64],"logical":[8,2048,1024],"loop_factor":1},{"name":"arg0_1","role":"input","mem":"hbm","elems":33554432,"broadcast":false,"dims":[2048,32,8,64],"logical":[8,2048,2048],"loop_factor":1},{"name":"arg1_1","role":"input","mem":"hbm","elems":16777216,"broadcast":false,"dims":[8,16,2048,64],"logical":[8,2048,1024],"loop_factor":1}],"reduction_cores":1,"loop_trip":1,"tiles_output_dim":false,"tile_rows_per_core":0.0,"is_matmul":true,"matmul_macs":34359738368,"matmul_rows_per_core":512.0,"matmul_cols_per_core":128.0,"matmul_a_bytes":8388608,"matmul_b_bytes":4194304,"matmul_m_split":4,"matmul_n_split":8,"hbm_pattern":""}]
TIMING op=bmm_layout reps=7/7 prof_wall_s=13.92 per_rep_s=1.989
SUMMARY op=bmm_layout rows=2048 cols=2048 cores=32 tiles=0 lx=1 io_hbm_bytes=134217728 kernel_us=5149.659 pred_us=1596.002 err_pct=-69.0 bw_gbps=26.1 memset_us=481.038 other_dev_us=2311.656 total_dev_us=7942.353 kernel_us_min=5122.198 kernel_us_median=5149.659 kernel_us_mean=5150.708 kernel_us_std=20.288 kernel_us_cv=0.39 reps=7
TIMING_RUN bmm_layout bmm_layout B=8 2048x2048x1024 A=0,1,2 B=1,0,2 44s
-- bmm_layout B=8 2048x2048x1024 A=1,0,2 B=0,1,2
IO -- device-layout I/O (cost model, stick-padded) --
IO   op bmm [reduction]
IO     output op0                    torch [8, 2048, 1024] -> device [2048, 16, 8, 64] in HBM = 16777216 elems x 2B = 33554432 B  (hbm counted: 33554432 B)
IO     input  arg0_1                 torch [8, 2048, 2048] -> device [8, 32, 2048, 64] in HBM = 33554432 elems x 2B = 67108864 B  (hbm counted: 67108864 B)
IO     input  arg1_1                 torch [8, 2048, 1024] -> device [2048, 16, 8, 64] in HBM = 16777216 elems x 2B = 33554432 B  (hbm counted: 33554432 B)
IO   => HBM I/O total = 134217728 B  (lx 0 B, ~free)
MODEL -- estimate (turnaround): T = compute + (R+W)/BW_PEAK + a*min(R,W) --
MODEL   R=100663296 B (read)   W=33554432 B (write)   loop_trip L=1
MODEL   compute = MACs/cores/(mac_peak*pt_eff) = 34359738368/32/(1140*1.000) = 941.88 us  (M/m=512, pt_eff=1.000)
MODEL   base = R/150+W/150 = 894.78 us
MODEL   turn = a*min(R,W) = 0.00574*33554432 = 192.60 us
MODEL   => T_model = 1596.00 us
MODEL FEATS [{"name":"bmm","is_reduction":true,"out_elems":16777216,"cores":32,"dtype_bytes":2,"args":[{"name":"op0","role":"output","mem":"hbm","elems":16777216,"broadcast":false,"dims":[2048,16,8,64],"logical":[8,2048,1024],"loop_factor":1},{"name":"arg0_1","role":"input","mem":"hbm","elems":33554432,"broadcast":false,"dims":[8,32,2048,64],"logical":[8,2048,2048],"loop_factor":1},{"name":"arg1_1","role":"input","mem":"hbm","elems":16777216,"broadcast":false,"dims":[2048,16,8,64],"logical":[8,2048,1024],"loop_factor":1}],"reduction_cores":1,"loop_trip":1,"tiles_output_dim":false,"tile_rows_per_core":0.0,"is_matmul":true,"matmul_macs":34359738368,"matmul_rows_per_core":512.0,"matmul_cols_per_core":128.0,"matmul_a_bytes":8388608,"matmul_b_bytes":4194304,"matmul_m_split":4,"matmul_n_split":8,"hbm_pattern":""}]
TIMING op=bmm_layout reps=7/7 prof_wall_s=13.67 per_rep_s=1.953
SUMMARY op=bmm_layout rows=2048 cols=2048 cores=32 tiles=0 lx=1 io_hbm_bytes=134217728 kernel_us=4485.728 pred_us=1596.002 err_pct=-64.4 bw_gbps=29.9 memset_us=502.331 other_dev_us=2348.188 total_dev_us=7336.247 kernel_us_min=4467.552 kernel_us_median=4485.728 kernel_us_mean=4488.500 kernel_us_std=11.559 kernel_us_cv=0.26 reps=7
TIMING_RUN bmm_layout bmm_layout B=8 2048x2048x1024 A=1,0,2 B=0,1,2 38s
-- bmm_layout B=8 1024x2048x2048 A=0,1,2 B=0,1,2
IO -- device-layout I/O (cost model, stick-padded) --
IO   op bmm [reduction]
IO     output op0                    torch [8, 1024, 2048] -> device [1024, 32, 8, 64] in HBM = 16777216 elems x 2B = 33554432 B  (hbm counted: 33554432 B)
IO     input  arg0_1                 torch [8, 1024, 2048] -> device [1024, 32, 8, 64] in HBM = 16777216 elems x 2B = 33554432 B  (hbm counted: 33554432 B)
IO     input  arg1_1                 torch [8, 2048, 2048] -> device [2048, 32, 8, 64] in HBM = 33554432 elems x 2B = 67108864 B  (hbm counted: 67108864 B)
IO   => HBM I/O total = 134217728 B  (lx 0 B, ~free)
MODEL -- estimate (turnaround): T = compute + (R+W)/BW_PEAK + a*min(R,W) --
MODEL   R=100663296 B (read)   W=33554432 B (write)   loop_trip L=1
MODEL   compute = MACs/cores/(mac_peak*pt_eff) = 34359738368/32/(1140*1.000) = 941.88 us  (M/m=256, pt_eff=1.000)
MODEL   base = R/150+W/150 = 894.78 us
MODEL   turn = a*min(R,W) = 0.00574*33554432 = 192.60 us
MODEL   => T_model = 7298.08 us
MODEL FEATS [{"name":"bmm","is_reduction":true,"out_elems":16777216,"cores":32,"dtype_bytes":2,"args":[{"name":"op0","role":"output","mem":"hbm","elems":16777216,"broadcast":false,"dims":[1024,32,8,64],"logical":[8,1024,2048],"loop_factor":1},{"name":"arg0_1","role":"input","mem":"hbm","elems":16777216,"broadcast":false,"dims":[1024,32,8,64],"logical":[8,1024,2048],"loop_factor":1},{"name":"arg1_1","role":"input","mem":"hbm","elems":33554432,"broadcast":false,"dims":[2048,32,8,64],"logical":[8,2048,2048],"loop_factor":1}],"reduction_cores":1,"loop_trip":1,"tiles_output_dim":false,"tile_rows_per_core":0.0,"is_matmul":true,"matmul_macs":34359738368,"matmul_rows_per_core":256.0,"matmul_cols_per_core":256.0,"matmul_a_bytes":4194304,"matmul_b_bytes":8388608,"matmul_m_split":4,"matmul_n_split":8,"hbm_pattern":""}]
TIMING op=bmm_layout reps=7/7 prof_wall_s=13.16 per_rep_s=1.880
SUMMARY op=bmm_layout rows=1024 cols=2048 cores=32 tiles=0 lx=1 io_hbm_bytes=134217728 kernel_us=7283.694 pred_us=7298.076 err_pct=+0.2 bw_gbps=18.4 memset_us=472.433 other_dev_us=2279.218 total_dev_us=10035.345 kernel_us_min=7221.042 kernel_us_median=7283.694 kernel_us_mean=7272.179 kernel_us_std=26.619 kernel_us_cv=0.37 reps=7
TIMING_RUN bmm_layout bmm_layout B=8 1024x2048x2048 A=0,1,2 B=0,1,2 41s
-- bmm_layout B=8 1024x2048x2048 A=1,0,2 B=1,0,2
IO -- device-layout I/O (cost model, stick-padded) --
IO   op bmm [reduction]
IO     output op0                    torch [8, 1024, 2048] -> device [1024, 32, 8, 64] in HBM = 16777216 elems x 2B = 33554432 B  (hbm counted: 33554432 B)
IO     input  arg0_1                 torch [8, 1024, 2048] -> device [8, 32, 1024, 64] in HBM = 16777216 elems x 2B = 33554432 B  (hbm counted: 33554432 B)
IO     input  arg1_1                 torch [8, 2048, 2048] -> device [8, 32, 2048, 64] in HBM = 33554432 elems x 2B = 67108864 B  (hbm counted: 67108864 B)
IO   => HBM I/O total = 134217728 B  (lx 0 B, ~free)
MODEL -- estimate (turnaround): T = compute + (R+W)/BW_PEAK + a*min(R,W) --
MODEL   R=100663296 B (read)   W=33554432 B (write)   loop_trip L=1
MODEL   compute = MACs/cores/(mac_peak*pt_eff) = 34359738368/32/(1140*1.000) = 941.88 us  (M/m=256, pt_eff=1.000)
MODEL   base = R/150+W/150 = 894.78 us
MODEL   turn = a*min(R,W) = 0.00574*33554432 = 192.60 us
MODEL   => T_model = 1596.00 us
MODEL FEATS [{"name":"bmm","is_reduction":true,"out_elems":16777216,"cores":32,"dtype_bytes":2,"args":[{"name":"op0","role":"output","mem":"hbm","elems":16777216,"broadcast":false,"dims":[1024,32,8,64],"logical":[8,1024,2048],"loop_factor":1},{"name":"arg0_1","role":"input","mem":"hbm","elems":16777216,"broadcast":false,"dims":[8,32,1024,64],"logical":[8,1024,2048],"loop_factor":1},{"name":"arg1_1","role":"input","mem":"hbm","elems":33554432,"broadcast":false,"dims":[8,32,2048,64],"logical":[8,2048,2048],"loop_factor":1}],"reduction_cores":1,"loop_trip":1,"tiles_output_dim":false,"tile_rows_per_core":0.0,"is_matmul":true,"matmul_macs":34359738368,"matmul_rows_per_core":256.0,"matmul_cols_per_core":256.0,"matmul_a_bytes":4194304,"matmul_b_bytes":8388608,"matmul_m_split":4,"matmul_n_split":8,"hbm_pattern":""}]
TIMING op=bmm_layout reps=7/7 prof_wall_s=17.42 per_rep_s=2.489
SUMMARY op=bmm_layout rows=1024 cols=2048 cores=32 tiles=0 lx=1 io_hbm_bytes=134217728 kernel_us=2356.475 pred_us=1596.002 err_pct=-32.3 bw_gbps=57.0 memset_us=479.439 other_dev_us=2360.817 total_dev_us=5196.731 kernel_us_min=2341.609 kernel_us_median=2356.475 kernel_us_mean=2352.813 kernel_us_std=6.829 kernel_us_cv=0.29 reps=7
TIMING_RUN bmm_layout bmm_layout B=8 1024x2048x2048 A=1,0,2 B=1,0,2 47s
-- bmm_layout B=8 1024x2048x2048 A=0,1,2 B=1,0,2
IO -- device-layout I/O (cost model, stick-padded) --
IO   op bmm [reduction]
IO     output op0                    torch [8, 1024, 2048] -> device [1024, 32, 8, 64] in HBM = 16777216 elems x 2B = 33554432 B  (hbm counted: 33554432 B)
IO     input  arg0_1                 torch [8, 1024, 2048] -> device [1024, 32, 8, 64] in HBM = 16777216 elems x 2B = 33554432 B  (hbm counted: 33554432 B)
IO     input  arg1_1                 torch [8, 2048, 2048] -> device [8, 32, 2048, 64] in HBM = 33554432 elems x 2B = 67108864 B  (hbm counted: 67108864 B)
IO   => HBM I/O total = 134217728 B  (lx 0 B, ~free)
MODEL -- estimate (turnaround): T = compute + (R+W)/BW_PEAK + a*min(R,W) --
MODEL   R=100663296 B (read)   W=33554432 B (write)   loop_trip L=1
MODEL   compute = MACs/cores/(mac_peak*pt_eff) = 34359738368/32/(1140*1.000) = 941.88 us  (M/m=256, pt_eff=1.000)
MODEL   base = R/150+W/150 = 894.78 us
MODEL   turn = a*min(R,W) = 0.00574*33554432 = 192.60 us
MODEL   => T_model = 1596.00 us
MODEL FEATS [{"name":"bmm","is_reduction":true,"out_elems":16777216,"cores":32,"dtype_bytes":2,"args":[{"name":"op0","role":"output","mem":"hbm","elems":16777216,"broadcast":false,"dims":[1024,32,8,64],"logical":[8,1024,2048],"loop_factor":1},{"name":"arg0_1","role":"input","mem":"hbm","elems":16777216,"broadcast":false,"dims":[1024,32,8,64],"logical":[8,1024,2048],"loop_factor":1},{"name":"arg1_1","role":"input","mem":"hbm","elems":33554432,"broadcast":false,"dims":[8,32,2048,64],"logical":[8,2048,2048],"loop_factor":1}],"reduction_cores":1,"loop_trip":1,"tiles_output_dim":false,"tile_rows_per_core":0.0,"is_matmul":true,"matmul_macs":34359738368,"matmul_rows_per_core":256.0,"matmul_cols_per_core":256.0,"matmul_a_bytes":4194304,"matmul_b_bytes":8388608,"matmul_m_split":4,"matmul_n_split":8,"hbm_pattern":""}]
TIMING op=bmm_layout reps=7/7 prof_wall_s=15.49 per_rep_s=2.213
SUMMARY op=bmm_layout rows=1024 cols=2048 cores=32 tiles=0 lx=1 io_hbm_bytes=134217728 kernel_us=5033.592 pred_us=1596.002 err_pct=-68.3 bw_gbps=26.7 memset_us=498.290 other_dev_us=2298.256 total_dev_us=7830.138 kernel_us_min=5002.493 kernel_us_median=5033.592 kernel_us_mean=5031.952 kernel_us_std=13.283 kernel_us_cv=0.26 reps=7
TIMING_RUN bmm_layout bmm_layout B=8 1024x2048x2048 A=0,1,2 B=1,0,2 47s
-- bmm_layout B=8 1024x2048x2048 A=1,0,2 B=0,1,2
IO -- device-layout I/O (cost model, stick-padded) --
IO   op bmm [reduction]
IO     output op0                    torch [8, 1024, 2048] -> device [1024, 32, 8, 64] in HBM = 16777216 elems x 2B = 33554432 B  (hbm counted: 33554432 B)
IO     input  arg0_1                 torch [8, 1024, 2048] -> device [8, 32, 1024, 64] in HBM = 16777216 elems x 2B = 33554432 B  (hbm counted: 33554432 B)
IO     input  arg1_1                 torch [8, 2048, 2048] -> device [2048, 32, 8, 64] in HBM = 33554432 elems x 2B = 67108864 B  (hbm counted: 67108864 B)
IO   => HBM I/O total = 134217728 B  (lx 0 B, ~free)
MODEL -- estimate (turnaround): T = compute + (R+W)/BW_PEAK + a*min(R,W) --
MODEL   R=100663296 B (read)   W=33554432 B (write)   loop_trip L=1
MODEL   compute = MACs/cores/(mac_peak*pt_eff) = 34359738368/32/(1140*1.000) = 941.88 us  (M/m=256, pt_eff=1.000)
MODEL   base = R/150+W/150 = 894.78 us
MODEL   turn = a*min(R,W) = 0.00574*33554432 = 192.60 us
MODEL   => T_model = 1596.00 us
MODEL FEATS [{"name":"bmm","is_reduction":true,"out_elems":16777216,"cores":32,"dtype_bytes":2,"args":[{"name":"op0","role":"output","mem":"hbm","elems":16777216,"broadcast":false,"dims":[1024,32,8,64],"logical":[8,1024,2048],"loop_factor":1},{"name":"arg0_1","role":"input","mem":"hbm","elems":16777216,"broadcast":false,"dims":[8,32,1024,64],"logical":[8,1024,2048],"loop_factor":1},{"name":"arg1_1","role":"input","mem":"hbm","elems":33554432,"broadcast":false,"dims":[2048,32,8,64],"logical":[8,2048,2048],"loop_factor":1}],"reduction_cores":1,"loop_trip":1,"tiles_output_dim":false,"tile_rows_per_core":0.0,"is_matmul":true,"matmul_macs":34359738368,"matmul_rows_per_core":256.0,"matmul_cols_per_core":256.0,"matmul_a_bytes":4194304,"matmul_b_bytes":8388608,"matmul_m_split":4,"matmul_n_split":8,"hbm_pattern":""}]
TIMING op=bmm_layout reps=7/7 prof_wall_s=15.05 per_rep_s=2.150
SUMMARY op=bmm_layout rows=1024 cols=2048 cores=32 tiles=0 lx=1 io_hbm_bytes=134217728 kernel_us=4273.954 pred_us=1596.002 err_pct=-62.7 bw_gbps=31.4 memset_us=462.855 other_dev_us=2366.674 total_dev_us=7103.483 kernel_us_min=4251.276 kernel_us_median=4273.954 kernel_us_mean=4272.150 kernel_us_std=12.364 kernel_us_cv=0.29 reps=7
TIMING_RUN bmm_layout bmm_layout B=8 1024x2048x2048 A=1,0,2 B=0,1,2 43s
-- bmm_wd_3d2d B=2 1024x2048x1024
IO -- device-layout I/O (cost model, stick-padded) --
IO   op bmm_default [reduction]
IO     output op0                    torch [2, 1024, 1024] -> device [1024, 16, 2, 64] in HBM = 2097152 elems x 2B = 4194304 B  (hbm counted: 4194304 B)
IO     input  arg0_1                 torch [2, 1024, 2048] -> device [1024, 32, 2, 64] in HBM = 4194304 elems x 2B = 8388608 B  (hbm counted: 8388608 B)
IO     input  arg1_1                 torch [2048, 1024] -> device [16, 2048, 64] in HBM = 2097152 elems x 2B = 4194304 B  (hbm counted: 4194304 B) broadcast (loaded once)
IO   => HBM I/O total = 16777216 B  (lx 0 B, ~free)
MODEL -- estimate (turnaround): T = compute + (R+W)/BW_PEAK + a*min(R,W) --
MODEL   R=12582912 B (read)   W=4194304 B (write)   loop_trip L=1
MODEL   compute = MACs/cores/(mac_peak*pt_eff) = 4294967296/32/(1140*1.000) = 117.73 us  (M/m=256, pt_eff=1.000)
MODEL   base = R/150+W/150 = 111.85 us
MODEL   turn = a*min(R,W) = 0.00574*4194304 = 24.08 us
MODEL   => T_model = 199.50 us
MODEL FEATS [{"name":"bmm_default","is_reduction":true,"out_elems":2097152,"cores":32,"dtype_bytes":2,"args":[{"name":"op0","role":"output","mem":"hbm","elems":2097152,"broadcast":false,"dims":[1024,16,2,64],"logical":[2,1024,1024],"loop_factor":1},{"name":"arg0_1","role":"input","mem":"hbm","elems":4194304,"broadcast":false,"dims":[1024,32,2,64],"logical":[2,1024,2048],"loop_factor":1},{"name":"arg1_1","role":"input","mem":"hbm","elems":2097152,"broadcast":true,"dims":[16,2048,64],"logical":[2048,1024],"loop_factor":1}],"reduction_cores":1,"loop_trip":1,"tiles_output_dim":false,"tile_rows_per_core":0.0,"is_matmul":true,"matmul_macs":4294967296,"matmul_rows_per_core":256.0,"matmul_cols_per_core":128.0,"matmul_a_bytes":4194304,"matmul_b_bytes":4194304,"matmul_m_split":4,"matmul_n_split":8,"hbm_pattern":""}]
TIMING op=bmm_wd_3d2d reps=7/7 prof_wall_s=9.77 per_rep_s=1.396
SUMMARY op=bmm_wd_3d2d rows=1024 cols=2048 cores=32 tiles=0 lx=1 io_hbm_bytes=16777216 kernel_us=278.400 pred_us=199.500 err_pct=-28.3 bw_gbps=60.3 memset_us=165.038 other_dev_us=273.449 total_dev_us=716.887 kernel_us_min=276.834 kernel_us_median=278.400 kernel_us_mean=278.460 kernel_us_std=1.399 kernel_us_cv=0.50 reps=7
TIMING_RUN bmm_wd_3d2d bmm_wd_3d2d B=2 1024x2048x1024 34s
-- bmm_wd_3d2d B=2 2048x2048x1024
IO -- device-layout I/O (cost model, stick-padded) --
IO   op bmm_default [reduction]
IO     output op0                    torch [2, 2048, 1024] -> device [2048, 16, 2, 64] in HBM = 4194304 elems x 2B = 8388608 B  (hbm counted: 8388608 B)
IO     input  arg0_1                 torch [2, 2048, 2048] -> device [2048, 32, 2, 64] in HBM = 8388608 elems x 2B = 16777216 B  (hbm counted: 16777216 B)
IO     input  arg1_1                 torch [2048, 1024] -> device [16, 2048, 64] in HBM = 2097152 elems x 2B = 4194304 B  (hbm counted: 4194304 B) broadcast (loaded once)
IO   => HBM I/O total = 29360128 B  (lx 0 B, ~free)
MODEL -- estimate (turnaround): T = compute + (R+W)/BW_PEAK + a*min(R,W) --
MODEL   R=20971520 B (read)   W=8388608 B (write)   loop_trip L=1
MODEL   compute = MACs/cores/(mac_peak*pt_eff) = 8589934592/32/(1140*1.000) = 235.47 us  (M/m=512, pt_eff=1.000)
MODEL   base = R/150+W/150 = 195.73 us
MODEL   turn = a*min(R,W) = 0.00574*8388608 = 48.15 us
MODEL   => T_model = 371.04 us
MODEL FEATS [{"name":"bmm_default","is_reduction":true,"out_elems":4194304,"cores":32,"dtype_bytes":2,"args":[{"name":"op0","role":"output","mem":"hbm","elems":4194304,"broadcast":false,"dims":[2048,16,2,64],"logical":[2,2048,1024],"loop_factor":1},{"name":"arg0_1","role":"input","mem":"hbm","elems":8388608,"broadcast":false,"dims":[2048,32,2,64],"logical":[2,2048,2048],"loop_factor":1},{"name":"arg1_1","role":"input","mem":"hbm","elems":2097152,"broadcast":true,"dims":[16,2048,64],"logical":[2048,1024],"loop_factor":1}],"reduction_cores":1,"loop_trip":1,"tiles_output_dim":false,"tile_rows_per_core":0.0,"is_matmul":true,"matmul_macs":8589934592,"matmul_rows_per_core":512.0,"matmul_cols_per_core":128.0,"matmul_a_bytes":8388608,"matmul_b_bytes":4194304,"matmul_m_split":4,"matmul_n_split":8,"hbm_pattern":""}]
TIMING op=bmm_wd_3d2d reps=7/7 prof_wall_s=10.30 per_rep_s=1.471
SUMMARY op=bmm_wd_3d2d rows=2048 cols=2048 cores=32 tiles=0 lx=1 io_hbm_bytes=29360128 kernel_us=550.109 pred_us=371.038 err_pct=-32.6 bw_gbps=53.4 memset_us=250.259 other_dev_us=485.200 total_dev_us=1285.568 kernel_us_min=548.565 kernel_us_median=550.109 kernel_us_mean=550.625 kernel_us_std=1.640 kernel_us_cv=0.30 reps=7
TIMING_RUN bmm_wd_3d2d bmm_wd_3d2d B=2 2048x2048x1024 33s
-- bmm_wd_3d2d B=4 1024x2048x1024
IO -- device-layout I/O (cost model, stick-padded) --
IO   op bmm_default [reduction]
IO     output op0                    torch [4, 1024, 1024] -> device [1024, 16, 4, 64] in HBM = 4194304 elems x 2B = 8388608 B  (hbm counted: 8388608 B)
IO     input  arg0_1                 torch [4, 1024, 2048] -> device [1024, 32, 4, 64] in HBM = 8388608 elems x 2B = 16777216 B  (hbm counted: 16777216 B)
IO     input  arg1_1                 torch [2048, 1024] -> device [16, 2048, 64] in HBM = 2097152 elems x 2B = 4194304 B  (hbm counted: 4194304 B) broadcast (loaded once)
IO   => HBM I/O total = 29360128 B  (lx 0 B, ~free)
MODEL -- estimate (turnaround): T = compute + (R+W)/BW_PEAK + a*min(R,W) --
MODEL   R=20971520 B (read)   W=8388608 B (write)   loop_trip L=1
MODEL   compute = MACs/cores/(mac_peak*pt_eff) = 8589934592/32/(1140*1.000) = 235.47 us  (M/m=256, pt_eff=1.000)
MODEL   base = R/150+W/150 = 195.73 us
MODEL   turn = a*min(R,W) = 0.00574*8388608 = 48.15 us
MODEL   => T_model = 371.04 us
MODEL FEATS [{"name":"bmm_default","is_reduction":true,"out_elems":4194304,"cores":32,"dtype_bytes":2,"args":[{"name":"op0","role":"output","mem":"hbm","elems":4194304,"broadcast":false,"dims":[1024,16,4,64],"logical":[4,1024,1024],"loop_factor":1},{"name":"arg0_1","role":"input","mem":"hbm","elems":8388608,"broadcast":false,"dims":[1024,32,4,64],"logical":[4,1024,2048],"loop_factor":1},{"name":"arg1_1","role":"input","mem":"hbm","elems":2097152,"broadcast":true,"dims":[16,2048,64],"logical":[2048,1024],"loop_factor":1}],"reduction_cores":1,"loop_trip":1,"tiles_output_dim":false,"tile_rows_per_core":0.0,"is_matmul":true,"matmul_macs":8589934592,"matmul_rows_per_core":256.0,"matmul_cols_per_core":128.0,"matmul_a_bytes":4194304,"matmul_b_bytes":4194304,"matmul_m_split":4,"matmul_n_split":8,"hbm_pattern":""}]
TIMING op=bmm_wd_3d2d reps=7/7 prof_wall_s=9.15 per_rep_s=1.307
SUMMARY op=bmm_wd_3d2d rows=1024 cols=2048 cores=32 tiles=0 lx=1 io_hbm_bytes=29360128 kernel_us=488.735 pred_us=371.038 err_pct=-24.1 bw_gbps=60.1 memset_us=263.257 other_dev_us=373.711 total_dev_us=1125.703 kernel_us_min=483.362 kernel_us_median=488.735 kernel_us_mean=488.639 kernel_us_std=3.820 kernel_us_cv=0.78 reps=7
TIMING_RUN bmm_wd_3d2d bmm_wd_3d2d B=4 1024x2048x1024 35s
-- bmm_wd_3d2d B=4 2048x2048x1024
IO -- device-layout I/O (cost model, stick-padded) --
IO   op bmm_default [reduction]
IO     output op0                    torch [4, 2048, 1024] -> device [2048, 16, 4, 64] in HBM = 8388608 elems x 2B = 16777216 B  (hbm counted: 16777216 B)
IO     input  arg0_1                 torch [4, 2048, 2048] -> device [2048, 32, 4, 64] in HBM = 16777216 elems x 2B = 33554432 B  (hbm counted: 33554432 B)
IO     input  arg1_1                 torch [2048, 1024] -> device [16, 2048, 64] in HBM = 2097152 elems x 2B = 4194304 B  (hbm counted: 4194304 B) broadcast (loaded once)
IO   => HBM I/O total = 54525952 B  (lx 0 B, ~free)
MODEL -- estimate (turnaround): T = compute + (R+W)/BW_PEAK + a*min(R,W) --
MODEL   R=37748736 B (read)   W=16777216 B (write)   loop_trip L=1
MODEL   compute = MACs/cores/(mac_peak*pt_eff) = 17179869184/32/(1140*1.000) = 470.94 us  (M/m=512, pt_eff=1.000)
MODEL   base = R/150+W/150 = 363.51 us
MODEL   turn = a*min(R,W) = 0.00574*16777216 = 96.30 us
MODEL   => T_model = 719.24 us
MODEL FEATS [{"name":"bmm_default","is_reduction":true,"out_elems":8388608,"cores":32,"dtype_bytes":2,"args":[{"name":"op0","role":"output","mem":"hbm","elems":8388608,"broadcast":false,"dims":[2048,16,4,64],"logical":[4,2048,1024],"loop_factor":1},{"name":"arg0_1","role":"input","mem":"hbm","elems":16777216,"broadcast":false,"dims":[2048,32,4,64],"logical":[4,2048,2048],"loop_factor":1},{"name":"arg1_1","role":"input","mem":"hbm","elems":2097152,"broadcast":true,"dims":[16,2048,64],"logical":[2048,1024],"loop_factor":1}],"reduction_cores":1,"loop_trip":1,"tiles_output_dim":false,"tile_rows_per_core":0.0,"is_matmul":true,"matmul_macs":17179869184,"matmul_rows_per_core":512.0,"matmul_cols_per_core":128.0,"matmul_a_bytes":8388608,"matmul_b_bytes":4194304,"matmul_m_split":4,"matmul_n_split":8,"hbm_pattern":""}]
TIMING op=bmm_wd_3d2d reps=7/7 prof_wall_s=9.28 per_rep_s=1.325
SUMMARY op=bmm_wd_3d2d rows=2048 cols=2048 cores=32 tiles=0 lx=1 io_hbm_bytes=54525952 kernel_us=1006.276 pred_us=719.235 err_pct=-28.5 bw_gbps=54.2 memset_us=414.627 other_dev_us=576.938 total_dev_us=1997.841 kernel_us_min=982.045 kernel_us_median=1006.276 kernel_us_mean=1002.353 kernel_us_std=10.241 kernel_us_cv=1.02 reps=7
TIMING_RUN bmm_wd_3d2d bmm_wd_3d2d B=4 2048x2048x1024 30s
-- bmm_wd_3d2d B=8 1024x2048x1024
IO -- device-layout I/O (cost model, stick-padded) --
IO   op bmm_default [reduction]
IO     output op0                    torch [8, 1024, 1024] -> device [1024, 16, 8, 64] in HBM = 8388608 elems x 2B = 16777216 B  (hbm counted: 16777216 B)
IO     input  arg0_1                 torch [8, 1024, 2048] -> device [1024, 32, 8, 64] in HBM = 16777216 elems x 2B = 33554432 B  (hbm counted: 33554432 B)
IO     input  arg1_1                 torch [2048, 1024] -> device [16, 2048, 64] in HBM = 2097152 elems x 2B = 4194304 B  (hbm counted: 4194304 B) broadcast (loaded once)
IO   => HBM I/O total = 54525952 B  (lx 0 B, ~free)
MODEL -- estimate (turnaround): T = compute + (R+W)/BW_PEAK + a*min(R,W) --
MODEL   R=37748736 B (read)   W=16777216 B (write)   loop_trip L=1
MODEL   compute = MACs/cores/(mac_peak*pt_eff) = 17179869184/32/(1140*1.000) = 470.94 us  (M/m=256, pt_eff=1.000)
MODEL   base = R/150+W/150 = 363.51 us
MODEL   turn = a*min(R,W) = 0.00574*16777216 = 96.30 us
MODEL   => T_model = 719.24 us
MODEL FEATS [{"name":"bmm_default","is_reduction":true,"out_elems":8388608,"cores":32,"dtype_bytes":2,"args":[{"name":"op0","role":"output","mem":"hbm","elems":8388608,"broadcast":false,"dims":[1024,16,8,64],"logical":[8,1024,1024],"loop_factor":1},{"name":"arg0_1","role":"input","mem":"hbm","elems":16777216,"broadcast":false,"dims":[1024,32,8,64],"logical":[8,1024,2048],"loop_factor":1},{"name":"arg1_1","role":"input","mem":"hbm","elems":2097152,"broadcast":true,"dims":[16,2048,64],"logical":[2048,1024],"loop_factor":1}],"reduction_cores":1,"loop_trip":1,"tiles_output_dim":false,"tile_rows_per_core":0.0,"is_matmul":true,"matmul_macs":17179869184,"matmul_rows_per_core":256.0,"matmul_cols_per_core":128.0,"matmul_a_bytes":4194304,"matmul_b_bytes":4194304,"matmul_m_split":4,"matmul_n_split":8,"hbm_pattern":""}]
TIMING op=bmm_wd_3d2d reps=7/7 prof_wall_s=11.12 per_rep_s=1.589
SUMMARY op=bmm_wd_3d2d rows=1024 cols=2048 cores=32 tiles=0 lx=1 io_hbm_bytes=54525952 kernel_us=1397.616 pred_us=719.235 err_pct=-48.5 bw_gbps=39.0 memset_us=358.660 other_dev_us=897.491 total_dev_us=2653.767 kernel_us_min=1377.340 kernel_us_median=1397.616 kernel_us_mean=1394.388 kernel_us_std=8.691 kernel_us_cv=0.62 reps=7
TIMING_RUN bmm_wd_3d2d bmm_wd_3d2d B=8 1024x2048x1024 37s
-- bmm_wd_3d2d B=8 2048x2048x1024
IO -- device-layout I/O (cost model, stick-padded) --
IO   op bmm_default [reduction]
IO     output op0                    torch [8, 2048, 1024] -> device [2048, 16, 8, 64] in HBM = 16777216 elems x 2B = 33554432 B  (hbm counted: 33554432 B)
IO     input  arg0_1                 torch [8, 2048, 2048] -> device [2048, 32, 8, 64] in HBM = 33554432 elems x 2B = 67108864 B  (hbm counted: 67108864 B)
IO     input  arg1_1                 torch [2048, 1024] -> device [16, 2048, 64] in HBM = 2097152 elems x 2B = 4194304 B  (hbm counted: 4194304 B) broadcast (loaded once)
IO   => HBM I/O total = 104857600 B  (lx 0 B, ~free)
MODEL -- estimate (turnaround): T = compute + (R+W)/BW_PEAK + a*min(R,W) --
MODEL   R=71303168 B (read)   W=33554432 B (write)   loop_trip L=1
MODEL   compute = MACs/cores/(mac_peak*pt_eff) = 34359738368/32/(1140*1.000) = 941.88 us  (M/m=512, pt_eff=1.000)
MODEL   base = R/150+W/150 = 699.05 us
MODEL   turn = a*min(R,W) = 0.00574*33554432 = 192.60 us
MODEL   => T_model = 1423.37 us
MODEL FEATS [{"name":"bmm_default","is_reduction":true,"out_elems":16777216,"cores":32,"dtype_bytes":2,"args":[{"name":"op0","role":"output","mem":"hbm","elems":16777216,"broadcast":false,"dims":[2048,16,8,64],"logical":[8,2048,1024],"loop_factor":1},{"name":"arg0_1","role":"input","mem":"hbm","elems":33554432,"broadcast":false,"dims":[2048,32,8,64],"logical":[8,2048,2048],"loop_factor":1},{"name":"arg1_1","role":"input","mem":"hbm","elems":2097152,"broadcast":true,"dims":[16,2048,64],"logical":[2048,1024],"loop_factor":1}],"reduction_cores":1,"loop_trip":1,"tiles_output_dim":false,"tile_rows_per_core":0.0,"is_matmul":true,"matmul_macs":34359738368,"matmul_rows_per_core":512.0,"matmul_cols_per_core":128.0,"matmul_a_bytes":8388608,"matmul_b_bytes":4194304,"matmul_m_split":4,"matmul_n_split":8,"hbm_pattern":""}]
TIMING op=bmm_wd_3d2d reps=7/7 prof_wall_s=11.39 per_rep_s=1.627
SUMMARY op=bmm_wd_3d2d rows=2048 cols=2048 cores=32 tiles=0 lx=1 io_hbm_bytes=104857600 kernel_us=2726.841 pred_us=1423.371 err_pct=-47.8 bw_gbps=38.5 memset_us=496.535 other_dev_us=2383.543 total_dev_us=5606.919 kernel_us_min=2694.800 kernel_us_median=2726.841 kernel_us_mean=2721.711 kernel_us_std=12.413 kernel_us_cv=0.46 reps=7
TIMING_RUN bmm_wd_3d2d bmm_wd_3d2d B=8 2048x2048x1024 35s
-- bmm_wd cores=1 1024x2048x1024
IO -- device-layout I/O (cost model, stick-padded) --
IO   op bmm [reduction]
IO     output op0                    torch [4, 1024, 1024] -> device [1024, 16, 4, 64] in HBM = 4194304 elems x 2B = 8388608 B  (hbm counted: 8388608 B)
IO     input  arg0_1                 torch [4, 1024, 2048] -> device [1024, 32, 4, 64] in HBM = 8388608 elems x 2B = 16777216 B  (hbm counted: 16777216 B)
IO     input  arg1_1                 torch [4, 2048, 1024] -> device [2048, 16, 4, 64] in HBM = 8388608 elems x 2B = 16777216 B  (hbm counted: 16777216 B)
IO   => HBM I/O total = 41943040 B  (lx 0 B, ~free)
MODEL -- estimate (turnaround): T = compute + (R+W)/BW_PEAK + a*min(R,W) --
MODEL   R=33554432 B (read)   W=8388608 B (write)   loop_trip L=1
MODEL   compute = MACs/cores/(mac_peak*pt_eff) = 8589934592/1/(1140*1.000) = 7535.03 us  (M/m=0, pt_eff=1.000)
MODEL   base = R/150+W/150 = 279.62 us
MODEL   turn = a*min(R,W) = 0.00574*8388608 = 48.15 us
MODEL   => T_model = 7712.03 us
MODEL FEATS [{"name":"bmm","is_reduction":true,"out_elems":4194304,"cores":1,"dtype_bytes":2,"args":[{"name":"op0","role":"output","mem":"hbm","elems":4194304,"broadcast":false,"dims":[1024,16,4,64],"logical":[4,1024,1024],"loop_factor":1},{"name":"arg0_1","role":"input","mem":"hbm","elems":8388608,"broadcast":false,"dims":[1024,32,4,64],"logical":[4,1024,2048],"loop_factor":1},{"name":"arg1_1","role":"input","mem":"hbm","elems":8388608,"broadcast":false,"dims":[2048,16,4,64],"logical":[4,2048,1024],"loop_factor":1}],"reduction_cores":1,"loop_trip":1,"tiles_output_dim":false,"tile_rows_per_core":0.0,"is_matmul":true,"matmul_macs":8589934592,"matmul_rows_per_core":0.0,"matmul_cols_per_core":0.0,"matmul_a_bytes":0,"matmul_b_bytes":0,"matmul_m_split":1,"matmul_n_split":1,"hbm_pattern":""}]
TIMING op=bmm_wd reps=7/7 prof_wall_s=3.43 per_rep_s=0.490
SUMMARY op=bmm_wd rows=1024 cols=2048 cores=1 tiles=0 lx=1 io_hbm_bytes=41943040 kernel_us=21349.273 pred_us=7712.027 err_pct=-63.9 bw_gbps=2.0 memset_us=220.985 other_dev_us=386.706 total_dev_us=21956.964 kernel_us_min=21157.246 kernel_us_median=21349.273 kernel_us_mean=21330.681 kernel_us_std=138.378 kernel_us_cv=0.65 reps=7
TIMING_RUN bmm_wd bmm_wd cores=1 1024x2048x1024 25s
-- bmm_wd cores=2 1024x2048x1024
IO -- device-layout I/O (cost model, stick-padded) --
IO   op bmm [reduction]
IO     output op0                    torch [4, 1024, 1024] -> device [1024, 16, 4, 64] in HBM = 4194304 elems x 2B = 8388608 B  (hbm counted: 8388608 B)
IO     input  arg0_1                 torch [4, 1024, 2048] -> device [1024, 32, 4, 64] in HBM = 8388608 elems x 2B = 16777216 B  (hbm counted: 16777216 B)
IO     input  arg1_1                 torch [4, 2048, 1024] -> device [2048, 16, 4, 64] in HBM = 8388608 elems x 2B = 16777216 B  (hbm counted: 16777216 B)
IO   => HBM I/O total = 41943040 B  (lx 0 B, ~free)
MODEL -- estimate (turnaround): T = compute + (R+W)/BW_PEAK + a*min(R,W) --
MODEL   R=33554432 B (read)   W=8388608 B (write)   loop_trip L=1
MODEL   compute = MACs/cores/(mac_peak*pt_eff) = 8589934592/2/(1140*1.000) = 3767.52 us  (M/m=1024, pt_eff=1.000)
MODEL   base = R/150+W/150 = 279.62 us
MODEL   turn = a*min(R,W) = 0.00574*8388608 = 48.15 us
MODEL   => T_model = 3985.28 us
MODEL FEATS [{"name":"bmm","is_reduction":true,"out_elems":4194304,"cores":2,"dtype_bytes":2,"args":[{"name":"op0","role":"output","mem":"hbm","elems":4194304,"broadcast":false,"dims":[1024,16,4,64],"logical":[4,1024,1024],"loop_factor":1},{"name":"arg0_1","role":"input","mem":"hbm","elems":8388608,"broadcast":false,"dims":[1024,32,4,64],"logical":[4,1024,2048],"loop_factor":1},{"name":"arg1_1","role":"input","mem":"hbm","elems":8388608,"broadcast":false,"dims":[2048,16,4,64],"logical":[4,2048,1024],"loop_factor":1}],"reduction_cores":1,"loop_trip":1,"tiles_output_dim":false,"tile_rows_per_core":0.0,"is_matmul":true,"matmul_macs":8589934592,"matmul_rows_per_core":1024.0,"matmul_cols_per_core":512.0,"matmul_a_bytes":4194304,"matmul_b_bytes":4194304,"matmul_m_split":1,"matmul_n_split":2,"hbm_pattern":""}]
TIMING op=bmm_wd reps=7/7 prof_wall_s=3.54 per_rep_s=0.506
SUMMARY op=bmm_wd rows=1024 cols=2048 cores=2 tiles=0 lx=1 io_hbm_bytes=41943040 kernel_us=18190.206 pred_us=3985.280 err_pct=-78.1 bw_gbps=2.3 memset_us=239.810 other_dev_us=401.142 total_dev_us=18831.158 kernel_us_min=18111.802 kernel_us_median=18190.206 kernel_us_mean=18177.257 kernel_us_std=36.429 kernel_us_cv=0.20 reps=7
TIMING_RUN bmm_wd bmm_wd cores=2 1024x2048x1024 21s
-- bmm_wd cores=4 1024x2048x1024
IO -- device-layout I/O (cost model, stick-padded) --
IO   op bmm [reduction]
IO     output op0                    torch [4, 1024, 1024] -> device [1024, 16, 4, 64] in HBM = 4194304 elems x 2B = 8388608 B  (hbm counted: 8388608 B)
IO     input  arg0_1                 torch [4, 1024, 2048] -> device [1024, 32, 4, 64] in HBM = 8388608 elems x 2B = 16777216 B  (hbm counted: 16777216 B)
IO     input  arg1_1                 torch [4, 2048, 1024] -> device [2048, 16, 4, 64] in HBM = 8388608 elems x 2B = 16777216 B  (hbm counted: 16777216 B)
IO   => HBM I/O total = 41943040 B  (lx 0 B, ~free)
MODEL -- estimate (turnaround): T = compute + (R+W)/BW_PEAK + a*min(R,W) --
MODEL   R=33554432 B (read)   W=8388608 B (write)   loop_trip L=1
MODEL   compute = MACs/cores/(mac_peak*pt_eff) = 8589934592/4/(1140*1.000) = 1883.76 us  (M/m=1024, pt_eff=1.000)
MODEL   base = R/150+W/150 = 279.62 us
MODEL   turn = a*min(R,W) = 0.00574*8388608 = 48.15 us
MODEL   => T_model = 2087.93 us
MODEL FEATS [{"name":"bmm","is_reduction":true,"out_elems":4194304,"cores":4,"dtype_bytes":2,"args":[{"name":"op0","role":"output","mem":"hbm","elems":4194304,"broadcast":false,"dims":[1024,16,4,64],"logical":[4,1024,1024],"loop_factor":1},{"name":"arg0_1","role":"input","mem":"hbm","elems":8388608,"broadcast":false,"dims":[1024,32,4,64],"logical":[4,1024,2048],"loop_factor":1},{"name":"arg1_1","role":"input","mem":"hbm","elems":8388608,"broadcast":false,"dims":[2048,16,4,64],"logical":[4,2048,1024],"loop_factor":1}],"reduction_cores":1,"loop_trip":1,"tiles_output_dim":false,"tile_rows_per_core":0.0,"is_matmul":true,"matmul_macs":8589934592,"matmul_rows_per_core":1024.0,"matmul_cols_per_core":256.0,"matmul_a_bytes":4194304,"matmul_b_bytes":4194304,"matmul_m_split":1,"matmul_n_split":4,"hbm_pattern":""}]
TIMING op=bmm_wd reps=7/7 prof_wall_s=3.87 per_rep_s=0.552
SUMMARY op=bmm_wd rows=1024 cols=2048 cores=4 tiles=0 lx=1 io_hbm_bytes=41943040 kernel_us=11094.287 pred_us=2087.933 err_pct=-81.2 bw_gbps=3.8 memset_us=247.255 other_dev_us=464.534 total_dev_us=11806.076 kernel_us_min=11043.330 kernel_us_median=11094.287 kernel_us_mean=11090.060 kernel_us_std=22.106 kernel_us_cv=0.20 reps=7
TIMING_RUN bmm_wd bmm_wd cores=4 1024x2048x1024 19s
-- bmm_wd cores=8 1024x2048x1024
IO -- device-layout I/O (cost model, stick-padded) --
IO   op bmm [reduction]
IO     output op0                    torch [4, 1024, 1024] -> device [1024, 16, 4, 64] in HBM = 4194304 elems x 2B = 8388608 B  (hbm counted: 8388608 B)
IO     input  arg0_1                 torch [4, 1024, 2048] -> device [1024, 32, 4, 64] in HBM = 8388608 elems x 2B = 16777216 B  (hbm counted: 16777216 B)
IO     input  arg1_1                 torch [4, 2048, 1024] -> device [2048, 16, 4, 64] in HBM = 8388608 elems x 2B = 16777216 B  (hbm counted: 16777216 B)
IO   => HBM I/O total = 41943040 B  (lx 0 B, ~free)
MODEL -- estimate (turnaround): T = compute + (R+W)/BW_PEAK + a*min(R,W) --
MODEL   R=33554432 B (read)   W=8388608 B (write)   loop_trip L=1
MODEL   compute = MACs/cores/(mac_peak*pt_eff) = 8589934592/8/(1140*1.000) = 941.88 us  (M/m=512, pt_eff=1.000)
MODEL   base = R/150+W/150 = 279.62 us
MODEL   turn = a*min(R,W) = 0.00574*8388608 = 48.15 us
MODEL   => T_model = 6901.47 us
MODEL FEATS [{"name":"bmm","is_reduction":true,"out_elems":4194304,"cores":8,"dtype_bytes":2,"args":[{"name":"op0","role":"output","mem":"hbm","elems":4194304,"broadcast":false,"dims":[1024,16,4,64],"logical":[4,1024,1024],"loop_factor":1},{"name":"arg0_1","role":"input","mem":"hbm","elems":8388608,"broadcast":false,"dims":[1024,32,4,64],"logical":[4,1024,2048],"loop_factor":1},{"name":"arg1_1","role":"input","mem":"hbm","elems":8388608,"broadcast":false,"dims":[2048,16,4,64],"logical":[4,2048,1024],"loop_factor":1}],"reduction_cores":1,"loop_trip":1,"tiles_output_dim":false,"tile_rows_per_core":0.0,"is_matmul":true,"matmul_macs":8589934592,"matmul_rows_per_core":512.0,"matmul_cols_per_core":256.0,"matmul_a_bytes":4194304,"matmul_b_bytes":4194304,"matmul_m_split":2,"matmul_n_split":4,"hbm_pattern":""}]
TIMING op=bmm_wd reps=7/7 prof_wall_s=4.84 per_rep_s=0.692
SUMMARY op=bmm_wd rows=1024 cols=2048 cores=8 tiles=0 lx=1 io_hbm_bytes=41943040 kernel_us=6380.680 pred_us=6901.472 err_pct=+8.2 bw_gbps=6.6 memset_us=225.034 other_dev_us=463.368 total_dev_us=7069.082 kernel_us_min=6348.921 kernel_us_median=6380.680 kernel_us_mean=6381.075 kernel_us_std=21.740 kernel_us_cv=0.34 reps=7
TIMING_RUN bmm_wd bmm_wd cores=8 1024x2048x1024 26s
-- bmm_wd cores=16 1024x2048x1024
IO -- device-layout I/O (cost model, stick-padded) --
IO   op bmm [reduction]
IO     output op0                    torch [4, 1024, 1024] -> device [1024, 16, 4, 64] in HBM = 4194304 elems x 2B = 8388608 B  (hbm counted: 8388608 B)
IO     input  arg0_1                 torch [4, 1024, 2048] -> device [1024, 32, 4, 64] in HBM = 8388608 elems x 2B = 16777216 B  (hbm counted: 16777216 B)
IO     input  arg1_1                 torch [4, 2048, 1024] -> device [2048, 16, 4, 64] in HBM = 8388608 elems x 2B = 16777216 B  (hbm counted: 16777216 B)
IO   => HBM I/O total = 41943040 B  (lx 0 B, ~free)
MODEL -- estimate (turnaround): T = compute + (R+W)/BW_PEAK + a*min(R,W) --
MODEL   R=33554432 B (read)   W=8388608 B (write)   loop_trip L=1
MODEL   compute = MACs/cores/(mac_peak*pt_eff) = 8589934592/16/(1140*1.000) = 470.94 us  (M/m=256, pt_eff=1.000)
MODEL   base = R/150+W/150 = 279.62 us
MODEL   turn = a*min(R,W) = 0.00574*8388608 = 48.15 us
MODEL   => T_model = 3532.44 us
MODEL FEATS [{"name":"bmm","is_reduction":true,"out_elems":4194304,"cores":16,"dtype_bytes":2,"args":[{"name":"op0","role":"output","mem":"hbm","elems":4194304,"broadcast":false,"dims":[1024,16,4,64],"logical":[4,1024,1024],"loop_factor":1},{"name":"arg0_1","role":"input","mem":"hbm","elems":8388608,"broadcast":false,"dims":[1024,32,4,64],"logical":[4,1024,2048],"loop_factor":1},{"name":"arg1_1","role":"input","mem":"hbm","elems":8388608,"broadcast":false,"dims":[2048,16,4,64],"logical":[4,2048,1024],"loop_factor":1}],"reduction_cores":1,"loop_trip":1,"tiles_output_dim":false,"tile_rows_per_core":0.0,"is_matmul":true,"matmul_macs":8589934592,"matmul_rows_per_core":256.0,"matmul_cols_per_core":256.0,"matmul_a_bytes":4194304,"matmul_b_bytes":4194304,"matmul_m_split":4,"matmul_n_split":4,"hbm_pattern":""}]
TIMING op=bmm_wd reps=7/7 prof_wall_s=7.01 per_rep_s=1.001
SUMMARY op=bmm_wd rows=1024 cols=2048 cores=16 tiles=0 lx=1 io_hbm_bytes=41943040 kernel_us=3392.682 pred_us=3532.439 err_pct=+4.1 bw_gbps=12.4 memset_us=215.336 other_dev_us=508.405 total_dev_us=4116.423 kernel_us_min=3382.195 kernel_us_median=3392.682 kernel_us_mean=3395.738 kernel_us_std=9.066 kernel_us_cv=0.27 reps=7
TIMING_RUN bmm_wd bmm_wd cores=16 1024x2048x1024 26s
-- bmm_wd cores=32 1024x2048x1024
IO -- device-layout I/O (cost model, stick-padded) --
IO   op bmm [reduction]
IO     output op0                    torch [4, 1024, 1024] -> device [1024, 16, 4, 64] in HBM = 4194304 elems x 2B = 8388608 B  (hbm counted: 8388608 B)
IO     input  arg0_1                 torch [4, 1024, 2048] -> device [1024, 32, 4, 64] in HBM = 8388608 elems x 2B = 16777216 B  (hbm counted: 16777216 B)
IO     input  arg1_1                 torch [4, 2048, 1024] -> device [2048, 16, 4, 64] in HBM = 8388608 elems x 2B = 16777216 B  (hbm counted: 16777216 B)
IO   => HBM I/O total = 41943040 B  (lx 0 B, ~free)
MODEL -- estimate (turnaround): T = compute + (R+W)/BW_PEAK + a*min(R,W) --
MODEL   R=33554432 B (read)   W=8388608 B (write)   loop_trip L=1
MODEL   compute = MACs/cores/(mac_peak*pt_eff) = 8589934592/32/(1140*1.000) = 235.47 us  (M/m=256, pt_eff=1.000)
MODEL   base = R/150+W/150 = 279.62 us
MODEL   turn = a*min(R,W) = 0.00574*8388608 = 48.15 us
MODEL   => T_model = 1854.72 us
MODEL FEATS [{"name":"bmm","is_reduction":true,"out_elems":4194304,"cores":32,"dtype_bytes":2,"args":[{"name":"op0","role":"output","mem":"hbm","elems":4194304,"broadcast":false,"dims":[1024,16,4,64],"logical":[4,1024,1024],"loop_factor":1},{"name":"arg0_1","role":"input","mem":"hbm","elems":8388608,"broadcast":false,"dims":[1024,32,4,64],"logical":[4,1024,2048],"loop_factor":1},{"name":"arg1_1","role":"input","mem":"hbm","elems":8388608,"broadcast":false,"dims":[2048,16,4,64],"logical":[4,2048,1024],"loop_factor":1}],"reduction_cores":1,"loop_trip":1,"tiles_output_dim":false,"tile_rows_per_core":0.0,"is_matmul":true,"matmul_macs":8589934592,"matmul_rows_per_core":256.0,"matmul_cols_per_core":128.0,"matmul_a_bytes":4194304,"matmul_b_bytes":4194304,"matmul_m_split":4,"matmul_n_split":8,"hbm_pattern":""}]
TIMING op=bmm_wd reps=7/7 prof_wall_s=11.47 per_rep_s=1.639
SUMMARY op=bmm_wd rows=1024 cols=2048 cores=32 tiles=0 lx=1 io_hbm_bytes=41943040 kernel_us=1846.223 pred_us=1854.718 err_pct=+0.5 bw_gbps=22.7 memset_us=224.835 other_dev_us=394.868 total_dev_us=2465.926 kernel_us_min=1824.801 kernel_us_median=1846.223 kernel_us_mean=1840.540 kernel_us_std=8.599 kernel_us_cv=0.47 reps=7
TIMING_RUN bmm_wd bmm_wd cores=32 1024x2048x1024 41s
## BMMFULL DONE in 1787s
## MMSPILL -- cat 3: split-shape x per-core area (spill knee + split term) (08:31:50)
-- mmwd 2048x2048x2048 split 4x8
IO -- device-layout I/O (cost model, stick-padded) --
IO   op mm [reduction]
IO     output op0                    torch [2048, 2048] -> device [32, 2048, 64] in HBM = 4194304 elems x 2B = 8388608 B  (hbm counted: 8388608 B)
IO     input  arg0_1                 torch [2048, 2048] -> device [32, 2048, 64] in HBM = 4194304 elems x 2B = 8388608 B  (hbm counted: 8388608 B)
IO     input  arg1_1                 torch [2048, 2048] -> device [32, 2048, 64] in HBM = 4194304 elems x 2B = 8388608 B  (hbm counted: 8388608 B)
IO   => HBM I/O total = 25165824 B  (lx 0 B, ~free)
MODEL -- estimate (turnaround): T = compute + (R+W)/BW_PEAK + a*min(R,W) --
MODEL   R=16777216 B (read)   W=8388608 B (write)   loop_trip L=1
MODEL   compute = MACs/cores/(mac_peak*pt_eff) = 8589934592/32/(1140*1.000) = 235.47 us  (M/m=512, pt_eff=1.000)
MODEL   base = R/150+W/150 = 167.77 us
MODEL   turn = a*min(R,W) = 0.00574*8388608 = 48.15 us
MODEL   => T_model = 393.41 us
MODEL FEATS [{"name":"mm","is_reduction":true,"out_elems":4194304,"cores":32,"dtype_bytes":2,"args":[{"name":"op0","role":"output","mem":"hbm","elems":4194304,"broadcast":false,"dims":[32,2048,64],"logical":[2048,2048],"loop_factor":1},{"name":"arg0_1","role":"input","mem":"hbm","elems":4194304,"broadcast":false,"dims":[32,2048,64],"logical":[2048,2048],"loop_factor":1},{"name":"arg1_1","role":"input","mem":"hbm","elems":4194304,"broadcast":false,"dims":[32,2048,64],"logical":[2048,2048],"loop_factor":1}],"reduction_cores":1,"loop_trip":1,"tiles_output_dim":false,"tile_rows_per_core":0.0,"is_matmul":true,"matmul_macs":8589934592,"matmul_rows_per_core":512.0,"matmul_cols_per_core":256.0,"matmul_a_bytes":8388608,"matmul_b_bytes":8388608,"matmul_m_split":4,"matmul_n_split":8,"hbm_pattern":""}]
TIMING op=mmwd reps=7/7 prof_wall_s=11.66 per_rep_s=1.666
SUMMARY op=mmwd rows=2048 cols=2048 cores=32 tiles=0 lx=1 io_hbm_bytes=25165824 kernel_us=389.342 pred_us=393.408 err_pct=+1.0 bw_gbps=64.6 memset_us=241.679 other_dev_us=461.878 total_dev_us=1092.899 kernel_us_min=384.779 kernel_us_median=389.342 kernel_us_mean=388.623 kernel_us_std=1.716 kernel_us_cv=0.44 reps=7
TIMING_RUN mmwd mmwd 2048x2048x2048 split 4x8 41s
-- mmwd 2048x2048x2048 split 8x4
IO -- device-layout I/O (cost model, stick-padded) --
IO   op mm [reduction]
IO     output op0                    torch [2048, 2048] -> device [32, 2048, 64] in HBM = 4194304 elems x 2B = 8388608 B  (hbm counted: 8388608 B)
IO     input  arg0_1                 torch [2048, 2048] -> device [32, 2048, 64] in HBM = 4194304 elems x 2B = 8388608 B  (hbm counted: 8388608 B)
IO     input  arg1_1                 torch [2048, 2048] -> device [32, 2048, 64] in HBM = 4194304 elems x 2B = 8388608 B  (hbm counted: 8388608 B)
IO   => HBM I/O total = 25165824 B  (lx 0 B, ~free)
MODEL -- estimate (turnaround): T = compute + (R+W)/BW_PEAK + a*min(R,W) --
MODEL   R=16777216 B (read)   W=8388608 B (write)   loop_trip L=1
MODEL   compute = MACs/cores/(mac_peak*pt_eff) = 8589934592/32/(1140*1.000) = 235.47 us  (M/m=256, pt_eff=1.000)
MODEL   base = R/150+W/150 = 167.77 us
MODEL   turn = a*min(R,W) = 0.00574*8388608 = 48.15 us
MODEL   => T_model = 393.41 us
MODEL FEATS [{"name":"mm","is_reduction":true,"out_elems":4194304,"cores":32,"dtype_bytes":2,"args":[{"name":"op0","role":"output","mem":"hbm","elems":4194304,"broadcast":false,"dims":[32,2048,64],"logical":[2048,2048],"loop_factor":1},{"name":"arg0_1","role":"input","mem":"hbm","elems":4194304,"broadcast":false,"dims":[32,2048,64],"logical":[2048,2048],"loop_factor":1},{"name":"arg1_1","role":"input","mem":"hbm","elems":4194304,"broadcast":false,"dims":[32,2048,64],"logical":[2048,2048],"loop_factor":1}],"reduction_cores":1,"loop_trip":1,"tiles_output_dim":false,"tile_rows_per_core":0.0,"is_matmul":true,"matmul_macs":8589934592,"matmul_rows_per_core":256.0,"matmul_cols_per_core":512.0,"matmul_a_bytes":8388608,"matmul_b_bytes":8388608,"matmul_m_split":8,"matmul_n_split":4,"hbm_pattern":""}]
TIMING op=mmwd reps=7/7 prof_wall_s=10.57 per_rep_s=1.510
SUMMARY op=mmwd rows=2048 cols=2048 cores=32 tiles=0 lx=1 io_hbm_bytes=25165824 kernel_us=388.878 pred_us=393.408 err_pct=+1.2 bw_gbps=64.7 memset_us=265.837 other_dev_us=285.711 total_dev_us=940.426 kernel_us_min=383.689 kernel_us_median=388.878 kernel_us_mean=388.796 kernel_us_std=2.877 kernel_us_cv=0.74 reps=7
TIMING_RUN mmwd mmwd 2048x2048x2048 split 8x4 36s
-- mmwd 2048x2048x2048 split 2x16
IO -- device-layout I/O (cost model, stick-padded) --
IO   op mm [reduction]
IO     output op0                    torch [2048, 2048] -> device [32, 2048, 64] in HBM = 4194304 elems x 2B = 8388608 B  (hbm counted: 8388608 B)
IO     input  arg0_1                 torch [2048, 2048] -> device [32, 2048, 64] in HBM = 4194304 elems x 2B = 8388608 B  (hbm counted: 8388608 B)
IO     input  arg1_1                 torch [2048, 2048] -> device [32, 2048, 64] in HBM = 4194304 elems x 2B = 8388608 B  (hbm counted: 8388608 B)
IO   => HBM I/O total = 25165824 B  (lx 0 B, ~free)
MODEL -- estimate (turnaround): T = compute + (R+W)/BW_PEAK + a*min(R,W) --
MODEL   R=16777216 B (read)   W=8388608 B (write)   loop_trip L=1
MODEL   compute = MACs/cores/(mac_peak*pt_eff) = 8589934592/32/(1140*1.000) = 235.47 us  (M/m=1024, pt_eff=1.000)
MODEL   base = R/150+W/150 = 167.77 us
MODEL   turn = a*min(R,W) = 0.00574*8388608 = 48.15 us
MODEL   => T_model = 393.41 us
MODEL FEATS [{"name":"mm","is_reduction":true,"out_elems":4194304,"cores":32,"dtype_bytes":2,"args":[{"name":"op0","role":"output","mem":"hbm","elems":4194304,"broadcast":false,"dims":[32,2048,64],"logical":[2048,2048],"loop_factor":1},{"name":"arg0_1","role":"input","mem":"hbm","elems":4194304,"broadcast":false,"dims":[32,2048,64],"logical":[2048,2048],"loop_factor":1},{"name":"arg1_1","role":"input","mem":"hbm","elems":4194304,"broadcast":false,"dims":[32,2048,64],"logical":[2048,2048],"loop_factor":1}],"reduction_cores":1,"loop_trip":1,"tiles_output_dim":false,"tile_rows_per_core":0.0,"is_matmul":true,"matmul_macs":8589934592,"matmul_rows_per_core":1024.0,"matmul_cols_per_core":128.0,"matmul_a_bytes":8388608,"matmul_b_bytes":8388608,"matmul_m_split":2,"matmul_n_split":16,"hbm_pattern":""}]
TIMING op=mmwd reps=7/7 prof_wall_s=10.57 per_rep_s=1.510
SUMMARY op=mmwd rows=2048 cols=2048 cores=32 tiles=0 lx=1 io_hbm_bytes=25165824 kernel_us=405.424 pred_us=393.408 err_pct=-3.0 bw_gbps=62.1 memset_us=211.674 other_dev_us=465.802 total_dev_us=1082.900 kernel_us_min=401.058 kernel_us_median=405.424 kernel_us_mean=404.611 kernel_us_std=2.498 kernel_us_cv=0.62 reps=7
TIMING_RUN mmwd mmwd 2048x2048x2048 split 2x16 36s
-- mmwd 2048x2048x2048 split 16x2
IO -- device-layout I/O (cost model, stick-padded) --
IO   op mm [reduction]
IO     output op0                    torch [2048, 2048] -> device [32, 2048, 64] in HBM = 4194304 elems x 2B = 8388608 B  (hbm counted: 8388608 B)
IO     input  arg0_1                 torch [2048, 2048] -> device [32, 2048, 64] in HBM = 4194304 elems x 2B = 8388608 B  (hbm counted: 8388608 B)
IO     input  arg1_1                 torch [2048, 2048] -> device [32, 2048, 64] in HBM = 4194304 elems x 2B = 8388608 B  (hbm counted: 8388608 B)
IO   => HBM I/O total = 25165824 B  (lx 0 B, ~free)
MODEL -- estimate (turnaround): T = compute + (R+W)/BW_PEAK + a*min(R,W) --
MODEL   R=16777216 B (read)   W=8388608 B (write)   loop_trip L=1
MODEL   compute = MACs/cores/(mac_peak*pt_eff) = 8589934592/32/(1140*1.000) = 235.47 us  (M/m=128, pt_eff=1.000)
MODEL   base = R/150+W/150 = 167.77 us
MODEL   turn = a*min(R,W) = 0.00574*8388608 = 48.15 us
MODEL   => T_model = 393.41 us
MODEL FEATS [{"name":"mm","is_reduction":true,"out_elems":4194304,"cores":32,"dtype_bytes":2,"args":[{"name":"op0","role":"output","mem":"hbm","elems":4194304,"broadcast":false,"dims":[32,2048,64],"logical":[2048,2048],"loop_factor":1},{"name":"arg0_1","role":"input","mem":"hbm","elems":4194304,"broadcast":false,"dims":[32,2048,64],"logical":[2048,2048],"loop_factor":1},{"name":"arg1_1","role":"input","mem":"hbm","elems":4194304,"broadcast":false,"dims":[32,2048,64],"logical":[2048,2048],"loop_factor":1}],"reduction_cores":1,"loop_trip":1,"tiles_output_dim":false,"tile_rows_per_core":0.0,"is_matmul":true,"matmul_macs":8589934592,"matmul_rows_per_core":128.0,"matmul_cols_per_core":1024.0,"matmul_a_bytes":8388608,"matmul_b_bytes":8388608,"matmul_m_split":16,"matmul_n_split":2,"hbm_pattern":""}]
TIMING op=mmwd reps=7/7 prof_wall_s=11.86 per_rep_s=1.694
SUMMARY op=mmwd rows=2048 cols=2048 cores=32 tiles=0 lx=1 io_hbm_bytes=25165824 kernel_us=392.160 pred_us=393.408 err_pct=+0.3 bw_gbps=64.2 memset_us=212.897 other_dev_us=415.978 total_dev_us=1021.035 kernel_us_min=387.245 kernel_us_median=392.160 kernel_us_mean=391.527 kernel_us_std=2.185 kernel_us_cv=0.56 reps=7
TIMING_RUN mmwd mmwd 2048x2048x2048 split 16x2 37s
-- mmwd 4096x2048x2048 split 4x8
IO -- device-layout I/O (cost model, stick-padded) --
IO   op mm [reduction]
IO     output op0                    torch [4096, 2048] -> device [32, 4096, 64] in HBM = 8388608 elems x 2B = 16777216 B  (hbm counted: 16777216 B)
IO     input  arg0_1                 torch [4096, 2048] -> device [32, 4096, 64] in HBM = 8388608 elems x 2B = 16777216 B  (hbm counted: 16777216 B)
IO     input  arg1_1                 torch [2048, 2048] -> device [32, 2048, 64] in HBM = 4194304 elems x 2B = 8388608 B  (hbm counted: 8388608 B)
IO   => HBM I/O total = 41943040 B  (lx 0 B, ~free)
MODEL -- estimate (turnaround): T = compute + (R+W)/BW_PEAK + a*min(R,W) --
MODEL   R=25165824 B (read)   W=16777216 B (write)   loop_trip L=1
MODEL   compute = MACs/cores/(mac_peak*pt_eff) = 17179869184/32/(1140*1.000) = 470.94 us  (M/m=1024, pt_eff=1.000)
MODEL   base = R/150+W/150 = 279.62 us
MODEL   turn = a*min(R,W) = 0.00574*16777216 = 96.30 us
MODEL   => T_model = 781.22 us
MODEL FEATS [{"name":"mm","is_reduction":true,"out_elems":8388608,"cores":32,"dtype_bytes":2,"args":[{"name":"op0","role":"output","mem":"hbm","elems":8388608,"broadcast":false,"dims":[32,4096,64],"logical":[4096,2048],"loop_factor":1},{"name":"arg0_1","role":"input","mem":"hbm","elems":8388608,"broadcast":false,"dims":[32,4096,64],"logical":[4096,2048],"loop_factor":1},{"name":"arg1_1","role":"input","mem":"hbm","elems":4194304,"broadcast":false,"dims":[32,2048,64],"logical":[2048,2048],"loop_factor":1}],"reduction_cores":1,"loop_trip":1,"tiles_output_dim":false,"tile_rows_per_core":0.0,"is_matmul":true,"matmul_macs":17179869184,"matmul_rows_per_core":1024.0,"matmul_cols_per_core":256.0,"matmul_a_bytes":16777216,"matmul_b_bytes":8388608,"matmul_m_split":4,"matmul_n_split":8,"hbm_pattern":""}]
TIMING op=mmwd reps=7/7 prof_wall_s=11.79 per_rep_s=1.684
SUMMARY op=mmwd rows=4096 cols=2048 cores=32 tiles=0 lx=1 io_hbm_bytes=41943040 kernel_us=807.206 pred_us=781.224 err_pct=-3.2 bw_gbps=52.0 memset_us=310.193 other_dev_us=740.241 total_dev_us=1857.640 kernel_us_min=800.107 kernel_us_median=807.206 kernel_us_mean=806.060 kernel_us_std=4.712 kernel_us_cv=0.58 reps=7
TIMING_RUN mmwd mmwd 4096x2048x2048 split 4x8 36s
-- mmwd 4096x2048x2048 split 8x4
IO -- device-layout I/O (cost model, stick-padded) --
IO   op mm [reduction]
IO     output op0                    torch [4096, 2048] -> device [32, 4096, 64] in HBM = 8388608 elems x 2B = 16777216 B  (hbm counted: 16777216 B)
IO     input  arg0_1                 torch [4096, 2048] -> device [32, 4096, 64] in HBM = 8388608 elems x 2B = 16777216 B  (hbm counted: 16777216 B)
IO     input  arg1_1                 torch [2048, 2048] -> device [32, 2048, 64] in HBM = 4194304 elems x 2B = 8388608 B  (hbm counted: 8388608 B)
IO   => HBM I/O total = 41943040 B  (lx 0 B, ~free)
MODEL -- estimate (turnaround): T = compute + (R+W)/BW_PEAK + a*min(R,W) --
MODEL   R=25165824 B (read)   W=16777216 B (write)   loop_trip L=1
MODEL   compute = MACs/cores/(mac_peak*pt_eff) = 17179869184/32/(1140*1.000) = 470.94 us  (M/m=512, pt_eff=1.000)
MODEL   base = R/150+W/150 = 279.62 us
MODEL   turn = a*min(R,W) = 0.00574*16777216 = 96.30 us
MODEL   => T_model = 781.22 us
MODEL FEATS [{"name":"mm","is_reduction":true,"out_elems":8388608,"cores":32,"dtype_bytes":2,"args":[{"name":"op0","role":"output","mem":"hbm","elems":8388608,"broadcast":false,"dims":[32,4096,64],"logical":[4096,2048],"loop_factor":1},{"name":"arg0_1","role":"input","mem":"hbm","elems":8388608,"broadcast":false,"dims":[32,4096,64],"logical":[4096,2048],"loop_factor":1},{"name":"arg1_1","role":"input","mem":"hbm","elems":4194304,"broadcast":false,"dims":[32,2048,64],"logical":[2048,2048],"loop_factor":1}],"reduction_cores":1,"loop_trip":1,"tiles_output_dim":false,"tile_rows_per_core":0.0,"is_matmul":true,"matmul_macs":17179869184,"matmul_rows_per_core":512.0,"matmul_cols_per_core":512.0,"matmul_a_bytes":16777216,"matmul_b_bytes":8388608,"matmul_m_split":8,"matmul_n_split":4,"hbm_pattern":""}]
TIMING op=mmwd reps=7/7 prof_wall_s=12.12 per_rep_s=1.731
SUMMARY op=mmwd rows=4096 cols=2048 cores=32 tiles=0 lx=1 io_hbm_bytes=41943040 kernel_us=842.972 pred_us=781.224 err_pct=-7.3 bw_gbps=49.8 memset_us=323.936 other_dev_us=890.483 total_dev_us=2057.391 kernel_us_min=823.735 kernel_us_median=842.972 kernel_us_mean=838.018 kernel_us_std=7.554 kernel_us_cv=0.90 reps=7
TIMING_RUN mmwd mmwd 4096x2048x2048 split 8x4 35s
-- mmwd 4096x2048x2048 split 2x16
IO -- device-layout I/O (cost model, stick-padded) --
IO   op mm [reduction]
IO     output op0                    torch [4096, 2048] -> device [32, 4096, 64] in HBM = 8388608 elems x 2B = 16777216 B  (hbm counted: 16777216 B)
IO     input  arg0_1                 torch [4096, 2048] -> device [32, 4096, 64] in HBM = 8388608 elems x 2B = 16777216 B  (hbm counted: 16777216 B)
IO     input  arg1_1                 torch [2048, 2048] -> device [32, 2048, 64] in HBM = 4194304 elems x 2B = 8388608 B  (hbm counted: 8388608 B)
IO   => HBM I/O total = 41943040 B  (lx 0 B, ~free)
MODEL -- estimate (turnaround): T = compute + (R+W)/BW_PEAK + a*min(R,W) --
MODEL   R=25165824 B (read)   W=16777216 B (write)   loop_trip L=1
MODEL   compute = MACs/cores/(mac_peak*pt_eff) = 17179869184/32/(1140*1.000) = 470.94 us  (M/m=2048, pt_eff=1.000)
MODEL   base = R/150+W/150 = 279.62 us
MODEL   turn = a*min(R,W) = 0.00574*16777216 = 96.30 us
MODEL   => T_model = 781.22 us
MODEL FEATS [{"name":"mm","is_reduction":true,"out_elems":8388608,"cores":32,"dtype_bytes":2,"args":[{"name":"op0","role":"output","mem":"hbm","elems":8388608,"broadcast":false,"dims":[32,4096,64],"logical":[4096,2048],"loop_factor":1},{"name":"arg0_1","role":"input","mem":"hbm","elems":8388608,"broadcast":false,"dims":[32,4096,64],"logical":[4096,2048],"loop_factor":1},{"name":"arg1_1","role":"input","mem":"hbm","elems":4194304,"broadcast":false,"dims":[32,2048,64],"logical":[2048,2048],"loop_factor":1}],"reduction_cores":1,"loop_trip":1,"tiles_output_dim":false,"tile_rows_per_core":0.0,"is_matmul":true,"matmul_macs":17179869184,"matmul_rows_per_core":2048.0,"matmul_cols_per_core":128.0,"matmul_a_bytes":16777216,"matmul_b_bytes":8388608,"matmul_m_split":2,"matmul_n_split":16,"hbm_pattern":""}]
TIMING op=mmwd reps=7/7 prof_wall_s=10.81 per_rep_s=1.545
SUMMARY op=mmwd rows=4096 cols=2048 cores=32 tiles=0 lx=1 io_hbm_bytes=41943040 kernel_us=818.996 pred_us=781.224 err_pct=-4.6 bw_gbps=51.2 memset_us=316.941 other_dev_us=888.444 total_dev_us=2024.381 kernel_us_min=807.673 kernel_us_median=818.996 kernel_us_mean=816.471 kernel_us_std=4.726 kernel_us_cv=0.58 reps=7
TIMING_RUN mmwd mmwd 4096x2048x2048 split 2x16 34s
-- mmwd 4096x2048x2048 split 16x2
IO -- device-layout I/O (cost model, stick-padded) --
IO   op mm [reduction]
IO     output op0                    torch [4096, 2048] -> device [32, 4096, 64] in HBM = 8388608 elems x 2B = 16777216 B  (hbm counted: 16777216 B)
IO     input  arg0_1                 torch [4096, 2048] -> device [32, 4096, 64] in HBM = 8388608 elems x 2B = 16777216 B  (hbm counted: 16777216 B)
IO     input  arg1_1                 torch [2048, 2048] -> device [32, 2048, 64] in HBM = 4194304 elems x 2B = 8388608 B  (hbm counted: 8388608 B)
IO   => HBM I/O total = 41943040 B  (lx 0 B, ~free)
MODEL -- estimate (turnaround): T = compute + (R+W)/BW_PEAK + a*min(R,W) --
MODEL   R=25165824 B (read)   W=16777216 B (write)   loop_trip L=1
MODEL   compute = MACs/cores/(mac_peak*pt_eff) = 17179869184/32/(1140*1.000) = 470.94 us  (M/m=256, pt_eff=1.000)
MODEL   base = R/150+W/150 = 279.62 us
MODEL   turn = a*min(R,W) = 0.00574*16777216 = 96.30 us
MODEL   => T_model = 1124.63 us
MODEL FEATS [{"name":"mm","is_reduction":true,"out_elems":8388608,"cores":32,"dtype_bytes":2,"args":[{"name":"op0","role":"output","mem":"hbm","elems":8388608,"broadcast":false,"dims":[32,4096,64],"logical":[4096,2048],"loop_factor":1},{"name":"arg0_1","role":"input","mem":"hbm","elems":8388608,"broadcast":false,"dims":[32,4096,64],"logical":[4096,2048],"loop_factor":1},{"name":"arg1_1","role":"input","mem":"hbm","elems":4194304,"broadcast":false,"dims":[32,2048,64],"logical":[2048,2048],"loop_factor":1}],"reduction_cores":1,"loop_trip":1,"tiles_output_dim":false,"tile_rows_per_core":0.0,"is_matmul":true,"matmul_macs":17179869184,"matmul_rows_per_core":256.0,"matmul_cols_per_core":1024.0,"matmul_a_bytes":16777216,"matmul_b_bytes":8388608,"matmul_m_split":16,"matmul_n_split":2,"hbm_pattern":""}]
TIMING op=mmwd reps=7/7 prof_wall_s=10.94 per_rep_s=1.563
SUMMARY op=mmwd rows=4096 cols=2048 cores=32 tiles=0 lx=1 io_hbm_bytes=41943040 kernel_us=1224.592 pred_us=1124.632 err_pct=-8.2 bw_gbps=34.3 memset_us=331.643 other_dev_us=892.406 total_dev_us=2448.641 kernel_us_min=1203.729 kernel_us_median=1224.592 kernel_us_mean=1222.603 kernel_us_std=10.121 kernel_us_cv=0.83 reps=7
TIMING_RUN mmwd mmwd 4096x2048x2048 split 16x2 33s
-- mmwd 2048x2048x4096 split 4x8
IO -- device-layout I/O (cost model, stick-padded) --
IO   op mm [reduction]
IO     output op0                    torch [2048, 4096] -> device [64, 2048, 64] in HBM = 8388608 elems x 2B = 16777216 B  (hbm counted: 16777216 B)
IO     input  arg0_1                 torch [2048, 2048] -> device [32, 2048, 64] in HBM = 4194304 elems x 2B = 8388608 B  (hbm counted: 8388608 B)
IO     input  arg1_1                 torch [2048, 4096] -> device [64, 2048, 64] in HBM = 8388608 elems x 2B = 16777216 B  (hbm counted: 16777216 B)
IO   => HBM I/O total = 41943040 B  (lx 0 B, ~free)
MODEL -- estimate (turnaround): T = compute + (R+W)/BW_PEAK + a*min(R,W) --
MODEL   R=25165824 B (read)   W=16777216 B (write)   loop_trip L=1
MODEL   compute = MACs/cores/(mac_peak*pt_eff) = 17179869184/32/(1140*1.000) = 470.94 us  (M/m=512, pt_eff=1.000)
MODEL   base = R/150+W/150 = 279.62 us
MODEL   turn = a*min(R,W) = 0.00574*16777216 = 96.30 us
MODEL   => T_model = 781.22 us
MODEL FEATS [{"name":"mm","is_reduction":true,"out_elems":8388608,"cores":32,"dtype_bytes":2,"args":[{"name":"op0","role":"output","mem":"hbm","elems":8388608,"broadcast":false,"dims":[64,2048,64],"logical":[2048,4096],"loop_factor":1},{"name":"arg0_1","role":"input","mem":"hbm","elems":4194304,"broadcast":false,"dims":[32,2048,64],"logical":[2048,2048],"loop_factor":1},{"name":"arg1_1","role":"input","mem":"hbm","elems":8388608,"broadcast":false,"dims":[64,2048,64],"logical":[2048,4096],"loop_factor":1}],"reduction_cores":1,"loop_trip":1,"tiles_output_dim":false,"tile_rows_per_core":0.0,"is_matmul":true,"matmul_macs":17179869184,"matmul_rows_per_core":512.0,"matmul_cols_per_core":512.0,"matmul_a_bytes":8388608,"matmul_b_bytes":16777216,"matmul_m_split":4,"matmul_n_split":8,"hbm_pattern":""}]
TIMING op=mmwd reps=7/7 prof_wall_s=13.36 per_rep_s=1.908
SUMMARY op=mmwd rows=2048 cols=2048 cores=32 tiles=0 lx=1 io_hbm_bytes=41943040 kernel_us=773.321 pred_us=781.224 err_pct=+1.0 bw_gbps=54.2 memset_us=342.473 other_dev_us=787.086 total_dev_us=1902.880 kernel_us_min=767.368 kernel_us_median=773.321 kernel_us_mean=772.423 kernel_us_std=2.479 kernel_us_cv=0.32 reps=7
TIMING_RUN mmwd mmwd 2048x2048x4096 split 4x8 39s
-- mmwd 2048x2048x4096 split 8x4
IO -- device-layout I/O (cost model, stick-padded) --
IO   op mm [reduction]
IO     output op0                    torch [2048, 4096] -> device [64, 2048, 64] in HBM = 8388608 elems x 2B = 16777216 B  (hbm counted: 16777216 B)
IO     input  arg0_1                 torch [2048, 2048] -> device [32, 2048, 64] in HBM = 4194304 elems x 2B = 8388608 B  (hbm counted: 8388608 B)
IO     input  arg1_1                 torch [2048, 4096] -> device [64, 2048, 64] in HBM = 8388608 elems x 2B = 16777216 B  (hbm counted: 16777216 B)
IO   => HBM I/O total = 41943040 B  (lx 0 B, ~free)
MODEL -- estimate (turnaround): T = compute + (R+W)/BW_PEAK + a*min(R,W) --
MODEL   R=25165824 B (read)   W=16777216 B (write)   loop_trip L=1
MODEL   compute = MACs/cores/(mac_peak*pt_eff) = 17179869184/32/(1140*1.000) = 470.94 us  (M/m=256, pt_eff=1.000)
MODEL   base = R/150+W/150 = 279.62 us
MODEL   turn = a*min(R,W) = 0.00574*16777216 = 96.30 us
MODEL   => T_model = 781.22 us
MODEL FEATS [{"name":"mm","is_reduction":true,"out_elems":8388608,"cores":32,"dtype_bytes":2,"args":[{"name":"op0","role":"output","mem":"hbm","elems":8388608,"broadcast":false,"dims":[64,2048,64],"logical":[2048,4096],"loop_factor":1},{"name":"arg0_1","role":"input","mem":"hbm","elems":4194304,"broadcast":false,"dims":[32,2048,64],"logical":[2048,2048],"loop_factor":1},{"name":"arg1_1","role":"input","mem":"hbm","elems":8388608,"broadcast":false,"dims":[64,2048,64],"logical":[2048,4096],"loop_factor":1}],"reduction_cores":1,"loop_trip":1,"tiles_output_dim":false,"tile_rows_per_core":0.0,"is_matmul":true,"matmul_macs":17179869184,"matmul_rows_per_core":256.0,"matmul_cols_per_core":1024.0,"matmul_a_bytes":8388608,"matmul_b_bytes":16777216,"matmul_m_split":8,"matmul_n_split":4,"hbm_pattern":""}]
TIMING op=mmwd reps=7/7 prof_wall_s=10.63 per_rep_s=1.518
SUMMARY op=mmwd rows=2048 cols=2048 cores=32 tiles=0 lx=1 io_hbm_bytes=41943040 kernel_us=787.566 pred_us=781.224 err_pct=-0.8 bw_gbps=53.3 memset_us=329.203 other_dev_us=820.019 total_dev_us=1936.788 kernel_us_min=782.305 kernel_us_median=787.566 kernel_us_mean=789.031 kernel_us_std=5.294 kernel_us_cv=0.67 reps=7
TIMING_RUN mmwd mmwd 2048x2048x4096 split 8x4 34s
-- mmwd 2048x2048x4096 split 2x16
IO -- device-layout I/O (cost model, stick-padded) --
IO   op mm [reduction]
IO     output op0                    torch [2048, 4096] -> device [64, 2048, 64] in HBM = 8388608 elems x 2B = 16777216 B  (hbm counted: 16777216 B)
IO     input  arg0_1                 torch [2048, 2048] -> device [32, 2048, 64] in HBM = 4194304 elems x 2B = 8388608 B  (hbm counted: 8388608 B)
IO     input  arg1_1                 torch [2048, 4096] -> device [64, 2048, 64] in HBM = 8388608 elems x 2B = 16777216 B  (hbm counted: 16777216 B)
IO   => HBM I/O total = 41943040 B  (lx 0 B, ~free)
MODEL -- estimate (turnaround): T = compute + (R+W)/BW_PEAK + a*min(R,W) --
MODEL   R=25165824 B (read)   W=16777216 B (write)   loop_trip L=1
MODEL   compute = MACs/cores/(mac_peak*pt_eff) = 17179869184/32/(1140*1.000) = 470.94 us  (M/m=1024, pt_eff=1.000)
MODEL   base = R/150+W/150 = 279.62 us
MODEL   turn = a*min(R,W) = 0.00574*16777216 = 96.30 us
MODEL   => T_model = 1124.63 us
MODEL FEATS [{"name":"mm","is_reduction":true,"out_elems":8388608,"cores":32,"dtype_bytes":2,"args":[{"name":"op0","role":"output","mem":"hbm","elems":8388608,"broadcast":false,"dims":[64,2048,64],"logical":[2048,4096],"loop_factor":1},{"name":"arg0_1","role":"input","mem":"hbm","elems":4194304,"broadcast":false,"dims":[32,2048,64],"logical":[2048,2048],"loop_factor":1},{"name":"arg1_1","role":"input","mem":"hbm","elems":8388608,"broadcast":false,"dims":[64,2048,64],"logical":[2048,4096],"loop_factor":1}],"reduction_cores":1,"loop_trip":1,"tiles_output_dim":false,"tile_rows_per_core":0.0,"is_matmul":true,"matmul_macs":17179869184,"matmul_rows_per_core":1024.0,"matmul_cols_per_core":256.0,"matmul_a_bytes":8388608,"matmul_b_bytes":16777216,"matmul_m_split":2,"matmul_n_split":16,"hbm_pattern":""}]
TIMING op=mmwd reps=7/7 prof_wall_s=11.84 per_rep_s=1.691
SUMMARY op=mmwd rows=2048 cols=2048 cores=32 tiles=0 lx=1 io_hbm_bytes=41943040 kernel_us=1284.341 pred_us=1124.632 err_pct=-12.4 bw_gbps=32.7 memset_us=304.783 other_dev_us=864.325 total_dev_us=2453.449 kernel_us_min=1275.287 kernel_us_median=1284.341 kernel_us_mean=1288.098 kernel_us_std=11.117 kernel_us_cv=0.86 reps=7
TIMING_RUN mmwd mmwd 2048x2048x4096 split 2x16 37s
-- mmwd 2048x2048x4096 split 16x2
IO -- device-layout I/O (cost model, stick-padded) --
IO   op mm [reduction]
IO     output op0                    torch [2048, 4096] -> device [64, 2048, 64] in HBM = 8388608 elems x 2B = 16777216 B  (hbm counted: 16777216 B)
IO     input  arg0_1                 torch [2048, 2048] -> device [32, 2048, 64] in HBM = 4194304 elems x 2B = 8388608 B  (hbm counted: 8388608 B)
IO     input  arg1_1                 torch [2048, 4096] -> device [64, 2048, 64] in HBM = 8388608 elems x 2B = 16777216 B  (hbm counted: 16777216 B)
IO   => HBM I/O total = 41943040 B  (lx 0 B, ~free)
MODEL -- estimate (turnaround): T = compute + (R+W)/BW_PEAK + a*min(R,W) --
MODEL   R=25165824 B (read)   W=16777216 B (write)   loop_trip L=1
MODEL   compute = MACs/cores/(mac_peak*pt_eff) = 17179869184/32/(1140*1.000) = 470.94 us  (M/m=128, pt_eff=1.000)
MODEL   base = R/150+W/150 = 279.62 us
MODEL   turn = a*min(R,W) = 0.00574*16777216 = 96.30 us
MODEL   => T_model = 781.22 us
MODEL FEATS [{"name":"mm","is_reduction":true,"out_elems":8388608,"cores":32,"dtype_bytes":2,"args":[{"name":"op0","role":"output","mem":"hbm","elems":8388608,"broadcast":false,"dims":[64,2048,64],"logical":[2048,4096],"loop_factor":1},{"name":"arg0_1","role":"input","mem":"hbm","elems":4194304,"broadcast":false,"dims":[32,2048,64],"logical":[2048,2048],"loop_factor":1},{"name":"arg1_1","role":"input","mem":"hbm","elems":8388608,"broadcast":false,"dims":[64,2048,64],"logical":[2048,4096],"loop_factor":1}],"reduction_cores":1,"loop_trip":1,"tiles_output_dim":false,"tile_rows_per_core":0.0,"is_matmul":true,"matmul_macs":17179869184,"matmul_rows_per_core":128.0,"matmul_cols_per_core":2048.0,"matmul_a_bytes":8388608,"matmul_b_bytes":16777216,"matmul_m_split":16,"matmul_n_split":2,"hbm_pattern":""}]
TIMING op=mmwd reps=7/7 prof_wall_s=12.07 per_rep_s=1.724
SUMMARY op=mmwd rows=2048 cols=2048 cores=32 tiles=0 lx=1 io_hbm_bytes=41943040 kernel_us=804.085 pred_us=781.224 err_pct=-2.8 bw_gbps=52.2 memset_us=312.908 other_dev_us=770.845 total_dev_us=1887.838 kernel_us_min=792.927 kernel_us_median=804.085 kernel_us_mean=804.568 kernel_us_std=7.184 kernel_us_cv=0.89 reps=7
TIMING_RUN mmwd mmwd 2048x2048x4096 split 16x2 36s
-- mmwd 8192x2048x2048 split 4x8
IO -- device-layout I/O (cost model, stick-padded) --
IO   op mm [reduction]
IO     output op0                    torch [8192, 2048] -> device [32, 8192, 64] in HBM = 16777216 elems x 2B = 33554432 B  (hbm counted: 33554432 B)
IO     input  arg0_1                 torch [8192, 2048] -> device [32, 8192, 64] in HBM = 16777216 elems x 2B = 33554432 B  (hbm counted: 33554432 B)
IO     input  arg1_1                 torch [2048, 2048] -> device [32, 2048, 64] in HBM = 4194304 elems x 2B = 8388608 B  (hbm counted: 8388608 B)
IO   => HBM I/O total = 75497472 B  (lx 0 B, ~free)
MODEL -- estimate (turnaround): T = compute + (R+W)/BW_PEAK + a*min(R,W) --
MODEL   R=41943040 B (read)   W=33554432 B (write)   loop_trip L=1
MODEL   compute = MACs/cores/(mac_peak*pt_eff) = 34359738368/32/(1140*1.000) = 941.88 us  (M/m=2048, pt_eff=1.000)
MODEL   base = R/150+W/150 = 503.32 us
MODEL   turn = a*min(R,W) = 0.00574*33554432 = 192.60 us
MODEL   => T_model = 1582.02 us
MODEL FEATS [{"name":"mm","is_reduction":true,"out_elems":16777216,"cores":32,"dtype_bytes":2,"args":[{"name":"op0","role":"output","mem":"hbm","elems":16777216,"broadcast":false,"dims":[32,8192,64],"logical":[8192,2048],"loop_factor":1},{"name":"arg0_1","role":"input","mem":"hbm","elems":16777216,"broadcast":false,"dims":[32,8192,64],"logical":[8192,2048],"loop_factor":1},{"name":"arg1_1","role":"input","mem":"hbm","elems":4194304,"broadcast":false,"dims":[32,2048,64],"logical":[2048,2048],"loop_factor":1}],"reduction_cores":1,"loop_trip":1,"tiles_output_dim":false,"tile_rows_per_core":0.0,"is_matmul":true,"matmul_macs":34359738368,"matmul_rows_per_core":2048.0,"matmul_cols_per_core":256.0,"matmul_a_bytes":33554432,"matmul_b_bytes":8388608,"matmul_m_split":4,"matmul_n_split":8,"hbm_pattern":""}]
TIMING op=mmwd reps=7/7 prof_wall_s=12.06 per_rep_s=1.723
SUMMARY op=mmwd rows=8192 cols=2048 cores=32 tiles=0 lx=1 io_hbm_bytes=75497472 kernel_us=1602.504 pred_us=1582.021 err_pct=-1.3 bw_gbps=47.1 memset_us=469.819 other_dev_us=2218.179 total_dev_us=4290.502 kernel_us_min=1592.132 kernel_us_median=1602.504 kernel_us_mean=1603.847 kernel_us_std=7.657 kernel_us_cv=0.48 reps=7
TIMING_RUN mmwd mmwd 8192x2048x2048 split 4x8 37s
-- mmwd 8192x2048x2048 split 8x4
IO -- device-layout I/O (cost model, stick-padded) --
IO   op mm [reduction]
IO     output op0                    torch [8192, 2048] -> device [32, 8192, 64] in HBM = 16777216 elems x 2B = 33554432 B  (hbm counted: 33554432 B)
IO     input  arg0_1                 torch [8192, 2048] -> device [32, 8192, 64] in HBM = 16777216 elems x 2B = 33554432 B  (hbm counted: 33554432 B)
IO     input  arg1_1                 torch [2048, 2048] -> device [32, 2048, 64] in HBM = 4194304 elems x 2B = 8388608 B  (hbm counted: 8388608 B)
IO   => HBM I/O total = 75497472 B  (lx 0 B, ~free)
MODEL -- estimate (turnaround): T = compute + (R+W)/BW_PEAK + a*min(R,W) --
MODEL   R=41943040 B (read)   W=33554432 B (write)   loop_trip L=1
MODEL   compute = MACs/cores/(mac_peak*pt_eff) = 34359738368/32/(1140*1.000) = 941.88 us  (M/m=1024, pt_eff=1.000)
MODEL   base = R/150+W/150 = 503.32 us
MODEL   turn = a*min(R,W) = 0.00574*33554432 = 192.60 us
MODEL   => T_model = 1582.02 us
MODEL FEATS [{"name":"mm","is_reduction":true,"out_elems":16777216,"cores":32,"dtype_bytes":2,"args":[{"name":"op0","role":"output","mem":"hbm","elems":16777216,"broadcast":false,"dims":[32,8192,64],"logical":[8192,2048],"loop_factor":1},{"name":"arg0_1","role":"input","mem":"hbm","elems":16777216,"broadcast":false,"dims":[32,8192,64],"logical":[8192,2048],"loop_factor":1},{"name":"arg1_1","role":"input","mem":"hbm","elems":4194304,"broadcast":false,"dims":[32,2048,64],"logical":[2048,2048],"loop_factor":1}],"reduction_cores":1,"loop_trip":1,"tiles_output_dim":false,"tile_rows_per_core":0.0,"is_matmul":true,"matmul_macs":34359738368,"matmul_rows_per_core":1024.0,"matmul_cols_per_core":512.0,"matmul_a_bytes":33554432,"matmul_b_bytes":8388608,"matmul_m_split":8,"matmul_n_split":4,"hbm_pattern":""}]
TIMING op=mmwd reps=7/7 prof_wall_s=12.29 per_rep_s=1.755
SUMMARY op=mmwd rows=8192 cols=2048 cores=32 tiles=0 lx=1 io_hbm_bytes=75497472 kernel_us=1622.299 pred_us=1582.021 err_pct=-2.5 bw_gbps=46.5 memset_us=673.456 other_dev_us=1476.418 total_dev_us=3772.173 kernel_us_min=1616.278 kernel_us_median=1622.299 kernel_us_mean=1621.967 kernel_us_std=4.895 kernel_us_cv=0.30 reps=7
TIMING_RUN mmwd mmwd 8192x2048x2048 split 8x4 35s
-- mmwd 8192x2048x2048 split 2x16
IO -- device-layout I/O (cost model, stick-padded) --
IO   op mm [reduction]
IO     output op0                    torch [8192, 2048] -> device [32, 8192, 64] in HBM = 16777216 elems x 2B = 33554432 B  (hbm counted: 33554432 B)
IO     input  arg0_1                 torch [8192, 2048] -> device [32, 8192, 64] in HBM = 16777216 elems x 2B = 33554432 B  (hbm counted: 33554432 B)
IO     input  arg1_1                 torch [2048, 2048] -> device [32, 2048, 64] in HBM = 4194304 elems x 2B = 8388608 B  (hbm counted: 8388608 B)
IO   => HBM I/O total = 75497472 B  (lx 0 B, ~free)
MODEL -- estimate (turnaround): T = compute + (R+W)/BW_PEAK + a*min(R,W) --
MODEL   R=41943040 B (read)   W=33554432 B (write)   loop_trip L=1
MODEL   compute = MACs/cores/(mac_peak*pt_eff) = 34359738368/32/(1140*1.000) = 941.88 us  (M/m=4096, pt_eff=1.000)
MODEL   base = R/150+W/150 = 503.32 us
MODEL   turn = a*min(R,W) = 0.00574*33554432 = 192.60 us
MODEL   => T_model = 1582.02 us
MODEL FEATS [{"name":"mm","is_reduction":true,"out_elems":16777216,"cores":32,"dtype_bytes":2,"args":[{"name":"op0","role":"output","mem":"hbm","elems":16777216,"broadcast":false,"dims":[32,8192,64],"logical":[8192,2048],"loop_factor":1},{"name":"arg0_1","role":"input","mem":"hbm","elems":16777216,"broadcast":false,"dims":[32,8192,64],"logical":[8192,2048],"loop_factor":1},{"name":"arg1_1","role":"input","mem":"hbm","elems":4194304,"broadcast":false,"dims":[32,2048,64],"logical":[2048,2048],"loop_factor":1}],"reduction_cores":1,"loop_trip":1,"tiles_output_dim":false,"tile_rows_per_core":0.0,"is_matmul":true,"matmul_macs":34359738368,"matmul_rows_per_core":4096.0,"matmul_cols_per_core":128.0,"matmul_a_bytes":33554432,"matmul_b_bytes":8388608,"matmul_m_split":2,"matmul_n_split":16,"hbm_pattern":""}]
TIMING op=mmwd reps=7/7 prof_wall_s=10.97 per_rep_s=1.567
SUMMARY op=mmwd rows=8192 cols=2048 cores=32 tiles=0 lx=1 io_hbm_bytes=75497472 kernel_us=1634.488 pred_us=1582.021 err_pct=-3.2 bw_gbps=46.2 memset_us=504.657 other_dev_us=2371.458 total_dev_us=4510.603 kernel_us_min=1626.041 kernel_us_median=1634.488 kernel_us_mean=1638.609 kernel_us_std=9.485 kernel_us_cv=0.58 reps=7
TIMING_RUN mmwd mmwd 8192x2048x2048 split 2x16 35s
-- mmwd 8192x2048x2048 split 16x2
IO -- device-layout I/O (cost model, stick-padded) --
IO   op mm [reduction]
IO     output op0                    torch [8192, 2048] -> device [32, 8192, 64] in HBM = 16777216 elems x 2B = 33554432 B  (hbm counted: 33554432 B)
IO     input  arg0_1                 torch [8192, 2048] -> device [32, 8192, 64] in HBM = 16777216 elems x 2B = 33554432 B  (hbm counted: 33554432 B)
IO     input  arg1_1                 torch [2048, 2048] -> device [32, 2048, 64] in HBM = 4194304 elems x 2B = 8388608 B  (hbm counted: 8388608 B)
IO   => HBM I/O total = 75497472 B  (lx 0 B, ~free)
MODEL -- estimate (turnaround): T = compute + (R+W)/BW_PEAK + a*min(R,W) --
MODEL   R=41943040 B (read)   W=33554432 B (write)   loop_trip L=1
MODEL   compute = MACs/cores/(mac_peak*pt_eff) = 34359738368/32/(1140*1.000) = 941.88 us  (M/m=512, pt_eff=1.000)
MODEL   base = R/150+W/150 = 503.32 us
MODEL   turn = a*min(R,W) = 0.00574*33554432 = 192.60 us
MODEL   => T_model = 2612.25 us
MODEL FEATS [{"name":"mm","is_reduction":true,"out_elems":16777216,"cores":32,"dtype_bytes":2,"args":[{"name":"op0","role":"output","mem":"hbm","elems":16777216,"broadcast":false,"dims":[32,8192,64],"logical":[8192,2048],"loop_factor":1},{"name":"arg0_1","role":"input","mem":"hbm","elems":16777216,"broadcast":false,"dims":[32,8192,64],"logical":[8192,2048],"loop_factor":1},{"name":"arg1_1","role":"input","mem":"hbm","elems":4194304,"broadcast":false,"dims":[32,2048,64],"logical":[2048,2048],"loop_factor":1}],"reduction_cores":1,"loop_trip":1,"tiles_output_dim":false,"tile_rows_per_core":0.0,"is_matmul":true,"matmul_macs":34359738368,"matmul_rows_per_core":512.0,"matmul_cols_per_core":1024.0,"matmul_a_bytes":33554432,"matmul_b_bytes":8388608,"matmul_m_split":16,"matmul_n_split":2,"hbm_pattern":""}]
TIMING op=mmwd reps=7/7 prof_wall_s=12.66 per_rep_s=1.808
SUMMARY op=mmwd rows=8192 cols=2048 cores=32 tiles=0 lx=1 io_hbm_bytes=75497472 kernel_us=2609.752 pred_us=2612.247 err_pct=+0.1 bw_gbps=28.9 memset_us=469.920 other_dev_us=2317.184 total_dev_us=5396.856 kernel_us_min=2567.980 kernel_us_median=2609.752 kernel_us_mean=2614.245 kernel_us_std=33.724 kernel_us_cv=1.29 reps=7
TIMING_RUN mmwd mmwd 8192x2048x2048 split 16x2 37s
-- mmwd 2048x4096x2048 split 4x8
IO -- device-layout I/O (cost model, stick-padded) --
IO   op mm [reduction]
IO     output op0                    torch [2048, 2048] -> device [32, 2048, 64] in HBM = 4194304 elems x 2B = 8388608 B  (hbm counted: 8388608 B)
IO     input  arg0_1                 torch [2048, 4096] -> device [64, 2048, 64] in HBM = 8388608 elems x 2B = 16777216 B  (hbm counted: 16777216 B)
IO     input  arg1_1                 torch [4096, 2048] -> device [32, 4096, 64] in HBM = 8388608 elems x 2B = 16777216 B  (hbm counted: 16777216 B)
IO   => HBM I/O total = 41943040 B  (lx 0 B, ~free)
MODEL -- estimate (turnaround): T = compute + (R+W)/BW_PEAK + a*min(R,W) --
MODEL   R=33554432 B (read)   W=8388608 B (write)   loop_trip L=1
MODEL   compute = MACs/cores/(mac_peak*pt_eff) = 17179869184/32/(1140*1.000) = 470.94 us  (M/m=512, pt_eff=1.000)
MODEL   base = R/150+W/150 = 279.62 us
MODEL   turn = a*min(R,W) = 0.00574*8388608 = 48.15 us
MODEL   => T_model = 702.29 us
MODEL FEATS [{"name":"mm","is_reduction":true,"out_elems":4194304,"cores":32,"dtype_bytes":2,"args":[{"name":"op0","role":"output","mem":"hbm","elems":4194304,"broadcast":false,"dims":[32,2048,64],"logical":[2048,2048],"loop_factor":1},{"name":"arg0_1","role":"input","mem":"hbm","elems":8388608,"broadcast":false,"dims":[64,2048,64],"logical":[2048,4096],"loop_factor":1},{"name":"arg1_1","role":"input","mem":"hbm","elems":8388608,"broadcast":false,"dims":[32,4096,64],"logical":[4096,2048],"loop_factor":1}],"reduction_cores":1,"loop_trip":1,"tiles_output_dim":false,"tile_rows_per_core":0.0,"is_matmul":true,"matmul_macs":17179869184,"matmul_rows_per_core":512.0,"matmul_cols_per_core":256.0,"matmul_a_bytes":16777216,"matmul_b_bytes":16777216,"matmul_m_split":4,"matmul_n_split":8,"hbm_pattern":""}]
TIMING op=mmwd reps=7/7 prof_wall_s=11.63 per_rep_s=1.662
SUMMARY op=mmwd rows=2048 cols=4096 cores=32 tiles=0 lx=1 io_hbm_bytes=41943040 kernel_us=669.616 pred_us=702.294 err_pct=+4.9 bw_gbps=62.6 memset_us=247.155 other_dev_us=412.509 total_dev_us=1329.280 kernel_us_min=665.667 kernel_us_median=669.616 kernel_us_mean=670.284 kernel_us_std=2.440 kernel_us_cv=0.36 reps=7
TIMING_RUN mmwd mmwd 2048x4096x2048 split 4x8 37s
-- mmwd 2048x4096x2048 split 8x4
IO -- device-layout I/O (cost model, stick-padded) --
IO   op mm [reduction]
IO     output op0                    torch [2048, 2048] -> device [32, 2048, 64] in HBM = 4194304 elems x 2B = 8388608 B  (hbm counted: 8388608 B)
IO     input  arg0_1                 torch [2048, 4096] -> device [64, 2048, 64] in HBM = 8388608 elems x 2B = 16777216 B  (hbm counted: 16777216 B)
IO     input  arg1_1                 torch [4096, 2048] -> device [32, 4096, 64] in HBM = 8388608 elems x 2B = 16777216 B  (hbm counted: 16777216 B)
IO   => HBM I/O total = 41943040 B  (lx 0 B, ~free)
MODEL -- estimate (turnaround): T = compute + (R+W)/BW_PEAK + a*min(R,W) --
MODEL   R=33554432 B (read)   W=8388608 B (write)   loop_trip L=1
MODEL   compute = MACs/cores/(mac_peak*pt_eff) = 17179869184/32/(1140*1.000) = 470.94 us  (M/m=256, pt_eff=1.000)
MODEL   base = R/150+W/150 = 279.62 us
MODEL   turn = a*min(R,W) = 0.00574*8388608 = 48.15 us
MODEL   => T_model = 702.29 us
MODEL FEATS [{"name":"mm","is_reduction":true,"out_elems":4194304,"cores":32,"dtype_bytes":2,"args":[{"name":"op0","role":"output","mem":"hbm","elems":4194304,"broadcast":false,"dims":[32,2048,64],"logical":[2048,2048],"loop_factor":1},{"name":"arg0_1","role":"input","mem":"hbm","elems":8388608,"broadcast":false,"dims":[64,2048,64],"logical":[2048,4096],"loop_factor":1},{"name":"arg1_1","role":"input","mem":"hbm","elems":8388608,"broadcast":false,"dims":[32,4096,64],"logical":[4096,2048],"loop_factor":1}],"reduction_cores":1,"loop_trip":1,"tiles_output_dim":false,"tile_rows_per_core":0.0,"is_matmul":true,"matmul_macs":17179869184,"matmul_rows_per_core":256.0,"matmul_cols_per_core":512.0,"matmul_a_bytes":16777216,"matmul_b_bytes":16777216,"matmul_m_split":8,"matmul_n_split":4,"hbm_pattern":""}]
TIMING op=mmwd reps=7/7 prof_wall_s=10.56 per_rep_s=1.509
SUMMARY op=mmwd rows=2048 cols=4096 cores=32 tiles=0 lx=1 io_hbm_bytes=41943040 kernel_us=672.537 pred_us=702.294 err_pct=+4.4 bw_gbps=62.4 memset_us=250.076 other_dev_us=421.304 total_dev_us=1343.917 kernel_us_min=655.440 kernel_us_median=672.537 kernel_us_mean=671.783 kernel_us_std=7.470 kernel_us_cv=1.11 reps=7
TIMING_RUN mmwd mmwd 2048x4096x2048 split 8x4 33s
-- mmwd 2048x4096x2048 split 2x16
IO -- device-layout I/O (cost model, stick-padded) --
IO   op mm [reduction]
IO     output op0                    torch [2048, 2048] -> device [32, 2048, 64] in HBM = 4194304 elems x 2B = 8388608 B  (hbm counted: 8388608 B)
IO     input  arg0_1                 torch [2048, 4096] -> device [64, 2048, 64] in HBM = 8388608 elems x 2B = 16777216 B  (hbm counted: 16777216 B)
IO     input  arg1_1                 torch [4096, 2048] -> device [32, 4096, 64] in HBM = 8388608 elems x 2B = 16777216 B  (hbm counted: 16777216 B)
IO   => HBM I/O total = 41943040 B  (lx 0 B, ~free)
MODEL -- estimate (turnaround): T = compute + (R+W)/BW_PEAK + a*min(R,W) --
MODEL   R=33554432 B (read)   W=8388608 B (write)   loop_trip L=1
MODEL   compute = MACs/cores/(mac_peak*pt_eff) = 17179869184/32/(1140*1.000) = 470.94 us  (M/m=1024, pt_eff=1.000)
MODEL   base = R/150+W/150 = 279.62 us
MODEL   turn = a*min(R,W) = 0.00574*8388608 = 48.15 us
MODEL   => T_model = 702.29 us
MODEL FEATS [{"name":"mm","is_reduction":true,"out_elems":4194304,"cores":32,"dtype_bytes":2,"args":[{"name":"op0","role":"output","mem":"hbm","elems":4194304,"broadcast":false,"dims":[32,2048,64],"logical":[2048,2048],"loop_factor":1},{"name":"arg0_1","role":"input","mem":"hbm","elems":8388608,"broadcast":false,"dims":[64,2048,64],"logical":[2048,4096],"loop_factor":1},{"name":"arg1_1","role":"input","mem":"hbm","elems":8388608,"broadcast":false,"dims":[32,4096,64],"logical":[4096,2048],"loop_factor":1}],"reduction_cores":1,"loop_trip":1,"tiles_output_dim":false,"tile_rows_per_core":0.0,"is_matmul":true,"matmul_macs":17179869184,"matmul_rows_per_core":1024.0,"matmul_cols_per_core":128.0,"matmul_a_bytes":16777216,"matmul_b_bytes":16777216,"matmul_m_split":2,"matmul_n_split":16,"hbm_pattern":""}]
TIMING op=mmwd reps=7/7 prof_wall_s=10.65 per_rep_s=1.521
SUMMARY op=mmwd rows=2048 cols=4096 cores=32 tiles=0 lx=1 io_hbm_bytes=41943040 kernel_us=709.245 pred_us=702.294 err_pct=-1.0 bw_gbps=59.1 memset_us=265.696 other_dev_us=509.228 total_dev_us=1484.169 kernel_us_min=703.458 kernel_us_median=709.245 kernel_us_mean=707.715 kernel_us_std=3.185 kernel_us_cv=0.45 reps=7
TIMING_RUN mmwd mmwd 2048x4096x2048 split 2x16 36s
-- mmwd 2048x4096x2048 split 16x2
IO -- device-layout I/O (cost model, stick-padded) --
IO   op mm [reduction]
IO     output op0                    torch [2048, 2048] -> device [32, 2048, 64] in HBM = 4194304 elems x 2B = 8388608 B  (hbm counted: 8388608 B)
IO     input  arg0_1                 torch [2048, 4096] -> device [64, 2048, 64] in HBM = 8388608 elems x 2B = 16777216 B  (hbm counted: 16777216 B)
IO     input  arg1_1                 torch [4096, 2048] -> device [32, 4096, 64] in HBM = 8388608 elems x 2B = 16777216 B  (hbm counted: 16777216 B)
IO   => HBM I/O total = 41943040 B  (lx 0 B, ~free)
MODEL -- estimate (turnaround): T = compute + (R+W)/BW_PEAK + a*min(R,W) --
MODEL   R=33554432 B (read)   W=8388608 B (write)   loop_trip L=1
MODEL   compute = MACs/cores/(mac_peak*pt_eff) = 17179869184/32/(1140*1.000) = 470.94 us  (M/m=128, pt_eff=1.000)
MODEL   base = R/150+W/150 = 279.62 us
MODEL   turn = a*min(R,W) = 0.00574*8388608 = 48.15 us
MODEL   => T_model = 702.29 us
MODEL FEATS [{"name":"mm","is_reduction":true,"out_elems":4194304,"cores":32,"dtype_bytes":2,"args":[{"name":"op0","role":"output","mem":"hbm","elems":4194304,"broadcast":false,"dims":[32,2048,64],"logical":[2048,2048],"loop_factor":1},{"name":"arg0_1","role":"input","mem":"hbm","elems":8388608,"broadcast":false,"dims":[64,2048,64],"logical":[2048,4096],"loop_factor":1},{"name":"arg1_1","role":"input","mem":"hbm","elems":8388608,"broadcast":false,"dims":[32,4096,64],"logical":[4096,2048],"loop_factor":1}],"reduction_cores":1,"loop_trip":1,"tiles_output_dim":false,"tile_rows_per_core":0.0,"is_matmul":true,"matmul_macs":17179869184,"matmul_rows_per_core":128.0,"matmul_cols_per_core":1024.0,"matmul_a_bytes":16777216,"matmul_b_bytes":16777216,"matmul_m_split":16,"matmul_n_split":2,"hbm_pattern":""}]
TIMING op=mmwd reps=7/7 prof_wall_s=11.92 per_rep_s=1.702
SUMMARY op=mmwd rows=2048 cols=4096 cores=32 tiles=0 lx=1 io_hbm_bytes=41943040 kernel_us=673.408 pred_us=702.294 err_pct=+4.3 bw_gbps=62.3 memset_us=253.129 other_dev_us=496.817 total_dev_us=1423.354 kernel_us_min=668.364 kernel_us_median=673.408 kernel_us_mean=674.150 kernel_us_std=4.277 kernel_us_cv=0.63 reps=7
TIMING_RUN mmwd mmwd 2048x4096x2048 split 16x2 38s
-- mmwd 4096x4096x2048 split 4x8
IO -- device-layout I/O (cost model, stick-padded) --
IO   op mm [reduction]
IO     output op0                    torch [4096, 2048] -> device [32, 4096, 64] in HBM = 8388608 elems x 2B = 16777216 B  (hbm counted: 16777216 B)
IO     input  arg0_1                 torch [4096, 4096] -> device [64, 4096, 64] in HBM = 16777216 elems x 2B = 33554432 B  (hbm counted: 33554432 B)
IO     input  arg1_1                 torch [4096, 2048] -> device [32, 4096, 64] in HBM = 8388608 elems x 2B = 16777216 B  (hbm counted: 16777216 B)
IO   => HBM I/O total = 67108864 B  (lx 0 B, ~free)
MODEL -- estimate (turnaround): T = compute + (R+W)/BW_PEAK + a*min(R,W) --
MODEL   R=50331648 B (read)   W=16777216 B (write)   loop_trip L=1
MODEL   compute = MACs/cores/(mac_peak*pt_eff) = 34359738368/32/(1140*1.000) = 941.88 us  (M/m=1024, pt_eff=1.000)
MODEL   base = R/150+W/150 = 447.39 us
MODEL   turn = a*min(R,W) = 0.00574*16777216 = 96.30 us
MODEL   => T_model = 1398.55 us
MODEL FEATS [{"name":"mm","is_reduction":true,"out_elems":8388608,"cores":32,"dtype_bytes":2,"args":[{"name":"op0","role":"output","mem":"hbm","elems":8388608,"broadcast":false,"dims":[32,4096,64],"logical":[4096,2048],"loop_factor":1},{"name":"arg0_1","role":"input","mem":"hbm","elems":16777216,"broadcast":false,"dims":[64,4096,64],"logical":[4096,4096],"loop_factor":1},{"name":"arg1_1","role":"input","mem":"hbm","elems":8388608,"broadcast":false,"dims":[32,4096,64],"logical":[4096,2048],"loop_factor":1}],"reduction_cores":1,"loop_trip":1,"tiles_output_dim":false,"tile_rows_per_core":0.0,"is_matmul":true,"matmul_macs":34359738368,"matmul_rows_per_core":1024.0,"matmul_cols_per_core":256.0,"matmul_a_bytes":33554432,"matmul_b_bytes":16777216,"matmul_m_split":4,"matmul_n_split":8,"hbm_pattern":""}]
TIMING op=mmwd reps=7/7 prof_wall_s=11.77 per_rep_s=1.681
SUMMARY op=mmwd rows=4096 cols=4096 cores=32 tiles=0 lx=1 io_hbm_bytes=67108864 kernel_us=1366.933 pred_us=1398.548 err_pct=+2.3 bw_gbps=49.1 memset_us=314.618 other_dev_us=818.027 total_dev_us=2499.578 kernel_us_min=1363.269 kernel_us_median=1366.933 kernel_us_mean=1367.764 kernel_us_std=4.943 kernel_us_cv=0.36 reps=7
TIMING_RUN mmwd mmwd 4096x4096x2048 split 4x8 41s
-- mmwd 4096x4096x2048 split 8x4
IO -- device-layout I/O (cost model, stick-padded) --
IO   op mm [reduction]
IO     output op0                    torch [4096, 2048] -> device [32, 4096, 64] in HBM = 8388608 elems x 2B = 16777216 B  (hbm counted: 16777216 B)
IO     input  arg0_1                 torch [4096, 4096] -> device [64, 4096, 64] in HBM = 16777216 elems x 2B = 33554432 B  (hbm counted: 33554432 B)
IO     input  arg1_1                 torch [4096, 2048] -> device [32, 4096, 64] in HBM = 8388608 elems x 2B = 16777216 B  (hbm counted: 16777216 B)
IO   => HBM I/O total = 67108864 B  (lx 0 B, ~free)
MODEL -- estimate (turnaround): T = compute + (R+W)/BW_PEAK + a*min(R,W) --
MODEL   R=50331648 B (read)   W=16777216 B (write)   loop_trip L=1
MODEL   compute = MACs/cores/(mac_peak*pt_eff) = 34359738368/32/(1140*1.000) = 941.88 us  (M/m=512, pt_eff=1.000)
MODEL   base = R/150+W/150 = 447.39 us
MODEL   turn = a*min(R,W) = 0.00574*16777216 = 96.30 us
MODEL   => T_model = 1398.55 us
MODEL FEATS [{"name":"mm","is_reduction":true,"out_elems":8388608,"cores":32,"dtype_bytes":2,"args":[{"name":"op0","role":"output","mem":"hbm","elems":8388608,"broadcast":false,"dims":[32,4096,64],"logical":[4096,2048],"loop_factor":1},{"name":"arg0_1","role":"input","mem":"hbm","elems":16777216,"broadcast":false,"dims":[64,4096,64],"logical":[4096,4096],"loop_factor":1},{"name":"arg1_1","role":"input","mem":"hbm","elems":8388608,"broadcast":false,"dims":[32,4096,64],"logical":[4096,2048],"loop_factor":1}],"reduction_cores":1,"loop_trip":1,"tiles_output_dim":false,"tile_rows_per_core":0.0,"is_matmul":true,"matmul_macs":34359738368,"matmul_rows_per_core":512.0,"matmul_cols_per_core":512.0,"matmul_a_bytes":33554432,"matmul_b_bytes":16777216,"matmul_m_split":8,"matmul_n_split":4,"hbm_pattern":""}]
TIMING op=mmwd reps=7/7 prof_wall_s=12.06 per_rep_s=1.722
SUMMARY op=mmwd rows=4096 cols=4096 cores=32 tiles=0 lx=1 io_hbm_bytes=67108864 kernel_us=1477.012 pred_us=1398.548 err_pct=-5.3 bw_gbps=45.4 memset_us=294.879 other_dev_us=784.620 total_dev_us=2556.511 kernel_us_min=1458.125 kernel_us_median=1477.012 kernel_us_mean=1474.036 kernel_us_std=13.996 kernel_us_cv=0.95 reps=7
TIMING_RUN mmwd mmwd 4096x4096x2048 split 8x4 36s
-- mmwd 4096x4096x2048 split 2x16
IO -- device-layout I/O (cost model, stick-padded) --
IO   op mm [reduction]
IO     output op0                    torch [4096, 2048] -> device [32, 4096, 64] in HBM = 8388608 elems x 2B = 16777216 B  (hbm counted: 16777216 B)
IO     input  arg0_1                 torch [4096, 4096] -> device [64, 4096, 64] in HBM = 16777216 elems x 2B = 33554432 B  (hbm counted: 33554432 B)
IO     input  arg1_1                 torch [4096, 2048] -> device [32, 4096, 64] in HBM = 8388608 elems x 2B = 16777216 B  (hbm counted: 16777216 B)
IO   => HBM I/O total = 67108864 B  (lx 0 B, ~free)
MODEL -- estimate (turnaround): T = compute + (R+W)/BW_PEAK + a*min(R,W) --
MODEL   R=50331648 B (read)   W=16777216 B (write)   loop_trip L=1
MODEL   compute = MACs/cores/(mac_peak*pt_eff) = 34359738368/32/(1140*1.000) = 941.88 us  (M/m=2048, pt_eff=1.000)
MODEL   base = R/150+W/150 = 447.39 us
MODEL   turn = a*min(R,W) = 0.00574*16777216 = 96.30 us
MODEL   => T_model = 1398.55 us
MODEL FEATS [{"name":"mm","is_reduction":true,"out_elems":8388608,"cores":32,"dtype_bytes":2,"args":[{"name":"op0","role":"output","mem":"hbm","elems":8388608,"broadcast":false,"dims":[32,4096,64],"logical":[4096,2048],"loop_factor":1},{"name":"arg0_1","role":"input","mem":"hbm","elems":16777216,"broadcast":false,"dims":[64,4096,64],"logical":[4096,4096],"loop_factor":1},{"name":"arg1_1","role":"input","mem":"hbm","elems":8388608,"broadcast":false,"dims":[32,4096,64],"logical":[4096,2048],"loop_factor":1}],"reduction_cores":1,"loop_trip":1,"tiles_output_dim":false,"tile_rows_per_core":0.0,"is_matmul":true,"matmul_macs":34359738368,"matmul_rows_per_core":2048.0,"matmul_cols_per_core":128.0,"matmul_a_bytes":33554432,"matmul_b_bytes":16777216,"matmul_m_split":2,"matmul_n_split":16,"hbm_pattern":""}]
TIMING op=mmwd reps=7/7 prof_wall_s=10.73 per_rep_s=1.533
SUMMARY op=mmwd rows=4096 cols=4096 cores=32 tiles=0 lx=1 io_hbm_bytes=67108864 kernel_us=1404.303 pred_us=1398.548 err_pct=-0.4 bw_gbps=47.8 memset_us=306.195 other_dev_us=863.958 total_dev_us=2574.456 kernel_us_min=1394.797 kernel_us_median=1404.303 kernel_us_mean=1403.665 kernel_us_std=5.818 kernel_us_cv=0.41 reps=7
TIMING_RUN mmwd mmwd 4096x4096x2048 split 2x16 37s
-- mmwd 2048x4096x4096 split 4x8
IO -- device-layout I/O (cost model, stick-padded) --
IO   op mm [reduction]
IO     output op0                    torch [2048, 4096] -> device [64, 2048, 64] in HBM = 8388608 elems x 2B = 16777216 B  (hbm counted: 16777216 B)
IO     input  arg0_1                 torch [2048, 4096] -> device [64, 2048, 64] in HBM = 8388608 elems x 2B = 16777216 B  (hbm counted: 16777216 B)
IO     input  arg1_1                 torch [4096, 4096] -> device [64, 4096, 64] in HBM = 16777216 elems x 2B = 33554432 B  (hbm counted: 33554432 B)
IO   => HBM I/O total = 67108864 B  (lx 0 B, ~free)
MODEL -- estimate (turnaround): T = compute + (R+W)/BW_PEAK + a*min(R,W) --
MODEL   R=50331648 B (read)   W=16777216 B (write)   loop_trip L=1
MODEL   compute = MACs/cores/(mac_peak*pt_eff) = 34359738368/32/(1140*1.000) = 941.88 us  (M/m=512, pt_eff=1.000)
MODEL   base = R/150+W/150 = 447.39 us
MODEL   turn = a*min(R,W) = 0.00574*16777216 = 96.30 us
MODEL   => T_model = 1398.55 us
MODEL FEATS [{"name":"mm","is_reduction":true,"out_elems":8388608,"cores":32,"dtype_bytes":2,"args":[{"name":"op0","role":"output","mem":"hbm","elems":8388608,"broadcast":false,"dims":[64,2048,64],"logical":[2048,4096],"loop_factor":1},{"name":"arg0_1","role":"input","mem":"hbm","elems":8388608,"broadcast":false,"dims":[64,2048,64],"logical":[2048,4096],"loop_factor":1},{"name":"arg1_1","role":"input","mem":"hbm","elems":16777216,"broadcast":false,"dims":[64,4096,64],"logical":[4096,4096],"loop_factor":1}],"reduction_cores":1,"loop_trip":1,"tiles_output_dim":false,"tile_rows_per_core":0.0,"is_matmul":true,"matmul_macs":34359738368,"matmul_rows_per_core":512.0,"matmul_cols_per_core":512.0,"matmul_a_bytes":16777216,"matmul_b_bytes":33554432,"matmul_m_split":4,"matmul_n_split":8,"hbm_pattern":""}]
TIMING op=mmwd reps=7/7 prof_wall_s=13.47 per_rep_s=1.925
SUMMARY op=mmwd rows=2048 cols=4096 cores=32 tiles=0 lx=1 io_hbm_bytes=67108864 kernel_us=1321.894 pred_us=1398.548 err_pct=+5.8 bw_gbps=50.8 memset_us=315.719 other_dev_us=892.260 total_dev_us=2529.873 kernel_us_min=1312.305 kernel_us_median=1321.894 kernel_us_mean=1320.386 kernel_us_std=4.055 kernel_us_cv=0.31 reps=7
TIMING_RUN mmwd mmwd 2048x4096x4096 split 4x8 38s
-- mmwd 2048x4096x4096 split 8x4
IO -- device-layout I/O (cost model, stick-padded) --
IO   op mm [reduction]
IO     output op0                    torch [2048, 4096] -> device [64, 2048, 64] in HBM = 8388608 elems x 2B = 16777216 B  (hbm counted: 16777216 B)
IO     input  arg0_1                 torch [2048, 4096] -> device [64, 2048, 64] in HBM = 8388608 elems x 2B = 16777216 B  (hbm counted: 16777216 B)
IO     input  arg1_1                 torch [4096, 4096] -> device [64, 4096, 64] in HBM = 16777216 elems x 2B = 33554432 B  (hbm counted: 33554432 B)
IO   => HBM I/O total = 67108864 B  (lx 0 B, ~free)
MODEL -- estimate (turnaround): T = compute + (R+W)/BW_PEAK + a*min(R,W) --
MODEL   R=50331648 B (read)   W=16777216 B (write)   loop_trip L=1
MODEL   compute = MACs/cores/(mac_peak*pt_eff) = 34359738368/32/(1140*1.000) = 941.88 us  (M/m=256, pt_eff=1.000)
MODEL   base = R/150+W/150 = 447.39 us
MODEL   turn = a*min(R,W) = 0.00574*16777216 = 96.30 us
MODEL   => T_model = 1398.55 us
MODEL FEATS [{"name":"mm","is_reduction":true,"out_elems":8388608,"cores":32,"dtype_bytes":2,"args":[{"name":"op0","role":"output","mem":"hbm","elems":8388608,"broadcast":false,"dims":[64,2048,64],"logical":[2048,4096],"loop_factor":1},{"name":"arg0_1","role":"input","mem":"hbm","elems":8388608,"broadcast":false,"dims":[64,2048,64],"logical":[2048,4096],"loop_factor":1},{"name":"arg1_1","role":"input","mem":"hbm","elems":16777216,"broadcast":false,"dims":[64,4096,64],"logical":[4096,4096],"loop_factor":1}],"reduction_cores":1,"loop_trip":1,"tiles_output_dim":false,"tile_rows_per_core":0.0,"is_matmul":true,"matmul_macs":34359738368,"matmul_rows_per_core":256.0,"matmul_cols_per_core":1024.0,"matmul_a_bytes":16777216,"matmul_b_bytes":33554432,"matmul_m_split":8,"matmul_n_split":4,"hbm_pattern":""}]
TIMING op=mmwd reps=7/7 prof_wall_s=10.72 per_rep_s=1.531
SUMMARY op=mmwd rows=2048 cols=4096 cores=32 tiles=0 lx=1 io_hbm_bytes=67108864 kernel_us=1360.639 pred_us=1398.548 err_pct=+2.8 bw_gbps=49.3 memset_us=334.505 other_dev_us=871.096 total_dev_us=2566.240 kernel_us_min=1355.129 kernel_us_median=1360.639 kernel_us_mean=1361.036 kernel_us_std=4.098 kernel_us_cv=0.30 reps=7
TIMING_RUN mmwd mmwd 2048x4096x4096 split 8x4 36s
-- mmwd 2048x4096x4096 split 2x16
IO -- device-layout I/O (cost model, stick-padded) --
IO   op mm [reduction]
IO     output op0                    torch [2048, 4096] -> device [64, 2048, 64] in HBM = 8388608 elems x 2B = 16777216 B  (hbm counted: 16777216 B)
IO     input  arg0_1                 torch [2048, 4096] -> device [64, 2048, 64] in HBM = 8388608 elems x 2B = 16777216 B  (hbm counted: 16777216 B)
IO     input  arg1_1                 torch [4096, 4096] -> device [64, 4096, 64] in HBM = 16777216 elems x 2B = 33554432 B  (hbm counted: 33554432 B)
IO   => HBM I/O total = 67108864 B  (lx 0 B, ~free)
MODEL -- estimate (turnaround): T = compute + (R+W)/BW_PEAK + a*min(R,W) --
MODEL   R=50331648 B (read)   W=16777216 B (write)   loop_trip L=1
MODEL   compute = MACs/cores/(mac_peak*pt_eff) = 34359738368/32/(1140*1.000) = 941.88 us  (M/m=1024, pt_eff=1.000)
MODEL   base = R/150+W/150 = 447.39 us
MODEL   turn = a*min(R,W) = 0.00574*16777216 = 96.30 us
MODEL   => T_model = 1741.96 us
MODEL FEATS [{"name":"mm","is_reduction":true,"out_elems":8388608,"cores":32,"dtype_bytes":2,"args":[{"name":"op0","role":"output","mem":"hbm","elems":8388608,"broadcast":false,"dims":[64,2048,64],"logical":[2048,4096],"loop_factor":1},{"name":"arg0_1","role":"input","mem":"hbm","elems":8388608,"broadcast":false,"dims":[64,2048,64],"logical":[2048,4096],"loop_factor":1},{"name":"arg1_1","role":"input","mem":"hbm","elems":16777216,"broadcast":false,"dims":[64,4096,64],"logical":[4096,4096],"loop_factor":1}],"reduction_cores":1,"loop_trip":1,"tiles_output_dim":false,"tile_rows_per_core":0.0,"is_matmul":true,"matmul_macs":34359738368,"matmul_rows_per_core":1024.0,"matmul_cols_per_core":256.0,"matmul_a_bytes":16777216,"matmul_b_bytes":33554432,"matmul_m_split":2,"matmul_n_split":16,"hbm_pattern":""}]
TIMING op=mmwd reps=7/7 prof_wall_s=11.89 per_rep_s=1.698
SUMMARY op=mmwd rows=2048 cols=4096 cores=32 tiles=0 lx=1 io_hbm_bytes=67108864 kernel_us=2324.071 pred_us=1741.957 err_pct=-25.0 bw_gbps=28.9 memset_us=328.208 other_dev_us=812.447 total_dev_us=3464.726 kernel_us_min=2303.471 kernel_us_median=2324.071 kernel_us_mean=2326.859 kernel_us_std=15.891 kernel_us_cv=0.68 reps=7
TIMING_RUN mmwd mmwd 2048x4096x4096 split 2x16 36s
## MMSPILL DONE in 946s
## REDCORES -- cat 5: plain-reduction g(cores) under reps (08:47:36)
## REDCORES DONE in 688s
## GAMMA -- cat 3: gamma identifiability (unsaturated shapes) (08:59:04)
## GAMMA DONE in 318s
## COARSERED -- cat 5: fused-reduction bw(cores, tiles) (09:04:22)
## COARSERED DONE in 2246s
## COARSEBMM -- cat 6b: bmm_k_tiling / bmm_nested_b_k tile ladders (~108 s/run) (09:41:48)
-- bmm_k_tiling B=4 1024x2048x1024 tiles=1
IO -- device-layout I/O (cost model, stick-padded) --
IO   op bmm [reduction]
IO     output op0                    torch [4, 1024, 1024] -> device [1024, 16, 4, 64] in HBM = 4194304 elems x 2B = 8388608 B  (hbm counted: 8388608 B)
IO     input  arg0_1                 torch [4, 1024, 2048] -> device [1024, 32, 4, 64] in HBM = 8388608 elems x 2B = 16777216 B  (hbm counted: 16777216 B)
IO     input  arg1_1                 torch [4, 2048, 1024] -> device [2048, 16, 4, 64] in HBM = 8388608 elems x 2B = 16777216 B  (hbm counted: 16777216 B)
IO   => HBM I/O total = 41943040 B  (lx 0 B, ~free)
MODEL -- estimate (turnaround): T = compute + (R+W)/BW_PEAK + a*min(R,W) --
MODEL   R=33554432 B (read)   W=8388608 B (write)   loop_trip L=1
MODEL   compute = MACs/cores/(mac_peak*pt_eff) = 8589934592/32/(1140*1.000) = 235.47 us  (M/m=64, pt_eff=1.000)
MODEL   base = R/150+W/150 = 279.62 us
MODEL   turn = a*min(R,W) = 0.00574*8388608 = 48.15 us
MODEL   => T_model = 1854.72 us
MODEL FEATS [{"name":"bmm","is_reduction":true,"out_elems":4194304,"cores":32,"dtype_bytes":2,"args":[{"name":"op0","role":"output","mem":"hbm","elems":4194304,"broadcast":false,"dims":[1024,16,4,64],"logical":[4,1024,1024],"loop_factor":1},{"name":"arg0_1","role":"input","mem":"hbm","elems":8388608,"broadcast":false,"dims":[1024,32,4,64],"logical":[4,1024,2048],"loop_factor":1},{"name":"arg1_1","role":"input","mem":"hbm","elems":8388608,"broadcast":false,"dims":[2048,16,4,64],"logical":[4,2048,1024],"loop_factor":1}],"reduction_cores":1,"loop_trip":1,"tiles_output_dim":false,"tile_rows_per_core":0.0,"is_matmul":true,"matmul_macs":8589934592,"matmul_rows_per_core":64.0,"matmul_cols_per_core":512.0,"matmul_a_bytes":4194304,"matmul_b_bytes":4194304,"matmul_m_split":16,"matmul_n_split":2,"hbm_pattern":""}]
TIMING op=bmm_k_tiling reps=7/7 prof_wall_s=0.21 per_rep_s=0.030
SUMMARY op=bmm_k_tiling rows=1024 cols=2048 cores=32 tiles=1 lx=1 io_hbm_bytes=41943040 kernel_us=3791.701 pred_us=1854.718 err_pct=-51.1 bw_gbps=11.1 memset_us=112.848 other_dev_us=599.448 total_dev_us=4503.997 kernel_us_min=3787.189 kernel_us_median=3791.701 kernel_us_mean=3791.829 kernel_us_std=3.091 kernel_us_cv=0.08 reps=7
TIMING_RUN bmm_k_tiling bmm_k_tiling B=4 1024x2048x1024 tiles=1 17s
-- bmm_k_tiling B=4 1024x2048x1024 tiles=2
IO -- device-layout I/O (cost model, stick-padded) --
IO   op Pointwise
IO     output coarse_tile_fill_buf0  torch [4, 1024, 1024] -> device [4, 1024, 1024] in HBM = 4194304 elems x 2B = 8388608 B  (hbm counted: 8388608 B)
IO     input  buf2                   device [1, 64] in HBM = 64 elems x 2B = 128 B  (hbm counted: 128 B) broadcast (loaded once)
IO   op bmm [reduction]
IO     output op0                    torch [4, 1024, 1024] -> device [1024, 16, 4, 64] in HBM = 4194304 elems x 2B = 8388608 B  (hbm counted: 16777216 B) xL=2
IO     input  arg0_1                 torch [4, 1024, 2048] -> device [1024, 32, 4, 64] in HBM = 8388608 elems x 2B = 16777216 B  (hbm counted: 16777216 B)
IO     input  arg1_1                 torch [4, 2048, 1024] -> device [2048, 16, 4, 64] in HBM = 8388608 elems x 2B = 16777216 B  (hbm counted: 16777216 B)
IO   op Pointwise
IO     output coarse_tile_combine_buf0 torch [4, 1024, 1024] -> device [4, 1024, 1024] in HBM = 4194304 elems x 2B = 8388608 B  (hbm counted: 16777216 B) xL=2
IO     input  buf0                   torch [4, 1024, 1024] -> device [1024, 16, 4, 64] in HBM = 4194304 elems x 2B = 8388608 B  (hbm counted: 16777216 B) xL=2
IO     input  buf1                   torch [4, 1024, 1024] -> device [1024, 16, 4, 64] in HBM = 4194304 elems x 2B = 8388608 B  (hbm counted: 16777216 B) xL=2
IO   => HBM I/O total = 109052032 B  (lx 0 B, ~free)
MODEL -- estimate (turnaround): T = compute + (R+W)/BW_PEAK + a*min(R,W) --
MODEL   R=67108992 B (read)   W=41943040 B (write)   loop_trip L=2
MODEL   compute = MACs/cores/(mac_peak*pt_eff) = 4294967296/32/(1140*1.000) = 117.73 us  (M/m=64, pt_eff=1.000)
MODEL   base = R/150+W/150 = 727.01 us
MODEL   turn = a*min(R,W) = 0.00574*41943040 = 240.75 us
MODEL   => T_model = 1420.75 us
MODEL FEATS [{"name":"Pointwise","is_reduction":false,"out_elems":4194304,"cores":32,"dtype_bytes":2,"args":[{"name":"coarse_tile_fill_buf0","role":"output","mem":"hbm","elems":4194304,"broadcast":false,"dims":[4,1024,1024],"logical":[4,1024,1024],"loop_factor":1},{"name":"buf2","role":"input","mem":"hbm","elems":64,"broadcast":true,"dims":[1,64],"logical":[],"loop_factor":1}],"reduction_cores":1,"loop_trip":1,"tiles_output_dim":false,"tile_rows_per_core":0.0,"is_matmul":false,"matmul_macs":0,"matmul_rows_per_core":0.0,"matmul_cols_per_core":0.0,"matmul_a_bytes":0,"matmul_b_bytes":0,"matmul_m_split":1,"matmul_n_split":1,"hbm_pattern":""},{"name":"bmm","is_reduction":true,"out_elems":4194304,"cores":32,"dtype_bytes":2,"args":[{"name":"op0","role":"output","mem":"hbm","elems":4194304,"broadcast":false,"dims":[1024,16,4,64],"logical":[4,1024,1024],"loop_factor":2},{"name":"arg0_1","role":"input","mem":"hbm","elems":8388608,"broadcast":false,"dims":[1024,32,4,64],"logical":[4,1024,2048],"loop_factor":1},{"name":"arg1_1","role":"input","mem":"hbm","elems":8388608,"broadcast":false,"dims":[2048,16,4,64],"logical":[4,2048,1024],"loop_factor":1}],"reduction_cores":1,"loop_trip":2,"tiles_output_dim":false,"tile_rows_per_core":0.0,"is_matmul":true,"matmul_macs":4294967296,"matmul_rows_per_core":64.0,"matmul_cols_per_core":512.0,"matmul_a_bytes":2097152,"matmul_b_bytes":2097152,"matmul_m_split":16,"matmul_n_split":2,"hbm_pattern":""},{"name":"Pointwise","is_reduction":false,"out_elems":4194304,"cores":32,"dtype_bytes":2,"args":[{"name":"coarse_tile_combine_buf0","role":"output","mem":"hbm","elems":4194304,"broadcast":false,"dims":[4,1024,1024],"logical":[4,1024,1024],"loop_factor":2},{"name":"buf0","role":"input","mem":"hbm","elems":4194304,"broadcast":false,"dims":[1024,16,4,64],"logical":[4,1024,1024],"loop_factor":2},{"name":"buf1","role":"input","mem":"hbm","elems":4194304,"broadcast":false,"dims":[1024,16,4,64],"logical":[4,1024,1024],"loop_factor":2}],"reduction_cores":1,"loop_trip":2,"tiles_output_dim":false,"tile_rows_per_core":0.0,"is_matmul":false,"matmul_macs":0,"matmul_rows_per_core":0.0,"matmul_cols_per_core":0.0,"matmul_a_bytes":0,"matmul_b_bytes":0,"matmul_m_split":1,"matmul_n_split":1,"hbm_pattern":""}]
TIMING op=bmm_k_tiling reps=7/7 prof_wall_s=29.19 per_rep_s=4.170
SUMMARY op=bmm_k_tiling rows=1024 cols=2048 cores=32 tiles=2 lx=1 io_hbm_bytes=109052032 kernel_us=4413.135 pred_us=1420.751 err_pct=-67.8 bw_gbps=24.7 memset_us=312.277 other_dev_us=573.335 total_dev_us=5298.747 kernel_us_min=4401.263 kernel_us_median=4413.135 kernel_us_mean=4414.027 kernel_us_std=8.847 kernel_us_cv=0.20 reps=7
TIMING_RUN bmm_k_tiling bmm_k_tiling B=4 1024x2048x1024 tiles=2 66s
-- bmm_k_tiling B=4 1024x2048x1024 tiles=4
SUMMARY bmm_k_tiling B=4 1024x2048x1024 tiles=4 FAILED
FAILDIAG /lib64/libpython3.12.so.1.0(Py_BytesMain+0x3b)[0x7f77a245537b]
FAILDIAG /lib64/libc.so.6(+0x2a58e)[0x7f77a207e58e]
FAILDIAG /lib64/libc.so.6(__libc_start_main+0x89)[0x7f77a207e649]
FAILDIAG python(_start+0x25)[0x561734d63095]
FAILDIAG *****************
TIMING_RUN bmm_k_tiling bmm_k_tiling B=4 1024x2048x1024 tiles=4 400s
-- bmm_k_tiling B=4 1024x2048x1024 tiles=8
IO -- device-layout I/O (cost model, stick-padded) --
IO   op Pointwise
IO     output coarse_tile_fill_buf0  torch [4, 1024, 1024] -> device [4, 1024, 1024] in HBM = 4194304 elems x 2B = 8388608 B  (hbm counted: 8388608 B)
IO     input  buf2                   device [1, 64] in HBM = 64 elems x 2B = 128 B  (hbm counted: 128 B) broadcast (loaded once)
IO   op bmm [reduction]
IO     output op0                    torch [4, 1024, 1024] -> device [1024, 16, 4, 64] in HBM = 4194304 elems x 2B = 8388608 B  (hbm counted: 67108864 B) xL=8
IO     input  arg0_1                 torch [4, 1024, 2048] -> device [1024, 32, 4, 64] in HBM = 8388608 elems x 2B = 16777216 B  (hbm counted: 16777216 B)
IO     input  arg1_1                 torch [4, 2048, 1024] -> device [2048, 16, 4, 64] in HBM = 8388608 elems x 2B = 16777216 B  (hbm counted: 16777216 B)
IO   op Pointwise
IO     output coarse_tile_combine_buf0 torch [4, 1024, 1024] -> device [4, 1024, 1024] in HBM = 4194304 elems x 2B = 8388608 B  (hbm counted: 67108864 B) xL=8
IO     input  buf0                   torch [4, 1024, 1024] -> device [1024, 16, 4, 64] in HBM = 4194304 elems x 2B = 8388608 B  (hbm counted: 67108864 B) xL=8
IO     input  buf1                   torch [4, 1024, 1024] -> device [1024, 16, 4, 64] in HBM = 4194304 elems x 2B = 8388608 B  (hbm counted: 67108864 B) xL=8
IO   => HBM I/O total = 310378624 B  (lx 0 B, ~free)
MODEL -- estimate (turnaround): T = compute + (R+W)/BW_PEAK + a*min(R,W) --
MODEL   R=167772288 B (read)   W=142606336 B (write)   loop_trip L=8
MODEL   compute = MACs/cores/(mac_peak*pt_eff) = 1073741824/32/(1140*1.000) = 29.43 us  (M/m=64, pt_eff=1.000)
MODEL   base = R/150+W/150 = 2069.19 us
MODEL   turn = a*min(R,W) = 0.00574*142606336 = 818.56 us
MODEL   => T_model = 3001.00 us
MODEL FEATS [{"name":"Pointwise","is_reduction":false,"out_elems":4194304,"cores":32,"dtype_bytes":2,"args":[{"name":"coarse_tile_fill_buf0","role":"output","mem":"hbm","elems":4194304,"broadcast":false,"dims":[4,1024,1024],"logical":[4,1024,1024],"loop_factor":1},{"name":"buf2","role":"input","mem":"hbm","elems":64,"broadcast":true,"dims":[1,64],"logical":[],"loop_factor":1}],"reduction_cores":1,"loop_trip":1,"tiles_output_dim":false,"tile_rows_per_core":0.0,"is_matmul":false,"matmul_macs":0,"matmul_rows_per_core":0.0,"matmul_cols_per_core":0.0,"matmul_a_bytes":0,"matmul_b_bytes":0,"matmul_m_split":1,"matmul_n_split":1,"hbm_pattern":""},{"name":"bmm","is_reduction":true,"out_elems":4194304,"cores":32,"dtype_bytes":2,"args":[{"name":"op0","role":"output","mem":"hbm","elems":4194304,"broadcast":false,"dims":[1024,16,4,64],"logical":[4,1024,1024],"loop_factor":8},{"name":"arg0_1","role":"input","mem":"hbm","elems":8388608,"broadcast":false,"dims":[1024,32,4,64],"logical":[4,1024,2048],"loop_factor":1},{"name":"arg1_1","role":"input","mem":"hbm","elems":8388608,"broadcast":false,"dims":[2048,16,4,64],"logical":[4,2048,1024],"loop_factor":1}],"reduction_cores":1,"loop_trip":8,"tiles_output_dim":false,"tile_rows_per_core":0.0,"is_matmul":true,"matmul_macs":1073741824,"matmul_rows_per_core":64.0,"matmul_cols_per_core":512.0,"matmul_a_bytes":524288,"matmul_b_bytes":524288,"matmul_m_split":16,"matmul_n_split":2,"hbm_pattern":""},{"name":"Pointwise","is_reduction":false,"out_elems":4194304,"cores":32,"dtype_bytes":2,"args":[{"name":"coarse_tile_combine_buf0","role":"output","mem":"hbm","elems":4194304,"broadcast":false,"dims":[4,1024,1024],"logical":[4,1024,1024],"loop_factor":8},{"name":"buf0","role":"input","mem":"hbm","elems":4194304,"broadcast":false,"dims":[1024,16,4,64],"logical":[4,1024,1024],"loop_factor":8},{"name":"buf1","role":"input","mem":"hbm","elems":4194304,"broadcast":false,"dims":[1024,16,4,64],"logical":[4,1024,1024],"loop_factor":8}],"reduction_cores":1,"loop_trip":8,"tiles_output_dim":false,"tile_rows_per_core":0.0,"is_matmul":false,"matmul_macs":0,"matmul_rows_per_core":0.0,"matmul_cols_per_core":0.0,"matmul_a_bytes":0,"matmul_b_bytes":0,"matmul_m_split":1,"matmul_n_split":1,"hbm_pattern":""}]
TIMING op=bmm_k_tiling reps=7/7 prof_wall_s=102.14 per_rep_s=14.591
SUMMARY op=bmm_k_tiling rows=1024 cols=2048 cores=32 tiles=8 lx=1 io_hbm_bytes=310378624 kernel_us=6089.855 pred_us=3000.997 err_pct=-50.7 bw_gbps=51.0 memset_us=379.030 other_dev_us=554.207 total_dev_us=7023.092 kernel_us_min=6088.389 kernel_us_median=6089.855 kernel_us_mean=6094.335 kernel_us_std=6.528 kernel_us_cv=0.11 reps=7
TIMING_RUN bmm_k_tiling bmm_k_tiling B=4 1024x2048x1024 tiles=8 200s
-- bmm_k_tiling B=4 2048x2048x1024 tiles=1
IO -- device-layout I/O (cost model, stick-padded) --
IO   op bmm [reduction]
IO     output op0                    torch [4, 2048, 1024] -> device [2048, 16, 4, 64] in HBM = 8388608 elems x 2B = 16777216 B  (hbm counted: 16777216 B)
IO     input  arg0_1                 torch [4, 2048, 2048] -> device [2048, 32, 4, 64] in HBM = 16777216 elems x 2B = 33554432 B  (hbm counted: 33554432 B)
IO     input  arg1_1                 torch [4, 2048, 1024] -> device [2048, 16, 4, 64] in HBM = 8388608 elems x 2B = 16777216 B  (hbm counted: 16777216 B)
IO   => HBM I/O total = 67108864 B  (lx 0 B, ~free)
MODEL -- estimate (turnaround): T = compute + (R+W)/BW_PEAK + a*min(R,W) --
MODEL   R=50331648 B (read)   W=16777216 B (write)   loop_trip L=1
MODEL   compute = MACs/cores/(mac_peak*pt_eff) = 17179869184/32/(1140*1.000) = 470.94 us  (M/m=128, pt_eff=1.000)
MODEL   base = R/150+W/150 = 447.39 us
MODEL   turn = a*min(R,W) = 0.00574*16777216 = 96.30 us
MODEL   => T_model = 3649.04 us
MODEL FEATS [{"name":"bmm","is_reduction":true,"out_elems":8388608,"cores":32,"dtype_bytes":2,"args":[{"name":"op0","role":"output","mem":"hbm","elems":8388608,"broadcast":false,"dims":[2048,16,4,64],"logical":[4,2048,1024],"loop_factor":1},{"name":"arg0_1","role":"input","mem":"hbm","elems":16777216,"broadcast":false,"dims":[2048,32,4,64],"logical":[4,2048,2048],"loop_factor":1},{"name":"arg1_1","role":"input","mem":"hbm","elems":8388608,"broadcast":false,"dims":[2048,16,4,64],"logical":[4,2048,1024],"loop_factor":1}],"reduction_cores":1,"loop_trip":1,"tiles_output_dim":false,"tile_rows_per_core":0.0,"is_matmul":true,"matmul_macs":17179869184,"matmul_rows_per_core":128.0,"matmul_cols_per_core":512.0,"matmul_a_bytes":8388608,"matmul_b_bytes":4194304,"matmul_m_split":16,"matmul_n_split":2,"hbm_pattern":""}]
TIMING op=bmm_k_tiling reps=7/7 prof_wall_s=0.29 per_rep_s=0.041
SUMMARY op=bmm_k_tiling rows=2048 cols=2048 cores=32 tiles=1 lx=1 io_hbm_bytes=67108864 kernel_us=5912.194 pred_us=3649.038 err_pct=-38.3 bw_gbps=11.4 memset_us=288.005 other_dev_us=846.921 total_dev_us=7047.120 kernel_us_min=5893.955 kernel_us_median=5912.194 kernel_us_mean=5908.104 kernel_us_std=8.665 kernel_us_cv=0.15 reps=7
TIMING_RUN bmm_k_tiling bmm_k_tiling B=4 2048x2048x1024 tiles=1 28s
-- bmm_k_tiling B=4 2048x2048x1024 tiles=2
IO -- device-layout I/O (cost model, stick-padded) --
IO   op Pointwise
IO     output coarse_tile_fill_buf0  torch [4, 2048, 1024] -> device [4, 2048, 1024] in HBM = 8388608 elems x 2B = 16777216 B  (hbm counted: 16777216 B)
IO     input  buf2                   device [1, 64] in HBM = 64 elems x 2B = 128 B  (hbm counted: 128 B) broadcast (loaded once)
IO   op bmm [reduction]
IO     output op0                    torch [4, 2048, 1024] -> device [2048, 16, 4, 64] in HBM = 8388608 elems x 2B = 16777216 B  (hbm counted: 33554432 B) xL=2
IO     input  arg0_1                 torch [4, 2048, 2048] -> device [2048, 32, 4, 64] in HBM = 16777216 elems x 2B = 33554432 B  (hbm counted: 33554432 B)
IO     input  arg1_1                 torch [4, 2048, 1024] -> device [2048, 16, 4, 64] in HBM = 8388608 elems x 2B = 16777216 B  (hbm counted: 16777216 B)
IO   op Pointwise
IO     output coarse_tile_combine_buf0 torch [4, 2048, 1024] -> device [4, 2048, 1024] in HBM = 8388608 elems x 2B = 16777216 B  (hbm counted: 33554432 B) xL=2
IO     input  buf0                   torch [4, 2048, 1024] -> device [2048, 16, 4, 64] in HBM = 8388608 elems x 2B = 16777216 B  (hbm counted: 33554432 B) xL=2
IO     input  buf1                   torch [4, 2048, 1024] -> device [2048, 16, 4, 64] in HBM = 8388608 elems x 2B = 16777216 B  (hbm counted: 33554432 B) xL=2
IO   => HBM I/O total = 201326720 B  (lx 0 B, ~free)
MODEL -- estimate (turnaround): T = compute + (R+W)/BW_PEAK + a*min(R,W) --
MODEL   R=117440640 B (read)   W=83886080 B (write)   loop_trip L=2
MODEL   compute = MACs/cores/(mac_peak*pt_eff) = 8589934592/32/(1140*1.000) = 235.47 us  (M/m=128, pt_eff=1.000)
MODEL   base = R/150+W/150 = 1342.18 us
MODEL   turn = a*min(R,W) = 0.00574*83886080 = 481.51 us
MODEL   => T_model = 2729.65 us
MODEL FEATS [{"name":"Pointwise","is_reduction":false,"out_elems":8388608,"cores":32,"dtype_bytes":2,"args":[{"name":"coarse_tile_fill_buf0","role":"output","mem":"hbm","elems":8388608,"broadcast":false,"dims":[4,2048,1024],"logical":[4,2048,1024],"loop_factor":1},{"name":"buf2","role":"input","mem":"hbm","elems":64,"broadcast":true,"dims":[1,64],"logical":[],"loop_factor":1}],"reduction_cores":1,"loop_trip":1,"tiles_output_dim":false,"tile_rows_per_core":0.0,"is_matmul":false,"matmul_macs":0,"matmul_rows_per_core":0.0,"matmul_cols_per_core":0.0,"matmul_a_bytes":0,"matmul_b_bytes":0,"matmul_m_split":1,"matmul_n_split":1,"hbm_pattern":""},{"name":"bmm","is_reduction":true,"out_elems":8388608,"cores":32,"dtype_bytes":2,"args":[{"name":"op0","role":"output","mem":"hbm","elems":8388608,"broadcast":false,"dims":[2048,16,4,64],"logical":[4,2048,1024],"loop_factor":2},{"name":"arg0_1","role":"input","mem":"hbm","elems":16777216,"broadcast":false,"dims":[2048,32,4,64],"logical":[4,2048,2048],"loop_factor":1},{"name":"arg1_1","role":"input","mem":"hbm","elems":8388608,"broadcast":false,"dims":[2048,16,4,64],"logical":[4,2048,1024],"loop_factor":1}],"reduction_cores":1,"loop_trip":2,"tiles_output_dim":false,"tile_rows_per_core":0.0,"is_matmul":true,"matmul_macs":8589934592,"matmul_rows_per_core":128.0,"matmul_cols_per_core":512.0,"matmul_a_bytes":4194304,"matmul_b_bytes":2097152,"matmul_m_split":16,"matmul_n_split":2,"hbm_pattern":""},{"name":"Pointwise","is_reduction":false,"out_elems":8388608,"cores":32,"dtype_bytes":2,"args":[{"name":"coarse_tile_combine_buf0","role":"output","mem":"hbm","elems":8388608,"broadcast":false,"dims":[4,2048,1024],"logical":[4,2048,1024],"loop_factor":2},{"name":"buf0","role":"input","mem":"hbm","elems":8388608,"broadcast":false,"dims":[2048,16,4,64],"logical":[4,2048,1024],"loop_factor":2},{"name":"buf1","role":"input","mem":"hbm","elems":8388608,"broadcast":false,"dims":[2048,16,4,64],"logical":[4,2048,1024],"loop_factor":2}],"reduction_cores":1,"loop_trip":2,"tiles_output_dim":false,"tile_rows_per_core":0.0,"is_matmul":false,"matmul_macs":0,"matmul_rows_per_core":0.0,"matmul_cols_per_core":0.0,"matmul_a_bytes":0,"matmul_b_bytes":0,"matmul_m_split":1,"matmul_n_split":1,"hbm_pattern":""}]
TIMING op=bmm_k_tiling reps=7/7 prof_wall_s=28.51 per_rep_s=4.073
SUMMARY op=bmm_k_tiling rows=2048 cols=2048 cores=32 tiles=2 lx=1 io_hbm_bytes=201326720 kernel_us=7131.527 pred_us=2729.654 err_pct=-61.7 bw_gbps=28.2 memset_us=357.521 other_dev_us=977.931 total_dev_us=8466.979 kernel_us_min=7111.774 kernel_us_median=7131.527 kernel_us_mean=7126.897 kernel_us_std=11.000 kernel_us_cv=0.15 reps=7
TIMING_RUN bmm_k_tiling bmm_k_tiling B=4 2048x2048x1024 tiles=2 64s
-- bmm_k_tiling B=4 2048x2048x1024 tiles=4
IO -- device-layout I/O (cost model, stick-padded) --
IO   op Pointwise
IO     output coarse_tile_fill_buf0  torch [4, 2048, 1024] -> device [4, 2048, 1024] in HBM = 8388608 elems x 2B = 16777216 B  (hbm counted: 16777216 B)
IO     input  buf2                   device [1, 64] in HBM = 64 elems x 2B = 128 B  (hbm counted: 128 B) broadcast (loaded once)
IO   op bmm [reduction]
IO     output op0                    torch [4, 2048, 1024] -> device [2048, 16, 4, 64] in HBM = 8388608 elems x 2B = 16777216 B  (hbm counted: 67108864 B) xL=4
IO     input  arg0_1                 torch [4, 2048, 2048] -> device [2048, 32, 4, 64] in HBM = 16777216 elems x 2B = 33554432 B  (hbm counted: 33554432 B)
IO     input  arg1_1                 torch [4, 2048, 1024] -> device [2048, 16, 4, 64] in HBM = 8388608 elems x 2B = 16777216 B  (hbm counted: 16777216 B)
IO   op Pointwise
IO     output coarse_tile_combine_buf0 torch [4, 2048, 1024] -> device [4, 2048, 1024] in HBM = 8388608 elems x 2B = 16777216 B  (hbm counted: 67108864 B) xL=4
IO     input  buf0                   torch [4, 2048, 1024] -> device [2048, 16, 4, 64] in HBM = 8388608 elems x 2B = 16777216 B  (hbm counted: 67108864 B) xL=4
IO     input  buf1                   torch [4, 2048, 1024] -> device [2048, 16, 4, 64] in HBM = 8388608 elems x 2B = 16777216 B  (hbm counted: 67108864 B) xL=4
IO   => HBM I/O total = 335544448 B  (lx 0 B, ~free)
MODEL -- estimate (turnaround): T = compute + (R+W)/BW_PEAK + a*min(R,W) --
MODEL   R=184549504 B (read)   W=150994944 B (write)   loop_trip L=4
MODEL   compute = MACs/cores/(mac_peak*pt_eff) = 4294967296/32/(1140*1.000) = 117.73 us  (M/m=128, pt_eff=1.000)
MODEL   base = R/150+W/150 = 2236.96 us
MODEL   turn = a*min(R,W) = 0.00574*150994944 = 866.71 us
MODEL   => T_model = 3556.66 us
MODEL FEATS [{"name":"Pointwise","is_reduction":false,"out_elems":8388608,"cores":32,"dtype_bytes":2,"args":[{"name":"coarse_tile_fill_buf0","role":"output","mem":"hbm","elems":8388608,"broadcast":false,"dims":[4,2048,1024],"logical":[4,2048,1024],"loop_factor":1},{"name":"buf2","role":"input","mem":"hbm","elems":64,"broadcast":true,"dims":[1,64],"logical":[],"loop_factor":1}],"reduction_cores":1,"loop_trip":1,"tiles_output_dim":false,"tile_rows_per_core":0.0,"is_matmul":false,"matmul_macs":0,"matmul_rows_per_core":0.0,"matmul_cols_per_core":0.0,"matmul_a_bytes":0,"matmul_b_bytes":0,"matmul_m_split":1,"matmul_n_split":1,"hbm_pattern":""},{"name":"bmm","is_reduction":true,"out_elems":8388608,"cores":32,"dtype_bytes":2,"args":[{"name":"op0","role":"output","mem":"hbm","elems":8388608,"broadcast":false,"dims":[2048,16,4,64],"logical":[4,2048,1024],"loop_factor":4},{"name":"arg0_1","role":"input","mem":"hbm","elems":16777216,"broadcast":false,"dims":[2048,32,4,64],"logical":[4,2048,2048],"loop_factor":1},{"name":"arg1_1","role":"input","mem":"hbm","elems":8388608,"broadcast":false,"dims":[2048,16,4,64],"logical":[4,2048,1024],"loop_factor":1}],"reduction_cores":1,"loop_trip":4,"tiles_output_dim":false,"tile_rows_per_core":0.0,"is_matmul":true,"matmul_macs":4294967296,"matmul_rows_per_core":128.0,"matmul_cols_per_core":512.0,"matmul_a_bytes":2097152,"matmul_b_bytes":1048576,"matmul_m_split":16,"matmul_n_split":2,"hbm_pattern":""},{"name":"Pointwise","is_reduction":false,"out_elems":8388608,"cores":32,"dtype_bytes":2,"args":[{"name":"coarse_tile_combine_buf0","role":"output","mem":"hbm","elems":8388608,"broadcast":false,"dims":[4,2048,1024],"logical":[4,2048,1024],"loop_factor":4},{"name":"buf0","role":"input","mem":"hbm","elems":8388608,"broadcast":false,"dims":[2048,16,4,64],"logical":[4,2048,1024],"loop_factor":4},{"name":"buf1","role":"input","mem":"hbm","elems":8388608,"broadcast":false,"dims":[2048,16,4,64],"logical":[4,2048,1024],"loop_factor":4}],"reduction_cores":1,"loop_trip":4,"tiles_output_dim":false,"tile_rows_per_core":0.0,"is_matmul":false,"matmul_macs":0,"matmul_rows_per_core":0.0,"matmul_cols_per_core":0.0,"matmul_a_bytes":0,"matmul_b_bytes":0,"matmul_m_split":1,"matmul_n_split":1,"hbm_pattern":""}]
TIMING op=bmm_k_tiling reps=7/7 prof_wall_s=51.91 per_rep_s=7.416
SUMMARY op=bmm_k_tiling rows=2048 cols=2048 cores=32 tiles=4 lx=1 io_hbm_bytes=335544448 kernel_us=8280.278 pred_us=3556.659 err_pct=-57.0 bw_gbps=40.5 memset_us=417.529 other_dev_us=978.298 total_dev_us=9676.105 kernel_us_min=8246.661 kernel_us_median=8280.278 kernel_us_mean=8277.034 kernel_us_std=14.063 kernel_us_cv=0.17 reps=7
TIMING_RUN bmm_k_tiling bmm_k_tiling B=4 2048x2048x1024 tiles=4 109s
-- bmm_k_tiling B=4 2048x2048x1024 tiles=8
IO -- device-layout I/O (cost model, stick-padded) --
IO   op Pointwise
IO     output coarse_tile_fill_buf0  torch [4, 2048, 1024] -> device [4, 2048, 1024] in HBM = 8388608 elems x 2B = 16777216 B  (hbm counted: 16777216 B)
IO     input  buf2                   device [1, 64] in HBM = 64 elems x 2B = 128 B  (hbm counted: 128 B) broadcast (loaded once)
IO   op bmm [reduction]
IO     output op0                    torch [4, 2048, 1024] -> device [2048, 16, 4, 64] in HBM = 8388608 elems x 2B = 16777216 B  (hbm counted: 134217728 B) xL=8
IO     input  arg0_1                 torch [4, 2048, 2048] -> device [2048, 32, 4, 64] in HBM = 16777216 elems x 2B = 33554432 B  (hbm counted: 33554432 B)
IO     input  arg1_1                 torch [4, 2048, 1024] -> device [2048, 16, 4, 64] in HBM = 8388608 elems x 2B = 16777216 B  (hbm counted: 16777216 B)
IO   op Pointwise
IO     output coarse_tile_combine_buf0 torch [4, 2048, 1024] -> device [4, 2048, 1024] in HBM = 8388608 elems x 2B = 16777216 B  (hbm counted: 134217728 B) xL=8
IO     input  buf0                   torch [4, 2048, 1024] -> device [2048, 16, 4, 64] in HBM = 8388608 elems x 2B = 16777216 B  (hbm counted: 134217728 B) xL=8
IO     input  buf1                   torch [4, 2048, 1024] -> device [2048, 16, 4, 64] in HBM = 8388608 elems x 2B = 16777216 B  (hbm counted: 134217728 B) xL=8
IO   => HBM I/O total = 603979904 B  (lx 0 B, ~free)
MODEL -- estimate (turnaround): T = compute + (R+W)/BW_PEAK + a*min(R,W) --
MODEL   R=318767232 B (read)   W=285212672 B (write)   loop_trip L=8
MODEL   compute = MACs/cores/(mac_peak*pt_eff) = 2147483648/32/(1140*1.000) = 58.87 us  (M/m=128, pt_eff=1.000)
MODEL   base = R/150+W/150 = 4026.53 us
MODEL   turn = a*min(R,W) = 0.00574*285212672 = 1637.12 us
MODEL   => T_model = 5890.15 us
MODEL FEATS [{"name":"Pointwise","is_reduction":false,"out_elems":8388608,"cores":32,"dtype_bytes":2,"args":[{"name":"coarse_tile_fill_buf0","role":"output","mem":"hbm","elems":8388608,"broadcast":false,"dims":[4,2048,1024],"logical":[4,2048,1024],"loop_factor":1},{"name":"buf2","role":"input","mem":"hbm","elems":64,"broadcast":true,"dims":[1,64],"logical":[],"loop_factor":1}],"reduction_cores":1,"loop_trip":1,"tiles_output_dim":false,"tile_rows_per_core":0.0,"is_matmul":false,"matmul_macs":0,"matmul_rows_per_core":0.0,"matmul_cols_per_core":0.0,"matmul_a_bytes":0,"matmul_b_bytes":0,"matmul_m_split":1,"matmul_n_split":1,"hbm_pattern":""},{"name":"bmm","is_reduction":true,"out_elems":8388608,"cores":32,"dtype_bytes":2,"args":[{"name":"op0","role":"output","mem":"hbm","elems":8388608,"broadcast":false,"dims":[2048,16,4,64],"logical":[4,2048,1024],"loop_factor":8},{"name":"arg0_1","role":"input","mem":"hbm","elems":16777216,"broadcast":false,"dims":[2048,32,4,64],"logical":[4,2048,2048],"loop_factor":1},{"name":"arg1_1","role":"input","mem":"hbm","elems":8388608,"broadcast":false,"dims":[2048,16,4,64],"logical":[4,2048,1024],"loop_factor":1}],"reduction_cores":1,"loop_trip":8,"tiles_output_dim":false,"tile_rows_per_core":0.0,"is_matmul":true,"matmul_macs":2147483648,"matmul_rows_per_core":128.0,"matmul_cols_per_core":512.0,"matmul_a_bytes":1048576,"matmul_b_bytes":524288,"matmul_m_split":16,"matmul_n_split":2,"hbm_pattern":""},{"name":"Pointwise","is_reduction":false,"out_elems":8388608,"cores":32,"dtype_bytes":2,"args":[{"name":"coarse_tile_combine_buf0","role":"output","mem":"hbm","elems":8388608,"broadcast":false,"dims":[4,2048,1024],"logical":[4,2048,1024],"loop_factor":8},{"name":"buf0","role":"input","mem":"hbm","elems":8388608,"broadcast":false,"dims":[2048,16,4,64],"logical":[4,2048,1024],"loop_factor":8},{"name":"buf1","role":"input","mem":"hbm","elems":8388608,"broadcast":false,"dims":[2048,16,4,64],"logical":[4,2048,1024],"loop_factor":8}],"reduction_cores":1,"loop_trip":8,"tiles_output_dim":false,"tile_rows_per_core":0.0,"is_matmul":false,"matmul_macs":0,"matmul_rows_per_core":0.0,"matmul_cols_per_core":0.0,"matmul_a_bytes":0,"matmul_b_bytes":0,"matmul_m_split":1,"matmul_n_split":1,"hbm_pattern":""}]
TIMING op=bmm_k_tiling reps=7/7 prof_wall_s=99.44 per_rep_s=14.206
SUMMARY op=bmm_k_tiling rows=2048 cols=2048 cores=32 tiles=8 lx=1 io_hbm_bytes=603979904 kernel_us=10542.090 pred_us=5890.146 err_pct=-44.1 bw_gbps=57.3 memset_us=412.253 other_dev_us=968.744 total_dev_us=11923.087 kernel_us_min=10534.291 kernel_us_median=10542.090 kernel_us_mean=10545.394 kernel_us_std=9.647 kernel_us_cv=0.09 reps=7
TIMING_RUN bmm_k_tiling bmm_k_tiling B=4 2048x2048x1024 tiles=8 199s
-- bmm_nested_b_k B=4 1024x2048x1024 tiles=1
IO -- device-layout I/O (cost model, stick-padded) --
IO   op bmm [reduction]
IO     output op0                    torch [4, 1024, 1024] -> device [1024, 16, 4, 64] in HBM = 4194304 elems x 2B = 8388608 B  (hbm counted: 8388608 B)
IO     input  arg0_1                 torch [4, 1024, 2048] -> device [1024, 32, 4, 64] in HBM = 8388608 elems x 2B = 16777216 B  (hbm counted: 16777216 B)
IO     input  arg1_1                 torch [4, 2048, 1024] -> device [2048, 16, 4, 64] in HBM = 8388608 elems x 2B = 16777216 B  (hbm counted: 16777216 B)
IO   => HBM I/O total = 41943040 B  (lx 0 B, ~free)
MODEL -- estimate (turnaround): T = compute + (R+W)/BW_PEAK + a*min(R,W) --
MODEL   R=33554432 B (read)   W=8388608 B (write)   loop_trip L=1
MODEL   compute = MACs/cores/(mac_peak*pt_eff) = 8589934592/32/(1140*1.000) = 235.47 us  (M/m=64, pt_eff=1.000)
MODEL   base = R/150+W/150 = 279.62 us
MODEL   turn = a*min(R,W) = 0.00574*8388608 = 48.15 us
MODEL   => T_model = 1854.72 us
MODEL FEATS [{"name":"bmm","is_reduction":true,"out_elems":4194304,"cores":32,"dtype_bytes":2,"args":[{"name":"op0","role":"output","mem":"hbm","elems":4194304,"broadcast":false,"dims":[1024,16,4,64],"logical":[4,1024,1024],"loop_factor":1},{"name":"arg0_1","role":"input","mem":"hbm","elems":8388608,"broadcast":false,"dims":[1024,32,4,64],"logical":[4,1024,2048],"loop_factor":1},{"name":"arg1_1","role":"input","mem":"hbm","elems":8388608,"broadcast":false,"dims":[2048,16,4,64],"logical":[4,2048,1024],"loop_factor":1}],"reduction_cores":1,"loop_trip":1,"tiles_output_dim":false,"tile_rows_per_core":0.0,"is_matmul":true,"matmul_macs":8589934592,"matmul_rows_per_core":64.0,"matmul_cols_per_core":512.0,"matmul_a_bytes":4194304,"matmul_b_bytes":4194304,"matmul_m_split":16,"matmul_n_split":2,"hbm_pattern":""}]
TIMING op=bmm_nested_b_k reps=7/7 prof_wall_s=0.21 per_rep_s=0.030
SUMMARY op=bmm_nested_b_k rows=1024 cols=2048 cores=32 tiles=1 lx=1 io_hbm_bytes=41943040 kernel_us=3794.805 pred_us=1854.718 err_pct=-51.1 bw_gbps=11.1 memset_us=167.875 other_dev_us=559.227 total_dev_us=4521.907 kernel_us_min=3783.148 kernel_us_median=3794.805 kernel_us_mean=3794.136 kernel_us_std=6.762 kernel_us_cv=0.18 reps=7
TIMING_RUN bmm_nested_b_k bmm_nested_b_k B=4 1024x2048x1024 tiles=1 26s
-- bmm_nested_b_k B=4 1024x2048x1024 tiles=2
IO -- device-layout I/O (cost model, stick-padded) --
IO   op Pointwise
IO     output coarse_tile_fill_buf0  torch [2, 1024, 1024] -> device [2, 1024, 1024] in HBM = 2097152 elems x 2B = 4194304 B  (hbm counted: 4194304 B)
IO     input  buf3                   device [1, 64] in HBM = 64 elems x 2B = 128 B  (hbm counted: 128 B) broadcast (loaded once)
IO   op bmm [reduction]
IO     output op0                    torch [2, 1024, 1024] -> device [1024, 16, 2, 64] in HBM = 2097152 elems x 2B = 4194304 B  (hbm counted: 4194304 B)
IO     input  arg0_1                 torch [4, 1024, 2048] -> device [1024, 32, 4, 64] in HBM = 8388608 elems x 2B = 16777216 B  (hbm counted: 16777216 B)
IO     input  arg1_1                 torch [4, 2048, 1024] -> device [2048, 16, 4, 64] in HBM = 8388608 elems x 2B = 16777216 B  (hbm counted: 16777216 B)
IO   op Pointwise
IO     output coarse_tile_combine_buf0 torch [2, 1024, 1024] -> device [2, 1024, 1024] in HBM = 2097152 elems x 2B = 4194304 B  (hbm counted: 4194304 B)
IO     input  buf0                   torch [2, 1024, 1024] -> device [1024, 16, 2, 64] in HBM = 2097152 elems x 2B = 4194304 B  (hbm counted: 4194304 B)
IO     input  buf2                   torch [2, 1024, 1024] -> device [1024, 16, 2, 64] in HBM = 2097152 elems x 2B = 4194304 B  (hbm counted: 4194304 B)
IO   op Pointwise
IO     output coarse_tile_reduce_copy_buf0 torch [4, 1024, 1024] -> device [4, 1024, 1024] in HBM = 4194304 elems x 2B = 8388608 B  (hbm counted: 8388608 B)
IO     input  buf2                   torch [2, 1024, 1024] -> device [1024, 16, 2, 64] in HBM = 2097152 elems x 2B = 4194304 B  (hbm counted: 4194304 B)
IO   => HBM I/O total = 67108992 B  (lx 0 B, ~free)
MODEL -- estimate (turnaround): T = compute + [(R+W)/BW_PEAK + a*min(R,W)] / eff_underfill --
MODEL   R=46137472 B (read)   W=20971520 B (write)   loop_trip L=4
MODEL   compute = MACs/cores/(mac_peak*pt_eff) = 2147483648/32/(1140*1.000) = 58.87 us  (M/m=64, pt_eff=1.000)
MODEL   base = R/150+W/150 = 447.39 us
MODEL   turn = a*min(R,W) = 0.00574*20971520 = 120.38 us
MODEL   eff_underfill = min(0.95,(0.5/13)**0.68) = 0.109 -> (base+turn)/eff = 5204.20 us
MODEL   => T_model = 5430.69 us
MODEL FEATS [{"name":"Pointwise","is_reduction":false,"out_elems":2097152,"cores":32,"dtype_bytes":2,"args":[{"name":"coarse_tile_fill_buf0","role":"output","mem":"hbm","elems":2097152,"broadcast":false,"dims":[2,1024,1024],"logical":[2,1024,1024],"loop_factor":1},{"name":"buf3","role":"input","mem":"hbm","elems":64,"broadcast":true,"dims":[1,64],"logical":[],"loop_factor":1}],"reduction_cores":1,"loop_trip":2,"tiles_output_dim":true,"tile_rows_per_core":512,"is_matmul":false,"matmul_macs":0,"matmul_rows_per_core":0.0,"matmul_cols_per_core":0.0,"matmul_a_bytes":0,"matmul_b_bytes":0,"matmul_m_split":1,"matmul_n_split":1,"hbm_pattern":""},{"name":"bmm","is_reduction":true,"out_elems":2097152,"cores":32,"dtype_bytes":2,"args":[{"name":"op0","role":"output","mem":"hbm","elems":2097152,"broadcast":false,"dims":[1024,16,2,64],"logical":[2,1024,1024],"loop_factor":1},{"name":"arg0_1","role":"input","mem":"hbm","elems":8388608,"broadcast":false,"dims":[1024,32,4,64],"logical":[4,1024,2048],"loop_factor":1},{"name":"arg1_1","role":"input","mem":"hbm","elems":8388608,"broadcast":false,"dims":[2048,16,4,64],"logical":[4,2048,1024],"loop_factor":1}],"reduction_cores":1,"loop_trip":4,"tiles_output_dim":true,"tile_rows_per_core":0.5,"is_matmul":true,"matmul_macs":2147483648,"matmul_rows_per_core":64.0,"matmul_cols_per_core":512.0,"matmul_a_bytes":2097152,"matmul_b_bytes":2097152,"matmul_m_split":16,"matmul_n_split":2,"hbm_pattern":""},{"name":"Pointwise","is_reduction":false,"out_elems":2097152,"cores":32,"dtype_bytes":2,"args":[{"name":"coarse_tile_combine_buf0","role":"output","mem":"hbm","elems":2097152,"broadcast":false,"dims":[2,1024,1024],"logical":[2,1024,1024],"loop_factor":1},{"name":"buf0","role":"input","mem":"hbm","elems":2097152,"broadcast":false,"dims":[1024,16,2,64],"logical":[2,1024,1024],"loop_factor":1},{"name":"buf2","role":"input","mem":"hbm","elems":2097152,"broadcast":false,"dims":[1024,16,2,64],"logical":[2,1024,1024],"loop_factor":1}],"reduction_cores":1,"loop_trip":4,"tiles_output_dim":true,"tile_rows_per_core":256,"is_matmul":false,"matmul_macs":0,"matmul_rows_per_core":0.0,"matmul_cols_per_core":0.0,"matmul_a_bytes":0,"matmul_b_bytes":0,"matmul_m_split":1,"matmul_n_split":1,"hbm_pattern":""},{"name":"Pointwise","is_reduction":false,"out_elems":4194304,"cores":32,"dtype_bytes":2,"args":[{"name":"coarse_tile_reduce_copy_buf0","role":"output","mem":"hbm","elems":4194304,"broadcast":false,"dims":[4,1024,1024],"logical":[4,1024,1024],"loop_factor":1},{"name":"buf2","role":"input","mem":"hbm","elems":2097152,"broadcast":false,"dims":[1024,16,2,64],"logical":[2,1024,1024],"loop_factor":1}],"reduction_cores":1,"loop_trip":2,"tiles_output_dim":true,"tile_rows_per_core":512,"is_matmul":false,"matmul_macs":0,"matmul_rows_per_core":0.0,"matmul_cols_per_core":0.0,"matmul_a_bytes":0,"matmul_b_bytes":0,"matmul_m_split":1,"matmul_n_split":1,"hbm_pattern":""}]
TIMING op=bmm_nested_b_k reps=7/7 prof_wall_s=47.85 per_rep_s=6.836
SUMMARY op=bmm_nested_b_k rows=1024 cols=2048 cores=32 tiles=2 lx=1 io_hbm_bytes=67108992 kernel_us=4899.594 pred_us=5430.695 err_pct=+10.8 bw_gbps=13.7 memset_us=277.621 other_dev_us=417.556 total_dev_us=5594.771 kernel_us_min=4894.979 kernel_us_median=4899.594 kernel_us_mean=4901.155 kernel_us_std=4.944 kernel_us_cv=0.10 reps=7
TIMING_RUN bmm_nested_b_k bmm_nested_b_k B=4 1024x2048x1024 tiles=2 99s
-- bmm_nested_b_k B=4 1024x2048x1024 tiles=4
SUMMARY bmm_nested_b_k B=4 1024x2048x1024 tiles=4 FAILED
FAILDIAG /lib64/libpython3.12.so.1.0(Py_BytesMain+0x3b)[0x7fed9907237b]
FAILDIAG /lib64/libc.so.6(+0x2a58e)[0x7fed98c9b58e]
FAILDIAG /lib64/libc.so.6(__libc_start_main+0x89)[0x7fed98c9b649]
FAILDIAG python(_start+0x25)[0x56526d2d6095]
FAILDIAG *****************
TIMING_RUN bmm_nested_b_k bmm_nested_b_k B=4 1024x2048x1024 tiles=4 400s
-- bmm_nested_b_k B=4 1024x2048x1024 tiles=8
IO -- device-layout I/O (cost model, stick-padded) --
IO   op Pointwise
IO     output coarse_tile_fill_buf0  torch [2, 1024, 1024] -> device [2, 1024, 1024] in HBM = 2097152 elems x 2B = 4194304 B  (hbm counted: 4194304 B)
IO     input  buf3                   device [1, 64] in HBM = 64 elems x 2B = 128 B  (hbm counted: 128 B) broadcast (loaded once)
IO   op bmm [reduction]
IO     output op0                    torch [2, 1024, 1024] -> device [1024, 16, 2, 64] in HBM = 2097152 elems x 2B = 4194304 B  (hbm counted: 4194304 B)
IO     input  arg0_1                 torch [4, 1024, 2048] -> device [1024, 32, 4, 64] in HBM = 8388608 elems x 2B = 16777216 B  (hbm counted: 16777216 B)
IO     input  arg1_1                 torch [4, 2048, 1024] -> device [2048, 16, 4, 64] in HBM = 8388608 elems x 2B = 16777216 B  (hbm counted: 16777216 B)
IO   op Pointwise
IO     output coarse_tile_combine_buf0 torch [2, 1024, 1024] -> device [2, 1024, 1024] in HBM = 2097152 elems x 2B = 4194304 B  (hbm counted: 4194304 B)
IO     input  buf0                   torch [2, 1024, 1024] -> device [1024, 16, 2, 64] in HBM = 2097152 elems x 2B = 4194304 B  (hbm counted: 4194304 B)
IO     input  buf2                   torch [2, 1024, 1024] -> device [1024, 16, 2, 64] in HBM = 2097152 elems x 2B = 4194304 B  (hbm counted: 4194304 B)
IO   op Pointwise
IO     output coarse_tile_reduce_copy_buf0 torch [4, 1024, 1024] -> device [4, 1024, 1024] in HBM = 4194304 elems x 2B = 8388608 B  (hbm counted: 8388608 B)
IO     input  buf2                   torch [2, 1024, 1024] -> device [1024, 16, 2, 64] in HBM = 2097152 elems x 2B = 4194304 B  (hbm counted: 4194304 B)
IO   => HBM I/O total = 67108992 B  (lx 0 B, ~free)
MODEL -- estimate (turnaround): T = compute + [(R+W)/BW_PEAK + a*min(R,W)] / eff_underfill --
MODEL   R=46137472 B (read)   W=20971520 B (write)   loop_trip L=16
MODEL   compute = MACs/cores/(mac_peak*pt_eff) = 536870912/32/(1140*1.000) = 14.72 us  (M/m=64, pt_eff=1.000)
MODEL   base = R/150+W/150 = 447.39 us
MODEL   turn = a*min(R,W) = 0.00574*20971520 = 120.38 us
MODEL   eff_underfill = min(0.95,(0.1/13)**0.68) = 0.043 -> (base+turn)/eff = 13358.42 us
MODEL   => T_model = 13415.04 us
MODEL FEATS [{"name":"Pointwise","is_reduction":false,"out_elems":2097152,"cores":32,"dtype_bytes":2,"args":[{"name":"coarse_tile_fill_buf0","role":"output","mem":"hbm","elems":2097152,"broadcast":false,"dims":[2,1024,1024],"logical":[2,1024,1024],"loop_factor":1},{"name":"buf3","role":"input","mem":"hbm","elems":64,"broadcast":true,"dims":[1,64],"logical":[],"loop_factor":1}],"reduction_cores":1,"loop_trip":2,"tiles_output_dim":true,"tile_rows_per_core":512,"is_matmul":false,"matmul_macs":0,"matmul_rows_per_core":0.0,"matmul_cols_per_core":0.0,"matmul_a_bytes":0,"matmul_b_bytes":0,"matmul_m_split":1,"matmul_n_split":1,"hbm_pattern":""},{"name":"bmm","is_reduction":true,"out_elems":2097152,"cores":32,"dtype_bytes":2,"args":[{"name":"op0","role":"output","mem":"hbm","elems":2097152,"broadcast":false,"dims":[1024,16,2,64],"logical":[2,1024,1024],"loop_factor":1},{"name":"arg0_1","role":"input","mem":"hbm","elems":8388608,"broadcast":false,"dims":[1024,32,4,64],"logical":[4,1024,2048],"loop_factor":1},{"name":"arg1_1","role":"input","mem":"hbm","elems":8388608,"broadcast":false,"dims":[2048,16,4,64],"logical":[4,2048,1024],"loop_factor":1}],"reduction_cores":1,"loop_trip":16,"tiles_output_dim":true,"tile_rows_per_core":0.125,"is_matmul":true,"matmul_macs":536870912,"matmul_rows_per_core":64.0,"matmul_cols_per_core":512.0,"matmul_a_bytes":524288,"matmul_b_bytes":524288,"matmul_m_split":16,"matmul_n_split":2,"hbm_pattern":""},{"name":"Pointwise","is_reduction":false,"out_elems":2097152,"cores":32,"dtype_bytes":2,"args":[{"name":"coarse_tile_combine_buf0","role":"output","mem":"hbm","elems":2097152,"broadcast":false,"dims":[2,1024,1024],"logical":[2,1024,1024],"loop_factor":1},{"name":"buf0","role":"input","mem":"hbm","elems":2097152,"broadcast":false,"dims":[1024,16,2,64],"logical":[2,1024,1024],"loop_factor":1},{"name":"buf2","role":"input","mem":"hbm","elems":2097152,"broadcast":false,"dims":[1024,16,2,64],"logical":[2,1024,1024],"loop_factor":1}],"reduction_cores":1,"loop_trip":16,"tiles_output_dim":true,"tile_rows_per_core":64,"is_matmul":false,"matmul_macs":0,"matmul_rows_per_core":0.0,"matmul_cols_per_core":0.0,"matmul_a_bytes":0,"matmul_b_bytes":0,"matmul_m_split":1,"matmul_n_split":1,"hbm_pattern":""},{"name":"Pointwise","is_reduction":false,"out_elems":4194304,"cores":32,"dtype_bytes":2,"args":[{"name":"coarse_tile_reduce_copy_buf0","role":"output","mem":"hbm","elems":4194304,"broadcast":false,"dims":[4,1024,1024],"logical":[4,1024,1024],"loop_factor":1},{"name":"buf2","role":"input","mem":"hbm","elems":2097152,"broadcast":false,"dims":[1024,16,2,64],"logical":[2,1024,1024],"loop_factor":1}],"reduction_cores":1,"loop_trip":2,"tiles_output_dim":true,"tile_rows_per_core":512,"is_matmul":false,"matmul_macs":0,"matmul_rows_per_core":0.0,"matmul_cols_per_core":0.0,"matmul_a_bytes":0,"matmul_b_bytes":0,"matmul_m_split":1,"matmul_n_split":1,"hbm_pattern":""}]
TIMING op=bmm_nested_b_k reps=7/7 prof_wall_s=166.95 per_rep_s=23.850
SUMMARY op=bmm_nested_b_k rows=1024 cols=2048 cores=32 tiles=8 lx=1 io_hbm_bytes=67108992 kernel_us=7138.300 pred_us=13415.039 err_pct=+87.9 bw_gbps=9.4 memset_us=354.014 other_dev_us=483.519 total_dev_us=7975.833 kernel_us_min=7105.753 kernel_us_median=7138.300 kernel_us_mean=7137.719 kernel_us_std=16.886 kernel_us_cv=0.24 reps=7
TIMING_RUN bmm_nested_b_k bmm_nested_b_k B=4 1024x2048x1024 tiles=8 316s
-- bmm_nested_b_k B=4 2048x2048x1024 tiles=1
IO -- device-layout I/O (cost model, stick-padded) --
IO   op bmm [reduction]
IO     output op0                    torch [4, 2048, 1024] -> device [2048, 16, 4, 64] in HBM = 8388608 elems x 2B = 16777216 B  (hbm counted: 16777216 B)
IO     input  arg0_1                 torch [4, 2048, 2048] -> device [2048, 32, 4, 64] in HBM = 16777216 elems x 2B = 33554432 B  (hbm counted: 33554432 B)
IO     input  arg1_1                 torch [4, 2048, 1024] -> device [2048, 16, 4, 64] in HBM = 8388608 elems x 2B = 16777216 B  (hbm counted: 16777216 B)
IO   => HBM I/O total = 67108864 B  (lx 0 B, ~free)
MODEL -- estimate (turnaround): T = compute + (R+W)/BW_PEAK + a*min(R,W) --
MODEL   R=50331648 B (read)   W=16777216 B (write)   loop_trip L=1
MODEL   compute = MACs/cores/(mac_peak*pt_eff) = 17179869184/32/(1140*1.000) = 470.94 us  (M/m=128, pt_eff=1.000)
MODEL   base = R/150+W/150 = 447.39 us
MODEL   turn = a*min(R,W) = 0.00574*16777216 = 96.30 us
MODEL   => T_model = 3649.04 us
MODEL FEATS [{"name":"bmm","is_reduction":true,"out_elems":8388608,"cores":32,"dtype_bytes":2,"args":[{"name":"op0","role":"output","mem":"hbm","elems":8388608,"broadcast":false,"dims":[2048,16,4,64],"logical":[4,2048,1024],"loop_factor":1},{"name":"arg0_1","role":"input","mem":"hbm","elems":16777216,"broadcast":false,"dims":[2048,32,4,64],"logical":[4,2048,2048],"loop_factor":1},{"name":"arg1_1","role":"input","mem":"hbm","elems":8388608,"broadcast":false,"dims":[2048,16,4,64],"logical":[4,2048,1024],"loop_factor":1}],"reduction_cores":1,"loop_trip":1,"tiles_output_dim":false,"tile_rows_per_core":0.0,"is_matmul":true,"matmul_macs":17179869184,"matmul_rows_per_core":128.0,"matmul_cols_per_core":512.0,"matmul_a_bytes":8388608,"matmul_b_bytes":4194304,"matmul_m_split":16,"matmul_n_split":2,"hbm_pattern":""}]
TIMING op=bmm_nested_b_k reps=7/7 prof_wall_s=0.30 per_rep_s=0.042
SUMMARY op=bmm_nested_b_k rows=2048 cols=2048 cores=32 tiles=1 lx=1 io_hbm_bytes=67108864 kernel_us=5904.021 pred_us=3649.038 err_pct=-38.2 bw_gbps=11.4 memset_us=290.752 other_dev_us=839.867 total_dev_us=7034.640 kernel_us_min=5878.378 kernel_us_median=5904.021 kernel_us_mean=5900.394 kernel_us_std=13.549 kernel_us_cv=0.23 reps=7
TIMING_RUN bmm_nested_b_k bmm_nested_b_k B=4 2048x2048x1024 tiles=1 27s
-- bmm_nested_b_k B=4 2048x2048x1024 tiles=2
IO -- device-layout I/O (cost model, stick-padded) --
IO   op Pointwise
IO     output coarse_tile_fill_buf0  torch [2, 2048, 1024] -> device [2, 2048, 1024] in HBM = 4194304 elems x 2B = 8388608 B  (hbm counted: 8388608 B)
IO     input  buf3                   device [1, 64] in HBM = 64 elems x 2B = 128 B  (hbm counted: 128 B) broadcast (loaded once)
IO   op bmm [reduction]
IO     output op0                    torch [2, 2048, 1024] -> device [2048, 16, 2, 64] in HBM = 4194304 elems x 2B = 8388608 B  (hbm counted: 8388608 B)
IO     input  arg0_1                 torch [4, 2048, 2048] -> device [2048, 32, 4, 64] in HBM = 16777216 elems x 2B = 33554432 B  (hbm counted: 33554432 B)
IO     input  arg1_1                 torch [4, 2048, 1024] -> device [2048, 16, 4, 64] in HBM = 8388608 elems x 2B = 16777216 B  (hbm counted: 16777216 B)
IO   op Pointwise
IO     output coarse_tile_combine_buf0 torch [2, 2048, 1024] -> device [2, 2048, 1024] in HBM = 4194304 elems x 2B = 8388608 B  (hbm counted: 8388608 B)
IO     input  buf0                   torch [2, 2048, 1024] -> device [2048, 16, 2, 64] in HBM = 4194304 elems x 2B = 8388608 B  (hbm counted: 8388608 B)
IO     input  buf2                   torch [2, 2048, 1024] -> device [2048, 16, 2, 64] in HBM = 4194304 elems x 2B = 8388608 B  (hbm counted: 8388608 B)
IO   op Pointwise
IO     output coarse_tile_reduce_copy_buf0 torch [4, 2048, 1024] -> device [4, 2048, 1024] in HBM = 8388608 elems x 2B = 16777216 B  (hbm counted: 16777216 B)
IO     input  buf2                   torch [2, 2048, 1024] -> device [2048, 16, 2, 64] in HBM = 4194304 elems x 2B = 8388608 B  (hbm counted: 8388608 B)
IO   => HBM I/O total = 117440640 B  (lx 0 B, ~free)
MODEL -- estimate (turnaround): T = compute + [(R+W)/BW_PEAK + a*min(R,W)] / eff_underfill --
MODEL   R=75497600 B (read)   W=41943040 B (write)   loop_trip L=4
MODEL   compute = MACs/cores/(mac_peak*pt_eff) = 4294967296/32/(1140*1.000) = 117.73 us  (M/m=128, pt_eff=1.000)
MODEL   base = R/150+W/150 = 782.94 us
MODEL   turn = a*min(R,W) = 0.00574*41943040 = 240.75 us
MODEL   eff_underfill = min(0.95,(0.5/13)**0.68) = 0.109 -> (base+turn)/eff = 9383.19 us
MODEL   => T_model = 9836.18 us
MODEL FEATS [{"name":"Pointwise","is_reduction":false,"out_elems":4194304,"cores":32,"dtype_bytes":2,"args":[{"name":"coarse_tile_fill_buf0","role":"output","mem":"hbm","elems":4194304,"broadcast":false,"dims":[2,2048,1024],"logical":[2,2048,1024],"loop_factor":1},{"name":"buf3","role":"input","mem":"hbm","elems":64,"broadcast":true,"dims":[1,64],"logical":[],"loop_factor":1}],"reduction_cores":1,"loop_trip":2,"tiles_output_dim":true,"tile_rows_per_core":1024,"is_matmul":false,"matmul_macs":0,"matmul_rows_per_core":0.0,"matmul_cols_per_core":0.0,"matmul_a_bytes":0,"matmul_b_bytes":0,"matmul_m_split":1,"matmul_n_split":1,"hbm_pattern":""},{"name":"bmm","is_reduction":true,"out_elems":4194304,"cores":32,"dtype_bytes":2,"args":[{"name":"op0","role":"output","mem":"hbm","elems":4194304,"broadcast":false,"dims":[2048,16,2,64],"logical":[2,2048,1024],"loop_factor":1},{"name":"arg0_1","role":"input","mem":"hbm","elems":16777216,"broadcast":false,"dims":[2048,32,4,64],"logical":[4,2048,2048],"loop_factor":1},{"name":"arg1_1","role":"input","mem":"hbm","elems":8388608,"broadcast":false,"dims":[2048,16,4,64],"logical":[4,2048,1024],"loop_factor":1}],"reduction_cores":1,"loop_trip":4,"tiles_output_dim":true,"tile_rows_per_core":0.5,"is_matmul":true,"matmul_macs":4294967296,"matmul_rows_per_core":128.0,"matmul_cols_per_core":512.0,"matmul_a_bytes":4194304,"matmul_b_bytes":2097152,"matmul_m_split":16,"matmul_n_split":2,"hbm_pattern":""},{"name":"Pointwise","is_reduction":false,"out_elems":4194304,"cores":32,"dtype_bytes":2,"args":[{"name":"coarse_tile_combine_buf0","role":"output","mem":"hbm","elems":4194304,"broadcast":false,"dims":[2,2048,1024],"logical":[2,2048,1024],"loop_factor":1},{"name":"buf0","role":"input","mem":"hbm","elems":4194304,"broadcast":false,"dims":[2048,16,2,64],"logical":[2,2048,1024],"loop_factor":1},{"name":"buf2","role":"input","mem":"hbm","elems":4194304,"broadcast":false,"dims":[2048,16,2,64],"logical":[2,2048,1024],"loop_factor":1}],"reduction_cores":1,"loop_trip":4,"tiles_output_dim":true,"tile_rows_per_core":512,"is_matmul":false,"matmul_macs":0,"matmul_rows_per_core":0.0,"matmul_cols_per_core":0.0,"matmul_a_bytes":0,"matmul_b_bytes":0,"matmul_m_split":1,"matmul_n_split":1,"hbm_pattern":""},{"name":"Pointwise","is_reduction":false,"out_elems":8388608,"cores":32,"dtype_bytes":2,"args":[{"name":"coarse_tile_reduce_copy_buf0","role":"output","mem":"hbm","elems":8388608,"broadcast":false,"dims":[4,2048,1024],"logical":[4,2048,1024],"loop_factor":1},{"name":"buf2","role":"input","mem":"hbm","elems":4194304,"broadcast":false,"dims":[2048,16,2,64],"logical":[2,2048,1024],"loop_factor":1}],"reduction_cores":1,"loop_trip":2,"tiles_output_dim":true,"tile_rows_per_core":1024,"is_matmul":false,"matmul_macs":0,"matmul_rows_per_core":0.0,"matmul_cols_per_core":0.0,"matmul_a_bytes":0,"matmul_b_bytes":0,"matmul_m_split":1,"matmul_n_split":1,"hbm_pattern":""}]
TIMING op=bmm_nested_b_k reps=7/7 prof_wall_s=52.41 per_rep_s=7.487
SUMMARY op=bmm_nested_b_k rows=2048 cols=2048 cores=32 tiles=2 lx=1 io_hbm_bytes=117440640 kernel_us=8085.050 pred_us=9836.177 err_pct=+21.7 bw_gbps=14.5 memset_us=348.954 other_dev_us=840.617 total_dev_us=9274.621 kernel_us_min=8072.919 kernel_us_median=8085.050 kernel_us_mean=8087.402 kernel_us_std=11.727 kernel_us_cv=0.15 reps=7
TIMING_RUN bmm_nested_b_k bmm_nested_b_k B=4 2048x2048x1024 tiles=2 107s
-- bmm_nested_b_k B=4 2048x2048x1024 tiles=4
IO -- device-layout I/O (cost model, stick-padded) --
IO   op Pointwise
IO     output coarse_tile_fill_buf0  torch [2, 2048, 1024] -> device [2, 2048, 1024] in HBM = 4194304 elems x 2B = 8388608 B  (hbm counted: 8388608 B)
IO     input  buf3                   device [1, 64] in HBM = 64 elems x 2B = 128 B  (hbm counted: 128 B) broadcast (loaded once)
IO   op bmm [reduction]
IO     output op0                    torch [2, 2048, 1024] -> device [2048, 16, 2, 64] in HBM = 4194304 elems x 2B = 8388608 B  (hbm counted: 8388608 B)
IO     input  arg0_1                 torch [4, 2048, 2048] -> device [2048, 32, 4, 64] in HBM = 16777216 elems x 2B = 33554432 B  (hbm counted: 33554432 B)
IO     input  arg1_1                 torch [4, 2048, 1024] -> device [2048, 16, 4, 64] in HBM = 8388608 elems x 2B = 16777216 B  (hbm counted: 16777216 B)
IO   op Pointwise
IO     output coarse_tile_combine_buf0 torch [2, 2048, 1024] -> device [2, 2048, 1024] in HBM = 4194304 elems x 2B = 8388608 B  (hbm counted: 8388608 B)
IO     input  buf0                   torch [2, 2048, 1024] -> device [2048, 16, 2, 64] in HBM = 4194304 elems x 2B = 8388608 B  (hbm counted: 8388608 B)
IO     input  buf2                   torch [2, 2048, 1024] -> device [2048, 16, 2, 64] in HBM = 4194304 elems x 2B = 8388608 B  (hbm counted: 8388608 B)
IO   op Pointwise
IO     output coarse_tile_reduce_copy_buf0 torch [4, 2048, 1024] -> device [4, 2048, 1024] in HBM = 8388608 elems x 2B = 16777216 B  (hbm counted: 16777216 B)
IO     input  buf2                   torch [2, 2048, 1024] -> device [2048, 16, 2, 64] in HBM = 4194304 elems x 2B = 8388608 B  (hbm counted: 8388608 B)
IO   => HBM I/O total = 117440640 B  (lx 0 B, ~free)
MODEL -- estimate (turnaround): T = compute + [(R+W)/BW_PEAK + a*min(R,W)] / eff_underfill --
MODEL   R=75497600 B (read)   W=41943040 B (write)   loop_trip L=8
MODEL   compute = MACs/cores/(mac_peak*pt_eff) = 2147483648/32/(1140*1.000) = 58.87 us  (M/m=128, pt_eff=1.000)
MODEL   base = R/150+W/150 = 782.94 us
MODEL   turn = a*min(R,W) = 0.00574*41943040 = 240.75 us
MODEL   eff_underfill = min(0.95,(0.2/13)**0.68) = 0.068 -> (base+turn)/eff = 15033.19 us
MODEL   => T_model = 15259.68 us
MODEL FEATS [{"name":"Pointwise","is_reduction":false,"out_elems":4194304,"cores":32,"dtype_bytes":2,"args":[{"name":"coarse_tile_fill_buf0","role":"output","mem":"hbm","elems":4194304,"broadcast":false,"dims":[2,2048,1024],"logical":[2,2048,1024],"loop_factor":1},{"name":"buf3","role":"input","mem":"hbm","elems":64,"broadcast":true,"dims":[1,64],"logical":[],"loop_factor":1}],"reduction_cores":1,"loop_trip":2,"tiles_output_dim":true,"tile_rows_per_core":1024,"is_matmul":false,"matmul_macs":0,"matmul_rows_per_core":0.0,"matmul_cols_per_core":0.0,"matmul_a_bytes":0,"matmul_b_bytes":0,"matmul_m_split":1,"matmul_n_split":1,"hbm_pattern":""},{"name":"bmm","is_reduction":true,"out_elems":4194304,"cores":32,"dtype_bytes":2,"args":[{"name":"op0","role":"output","mem":"hbm","elems":4194304,"broadcast":false,"dims":[2048,16,2,64],"logical":[2,2048,1024],"loop_factor":1},{"name":"arg0_1","role":"input","mem":"hbm","elems":16777216,"broadcast":false,"dims":[2048,32,4,64],"logical":[4,2048,2048],"loop_factor":1},{"name":"arg1_1","role":"input","mem":"hbm","elems":8388608,"broadcast":false,"dims":[2048,16,4,64],"logical":[4,2048,1024],"loop_factor":1}],"reduction_cores":1,"loop_trip":8,"tiles_output_dim":true,"tile_rows_per_core":0.25,"is_matmul":true,"matmul_macs":2147483648,"matmul_rows_per_core":128.0,"matmul_cols_per_core":512.0,"matmul_a_bytes":2097152,"matmul_b_bytes":1048576,"matmul_m_split":16,"matmul_n_split":2,"hbm_pattern":""},{"name":"Pointwise","is_reduction":false,"out_elems":4194304,"cores":32,"dtype_bytes":2,"args":[{"name":"coarse_tile_combine_buf0","role":"output","mem":"hbm","elems":4194304,"broadcast":false,"dims":[2,2048,1024],"logical":[2,2048,1024],"loop_factor":1},{"name":"buf0","role":"input","mem":"hbm","elems":4194304,"broadcast":false,"dims":[2048,16,2,64],"logical":[2,2048,1024],"loop_factor":1},{"name":"buf2","role":"input","mem":"hbm","elems":4194304,"broadcast":false,"dims":[2048,16,2,64],"logical":[2,2048,1024],"loop_factor":1}],"reduction_cores":1,"loop_trip":8,"tiles_output_dim":true,"tile_rows_per_core":256,"is_matmul":false,"matmul_macs":0,"matmul_rows_per_core":0.0,"matmul_cols_per_core":0.0,"matmul_a_bytes":0,"matmul_b_bytes":0,"matmul_m_split":1,"matmul_n_split":1,"hbm_pattern":""},{"name":"Pointwise","is_reduction":false,"out_elems":8388608,"cores":32,"dtype_bytes":2,"args":[{"name":"coarse_tile_reduce_copy_buf0","role":"output","mem":"hbm","elems":8388608,"broadcast":false,"dims":[4,2048,1024],"logical":[4,2048,1024],"loop_factor":1},{"name":"buf2","role":"input","mem":"hbm","elems":4194304,"broadcast":false,"dims":[2048,16,2,64],"logical":[2,2048,1024],"loop_factor":1}],"reduction_cores":1,"loop_trip":2,"tiles_output_dim":true,"tile_rows_per_core":1024,"is_matmul":false,"matmul_macs":0,"matmul_rows_per_core":0.0,"matmul_cols_per_core":0.0,"matmul_a_bytes":0,"matmul_b_bytes":0,"matmul_m_split":1,"matmul_n_split":1,"hbm_pattern":""}]
TIMING op=bmm_nested_b_k reps=7/7 prof_wall_s=92.90 per_rep_s=13.271
SUMMARY op=bmm_nested_b_k rows=2048 cols=2048 cores=32 tiles=4 lx=1 io_hbm_bytes=117440640 kernel_us=9557.418 pred_us=15259.678 err_pct=+59.7 bw_gbps=12.3 memset_us=364.522 other_dev_us=920.731 total_dev_us=10842.671 kernel_us_min=9533.565 kernel_us_median=9557.418 kernel_us_mean=9557.924 kernel_us_std=15.212 kernel_us_cv=0.16 reps=7
TIMING_RUN bmm_nested_b_k bmm_nested_b_k B=4 2048x2048x1024 tiles=4 187s
-- bmm_nested_b_k B=4 2048x2048x1024 tiles=8
IO -- device-layout I/O (cost model, stick-padded) --
IO   op Pointwise
IO     output coarse_tile_fill_buf0  torch [2, 2048, 1024] -> device [2, 2048, 1024] in HBM = 4194304 elems x 2B = 8388608 B  (hbm counted: 8388608 B)
IO     input  buf3                   device [1, 64] in HBM = 64 elems x 2B = 128 B  (hbm counted: 128 B) broadcast (loaded once)
IO   op bmm [reduction]
IO     output op0                    torch [2, 2048, 1024] -> device [2048, 16, 2, 64] in HBM = 4194304 elems x 2B = 8388608 B  (hbm counted: 8388608 B)
IO     input  arg0_1                 torch [4, 2048, 2048] -> device [2048, 32, 4, 64] in HBM = 16777216 elems x 2B = 33554432 B  (hbm counted: 33554432 B)
IO     input  arg1_1                 torch [4, 2048, 1024] -> device [2048, 16, 4, 64] in HBM = 8388608 elems x 2B = 16777216 B  (hbm counted: 16777216 B)
IO   op Pointwise
IO     output coarse_tile_combine_buf0 torch [2, 2048, 1024] -> device [2, 2048, 1024] in HBM = 4194304 elems x 2B = 8388608 B  (hbm counted: 8388608 B)
IO     input  buf0                   torch [2, 2048, 1024] -> device [2048, 16, 2, 64] in HBM = 4194304 elems x 2B = 8388608 B  (hbm counted: 8388608 B)
IO     input  buf2                   torch [2, 2048, 1024] -> device [2048, 16, 2, 64] in HBM = 4194304 elems x 2B = 8388608 B  (hbm counted: 8388608 B)
IO   op Pointwise
IO     output coarse_tile_reduce_copy_buf0 torch [4, 2048, 1024] -> device [4, 2048, 1024] in HBM = 8388608 elems x 2B = 16777216 B  (hbm counted: 16777216 B)
IO     input  buf2                   torch [2, 2048, 1024] -> device [2048, 16, 2, 64] in HBM = 4194304 elems x 2B = 8388608 B  (hbm counted: 8388608 B)
IO   => HBM I/O total = 117440640 B  (lx 0 B, ~free)
MODEL -- estimate (turnaround): T = compute + [(R+W)/BW_PEAK + a*min(R,W)] / eff_underfill --
MODEL   R=75497600 B (read)   W=41943040 B (write)   loop_trip L=16
MODEL   compute = MACs/cores/(mac_peak*pt_eff) = 1073741824/32/(1140*1.000) = 29.43 us  (M/m=128, pt_eff=1.000)
MODEL   base = R/150+W/150 = 782.94 us
MODEL   turn = a*min(R,W) = 0.00574*41943040 = 240.75 us
MODEL   eff_underfill = min(0.95,(0.1/13)**0.68) = 0.043 -> (base+turn)/eff = 24085.26 us
MODEL   => T_model = 24198.51 us
MODEL FEATS [{"name":"Pointwise","is_reduction":false,"out_elems":4194304,"cores":32,"dtype_bytes":2,"args":[{"name":"coarse_tile_fill_buf0","role":"output","mem":"hbm","elems":4194304,"broadcast":false,"dims":[2,2048,1024],"logical":[2,2048,1024],"loop_factor":1},{"name":"buf3","role":"input","mem":"hbm","elems":64,"broadcast":true,"dims":[1,64],"logical":[],"loop_factor":1}],"reduction_cores":1,"loop_trip":2,"tiles_output_dim":true,"tile_rows_per_core":1024,"is_matmul":false,"matmul_macs":0,"matmul_rows_per_core":0.0,"matmul_cols_per_core":0.0,"matmul_a_bytes":0,"matmul_b_bytes":0,"matmul_m_split":1,"matmul_n_split":1,"hbm_pattern":""},{"name":"bmm","is_reduction":true,"out_elems":4194304,"cores":32,"dtype_bytes":2,"args":[{"name":"op0","role":"output","mem":"hbm","elems":4194304,"broadcast":false,"dims":[2048,16,2,64],"logical":[2,2048,1024],"loop_factor":1},{"name":"arg0_1","role":"input","mem":"hbm","elems":16777216,"broadcast":false,"dims":[2048,32,4,64],"logical":[4,2048,2048],"loop_factor":1},{"name":"arg1_1","role":"input","mem":"hbm","elems":8388608,"broadcast":false,"dims":[2048,16,4,64],"logical":[4,2048,1024],"loop_factor":1}],"reduction_cores":1,"loop_trip":16,"tiles_output_dim":true,"tile_rows_per_core":0.125,"is_matmul":true,"matmul_macs":1073741824,"matmul_rows_per_core":128.0,"matmul_cols_per_core":512.0,"matmul_a_bytes":1048576,"matmul_b_bytes":524288,"matmul_m_split":16,"matmul_n_split":2,"hbm_pattern":""},{"name":"Pointwise","is_reduction":false,"out_elems":4194304,"cores":32,"dtype_bytes":2,"args":[{"name":"coarse_tile_combine_buf0","role":"output","mem":"hbm","elems":4194304,"broadcast":false,"dims":[2,2048,1024],"logical":[2,2048,1024],"loop_factor":1},{"name":"buf0","role":"input","mem":"hbm","elems":4194304,"broadcast":false,"dims":[2048,16,2,64],"logical":[2,2048,1024],"loop_factor":1},{"name":"buf2","role":"input","mem":"hbm","elems":4194304,"broadcast":false,"dims":[2048,16,2,64],"logical":[2,2048,1024],"loop_factor":1}],"reduction_cores":1,"loop_trip":16,"tiles_output_dim":true,"tile_rows_per_core":128,"is_matmul":false,"matmul_macs":0,"matmul_rows_per_core":0.0,"matmul_cols_per_core":0.0,"matmul_a_bytes":0,"matmul_b_bytes":0,"matmul_m_split":1,"matmul_n_split":1,"hbm_pattern":""},{"name":"Pointwise","is_reduction":false,"out_elems":8388608,"cores":32,"dtype_bytes":2,"args":[{"name":"coarse_tile_reduce_copy_buf0","role":"output","mem":"hbm","elems":8388608,"broadcast":false,"dims":[4,2048,1024],"logical":[4,2048,1024],"loop_factor":1},{"name":"buf2","role":"input","mem":"hbm","elems":4194304,"broadcast":false,"dims":[2048,16,2,64],"logical":[2,2048,1024],"loop_factor":1}],"reduction_cores":1,"loop_trip":2,"tiles_output_dim":true,"tile_rows_per_core":1024,"is_matmul":false,"matmul_macs":0,"matmul_rows_per_core":0.0,"matmul_cols_per_core":0.0,"matmul_a_bytes":0,"matmul_b_bytes":0,"matmul_m_split":1,"matmul_n_split":1,"hbm_pattern":""}]
TIMING op=bmm_nested_b_k reps=7/7 prof_wall_s=173.36 per_rep_s=24.765
SUMMARY op=bmm_nested_b_k rows=2048 cols=2048 cores=32 tiles=8 lx=1 io_hbm_bytes=117440640 kernel_us=12453.223 pred_us=24198.510 err_pct=+94.3 bw_gbps=9.4 memset_us=400.680 other_dev_us=882.948 total_dev_us=13736.851 kernel_us_min=12408.291 kernel_us_median=12453.223 kernel_us_mean=12457.181 kernel_us_std=29.049 kernel_us_cv=0.23 reps=7
TIMING_RUN bmm_nested_b_k bmm_nested_b_k B=4 2048x2048x1024 tiles=8 323s
## COARSEBMM DONE in 2568s
## COARSEMM -- cat 6a: coarse matmul tile ladder + fixed-rpc rows (the U-curve) (10:24:36)
## COARSEMM DONE in 6485s
## ADDIR -- §3: add-chain IR structure (bundle counts) (12:12:41)
## ADDIR DONE in 130s
==== CLOSE-OUT DONE in 15947s (Wed Jul 29 12:14:51 UTC 2026) -- 122 runs from this script ====
Fold: python3 notes/parse_sweep_logs.py haoyang_logs/closeout_*.log \
        haoyang_logs/reduction_cores_*.log haoyang_logs/gamma_bind_*.log \
        haoyang_logs/coarse_reduction_*.log haoyang_logs/coarse_mm_tile_*.log
Then re-score with notes/eval_model.py and refit per category.
