==== coarse-tiling sweep Tue Jul 14 19:09:16 UTC 2026 ====
git: 7f37527  sections: CT3 CT4 CT5 CT6
## CT3 ctsum/ctamax/ctamin [4096,2048] TILES{1,2,4,8}; ctsum also LX=0
-- ctsum [4096,2048] tiles=1 lx=1
  op_it_space_splits={d0: 32, d1: 1}
IO -- device-layout I/O (cost model, stick-padded) --
IO   op sum_1 [reduction]
IO     output op0                    torch [2048] -> device [32, 64] in HBM = 2048 elems x 2B = 4096 B  (hbm counted: 4096 B)
IO     input  arg0_1                 torch [4096, 2048] -> device [32, 4096, 64] in HBM = 8388608 elems x 2B = 16777216 B  (hbm counted: 16777216 B)
IO   => HBM I/O total = 16781312 B  (lx 0 B, ~free)
MODEL -- estimate (turnaround): T = (R+W)/BW_PEAK + a*min(R,W) --
MODEL   R=16777216 B (read)   W=4096 B (write)   loop_trip L=1
MODEL   base = (R+W)/150 = 111.88 us
MODEL   turn = a*min(R,W) = 0.00574*4096 = 0.02 us
MODEL   => T_model = 148.51 us
MODEL FEATS [{"name":"sum_1","is_reduction":true,"out_elems":2048,"cores":32,"dtype_bytes":2,"args":[{"name":"op0","role":"output","mem":"hbm","elems":2048,"broadcast":false,"dims":[32,64],"logical":[2048],"loop_factor":1},{"name":"arg0_1","role":"input","mem":"hbm","elems":8388608,"broadcast":false,"dims":[32,4096,64],"logical":[4096,2048],"loop_factor":1}],"reduction_cores":1,"loop_trip":1,"tiles_output_dim":false,"tile_rows_per_core":0.0,"is_matmul":false,"matmul_macs":0,"matmul_rows_per_core":0.0,"matmul_cols_per_core":0.0,"matmul_a_bytes":0,"matmul_b_bytes":0,"hbm_pattern":"reduce_outer"}]
SUMMARY op=ctsum rows=4096 cols=2048 cores=32 tiles=1 lx=1 io_hbm_bytes=16781312 kernel_us=142.363 pred_us=148.507 err_pct=+4.3 bw_gbps=117.9 memset_us=20.893 other_dev_us=17.885 total_dev_us=181.141
-- ctsum [4096,2048] tiles=2 lx=1
  op_it_space_splits={d0: 32}
  op_it_space_splits={d0: 32, d1: 1}
  op_it_space_splits={d0: 32}
  op_it_space_splits={d0: 32}
  op_it_space_splits={d0: 32, d1: 1}
  op_it_space_splits={d0: 32}
  op_it_space_splits={d0: 32}
  op_it_space_splits={d0: 32, d1: 1}
  op_it_space_splits={d0: 32}
  op_it_space_splits={d0: 32}
  op_it_space_splits={d0: 32, d1: 1}
  op_it_space_splits={d0: 32}
  op_it_space_splits={d0: 32}
  op_it_space_splits={d0: 32, d1: 1}
  op_it_space_splits={d0: 32}
  op_it_space_splits={d0: 32}
  op_it_space_splits={d0: 32, d1: 1}
  op_it_space_splits={d0: 32}
IO -- device-layout I/O (cost model, stick-padded) --
IO   op Pointwise
IO     output coarse_tile_fill_buf0  torch [2048] -> device [2048] in HBM = 2048 elems x 2B = 4096 B  (hbm counted: 4096 B)
IO     input  buf2                   device [1, 64] in HBM = 64 elems x 2B = 128 B  (hbm counted: 128 B) broadcast (loaded once)
IO   op sum_1 [reduction]
IO     output op0                    torch [2048] -> device [32, 64] in LX = 2048 elems x 2B = 4096 B  (hbm counted: 0 B) xL=2
IO     input  arg0_1                 torch [4096, 2048] -> device [32, 4096, 64] in HBM = 8388608 elems x 2B = 16777216 B  (hbm counted: 16777216 B)
IO   op Pointwise
IO     output coarse_tile_combine_buf0 torch [2048] -> device [2048] in HBM = 2048 elems x 2B = 4096 B  (hbm counted: 8192 B) xL=2
IO     input  buf0                   torch [2048] -> device [32, 64] in LX = 2048 elems x 2B = 4096 B  (hbm counted: 0 B) xL=2
IO     input  buf1                   torch [2048] -> device [32, 64] in HBM = 2048 elems x 2B = 4096 B  (hbm counted: 8192 B) xL=2
IO   => HBM I/O total = 16797824 B  (lx 8192 B, ~free)
MODEL -- estimate (turnaround): T = (R+W)/BW_PEAK + a*min(R,W) --
MODEL   R=16785536 B (read)   W=12288 B (write)   loop_trip L=2
MODEL   base = (R+W)/150 = 111.99 us
MODEL   turn = a*min(R,W) = 0.00574*12288 = 0.07 us
MODEL   => T_model = 148.66 us
MODEL FEATS [{"name":"Pointwise","is_reduction":false,"out_elems":2048,"cores":32,"dtype_bytes":2,"args":[{"name":"coarse_tile_fill_buf0","role":"output","mem":"hbm","elems":2048,"broadcast":false,"dims":[2048],"logical":[2048],"loop_factor":1},{"name":"buf2","role":"input","mem":"hbm","elems":64,"broadcast":true,"dims":[1,64],"logical":[],"loop_factor":1}],"reduction_cores":1,"loop_trip":1,"tiles_output_dim":false,"tile_rows_per_core":0.0,"is_matmul":false,"matmul_macs":0,"matmul_rows_per_core":0.0,"matmul_cols_per_core":0.0,"matmul_a_bytes":0,"matmul_b_bytes":0,"hbm_pattern":""},{"name":"sum_1","is_reduction":true,"out_elems":2048,"cores":32,"dtype_bytes":2,"args":[{"name":"op0","role":"output","mem":"lx","elems":2048,"broadcast":false,"dims":[32,64],"logical":[2048],"loop_factor":2},{"name":"arg0_1","role":"input","mem":"hbm","elems":8388608,"broadcast":false,"dims":[32,4096,64],"logical":[4096,2048],"loop_factor":1}],"reduction_cores":1,"loop_trip":2,"tiles_output_dim":false,"tile_rows_per_core":0.0,"is_matmul":false,"matmul_macs":0,"matmul_rows_per_core":0.0,"matmul_cols_per_core":0.0,"matmul_a_bytes":0,"matmul_b_bytes":0,"hbm_pattern":"reduce_outer"},{"name":"Pointwise","is_reduction":false,"out_elems":2048,"cores":32,"dtype_bytes":2,"args":[{"name":"coarse_tile_combine_buf0","role":"output","mem":"hbm","elems":2048,"broadcast":false,"dims":[2048],"logical":[2048],"loop_factor":2},{"name":"buf0","role":"input","mem":"lx","elems":2048,"broadcast":false,"dims":[32,64],"logical":[2048],"loop_factor":2},{"name":"buf1","role":"input","mem":"hbm","elems":2048,"broadcast":false,"dims":[32,64],"logical":[2048],"loop_factor":2}],"reduction_cores":1,"loop_trip":2,"tiles_output_dim":false,"tile_rows_per_core":0.0,"is_matmul":false,"matmul_macs":0,"matmul_rows_per_core":0.0,"matmul_cols_per_core":0.0,"matmul_a_bytes":0,"matmul_b_bytes":0,"hbm_pattern":""}]
SUMMARY op=ctsum rows=4096 cols=2048 cores=32 tiles=2 lx=1 io_hbm_bytes=16797824 kernel_us=140.782 pred_us=148.656 err_pct=+5.6 bw_gbps=119.3 memset_us=109.619 other_dev_us=294.814 total_dev_us=545.215
-- ctsum [4096,2048] tiles=4 lx=1
  op_it_space_splits={d0: 32}
  op_it_space_splits={d0: 32, d1: 1}
  op_it_space_splits={d0: 32}
  op_it_space_splits={d0: 32}
  op_it_space_splits={d0: 32, d1: 1}
  op_it_space_splits={d0: 32}
  op_it_space_splits={d0: 32}
  op_it_space_splits={d0: 32, d1: 1}
  op_it_space_splits={d0: 32}
  op_it_space_splits={d0: 32}
  op_it_space_splits={d0: 32, d1: 1}
  op_it_space_splits={d0: 32}
  op_it_space_splits={d0: 32}
  op_it_space_splits={d0: 32, d1: 1}
  op_it_space_splits={d0: 32}
  op_it_space_splits={d0: 32}
  op_it_space_splits={d0: 32, d1: 1}
  op_it_space_splits={d0: 32}
IO -- device-layout I/O (cost model, stick-padded) --
IO   op Pointwise
IO     output coarse_tile_fill_buf0  torch [2048] -> device [2048] in HBM = 2048 elems x 2B = 4096 B  (hbm counted: 4096 B)
IO     input  buf2                   device [1, 64] in HBM = 64 elems x 2B = 128 B  (hbm counted: 128 B) broadcast (loaded once)
IO   op sum_1 [reduction]
IO     output op0                    torch [2048] -> device [32, 64] in LX = 2048 elems x 2B = 4096 B  (hbm counted: 0 B) xL=4
IO     input  arg0_1                 torch [4096, 2048] -> device [32, 4096, 64] in HBM = 8388608 elems x 2B = 16777216 B  (hbm counted: 16777216 B)
IO   op Pointwise
IO     output coarse_tile_combine_buf0 torch [2048] -> device [2048] in HBM = 2048 elems x 2B = 4096 B  (hbm counted: 16384 B) xL=4
IO     input  buf0                   torch [2048] -> device [32, 64] in LX = 2048 elems x 2B = 4096 B  (hbm counted: 0 B) xL=4
IO     input  buf1                   torch [2048] -> device [32, 64] in HBM = 2048 elems x 2B = 4096 B  (hbm counted: 16384 B) xL=4
IO   => HBM I/O total = 16814208 B  (lx 8192 B, ~free)
MODEL -- estimate (turnaround): T = (R+W)/BW_PEAK + a*min(R,W) --
MODEL   R=16793728 B (read)   W=20480 B (write)   loop_trip L=4
MODEL   base = (R+W)/150 = 112.09 us
MODEL   turn = a*min(R,W) = 0.00574*20480 = 0.12 us
MODEL   => T_model = 148.81 us
MODEL FEATS [{"name":"Pointwise","is_reduction":false,"out_elems":2048,"cores":32,"dtype_bytes":2,"args":[{"name":"coarse_tile_fill_buf0","role":"output","mem":"hbm","elems":2048,"broadcast":false,"dims":[2048],"logical":[2048],"loop_factor":1},{"name":"buf2","role":"input","mem":"hbm","elems":64,"broadcast":true,"dims":[1,64],"logical":[],"loop_factor":1}],"reduction_cores":1,"loop_trip":1,"tiles_output_dim":false,"tile_rows_per_core":0.0,"is_matmul":false,"matmul_macs":0,"matmul_rows_per_core":0.0,"matmul_cols_per_core":0.0,"matmul_a_bytes":0,"matmul_b_bytes":0,"hbm_pattern":""},{"name":"sum_1","is_reduction":true,"out_elems":2048,"cores":32,"dtype_bytes":2,"args":[{"name":"op0","role":"output","mem":"lx","elems":2048,"broadcast":false,"dims":[32,64],"logical":[2048],"loop_factor":4},{"name":"arg0_1","role":"input","mem":"hbm","elems":8388608,"broadcast":false,"dims":[32,4096,64],"logical":[4096,2048],"loop_factor":1}],"reduction_cores":1,"loop_trip":4,"tiles_output_dim":false,"tile_rows_per_core":0.0,"is_matmul":false,"matmul_macs":0,"matmul_rows_per_core":0.0,"matmul_cols_per_core":0.0,"matmul_a_bytes":0,"matmul_b_bytes":0,"hbm_pattern":"reduce_outer"},{"name":"Pointwise","is_reduction":false,"out_elems":2048,"cores":32,"dtype_bytes":2,"args":[{"name":"coarse_tile_combine_buf0","role":"output","mem":"hbm","elems":2048,"broadcast":false,"dims":[2048],"logical":[2048],"loop_factor":4},{"name":"buf0","role":"input","mem":"lx","elems":2048,"broadcast":false,"dims":[32,64],"logical":[2048],"loop_factor":4},{"name":"buf1","role":"input","mem":"hbm","elems":2048,"broadcast":false,"dims":[32,64],"logical":[2048],"loop_factor":4}],"reduction_cores":1,"loop_trip":4,"tiles_output_dim":false,"tile_rows_per_core":0.0,"is_matmul":false,"matmul_macs":0,"matmul_rows_per_core":0.0,"matmul_cols_per_core":0.0,"matmul_a_bytes":0,"matmul_b_bytes":0,"hbm_pattern":""}]
SUMMARY op=ctsum rows=4096 cols=2048 cores=32 tiles=4 lx=1 io_hbm_bytes=16814208 kernel_us=147.660 pred_us=148.812 err_pct=+0.8 bw_gbps=113.9 memset_us=111.338 other_dev_us=218.622 total_dev_us=477.620
-- ctsum [4096,2048] tiles=8 lx=1
  op_it_space_splits={d0: 32}
  op_it_space_splits={d0: 32, d1: 1}
  op_it_space_splits={d0: 32}
  op_it_space_splits={d0: 32}
  op_it_space_splits={d0: 32, d1: 1}
  op_it_space_splits={d0: 32}
  op_it_space_splits={d0: 32}
  op_it_space_splits={d0: 32, d1: 1}
  op_it_space_splits={d0: 32}
  op_it_space_splits={d0: 32}
  op_it_space_splits={d0: 32, d1: 1}
  op_it_space_splits={d0: 32}
  op_it_space_splits={d0: 32}
  op_it_space_splits={d0: 32, d1: 1}
  op_it_space_splits={d0: 32}
  op_it_space_splits={d0: 32}
  op_it_space_splits={d0: 32, d1: 1}
  op_it_space_splits={d0: 32}
IO -- device-layout I/O (cost model, stick-padded) --
IO   op Pointwise
IO     output coarse_tile_fill_buf0  torch [2048] -> device [2048] in HBM = 2048 elems x 2B = 4096 B  (hbm counted: 4096 B)
IO     input  buf2                   device [1, 64] in HBM = 64 elems x 2B = 128 B  (hbm counted: 128 B) broadcast (loaded once)
IO   op sum_1 [reduction]
IO     output op0                    torch [2048] -> device [32, 64] in LX = 2048 elems x 2B = 4096 B  (hbm counted: 0 B) xL=8
IO     input  arg0_1                 torch [4096, 2048] -> device [32, 4096, 64] in HBM = 8388608 elems x 2B = 16777216 B  (hbm counted: 16777216 B)
IO   op Pointwise
IO     output coarse_tile_combine_buf0 torch [2048] -> device [2048] in HBM = 2048 elems x 2B = 4096 B  (hbm counted: 32768 B) xL=8
IO     input  buf0                   torch [2048] -> device [32, 64] in LX = 2048 elems x 2B = 4096 B  (hbm counted: 0 B) xL=8
IO     input  buf1                   torch [2048] -> device [32, 64] in HBM = 2048 elems x 2B = 4096 B  (hbm counted: 32768 B) xL=8
IO   => HBM I/O total = 16846976 B  (lx 8192 B, ~free)
MODEL -- estimate (turnaround): T = (R+W)/BW_PEAK + a*min(R,W) --
MODEL   R=16810112 B (read)   W=36864 B (write)   loop_trip L=8
MODEL   base = (R+W)/150 = 112.31 us
MODEL   turn = a*min(R,W) = 0.00574*36864 = 0.21 us
MODEL   => T_model = 149.12 us
MODEL FEATS [{"name":"Pointwise","is_reduction":false,"out_elems":2048,"cores":32,"dtype_bytes":2,"args":[{"name":"coarse_tile_fill_buf0","role":"output","mem":"hbm","elems":2048,"broadcast":false,"dims":[2048],"logical":[2048],"loop_factor":1},{"name":"buf2","role":"input","mem":"hbm","elems":64,"broadcast":true,"dims":[1,64],"logical":[],"loop_factor":1}],"reduction_cores":1,"loop_trip":1,"tiles_output_dim":false,"tile_rows_per_core":0.0,"is_matmul":false,"matmul_macs":0,"matmul_rows_per_core":0.0,"matmul_cols_per_core":0.0,"matmul_a_bytes":0,"matmul_b_bytes":0,"hbm_pattern":""},{"name":"sum_1","is_reduction":true,"out_elems":2048,"cores":32,"dtype_bytes":2,"args":[{"name":"op0","role":"output","mem":"lx","elems":2048,"broadcast":false,"dims":[32,64],"logical":[2048],"loop_factor":8},{"name":"arg0_1","role":"input","mem":"hbm","elems":8388608,"broadcast":false,"dims":[32,4096,64],"logical":[4096,2048],"loop_factor":1}],"reduction_cores":1,"loop_trip":8,"tiles_output_dim":false,"tile_rows_per_core":0.0,"is_matmul":false,"matmul_macs":0,"matmul_rows_per_core":0.0,"matmul_cols_per_core":0.0,"matmul_a_bytes":0,"matmul_b_bytes":0,"hbm_pattern":"reduce_outer"},{"name":"Pointwise","is_reduction":false,"out_elems":2048,"cores":32,"dtype_bytes":2,"args":[{"name":"coarse_tile_combine_buf0","role":"output","mem":"hbm","elems":2048,"broadcast":false,"dims":[2048],"logical":[2048],"loop_factor":8},{"name":"buf0","role":"input","mem":"lx","elems":2048,"broadcast":false,"dims":[32,64],"logical":[2048],"loop_factor":8},{"name":"buf1","role":"input","mem":"hbm","elems":2048,"broadcast":false,"dims":[32,64],"logical":[2048],"loop_factor":8}],"reduction_cores":1,"loop_trip":8,"tiles_output_dim":false,"tile_rows_per_core":0.0,"is_matmul":false,"matmul_macs":0,"matmul_rows_per_core":0.0,"matmul_cols_per_core":0.0,"matmul_a_bytes":0,"matmul_b_bytes":0,"hbm_pattern":""}]
SUMMARY op=ctsum rows=4096 cols=2048 cores=32 tiles=8 lx=1 io_hbm_bytes=16846976 kernel_us=150.684 pred_us=149.125 err_pct=-1.0 bw_gbps=111.8 memset_us=140.305 other_dev_us=224.635 total_dev_us=515.624
-- ctamax [4096,2048] tiles=1 lx=1
  op_it_space_splits={d0: 32, d1: 1}
IO -- device-layout I/O (cost model, stick-padded) --
IO   op amax [reduction]
IO     output op0                    torch [2048] -> device [32, 64] in HBM = 2048 elems x 2B = 4096 B  (hbm counted: 4096 B)
IO     input  arg0_1                 torch [4096, 2048] -> device [32, 4096, 64] in HBM = 8388608 elems x 2B = 16777216 B  (hbm counted: 16777216 B)
IO   => HBM I/O total = 16781312 B  (lx 0 B, ~free)
MODEL -- estimate (turnaround): T = (R+W)/BW_PEAK + a*min(R,W) --
MODEL   R=16777216 B (read)   W=4096 B (write)   loop_trip L=1
MODEL   base = (R+W)/150 = 111.88 us
MODEL   turn = a*min(R,W) = 0.00574*4096 = 0.02 us
MODEL   => T_model = 148.51 us
MODEL FEATS [{"name":"amax","is_reduction":true,"out_elems":2048,"cores":32,"dtype_bytes":2,"args":[{"name":"op0","role":"output","mem":"hbm","elems":2048,"broadcast":false,"dims":[32,64],"logical":[2048],"loop_factor":1},{"name":"arg0_1","role":"input","mem":"hbm","elems":8388608,"broadcast":false,"dims":[32,4096,64],"logical":[4096,2048],"loop_factor":1}],"reduction_cores":1,"loop_trip":1,"tiles_output_dim":false,"tile_rows_per_core":0.0,"is_matmul":false,"matmul_macs":0,"matmul_rows_per_core":0.0,"matmul_cols_per_core":0.0,"matmul_a_bytes":0,"matmul_b_bytes":0,"hbm_pattern":"reduce_outer"}]
SUMMARY op=ctamax rows=4096 cols=2048 cores=32 tiles=1 lx=1 io_hbm_bytes=16781312 kernel_us=141.643 pred_us=148.507 err_pct=+4.8 bw_gbps=118.5 memset_us=19.294 other_dev_us=15.403 total_dev_us=176.340
-- ctamax [4096,2048] tiles=2 lx=1
  op_it_space_splits={d0: 32}
  op_it_space_splits={d0: 32, d1: 1}
  op_it_space_splits={d0: 32}
  op_it_space_splits={d0: 32}
  op_it_space_splits={d0: 32, d1: 1}
  op_it_space_splits={d0: 32}
  op_it_space_splits={d0: 32}
  op_it_space_splits={d0: 32, d1: 1}
  op_it_space_splits={d0: 32}
  op_it_space_splits={d0: 32}
  op_it_space_splits={d0: 32, d1: 1}
  op_it_space_splits={d0: 32}
  op_it_space_splits={d0: 32}
  op_it_space_splits={d0: 32, d1: 1}
  op_it_space_splits={d0: 32}
  op_it_space_splits={d0: 32}
  op_it_space_splits={d0: 32, d1: 1}
  op_it_space_splits={d0: 32}
IO -- device-layout I/O (cost model, stick-padded) --
IO   op Pointwise
IO     output coarse_tile_fill_buf0  torch [2048] -> device [2048] in HBM = 2048 elems x 2B = 4096 B  (hbm counted: 4096 B)
IO     input  buf2                   device [1, 64] in HBM = 64 elems x 2B = 128 B  (hbm counted: 128 B) broadcast (loaded once)
IO   op amax [reduction]
IO     output op0                    torch [2048] -> device [32, 64] in LX = 2048 elems x 2B = 4096 B  (hbm counted: 0 B) xL=2
IO     input  arg0_1                 torch [4096, 2048] -> device [32, 4096, 64] in HBM = 8388608 elems x 2B = 16777216 B  (hbm counted: 16777216 B)
IO   op Pointwise
IO     output coarse_tile_combine_buf0 torch [2048] -> device [2048] in HBM = 2048 elems x 2B = 4096 B  (hbm counted: 8192 B) xL=2
IO     input  buf0                   torch [2048] -> device [32, 64] in LX = 2048 elems x 2B = 4096 B  (hbm counted: 0 B) xL=2
IO     input  buf1                   torch [2048] -> device [32, 64] in HBM = 2048 elems x 2B = 4096 B  (hbm counted: 8192 B) xL=2
IO   => HBM I/O total = 16797824 B  (lx 8192 B, ~free)
MODEL -- estimate (turnaround): T = (R+W)/BW_PEAK + a*min(R,W) --
MODEL   R=16785536 B (read)   W=12288 B (write)   loop_trip L=2
MODEL   base = (R+W)/150 = 111.99 us
MODEL   turn = a*min(R,W) = 0.00574*12288 = 0.07 us
MODEL   => T_model = 148.66 us
MODEL FEATS [{"name":"Pointwise","is_reduction":false,"out_elems":2048,"cores":32,"dtype_bytes":2,"args":[{"name":"coarse_tile_fill_buf0","role":"output","mem":"hbm","elems":2048,"broadcast":false,"dims":[2048],"logical":[2048],"loop_factor":1},{"name":"buf2","role":"input","mem":"hbm","elems":64,"broadcast":true,"dims":[1,64],"logical":[],"loop_factor":1}],"reduction_cores":1,"loop_trip":1,"tiles_output_dim":false,"tile_rows_per_core":0.0,"is_matmul":false,"matmul_macs":0,"matmul_rows_per_core":0.0,"matmul_cols_per_core":0.0,"matmul_a_bytes":0,"matmul_b_bytes":0,"hbm_pattern":""},{"name":"amax","is_reduction":true,"out_elems":2048,"cores":32,"dtype_bytes":2,"args":[{"name":"op0","role":"output","mem":"lx","elems":2048,"broadcast":false,"dims":[32,64],"logical":[2048],"loop_factor":2},{"name":"arg0_1","role":"input","mem":"hbm","elems":8388608,"broadcast":false,"dims":[32,4096,64],"logical":[4096,2048],"loop_factor":1}],"reduction_cores":1,"loop_trip":2,"tiles_output_dim":false,"tile_rows_per_core":0.0,"is_matmul":false,"matmul_macs":0,"matmul_rows_per_core":0.0,"matmul_cols_per_core":0.0,"matmul_a_bytes":0,"matmul_b_bytes":0,"hbm_pattern":"reduce_outer"},{"name":"Pointwise","is_reduction":false,"out_elems":2048,"cores":32,"dtype_bytes":2,"args":[{"name":"coarse_tile_combine_buf0","role":"output","mem":"hbm","elems":2048,"broadcast":false,"dims":[2048],"logical":[2048],"loop_factor":2},{"name":"buf0","role":"input","mem":"lx","elems":2048,"broadcast":false,"dims":[32,64],"logical":[2048],"loop_factor":2},{"name":"buf1","role":"input","mem":"hbm","elems":2048,"broadcast":false,"dims":[32,64],"logical":[2048],"loop_factor":2}],"reduction_cores":1,"loop_trip":2,"tiles_output_dim":false,"tile_rows_per_core":0.0,"is_matmul":false,"matmul_macs":0,"matmul_rows_per_core":0.0,"matmul_cols_per_core":0.0,"matmul_a_bytes":0,"matmul_b_bytes":0,"hbm_pattern":""}]
SUMMARY op=ctamax rows=4096 cols=2048 cores=32 tiles=2 lx=1 io_hbm_bytes=16797824 kernel_us=143.766 pred_us=148.656 err_pct=+3.4 bw_gbps=116.8 memset_us=118.284 other_dev_us=203.659 total_dev_us=465.709
-- ctamax [4096,2048] tiles=4 lx=1
  op_it_space_splits={d0: 32}
  op_it_space_splits={d0: 32, d1: 1}
  op_it_space_splits={d0: 32}
  op_it_space_splits={d0: 32}
  op_it_space_splits={d0: 32, d1: 1}
  op_it_space_splits={d0: 32}
  op_it_space_splits={d0: 32}
  op_it_space_splits={d0: 32, d1: 1}
  op_it_space_splits={d0: 32}
  op_it_space_splits={d0: 32}
  op_it_space_splits={d0: 32, d1: 1}
  op_it_space_splits={d0: 32}
  op_it_space_splits={d0: 32}
  op_it_space_splits={d0: 32, d1: 1}
  op_it_space_splits={d0: 32}
  op_it_space_splits={d0: 32}
  op_it_space_splits={d0: 32, d1: 1}
  op_it_space_splits={d0: 32}
IO -- device-layout I/O (cost model, stick-padded) --
IO   op Pointwise
IO     output coarse_tile_fill_buf0  torch [2048] -> device [2048] in HBM = 2048 elems x 2B = 4096 B  (hbm counted: 4096 B)
IO     input  buf2                   device [1, 64] in HBM = 64 elems x 2B = 128 B  (hbm counted: 128 B) broadcast (loaded once)
IO   op amax [reduction]
IO     output op0                    torch [2048] -> device [32, 64] in LX = 2048 elems x 2B = 4096 B  (hbm counted: 0 B) xL=4
IO     input  arg0_1                 torch [4096, 2048] -> device [32, 4096, 64] in HBM = 8388608 elems x 2B = 16777216 B  (hbm counted: 16777216 B)
IO   op Pointwise
IO     output coarse_tile_combine_buf0 torch [2048] -> device [2048] in HBM = 2048 elems x 2B = 4096 B  (hbm counted: 16384 B) xL=4
IO     input  buf0                   torch [2048] -> device [32, 64] in LX = 2048 elems x 2B = 4096 B  (hbm counted: 0 B) xL=4
IO     input  buf1                   torch [2048] -> device [32, 64] in HBM = 2048 elems x 2B = 4096 B  (hbm counted: 16384 B) xL=4
IO   => HBM I/O total = 16814208 B  (lx 8192 B, ~free)
MODEL -- estimate (turnaround): T = (R+W)/BW_PEAK + a*min(R,W) --
MODEL   R=16793728 B (read)   W=20480 B (write)   loop_trip L=4
MODEL   base = (R+W)/150 = 112.09 us
MODEL   turn = a*min(R,W) = 0.00574*20480 = 0.12 us
MODEL   => T_model = 148.81 us
MODEL FEATS [{"name":"Pointwise","is_reduction":false,"out_elems":2048,"cores":32,"dtype_bytes":2,"args":[{"name":"coarse_tile_fill_buf0","role":"output","mem":"hbm","elems":2048,"broadcast":false,"dims":[2048],"logical":[2048],"loop_factor":1},{"name":"buf2","role":"input","mem":"hbm","elems":64,"broadcast":true,"dims":[1,64],"logical":[],"loop_factor":1}],"reduction_cores":1,"loop_trip":1,"tiles_output_dim":false,"tile_rows_per_core":0.0,"is_matmul":false,"matmul_macs":0,"matmul_rows_per_core":0.0,"matmul_cols_per_core":0.0,"matmul_a_bytes":0,"matmul_b_bytes":0,"hbm_pattern":""},{"name":"amax","is_reduction":true,"out_elems":2048,"cores":32,"dtype_bytes":2,"args":[{"name":"op0","role":"output","mem":"lx","elems":2048,"broadcast":false,"dims":[32,64],"logical":[2048],"loop_factor":4},{"name":"arg0_1","role":"input","mem":"hbm","elems":8388608,"broadcast":false,"dims":[32,4096,64],"logical":[4096,2048],"loop_factor":1}],"reduction_cores":1,"loop_trip":4,"tiles_output_dim":false,"tile_rows_per_core":0.0,"is_matmul":false,"matmul_macs":0,"matmul_rows_per_core":0.0,"matmul_cols_per_core":0.0,"matmul_a_bytes":0,"matmul_b_bytes":0,"hbm_pattern":"reduce_outer"},{"name":"Pointwise","is_reduction":false,"out_elems":2048,"cores":32,"dtype_bytes":2,"args":[{"name":"coarse_tile_combine_buf0","role":"output","mem":"hbm","elems":2048,"broadcast":false,"dims":[2048],"logical":[2048],"loop_factor":4},{"name":"buf0","role":"input","mem":"lx","elems":2048,"broadcast":false,"dims":[32,64],"logical":[2048],"loop_factor":4},{"name":"buf1","role":"input","mem":"hbm","elems":2048,"broadcast":false,"dims":[32,64],"logical":[2048],"loop_factor":4}],"reduction_cores":1,"loop_trip":4,"tiles_output_dim":false,"tile_rows_per_core":0.0,"is_matmul":false,"matmul_macs":0,"matmul_rows_per_core":0.0,"matmul_cols_per_core":0.0,"matmul_a_bytes":0,"matmul_b_bytes":0,"hbm_pattern":""}]
SUMMARY op=ctamax rows=4096 cols=2048 cores=32 tiles=4 lx=1 io_hbm_bytes=16814208 kernel_us=147.315 pred_us=148.812 err_pct=+1.0 bw_gbps=114.1 memset_us=122.531 other_dev_us=294.096 total_dev_us=563.942
-- ctamax [4096,2048] tiles=8 lx=1
  op_it_space_splits={d0: 32}
  op_it_space_splits={d0: 32, d1: 1}
  op_it_space_splits={d0: 32}
  op_it_space_splits={d0: 32}
  op_it_space_splits={d0: 32, d1: 1}
  op_it_space_splits={d0: 32}
  op_it_space_splits={d0: 32}
  op_it_space_splits={d0: 32, d1: 1}
  op_it_space_splits={d0: 32}
  op_it_space_splits={d0: 32}
  op_it_space_splits={d0: 32, d1: 1}
  op_it_space_splits={d0: 32}
  op_it_space_splits={d0: 32}
  op_it_space_splits={d0: 32, d1: 1}
  op_it_space_splits={d0: 32}
  op_it_space_splits={d0: 32}
  op_it_space_splits={d0: 32, d1: 1}
  op_it_space_splits={d0: 32}
IO -- device-layout I/O (cost model, stick-padded) --
IO   op Pointwise
IO     output coarse_tile_fill_buf0  torch [2048] -> device [2048] in HBM = 2048 elems x 2B = 4096 B  (hbm counted: 4096 B)
IO     input  buf2                   device [1, 64] in HBM = 64 elems x 2B = 128 B  (hbm counted: 128 B) broadcast (loaded once)
IO   op amax [reduction]
IO     output op0                    torch [2048] -> device [32, 64] in LX = 2048 elems x 2B = 4096 B  (hbm counted: 0 B) xL=8
IO     input  arg0_1                 torch [4096, 2048] -> device [32, 4096, 64] in HBM = 8388608 elems x 2B = 16777216 B  (hbm counted: 16777216 B)
IO   op Pointwise
IO     output coarse_tile_combine_buf0 torch [2048] -> device [2048] in HBM = 2048 elems x 2B = 4096 B  (hbm counted: 32768 B) xL=8
IO     input  buf0                   torch [2048] -> device [32, 64] in LX = 2048 elems x 2B = 4096 B  (hbm counted: 0 B) xL=8
IO     input  buf1                   torch [2048] -> device [32, 64] in HBM = 2048 elems x 2B = 4096 B  (hbm counted: 32768 B) xL=8
IO   => HBM I/O total = 16846976 B  (lx 8192 B, ~free)
MODEL -- estimate (turnaround): T = (R+W)/BW_PEAK + a*min(R,W) --
MODEL   R=16810112 B (read)   W=36864 B (write)   loop_trip L=8
MODEL   base = (R+W)/150 = 112.31 us
MODEL   turn = a*min(R,W) = 0.00574*36864 = 0.21 us
MODEL   => T_model = 149.12 us
MODEL FEATS [{"name":"Pointwise","is_reduction":false,"out_elems":2048,"cores":32,"dtype_bytes":2,"args":[{"name":"coarse_tile_fill_buf0","role":"output","mem":"hbm","elems":2048,"broadcast":false,"dims":[2048],"logical":[2048],"loop_factor":1},{"name":"buf2","role":"input","mem":"hbm","elems":64,"broadcast":true,"dims":[1,64],"logical":[],"loop_factor":1}],"reduction_cores":1,"loop_trip":1,"tiles_output_dim":false,"tile_rows_per_core":0.0,"is_matmul":false,"matmul_macs":0,"matmul_rows_per_core":0.0,"matmul_cols_per_core":0.0,"matmul_a_bytes":0,"matmul_b_bytes":0,"hbm_pattern":""},{"name":"amax","is_reduction":true,"out_elems":2048,"cores":32,"dtype_bytes":2,"args":[{"name":"op0","role":"output","mem":"lx","elems":2048,"broadcast":false,"dims":[32,64],"logical":[2048],"loop_factor":8},{"name":"arg0_1","role":"input","mem":"hbm","elems":8388608,"broadcast":false,"dims":[32,4096,64],"logical":[4096,2048],"loop_factor":1}],"reduction_cores":1,"loop_trip":8,"tiles_output_dim":false,"tile_rows_per_core":0.0,"is_matmul":false,"matmul_macs":0,"matmul_rows_per_core":0.0,"matmul_cols_per_core":0.0,"matmul_a_bytes":0,"matmul_b_bytes":0,"hbm_pattern":"reduce_outer"},{"name":"Pointwise","is_reduction":false,"out_elems":2048,"cores":32,"dtype_bytes":2,"args":[{"name":"coarse_tile_combine_buf0","role":"output","mem":"hbm","elems":2048,"broadcast":false,"dims":[2048],"logical":[2048],"loop_factor":8},{"name":"buf0","role":"input","mem":"lx","elems":2048,"broadcast":false,"dims":[32,64],"logical":[2048],"loop_factor":8},{"name":"buf1","role":"input","mem":"hbm","elems":2048,"broadcast":false,"dims":[32,64],"logical":[2048],"loop_factor":8}],"reduction_cores":1,"loop_trip":8,"tiles_output_dim":false,"tile_rows_per_core":0.0,"is_matmul":false,"matmul_macs":0,"matmul_rows_per_core":0.0,"matmul_cols_per_core":0.0,"matmul_a_bytes":0,"matmul_b_bytes":0,"hbm_pattern":""}]
SUMMARY op=ctamax rows=4096 cols=2048 cores=32 tiles=8 lx=1 io_hbm_bytes=16846976 kernel_us=149.882 pred_us=149.125 err_pct=-0.5 bw_gbps=112.4 memset_us=130.353 other_dev_us=392.944 total_dev_us=673.179
-- ctamin [4096,2048] tiles=1 lx=1
  op_it_space_splits={d0: 32, d1: 1}
IO -- device-layout I/O (cost model, stick-padded) --
IO   op amin [reduction]
IO     output op0                    torch [2048] -> device [32, 64] in HBM = 2048 elems x 2B = 4096 B  (hbm counted: 4096 B)
IO     input  arg0_1                 torch [4096, 2048] -> device [32, 4096, 64] in HBM = 8388608 elems x 2B = 16777216 B  (hbm counted: 16777216 B)
IO   => HBM I/O total = 16781312 B  (lx 0 B, ~free)
MODEL -- estimate (turnaround): T = (R+W)/BW_PEAK + a*min(R,W) --
MODEL   R=16777216 B (read)   W=4096 B (write)   loop_trip L=1
MODEL   base = (R+W)/150 = 111.88 us
MODEL   turn = a*min(R,W) = 0.00574*4096 = 0.02 us
MODEL   => T_model = 148.51 us
MODEL FEATS [{"name":"amin","is_reduction":true,"out_elems":2048,"cores":32,"dtype_bytes":2,"args":[{"name":"op0","role":"output","mem":"hbm","elems":2048,"broadcast":false,"dims":[32,64],"logical":[2048],"loop_factor":1},{"name":"arg0_1","role":"input","mem":"hbm","elems":8388608,"broadcast":false,"dims":[32,4096,64],"logical":[4096,2048],"loop_factor":1}],"reduction_cores":1,"loop_trip":1,"tiles_output_dim":false,"tile_rows_per_core":0.0,"is_matmul":false,"matmul_macs":0,"matmul_rows_per_core":0.0,"matmul_cols_per_core":0.0,"matmul_a_bytes":0,"matmul_b_bytes":0,"hbm_pattern":"reduce_outer"}]
SUMMARY op=ctamin rows=4096 cols=2048 cores=32 tiles=1 lx=1 io_hbm_bytes=16781312 kernel_us=141.464 pred_us=148.507 err_pct=+5.0 bw_gbps=118.6 memset_us=19.347 other_dev_us=14.946 total_dev_us=175.757
-- ctamin [4096,2048] tiles=2 lx=1
  op_it_space_splits={d0: 32}
  op_it_space_splits={d0: 32, d1: 1}
  op_it_space_splits={d0: 32}
  op_it_space_splits={d0: 32}
  op_it_space_splits={d0: 32, d1: 1}
  op_it_space_splits={d0: 32}
  op_it_space_splits={d0: 32}
  op_it_space_splits={d0: 32, d1: 1}
  op_it_space_splits={d0: 32}
  op_it_space_splits={d0: 32}
  op_it_space_splits={d0: 32, d1: 1}
  op_it_space_splits={d0: 32}
  op_it_space_splits={d0: 32}
  op_it_space_splits={d0: 32, d1: 1}
  op_it_space_splits={d0: 32}
  op_it_space_splits={d0: 32}
  op_it_space_splits={d0: 32, d1: 1}
  op_it_space_splits={d0: 32}
IO -- device-layout I/O (cost model, stick-padded) --
IO   op Pointwise
IO     output coarse_tile_fill_buf0  torch [2048] -> device [2048] in HBM = 2048 elems x 2B = 4096 B  (hbm counted: 4096 B)
IO     input  buf2                   device [1, 64] in HBM = 64 elems x 2B = 128 B  (hbm counted: 128 B) broadcast (loaded once)
IO   op amin [reduction]
IO     output op0                    torch [2048] -> device [32, 64] in HBM = 2048 elems x 2B = 4096 B  (hbm counted: 8192 B) xL=2
IO     input  arg0_1                 torch [4096, 2048] -> device [32, 4096, 64] in HBM = 8388608 elems x 2B = 16777216 B  (hbm counted: 16777216 B)
IO   op Pointwise
IO     output coarse_tile_combine_buf0 torch [2048] -> device [2048] in HBM = 2048 elems x 2B = 4096 B  (hbm counted: 8192 B) xL=2
IO     input  buf0                   torch [2048] -> device [32, 64] in HBM = 2048 elems x 2B = 4096 B  (hbm counted: 8192 B) xL=2
IO     input  buf1                   torch [2048] -> device [32, 64] in HBM = 2048 elems x 2B = 4096 B  (hbm counted: 8192 B) xL=2
IO   => HBM I/O total = 16814208 B  (lx 0 B, ~free)
MODEL -- estimate (turnaround): T = (R+W)/BW_PEAK + a*min(R,W) --
MODEL   R=16793728 B (read)   W=20480 B (write)   loop_trip L=2
MODEL   base = (R+W)/150 = 112.09 us
MODEL   turn = a*min(R,W) = 0.00574*20480 = 0.12 us
MODEL   => T_model = 148.78 us
MODEL FEATS [{"name":"Pointwise","is_reduction":false,"out_elems":2048,"cores":32,"dtype_bytes":2,"args":[{"name":"coarse_tile_fill_buf0","role":"output","mem":"hbm","elems":2048,"broadcast":false,"dims":[2048],"logical":[2048],"loop_factor":1},{"name":"buf2","role":"input","mem":"hbm","elems":64,"broadcast":true,"dims":[1,64],"logical":[],"loop_factor":1}],"reduction_cores":1,"loop_trip":1,"tiles_output_dim":false,"tile_rows_per_core":0.0,"is_matmul":false,"matmul_macs":0,"matmul_rows_per_core":0.0,"matmul_cols_per_core":0.0,"matmul_a_bytes":0,"matmul_b_bytes":0,"hbm_pattern":""},{"name":"amin","is_reduction":true,"out_elems":2048,"cores":32,"dtype_bytes":2,"args":[{"name":"op0","role":"output","mem":"hbm","elems":2048,"broadcast":false,"dims":[32,64],"logical":[2048],"loop_factor":2},{"name":"arg0_1","role":"input","mem":"hbm","elems":8388608,"broadcast":false,"dims":[32,4096,64],"logical":[4096,2048],"loop_factor":1}],"reduction_cores":1,"loop_trip":2,"tiles_output_dim":false,"tile_rows_per_core":0.0,"is_matmul":false,"matmul_macs":0,"matmul_rows_per_core":0.0,"matmul_cols_per_core":0.0,"matmul_a_bytes":0,"matmul_b_bytes":0,"hbm_pattern":"reduce_outer"},{"name":"Pointwise","is_reduction":false,"out_elems":2048,"cores":32,"dtype_bytes":2,"args":[{"name":"coarse_tile_combine_buf0","role":"output","mem":"hbm","elems":2048,"broadcast":false,"dims":[2048],"logical":[2048],"loop_factor":2},{"name":"buf0","role":"input","mem":"hbm","elems":2048,"broadcast":false,"dims":[32,64],"logical":[2048],"loop_factor":2},{"name":"buf1","role":"input","mem":"hbm","elems":2048,"broadcast":false,"dims":[32,64],"logical":[2048],"loop_factor":2}],"reduction_cores":1,"loop_trip":2,"tiles_output_dim":false,"tile_rows_per_core":0.0,"is_matmul":false,"matmul_macs":0,"matmul_rows_per_core":0.0,"matmul_cols_per_core":0.0,"matmul_a_bytes":0,"matmul_b_bytes":0,"hbm_pattern":""}]
SUMMARY op=ctamin rows=4096 cols=2048 cores=32 tiles=2 lx=1 io_hbm_bytes=16814208 kernel_us=151.542 pred_us=148.783 err_pct=-1.8 bw_gbps=111.0 memset_us=112.677 other_dev_us=299.869 total_dev_us=564.088
-- ctamin [4096,2048] tiles=4 lx=1
  op_it_space_splits={d0: 32}
  op_it_space_splits={d0: 32, d1: 1}
  op_it_space_splits={d0: 32}
  op_it_space_splits={d0: 32}
  op_it_space_splits={d0: 32, d1: 1}
  op_it_space_splits={d0: 32}
  op_it_space_splits={d0: 32}
  op_it_space_splits={d0: 32, d1: 1}
  op_it_space_splits={d0: 32}
  op_it_space_splits={d0: 32}
  op_it_space_splits={d0: 32, d1: 1}
  op_it_space_splits={d0: 32}
  op_it_space_splits={d0: 32}
  op_it_space_splits={d0: 32, d1: 1}
  op_it_space_splits={d0: 32}
  op_it_space_splits={d0: 32}
  op_it_space_splits={d0: 32, d1: 1}
  op_it_space_splits={d0: 32}
IO -- device-layout I/O (cost model, stick-padded) --
IO   op Pointwise
IO     output coarse_tile_fill_buf0  torch [2048] -> device [2048] in HBM = 2048 elems x 2B = 4096 B  (hbm counted: 4096 B)
IO     input  buf2                   device [1, 64] in HBM = 64 elems x 2B = 128 B  (hbm counted: 128 B) broadcast (loaded once)
IO   op amin [reduction]
IO     output op0                    torch [2048] -> device [32, 64] in HBM = 2048 elems x 2B = 4096 B  (hbm counted: 16384 B) xL=4
IO     input  arg0_1                 torch [4096, 2048] -> device [32, 4096, 64] in HBM = 8388608 elems x 2B = 16777216 B  (hbm counted: 16777216 B)
IO   op Pointwise
IO     output coarse_tile_combine_buf0 torch [2048] -> device [2048] in HBM = 2048 elems x 2B = 4096 B  (hbm counted: 16384 B) xL=4
IO     input  buf0                   torch [2048] -> device [32, 64] in HBM = 2048 elems x 2B = 4096 B  (hbm counted: 16384 B) xL=4
IO     input  buf1                   torch [2048] -> device [32, 64] in HBM = 2048 elems x 2B = 4096 B  (hbm counted: 16384 B) xL=4
IO   => HBM I/O total = 16846976 B  (lx 0 B, ~free)
MODEL -- estimate (turnaround): T = (R+W)/BW_PEAK + a*min(R,W) --
MODEL   R=16810112 B (read)   W=36864 B (write)   loop_trip L=4
MODEL   base = (R+W)/150 = 112.31 us
MODEL   turn = a*min(R,W) = 0.00574*36864 = 0.21 us
MODEL   => T_model = 149.07 us
MODEL FEATS [{"name":"Pointwise","is_reduction":false,"out_elems":2048,"cores":32,"dtype_bytes":2,"args":[{"name":"coarse_tile_fill_buf0","role":"output","mem":"hbm","elems":2048,"broadcast":false,"dims":[2048],"logical":[2048],"loop_factor":1},{"name":"buf2","role":"input","mem":"hbm","elems":64,"broadcast":true,"dims":[1,64],"logical":[],"loop_factor":1}],"reduction_cores":1,"loop_trip":1,"tiles_output_dim":false,"tile_rows_per_core":0.0,"is_matmul":false,"matmul_macs":0,"matmul_rows_per_core":0.0,"matmul_cols_per_core":0.0,"matmul_a_bytes":0,"matmul_b_bytes":0,"hbm_pattern":""},{"name":"amin","is_reduction":true,"out_elems":2048,"cores":32,"dtype_bytes":2,"args":[{"name":"op0","role":"output","mem":"hbm","elems":2048,"broadcast":false,"dims":[32,64],"logical":[2048],"loop_factor":4},{"name":"arg0_1","role":"input","mem":"hbm","elems":8388608,"broadcast":false,"dims":[32,4096,64],"logical":[4096,2048],"loop_factor":1}],"reduction_cores":1,"loop_trip":4,"tiles_output_dim":false,"tile_rows_per_core":0.0,"is_matmul":false,"matmul_macs":0,"matmul_rows_per_core":0.0,"matmul_cols_per_core":0.0,"matmul_a_bytes":0,"matmul_b_bytes":0,"hbm_pattern":"reduce_outer"},{"name":"Pointwise","is_reduction":false,"out_elems":2048,"cores":32,"dtype_bytes":2,"args":[{"name":"coarse_tile_combine_buf0","role":"output","mem":"hbm","elems":2048,"broadcast":false,"dims":[2048],"logical":[2048],"loop_factor":4},{"name":"buf0","role":"input","mem":"hbm","elems":2048,"broadcast":false,"dims":[32,64],"logical":[2048],"loop_factor":4},{"name":"buf1","role":"input","mem":"hbm","elems":2048,"broadcast":false,"dims":[32,64],"logical":[2048],"loop_factor":4}],"reduction_cores":1,"loop_trip":4,"tiles_output_dim":false,"tile_rows_per_core":0.0,"is_matmul":false,"matmul_macs":0,"matmul_rows_per_core":0.0,"matmul_cols_per_core":0.0,"matmul_a_bytes":0,"matmul_b_bytes":0,"hbm_pattern":""}]
SUMMARY op=ctamin rows=4096 cols=2048 cores=32 tiles=4 lx=1 io_hbm_bytes=16846976 kernel_us=147.780 pred_us=149.067 err_pct=+0.9 bw_gbps=114.0 memset_us=129.258 other_dev_us=302.925 total_dev_us=579.963
-- ctamin [4096,2048] tiles=8 lx=1
  op_it_space_splits={d0: 32}
  op_it_space_splits={d0: 32, d1: 1}
  op_it_space_splits={d0: 32}
  op_it_space_splits={d0: 32}
  op_it_space_splits={d0: 32, d1: 1}
  op_it_space_splits={d0: 32}
  op_it_space_splits={d0: 32}
  op_it_space_splits={d0: 32, d1: 1}
  op_it_space_splits={d0: 32}
  op_it_space_splits={d0: 32}
  op_it_space_splits={d0: 32, d1: 1}
  op_it_space_splits={d0: 32}
  op_it_space_splits={d0: 32}
  op_it_space_splits={d0: 32, d1: 1}
  op_it_space_splits={d0: 32}
  op_it_space_splits={d0: 32}
  op_it_space_splits={d0: 32, d1: 1}
  op_it_space_splits={d0: 32}
IO -- device-layout I/O (cost model, stick-padded) --
IO   op Pointwise
IO     output coarse_tile_fill_buf0  torch [2048] -> device [2048] in HBM = 2048 elems x 2B = 4096 B  (hbm counted: 4096 B)
IO     input  buf2                   device [1, 64] in HBM = 64 elems x 2B = 128 B  (hbm counted: 128 B) broadcast (loaded once)
IO   op amin [reduction]
IO     output op0                    torch [2048] -> device [32, 64] in HBM = 2048 elems x 2B = 4096 B  (hbm counted: 32768 B) xL=8
IO     input  arg0_1                 torch [4096, 2048] -> device [32, 4096, 64] in HBM = 8388608 elems x 2B = 16777216 B  (hbm counted: 16777216 B)
IO   op Pointwise
IO     output coarse_tile_combine_buf0 torch [2048] -> device [2048] in HBM = 2048 elems x 2B = 4096 B  (hbm counted: 32768 B) xL=8
IO     input  buf0                   torch [2048] -> device [32, 64] in HBM = 2048 elems x 2B = 4096 B  (hbm counted: 32768 B) xL=8
IO     input  buf1                   torch [2048] -> device [32, 64] in HBM = 2048 elems x 2B = 4096 B  (hbm counted: 32768 B) xL=8
IO   => HBM I/O total = 16912512 B  (lx 0 B, ~free)
MODEL -- estimate (turnaround): T = (R+W)/BW_PEAK + a*min(R,W) --
MODEL   R=16842880 B (read)   W=69632 B (write)   loop_trip L=8
MODEL   base = (R+W)/150 = 112.75 us
MODEL   turn = a*min(R,W) = 0.00574*69632 = 0.40 us
MODEL   => T_model = 149.63 us
MODEL FEATS [{"name":"Pointwise","is_reduction":false,"out_elems":2048,"cores":32,"dtype_bytes":2,"args":[{"name":"coarse_tile_fill_buf0","role":"output","mem":"hbm","elems":2048,"broadcast":false,"dims":[2048],"logical":[2048],"loop_factor":1},{"name":"buf2","role":"input","mem":"hbm","elems":64,"broadcast":true,"dims":[1,64],"logical":[],"loop_factor":1}],"reduction_cores":1,"loop_trip":1,"tiles_output_dim":false,"tile_rows_per_core":0.0,"is_matmul":false,"matmul_macs":0,"matmul_rows_per_core":0.0,"matmul_cols_per_core":0.0,"matmul_a_bytes":0,"matmul_b_bytes":0,"hbm_pattern":""},{"name":"amin","is_reduction":true,"out_elems":2048,"cores":32,"dtype_bytes":2,"args":[{"name":"op0","role":"output","mem":"hbm","elems":2048,"broadcast":false,"dims":[32,64],"logical":[2048],"loop_factor":8},{"name":"arg0_1","role":"input","mem":"hbm","elems":8388608,"broadcast":false,"dims":[32,4096,64],"logical":[4096,2048],"loop_factor":1}],"reduction_cores":1,"loop_trip":8,"tiles_output_dim":false,"tile_rows_per_core":0.0,"is_matmul":false,"matmul_macs":0,"matmul_rows_per_core":0.0,"matmul_cols_per_core":0.0,"matmul_a_bytes":0,"matmul_b_bytes":0,"hbm_pattern":"reduce_outer"},{"name":"Pointwise","is_reduction":false,"out_elems":2048,"cores":32,"dtype_bytes":2,"args":[{"name":"coarse_tile_combine_buf0","role":"output","mem":"hbm","elems":2048,"broadcast":false,"dims":[2048],"logical":[2048],"loop_factor":8},{"name":"buf0","role":"input","mem":"hbm","elems":2048,"broadcast":false,"dims":[32,64],"logical":[2048],"loop_factor":8},{"name":"buf1","role":"input","mem":"hbm","elems":2048,"broadcast":false,"dims":[32,64],"logical":[2048],"loop_factor":8}],"reduction_cores":1,"loop_trip":8,"tiles_output_dim":false,"tile_rows_per_core":0.0,"is_matmul":false,"matmul_macs":0,"matmul_rows_per_core":0.0,"matmul_cols_per_core":0.0,"matmul_a_bytes":0,"matmul_b_bytes":0,"hbm_pattern":""}]
SUMMARY op=ctamin rows=4096 cols=2048 cores=32 tiles=8 lx=1 io_hbm_bytes=16912512 kernel_us=152.541 pred_us=149.633 err_pct=-1.9 bw_gbps=110.9 memset_us=136.985 other_dev_us=376.678 total_dev_us=666.204
-- ctsum [4096,2048] tiles=1 lx=0
  op_it_space_splits={d0: 32, d1: 1}
IO -- device-layout I/O (cost model, stick-padded) --
IO   op sum_1 [reduction]
IO     output op0                    torch [2048] -> device [32, 64] in HBM = 2048 elems x 2B = 4096 B  (hbm counted: 4096 B)
IO     input  arg0_1                 torch [4096, 2048] -> device [32, 4096, 64] in HBM = 8388608 elems x 2B = 16777216 B  (hbm counted: 16777216 B)
IO   => HBM I/O total = 16781312 B  (lx 0 B, ~free)
MODEL -- estimate (turnaround): T = (R+W)/BW_PEAK + a*min(R,W) --
MODEL   R=16777216 B (read)   W=4096 B (write)   loop_trip L=1
MODEL   base = (R+W)/150 = 111.88 us
MODEL   turn = a*min(R,W) = 0.00574*4096 = 0.02 us
MODEL   => T_model = 148.51 us
MODEL FEATS [{"name":"sum_1","is_reduction":true,"out_elems":2048,"cores":32,"dtype_bytes":2,"args":[{"name":"op0","role":"output","mem":"hbm","elems":2048,"broadcast":false,"dims":[32,64],"logical":[2048],"loop_factor":1},{"name":"arg0_1","role":"input","mem":"hbm","elems":8388608,"broadcast":false,"dims":[32,4096,64],"logical":[4096,2048],"loop_factor":1}],"reduction_cores":1,"loop_trip":1,"tiles_output_dim":false,"tile_rows_per_core":0.0,"is_matmul":false,"matmul_macs":0,"matmul_rows_per_core":0.0,"matmul_cols_per_core":0.0,"matmul_a_bytes":0,"matmul_b_bytes":0,"hbm_pattern":"reduce_outer"}]
SUMMARY op=ctsum rows=4096 cols=2048 cores=32 tiles=1 lx=0 io_hbm_bytes=16781312 kernel_us=141.598 pred_us=148.507 err_pct=+4.9 bw_gbps=118.5 memset_us=20.293 other_dev_us=14.246 total_dev_us=176.137
-- ctsum [4096,2048] tiles=2 lx=0
  op_it_space_splits={d0: 32}
  op_it_space_splits={d0: 32, d1: 1}
  op_it_space_splits={d0: 32}
  op_it_space_splits={d0: 32}
  op_it_space_splits={d0: 32, d1: 1}
  op_it_space_splits={d0: 32}
  op_it_space_splits={d0: 32}
  op_it_space_splits={d0: 32, d1: 1}
  op_it_space_splits={d0: 32}
  op_it_space_splits={d0: 32}
  op_it_space_splits={d0: 32, d1: 1}
  op_it_space_splits={d0: 32}
  op_it_space_splits={d0: 32}
  op_it_space_splits={d0: 32, d1: 1}
  op_it_space_splits={d0: 32}
  op_it_space_splits={d0: 32}
  op_it_space_splits={d0: 32, d1: 1}
  op_it_space_splits={d0: 32}
IO -- device-layout I/O (cost model, stick-padded) --
IO   op Pointwise
IO     output coarse_tile_fill_buf0  torch [2048] -> device [2048] in HBM = 2048 elems x 2B = 4096 B  (hbm counted: 4096 B)
IO     input  buf2                   device [1, 64] in HBM = 64 elems x 2B = 128 B  (hbm counted: 128 B) broadcast (loaded once)
IO   op sum_1 [reduction]
IO     output op0                    torch [2048] -> device [32, 64] in HBM = 2048 elems x 2B = 4096 B  (hbm counted: 8192 B) xL=2
IO     input  arg0_1                 torch [4096, 2048] -> device [32, 4096, 64] in HBM = 8388608 elems x 2B = 16777216 B  (hbm counted: 16777216 B)
IO   op Pointwise
IO     output coarse_tile_combine_buf0 torch [2048] -> device [2048] in HBM = 2048 elems x 2B = 4096 B  (hbm counted: 8192 B) xL=2
IO     input  buf0                   torch [2048] -> device [32, 64] in HBM = 2048 elems x 2B = 4096 B  (hbm counted: 8192 B) xL=2
IO     input  buf1                   torch [2048] -> device [32, 64] in HBM = 2048 elems x 2B = 4096 B  (hbm counted: 8192 B) xL=2
IO   => HBM I/O total = 16814208 B  (lx 0 B, ~free)
MODEL -- estimate (turnaround): T = (R+W)/BW_PEAK + a*min(R,W) --
MODEL   R=16793728 B (read)   W=20480 B (write)   loop_trip L=2
MODEL   base = (R+W)/150 = 112.09 us
MODEL   turn = a*min(R,W) = 0.00574*20480 = 0.12 us
MODEL   => T_model = 148.78 us
MODEL FEATS [{"name":"Pointwise","is_reduction":false,"out_elems":2048,"cores":32,"dtype_bytes":2,"args":[{"name":"coarse_tile_fill_buf0","role":"output","mem":"hbm","elems":2048,"broadcast":false,"dims":[2048],"logical":[2048],"loop_factor":1},{"name":"buf2","role":"input","mem":"hbm","elems":64,"broadcast":true,"dims":[1,64],"logical":[],"loop_factor":1}],"reduction_cores":1,"loop_trip":1,"tiles_output_dim":false,"tile_rows_per_core":0.0,"is_matmul":false,"matmul_macs":0,"matmul_rows_per_core":0.0,"matmul_cols_per_core":0.0,"matmul_a_bytes":0,"matmul_b_bytes":0,"hbm_pattern":""},{"name":"sum_1","is_reduction":true,"out_elems":2048,"cores":32,"dtype_bytes":2,"args":[{"name":"op0","role":"output","mem":"hbm","elems":2048,"broadcast":false,"dims":[32,64],"logical":[2048],"loop_factor":2},{"name":"arg0_1","role":"input","mem":"hbm","elems":8388608,"broadcast":false,"dims":[32,4096,64],"logical":[4096,2048],"loop_factor":1}],"reduction_cores":1,"loop_trip":2,"tiles_output_dim":false,"tile_rows_per_core":0.0,"is_matmul":false,"matmul_macs":0,"matmul_rows_per_core":0.0,"matmul_cols_per_core":0.0,"matmul_a_bytes":0,"matmul_b_bytes":0,"hbm_pattern":"reduce_outer"},{"name":"Pointwise","is_reduction":false,"out_elems":2048,"cores":32,"dtype_bytes":2,"args":[{"name":"coarse_tile_combine_buf0","role":"output","mem":"hbm","elems":2048,"broadcast":false,"dims":[2048],"logical":[2048],"loop_factor":2},{"name":"buf0","role":"input","mem":"hbm","elems":2048,"broadcast":false,"dims":[32,64],"logical":[2048],"loop_factor":2},{"name":"buf1","role":"input","mem":"hbm","elems":2048,"broadcast":false,"dims":[32,64],"logical":[2048],"loop_factor":2}],"reduction_cores":1,"loop_trip":2,"tiles_output_dim":false,"tile_rows_per_core":0.0,"is_matmul":false,"matmul_macs":0,"matmul_rows_per_core":0.0,"matmul_cols_per_core":0.0,"matmul_a_bytes":0,"matmul_b_bytes":0,"hbm_pattern":""}]
SUMMARY op=ctsum rows=4096 cols=2048 cores=32 tiles=2 lx=0 io_hbm_bytes=16814208 kernel_us=147.176 pred_us=148.783 err_pct=+1.1 bw_gbps=114.2 memset_us=115.898 other_dev_us=342.077 total_dev_us=605.151
-- ctsum [4096,2048] tiles=4 lx=0
  op_it_space_splits={d0: 32}
  op_it_space_splits={d0: 32, d1: 1}
  op_it_space_splits={d0: 32}
  op_it_space_splits={d0: 32}
  op_it_space_splits={d0: 32, d1: 1}
  op_it_space_splits={d0: 32}
  op_it_space_splits={d0: 32}
  op_it_space_splits={d0: 32, d1: 1}
  op_it_space_splits={d0: 32}
  op_it_space_splits={d0: 32}
  op_it_space_splits={d0: 32, d1: 1}
  op_it_space_splits={d0: 32}
  op_it_space_splits={d0: 32}
  op_it_space_splits={d0: 32, d1: 1}
  op_it_space_splits={d0: 32}
  op_it_space_splits={d0: 32}
  op_it_space_splits={d0: 32, d1: 1}
  op_it_space_splits={d0: 32}
IO -- device-layout I/O (cost model, stick-padded) --
IO   op Pointwise
IO     output coarse_tile_fill_buf0  torch [2048] -> device [2048] in HBM = 2048 elems x 2B = 4096 B  (hbm counted: 4096 B)
IO     input  buf2                   device [1, 64] in HBM = 64 elems x 2B = 128 B  (hbm counted: 128 B) broadcast (loaded once)
IO   op sum_1 [reduction]
IO     output op0                    torch [2048] -> device [32, 64] in HBM = 2048 elems x 2B = 4096 B  (hbm counted: 16384 B) xL=4
IO     input  arg0_1                 torch [4096, 2048] -> device [32, 4096, 64] in HBM = 8388608 elems x 2B = 16777216 B  (hbm counted: 16777216 B)
IO   op Pointwise
IO     output coarse_tile_combine_buf0 torch [2048] -> device [2048] in HBM = 2048 elems x 2B = 4096 B  (hbm counted: 16384 B) xL=4
IO     input  buf0                   torch [2048] -> device [32, 64] in HBM = 2048 elems x 2B = 4096 B  (hbm counted: 16384 B) xL=4
IO     input  buf1                   torch [2048] -> device [32, 64] in HBM = 2048 elems x 2B = 4096 B  (hbm counted: 16384 B) xL=4
IO   => HBM I/O total = 16846976 B  (lx 0 B, ~free)
MODEL -- estimate (turnaround): T = (R+W)/BW_PEAK + a*min(R,W) --
MODEL   R=16810112 B (read)   W=36864 B (write)   loop_trip L=4
MODEL   base = (R+W)/150 = 112.31 us
MODEL   turn = a*min(R,W) = 0.00574*36864 = 0.21 us
MODEL   => T_model = 149.07 us
MODEL FEATS [{"name":"Pointwise","is_reduction":false,"out_elems":2048,"cores":32,"dtype_bytes":2,"args":[{"name":"coarse_tile_fill_buf0","role":"output","mem":"hbm","elems":2048,"broadcast":false,"dims":[2048],"logical":[2048],"loop_factor":1},{"name":"buf2","role":"input","mem":"hbm","elems":64,"broadcast":true,"dims":[1,64],"logical":[],"loop_factor":1}],"reduction_cores":1,"loop_trip":1,"tiles_output_dim":false,"tile_rows_per_core":0.0,"is_matmul":false,"matmul_macs":0,"matmul_rows_per_core":0.0,"matmul_cols_per_core":0.0,"matmul_a_bytes":0,"matmul_b_bytes":0,"hbm_pattern":""},{"name":"sum_1","is_reduction":true,"out_elems":2048,"cores":32,"dtype_bytes":2,"args":[{"name":"op0","role":"output","mem":"hbm","elems":2048,"broadcast":false,"dims":[32,64],"logical":[2048],"loop_factor":4},{"name":"arg0_1","role":"input","mem":"hbm","elems":8388608,"broadcast":false,"dims":[32,4096,64],"logical":[4096,2048],"loop_factor":1}],"reduction_cores":1,"loop_trip":4,"tiles_output_dim":false,"tile_rows_per_core":0.0,"is_matmul":false,"matmul_macs":0,"matmul_rows_per_core":0.0,"matmul_cols_per_core":0.0,"matmul_a_bytes":0,"matmul_b_bytes":0,"hbm_pattern":"reduce_outer"},{"name":"Pointwise","is_reduction":false,"out_elems":2048,"cores":32,"dtype_bytes":2,"args":[{"name":"coarse_tile_combine_buf0","role":"output","mem":"hbm","elems":2048,"broadcast":false,"dims":[2048],"logical":[2048],"loop_factor":4},{"name":"buf0","role":"input","mem":"hbm","elems":2048,"broadcast":false,"dims":[32,64],"logical":[2048],"loop_factor":4},{"name":"buf1","role":"input","mem":"hbm","elems":2048,"broadcast":false,"dims":[32,64],"logical":[2048],"loop_factor":4}],"reduction_cores":1,"loop_trip":4,"tiles_output_dim":false,"tile_rows_per_core":0.0,"is_matmul":false,"matmul_macs":0,"matmul_rows_per_core":0.0,"matmul_cols_per_core":0.0,"matmul_a_bytes":0,"matmul_b_bytes":0,"hbm_pattern":""}]
SUMMARY op=ctsum rows=4096 cols=2048 cores=32 tiles=4 lx=0 io_hbm_bytes=16846976 kernel_us=144.463 pred_us=149.067 err_pct=+3.2 bw_gbps=116.6 memset_us=117.474 other_dev_us=298.439 total_dev_us=560.376
-- ctsum [4096,2048] tiles=8 lx=0
  op_it_space_splits={d0: 32}
  op_it_space_splits={d0: 32, d1: 1}
  op_it_space_splits={d0: 32}
  op_it_space_splits={d0: 32}
  op_it_space_splits={d0: 32, d1: 1}
  op_it_space_splits={d0: 32}
  op_it_space_splits={d0: 32}
  op_it_space_splits={d0: 32, d1: 1}
  op_it_space_splits={d0: 32}
  op_it_space_splits={d0: 32}
  op_it_space_splits={d0: 32, d1: 1}
  op_it_space_splits={d0: 32}
  op_it_space_splits={d0: 32}
  op_it_space_splits={d0: 32, d1: 1}
  op_it_space_splits={d0: 32}
  op_it_space_splits={d0: 32}
  op_it_space_splits={d0: 32, d1: 1}
  op_it_space_splits={d0: 32}
IO -- device-layout I/O (cost model, stick-padded) --
IO   op Pointwise
IO     output coarse_tile_fill_buf0  torch [2048] -> device [2048] in HBM = 2048 elems x 2B = 4096 B  (hbm counted: 4096 B)
IO     input  buf2                   device [1, 64] in HBM = 64 elems x 2B = 128 B  (hbm counted: 128 B) broadcast (loaded once)
IO   op sum_1 [reduction]
IO     output op0                    torch [2048] -> device [32, 64] in HBM = 2048 elems x 2B = 4096 B  (hbm counted: 32768 B) xL=8
IO     input  arg0_1                 torch [4096, 2048] -> device [32, 4096, 64] in HBM = 8388608 elems x 2B = 16777216 B  (hbm counted: 16777216 B)
IO   op Pointwise
IO     output coarse_tile_combine_buf0 torch [2048] -> device [2048] in HBM = 2048 elems x 2B = 4096 B  (hbm counted: 32768 B) xL=8
IO     input  buf0                   torch [2048] -> device [32, 64] in HBM = 2048 elems x 2B = 4096 B  (hbm counted: 32768 B) xL=8
IO     input  buf1                   torch [2048] -> device [32, 64] in HBM = 2048 elems x 2B = 4096 B  (hbm counted: 32768 B) xL=8
IO   => HBM I/O total = 16912512 B  (lx 0 B, ~free)
MODEL -- estimate (turnaround): T = (R+W)/BW_PEAK + a*min(R,W) --
MODEL   R=16842880 B (read)   W=69632 B (write)   loop_trip L=8
MODEL   base = (R+W)/150 = 112.75 us
MODEL   turn = a*min(R,W) = 0.00574*69632 = 0.40 us
MODEL   => T_model = 149.63 us
MODEL FEATS [{"name":"Pointwise","is_reduction":false,"out_elems":2048,"cores":32,"dtype_bytes":2,"args":[{"name":"coarse_tile_fill_buf0","role":"output","mem":"hbm","elems":2048,"broadcast":false,"dims":[2048],"logical":[2048],"loop_factor":1},{"name":"buf2","role":"input","mem":"hbm","elems":64,"broadcast":true,"dims":[1,64],"logical":[],"loop_factor":1}],"reduction_cores":1,"loop_trip":1,"tiles_output_dim":false,"tile_rows_per_core":0.0,"is_matmul":false,"matmul_macs":0,"matmul_rows_per_core":0.0,"matmul_cols_per_core":0.0,"matmul_a_bytes":0,"matmul_b_bytes":0,"hbm_pattern":""},{"name":"sum_1","is_reduction":true,"out_elems":2048,"cores":32,"dtype_bytes":2,"args":[{"name":"op0","role":"output","mem":"hbm","elems":2048,"broadcast":false,"dims":[32,64],"logical":[2048],"loop_factor":8},{"name":"arg0_1","role":"input","mem":"hbm","elems":8388608,"broadcast":false,"dims":[32,4096,64],"logical":[4096,2048],"loop_factor":1}],"reduction_cores":1,"loop_trip":8,"tiles_output_dim":false,"tile_rows_per_core":0.0,"is_matmul":false,"matmul_macs":0,"matmul_rows_per_core":0.0,"matmul_cols_per_core":0.0,"matmul_a_bytes":0,"matmul_b_bytes":0,"hbm_pattern":"reduce_outer"},{"name":"Pointwise","is_reduction":false,"out_elems":2048,"cores":32,"dtype_bytes":2,"args":[{"name":"coarse_tile_combine_buf0","role":"output","mem":"hbm","elems":2048,"broadcast":false,"dims":[2048],"logical":[2048],"loop_factor":8},{"name":"buf0","role":"input","mem":"hbm","elems":2048,"broadcast":false,"dims":[32,64],"logical":[2048],"loop_factor":8},{"name":"buf1","role":"input","mem":"hbm","elems":2048,"broadcast":false,"dims":[32,64],"logical":[2048],"loop_factor":8}],"reduction_cores":1,"loop_trip":8,"tiles_output_dim":false,"tile_rows_per_core":0.0,"is_matmul":false,"matmul_macs":0,"matmul_rows_per_core":0.0,"matmul_cols_per_core":0.0,"matmul_a_bytes":0,"matmul_b_bytes":0,"hbm_pattern":""}]
SUMMARY op=ctsum rows=4096 cols=2048 cores=32 tiles=8 lx=0 io_hbm_bytes=16912512 kernel_us=152.134 pred_us=149.633 err_pct=-1.6 bw_gbps=111.2 memset_us=135.368 other_dev_us=311.122 total_dev_us=598.624
## CT4 matmul_k_tiling (M=K=N=2048 + 1024x4096x1024) + mm_nested, TILES{1..16}
-- matmul_k_tiling M=2048 K=2048 N=2048 tiles=1
  op_it_space_splits={d0: 8, d1: 4, d2: 1}
IO -- device-layout I/O (cost model, stick-padded) --
IO   op mm [reduction]
IO     output op0                    torch [2048, 2048] -> device [32, 2048, 64] in HBM = 4194304 elems x 2B = 8388608 B  (hbm counted: 8388608 B)
IO     input  arg0_1                 torch [2048, 2048] -> device [32, 2048, 64] in HBM = 4194304 elems x 2B = 8388608 B  (hbm counted: 8388608 B)
IO     input  arg1_1                 torch [2048, 2048] -> device [32, 2048, 64] in HBM = 4194304 elems x 2B = 8388608 B  (hbm counted: 8388608 B)
IO   => HBM I/O total = 25165824 B  (lx 0 B, ~free)
MODEL -- estimate (turnaround): T = compute + (R+W)/BW_PEAK + a*min(R,W) --
MODEL   R=16777216 B (read)   W=8388608 B (write)   loop_trip L=1
MODEL   compute = MACs/cores/(mac_peak*pt_eff) = 8589934592/32/(1140*1.000) = 235.47 us  (M/m=256, pt_eff=1.000)
MODEL   base = R/150+W/150 = 167.77 us
MODEL   turn = a*min(R,W) = 0.00574*8388608 = 48.15 us
MODEL   => T_model = 393.41 us
MODEL FEATS [{"name":"mm","is_reduction":true,"out_elems":4194304,"cores":32,"dtype_bytes":2,"args":[{"name":"op0","role":"output","mem":"hbm","elems":4194304,"broadcast":false,"dims":[32,2048,64],"logical":[2048,2048],"loop_factor":1},{"name":"arg0_1","role":"input","mem":"hbm","elems":4194304,"broadcast":false,"dims":[32,2048,64],"logical":[2048,2048],"loop_factor":1},{"name":"arg1_1","role":"input","mem":"hbm","elems":4194304,"broadcast":false,"dims":[32,2048,64],"logical":[2048,2048],"loop_factor":1}],"reduction_cores":1,"loop_trip":1,"tiles_output_dim":false,"tile_rows_per_core":0.0,"is_matmul":true,"matmul_macs":8589934592,"matmul_rows_per_core":256.0,"matmul_cols_per_core":512.0,"matmul_a_bytes":8388608,"matmul_b_bytes":8388608,"hbm_pattern":""}]
SUMMARY op=matmul_k_tiling rows=2048 cols=2048 cores=32 tiles=1 lx=1 io_hbm_bytes=25165824 kernel_us=390.680 pred_us=393.408 err_pct=+0.7 bw_gbps=64.4 memset_us=167.116 other_dev_us=451.280 total_dev_us=1009.076
-- matmul_k_tiling M=2048 K=2048 N=2048 tiles=2
  op_it_space_splits={d0: 32, d1: 1}
  op_it_space_splits={d0: 8, d1: 4, d2: 1}
  op_it_space_splits={d0: 32, d1: 1}
  op_it_space_splits={d0: 32, d1: 1}
  op_it_space_splits={d0: 8, d1: 4, d2: 1}
  op_it_space_splits={d0: 32, d1: 1}
  op_it_space_splits={d0: 32, d1: 1}
  op_it_space_splits={d0: 8, d1: 4, d2: 1}
  op_it_space_splits={d0: 32, d1: 1}
  op_it_space_splits={d0: 32, d1: 1}
  op_it_space_splits={d0: 8, d1: 4, d2: 1}
  op_it_space_splits={d0: 32, d1: 1}
  op_it_space_splits={d0: 32, d1: 1}
  op_it_space_splits={d0: 8, d1: 4, d2: 1}
  op_it_space_splits={d0: 32, d1: 1}
  op_it_space_splits={d0: 32, d1: 1}
  op_it_space_splits={d0: 8, d1: 4, d2: 1}
  op_it_space_splits={d0: 32, d1: 1}
IO -- device-layout I/O (cost model, stick-padded) --
IO   op Pointwise
IO     output coarse_tile_fill_buf0  torch [2048, 2048] -> device [2048, 2048] in HBM = 4194304 elems x 2B = 8388608 B  (hbm counted: 8388608 B)
IO     input  buf2                   device [1, 64] in HBM = 64 elems x 2B = 128 B  (hbm counted: 128 B) broadcast (loaded once)
IO   op mm [reduction]
IO     output op0                    torch [2048, 2048] -> device [32, 2048, 64] in HBM = 4194304 elems x 2B = 8388608 B  (hbm counted: 16777216 B) xL=2
IO     input  arg0_1                 torch [2048, 2048] -> device [32, 2048, 64] in HBM = 4194304 elems x 2B = 8388608 B  (hbm counted: 8388608 B)
IO     input  arg1_1                 torch [2048, 2048] -> device [32, 2048, 64] in HBM = 4194304 elems x 2B = 8388608 B  (hbm counted: 8388608 B)
IO   op Pointwise
IO     output coarse_tile_combine_buf0 torch [2048, 2048] -> device [2048, 2048] in HBM = 4194304 elems x 2B = 8388608 B  (hbm counted: 16777216 B) xL=2
IO     input  buf0                   torch [2048, 2048] -> device [32, 2048, 64] in HBM = 4194304 elems x 2B = 8388608 B  (hbm counted: 16777216 B) xL=2
IO     input  buf1                   torch [2048, 2048] -> device [32, 2048, 64] in HBM = 4194304 elems x 2B = 8388608 B  (hbm counted: 16777216 B) xL=2
IO   => HBM I/O total = 92274816 B  (lx 0 B, ~free)
MODEL -- estimate (turnaround): T = compute + (R+W)/BW_PEAK + a*min(R,W) --
MODEL   R=50331776 B (read)   W=41943040 B (write)   loop_trip L=2
MODEL   compute = MACs/cores/(mac_peak*pt_eff) = 4294967296/32/(1140*1.000) = 117.73 us  (M/m=256, pt_eff=1.000)
MODEL   base = R/150+W/150 = 615.17 us
MODEL   turn = a*min(R,W) = 0.00574*41943040 = 240.75 us
MODEL   => T_model = 950.14 us
MODEL FEATS [{"name":"Pointwise","is_reduction":false,"out_elems":4194304,"cores":32,"dtype_bytes":2,"args":[{"name":"coarse_tile_fill_buf0","role":"output","mem":"hbm","elems":4194304,"broadcast":false,"dims":[2048,2048],"logical":[2048,2048],"loop_factor":1},{"name":"buf2","role":"input","mem":"hbm","elems":64,"broadcast":true,"dims":[1,64],"logical":[],"loop_factor":1}],"reduction_cores":1,"loop_trip":1,"tiles_output_dim":false,"tile_rows_per_core":0.0,"is_matmul":false,"matmul_macs":0,"matmul_rows_per_core":0.0,"matmul_cols_per_core":0.0,"matmul_a_bytes":0,"matmul_b_bytes":0,"hbm_pattern":""},{"name":"mm","is_reduction":true,"out_elems":4194304,"cores":32,"dtype_bytes":2,"args":[{"name":"op0","role":"output","mem":"hbm","elems":4194304,"broadcast":false,"dims":[32,2048,64],"logical":[2048,2048],"loop_factor":2},{"name":"arg0_1","role":"input","mem":"hbm","elems":4194304,"broadcast":false,"dims":[32,2048,64],"logical":[2048,2048],"loop_factor":1},{"name":"arg1_1","role":"input","mem":"hbm","elems":4194304,"broadcast":false,"dims":[32,2048,64],"logical":[2048,2048],"loop_factor":1}],"reduction_cores":1,"loop_trip":2,"tiles_output_dim":false,"tile_rows_per_core":0.0,"is_matmul":true,"matmul_macs":4294967296,"matmul_rows_per_core":256.0,"matmul_cols_per_core":512.0,"matmul_a_bytes":4194304,"matmul_b_bytes":4194304,"hbm_pattern":""},{"name":"Pointwise","is_reduction":false,"out_elems":4194304,"cores":32,"dtype_bytes":2,"args":[{"name":"coarse_tile_combine_buf0","role":"output","mem":"hbm","elems":4194304,"broadcast":false,"dims":[2048,2048],"logical":[2048,2048],"loop_factor":2},{"name":"buf0","role":"input","mem":"hbm","elems":4194304,"broadcast":false,"dims":[32,2048,64],"logical":[2048,2048],"loop_factor":2},{"name":"buf1","role":"input","mem":"hbm","elems":4194304,"broadcast":false,"dims":[32,2048,64],"logical":[2048,2048],"loop_factor":2}],"reduction_cores":1,"loop_trip":2,"tiles_output_dim":false,"tile_rows_per_core":0.0,"is_matmul":false,"matmul_macs":0,"matmul_rows_per_core":0.0,"matmul_cols_per_core":0.0,"matmul_a_bytes":0,"matmul_b_bytes":0,"hbm_pattern":""}]
SUMMARY op=matmul_k_tiling rows=2048 cols=2048 cores=32 tiles=2 lx=1 io_hbm_bytes=92274816 kernel_us=1021.746 pred_us=950.144 err_pct=-7.0 bw_gbps=90.3 memset_us=242.245 other_dev_us=464.171 total_dev_us=1728.162
-- matmul_k_tiling M=2048 K=2048 N=2048 tiles=4
  op_it_space_splits={d0: 32, d1: 1}
  op_it_space_splits={d0: 8, d1: 4, d2: 1}
  op_it_space_splits={d0: 32, d1: 1}
  op_it_space_splits={d0: 32, d1: 1}
  op_it_space_splits={d0: 8, d1: 4, d2: 1}
  op_it_space_splits={d0: 32, d1: 1}
  op_it_space_splits={d0: 32, d1: 1}
  op_it_space_splits={d0: 8, d1: 4, d2: 1}
  op_it_space_splits={d0: 32, d1: 1}
  op_it_space_splits={d0: 32, d1: 1}
  op_it_space_splits={d0: 8, d1: 4, d2: 1}
  op_it_space_splits={d0: 32, d1: 1}
  op_it_space_splits={d0: 32, d1: 1}
  op_it_space_splits={d0: 8, d1: 4, d2: 1}
  op_it_space_splits={d0: 32, d1: 1}
  op_it_space_splits={d0: 32, d1: 1}
  op_it_space_splits={d0: 8, d1: 4, d2: 1}
  op_it_space_splits={d0: 32, d1: 1}
IO -- device-layout I/O (cost model, stick-padded) --
IO   op Pointwise
IO     output coarse_tile_fill_buf0  torch [2048, 2048] -> device [2048, 2048] in HBM = 4194304 elems x 2B = 8388608 B  (hbm counted: 8388608 B)
IO     input  buf2                   device [1, 64] in HBM = 64 elems x 2B = 128 B  (hbm counted: 128 B) broadcast (loaded once)
IO   op mm [reduction]
IO     output op0                    torch [2048, 2048] -> device [32, 2048, 64] in HBM = 4194304 elems x 2B = 8388608 B  (hbm counted: 33554432 B) xL=4
IO     input  arg0_1                 torch [2048, 2048] -> device [32, 2048, 64] in HBM = 4194304 elems x 2B = 8388608 B  (hbm counted: 8388608 B)
IO     input  arg1_1                 torch [2048, 2048] -> device [32, 2048, 64] in HBM = 4194304 elems x 2B = 8388608 B  (hbm counted: 8388608 B)
IO   op Pointwise
IO     output coarse_tile_combine_buf0 torch [2048, 2048] -> device [2048, 2048] in HBM = 4194304 elems x 2B = 8388608 B  (hbm counted: 33554432 B) xL=4
IO     input  buf0                   torch [2048, 2048] -> device [32, 2048, 64] in HBM = 4194304 elems x 2B = 8388608 B  (hbm counted: 33554432 B) xL=4
IO     input  buf1                   torch [2048, 2048] -> device [32, 2048, 64] in HBM = 4194304 elems x 2B = 8388608 B  (hbm counted: 33554432 B) xL=4
IO   => HBM I/O total = 159383680 B  (lx 0 B, ~free)
MODEL -- estimate (turnaround): T = compute + (R+W)/BW_PEAK + a*min(R,W) --
MODEL   R=83886208 B (read)   W=75497472 B (write)   loop_trip L=4
MODEL   compute = MACs/cores/(mac_peak*pt_eff) = 2147483648/32/(1140*1.000) = 58.87 us  (M/m=256, pt_eff=1.000)
MODEL   base = R/150+W/150 = 1062.56 us
MODEL   turn = a*min(R,W) = 0.00574*75497472 = 433.36 us
MODEL   => T_model = 1545.77 us
MODEL FEATS [{"name":"Pointwise","is_reduction":false,"out_elems":4194304,"cores":32,"dtype_bytes":2,"args":[{"name":"coarse_tile_fill_buf0","role":"output","mem":"hbm","elems":4194304,"broadcast":false,"dims":[2048,2048],"logical":[2048,2048],"loop_factor":1},{"name":"buf2","role":"input","mem":"hbm","elems":64,"broadcast":true,"dims":[1,64],"logical":[],"loop_factor":1}],"reduction_cores":1,"loop_trip":1,"tiles_output_dim":false,"tile_rows_per_core":0.0,"is_matmul":false,"matmul_macs":0,"matmul_rows_per_core":0.0,"matmul_cols_per_core":0.0,"matmul_a_bytes":0,"matmul_b_bytes":0,"hbm_pattern":""},{"name":"mm","is_reduction":true,"out_elems":4194304,"cores":32,"dtype_bytes":2,"args":[{"name":"op0","role":"output","mem":"hbm","elems":4194304,"broadcast":false,"dims":[32,2048,64],"logical":[2048,2048],"loop_factor":4},{"name":"arg0_1","role":"input","mem":"hbm","elems":4194304,"broadcast":false,"dims":[32,2048,64],"logical":[2048,2048],"loop_factor":1},{"name":"arg1_1","role":"input","mem":"hbm","elems":4194304,"broadcast":false,"dims":[32,2048,64],"logical":[2048,2048],"loop_factor":1}],"reduction_cores":1,"loop_trip":4,"tiles_output_dim":false,"tile_rows_per_core":0.0,"is_matmul":true,"matmul_macs":2147483648,"matmul_rows_per_core":256.0,"matmul_cols_per_core":512.0,"matmul_a_bytes":2097152,"matmul_b_bytes":2097152,"hbm_pattern":""},{"name":"Pointwise","is_reduction":false,"out_elems":4194304,"cores":32,"dtype_bytes":2,"args":[{"name":"coarse_tile_combine_buf0","role":"output","mem":"hbm","elems":4194304,"broadcast":false,"dims":[2048,2048],"logical":[2048,2048],"loop_factor":4},{"name":"buf0","role":"input","mem":"hbm","elems":4194304,"broadcast":false,"dims":[32,2048,64],"logical":[2048,2048],"loop_factor":4},{"name":"buf1","role":"input","mem":"hbm","elems":4194304,"broadcast":false,"dims":[32,2048,64],"logical":[2048,2048],"loop_factor":4}],"reduction_cores":1,"loop_trip":4,"tiles_output_dim":false,"tile_rows_per_core":0.0,"is_matmul":false,"matmul_macs":0,"matmul_rows_per_core":0.0,"matmul_cols_per_core":0.0,"matmul_a_bytes":0,"matmul_b_bytes":0,"hbm_pattern":""}]
SUMMARY op=matmul_k_tiling rows=2048 cols=2048 cores=32 tiles=4 lx=1 io_hbm_bytes=159383680 kernel_us=1705.779 pred_us=1545.767 err_pct=-9.4 bw_gbps=93.4 memset_us=290.414 other_dev_us=450.139 total_dev_us=2446.332
-- matmul_k_tiling M=2048 K=2048 N=2048 tiles=8
  op_it_space_splits={d0: 32, d1: 1}
  op_it_space_splits={d0: 8, d1: 4, d2: 1}
  op_it_space_splits={d0: 32, d1: 1}
  op_it_space_splits={d0: 32, d1: 1}
  op_it_space_splits={d0: 8, d1: 4, d2: 1}
  op_it_space_splits={d0: 32, d1: 1}
  op_it_space_splits={d0: 32, d1: 1}
  op_it_space_splits={d0: 8, d1: 4, d2: 1}
  op_it_space_splits={d0: 32, d1: 1}
  op_it_space_splits={d0: 32, d1: 1}
  op_it_space_splits={d0: 8, d1: 4, d2: 1}
  op_it_space_splits={d0: 32, d1: 1}
  op_it_space_splits={d0: 32, d1: 1}
  op_it_space_splits={d0: 8, d1: 4, d2: 1}
  op_it_space_splits={d0: 32, d1: 1}
  op_it_space_splits={d0: 32, d1: 1}
  op_it_space_splits={d0: 8, d1: 4, d2: 1}
  op_it_space_splits={d0: 32, d1: 1}
IO -- device-layout I/O (cost model, stick-padded) --
IO   op Pointwise
IO     output coarse_tile_fill_buf0  torch [2048, 2048] -> device [2048, 2048] in HBM = 4194304 elems x 2B = 8388608 B  (hbm counted: 8388608 B)
IO     input  buf2                   device [1, 64] in HBM = 64 elems x 2B = 128 B  (hbm counted: 128 B) broadcast (loaded once)
IO   op mm [reduction]
IO     output op0                    torch [2048, 2048] -> device [32, 2048, 64] in HBM = 4194304 elems x 2B = 8388608 B  (hbm counted: 67108864 B) xL=8
IO     input  arg0_1                 torch [2048, 2048] -> device [32, 2048, 64] in HBM = 4194304 elems x 2B = 8388608 B  (hbm counted: 8388608 B)
IO     input  arg1_1                 torch [2048, 2048] -> device [32, 2048, 64] in HBM = 4194304 elems x 2B = 8388608 B  (hbm counted: 8388608 B)
IO   op Pointwise
IO     output coarse_tile_combine_buf0 torch [2048, 2048] -> device [2048, 2048] in HBM = 4194304 elems x 2B = 8388608 B  (hbm counted: 67108864 B) xL=8
IO     input  buf0                   torch [2048, 2048] -> device [32, 2048, 64] in HBM = 4194304 elems x 2B = 8388608 B  (hbm counted: 67108864 B) xL=8
IO     input  buf1                   torch [2048, 2048] -> device [32, 2048, 64] in HBM = 4194304 elems x 2B = 8388608 B  (hbm counted: 67108864 B) xL=8
IO   => HBM I/O total = 293601408 B  (lx 0 B, ~free)
MODEL -- estimate (turnaround): T = compute + (R+W)/BW_PEAK + a*min(R,W) --
MODEL   R=150995072 B (read)   W=142606336 B (write)   loop_trip L=8
MODEL   compute = MACs/cores/(mac_peak*pt_eff) = 1073741824/32/(1140*1.000) = 29.43 us  (M/m=256, pt_eff=1.000)
MODEL   base = R/150+W/150 = 1957.34 us
MODEL   turn = a*min(R,W) = 0.00574*142606336 = 818.56 us
MODEL   => T_model = 2803.57 us
MODEL FEATS [{"name":"Pointwise","is_reduction":false,"out_elems":4194304,"cores":32,"dtype_bytes":2,"args":[{"name":"coarse_tile_fill_buf0","role":"output","mem":"hbm","elems":4194304,"broadcast":false,"dims":[2048,2048],"logical":[2048,2048],"loop_factor":1},{"name":"buf2","role":"input","mem":"hbm","elems":64,"broadcast":true,"dims":[1,64],"logical":[],"loop_factor":1}],"reduction_cores":1,"loop_trip":1,"tiles_output_dim":false,"tile_rows_per_core":0.0,"is_matmul":false,"matmul_macs":0,"matmul_rows_per_core":0.0,"matmul_cols_per_core":0.0,"matmul_a_bytes":0,"matmul_b_bytes":0,"hbm_pattern":""},{"name":"mm","is_reduction":true,"out_elems":4194304,"cores":32,"dtype_bytes":2,"args":[{"name":"op0","role":"output","mem":"hbm","elems":4194304,"broadcast":false,"dims":[32,2048,64],"logical":[2048,2048],"loop_factor":8},{"name":"arg0_1","role":"input","mem":"hbm","elems":4194304,"broadcast":false,"dims":[32,2048,64],"logical":[2048,2048],"loop_factor":1},{"name":"arg1_1","role":"input","mem":"hbm","elems":4194304,"broadcast":false,"dims":[32,2048,64],"logical":[2048,2048],"loop_factor":1}],"reduction_cores":1,"loop_trip":8,"tiles_output_dim":false,"tile_rows_per_core":0.0,"is_matmul":true,"matmul_macs":1073741824,"matmul_rows_per_core":256.0,"matmul_cols_per_core":512.0,"matmul_a_bytes":1048576,"matmul_b_bytes":1048576,"hbm_pattern":""},{"name":"Pointwise","is_reduction":false,"out_elems":4194304,"cores":32,"dtype_bytes":2,"args":[{"name":"coarse_tile_combine_buf0","role":"output","mem":"hbm","elems":4194304,"broadcast":false,"dims":[2048,2048],"logical":[2048,2048],"loop_factor":8},{"name":"buf0","role":"input","mem":"hbm","elems":4194304,"broadcast":false,"dims":[32,2048,64],"logical":[2048,2048],"loop_factor":8},{"name":"buf1","role":"input","mem":"hbm","elems":4194304,"broadcast":false,"dims":[32,2048,64],"logical":[2048,2048],"loop_factor":8}],"reduction_cores":1,"loop_trip":8,"tiles_output_dim":false,"tile_rows_per_core":0.0,"is_matmul":false,"matmul_macs":0,"matmul_rows_per_core":0.0,"matmul_cols_per_core":0.0,"matmul_a_bytes":0,"matmul_b_bytes":0,"hbm_pattern":""}]
SUMMARY op=matmul_k_tiling rows=2048 cols=2048 cores=32 tiles=8 lx=1 io_hbm_bytes=293601408 kernel_us=2887.859 pred_us=2803.571 err_pct=-2.9 bw_gbps=101.7 memset_us=334.937 other_dev_us=359.956 total_dev_us=3582.752
-- matmul_k_tiling M=2048 K=2048 N=2048 tiles=16
  op_it_space_splits={d0: 32, d1: 1}
  op_it_space_splits={d0: 8, d1: 4, d2: 1}
  op_it_space_splits={d0: 32, d1: 1}
  op_it_space_splits={d0: 32, d1: 1}
  op_it_space_splits={d0: 8, d1: 4, d2: 1}
  op_it_space_splits={d0: 32, d1: 1}
  op_it_space_splits={d0: 32, d1: 1}
  op_it_space_splits={d0: 8, d1: 4, d2: 1}
  op_it_space_splits={d0: 32, d1: 1}
  op_it_space_splits={d0: 32, d1: 1}
  op_it_space_splits={d0: 8, d1: 4, d2: 1}
  op_it_space_splits={d0: 32, d1: 1}
  op_it_space_splits={d0: 32, d1: 1}
  op_it_space_splits={d0: 8, d1: 4, d2: 1}
  op_it_space_splits={d0: 32, d1: 1}
  op_it_space_splits={d0: 32, d1: 1}
  op_it_space_splits={d0: 8, d1: 4, d2: 1}
  op_it_space_splits={d0: 32, d1: 1}
IO -- device-layout I/O (cost model, stick-padded) --
IO   op Pointwise
IO     output coarse_tile_fill_buf0  torch [2048, 2048] -> device [2048, 2048] in HBM = 4194304 elems x 2B = 8388608 B  (hbm counted: 8388608 B)
IO     input  buf2                   device [1, 64] in HBM = 64 elems x 2B = 128 B  (hbm counted: 128 B) broadcast (loaded once)
IO   op mm [reduction]
IO     output op0                    torch [2048, 2048] -> device [32, 2048, 64] in HBM = 4194304 elems x 2B = 8388608 B  (hbm counted: 134217728 B) xL=16
IO     input  arg0_1                 torch [2048, 2048] -> device [32, 2048, 64] in HBM = 4194304 elems x 2B = 8388608 B  (hbm counted: 8388608 B)
IO     input  arg1_1                 torch [2048, 2048] -> device [32, 2048, 64] in HBM = 4194304 elems x 2B = 8388608 B  (hbm counted: 8388608 B)
IO   op Pointwise
IO     output coarse_tile_combine_buf0 torch [2048, 2048] -> device [2048, 2048] in HBM = 4194304 elems x 2B = 8388608 B  (hbm counted: 134217728 B) xL=16
IO     input  buf0                   torch [2048, 2048] -> device [32, 2048, 64] in HBM = 4194304 elems x 2B = 8388608 B  (hbm counted: 134217728 B) xL=16
IO     input  buf1                   torch [2048, 2048] -> device [32, 2048, 64] in HBM = 4194304 elems x 2B = 8388608 B  (hbm counted: 134217728 B) xL=16
IO   => HBM I/O total = 562036864 B  (lx 0 B, ~free)
MODEL -- estimate (turnaround): T = compute + (R+W)/BW_PEAK + a*min(R,W) --
MODEL   R=285212800 B (read)   W=276824064 B (write)   loop_trip L=16
MODEL   compute = MACs/cores/(mac_peak*pt_eff) = 536870912/32/(1140*1.000) = 14.72 us  (M/m=256, pt_eff=1.000)
MODEL   base = R/150+W/150 = 3746.91 us
MODEL   turn = a*min(R,W) = 0.00574*276824064 = 1588.97 us
MODEL   => T_model = 5352.46 us
MODEL FEATS [{"name":"Pointwise","is_reduction":false,"out_elems":4194304,"cores":32,"dtype_bytes":2,"args":[{"name":"coarse_tile_fill_buf0","role":"output","mem":"hbm","elems":4194304,"broadcast":false,"dims":[2048,2048],"logical":[2048,2048],"loop_factor":1},{"name":"buf2","role":"input","mem":"hbm","elems":64,"broadcast":true,"dims":[1,64],"logical":[],"loop_factor":1}],"reduction_cores":1,"loop_trip":1,"tiles_output_dim":false,"tile_rows_per_core":0.0,"is_matmul":false,"matmul_macs":0,"matmul_rows_per_core":0.0,"matmul_cols_per_core":0.0,"matmul_a_bytes":0,"matmul_b_bytes":0,"hbm_pattern":""},{"name":"mm","is_reduction":true,"out_elems":4194304,"cores":32,"dtype_bytes":2,"args":[{"name":"op0","role":"output","mem":"hbm","elems":4194304,"broadcast":false,"dims":[32,2048,64],"logical":[2048,2048],"loop_factor":16},{"name":"arg0_1","role":"input","mem":"hbm","elems":4194304,"broadcast":false,"dims":[32,2048,64],"logical":[2048,2048],"loop_factor":1},{"name":"arg1_1","role":"input","mem":"hbm","elems":4194304,"broadcast":false,"dims":[32,2048,64],"logical":[2048,2048],"loop_factor":1}],"reduction_cores":1,"loop_trip":16,"tiles_output_dim":false,"tile_rows_per_core":0.0,"is_matmul":true,"matmul_macs":536870912,"matmul_rows_per_core":256.0,"matmul_cols_per_core":512.0,"matmul_a_bytes":524288,"matmul_b_bytes":524288,"hbm_pattern":""},{"name":"Pointwise","is_reduction":false,"out_elems":4194304,"cores":32,"dtype_bytes":2,"args":[{"name":"coarse_tile_combine_buf0","role":"output","mem":"hbm","elems":4194304,"broadcast":false,"dims":[2048,2048],"logical":[2048,2048],"loop_factor":16},{"name":"buf0","role":"input","mem":"hbm","elems":4194304,"broadcast":false,"dims":[32,2048,64],"logical":[2048,2048],"loop_factor":16},{"name":"buf1","role":"input","mem":"hbm","elems":4194304,"broadcast":false,"dims":[32,2048,64],"logical":[2048,2048],"loop_factor":16}],"reduction_cores":1,"loop_trip":16,"tiles_output_dim":false,"tile_rows_per_core":0.0,"is_matmul":false,"matmul_macs":0,"matmul_rows_per_core":0.0,"matmul_cols_per_core":0.0,"matmul_a_bytes":0,"matmul_b_bytes":0,"hbm_pattern":""}]
SUMMARY op=matmul_k_tiling rows=2048 cols=2048 cores=32 tiles=16 lx=1 io_hbm_bytes=562036864 kernel_us=5148.933 pred_us=5352.458 err_pct=+4.0 bw_gbps=109.2 memset_us=685.251 other_dev_us=545.365 total_dev_us=6379.549
-- matmul_k_tiling M=1024 K=4096 N=1024 tiles=1
  op_it_space_splits={d0: 8, d1: 4, d2: 1}
IO -- device-layout I/O (cost model, stick-padded) --
IO   op mm [reduction]
IO     output op0                    torch [1024, 1024] -> device [16, 1024, 64] in HBM = 1048576 elems x 2B = 2097152 B  (hbm counted: 2097152 B)
IO     input  arg0_1                 torch [1024, 4096] -> device [64, 1024, 64] in HBM = 4194304 elems x 2B = 8388608 B  (hbm counted: 8388608 B)
IO     input  arg1_1                 torch [4096, 1024] -> device [16, 4096, 64] in HBM = 4194304 elems x 2B = 8388608 B  (hbm counted: 8388608 B)
IO   => HBM I/O total = 18874368 B  (lx 0 B, ~free)
MODEL -- estimate (turnaround): T = compute + (R+W)/BW_PEAK + a*min(R,W) --
MODEL   R=16777216 B (read)   W=2097152 B (write)   loop_trip L=1
MODEL   compute = MACs/cores/(mac_peak*pt_eff) = 4294967296/32/(1140*1.000) = 117.73 us  (M/m=128, pt_eff=1.000)
MODEL   base = R/150+W/150 = 125.83 us
MODEL   turn = a*min(R,W) = 0.00574*2097152 = 12.04 us
MODEL   => T_model = 201.44 us
MODEL FEATS [{"name":"mm","is_reduction":true,"out_elems":1048576,"cores":32,"dtype_bytes":2,"args":[{"name":"op0","role":"output","mem":"hbm","elems":1048576,"broadcast":false,"dims":[16,1024,64],"logical":[1024,1024],"loop_factor":1},{"name":"arg0_1","role":"input","mem":"hbm","elems":4194304,"broadcast":false,"dims":[64,1024,64],"logical":[1024,4096],"loop_factor":1},{"name":"arg1_1","role":"input","mem":"hbm","elems":4194304,"broadcast":false,"dims":[16,4096,64],"logical":[4096,1024],"loop_factor":1}],"reduction_cores":1,"loop_trip":1,"tiles_output_dim":false,"tile_rows_per_core":0.0,"is_matmul":true,"matmul_macs":4294967296,"matmul_rows_per_core":128.0,"matmul_cols_per_core":256.0,"matmul_a_bytes":8388608,"matmul_b_bytes":8388608,"hbm_pattern":""}]
SUMMARY op=matmul_k_tiling rows=1024 cols=4096 cores=32 tiles=1 lx=1 io_hbm_bytes=18874368 kernel_us=198.134 pred_us=201.444 err_pct=+1.7 bw_gbps=95.3 memset_us=85.671 other_dev_us=319.867 total_dev_us=603.672
-- matmul_k_tiling M=1024 K=4096 N=1024 tiles=2
  op_it_space_splits={d0: 32, d1: 1}
  op_it_space_splits={d0: 8, d1: 4, d2: 1}
  op_it_space_splits={d0: 32, d1: 1}
  op_it_space_splits={d0: 32, d1: 1}
  op_it_space_splits={d0: 8, d1: 4, d2: 1}
  op_it_space_splits={d0: 32, d1: 1}
  op_it_space_splits={d0: 32, d1: 1}
  op_it_space_splits={d0: 8, d1: 4, d2: 1}
  op_it_space_splits={d0: 32, d1: 1}
  op_it_space_splits={d0: 32, d1: 1}
  op_it_space_splits={d0: 8, d1: 4, d2: 1}
  op_it_space_splits={d0: 32, d1: 1}
  op_it_space_splits={d0: 32, d1: 1}
  op_it_space_splits={d0: 8, d1: 4, d2: 1}
  op_it_space_splits={d0: 32, d1: 1}
  op_it_space_splits={d0: 32, d1: 1}
  op_it_space_splits={d0: 8, d1: 4, d2: 1}
  op_it_space_splits={d0: 32, d1: 1}
IO -- device-layout I/O (cost model, stick-padded) --
IO   op Pointwise
IO     output coarse_tile_fill_buf0  torch [1024, 1024] -> device [1024, 1024] in HBM = 1048576 elems x 2B = 2097152 B  (hbm counted: 2097152 B)
IO     input  buf2                   device [1, 64] in HBM = 64 elems x 2B = 128 B  (hbm counted: 128 B) broadcast (loaded once)
IO   op mm [reduction]
IO     output op0                    torch [1024, 1024] -> device [16, 1024, 64] in HBM = 1048576 elems x 2B = 2097152 B  (hbm counted: 4194304 B) xL=2
IO     input  arg0_1                 torch [1024, 4096] -> device [64, 1024, 64] in HBM = 4194304 elems x 2B = 8388608 B  (hbm counted: 8388608 B)
IO     input  arg1_1                 torch [4096, 1024] -> device [16, 4096, 64] in HBM = 4194304 elems x 2B = 8388608 B  (hbm counted: 8388608 B)
IO   op Pointwise
IO     output coarse_tile_combine_buf0 torch [1024, 1024] -> device [1024, 1024] in HBM = 1048576 elems x 2B = 2097152 B  (hbm counted: 4194304 B) xL=2
IO     input  buf0                   torch [1024, 1024] -> device [16, 1024, 64] in HBM = 1048576 elems x 2B = 2097152 B  (hbm counted: 4194304 B) xL=2
IO     input  buf1                   torch [1024, 1024] -> device [16, 1024, 64] in HBM = 1048576 elems x 2B = 2097152 B  (hbm counted: 4194304 B) xL=2
IO   => HBM I/O total = 35651712 B  (lx 0 B, ~free)
MODEL -- estimate (turnaround): T = compute + (R+W)/BW_PEAK + a*min(R,W) --
MODEL   R=25165952 B (read)   W=10485760 B (write)   loop_trip L=2
MODEL   compute = MACs/cores/(mac_peak*pt_eff) = 2147483648/32/(1140*1.000) = 58.87 us  (M/m=128, pt_eff=1.000)
MODEL   base = R/150+W/150 = 237.68 us
MODEL   turn = a*min(R,W) = 0.00574*10485760 = 60.19 us
MODEL   => T_model = 330.05 us
MODEL FEATS [{"name":"Pointwise","is_reduction":false,"out_elems":1048576,"cores":32,"dtype_bytes":2,"args":[{"name":"coarse_tile_fill_buf0","role":"output","mem":"hbm","elems":1048576,"broadcast":false,"dims":[1024,1024],"logical":[1024,1024],"loop_factor":1},{"name":"buf2","role":"input","mem":"hbm","elems":64,"broadcast":true,"dims":[1,64],"logical":[],"loop_factor":1}],"reduction_cores":1,"loop_trip":1,"tiles_output_dim":false,"tile_rows_per_core":0.0,"is_matmul":false,"matmul_macs":0,"matmul_rows_per_core":0.0,"matmul_cols_per_core":0.0,"matmul_a_bytes":0,"matmul_b_bytes":0,"hbm_pattern":""},{"name":"mm","is_reduction":true,"out_elems":1048576,"cores":32,"dtype_bytes":2,"args":[{"name":"op0","role":"output","mem":"hbm","elems":1048576,"broadcast":false,"dims":[16,1024,64],"logical":[1024,1024],"loop_factor":2},{"name":"arg0_1","role":"input","mem":"hbm","elems":4194304,"broadcast":false,"dims":[64,1024,64],"logical":[1024,4096],"loop_factor":1},{"name":"arg1_1","role":"input","mem":"hbm","elems":4194304,"broadcast":false,"dims":[16,4096,64],"logical":[4096,1024],"loop_factor":1}],"reduction_cores":1,"loop_trip":2,"tiles_output_dim":false,"tile_rows_per_core":0.0,"is_matmul":true,"matmul_macs":2147483648,"matmul_rows_per_core":128.0,"matmul_cols_per_core":256.0,"matmul_a_bytes":4194304,"matmul_b_bytes":4194304,"hbm_pattern":""},{"name":"Pointwise","is_reduction":false,"out_elems":1048576,"cores":32,"dtype_bytes":2,"args":[{"name":"coarse_tile_combine_buf0","role":"output","mem":"hbm","elems":1048576,"broadcast":false,"dims":[1024,1024],"logical":[1024,1024],"loop_factor":2},{"name":"buf0","role":"input","mem":"hbm","elems":1048576,"broadcast":false,"dims":[16,1024,64],"logical":[1024,1024],"loop_factor":2},{"name":"buf1","role":"input","mem":"hbm","elems":1048576,"broadcast":false,"dims":[16,1024,64],"logical":[1024,1024],"loop_factor":2}],"reduction_cores":1,"loop_trip":2,"tiles_output_dim":false,"tile_rows_per_core":0.0,"is_matmul":false,"matmul_macs":0,"matmul_rows_per_core":0.0,"matmul_cols_per_core":0.0,"matmul_a_bytes":0,"matmul_b_bytes":0,"hbm_pattern":""}]
SUMMARY op=matmul_k_tiling rows=1024 cols=4096 cores=32 tiles=2 lx=1 io_hbm_bytes=35651712 kernel_us=357.261 pred_us=330.048 err_pct=-7.6 bw_gbps=99.8 memset_us=239.209 other_dev_us=278.174 total_dev_us=874.644
-- matmul_k_tiling M=1024 K=4096 N=1024 tiles=4
  op_it_space_splits={d0: 32, d1: 1}
  op_it_space_splits={d0: 4, d1: 8, d2: 1}
  op_it_space_splits={d0: 32, d1: 1}
  op_it_space_splits={d0: 32, d1: 1}
  op_it_space_splits={d0: 4, d1: 8, d2: 1}
  op_it_space_splits={d0: 32, d1: 1}
  op_it_space_splits={d0: 32, d1: 1}
  op_it_space_splits={d0: 4, d1: 8, d2: 1}
  op_it_space_splits={d0: 32, d1: 1}
  op_it_space_splits={d0: 32, d1: 1}
  op_it_space_splits={d0: 4, d1: 8, d2: 1}
  op_it_space_splits={d0: 32, d1: 1}
  op_it_space_splits={d0: 32, d1: 1}
  op_it_space_splits={d0: 4, d1: 8, d2: 1}
  op_it_space_splits={d0: 32, d1: 1}
  op_it_space_splits={d0: 32, d1: 1}
  op_it_space_splits={d0: 4, d1: 8, d2: 1}
  op_it_space_splits={d0: 32, d1: 1}
IO -- device-layout I/O (cost model, stick-padded) --
IO   op Pointwise
IO     output coarse_tile_fill_buf0  torch [1024, 1024] -> device [1024, 1024] in HBM = 1048576 elems x 2B = 2097152 B  (hbm counted: 2097152 B)
IO     input  buf2                   device [1, 64] in HBM = 64 elems x 2B = 128 B  (hbm counted: 128 B) broadcast (loaded once)
IO   op mm [reduction]
IO     output op0                    torch [1024, 1024] -> device [16, 1024, 64] in HBM = 1048576 elems x 2B = 2097152 B  (hbm counted: 8388608 B) xL=4
IO     input  arg0_1                 torch [1024, 4096] -> device [64, 1024, 64] in HBM = 4194304 elems x 2B = 8388608 B  (hbm counted: 8388608 B)
IO     input  arg1_1                 torch [4096, 1024] -> device [16, 4096, 64] in HBM = 4194304 elems x 2B = 8388608 B  (hbm counted: 8388608 B)
IO   op Pointwise
IO     output coarse_tile_combine_buf0 torch [1024, 1024] -> device [1024, 1024] in HBM = 1048576 elems x 2B = 2097152 B  (hbm counted: 8388608 B) xL=4
IO     input  buf0                   torch [1024, 1024] -> device [16, 1024, 64] in HBM = 1048576 elems x 2B = 2097152 B  (hbm counted: 8388608 B) xL=4
IO     input  buf1                   torch [1024, 1024] -> device [16, 1024, 64] in HBM = 1048576 elems x 2B = 2097152 B  (hbm counted: 8388608 B) xL=4
IO   => HBM I/O total = 52428928 B  (lx 0 B, ~free)
MODEL -- estimate (turnaround): T = compute + (R+W)/BW_PEAK + a*min(R,W) --
MODEL   R=33554560 B (read)   W=18874368 B (write)   loop_trip L=4
MODEL   compute = MACs/cores/(mac_peak*pt_eff) = 1073741824/32/(1140*1.000) = 29.43 us  (M/m=256, pt_eff=1.000)
MODEL   base = R/150+W/150 = 349.53 us
MODEL   turn = a*min(R,W) = 0.00574*18874368 = 108.34 us
MODEL   => T_model = 474.15 us
MODEL FEATS [{"name":"Pointwise","is_reduction":false,"out_elems":1048576,"cores":32,"dtype_bytes":2,"args":[{"name":"coarse_tile_fill_buf0","role":"output","mem":"hbm","elems":1048576,"broadcast":false,"dims":[1024,1024],"logical":[1024,1024],"loop_factor":1},{"name":"buf2","role":"input","mem":"hbm","elems":64,"broadcast":true,"dims":[1,64],"logical":[],"loop_factor":1}],"reduction_cores":1,"loop_trip":1,"tiles_output_dim":false,"tile_rows_per_core":0.0,"is_matmul":false,"matmul_macs":0,"matmul_rows_per_core":0.0,"matmul_cols_per_core":0.0,"matmul_a_bytes":0,"matmul_b_bytes":0,"hbm_pattern":""},{"name":"mm","is_reduction":true,"out_elems":1048576,"cores":32,"dtype_bytes":2,"args":[{"name":"op0","role":"output","mem":"hbm","elems":1048576,"broadcast":false,"dims":[16,1024,64],"logical":[1024,1024],"loop_factor":4},{"name":"arg0_1","role":"input","mem":"hbm","elems":4194304,"broadcast":false,"dims":[64,1024,64],"logical":[1024,4096],"loop_factor":1},{"name":"arg1_1","role":"input","mem":"hbm","elems":4194304,"broadcast":false,"dims":[16,4096,64],"logical":[4096,1024],"loop_factor":1}],"reduction_cores":1,"loop_trip":4,"tiles_output_dim":false,"tile_rows_per_core":0.0,"is_matmul":true,"matmul_macs":1073741824,"matmul_rows_per_core":256.0,"matmul_cols_per_core":128.0,"matmul_a_bytes":2097152,"matmul_b_bytes":2097152,"hbm_pattern":""},{"name":"Pointwise","is_reduction":false,"out_elems":1048576,"cores":32,"dtype_bytes":2,"args":[{"name":"coarse_tile_combine_buf0","role":"output","mem":"hbm","elems":1048576,"broadcast":false,"dims":[1024,1024],"logical":[1024,1024],"loop_factor":4},{"name":"buf0","role":"input","mem":"hbm","elems":1048576,"broadcast":false,"dims":[16,1024,64],"logical":[1024,1024],"loop_factor":4},{"name":"buf1","role":"input","mem":"hbm","elems":1048576,"broadcast":false,"dims":[16,1024,64],"logical":[1024,1024],"loop_factor":4}],"reduction_cores":1,"loop_trip":4,"tiles_output_dim":false,"tile_rows_per_core":0.0,"is_matmul":false,"matmul_macs":0,"matmul_rows_per_core":0.0,"matmul_cols_per_core":0.0,"matmul_a_bytes":0,"matmul_b_bytes":0,"hbm_pattern":""}]
SUMMARY op=matmul_k_tiling rows=1024 cols=4096 cores=32 tiles=4 lx=1 io_hbm_bytes=52428928 kernel_us=521.264 pred_us=474.153 err_pct=-9.0 bw_gbps=100.6 memset_us=222.626 other_dev_us=497.370 total_dev_us=1241.260
-- matmul_k_tiling M=1024 K=4096 N=1024 tiles=8
  op_it_space_splits={d0: 32, d1: 1}
  op_it_space_splits={d0: 4, d1: 8, d2: 1}
  op_it_space_splits={d0: 32, d1: 1}
  op_it_space_splits={d0: 32, d1: 1}
  op_it_space_splits={d0: 4, d1: 8, d2: 1}
  op_it_space_splits={d0: 32, d1: 1}
  op_it_space_splits={d0: 32, d1: 1}
  op_it_space_splits={d0: 4, d1: 8, d2: 1}
  op_it_space_splits={d0: 32, d1: 1}
  op_it_space_splits={d0: 32, d1: 1}
  op_it_space_splits={d0: 4, d1: 8, d2: 1}
  op_it_space_splits={d0: 32, d1: 1}
  op_it_space_splits={d0: 32, d1: 1}
  op_it_space_splits={d0: 4, d1: 8, d2: 1}
  op_it_space_splits={d0: 32, d1: 1}
  op_it_space_splits={d0: 32, d1: 1}
  op_it_space_splits={d0: 4, d1: 8, d2: 1}
  op_it_space_splits={d0: 32, d1: 1}
IO -- device-layout I/O (cost model, stick-padded) --
IO   op Pointwise
IO     output coarse_tile_fill_buf0  torch [1024, 1024] -> device [1024, 1024] in HBM = 1048576 elems x 2B = 2097152 B  (hbm counted: 2097152 B)
IO     input  buf2                   device [1, 64] in HBM = 64 elems x 2B = 128 B  (hbm counted: 128 B) broadcast (loaded once)
IO   op mm [reduction]
IO     output op0                    torch [1024, 1024] -> device [16, 1024, 64] in HBM = 1048576 elems x 2B = 2097152 B  (hbm counted: 16777216 B) xL=8
IO     input  arg0_1                 torch [1024, 4096] -> device [64, 1024, 64] in HBM = 4194304 elems x 2B = 8388608 B  (hbm counted: 8388608 B)
IO     input  arg1_1                 torch [4096, 1024] -> device [16, 4096, 64] in HBM = 4194304 elems x 2B = 8388608 B  (hbm counted: 8388608 B)
IO   op Pointwise
IO     output coarse_tile_combine_buf0 torch [1024, 1024] -> device [1024, 1024] in HBM = 1048576 elems x 2B = 2097152 B  (hbm counted: 16777216 B) xL=8
IO     input  buf0                   torch [1024, 1024] -> device [16, 1024, 64] in HBM = 1048576 elems x 2B = 2097152 B  (hbm counted: 16777216 B) xL=8
IO     input  buf1                   torch [1024, 1024] -> device [16, 1024, 64] in HBM = 1048576 elems x 2B = 2097152 B  (hbm counted: 16777216 B) xL=8
IO   => HBM I/O total = 85983360 B  (lx 0 B, ~free)
MODEL -- estimate (turnaround): T = compute + (R+W)/BW_PEAK + a*min(R,W) --
MODEL   R=50331776 B (read)   W=35651584 B (write)   loop_trip L=8
MODEL   compute = MACs/cores/(mac_peak*pt_eff) = 536870912/32/(1140*1.000) = 14.72 us  (M/m=256, pt_eff=1.000)
MODEL   base = R/150+W/150 = 573.22 us
MODEL   turn = a*min(R,W) = 0.00574*35651584 = 204.64 us
MODEL   => T_model = 786.20 us
MODEL FEATS [{"name":"Pointwise","is_reduction":false,"out_elems":1048576,"cores":32,"dtype_bytes":2,"args":[{"name":"coarse_tile_fill_buf0","role":"output","mem":"hbm","elems":1048576,"broadcast":false,"dims":[1024,1024],"logical":[1024,1024],"loop_factor":1},{"name":"buf2","role":"input","mem":"hbm","elems":64,"broadcast":true,"dims":[1,64],"logical":[],"loop_factor":1}],"reduction_cores":1,"loop_trip":1,"tiles_output_dim":false,"tile_rows_per_core":0.0,"is_matmul":false,"matmul_macs":0,"matmul_rows_per_core":0.0,"matmul_cols_per_core":0.0,"matmul_a_bytes":0,"matmul_b_bytes":0,"hbm_pattern":""},{"name":"mm","is_reduction":true,"out_elems":1048576,"cores":32,"dtype_bytes":2,"args":[{"name":"op0","role":"output","mem":"hbm","elems":1048576,"broadcast":false,"dims":[16,1024,64],"logical":[1024,1024],"loop_factor":8},{"name":"arg0_1","role":"input","mem":"hbm","elems":4194304,"broadcast":false,"dims":[64,1024,64],"logical":[1024,4096],"loop_factor":1},{"name":"arg1_1","role":"input","mem":"hbm","elems":4194304,"broadcast":false,"dims":[16,4096,64],"logical":[4096,1024],"loop_factor":1}],"reduction_cores":1,"loop_trip":8,"tiles_output_dim":false,"tile_rows_per_core":0.0,"is_matmul":true,"matmul_macs":536870912,"matmul_rows_per_core":256.0,"matmul_cols_per_core":128.0,"matmul_a_bytes":1048576,"matmul_b_bytes":1048576,"hbm_pattern":""},{"name":"Pointwise","is_reduction":false,"out_elems":1048576,"cores":32,"dtype_bytes":2,"args":[{"name":"coarse_tile_combine_buf0","role":"output","mem":"hbm","elems":1048576,"broadcast":false,"dims":[1024,1024],"logical":[1024,1024],"loop_factor":8},{"name":"buf0","role":"input","mem":"hbm","elems":1048576,"broadcast":false,"dims":[16,1024,64],"logical":[1024,1024],"loop_factor":8},{"name":"buf1","role":"input","mem":"hbm","elems":1048576,"broadcast":false,"dims":[16,1024,64],"logical":[1024,1024],"loop_factor":8}],"reduction_cores":1,"loop_trip":8,"tiles_output_dim":false,"tile_rows_per_core":0.0,"is_matmul":false,"matmul_macs":0,"matmul_rows_per_core":0.0,"matmul_cols_per_core":0.0,"matmul_a_bytes":0,"matmul_b_bytes":0,"hbm_pattern":""}]
SUMMARY op=matmul_k_tiling rows=1024 cols=4096 cores=32 tiles=8 lx=1 io_hbm_bytes=85983360 kernel_us=757.740 pred_us=786.203 err_pct=+3.8 bw_gbps=113.5 memset_us=289.201 other_dev_us=449.113 total_dev_us=1496.054
-- matmul_k_tiling M=1024 K=4096 N=1024 tiles=16
  op_it_space_splits={d0: 32, d1: 1}
  op_it_space_splits={d0: 4, d1: 8, d2: 1}
  op_it_space_splits={d0: 32, d1: 1}
  op_it_space_splits={d0: 32, d1: 1}
  op_it_space_splits={d0: 4, d1: 8, d2: 1}
  op_it_space_splits={d0: 32, d1: 1}
  op_it_space_splits={d0: 32, d1: 1}
  op_it_space_splits={d0: 4, d1: 8, d2: 1}
  op_it_space_splits={d0: 32, d1: 1}
  op_it_space_splits={d0: 32, d1: 1}
  op_it_space_splits={d0: 4, d1: 8, d2: 1}
  op_it_space_splits={d0: 32, d1: 1}
  op_it_space_splits={d0: 32, d1: 1}
  op_it_space_splits={d0: 4, d1: 8, d2: 1}
  op_it_space_splits={d0: 32, d1: 1}
  op_it_space_splits={d0: 32, d1: 1}
  op_it_space_splits={d0: 4, d1: 8, d2: 1}
  op_it_space_splits={d0: 32, d1: 1}
IO -- device-layout I/O (cost model, stick-padded) --
IO   op Pointwise
IO     output coarse_tile_fill_buf0  torch [1024, 1024] -> device [1024, 1024] in HBM = 1048576 elems x 2B = 2097152 B  (hbm counted: 2097152 B)
IO     input  buf2                   device [1, 64] in HBM = 64 elems x 2B = 128 B  (hbm counted: 128 B) broadcast (loaded once)
IO   op mm [reduction]
IO     output op0                    torch [1024, 1024] -> device [16, 1024, 64] in HBM = 1048576 elems x 2B = 2097152 B  (hbm counted: 33554432 B) xL=16
IO     input  arg0_1                 torch [1024, 4096] -> device [64, 1024, 64] in HBM = 4194304 elems x 2B = 8388608 B  (hbm counted: 8388608 B)
IO     input  arg1_1                 torch [4096, 1024] -> device [16, 4096, 64] in HBM = 4194304 elems x 2B = 8388608 B  (hbm counted: 8388608 B)
IO   op Pointwise
IO     output coarse_tile_combine_buf0 torch [1024, 1024] -> device [1024, 1024] in HBM = 1048576 elems x 2B = 2097152 B  (hbm counted: 33554432 B) xL=16
IO     input  buf0                   torch [1024, 1024] -> device [16, 1024, 64] in HBM = 1048576 elems x 2B = 2097152 B  (hbm counted: 33554432 B) xL=16
IO     input  buf1                   torch [1024, 1024] -> device [16, 1024, 64] in HBM = 1048576 elems x 2B = 2097152 B  (hbm counted: 33554432 B) xL=16
IO   => HBM I/O total = 153092224 B  (lx 0 B, ~free)
MODEL -- estimate (turnaround): T = compute + (R+W)/BW_PEAK + a*min(R,W) --
MODEL   R=83886208 B (read)   W=69206016 B (write)   loop_trip L=16
MODEL   compute = MACs/cores/(mac_peak*pt_eff) = 268435456/32/(1140*1.000) = 7.36 us  (M/m=256, pt_eff=1.000)
MODEL   base = R/150+W/150 = 1020.61 us
MODEL   turn = a*min(R,W) = 0.00574*69206016 = 397.24 us
MODEL   => T_model = 1422.22 us
MODEL FEATS [{"name":"Pointwise","is_reduction":false,"out_elems":1048576,"cores":32,"dtype_bytes":2,"args":[{"name":"coarse_tile_fill_buf0","role":"output","mem":"hbm","elems":1048576,"broadcast":false,"dims":[1024,1024],"logical":[1024,1024],"loop_factor":1},{"name":"buf2","role":"input","mem":"hbm","elems":64,"broadcast":true,"dims":[1,64],"logical":[],"loop_factor":1}],"reduction_cores":1,"loop_trip":1,"tiles_output_dim":false,"tile_rows_per_core":0.0,"is_matmul":false,"matmul_macs":0,"matmul_rows_per_core":0.0,"matmul_cols_per_core":0.0,"matmul_a_bytes":0,"matmul_b_bytes":0,"hbm_pattern":""},{"name":"mm","is_reduction":true,"out_elems":1048576,"cores":32,"dtype_bytes":2,"args":[{"name":"op0","role":"output","mem":"hbm","elems":1048576,"broadcast":false,"dims":[16,1024,64],"logical":[1024,1024],"loop_factor":16},{"name":"arg0_1","role":"input","mem":"hbm","elems":4194304,"broadcast":false,"dims":[64,1024,64],"logical":[1024,4096],"loop_factor":1},{"name":"arg1_1","role":"input","mem":"hbm","elems":4194304,"broadcast":false,"dims":[16,4096,64],"logical":[4096,1024],"loop_factor":1}],"reduction_cores":1,"loop_trip":16,"tiles_output_dim":false,"tile_rows_per_core":0.0,"is_matmul":true,"matmul_macs":268435456,"matmul_rows_per_core":256.0,"matmul_cols_per_core":128.0,"matmul_a_bytes":524288,"matmul_b_bytes":524288,"hbm_pattern":""},{"name":"Pointwise","is_reduction":false,"out_elems":1048576,"cores":32,"dtype_bytes":2,"args":[{"name":"coarse_tile_combine_buf0","role":"output","mem":"hbm","elems":1048576,"broadcast":false,"dims":[1024,1024],"logical":[1024,1024],"loop_factor":16},{"name":"buf0","role":"input","mem":"hbm","elems":1048576,"broadcast":false,"dims":[16,1024,64],"logical":[1024,1024],"loop_factor":16},{"name":"buf1","role":"input","mem":"hbm","elems":1048576,"broadcast":false,"dims":[16,1024,64],"logical":[1024,1024],"loop_factor":16}],"reduction_cores":1,"loop_trip":16,"tiles_output_dim":false,"tile_rows_per_core":0.0,"is_matmul":false,"matmul_macs":0,"matmul_rows_per_core":0.0,"matmul_cols_per_core":0.0,"matmul_a_bytes":0,"matmul_b_bytes":0,"hbm_pattern":""}]
SUMMARY op=matmul_k_tiling rows=1024 cols=4096 cores=32 tiles=16 lx=1 io_hbm_bytes=153092224 kernel_us=1386.831 pred_us=1422.225 err_pct=+2.6 bw_gbps=110.4 memset_us=354.972 other_dev_us=412.523 total_dev_us=2154.326
-- mm_nested_m_k M=2048 K=2048 N=2048 tiles=1
  op_it_space_splits={d0: 8, d1: 4, d2: 1}
IO -- device-layout I/O (cost model, stick-padded) --
IO   op mm [reduction]
IO     output op0                    torch [2048, 2048] -> device [32, 2048, 64] in HBM = 4194304 elems x 2B = 8388608 B  (hbm counted: 8388608 B)
IO     input  arg0_1                 torch [2048, 2048] -> device [32, 2048, 64] in HBM = 4194304 elems x 2B = 8388608 B  (hbm counted: 8388608 B)
IO     input  arg1_1                 torch [2048, 2048] -> device [32, 2048, 64] in HBM = 4194304 elems x 2B = 8388608 B  (hbm counted: 8388608 B)
IO   => HBM I/O total = 25165824 B  (lx 0 B, ~free)
MODEL -- estimate (turnaround): T = compute + (R+W)/BW_PEAK + a*min(R,W) --
MODEL   R=16777216 B (read)   W=8388608 B (write)   loop_trip L=1
MODEL   compute = MACs/cores/(mac_peak*pt_eff) = 8589934592/32/(1140*1.000) = 235.47 us  (M/m=256, pt_eff=1.000)
MODEL   base = R/150+W/150 = 167.77 us
MODEL   turn = a*min(R,W) = 0.00574*8388608 = 48.15 us
MODEL   => T_model = 393.41 us
MODEL FEATS [{"name":"mm","is_reduction":true,"out_elems":4194304,"cores":32,"dtype_bytes":2,"args":[{"name":"op0","role":"output","mem":"hbm","elems":4194304,"broadcast":false,"dims":[32,2048,64],"logical":[2048,2048],"loop_factor":1},{"name":"arg0_1","role":"input","mem":"hbm","elems":4194304,"broadcast":false,"dims":[32,2048,64],"logical":[2048,2048],"loop_factor":1},{"name":"arg1_1","role":"input","mem":"hbm","elems":4194304,"broadcast":false,"dims":[32,2048,64],"logical":[2048,2048],"loop_factor":1}],"reduction_cores":1,"loop_trip":1,"tiles_output_dim":false,"tile_rows_per_core":0.0,"is_matmul":true,"matmul_macs":8589934592,"matmul_rows_per_core":256.0,"matmul_cols_per_core":512.0,"matmul_a_bytes":8388608,"matmul_b_bytes":8388608,"hbm_pattern":""}]
SUMMARY op=mm_nested_m_k rows=2048 cols=2048 cores=32 tiles=1 lx=1 io_hbm_bytes=25165824 kernel_us=390.538 pred_us=393.408 err_pct=+0.7 bw_gbps=64.4 memset_us=167.975 other_dev_us=485.367 total_dev_us=1043.880
-- mm_nested_m_k M=2048 K=2048 N=2048 tiles=2
  op_it_space_splits={d0: 32, d1: 1}
  op_it_space_splits={d0: 8, d1: 4, d2: 1}
  op_it_space_splits={d0: 32, d1: 1}
  op_it_space_splits={d0: 32, d1: 1}
  op_it_space_splits={d0: 32, d1: 1}
  op_it_space_splits={d0: 8, d1: 4, d2: 1}
  op_it_space_splits={d0: 32, d1: 1}
  op_it_space_splits={d0: 32, d1: 1}
  op_it_space_splits={d0: 32, d1: 1}
  op_it_space_splits={d0: 8, d1: 4, d2: 1}
  op_it_space_splits={d0: 32, d1: 1}
  op_it_space_splits={d0: 32, d1: 1}
  op_it_space_splits={d0: 32, d1: 1}
  op_it_space_splits={d0: 8, d1: 4, d2: 1}
  op_it_space_splits={d0: 32, d1: 1}
  op_it_space_splits={d0: 32, d1: 1}
  op_it_space_splits={d0: 32, d1: 1}
  op_it_space_splits={d0: 8, d1: 4, d2: 1}
  op_it_space_splits={d0: 32, d1: 1}
  op_it_space_splits={d0: 32, d1: 1}
  op_it_space_splits={d0: 32, d1: 1}
  op_it_space_splits={d0: 8, d1: 4, d2: 1}
  op_it_space_splits={d0: 32, d1: 1}
  op_it_space_splits={d0: 32, d1: 1}
IO -- device-layout I/O (cost model, stick-padded) --
IO   op Pointwise
IO     output coarse_tile_fill_buf0  torch [1024, 2048] -> device [1024, 2048] in HBM = 2097152 elems x 2B = 4194304 B  (hbm counted: 4194304 B)
IO     input  buf3                   device [1, 64] in HBM = 64 elems x 2B = 128 B  (hbm counted: 128 B) broadcast (loaded once)
IO   op mm [reduction]
IO     output op0                    torch [1024, 2048] -> device [32, 1024, 64] in HBM = 2097152 elems x 2B = 4194304 B  (hbm counted: 4194304 B)
IO     input  arg0_1                 torch [2048, 2048] -> device [32, 2048, 64] in HBM = 4194304 elems x 2B = 8388608 B  (hbm counted: 8388608 B)
IO     input  arg1_1                 torch [2048, 2048] -> device [32, 2048, 64] in HBM = 4194304 elems x 2B = 8388608 B  (hbm counted: 8388608 B)
IO   op Pointwise
IO     output coarse_tile_combine_buf0 torch [1024, 2048] -> device [1024, 2048] in HBM = 2097152 elems x 2B = 4194304 B  (hbm counted: 4194304 B)
IO     input  buf0                   torch [1024, 2048] -> device [32, 1024, 64] in HBM = 2097152 elems x 2B = 4194304 B  (hbm counted: 4194304 B)
IO     input  buf2                   torch [1024, 2048] -> device [32, 1024, 64] in HBM = 2097152 elems x 2B = 4194304 B  (hbm counted: 4194304 B)
IO   op Pointwise
IO     output coarse_tile_reduce_copy_buf0 torch [2048, 2048] -> device [2048, 2048] in HBM = 4194304 elems x 2B = 8388608 B  (hbm counted: 8388608 B)
IO     input  buf2                   torch [1024, 2048] -> device [32, 1024, 64] in HBM = 2097152 elems x 2B = 4194304 B  (hbm counted: 4194304 B)
IO   => HBM I/O total = 50331776 B  (lx 0 B, ~free)
MODEL -- estimate (turnaround): T = compute + [(R+W)/BW_PEAK + a*min(R,W)] / eff_underfill --
MODEL   R=29360256 B (read)   W=20971520 B (write)   loop_trip L=4
MODEL   compute = MACs/cores/(mac_peak*pt_eff) = 2147483648/32/(1140*1.000) = 58.87 us  (M/m=128, pt_eff=1.000)
MODEL   base = R/150+W/150 = 335.55 us
MODEL   turn = a*min(R,W) = 0.00574*20971520 = 120.38 us
MODEL   eff_underfill = min(0.95,(8.0/13)**0.68) = 0.719 -> (base+turn)/eff = 634.26 us
MODEL   => T_model = 668.57 us
MODEL FEATS [{"name":"Pointwise","is_reduction":false,"out_elems":2097152,"cores":32,"dtype_bytes":2,"args":[{"name":"coarse_tile_fill_buf0","role":"output","mem":"hbm","elems":2097152,"broadcast":false,"dims":[1024,2048],"logical":[1024,2048],"loop_factor":1},{"name":"buf3","role":"input","mem":"hbm","elems":64,"broadcast":true,"dims":[1,64],"logical":[],"loop_factor":1}],"reduction_cores":1,"loop_trip":2,"tiles_output_dim":true,"tile_rows_per_core":16,"is_matmul":false,"matmul_macs":0,"matmul_rows_per_core":0.0,"matmul_cols_per_core":0.0,"matmul_a_bytes":0,"matmul_b_bytes":0,"hbm_pattern":""},{"name":"mm","is_reduction":true,"out_elems":2097152,"cores":32,"dtype_bytes":2,"args":[{"name":"op0","role":"output","mem":"hbm","elems":2097152,"broadcast":false,"dims":[32,1024,64],"logical":[1024,2048],"loop_factor":1},{"name":"arg0_1","role":"input","mem":"hbm","elems":4194304,"broadcast":false,"dims":[32,2048,64],"logical":[2048,2048],"loop_factor":1},{"name":"arg1_1","role":"input","mem":"hbm","elems":4194304,"broadcast":false,"dims":[32,2048,64],"logical":[2048,2048],"loop_factor":1}],"reduction_cores":1,"loop_trip":4,"tiles_output_dim":true,"tile_rows_per_core":32.0,"is_matmul":true,"matmul_macs":2147483648,"matmul_rows_per_core":128.0,"matmul_cols_per_core":512.0,"matmul_a_bytes":2097152,"matmul_b_bytes":4194304,"hbm_pattern":""},{"name":"Pointwise","is_reduction":false,"out_elems":2097152,"cores":32,"dtype_bytes":2,"args":[{"name":"coarse_tile_combine_buf0","role":"output","mem":"hbm","elems":2097152,"broadcast":false,"dims":[1024,2048],"logical":[1024,2048],"loop_factor":1},{"name":"buf0","role":"input","mem":"hbm","elems":2097152,"broadcast":false,"dims":[32,1024,64],"logical":[1024,2048],"loop_factor":1},{"name":"buf2","role":"input","mem":"hbm","elems":2097152,"broadcast":false,"dims":[32,1024,64],"logical":[1024,2048],"loop_factor":1}],"reduction_cores":1,"loop_trip":4,"tiles_output_dim":true,"tile_rows_per_core":8,"is_matmul":false,"matmul_macs":0,"matmul_rows_per_core":0.0,"matmul_cols_per_core":0.0,"matmul_a_bytes":0,"matmul_b_bytes":0,"hbm_pattern":""},{"name":"Pointwise","is_reduction":false,"out_elems":4194304,"cores":32,"dtype_bytes":2,"args":[{"name":"coarse_tile_reduce_copy_buf0","role":"output","mem":"hbm","elems":4194304,"broadcast":false,"dims":[2048,2048],"logical":[2048,2048],"loop_factor":1},{"name":"buf2","role":"input","mem":"hbm","elems":2097152,"broadcast":false,"dims":[32,1024,64],"logical":[1024,2048],"loop_factor":1}],"reduction_cores":1,"loop_trip":2,"tiles_output_dim":true,"tile_rows_per_core":32,"is_matmul":false,"matmul_macs":0,"matmul_rows_per_core":0.0,"matmul_cols_per_core":0.0,"matmul_a_bytes":0,"matmul_b_bytes":0,"hbm_pattern":""}]
SUMMARY op=mm_nested_m_k rows=2048 cols=2048 cores=32 tiles=2 lx=1 io_hbm_bytes=50331776 kernel_us=1113.206 pred_us=668.569 err_pct=-39.9 bw_gbps=45.2 memset_us=194.618 other_dev_us=361.308 total_dev_us=1669.132
-- mm_nested_m_k M=2048 K=2048 N=2048 tiles=4
  op_it_space_splits={d0: 32, d1: 1}
  op_it_space_splits={d0: 8, d1: 4, d2: 1}
  op_it_space_splits={d0: 32, d1: 1}
  op_it_space_splits={d0: 32, d1: 1}
  op_it_space_splits={d0: 32, d1: 1}
  op_it_space_splits={d0: 8, d1: 4, d2: 1}
  op_it_space_splits={d0: 32, d1: 1}
  op_it_space_splits={d0: 32, d1: 1}
  op_it_space_splits={d0: 32, d1: 1}
  op_it_space_splits={d0: 8, d1: 4, d2: 1}
  op_it_space_splits={d0: 32, d1: 1}
  op_it_space_splits={d0: 32, d1: 1}
  op_it_space_splits={d0: 32, d1: 1}
  op_it_space_splits={d0: 8, d1: 4, d2: 1}
  op_it_space_splits={d0: 32, d1: 1}
  op_it_space_splits={d0: 32, d1: 1}
  op_it_space_splits={d0: 32, d1: 1}
  op_it_space_splits={d0: 8, d1: 4, d2: 1}
  op_it_space_splits={d0: 32, d1: 1}
  op_it_space_splits={d0: 32, d1: 1}
  op_it_space_splits={d0: 32, d1: 1}
  op_it_space_splits={d0: 8, d1: 4, d2: 1}
  op_it_space_splits={d0: 32, d1: 1}
  op_it_space_splits={d0: 32, d1: 1}
IO -- device-layout I/O (cost model, stick-padded) --
IO   op Pointwise
IO     output coarse_tile_fill_buf0  torch [1024, 2048] -> device [1024, 2048] in HBM = 2097152 elems x 2B = 4194304 B  (hbm counted: 4194304 B)
IO     input  buf3                   device [1, 64] in HBM = 64 elems x 2B = 128 B  (hbm counted: 128 B) broadcast (loaded once)
IO   op mm [reduction]
IO     output op0                    torch [1024, 2048] -> device [32, 1024, 64] in HBM = 2097152 elems x 2B = 4194304 B  (hbm counted: 4194304 B)
IO     input  arg0_1                 torch [2048, 2048] -> device [32, 2048, 64] in HBM = 4194304 elems x 2B = 8388608 B  (hbm counted: 8388608 B)
IO     input  arg1_1                 torch [2048, 2048] -> device [32, 2048, 64] in HBM = 4194304 elems x 2B = 8388608 B  (hbm counted: 8388608 B)
IO   op Pointwise
IO     output coarse_tile_combine_buf0 torch [1024, 2048] -> device [1024, 2048] in HBM = 2097152 elems x 2B = 4194304 B  (hbm counted: 4194304 B)
IO     input  buf0                   torch [1024, 2048] -> device [32, 1024, 64] in HBM = 2097152 elems x 2B = 4194304 B  (hbm counted: 4194304 B)
IO     input  buf2                   torch [1024, 2048] -> device [32, 1024, 64] in HBM = 2097152 elems x 2B = 4194304 B  (hbm counted: 4194304 B)
IO   op Pointwise
IO     output coarse_tile_reduce_copy_buf0 torch [2048, 2048] -> device [2048, 2048] in HBM = 4194304 elems x 2B = 8388608 B  (hbm counted: 8388608 B)
IO     input  buf2                   torch [1024, 2048] -> device [32, 1024, 64] in HBM = 2097152 elems x 2B = 4194304 B  (hbm counted: 4194304 B)
IO   => HBM I/O total = 50331776 B  (lx 0 B, ~free)
MODEL -- estimate (turnaround): T = compute + [(R+W)/BW_PEAK + a*min(R,W)] / eff_underfill --
MODEL   R=29360256 B (read)   W=20971520 B (write)   loop_trip L=8
MODEL   compute = MACs/cores/(mac_peak*pt_eff) = 1073741824/32/(1140*1.000) = 29.43 us  (M/m=128, pt_eff=1.000)
MODEL   base = R/150+W/150 = 335.55 us
MODEL   turn = a*min(R,W) = 0.00574*20971520 = 120.38 us
MODEL   eff_underfill = min(0.95,(4.0/13)**0.68) = 0.449 -> (base+turn)/eff = 1016.18 us
MODEL   => T_model = 1036.11 us
MODEL FEATS [{"name":"Pointwise","is_reduction":false,"out_elems":2097152,"cores":32,"dtype_bytes":2,"args":[{"name":"coarse_tile_fill_buf0","role":"output","mem":"hbm","elems":2097152,"broadcast":false,"dims":[1024,2048],"logical":[1024,2048],"loop_factor":1},{"name":"buf3","role":"input","mem":"hbm","elems":64,"broadcast":true,"dims":[1,64],"logical":[],"loop_factor":1}],"reduction_cores":1,"loop_trip":2,"tiles_output_dim":true,"tile_rows_per_core":16,"is_matmul":false,"matmul_macs":0,"matmul_rows_per_core":0.0,"matmul_cols_per_core":0.0,"matmul_a_bytes":0,"matmul_b_bytes":0,"hbm_pattern":""},{"name":"mm","is_reduction":true,"out_elems":2097152,"cores":32,"dtype_bytes":2,"args":[{"name":"op0","role":"output","mem":"hbm","elems":2097152,"broadcast":false,"dims":[32,1024,64],"logical":[1024,2048],"loop_factor":1},{"name":"arg0_1","role":"input","mem":"hbm","elems":4194304,"broadcast":false,"dims":[32,2048,64],"logical":[2048,2048],"loop_factor":1},{"name":"arg1_1","role":"input","mem":"hbm","elems":4194304,"broadcast":false,"dims":[32,2048,64],"logical":[2048,2048],"loop_factor":1}],"reduction_cores":1,"loop_trip":8,"tiles_output_dim":true,"tile_rows_per_core":16.0,"is_matmul":true,"matmul_macs":1073741824,"matmul_rows_per_core":128.0,"matmul_cols_per_core":512.0,"matmul_a_bytes":1048576,"matmul_b_bytes":2097152,"hbm_pattern":""},{"name":"Pointwise","is_reduction":false,"out_elems":2097152,"cores":32,"dtype_bytes":2,"args":[{"name":"coarse_tile_combine_buf0","role":"output","mem":"hbm","elems":2097152,"broadcast":false,"dims":[1024,2048],"logical":[1024,2048],"loop_factor":1},{"name":"buf0","role":"input","mem":"hbm","elems":2097152,"broadcast":false,"dims":[32,1024,64],"logical":[1024,2048],"loop_factor":1},{"name":"buf2","role":"input","mem":"hbm","elems":2097152,"broadcast":false,"dims":[32,1024,64],"logical":[1024,2048],"loop_factor":1}],"reduction_cores":1,"loop_trip":8,"tiles_output_dim":true,"tile_rows_per_core":4,"is_matmul":false,"matmul_macs":0,"matmul_rows_per_core":0.0,"matmul_cols_per_core":0.0,"matmul_a_bytes":0,"matmul_b_bytes":0,"hbm_pattern":""},{"name":"Pointwise","is_reduction":false,"out_elems":4194304,"cores":32,"dtype_bytes":2,"args":[{"name":"coarse_tile_reduce_copy_buf0","role":"output","mem":"hbm","elems":4194304,"broadcast":false,"dims":[2048,2048],"logical":[2048,2048],"loop_factor":1},{"name":"buf2","role":"input","mem":"hbm","elems":2097152,"broadcast":false,"dims":[32,1024,64],"logical":[1024,2048],"loop_factor":1}],"reduction_cores":1,"loop_trip":2,"tiles_output_dim":true,"tile_rows_per_core":32,"is_matmul":false,"matmul_macs":0,"matmul_rows_per_core":0.0,"matmul_cols_per_core":0.0,"matmul_a_bytes":0,"matmul_b_bytes":0,"hbm_pattern":""}]
SUMMARY op=mm_nested_m_k rows=2048 cols=2048 cores=32 tiles=4 lx=1 io_hbm_bytes=50331776 kernel_us=1722.677 pred_us=1036.106 err_pct=-39.9 bw_gbps=29.2 memset_us=276.991 other_dev_us=505.183 total_dev_us=2504.851
-- mm_nested_m_k M=2048 K=2048 N=2048 tiles=8
  op_it_space_splits={d0: 32, d1: 1}
  op_it_space_splits={d0: 8, d1: 4, d2: 1}
  op_it_space_splits={d0: 32, d1: 1}
  op_it_space_splits={d0: 32, d1: 1}
  op_it_space_splits={d0: 32, d1: 1}
  op_it_space_splits={d0: 8, d1: 4, d2: 1}
  op_it_space_splits={d0: 32, d1: 1}
  op_it_space_splits={d0: 32, d1: 1}
  op_it_space_splits={d0: 32, d1: 1}
  op_it_space_splits={d0: 8, d1: 4, d2: 1}
  op_it_space_splits={d0: 32, d1: 1}
  op_it_space_splits={d0: 32, d1: 1}
  op_it_space_splits={d0: 32, d1: 1}
  op_it_space_splits={d0: 8, d1: 4, d2: 1}
  op_it_space_splits={d0: 32, d1: 1}
  op_it_space_splits={d0: 32, d1: 1}
  op_it_space_splits={d0: 32, d1: 1}
  op_it_space_splits={d0: 8, d1: 4, d2: 1}
  op_it_space_splits={d0: 32, d1: 1}
  op_it_space_splits={d0: 32, d1: 1}
  op_it_space_splits={d0: 32, d1: 1}
  op_it_space_splits={d0: 8, d1: 4, d2: 1}
  op_it_space_splits={d0: 32, d1: 1}
  op_it_space_splits={d0: 32, d1: 1}
IO -- device-layout I/O (cost model, stick-padded) --
IO   op Pointwise
IO     output coarse_tile_fill_buf0  torch [1024, 2048] -> device [1024, 2048] in HBM = 2097152 elems x 2B = 4194304 B  (hbm counted: 4194304 B)
IO     input  buf3                   device [1, 64] in HBM = 64 elems x 2B = 128 B  (hbm counted: 128 B) broadcast (loaded once)
IO   op mm [reduction]
IO     output op0                    torch [1024, 2048] -> device [32, 1024, 64] in HBM = 2097152 elems x 2B = 4194304 B  (hbm counted: 4194304 B)
IO     input  arg0_1                 torch [2048, 2048] -> device [32, 2048, 64] in HBM = 4194304 elems x 2B = 8388608 B  (hbm counted: 8388608 B)
IO     input  arg1_1                 torch [2048, 2048] -> device [32, 2048, 64] in HBM = 4194304 elems x 2B = 8388608 B  (hbm counted: 8388608 B)
IO   op Pointwise
IO     output coarse_tile_combine_buf0 torch [1024, 2048] -> device [1024, 2048] in HBM = 2097152 elems x 2B = 4194304 B  (hbm counted: 4194304 B)
IO     input  buf0                   torch [1024, 2048] -> device [32, 1024, 64] in HBM = 2097152 elems x 2B = 4194304 B  (hbm counted: 4194304 B)
IO     input  buf2                   torch [1024, 2048] -> device [32, 1024, 64] in HBM = 2097152 elems x 2B = 4194304 B  (hbm counted: 4194304 B)
IO   op Pointwise
IO     output coarse_tile_reduce_copy_buf0 torch [2048, 2048] -> device [2048, 2048] in HBM = 4194304 elems x 2B = 8388608 B  (hbm counted: 8388608 B)
IO     input  buf2                   torch [1024, 2048] -> device [32, 1024, 64] in HBM = 2097152 elems x 2B = 4194304 B  (hbm counted: 4194304 B)
IO   => HBM I/O total = 50331776 B  (lx 0 B, ~free)
MODEL -- estimate (turnaround): T = compute + [(R+W)/BW_PEAK + a*min(R,W)] / eff_underfill --
MODEL   R=29360256 B (read)   W=20971520 B (write)   loop_trip L=16
MODEL   compute = MACs/cores/(mac_peak*pt_eff) = 536870912/32/(1140*1.000) = 14.72 us  (M/m=128, pt_eff=1.000)
MODEL   base = R/150+W/150 = 335.55 us
MODEL   turn = a*min(R,W) = 0.00574*20971520 = 120.38 us
MODEL   eff_underfill = min(0.95,(2.0/13)**0.68) = 0.280 -> (base+turn)/eff = 1628.06 us
MODEL   => T_model = 1642.47 us
MODEL FEATS [{"name":"Pointwise","is_reduction":false,"out_elems":2097152,"cores":32,"dtype_bytes":2,"args":[{"name":"coarse_tile_fill_buf0","role":"output","mem":"hbm","elems":2097152,"broadcast":false,"dims":[1024,2048],"logical":[1024,2048],"loop_factor":1},{"name":"buf3","role":"input","mem":"hbm","elems":64,"broadcast":true,"dims":[1,64],"logical":[],"loop_factor":1}],"reduction_cores":1,"loop_trip":2,"tiles_output_dim":true,"tile_rows_per_core":16,"is_matmul":false,"matmul_macs":0,"matmul_rows_per_core":0.0,"matmul_cols_per_core":0.0,"matmul_a_bytes":0,"matmul_b_bytes":0,"hbm_pattern":""},{"name":"mm","is_reduction":true,"out_elems":2097152,"cores":32,"dtype_bytes":2,"args":[{"name":"op0","role":"output","mem":"hbm","elems":2097152,"broadcast":false,"dims":[32,1024,64],"logical":[1024,2048],"loop_factor":1},{"name":"arg0_1","role":"input","mem":"hbm","elems":4194304,"broadcast":false,"dims":[32,2048,64],"logical":[2048,2048],"loop_factor":1},{"name":"arg1_1","role":"input","mem":"hbm","elems":4194304,"broadcast":false,"dims":[32,2048,64],"logical":[2048,2048],"loop_factor":1}],"reduction_cores":1,"loop_trip":16,"tiles_output_dim":true,"tile_rows_per_core":8.0,"is_matmul":true,"matmul_macs":536870912,"matmul_rows_per_core":128.0,"matmul_cols_per_core":512.0,"matmul_a_bytes":524288,"matmul_b_bytes":1048576,"hbm_pattern":""},{"name":"Pointwise","is_reduction":false,"out_elems":2097152,"cores":32,"dtype_bytes":2,"args":[{"name":"coarse_tile_combine_buf0","role":"output","mem":"hbm","elems":2097152,"broadcast":false,"dims":[1024,2048],"logical":[1024,2048],"loop_factor":1},{"name":"buf0","role":"input","mem":"hbm","elems":2097152,"broadcast":false,"dims":[32,1024,64],"logical":[1024,2048],"loop_factor":1},{"name":"buf2","role":"input","mem":"hbm","elems":2097152,"broadcast":false,"dims":[32,1024,64],"logical":[1024,2048],"loop_factor":1}],"reduction_cores":1,"loop_trip":16,"tiles_output_dim":true,"tile_rows_per_core":2,"is_matmul":false,"matmul_macs":0,"matmul_rows_per_core":0.0,"matmul_cols_per_core":0.0,"matmul_a_bytes":0,"matmul_b_bytes":0,"hbm_pattern":""},{"name":"Pointwise","is_reduction":false,"out_elems":4194304,"cores":32,"dtype_bytes":2,"args":[{"name":"coarse_tile_reduce_copy_buf0","role":"output","mem":"hbm","elems":4194304,"broadcast":false,"dims":[2048,2048],"logical":[2048,2048],"loop_factor":1},{"name":"buf2","role":"input","mem":"hbm","elems":2097152,"broadcast":false,"dims":[32,1024,64],"logical":[1024,2048],"loop_factor":1}],"reduction_cores":1,"loop_trip":2,"tiles_output_dim":true,"tile_rows_per_core":32,"is_matmul":false,"matmul_macs":0,"matmul_rows_per_core":0.0,"matmul_cols_per_core":0.0,"matmul_a_bytes":0,"matmul_b_bytes":0,"hbm_pattern":""}]
SUMMARY op=mm_nested_m_k rows=2048 cols=2048 cores=32 tiles=8 lx=1 io_hbm_bytes=50331776 kernel_us=2828.360 pred_us=1642.469 err_pct=-41.9 bw_gbps=17.8 memset_us=655.627 other_dev_us=512.541 total_dev_us=3996.528
## CT5 bmm k-tiled / 3d2d / nested B+K: B=4 M=1024 K=2048 N=1024, TILES{1..16}
-- bmm_k_tiling B=4 M=1024 K=2048 N=1024 tiles=1
  op_it_space_splits={d0: 1, d1: 16, d2: 2, d3: 1}
IO -- device-layout I/O (cost model, stick-padded) --
IO   op bmm [reduction]
IO     output op0                    torch [4, 1024, 1024] -> device [1024, 16, 4, 64] in HBM = 4194304 elems x 2B = 8388608 B  (hbm counted: 8388608 B)
IO     input  arg0_1                 torch [4, 1024, 2048] -> device [1024, 32, 4, 64] in HBM = 8388608 elems x 2B = 16777216 B  (hbm counted: 16777216 B)
IO     input  arg1_1                 torch [4, 2048, 1024] -> device [2048, 16, 4, 64] in HBM = 8388608 elems x 2B = 16777216 B  (hbm counted: 16777216 B)
IO   => HBM I/O total = 41943040 B  (lx 0 B, ~free)
MODEL -- estimate (turnaround): T = compute + (R+W)/BW_PEAK + a*min(R,W) --
MODEL   R=33554432 B (read)   W=8388608 B (write)   loop_trip L=1
MODEL   compute = MACs/cores/(mac_peak*pt_eff) = 8589934592/32/(1140*0.379) = 621.41 us  (M/m=4, pt_eff=0.379)
MODEL   base = R/150+W/150 = 279.62 us
MODEL   turn = a*min(R,W) = 0.00574*8388608 = 48.15 us
MODEL   => T_model = 798.40 us
MODEL FEATS [{"name":"bmm","is_reduction":true,"out_elems":4194304,"cores":32,"dtype_bytes":2,"args":[{"name":"op0","role":"output","mem":"hbm","elems":4194304,"broadcast":false,"dims":[1024,16,4,64],"logical":[4,1024,1024],"loop_factor":1},{"name":"arg0_1","role":"input","mem":"hbm","elems":8388608,"broadcast":false,"dims":[1024,32,4,64],"logical":[4,1024,2048],"loop_factor":1},{"name":"arg1_1","role":"input","mem":"hbm","elems":8388608,"broadcast":false,"dims":[2048,16,4,64],"logical":[4,2048,1024],"loop_factor":1}],"reduction_cores":1,"loop_trip":1,"tiles_output_dim":false,"tile_rows_per_core":0.0,"is_matmul":true,"matmul_macs":8589934592,"matmul_rows_per_core":4.0,"matmul_cols_per_core":512.0,"matmul_a_bytes":16384,"matmul_b_bytes":4194304,"hbm_pattern":""}]
SUMMARY op=bmm_k_tiling rows=1024 cols=2048 cores=32 tiles=1 lx=1 io_hbm_bytes=41943040 kernel_us=3802.782 pred_us=798.405 err_pct=-79.0 bw_gbps=11.0 memset_us=176.634 other_dev_us=609.601 total_dev_us=4589.017
-- bmm_k_tiling B=4 M=1024 K=2048 N=1024 tiles=2
  op_it_space_splits={d0: 1, d1: 32, d2: 1}
  op_it_space_splits={d0: 1, d1: 16, d2: 2, d3: 1}
  op_it_space_splits={d0: 1, d1: 32, d2: 1}
  op_it_space_splits={d0: 1, d1: 32, d2: 1}
  op_it_space_splits={d0: 1, d1: 16, d2: 2, d3: 1}
  op_it_space_splits={d0: 1, d1: 32, d2: 1}
  op_it_space_splits={d0: 1, d1: 32, d2: 1}
  op_it_space_splits={d0: 1, d1: 16, d2: 2, d3: 1}
  op_it_space_splits={d0: 1, d1: 32, d2: 1}
  op_it_space_splits={d0: 1, d1: 32, d2: 1}
  op_it_space_splits={d0: 1, d1: 16, d2: 2, d3: 1}
  op_it_space_splits={d0: 1, d1: 32, d2: 1}
  op_it_space_splits={d0: 1, d1: 32, d2: 1}
  op_it_space_splits={d0: 1, d1: 16, d2: 2, d3: 1}
  op_it_space_splits={d0: 1, d1: 32, d2: 1}
  op_it_space_splits={d0: 1, d1: 32, d2: 1}
  op_it_space_splits={d0: 1, d1: 16, d2: 2, d3: 1}
  op_it_space_splits={d0: 1, d1: 32, d2: 1}
IO -- device-layout I/O (cost model, stick-padded) --
IO   op Pointwise
IO     output coarse_tile_fill_buf0  torch [4, 1024, 1024] -> device [4, 1024, 1024] in HBM = 4194304 elems x 2B = 8388608 B  (hbm counted: 8388608 B)
IO     input  buf2                   device [1, 64] in HBM = 64 elems x 2B = 128 B  (hbm counted: 128 B) broadcast (loaded once)
IO   op bmm [reduction]
IO     output op0                    torch [4, 1024, 1024] -> device [1024, 16, 4, 64] in HBM = 4194304 elems x 2B = 8388608 B  (hbm counted: 16777216 B) xL=2
IO     input  arg0_1                 torch [4, 1024, 2048] -> device [1024, 32, 4, 64] in HBM = 8388608 elems x 2B = 16777216 B  (hbm counted: 16777216 B)
IO     input  arg1_1                 torch [4, 2048, 1024] -> device [2048, 16, 4, 64] in HBM = 8388608 elems x 2B = 16777216 B  (hbm counted: 16777216 B)
IO   op Pointwise
IO     output coarse_tile_combine_buf0 torch [4, 1024, 1024] -> device [4, 1024, 1024] in HBM = 4194304 elems x 2B = 8388608 B  (hbm counted: 16777216 B) xL=2
IO     input  buf0                   torch [4, 1024, 1024] -> device [1024, 16, 4, 64] in HBM = 4194304 elems x 2B = 8388608 B  (hbm counted: 16777216 B) xL=2
IO     input  buf1                   torch [4, 1024, 1024] -> device [1024, 16, 4, 64] in HBM = 4194304 elems x 2B = 8388608 B  (hbm counted: 16777216 B) xL=2
IO   => HBM I/O total = 109052032 B  (lx 0 B, ~free)
MODEL -- estimate (turnaround): T = compute + (R+W)/BW_PEAK + a*min(R,W) --
MODEL   R=67108992 B (read)   W=41943040 B (write)   loop_trip L=2
MODEL   compute = MACs/cores/(mac_peak*pt_eff) = 4294967296/32/(1140*0.379) = 310.70 us  (M/m=4, pt_eff=0.379)
MODEL   base = R/150+W/150 = 727.01 us
MODEL   turn = a*min(R,W) = 0.00574*41943040 = 240.75 us
MODEL   => T_model = 1135.94 us
MODEL FEATS [{"name":"Pointwise","is_reduction":false,"out_elems":4194304,"cores":32,"dtype_bytes":2,"args":[{"name":"coarse_tile_fill_buf0","role":"output","mem":"hbm","elems":4194304,"broadcast":false,"dims":[4,1024,1024],"logical":[4,1024,1024],"loop_factor":1},{"name":"buf2","role":"input","mem":"hbm","elems":64,"broadcast":true,"dims":[1,64],"logical":[],"loop_factor":1}],"reduction_cores":1,"loop_trip":1,"tiles_output_dim":false,"tile_rows_per_core":0.0,"is_matmul":false,"matmul_macs":0,"matmul_rows_per_core":0.0,"matmul_cols_per_core":0.0,"matmul_a_bytes":0,"matmul_b_bytes":0,"hbm_pattern":""},{"name":"bmm","is_reduction":true,"out_elems":4194304,"cores":32,"dtype_bytes":2,"args":[{"name":"op0","role":"output","mem":"hbm","elems":4194304,"broadcast":false,"dims":[1024,16,4,64],"logical":[4,1024,1024],"loop_factor":2},{"name":"arg0_1","role":"input","mem":"hbm","elems":8388608,"broadcast":false,"dims":[1024,32,4,64],"logical":[4,1024,2048],"loop_factor":1},{"name":"arg1_1","role":"input","mem":"hbm","elems":8388608,"broadcast":false,"dims":[2048,16,4,64],"logical":[4,2048,1024],"loop_factor":1}],"reduction_cores":1,"loop_trip":2,"tiles_output_dim":false,"tile_rows_per_core":0.0,"is_matmul":true,"matmul_macs":4294967296,"matmul_rows_per_core":4.0,"matmul_cols_per_core":512.0,"matmul_a_bytes":8192,"matmul_b_bytes":2097152,"hbm_pattern":""},{"name":"Pointwise","is_reduction":false,"out_elems":4194304,"cores":32,"dtype_bytes":2,"args":[{"name":"coarse_tile_combine_buf0","role":"output","mem":"hbm","elems":4194304,"broadcast":false,"dims":[4,1024,1024],"logical":[4,1024,1024],"loop_factor":2},{"name":"buf0","role":"input","mem":"hbm","elems":4194304,"broadcast":false,"dims":[1024,16,4,64],"logical":[4,1024,1024],"loop_factor":2},{"name":"buf1","role":"input","mem":"hbm","elems":4194304,"broadcast":false,"dims":[1024,16,4,64],"logical":[4,1024,1024],"loop_factor":2}],"reduction_cores":1,"loop_trip":2,"tiles_output_dim":false,"tile_rows_per_core":0.0,"is_matmul":false,"matmul_macs":0,"matmul_rows_per_core":0.0,"matmul_cols_per_core":0.0,"matmul_a_bytes":0,"matmul_b_bytes":0,"hbm_pattern":""}]
SUMMARY op=bmm_k_tiling rows=1024 cols=2048 cores=32 tiles=2 lx=1 io_hbm_bytes=109052032 kernel_us=4397.525 pred_us=1135.940 err_pct=-74.2 bw_gbps=24.8 memset_us=203.571 other_dev_us=620.059 total_dev_us=5221.155
-- bmm_k_tiling B=4 M=1024 K=2048 N=1024 tiles=4
  op_it_space_splits={d0: 1, d1: 32, d2: 1}
  op_it_space_splits={d0: 1, d1: 16, d2: 2, d3: 1}
  op_it_space_splits={d0: 1, d1: 32, d2: 1}
  op_it_space_splits={d0: 1, d1: 32, d2: 1}
  op_it_space_splits={d0: 1, d1: 16, d2: 2, d3: 1}
  op_it_space_splits={d0: 1, d1: 32, d2: 1}
  op_it_space_splits={d0: 1, d1: 32, d2: 1}
  op_it_space_splits={d0: 1, d1: 16, d2: 2, d3: 1}
  op_it_space_splits={d0: 1, d1: 32, d2: 1}
  op_it_space_splits={d0: 1, d1: 32, d2: 1}
  op_it_space_splits={d0: 1, d1: 16, d2: 2, d3: 1}
  op_it_space_splits={d0: 1, d1: 32, d2: 1}
  op_it_space_splits={d0: 1, d1: 32, d2: 1}
  op_it_space_splits={d0: 1, d1: 16, d2: 2, d3: 1}
  op_it_space_splits={d0: 1, d1: 32, d2: 1}
  op_it_space_splits={d0: 1, d1: 32, d2: 1}
  op_it_space_splits={d0: 1, d1: 16, d2: 2, d3: 1}
  op_it_space_splits={d0: 1, d1: 32, d2: 1}
IO -- device-layout I/O (cost model, stick-padded) --
IO   op Pointwise
IO     output coarse_tile_fill_buf0  torch [4, 1024, 1024] -> device [4, 1024, 1024] in HBM = 4194304 elems x 2B = 8388608 B  (hbm counted: 8388608 B)
IO     input  buf2                   device [1, 64] in HBM = 64 elems x 2B = 128 B  (hbm counted: 128 B) broadcast (loaded once)
IO   op bmm [reduction]
IO     output op0                    torch [4, 1024, 1024] -> device [1024, 16, 4, 64] in HBM = 4194304 elems x 2B = 8388608 B  (hbm counted: 33554432 B) xL=4
IO     input  arg0_1                 torch [4, 1024, 2048] -> device [1024, 32, 4, 64] in HBM = 8388608 elems x 2B = 16777216 B  (hbm counted: 16777216 B)
IO     input  arg1_1                 torch [4, 2048, 1024] -> device [2048, 16, 4, 64] in HBM = 8388608 elems x 2B = 16777216 B  (hbm counted: 16777216 B)
IO   op Pointwise
IO     output coarse_tile_combine_buf0 torch [4, 1024, 1024] -> device [4, 1024, 1024] in HBM = 4194304 elems x 2B = 8388608 B  (hbm counted: 33554432 B) xL=4
IO     input  buf0                   torch [4, 1024, 1024] -> device [1024, 16, 4, 64] in HBM = 4194304 elems x 2B = 8388608 B  (hbm counted: 33554432 B) xL=4
IO     input  buf1                   torch [4, 1024, 1024] -> device [1024, 16, 4, 64] in HBM = 4194304 elems x 2B = 8388608 B  (hbm counted: 33554432 B) xL=4
IO   => HBM I/O total = 176160896 B  (lx 0 B, ~free)
MODEL -- estimate (turnaround): T = compute + (R+W)/BW_PEAK + a*min(R,W) --
MODEL   R=100663424 B (read)   W=75497472 B (write)   loop_trip L=4
MODEL   compute = MACs/cores/(mac_peak*pt_eff) = 2147483648/32/(1140*0.379) = 155.35 us  (M/m=4, pt_eff=0.379)
MODEL   base = R/150+W/150 = 1174.41 us
MODEL   turn = a*min(R,W) = 0.00574*75497472 = 433.36 us
MODEL   => T_model = 1692.05 us
MODEL FEATS [{"name":"Pointwise","is_reduction":false,"out_elems":4194304,"cores":32,"dtype_bytes":2,"args":[{"name":"coarse_tile_fill_buf0","role":"output","mem":"hbm","elems":4194304,"broadcast":false,"dims":[4,1024,1024],"logical":[4,1024,1024],"loop_factor":1},{"name":"buf2","role":"input","mem":"hbm","elems":64,"broadcast":true,"dims":[1,64],"logical":[],"loop_factor":1}],"reduction_cores":1,"loop_trip":1,"tiles_output_dim":false,"tile_rows_per_core":0.0,"is_matmul":false,"matmul_macs":0,"matmul_rows_per_core":0.0,"matmul_cols_per_core":0.0,"matmul_a_bytes":0,"matmul_b_bytes":0,"hbm_pattern":""},{"name":"bmm","is_reduction":true,"out_elems":4194304,"cores":32,"dtype_bytes":2,"args":[{"name":"op0","role":"output","mem":"hbm","elems":4194304,"broadcast":false,"dims":[1024,16,4,64],"logical":[4,1024,1024],"loop_factor":4},{"name":"arg0_1","role":"input","mem":"hbm","elems":8388608,"broadcast":false,"dims":[1024,32,4,64],"logical":[4,1024,2048],"loop_factor":1},{"name":"arg1_1","role":"input","mem":"hbm","elems":8388608,"broadcast":false,"dims":[2048,16,4,64],"logical":[4,2048,1024],"loop_factor":1}],"reduction_cores":1,"loop_trip":4,"tiles_output_dim":false,"tile_rows_per_core":0.0,"is_matmul":true,"matmul_macs":2147483648,"matmul_rows_per_core":4.0,"matmul_cols_per_core":512.0,"matmul_a_bytes":4096,"matmul_b_bytes":1048576,"hbm_pattern":""},{"name":"Pointwise","is_reduction":false,"out_elems":4194304,"cores":32,"dtype_bytes":2,"args":[{"name":"coarse_tile_combine_buf0","role":"output","mem":"hbm","elems":4194304,"broadcast":false,"dims":[4,1024,1024],"logical":[4,1024,1024],"loop_factor":4},{"name":"buf0","role":"input","mem":"hbm","elems":4194304,"broadcast":false,"dims":[1024,16,4,64],"logical":[4,1024,1024],"loop_factor":4},{"name":"buf1","role":"input","mem":"hbm","elems":4194304,"broadcast":false,"dims":[1024,16,4,64],"logical":[4,1024,1024],"loop_factor":4}],"reduction_cores":1,"loop_trip":4,"tiles_output_dim":false,"tile_rows_per_core":0.0,"is_matmul":false,"matmul_macs":0,"matmul_rows_per_core":0.0,"matmul_cols_per_core":0.0,"matmul_a_bytes":0,"matmul_b_bytes":0,"hbm_pattern":""}]
SUMMARY op=bmm_k_tiling rows=1024 cols=2048 cores=32 tiles=4 lx=1 io_hbm_bytes=176160896 kernel_us=4949.207 pred_us=1692.045 err_pct=-65.8 bw_gbps=35.6 memset_us=304.508 other_dev_us=590.137 total_dev_us=5843.852
-- bmm_k_tiling B=4 M=1024 K=2048 N=1024 tiles=8
  op_it_space_splits={d0: 1, d1: 32, d2: 1}
  op_it_space_splits={d0: 1, d1: 16, d2: 2, d3: 1}
  op_it_space_splits={d0: 1, d1: 32, d2: 1}
  op_it_space_splits={d0: 1, d1: 32, d2: 1}
  op_it_space_splits={d0: 1, d1: 16, d2: 2, d3: 1}
  op_it_space_splits={d0: 1, d1: 32, d2: 1}
  op_it_space_splits={d0: 1, d1: 32, d2: 1}
  op_it_space_splits={d0: 1, d1: 16, d2: 2, d3: 1}
  op_it_space_splits={d0: 1, d1: 32, d2: 1}
  op_it_space_splits={d0: 1, d1: 32, d2: 1}
  op_it_space_splits={d0: 1, d1: 16, d2: 2, d3: 1}
  op_it_space_splits={d0: 1, d1: 32, d2: 1}
  op_it_space_splits={d0: 1, d1: 32, d2: 1}
  op_it_space_splits={d0: 1, d1: 16, d2: 2, d3: 1}
  op_it_space_splits={d0: 1, d1: 32, d2: 1}
  op_it_space_splits={d0: 1, d1: 32, d2: 1}
  op_it_space_splits={d0: 1, d1: 16, d2: 2, d3: 1}
  op_it_space_splits={d0: 1, d1: 32, d2: 1}
IO -- device-layout I/O (cost model, stick-padded) --
IO   op Pointwise
IO     output coarse_tile_fill_buf0  torch [4, 1024, 1024] -> device [4, 1024, 1024] in HBM = 4194304 elems x 2B = 8388608 B  (hbm counted: 8388608 B)
IO     input  buf2                   device [1, 64] in HBM = 64 elems x 2B = 128 B  (hbm counted: 128 B) broadcast (loaded once)
IO   op bmm [reduction]
IO     output op0                    torch [4, 1024, 1024] -> device [1024, 16, 4, 64] in HBM = 4194304 elems x 2B = 8388608 B  (hbm counted: 67108864 B) xL=8
IO     input  arg0_1                 torch [4, 1024, 2048] -> device [1024, 32, 4, 64] in HBM = 8388608 elems x 2B = 16777216 B  (hbm counted: 16777216 B)
IO     input  arg1_1                 torch [4, 2048, 1024] -> device [2048, 16, 4, 64] in HBM = 8388608 elems x 2B = 16777216 B  (hbm counted: 16777216 B)
IO   op Pointwise
IO     output coarse_tile_combine_buf0 torch [4, 1024, 1024] -> device [4, 1024, 1024] in HBM = 4194304 elems x 2B = 8388608 B  (hbm counted: 67108864 B) xL=8
IO     input  buf0                   torch [4, 1024, 1024] -> device [1024, 16, 4, 64] in HBM = 4194304 elems x 2B = 8388608 B  (hbm counted: 67108864 B) xL=8
IO     input  buf1                   torch [4, 1024, 1024] -> device [1024, 16, 4, 64] in HBM = 4194304 elems x 2B = 8388608 B  (hbm counted: 67108864 B) xL=8
IO   => HBM I/O total = 310378624 B  (lx 0 B, ~free)
MODEL -- estimate (turnaround): T = compute + (R+W)/BW_PEAK + a*min(R,W) --
MODEL   R=167772288 B (read)   W=142606336 B (write)   loop_trip L=8
MODEL   compute = MACs/cores/(mac_peak*pt_eff) = 1073741824/32/(1140*0.379) = 77.68 us  (M/m=4, pt_eff=0.379)
MODEL   base = R/150+W/150 = 2069.19 us
MODEL   turn = a*min(R,W) = 0.00574*142606336 = 818.56 us
MODEL   => T_model = 2930.09 us
MODEL FEATS [{"name":"Pointwise","is_reduction":false,"out_elems":4194304,"cores":32,"dtype_bytes":2,"args":[{"name":"coarse_tile_fill_buf0","role":"output","mem":"hbm","elems":4194304,"broadcast":false,"dims":[4,1024,1024],"logical":[4,1024,1024],"loop_factor":1},{"name":"buf2","role":"input","mem":"hbm","elems":64,"broadcast":true,"dims":[1,64],"logical":[],"loop_factor":1}],"reduction_cores":1,"loop_trip":1,"tiles_output_dim":false,"tile_rows_per_core":0.0,"is_matmul":false,"matmul_macs":0,"matmul_rows_per_core":0.0,"matmul_cols_per_core":0.0,"matmul_a_bytes":0,"matmul_b_bytes":0,"hbm_pattern":""},{"name":"bmm","is_reduction":true,"out_elems":4194304,"cores":32,"dtype_bytes":2,"args":[{"name":"op0","role":"output","mem":"hbm","elems":4194304,"broadcast":false,"dims":[1024,16,4,64],"logical":[4,1024,1024],"loop_factor":8},{"name":"arg0_1","role":"input","mem":"hbm","elems":8388608,"broadcast":false,"dims":[1024,32,4,64],"logical":[4,1024,2048],"loop_factor":1},{"name":"arg1_1","role":"input","mem":"hbm","elems":8388608,"broadcast":false,"dims":[2048,16,4,64],"logical":[4,2048,1024],"loop_factor":1}],"reduction_cores":1,"loop_trip":8,"tiles_output_dim":false,"tile_rows_per_core":0.0,"is_matmul":true,"matmul_macs":1073741824,"matmul_rows_per_core":4.0,"matmul_cols_per_core":512.0,"matmul_a_bytes":2048,"matmul_b_bytes":524288,"hbm_pattern":""},{"name":"Pointwise","is_reduction":false,"out_elems":4194304,"cores":32,"dtype_bytes":2,"args":[{"name":"coarse_tile_combine_buf0","role":"output","mem":"hbm","elems":4194304,"broadcast":false,"dims":[4,1024,1024],"logical":[4,1024,1024],"loop_factor":8},{"name":"buf0","role":"input","mem":"hbm","elems":4194304,"broadcast":false,"dims":[1024,16,4,64],"logical":[4,1024,1024],"loop_factor":8},{"name":"buf1","role":"input","mem":"hbm","elems":4194304,"broadcast":false,"dims":[1024,16,4,64],"logical":[4,1024,1024],"loop_factor":8}],"reduction_cores":1,"loop_trip":8,"tiles_output_dim":false,"tile_rows_per_core":0.0,"is_matmul":false,"matmul_macs":0,"matmul_rows_per_core":0.0,"matmul_cols_per_core":0.0,"matmul_a_bytes":0,"matmul_b_bytes":0,"hbm_pattern":""}]
SUMMARY op=bmm_k_tiling rows=1024 cols=2048 cores=32 tiles=8 lx=1 io_hbm_bytes=310378624 kernel_us=6092.077 pred_us=2930.090 err_pct=-51.9 bw_gbps=50.9 memset_us=357.402 other_dev_us=693.428 total_dev_us=7142.907
-- bmm_k_tiling B=4 M=1024 K=2048 N=1024 tiles=16
  op_it_space_splits={d0: 1, d1: 32, d2: 1}
  op_it_space_splits={d0: 1, d1: 16, d2: 2, d3: 1}
  op_it_space_splits={d0: 1, d1: 32, d2: 1}
  op_it_space_splits={d0: 1, d1: 32, d2: 1}
  op_it_space_splits={d0: 1, d1: 16, d2: 2, d3: 1}
  op_it_space_splits={d0: 1, d1: 32, d2: 1}
  op_it_space_splits={d0: 1, d1: 32, d2: 1}
  op_it_space_splits={d0: 1, d1: 16, d2: 2, d3: 1}
  op_it_space_splits={d0: 1, d1: 32, d2: 1}
  op_it_space_splits={d0: 1, d1: 32, d2: 1}
  op_it_space_splits={d0: 1, d1: 16, d2: 2, d3: 1}
  op_it_space_splits={d0: 1, d1: 32, d2: 1}
  op_it_space_splits={d0: 1, d1: 32, d2: 1}
  op_it_space_splits={d0: 1, d1: 16, d2: 2, d3: 1}
  op_it_space_splits={d0: 1, d1: 32, d2: 1}
  op_it_space_splits={d0: 1, d1: 32, d2: 1}
  op_it_space_splits={d0: 1, d1: 16, d2: 2, d3: 1}
  op_it_space_splits={d0: 1, d1: 32, d2: 1}
IO -- device-layout I/O (cost model, stick-padded) --
IO   op Pointwise
IO     output coarse_tile_fill_buf0  torch [4, 1024, 1024] -> device [4, 1024, 1024] in HBM = 4194304 elems x 2B = 8388608 B  (hbm counted: 8388608 B)
IO     input  buf2                   device [1, 64] in HBM = 64 elems x 2B = 128 B  (hbm counted: 128 B) broadcast (loaded once)
IO   op bmm [reduction]
IO     output op0                    torch [4, 1024, 1024] -> device [1024, 16, 4, 64] in HBM = 4194304 elems x 2B = 8388608 B  (hbm counted: 134217728 B) xL=16
IO     input  arg0_1                 torch [4, 1024, 2048] -> device [1024, 32, 4, 64] in HBM = 8388608 elems x 2B = 16777216 B  (hbm counted: 16777216 B)
IO     input  arg1_1                 torch [4, 2048, 1024] -> device [2048, 16, 4, 64] in HBM = 8388608 elems x 2B = 16777216 B  (hbm counted: 16777216 B)
IO   op Pointwise
IO     output coarse_tile_combine_buf0 torch [4, 1024, 1024] -> device [4, 1024, 1024] in HBM = 4194304 elems x 2B = 8388608 B  (hbm counted: 134217728 B) xL=16
IO     input  buf0                   torch [4, 1024, 1024] -> device [1024, 16, 4, 64] in HBM = 4194304 elems x 2B = 8388608 B  (hbm counted: 134217728 B) xL=16
IO     input  buf1                   torch [4, 1024, 1024] -> device [1024, 16, 4, 64] in HBM = 4194304 elems x 2B = 8388608 B  (hbm counted: 134217728 B) xL=16
IO   => HBM I/O total = 578814080 B  (lx 0 B, ~free)
MODEL -- estimate (turnaround): T = compute + (R+W)/BW_PEAK + a*min(R,W) --
MODEL   R=301990016 B (read)   W=276824064 B (write)   loop_trip L=16
MODEL   compute = MACs/cores/(mac_peak*pt_eff) = 536870912/32/(1140*0.379) = 38.84 us  (M/m=4, pt_eff=0.379)
MODEL   base = R/150+W/150 = 3858.76 us
MODEL   turn = a*min(R,W) = 0.00574*276824064 = 1588.97 us
MODEL   => T_model = 5469.10 us
MODEL FEATS [{"name":"Pointwise","is_reduction":false,"out_elems":4194304,"cores":32,"dtype_bytes":2,"args":[{"name":"coarse_tile_fill_buf0","role":"output","mem":"hbm","elems":4194304,"broadcast":false,"dims":[4,1024,1024],"logical":[4,1024,1024],"loop_factor":1},{"name":"buf2","role":"input","mem":"hbm","elems":64,"broadcast":true,"dims":[1,64],"logical":[],"loop_factor":1}],"reduction_cores":1,"loop_trip":1,"tiles_output_dim":false,"tile_rows_per_core":0.0,"is_matmul":false,"matmul_macs":0,"matmul_rows_per_core":0.0,"matmul_cols_per_core":0.0,"matmul_a_bytes":0,"matmul_b_bytes":0,"hbm_pattern":""},{"name":"bmm","is_reduction":true,"out_elems":4194304,"cores":32,"dtype_bytes":2,"args":[{"name":"op0","role":"output","mem":"hbm","elems":4194304,"broadcast":false,"dims":[1024,16,4,64],"logical":[4,1024,1024],"loop_factor":16},{"name":"arg0_1","role":"input","mem":"hbm","elems":8388608,"broadcast":false,"dims":[1024,32,4,64],"logical":[4,1024,2048],"loop_factor":1},{"name":"arg1_1","role":"input","mem":"hbm","elems":8388608,"broadcast":false,"dims":[2048,16,4,64],"logical":[4,2048,1024],"loop_factor":1}],"reduction_cores":1,"loop_trip":16,"tiles_output_dim":false,"tile_rows_per_core":0.0,"is_matmul":true,"matmul_macs":536870912,"matmul_rows_per_core":4.0,"matmul_cols_per_core":512.0,"matmul_a_bytes":1024,"matmul_b_bytes":262144,"hbm_pattern":""},{"name":"Pointwise","is_reduction":false,"out_elems":4194304,"cores":32,"dtype_bytes":2,"args":[{"name":"coarse_tile_combine_buf0","role":"output","mem":"hbm","elems":4194304,"broadcast":false,"dims":[4,1024,1024],"logical":[4,1024,1024],"loop_factor":16},{"name":"buf0","role":"input","mem":"hbm","elems":4194304,"broadcast":false,"dims":[1024,16,4,64],"logical":[4,1024,1024],"loop_factor":16},{"name":"buf1","role":"input","mem":"hbm","elems":4194304,"broadcast":false,"dims":[1024,16,4,64],"logical":[4,1024,1024],"loop_factor":16}],"reduction_cores":1,"loop_trip":16,"tiles_output_dim":false,"tile_rows_per_core":0.0,"is_matmul":false,"matmul_macs":0,"matmul_rows_per_core":0.0,"matmul_cols_per_core":0.0,"matmul_a_bytes":0,"matmul_b_bytes":0,"hbm_pattern":""}]
SUMMARY op=bmm_k_tiling rows=1024 cols=2048 cores=32 tiles=16 lx=1 io_hbm_bytes=578814080 kernel_us=8363.558 pred_us=5469.097 err_pct=-34.6 bw_gbps=69.2 memset_us=598.255 other_dev_us=600.277 total_dev_us=9562.090
-- bmm_3d2d_k_tiling B=4 M=1024 K=2048 N=1024 tiles=1
  op_it_space_splits={d0: 1, d1: 8, d2: 4, d3: 1}
IO -- device-layout I/O (cost model, stick-padded) --
IO   op bmm_default [reduction]
IO     output op0                    torch [4, 1024, 1024] -> device [1024, 16, 4, 64] in HBM = 4194304 elems x 2B = 8388608 B  (hbm counted: 8388608 B)
IO     input  arg0_1                 torch [4, 1024, 2048] -> device [1024, 32, 4, 64] in HBM = 8388608 elems x 2B = 16777216 B  (hbm counted: 16777216 B)
IO     input  arg1_1                 torch [2048, 1024] -> device [16, 2048, 64] in HBM = 2097152 elems x 2B = 4194304 B  (hbm counted: 4194304 B) broadcast (loaded once)
IO   => HBM I/O total = 29360128 B  (lx 0 B, ~free)
MODEL -- estimate (turnaround): T = compute + (R+W)/BW_PEAK + a*min(R,W) --
MODEL   R=20971520 B (read)   W=8388608 B (write)   loop_trip L=1
MODEL   compute = MACs/cores/(mac_peak*pt_eff) = 8589934592/32/(1140*0.379) = 621.41 us  (M/m=4, pt_eff=0.379)
MODEL   base = R/150+W/150 = 195.73 us
MODEL   turn = a*min(R,W) = 0.00574*8388608 = 48.15 us
MODEL   => T_model = 753.11 us
MODEL FEATS [{"name":"bmm_default","is_reduction":true,"out_elems":4194304,"cores":32,"dtype_bytes":2,"args":[{"name":"op0","role":"output","mem":"hbm","elems":4194304,"broadcast":false,"dims":[1024,16,4,64],"logical":[4,1024,1024],"loop_factor":1},{"name":"arg0_1","role":"input","mem":"hbm","elems":8388608,"broadcast":false,"dims":[1024,32,4,64],"logical":[4,1024,2048],"loop_factor":1},{"name":"arg1_1","role":"input","mem":"hbm","elems":2097152,"broadcast":true,"dims":[16,2048,64],"logical":[2048,1024],"loop_factor":1}],"reduction_cores":1,"loop_trip":1,"tiles_output_dim":false,"tile_rows_per_core":0.0,"is_matmul":true,"matmul_macs":8589934592,"matmul_rows_per_core":4.0,"matmul_cols_per_core":256.0,"matmul_a_bytes":16384,"matmul_b_bytes":4194304,"hbm_pattern":""}]
SUMMARY op=bmm_3d2d_k_tiling rows=1024 cols=2048 cores=32 tiles=1 lx=1 io_hbm_bytes=29360128 kernel_us=602.738 pred_us=753.106 err_pct=+24.9 bw_gbps=48.7 memset_us=172.211 other_dev_us=491.868 total_dev_us=1266.817
-- bmm_3d2d_k_tiling B=4 M=1024 K=2048 N=1024 tiles=2
  op_it_space_splits={d0: 1, d1: 32, d2: 1}
  op_it_space_splits={d0: 1, d1: 4, d2: 8, d3: 1}
  op_it_space_splits={d0: 1, d1: 32, d2: 1}
  op_it_space_splits={d0: 1, d1: 32, d2: 1}
  op_it_space_splits={d0: 1, d1: 4, d2: 8, d3: 1}
  op_it_space_splits={d0: 1, d1: 32, d2: 1}
  op_it_space_splits={d0: 1, d1: 32, d2: 1}
  op_it_space_splits={d0: 1, d1: 4, d2: 8, d3: 1}
  op_it_space_splits={d0: 1, d1: 32, d2: 1}
  op_it_space_splits={d0: 1, d1: 32, d2: 1}
  op_it_space_splits={d0: 1, d1: 4, d2: 8, d3: 1}
  op_it_space_splits={d0: 1, d1: 32, d2: 1}
  op_it_space_splits={d0: 1, d1: 32, d2: 1}
  op_it_space_splits={d0: 1, d1: 4, d2: 8, d3: 1}
  op_it_space_splits={d0: 1, d1: 32, d2: 1}
  op_it_space_splits={d0: 1, d1: 32, d2: 1}
  op_it_space_splits={d0: 1, d1: 4, d2: 8, d3: 1}
  op_it_space_splits={d0: 1, d1: 32, d2: 1}
IO -- device-layout I/O (cost model, stick-padded) --
IO   op Pointwise
IO     output coarse_tile_fill_buf0  torch [4, 1024, 1024] -> device [4, 1024, 1024] in HBM = 4194304 elems x 2B = 8388608 B  (hbm counted: 8388608 B)
IO     input  buf2                   device [1, 64] in HBM = 64 elems x 2B = 128 B  (hbm counted: 128 B) broadcast (loaded once)
IO   op bmm_default [reduction]
IO     output op0                    torch [4, 1024, 1024] -> device [1024, 16, 4, 64] in HBM = 4194304 elems x 2B = 8388608 B  (hbm counted: 16777216 B) xL=2
IO     input  arg0_1                 torch [4, 1024, 2048] -> device [1024, 32, 4, 64] in HBM = 8388608 elems x 2B = 16777216 B  (hbm counted: 16777216 B)
IO     input  arg1_1                 torch [2048, 1024] -> device [16, 2048, 64] in HBM = 2097152 elems x 2B = 4194304 B  (hbm counted: 4194304 B) broadcast (loaded once)
IO   op Pointwise
IO     output coarse_tile_combine_buf0 torch [4, 1024, 1024] -> device [4, 1024, 1024] in HBM = 4194304 elems x 2B = 8388608 B  (hbm counted: 16777216 B) xL=2
IO     input  buf0                   torch [4, 1024, 1024] -> device [1024, 16, 4, 64] in HBM = 4194304 elems x 2B = 8388608 B  (hbm counted: 16777216 B) xL=2
IO     input  buf1                   torch [4, 1024, 1024] -> device [1024, 16, 4, 64] in HBM = 4194304 elems x 2B = 8388608 B  (hbm counted: 16777216 B) xL=2
IO   => HBM I/O total = 96469120 B  (lx 0 B, ~free)
MODEL -- estimate (turnaround): T = compute + (R+W)/BW_PEAK + a*min(R,W) --
MODEL   R=54526080 B (read)   W=41943040 B (write)   loop_trip L=2
MODEL   compute = MACs/cores/(mac_peak*pt_eff) = 4294967296/32/(1140*0.379) = 310.70 us  (M/m=4, pt_eff=0.379)
MODEL   base = R/150+W/150 = 643.13 us
MODEL   turn = a*min(R,W) = 0.00574*41943040 = 240.75 us
MODEL   => T_model = 1052.05 us
MODEL FEATS [{"name":"Pointwise","is_reduction":false,"out_elems":4194304,"cores":32,"dtype_bytes":2,"args":[{"name":"coarse_tile_fill_buf0","role":"output","mem":"hbm","elems":4194304,"broadcast":false,"dims":[4,1024,1024],"logical":[4,1024,1024],"loop_factor":1},{"name":"buf2","role":"input","mem":"hbm","elems":64,"broadcast":true,"dims":[1,64],"logical":[],"loop_factor":1}],"reduction_cores":1,"loop_trip":1,"tiles_output_dim":false,"tile_rows_per_core":0.0,"is_matmul":false,"matmul_macs":0,"matmul_rows_per_core":0.0,"matmul_cols_per_core":0.0,"matmul_a_bytes":0,"matmul_b_bytes":0,"hbm_pattern":""},{"name":"bmm_default","is_reduction":true,"out_elems":4194304,"cores":32,"dtype_bytes":2,"args":[{"name":"op0","role":"output","mem":"hbm","elems":4194304,"broadcast":false,"dims":[1024,16,4,64],"logical":[4,1024,1024],"loop_factor":2},{"name":"arg0_1","role":"input","mem":"hbm","elems":8388608,"broadcast":false,"dims":[1024,32,4,64],"logical":[4,1024,2048],"loop_factor":1},{"name":"arg1_1","role":"input","mem":"hbm","elems":2097152,"broadcast":true,"dims":[16,2048,64],"logical":[2048,1024],"loop_factor":1}],"reduction_cores":1,"loop_trip":2,"tiles_output_dim":false,"tile_rows_per_core":0.0,"is_matmul":true,"matmul_macs":4294967296,"matmul_rows_per_core":4.0,"matmul_cols_per_core":128.0,"matmul_a_bytes":8192,"matmul_b_bytes":2097152,"hbm_pattern":""},{"name":"Pointwise","is_reduction":false,"out_elems":4194304,"cores":32,"dtype_bytes":2,"args":[{"name":"coarse_tile_combine_buf0","role":"output","mem":"hbm","elems":4194304,"broadcast":false,"dims":[4,1024,1024],"logical":[4,1024,1024],"loop_factor":2},{"name":"buf0","role":"input","mem":"hbm","elems":4194304,"broadcast":false,"dims":[1024,16,4,64],"logical":[4,1024,1024],"loop_factor":2},{"name":"buf1","role":"input","mem":"hbm","elems":4194304,"broadcast":false,"dims":[1024,16,4,64],"logical":[4,1024,1024],"loop_factor":2}],"reduction_cores":1,"loop_trip":2,"tiles_output_dim":false,"tile_rows_per_core":0.0,"is_matmul":false,"matmul_macs":0,"matmul_rows_per_core":0.0,"matmul_cols_per_core":0.0,"matmul_a_bytes":0,"matmul_b_bytes":0,"hbm_pattern":""}]
SUMMARY op=bmm_3d2d_k_tiling rows=1024 cols=2048 cores=32 tiles=2 lx=1 io_hbm_bytes=96469120 kernel_us=1172.446 pred_us=1052.054 err_pct=-10.3 bw_gbps=82.3 memset_us=265.583 other_dev_us=641.707 total_dev_us=2079.736
-- bmm_3d2d_k_tiling B=4 M=1024 K=2048 N=1024 tiles=4
  op_it_space_splits={d0: 1, d1: 32, d2: 1}
  op_it_space_splits={d0: 1, d1: 4, d2: 8, d3: 1}
  op_it_space_splits={d0: 1, d1: 32, d2: 1}
  op_it_space_splits={d0: 1, d1: 32, d2: 1}
  op_it_space_splits={d0: 1, d1: 4, d2: 8, d3: 1}
  op_it_space_splits={d0: 1, d1: 32, d2: 1}
  op_it_space_splits={d0: 1, d1: 32, d2: 1}
  op_it_space_splits={d0: 1, d1: 4, d2: 8, d3: 1}
  op_it_space_splits={d0: 1, d1: 32, d2: 1}
  op_it_space_splits={d0: 1, d1: 32, d2: 1}
  op_it_space_splits={d0: 1, d1: 4, d2: 8, d3: 1}
  op_it_space_splits={d0: 1, d1: 32, d2: 1}
  op_it_space_splits={d0: 1, d1: 32, d2: 1}
  op_it_space_splits={d0: 1, d1: 4, d2: 8, d3: 1}
  op_it_space_splits={d0: 1, d1: 32, d2: 1}
  op_it_space_splits={d0: 1, d1: 32, d2: 1}
  op_it_space_splits={d0: 1, d1: 4, d2: 8, d3: 1}
  op_it_space_splits={d0: 1, d1: 32, d2: 1}
IO -- device-layout I/O (cost model, stick-padded) --
IO   op Pointwise
IO     output coarse_tile_fill_buf0  torch [4, 1024, 1024] -> device [4, 1024, 1024] in HBM = 4194304 elems x 2B = 8388608 B  (hbm counted: 8388608 B)
IO     input  buf2                   device [1, 64] in HBM = 64 elems x 2B = 128 B  (hbm counted: 128 B) broadcast (loaded once)
IO   op bmm_default [reduction]
IO     output op0                    torch [4, 1024, 1024] -> device [1024, 16, 4, 64] in HBM = 4194304 elems x 2B = 8388608 B  (hbm counted: 33554432 B) xL=4
IO     input  arg0_1                 torch [4, 1024, 2048] -> device [1024, 32, 4, 64] in HBM = 8388608 elems x 2B = 16777216 B  (hbm counted: 16777216 B)
IO     input  arg1_1                 torch [2048, 1024] -> device [16, 2048, 64] in HBM = 2097152 elems x 2B = 4194304 B  (hbm counted: 4194304 B) broadcast (loaded once)
IO   op Pointwise
IO     output coarse_tile_combine_buf0 torch [4, 1024, 1024] -> device [4, 1024, 1024] in HBM = 4194304 elems x 2B = 8388608 B  (hbm counted: 33554432 B) xL=4
IO     input  buf0                   torch [4, 1024, 1024] -> device [1024, 16, 4, 64] in HBM = 4194304 elems x 2B = 8388608 B  (hbm counted: 33554432 B) xL=4
IO     input  buf1                   torch [4, 1024, 1024] -> device [1024, 16, 4, 64] in HBM = 4194304 elems x 2B = 8388608 B  (hbm counted: 33554432 B) xL=4
IO   => HBM I/O total = 163577984 B  (lx 0 B, ~free)
MODEL -- estimate (turnaround): T = compute + (R+W)/BW_PEAK + a*min(R,W) --
MODEL   R=88080512 B (read)   W=75497472 B (write)   loop_trip L=4
MODEL   compute = MACs/cores/(mac_peak*pt_eff) = 2147483648/32/(1140*0.379) = 155.35 us  (M/m=4, pt_eff=0.379)
MODEL   base = R/150+W/150 = 1090.52 us
MODEL   turn = a*min(R,W) = 0.00574*75497472 = 433.36 us
MODEL   => T_model = 1608.16 us
MODEL FEATS [{"name":"Pointwise","is_reduction":false,"out_elems":4194304,"cores":32,"dtype_bytes":2,"args":[{"name":"coarse_tile_fill_buf0","role":"output","mem":"hbm","elems":4194304,"broadcast":false,"dims":[4,1024,1024],"logical":[4,1024,1024],"loop_factor":1},{"name":"buf2","role":"input","mem":"hbm","elems":64,"broadcast":true,"dims":[1,64],"logical":[],"loop_factor":1}],"reduction_cores":1,"loop_trip":1,"tiles_output_dim":false,"tile_rows_per_core":0.0,"is_matmul":false,"matmul_macs":0,"matmul_rows_per_core":0.0,"matmul_cols_per_core":0.0,"matmul_a_bytes":0,"matmul_b_bytes":0,"hbm_pattern":""},{"name":"bmm_default","is_reduction":true,"out_elems":4194304,"cores":32,"dtype_bytes":2,"args":[{"name":"op0","role":"output","mem":"hbm","elems":4194304,"broadcast":false,"dims":[1024,16,4,64],"logical":[4,1024,1024],"loop_factor":4},{"name":"arg0_1","role":"input","mem":"hbm","elems":8388608,"broadcast":false,"dims":[1024,32,4,64],"logical":[4,1024,2048],"loop_factor":1},{"name":"arg1_1","role":"input","mem":"hbm","elems":2097152,"broadcast":true,"dims":[16,2048,64],"logical":[2048,1024],"loop_factor":1}],"reduction_cores":1,"loop_trip":4,"tiles_output_dim":false,"tile_rows_per_core":0.0,"is_matmul":true,"matmul_macs":2147483648,"matmul_rows_per_core":4.0,"matmul_cols_per_core":128.0,"matmul_a_bytes":4096,"matmul_b_bytes":1048576,"hbm_pattern":""},{"name":"Pointwise","is_reduction":false,"out_elems":4194304,"cores":32,"dtype_bytes":2,"args":[{"name":"coarse_tile_combine_buf0","role":"output","mem":"hbm","elems":4194304,"broadcast":false,"dims":[4,1024,1024],"logical":[4,1024,1024],"loop_factor":4},{"name":"buf0","role":"input","mem":"hbm","elems":4194304,"broadcast":false,"dims":[1024,16,4,64],"logical":[4,1024,1024],"loop_factor":4},{"name":"buf1","role":"input","mem":"hbm","elems":4194304,"broadcast":false,"dims":[1024,16,4,64],"logical":[4,1024,1024],"loop_factor":4}],"reduction_cores":1,"loop_trip":4,"tiles_output_dim":false,"tile_rows_per_core":0.0,"is_matmul":false,"matmul_macs":0,"matmul_rows_per_core":0.0,"matmul_cols_per_core":0.0,"matmul_a_bytes":0,"matmul_b_bytes":0,"hbm_pattern":""}]
SUMMARY op=bmm_3d2d_k_tiling rows=1024 cols=2048 cores=32 tiles=4 lx=1 io_hbm_bytes=163577984 kernel_us=1870.150 pred_us=1608.159 err_pct=-14.0 bw_gbps=87.5 memset_us=308.651 other_dev_us=540.860 total_dev_us=2719.661
-- bmm_3d2d_k_tiling B=4 M=1024 K=2048 N=1024 tiles=8
  op_it_space_splits={d0: 1, d1: 32, d2: 1}
  op_it_space_splits={d0: 1, d1: 4, d2: 8, d3: 1}
  op_it_space_splits={d0: 1, d1: 32, d2: 1}
  op_it_space_splits={d0: 1, d1: 32, d2: 1}
  op_it_space_splits={d0: 1, d1: 4, d2: 8, d3: 1}
  op_it_space_splits={d0: 1, d1: 32, d2: 1}
  op_it_space_splits={d0: 1, d1: 32, d2: 1}
  op_it_space_splits={d0: 1, d1: 4, d2: 8, d3: 1}
  op_it_space_splits={d0: 1, d1: 32, d2: 1}
  op_it_space_splits={d0: 1, d1: 32, d2: 1}
  op_it_space_splits={d0: 1, d1: 4, d2: 8, d3: 1}
  op_it_space_splits={d0: 1, d1: 32, d2: 1}
  op_it_space_splits={d0: 1, d1: 32, d2: 1}
  op_it_space_splits={d0: 1, d1: 4, d2: 8, d3: 1}
  op_it_space_splits={d0: 1, d1: 32, d2: 1}
  op_it_space_splits={d0: 1, d1: 32, d2: 1}
  op_it_space_splits={d0: 1, d1: 4, d2: 8, d3: 1}
  op_it_space_splits={d0: 1, d1: 32, d2: 1}
IO -- device-layout I/O (cost model, stick-padded) --
IO   op Pointwise
IO     output coarse_tile_fill_buf0  torch [4, 1024, 1024] -> device [4, 1024, 1024] in HBM = 4194304 elems x 2B = 8388608 B  (hbm counted: 8388608 B)
IO     input  buf2                   device [1, 64] in HBM = 64 elems x 2B = 128 B  (hbm counted: 128 B) broadcast (loaded once)
IO   op bmm_default [reduction]
IO     output op0                    torch [4, 1024, 1024] -> device [1024, 16, 4, 64] in HBM = 4194304 elems x 2B = 8388608 B  (hbm counted: 67108864 B) xL=8
IO     input  arg0_1                 torch [4, 1024, 2048] -> device [1024, 32, 4, 64] in HBM = 8388608 elems x 2B = 16777216 B  (hbm counted: 16777216 B)
IO     input  arg1_1                 torch [2048, 1024] -> device [16, 2048, 64] in HBM = 2097152 elems x 2B = 4194304 B  (hbm counted: 4194304 B) broadcast (loaded once)
IO   op Pointwise
IO     output coarse_tile_combine_buf0 torch [4, 1024, 1024] -> device [4, 1024, 1024] in HBM = 4194304 elems x 2B = 8388608 B  (hbm counted: 67108864 B) xL=8
IO     input  buf0                   torch [4, 1024, 1024] -> device [1024, 16, 4, 64] in HBM = 4194304 elems x 2B = 8388608 B  (hbm counted: 67108864 B) xL=8
IO     input  buf1                   torch [4, 1024, 1024] -> device [1024, 16, 4, 64] in HBM = 4194304 elems x 2B = 8388608 B  (hbm counted: 67108864 B) xL=8
IO   => HBM I/O total = 297795712 B  (lx 0 B, ~free)
MODEL -- estimate (turnaround): T = compute + (R+W)/BW_PEAK + a*min(R,W) --
MODEL   R=155189376 B (read)   W=142606336 B (write)   loop_trip L=8
MODEL   compute = MACs/cores/(mac_peak*pt_eff) = 1073741824/32/(1140*0.379) = 77.68 us  (M/m=4, pt_eff=0.379)
MODEL   base = R/150+W/150 = 1985.30 us
MODEL   turn = a*min(R,W) = 0.00574*142606336 = 818.56 us
MODEL   => T_model = 2846.20 us
MODEL FEATS [{"name":"Pointwise","is_reduction":false,"out_elems":4194304,"cores":32,"dtype_bytes":2,"args":[{"name":"coarse_tile_fill_buf0","role":"output","mem":"hbm","elems":4194304,"broadcast":false,"dims":[4,1024,1024],"logical":[4,1024,1024],"loop_factor":1},{"name":"buf2","role":"input","mem":"hbm","elems":64,"broadcast":true,"dims":[1,64],"logical":[],"loop_factor":1}],"reduction_cores":1,"loop_trip":1,"tiles_output_dim":false,"tile_rows_per_core":0.0,"is_matmul":false,"matmul_macs":0,"matmul_rows_per_core":0.0,"matmul_cols_per_core":0.0,"matmul_a_bytes":0,"matmul_b_bytes":0,"hbm_pattern":""},{"name":"bmm_default","is_reduction":true,"out_elems":4194304,"cores":32,"dtype_bytes":2,"args":[{"name":"op0","role":"output","mem":"hbm","elems":4194304,"broadcast":false,"dims":[1024,16,4,64],"logical":[4,1024,1024],"loop_factor":8},{"name":"arg0_1","role":"input","mem":"hbm","elems":8388608,"broadcast":false,"dims":[1024,32,4,64],"logical":[4,1024,2048],"loop_factor":1},{"name":"arg1_1","role":"input","mem":"hbm","elems":2097152,"broadcast":true,"dims":[16,2048,64],"logical":[2048,1024],"loop_factor":1}],"reduction_cores":1,"loop_trip":8,"tiles_output_dim":false,"tile_rows_per_core":0.0,"is_matmul":true,"matmul_macs":1073741824,"matmul_rows_per_core":4.0,"matmul_cols_per_core":128.0,"matmul_a_bytes":2048,"matmul_b_bytes":524288,"hbm_pattern":""},{"name":"Pointwise","is_reduction":false,"out_elems":4194304,"cores":32,"dtype_bytes":2,"args":[{"name":"coarse_tile_combine_buf0","role":"output","mem":"hbm","elems":4194304,"broadcast":false,"dims":[4,1024,1024],"logical":[4,1024,1024],"loop_factor":8},{"name":"buf0","role":"input","mem":"hbm","elems":4194304,"broadcast":false,"dims":[1024,16,4,64],"logical":[4,1024,1024],"loop_factor":8},{"name":"buf1","role":"input","mem":"hbm","elems":4194304,"broadcast":false,"dims":[1024,16,4,64],"logical":[4,1024,1024],"loop_factor":8}],"reduction_cores":1,"loop_trip":8,"tiles_output_dim":false,"tile_rows_per_core":0.0,"is_matmul":false,"matmul_macs":0,"matmul_rows_per_core":0.0,"matmul_cols_per_core":0.0,"matmul_a_bytes":0,"matmul_b_bytes":0,"hbm_pattern":""}]
SUMMARY op=bmm_3d2d_k_tiling rows=1024 cols=2048 cores=32 tiles=8 lx=1 io_hbm_bytes=297795712 kernel_us=3298.991 pred_us=2846.204 err_pct=-13.7 bw_gbps=90.3 memset_us=269.227 other_dev_us=581.267 total_dev_us=4149.485
-- bmm_3d2d_k_tiling B=4 M=1024 K=2048 N=1024 tiles=16
  op_it_space_splits={d0: 1, d1: 32, d2: 1}
  op_it_space_splits={d0: 1, d1: 4, d2: 8, d3: 1}
  op_it_space_splits={d0: 1, d1: 32, d2: 1}
  op_it_space_splits={d0: 1, d1: 32, d2: 1}
  op_it_space_splits={d0: 1, d1: 4, d2: 8, d3: 1}
  op_it_space_splits={d0: 1, d1: 32, d2: 1}
  op_it_space_splits={d0: 1, d1: 32, d2: 1}
  op_it_space_splits={d0: 1, d1: 4, d2: 8, d3: 1}
  op_it_space_splits={d0: 1, d1: 32, d2: 1}
  op_it_space_splits={d0: 1, d1: 32, d2: 1}
  op_it_space_splits={d0: 1, d1: 4, d2: 8, d3: 1}
  op_it_space_splits={d0: 1, d1: 32, d2: 1}
  op_it_space_splits={d0: 1, d1: 32, d2: 1}
  op_it_space_splits={d0: 1, d1: 4, d2: 8, d3: 1}
  op_it_space_splits={d0: 1, d1: 32, d2: 1}
  op_it_space_splits={d0: 1, d1: 32, d2: 1}
  op_it_space_splits={d0: 1, d1: 4, d2: 8, d3: 1}
  op_it_space_splits={d0: 1, d1: 32, d2: 1}
IO -- device-layout I/O (cost model, stick-padded) --
IO   op Pointwise
IO     output coarse_tile_fill_buf0  torch [4, 1024, 1024] -> device [4, 1024, 1024] in HBM = 4194304 elems x 2B = 8388608 B  (hbm counted: 8388608 B)
IO     input  buf2                   device [1, 64] in HBM = 64 elems x 2B = 128 B  (hbm counted: 128 B) broadcast (loaded once)
IO   op bmm_default [reduction]
IO     output op0                    torch [4, 1024, 1024] -> device [1024, 16, 4, 64] in HBM = 4194304 elems x 2B = 8388608 B  (hbm counted: 134217728 B) xL=16
IO     input  arg0_1                 torch [4, 1024, 2048] -> device [1024, 32, 4, 64] in HBM = 8388608 elems x 2B = 16777216 B  (hbm counted: 16777216 B)
IO     input  arg1_1                 torch [2048, 1024] -> device [16, 2048, 64] in HBM = 2097152 elems x 2B = 4194304 B  (hbm counted: 4194304 B) broadcast (loaded once)
IO   op Pointwise
IO     output coarse_tile_combine_buf0 torch [4, 1024, 1024] -> device [4, 1024, 1024] in HBM = 4194304 elems x 2B = 8388608 B  (hbm counted: 134217728 B) xL=16
IO     input  buf0                   torch [4, 1024, 1024] -> device [1024, 16, 4, 64] in HBM = 4194304 elems x 2B = 8388608 B  (hbm counted: 134217728 B) xL=16
IO     input  buf1                   torch [4, 1024, 1024] -> device [1024, 16, 4, 64] in HBM = 4194304 elems x 2B = 8388608 B  (hbm counted: 134217728 B) xL=16
IO   => HBM I/O total = 566231168 B  (lx 0 B, ~free)
MODEL -- estimate (turnaround): T = compute + (R+W)/BW_PEAK + a*min(R,W) --
MODEL   R=289407104 B (read)   W=276824064 B (write)   loop_trip L=16
MODEL   compute = MACs/cores/(mac_peak*pt_eff) = 536870912/32/(1140*0.379) = 38.84 us  (M/m=4, pt_eff=0.379)
MODEL   base = R/150+W/150 = 3774.87 us
MODEL   turn = a*min(R,W) = 0.00574*276824064 = 1588.97 us
MODEL   => T_model = 5385.21 us
MODEL FEATS [{"name":"Pointwise","is_reduction":false,"out_elems":4194304,"cores":32,"dtype_bytes":2,"args":[{"name":"coarse_tile_fill_buf0","role":"output","mem":"hbm","elems":4194304,"broadcast":false,"dims":[4,1024,1024],"logical":[4,1024,1024],"loop_factor":1},{"name":"buf2","role":"input","mem":"hbm","elems":64,"broadcast":true,"dims":[1,64],"logical":[],"loop_factor":1}],"reduction_cores":1,"loop_trip":1,"tiles_output_dim":false,"tile_rows_per_core":0.0,"is_matmul":false,"matmul_macs":0,"matmul_rows_per_core":0.0,"matmul_cols_per_core":0.0,"matmul_a_bytes":0,"matmul_b_bytes":0,"hbm_pattern":""},{"name":"bmm_default","is_reduction":true,"out_elems":4194304,"cores":32,"dtype_bytes":2,"args":[{"name":"op0","role":"output","mem":"hbm","elems":4194304,"broadcast":false,"dims":[1024,16,4,64],"logical":[4,1024,1024],"loop_factor":16},{"name":"arg0_1","role":"input","mem":"hbm","elems":8388608,"broadcast":false,"dims":[1024,32,4,64],"logical":[4,1024,2048],"loop_factor":1},{"name":"arg1_1","role":"input","mem":"hbm","elems":2097152,"broadcast":true,"dims":[16,2048,64],"logical":[2048,1024],"loop_factor":1}],"reduction_cores":1,"loop_trip":16,"tiles_output_dim":false,"tile_rows_per_core":0.0,"is_matmul":true,"matmul_macs":536870912,"matmul_rows_per_core":4.0,"matmul_cols_per_core":128.0,"matmul_a_bytes":1024,"matmul_b_bytes":262144,"hbm_pattern":""},{"name":"Pointwise","is_reduction":false,"out_elems":4194304,"cores":32,"dtype_bytes":2,"args":[{"name":"coarse_tile_combine_buf0","role":"output","mem":"hbm","elems":4194304,"broadcast":false,"dims":[4,1024,1024],"logical":[4,1024,1024],"loop_factor":16},{"name":"buf0","role":"input","mem":"hbm","elems":4194304,"broadcast":false,"dims":[1024,16,4,64],"logical":[4,1024,1024],"loop_factor":16},{"name":"buf1","role":"input","mem":"hbm","elems":4194304,"broadcast":false,"dims":[1024,16,4,64],"logical":[4,1024,1024],"loop_factor":16}],"reduction_cores":1,"loop_trip":16,"tiles_output_dim":false,"tile_rows_per_core":0.0,"is_matmul":false,"matmul_macs":0,"matmul_rows_per_core":0.0,"matmul_cols_per_core":0.0,"matmul_a_bytes":0,"matmul_b_bytes":0,"hbm_pattern":""}]
SUMMARY op=bmm_3d2d_k_tiling rows=1024 cols=2048 cores=32 tiles=16 lx=1 io_hbm_bytes=566231168 kernel_us=6103.573 pred_us=5385.211 err_pct=-11.8 bw_gbps=92.8 memset_us=392.128 other_dev_us=500.355 total_dev_us=6996.056
-- bmm_nested_b_k B=4 M=1024 K=2048 N=1024 tiles=1
  op_it_space_splits={d0: 1, d1: 16, d2: 2, d3: 1}
IO -- device-layout I/O (cost model, stick-padded) --
IO   op bmm [reduction]
IO     output op0                    torch [4, 1024, 1024] -> device [1024, 16, 4, 64] in HBM = 4194304 elems x 2B = 8388608 B  (hbm counted: 8388608 B)
IO     input  arg0_1                 torch [4, 1024, 2048] -> device [1024, 32, 4, 64] in HBM = 8388608 elems x 2B = 16777216 B  (hbm counted: 16777216 B)
IO     input  arg1_1                 torch [4, 2048, 1024] -> device [2048, 16, 4, 64] in HBM = 8388608 elems x 2B = 16777216 B  (hbm counted: 16777216 B)
IO   => HBM I/O total = 41943040 B  (lx 0 B, ~free)
MODEL -- estimate (turnaround): T = compute + (R+W)/BW_PEAK + a*min(R,W) --
MODEL   R=33554432 B (read)   W=8388608 B (write)   loop_trip L=1
MODEL   compute = MACs/cores/(mac_peak*pt_eff) = 8589934592/32/(1140*0.379) = 621.41 us  (M/m=4, pt_eff=0.379)
MODEL   base = R/150+W/150 = 279.62 us
MODEL   turn = a*min(R,W) = 0.00574*8388608 = 48.15 us
MODEL   => T_model = 798.40 us
MODEL FEATS [{"name":"bmm","is_reduction":true,"out_elems":4194304,"cores":32,"dtype_bytes":2,"args":[{"name":"op0","role":"output","mem":"hbm","elems":4194304,"broadcast":false,"dims":[1024,16,4,64],"logical":[4,1024,1024],"loop_factor":1},{"name":"arg0_1","role":"input","mem":"hbm","elems":8388608,"broadcast":false,"dims":[1024,32,4,64],"logical":[4,1024,2048],"loop_factor":1},{"name":"arg1_1","role":"input","mem":"hbm","elems":8388608,"broadcast":false,"dims":[2048,16,4,64],"logical":[4,2048,1024],"loop_factor":1}],"reduction_cores":1,"loop_trip":1,"tiles_output_dim":false,"tile_rows_per_core":0.0,"is_matmul":true,"matmul_macs":8589934592,"matmul_rows_per_core":4.0,"matmul_cols_per_core":512.0,"matmul_a_bytes":16384,"matmul_b_bytes":4194304,"hbm_pattern":""}]
SUMMARY op=bmm_nested_b_k rows=1024 cols=2048 cores=32 tiles=1 lx=1 io_hbm_bytes=41943040 kernel_us=3792.077 pred_us=798.405 err_pct=-78.9 bw_gbps=11.1 memset_us=198.808 other_dev_us=585.932 total_dev_us=4576.817
-- bmm_nested_b_k B=4 M=1024 K=2048 N=1024 tiles=2
  op_it_space_splits={d0: 1, d1: 32, d2: 1}
  op_it_space_splits={d0: 1, d1: 16, d2: 2, d3: 1}
  op_it_space_splits={d0: 1, d1: 32, d2: 1}
  op_it_space_splits={d0: 1, d1: 32, d2: 1}
  op_it_space_splits={d0: 1, d1: 32, d2: 1}
  op_it_space_splits={d0: 1, d1: 16, d2: 2, d3: 1}
  op_it_space_splits={d0: 1, d1: 32, d2: 1}
  op_it_space_splits={d0: 1, d1: 32, d2: 1}
  op_it_space_splits={d0: 1, d1: 32, d2: 1}
  op_it_space_splits={d0: 1, d1: 16, d2: 2, d3: 1}
  op_it_space_splits={d0: 1, d1: 32, d2: 1}
  op_it_space_splits={d0: 1, d1: 32, d2: 1}
  op_it_space_splits={d0: 1, d1: 32, d2: 1}
  op_it_space_splits={d0: 1, d1: 16, d2: 2, d3: 1}
  op_it_space_splits={d0: 1, d1: 32, d2: 1}
  op_it_space_splits={d0: 1, d1: 32, d2: 1}
  op_it_space_splits={d0: 1, d1: 32, d2: 1}
  op_it_space_splits={d0: 1, d1: 16, d2: 2, d3: 1}
  op_it_space_splits={d0: 1, d1: 32, d2: 1}
  op_it_space_splits={d0: 1, d1: 32, d2: 1}
  op_it_space_splits={d0: 1, d1: 32, d2: 1}
  op_it_space_splits={d0: 1, d1: 16, d2: 2, d3: 1}
  op_it_space_splits={d0: 1, d1: 32, d2: 1}
  op_it_space_splits={d0: 1, d1: 32, d2: 1}
IO -- device-layout I/O (cost model, stick-padded) --
IO   op Pointwise
IO     output coarse_tile_fill_buf0  torch [2, 1024, 1024] -> device [2, 1024, 1024] in HBM = 2097152 elems x 2B = 4194304 B  (hbm counted: 4194304 B)
IO     input  buf3                   device [1, 64] in HBM = 64 elems x 2B = 128 B  (hbm counted: 128 B) broadcast (loaded once)
IO   op bmm [reduction]
IO     output op0                    torch [2, 1024, 1024] -> device [1024, 16, 2, 64] in HBM = 2097152 elems x 2B = 4194304 B  (hbm counted: 4194304 B)
IO     input  arg0_1                 torch [4, 1024, 2048] -> device [1024, 32, 4, 64] in HBM = 8388608 elems x 2B = 16777216 B  (hbm counted: 16777216 B)
IO     input  arg1_1                 torch [4, 2048, 1024] -> device [2048, 16, 4, 64] in HBM = 8388608 elems x 2B = 16777216 B  (hbm counted: 16777216 B)
IO   op Pointwise
IO     output coarse_tile_combine_buf0 torch [2, 1024, 1024] -> device [2, 1024, 1024] in HBM = 2097152 elems x 2B = 4194304 B  (hbm counted: 4194304 B)
IO     input  buf0                   torch [2, 1024, 1024] -> device [1024, 16, 2, 64] in HBM = 2097152 elems x 2B = 4194304 B  (hbm counted: 4194304 B)
IO     input  buf2                   torch [2, 1024, 1024] -> device [1024, 16, 2, 64] in HBM = 2097152 elems x 2B = 4194304 B  (hbm counted: 4194304 B)
IO   op Pointwise
IO     output coarse_tile_reduce_copy_buf0 torch [4, 1024, 1024] -> device [4, 1024, 1024] in HBM = 4194304 elems x 2B = 8388608 B  (hbm counted: 8388608 B)
IO     input  buf2                   torch [2, 1024, 1024] -> device [1024, 16, 2, 64] in HBM = 2097152 elems x 2B = 4194304 B  (hbm counted: 4194304 B)
IO   => HBM I/O total = 67108992 B  (lx 0 B, ~free)
MODEL -- estimate (turnaround): T = compute + [(R+W)/BW_PEAK + a*min(R,W)] / eff_underfill --
MODEL   R=46137472 B (read)   W=20971520 B (write)   loop_trip L=4
MODEL   compute = MACs/cores/(mac_peak*pt_eff) = 2147483648/32/(1140*0.297) = 198.01 us  (M/m=2, pt_eff=0.297)
MODEL   base = R/150+W/150 = 447.39 us
MODEL   turn = a*min(R,W) = 0.00574*20971520 = 120.38 us
MODEL   eff_underfill = min(0.95,(0.5/13)**0.68) = 0.109 -> (base+turn)/eff = 5204.20 us
MODEL   => T_model = 5239.60 us
MODEL FEATS [{"name":"Pointwise","is_reduction":false,"out_elems":2097152,"cores":32,"dtype_bytes":2,"args":[{"name":"coarse_tile_fill_buf0","role":"output","mem":"hbm","elems":2097152,"broadcast":false,"dims":[2,1024,1024],"logical":[2,1024,1024],"loop_factor":1},{"name":"buf3","role":"input","mem":"hbm","elems":64,"broadcast":true,"dims":[1,64],"logical":[],"loop_factor":1}],"reduction_cores":1,"loop_trip":2,"tiles_output_dim":true,"tile_rows_per_core":512,"is_matmul":false,"matmul_macs":0,"matmul_rows_per_core":0.0,"matmul_cols_per_core":0.0,"matmul_a_bytes":0,"matmul_b_bytes":0,"hbm_pattern":""},{"name":"bmm","is_reduction":true,"out_elems":2097152,"cores":32,"dtype_bytes":2,"args":[{"name":"op0","role":"output","mem":"hbm","elems":2097152,"broadcast":false,"dims":[1024,16,2,64],"logical":[2,1024,1024],"loop_factor":1},{"name":"arg0_1","role":"input","mem":"hbm","elems":8388608,"broadcast":false,"dims":[1024,32,4,64],"logical":[4,1024,2048],"loop_factor":1},{"name":"arg1_1","role":"input","mem":"hbm","elems":8388608,"broadcast":false,"dims":[2048,16,4,64],"logical":[4,2048,1024],"loop_factor":1}],"reduction_cores":1,"loop_trip":4,"tiles_output_dim":true,"tile_rows_per_core":0.5,"is_matmul":true,"matmul_macs":2147483648,"matmul_rows_per_core":2.0,"matmul_cols_per_core":512.0,"matmul_a_bytes":4096,"matmul_b_bytes":2097152,"hbm_pattern":""},{"name":"Pointwise","is_reduction":false,"out_elems":2097152,"cores":32,"dtype_bytes":2,"args":[{"name":"coarse_tile_combine_buf0","role":"output","mem":"hbm","elems":2097152,"broadcast":false,"dims":[2,1024,1024],"logical":[2,1024,1024],"loop_factor":1},{"name":"buf0","role":"input","mem":"hbm","elems":2097152,"broadcast":false,"dims":[1024,16,2,64],"logical":[2,1024,1024],"loop_factor":1},{"name":"buf2","role":"input","mem":"hbm","elems":2097152,"broadcast":false,"dims":[1024,16,2,64],"logical":[2,1024,1024],"loop_factor":1}],"reduction_cores":1,"loop_trip":4,"tiles_output_dim":true,"tile_rows_per_core":256,"is_matmul":false,"matmul_macs":0,"matmul_rows_per_core":0.0,"matmul_cols_per_core":0.0,"matmul_a_bytes":0,"matmul_b_bytes":0,"hbm_pattern":""},{"name":"Pointwise","is_reduction":false,"out_elems":4194304,"cores":32,"dtype_bytes":2,"args":[{"name":"coarse_tile_reduce_copy_buf0","role":"output","mem":"hbm","elems":4194304,"broadcast":false,"dims":[4,1024,1024],"logical":[4,1024,1024],"loop_factor":1},{"name":"buf2","role":"input","mem":"hbm","elems":2097152,"broadcast":false,"dims":[1024,16,2,64],"logical":[2,1024,1024],"loop_factor":1}],"reduction_cores":1,"loop_trip":2,"tiles_output_dim":true,"tile_rows_per_core":512,"is_matmul":false,"matmul_macs":0,"matmul_rows_per_core":0.0,"matmul_cols_per_core":0.0,"matmul_a_bytes":0,"matmul_b_bytes":0,"hbm_pattern":""}]
SUMMARY op=bmm_nested_b_k rows=1024 cols=2048 cores=32 tiles=2 lx=1 io_hbm_bytes=67108992 kernel_us=4897.388 pred_us=5239.599 err_pct=+7.0 bw_gbps=13.7 memset_us=253.670 other_dev_us=438.977 total_dev_us=5590.035
-- bmm_nested_b_k B=4 M=1024 K=2048 N=1024 tiles=4
  op_it_space_splits={d0: 1, d1: 32, d2: 1}
  op_it_space_splits={d0: 1, d1: 16, d2: 2, d3: 1}
  op_it_space_splits={d0: 1, d1: 32, d2: 1}
  op_it_space_splits={d0: 1, d1: 32, d2: 1}
  op_it_space_splits={d0: 1, d1: 32, d2: 1}
  op_it_space_splits={d0: 1, d1: 16, d2: 2, d3: 1}
  op_it_space_splits={d0: 1, d1: 32, d2: 1}
  op_it_space_splits={d0: 1, d1: 32, d2: 1}
  op_it_space_splits={d0: 1, d1: 32, d2: 1}
  op_it_space_splits={d0: 1, d1: 16, d2: 2, d3: 1}
  op_it_space_splits={d0: 1, d1: 32, d2: 1}
  op_it_space_splits={d0: 1, d1: 32, d2: 1}
  op_it_space_splits={d0: 1, d1: 32, d2: 1}
  op_it_space_splits={d0: 1, d1: 16, d2: 2, d3: 1}
  op_it_space_splits={d0: 1, d1: 32, d2: 1}
  op_it_space_splits={d0: 1, d1: 32, d2: 1}
  op_it_space_splits={d0: 1, d1: 32, d2: 1}
  op_it_space_splits={d0: 1, d1: 16, d2: 2, d3: 1}
  op_it_space_splits={d0: 1, d1: 32, d2: 1}
  op_it_space_splits={d0: 1, d1: 32, d2: 1}
  op_it_space_splits={d0: 1, d1: 32, d2: 1}
  op_it_space_splits={d0: 1, d1: 16, d2: 2, d3: 1}
  op_it_space_splits={d0: 1, d1: 32, d2: 1}
  op_it_space_splits={d0: 1, d1: 32, d2: 1}
IO -- device-layout I/O (cost model, stick-padded) --
IO   op Pointwise
IO     output coarse_tile_fill_buf0  torch [2, 1024, 1024] -> device [2, 1024, 1024] in HBM = 2097152 elems x 2B = 4194304 B  (hbm counted: 4194304 B)
IO     input  buf3                   device [1, 64] in HBM = 64 elems x 2B = 128 B  (hbm counted: 128 B) broadcast (loaded once)
IO   op bmm [reduction]
IO     output op0                    torch [2, 1024, 1024] -> device [1024, 16, 2, 64] in HBM = 2097152 elems x 2B = 4194304 B  (hbm counted: 4194304 B)
IO     input  arg0_1                 torch [4, 1024, 2048] -> device [1024, 32, 4, 64] in HBM = 8388608 elems x 2B = 16777216 B  (hbm counted: 16777216 B)
IO     input  arg1_1                 torch [4, 2048, 1024] -> device [2048, 16, 4, 64] in HBM = 8388608 elems x 2B = 16777216 B  (hbm counted: 16777216 B)
IO   op Pointwise
IO     output coarse_tile_combine_buf0 torch [2, 1024, 1024] -> device [2, 1024, 1024] in HBM = 2097152 elems x 2B = 4194304 B  (hbm counted: 4194304 B)
IO     input  buf0                   torch [2, 1024, 1024] -> device [1024, 16, 2, 64] in HBM = 2097152 elems x 2B = 4194304 B  (hbm counted: 4194304 B)
IO     input  buf2                   torch [2, 1024, 1024] -> device [1024, 16, 2, 64] in HBM = 2097152 elems x 2B = 4194304 B  (hbm counted: 4194304 B)
IO   op Pointwise
IO     output coarse_tile_reduce_copy_buf0 torch [4, 1024, 1024] -> device [4, 1024, 1024] in HBM = 4194304 elems x 2B = 8388608 B  (hbm counted: 8388608 B)
IO     input  buf2                   torch [2, 1024, 1024] -> device [1024, 16, 2, 64] in HBM = 2097152 elems x 2B = 4194304 B  (hbm counted: 4194304 B)
IO   => HBM I/O total = 67108992 B  (lx 0 B, ~free)
MODEL -- estimate (turnaround): T = compute + [(R+W)/BW_PEAK + a*min(R,W)] / eff_underfill --
MODEL   R=46137472 B (read)   W=20971520 B (write)   loop_trip L=8
MODEL   compute = MACs/cores/(mac_peak*pt_eff) = 1073741824/32/(1140*0.297) = 99.00 us  (M/m=2, pt_eff=0.297)
MODEL   base = R/150+W/150 = 447.39 us
MODEL   turn = a*min(R,W) = 0.00574*20971520 = 120.38 us
MODEL   eff_underfill = min(0.95,(0.2/13)**0.68) = 0.068 -> (base+turn)/eff = 8337.86 us
MODEL   => T_model = 8359.53 us
MODEL FEATS [{"name":"Pointwise","is_reduction":false,"out_elems":2097152,"cores":32,"dtype_bytes":2,"args":[{"name":"coarse_tile_fill_buf0","role":"output","mem":"hbm","elems":2097152,"broadcast":false,"dims":[2,1024,1024],"logical":[2,1024,1024],"loop_factor":1},{"name":"buf3","role":"input","mem":"hbm","elems":64,"broadcast":true,"dims":[1,64],"logical":[],"loop_factor":1}],"reduction_cores":1,"loop_trip":2,"tiles_output_dim":true,"tile_rows_per_core":512,"is_matmul":false,"matmul_macs":0,"matmul_rows_per_core":0.0,"matmul_cols_per_core":0.0,"matmul_a_bytes":0,"matmul_b_bytes":0,"hbm_pattern":""},{"name":"bmm","is_reduction":true,"out_elems":2097152,"cores":32,"dtype_bytes":2,"args":[{"name":"op0","role":"output","mem":"hbm","elems":2097152,"broadcast":false,"dims":[1024,16,2,64],"logical":[2,1024,1024],"loop_factor":1},{"name":"arg0_1","role":"input","mem":"hbm","elems":8388608,"broadcast":false,"dims":[1024,32,4,64],"logical":[4,1024,2048],"loop_factor":1},{"name":"arg1_1","role":"input","mem":"hbm","elems":8388608,"broadcast":false,"dims":[2048,16,4,64],"logical":[4,2048,1024],"loop_factor":1}],"reduction_cores":1,"loop_trip":8,"tiles_output_dim":true,"tile_rows_per_core":0.25,"is_matmul":true,"matmul_macs":1073741824,"matmul_rows_per_core":2.0,"matmul_cols_per_core":512.0,"matmul_a_bytes":2048,"matmul_b_bytes":1048576,"hbm_pattern":""},{"name":"Pointwise","is_reduction":false,"out_elems":2097152,"cores":32,"dtype_bytes":2,"args":[{"name":"coarse_tile_combine_buf0","role":"output","mem":"hbm","elems":2097152,"broadcast":false,"dims":[2,1024,1024],"logical":[2,1024,1024],"loop_factor":1},{"name":"buf0","role":"input","mem":"hbm","elems":2097152,"broadcast":false,"dims":[1024,16,2,64],"logical":[2,1024,1024],"loop_factor":1},{"name":"buf2","role":"input","mem":"hbm","elems":2097152,"broadcast":false,"dims":[1024,16,2,64],"logical":[2,1024,1024],"loop_factor":1}],"reduction_cores":1,"loop_trip":8,"tiles_output_dim":true,"tile_rows_per_core":128,"is_matmul":false,"matmul_macs":0,"matmul_rows_per_core":0.0,"matmul_cols_per_core":0.0,"matmul_a_bytes":0,"matmul_b_bytes":0,"hbm_pattern":""},{"name":"Pointwise","is_reduction":false,"out_elems":4194304,"cores":32,"dtype_bytes":2,"args":[{"name":"coarse_tile_reduce_copy_buf0","role":"output","mem":"hbm","elems":4194304,"broadcast":false,"dims":[4,1024,1024],"logical":[4,1024,1024],"loop_factor":1},{"name":"buf2","role":"input","mem":"hbm","elems":2097152,"broadcast":false,"dims":[1024,16,2,64],"logical":[2,1024,1024],"loop_factor":1}],"reduction_cores":1,"loop_trip":2,"tiles_output_dim":true,"tile_rows_per_core":512,"is_matmul":false,"matmul_macs":0,"matmul_rows_per_core":0.0,"matmul_cols_per_core":0.0,"matmul_a_bytes":0,"matmul_b_bytes":0,"hbm_pattern":""}]
SUMMARY op=bmm_nested_b_k rows=1024 cols=2048 cores=32 tiles=4 lx=1 io_hbm_bytes=67108992 kernel_us=5644.541 pred_us=8359.534 err_pct=+48.1 bw_gbps=11.9 memset_us=251.793 other_dev_us=517.894 total_dev_us=6414.228
-- bmm_nested_b_k B=4 M=1024 K=2048 N=1024 tiles=8
  op_it_space_splits={d0: 1, d1: 32, d2: 1}
  op_it_space_splits={d0: 1, d1: 16, d2: 2, d3: 1}
  op_it_space_splits={d0: 1, d1: 32, d2: 1}
  op_it_space_splits={d0: 1, d1: 32, d2: 1}
  op_it_space_splits={d0: 1, d1: 32, d2: 1}
  op_it_space_splits={d0: 1, d1: 16, d2: 2, d3: 1}
  op_it_space_splits={d0: 1, d1: 32, d2: 1}
  op_it_space_splits={d0: 1, d1: 32, d2: 1}
  op_it_space_splits={d0: 1, d1: 32, d2: 1}
  op_it_space_splits={d0: 1, d1: 16, d2: 2, d3: 1}
  op_it_space_splits={d0: 1, d1: 32, d2: 1}
  op_it_space_splits={d0: 1, d1: 32, d2: 1}
  op_it_space_splits={d0: 1, d1: 32, d2: 1}
  op_it_space_splits={d0: 1, d1: 16, d2: 2, d3: 1}
  op_it_space_splits={d0: 1, d1: 32, d2: 1}
  op_it_space_splits={d0: 1, d1: 32, d2: 1}
  op_it_space_splits={d0: 1, d1: 32, d2: 1}
  op_it_space_splits={d0: 1, d1: 16, d2: 2, d3: 1}
  op_it_space_splits={d0: 1, d1: 32, d2: 1}
  op_it_space_splits={d0: 1, d1: 32, d2: 1}
  op_it_space_splits={d0: 1, d1: 32, d2: 1}
  op_it_space_splits={d0: 1, d1: 16, d2: 2, d3: 1}
  op_it_space_splits={d0: 1, d1: 32, d2: 1}
  op_it_space_splits={d0: 1, d1: 32, d2: 1}
IO -- device-layout I/O (cost model, stick-padded) --
IO   op Pointwise
IO     output coarse_tile_fill_buf0  torch [2, 1024, 1024] -> device [2, 1024, 1024] in HBM = 2097152 elems x 2B = 4194304 B  (hbm counted: 4194304 B)
IO     input  buf3                   device [1, 64] in HBM = 64 elems x 2B = 128 B  (hbm counted: 128 B) broadcast (loaded once)
IO   op bmm [reduction]
IO     output op0                    torch [2, 1024, 1024] -> device [1024, 16, 2, 64] in HBM = 2097152 elems x 2B = 4194304 B  (hbm counted: 4194304 B)
IO     input  arg0_1                 torch [4, 1024, 2048] -> device [1024, 32, 4, 64] in HBM = 8388608 elems x 2B = 16777216 B  (hbm counted: 16777216 B)
IO     input  arg1_1                 torch [4, 2048, 1024] -> device [2048, 16, 4, 64] in HBM = 8388608 elems x 2B = 16777216 B  (hbm counted: 16777216 B)
IO   op Pointwise
IO     output coarse_tile_combine_buf0 torch [2, 1024, 1024] -> device [2, 1024, 1024] in HBM = 2097152 elems x 2B = 4194304 B  (hbm counted: 4194304 B)
IO     input  buf0                   torch [2, 1024, 1024] -> device [1024, 16, 2, 64] in HBM = 2097152 elems x 2B = 4194304 B  (hbm counted: 4194304 B)
IO     input  buf2                   torch [2, 1024, 1024] -> device [1024, 16, 2, 64] in HBM = 2097152 elems x 2B = 4194304 B  (hbm counted: 4194304 B)
IO   op Pointwise
IO     output coarse_tile_reduce_copy_buf0 torch [4, 1024, 1024] -> device [4, 1024, 1024] in HBM = 4194304 elems x 2B = 8388608 B  (hbm counted: 8388608 B)
IO     input  buf2                   torch [2, 1024, 1024] -> device [1024, 16, 2, 64] in HBM = 2097152 elems x 2B = 4194304 B  (hbm counted: 4194304 B)
IO   => HBM I/O total = 67108992 B  (lx 0 B, ~free)
MODEL -- estimate (turnaround): T = compute + [(R+W)/BW_PEAK + a*min(R,W)] / eff_underfill --
MODEL   R=46137472 B (read)   W=20971520 B (write)   loop_trip L=16
MODEL   compute = MACs/cores/(mac_peak*pt_eff) = 536870912/32/(1140*0.297) = 49.50 us  (M/m=2, pt_eff=0.297)
MODEL   base = R/150+W/150 = 447.39 us
MODEL   turn = a*min(R,W) = 0.00574*20971520 = 120.38 us
MODEL   eff_underfill = min(0.95,(0.1/13)**0.68) = 0.043 -> (base+turn)/eff = 13358.42 us
MODEL   => T_model = 13375.62 us
MODEL FEATS [{"name":"Pointwise","is_reduction":false,"out_elems":2097152,"cores":32,"dtype_bytes":2,"args":[{"name":"coarse_tile_fill_buf0","role":"output","mem":"hbm","elems":2097152,"broadcast":false,"dims":[2,1024,1024],"logical":[2,1024,1024],"loop_factor":1},{"name":"buf3","role":"input","mem":"hbm","elems":64,"broadcast":true,"dims":[1,64],"logical":[],"loop_factor":1}],"reduction_cores":1,"loop_trip":2,"tiles_output_dim":true,"tile_rows_per_core":512,"is_matmul":false,"matmul_macs":0,"matmul_rows_per_core":0.0,"matmul_cols_per_core":0.0,"matmul_a_bytes":0,"matmul_b_bytes":0,"hbm_pattern":""},{"name":"bmm","is_reduction":true,"out_elems":2097152,"cores":32,"dtype_bytes":2,"args":[{"name":"op0","role":"output","mem":"hbm","elems":2097152,"broadcast":false,"dims":[1024,16,2,64],"logical":[2,1024,1024],"loop_factor":1},{"name":"arg0_1","role":"input","mem":"hbm","elems":8388608,"broadcast":false,"dims":[1024,32,4,64],"logical":[4,1024,2048],"loop_factor":1},{"name":"arg1_1","role":"input","mem":"hbm","elems":8388608,"broadcast":false,"dims":[2048,16,4,64],"logical":[4,2048,1024],"loop_factor":1}],"reduction_cores":1,"loop_trip":16,"tiles_output_dim":true,"tile_rows_per_core":0.125,"is_matmul":true,"matmul_macs":536870912,"matmul_rows_per_core":2.0,"matmul_cols_per_core":512.0,"matmul_a_bytes":1024,"matmul_b_bytes":524288,"hbm_pattern":""},{"name":"Pointwise","is_reduction":false,"out_elems":2097152,"cores":32,"dtype_bytes":2,"args":[{"name":"coarse_tile_combine_buf0","role":"output","mem":"hbm","elems":2097152,"broadcast":false,"dims":[2,1024,1024],"logical":[2,1024,1024],"loop_factor":1},{"name":"buf0","role":"input","mem":"hbm","elems":2097152,"broadcast":false,"dims":[1024,16,2,64],"logical":[2,1024,1024],"loop_factor":1},{"name":"buf2","role":"input","mem":"hbm","elems":2097152,"broadcast":false,"dims":[1024,16,2,64],"logical":[2,1024,1024],"loop_factor":1}],"reduction_cores":1,"loop_trip":16,"tiles_output_dim":true,"tile_rows_per_core":64,"is_matmul":false,"matmul_macs":0,"matmul_rows_per_core":0.0,"matmul_cols_per_core":0.0,"matmul_a_bytes":0,"matmul_b_bytes":0,"hbm_pattern":""},{"name":"Pointwise","is_reduction":false,"out_elems":4194304,"cores":32,"dtype_bytes":2,"args":[{"name":"coarse_tile_reduce_copy_buf0","role":"output","mem":"hbm","elems":4194304,"broadcast":false,"dims":[4,1024,1024],"logical":[4,1024,1024],"loop_factor":1},{"name":"buf2","role":"input","mem":"hbm","elems":2097152,"broadcast":false,"dims":[1024,16,2,64],"logical":[2,1024,1024],"loop_factor":1}],"reduction_cores":1,"loop_trip":2,"tiles_output_dim":true,"tile_rows_per_core":512,"is_matmul":false,"matmul_macs":0,"matmul_rows_per_core":0.0,"matmul_cols_per_core":0.0,"matmul_a_bytes":0,"matmul_b_bytes":0,"hbm_pattern":""}]
SUMMARY op=bmm_nested_b_k rows=1024 cols=2048 cores=32 tiles=8 lx=1 io_hbm_bytes=67108992 kernel_us=7144.930 pred_us=13375.624 err_pct=+87.2 bw_gbps=9.4 memset_us=726.917 other_dev_us=493.759 total_dev_us=8365.606
## CT6 softmax_unrolled: [B,512] tiled over B (unroll_loops, sencores=1), TILES{1..32}
-- softmax_unrolled [1024,512] tiles=1 lx=1
IO -- device-layout I/O (cost model, stick-padded) --
IO   op amax [reduction]
IO     output op0                    torch [1024, 1] -> device [1, 1, 1024, 64] in LX = 65536 elems x 2B = 131072 B  (hbm counted: 0 B)
IO     input  arg0_1                 torch [1024, 512] -> device [8, 1024, 64] in HBM = 524288 elems x 2B = 1048576 B  (hbm counted: 1048576 B)
IO   op sub
IO     output op1                    torch [1024, 512] -> device [8, 1024, 64] in LX = 524288 elems x 2B = 1048576 B  (hbm counted: 0 B)
IO     input  arg0_1                 torch [1024, 512] -> device [8, 1024, 64] in HBM = 524288 elems x 2B = 1048576 B  (hbm counted: 1048576 B)
IO     input  buf0                   torch [1024, 1] -> device [1, 1, 1024, 64] in LX = 65536 elems x 2B = 131072 B  (hbm counted: 0 B) broadcast (loaded once)
IO   op exp
IO     output op2                    torch [1024, 512] -> device [8, 1024, 64] in LX = 524288 elems x 2B = 1048576 B  (hbm counted: 0 B)
IO     input  buf1                   torch [1024, 512] -> device [8, 1024, 64] in LX = 524288 elems x 2B = 1048576 B  (hbm counted: 0 B)
IO   op sum_1 [reduction]
IO     output op3                    torch [1024, 1] -> device [1, 1, 1024, 64] in LX = 65536 elems x 2B = 131072 B  (hbm counted: 0 B)
IO     input  buf2                   torch [1024, 512] -> device [8, 1024, 64] in LX = 524288 elems x 2B = 1048576 B  (hbm counted: 0 B)
IO   op div
IO     output op4                    torch [1024, 512] -> device [8, 1024, 64] in HBM = 524288 elems x 2B = 1048576 B  (hbm counted: 1048576 B)
IO     input  buf2                   torch [1024, 512] -> device [8, 1024, 64] in LX = 524288 elems x 2B = 1048576 B  (hbm counted: 0 B)
IO     input  buf3                   torch [1024, 1] -> device [1, 1, 1024, 64] in LX = 65536 elems x 2B = 131072 B  (hbm counted: 0 B) broadcast (loaded once)
IO   => HBM I/O total = 3145728 B  (lx 5767168 B, ~free)
MODEL -- estimate (turnaround): T = (R+W)/BW_PEAK + a*min(R,W) --
MODEL   R=1048576 B (read)   W=1048576 B (write)   loop_trip L=1
MODEL   base = (R+W)/150 = 13.98 us
MODEL   turn = a*min(R,W) = 0.00574*1048576 = 6.02 us
MODEL   => T_model = 23.00 us
MODEL FEATS [{"name":"amax","is_reduction":true,"out_elems":65536,"cores":1,"dtype_bytes":2,"args":[{"name":"op0","role":"output","mem":"lx","elems":65536,"broadcast":false,"dims":[1,1,1024,64],"logical":[1024,1],"loop_factor":1},{"name":"arg0_1","role":"input","mem":"hbm","elems":524288,"broadcast":false,"dims":[8,1024,64],"logical":[1024,512],"loop_factor":1}],"reduction_cores":1,"loop_trip":1,"tiles_output_dim":false,"tile_rows_per_core":0.0,"is_matmul":false,"matmul_macs":0,"matmul_rows_per_core":0.0,"matmul_cols_per_core":0.0,"matmul_a_bytes":0,"matmul_b_bytes":0,"hbm_pattern":""},{"name":"sub","is_reduction":false,"out_elems":524288,"cores":1,"dtype_bytes":2,"args":[{"name":"op1","role":"output","mem":"lx","elems":524288,"broadcast":false,"dims":[8,1024,64],"logical":[1024,512],"loop_factor":1},{"name":"arg0_1","role":"input","mem":"hbm","elems":524288,"broadcast":false,"dims":[8,1024,64],"logical":[1024,512],"loop_factor":1},{"name":"buf0","role":"input","mem":"lx","elems":65536,"broadcast":true,"dims":[1,1,1024,64],"logical":[1024,1],"loop_factor":1}],"reduction_cores":1,"loop_trip":1,"tiles_output_dim":false,"tile_rows_per_core":0.0,"is_matmul":false,"matmul_macs":0,"matmul_rows_per_core":0.0,"matmul_cols_per_core":0.0,"matmul_a_bytes":0,"matmul_b_bytes":0,"hbm_pattern":""},{"name":"exp","is_reduction":false,"out_elems":524288,"cores":1,"dtype_bytes":2,"args":[{"name":"op2","role":"output","mem":"lx","elems":524288,"broadcast":false,"dims":[8,1024,64],"logical":[1024,512],"loop_factor":1},{"name":"buf1","role":"input","mem":"lx","elems":524288,"broadcast":false,"dims":[8,1024,64],"logical":[1024,512],"loop_factor":1}],"reduction_cores":1,"loop_trip":1,"tiles_output_dim":false,"tile_rows_per_core":0.0,"is_matmul":false,"matmul_macs":0,"matmul_rows_per_core":0.0,"matmul_cols_per_core":0.0,"matmul_a_bytes":0,"matmul_b_bytes":0,"hbm_pattern":""},{"name":"sum_1","is_reduction":true,"out_elems":65536,"cores":1,"dtype_bytes":2,"args":[{"name":"op3","role":"output","mem":"lx","elems":65536,"broadcast":false,"dims":[1,1,1024,64],"logical":[1024,1],"loop_factor":1},{"name":"buf2","role":"input","mem":"lx","elems":524288,"broadcast":false,"dims":[8,1024,64],"logical":[1024,512],"loop_factor":1}],"reduction_cores":1,"loop_trip":1,"tiles_output_dim":false,"tile_rows_per_core":0.0,"is_matmul":false,"matmul_macs":0,"matmul_rows_per_core":0.0,"matmul_cols_per_core":0.0,"matmul_a_bytes":0,"matmul_b_bytes":0,"hbm_pattern":""},{"name":"div","is_reduction":false,"out_elems":524288,"cores":1,"dtype_bytes":2,"args":[{"name":"op4","role":"output","mem":"hbm","elems":524288,"broadcast":false,"dims":[8,1024,64],"logical":[1024,512],"loop_factor":1},{"name":"buf2","role":"input","mem":"lx","elems":524288,"broadcast":false,"dims":[8,1024,64],"logical":[1024,512],"loop_factor":1},{"name":"buf3","role":"input","mem":"lx","elems":65536,"broadcast":true,"dims":[1,1,1024,64],"logical":[1024,1],"loop_factor":1}],"reduction_cores":1,"loop_trip":1,"tiles_output_dim":false,"tile_rows_per_core":0.0,"is_matmul":false,"matmul_macs":0,"matmul_rows_per_core":0.0,"matmul_cols_per_core":0.0,"matmul_a_bytes":0,"matmul_b_bytes":0,"hbm_pattern":""}]
SUMMARY op=softmax_unrolled rows=1024 cols=512 cores=1 tiles=1 lx=1 io_hbm_bytes=3145728 kernel_us=287.713 pred_us=23.000 err_pct=-92.0 bw_gbps=10.9 memset_us=59.839 other_dev_us=178.162 total_dev_us=525.714
-- softmax_unrolled [1024,512] tiles=4 lx=1
IO -- device-layout I/O (cost model, stick-padded) --
IO   op amax [reduction]
IO     output op0                    torch [256, 1] -> device [1, 1, 256, 64] in LX = 16384 elems x 2B = 32768 B  (hbm counted: 0 B)
IO     input  arg0_1                 torch [1024, 512] -> device [8, 1024, 64] in HBM = 524288 elems x 2B = 1048576 B  (hbm counted: 1048576 B)
IO   op sub
IO     output op1                    torch [256, 512] -> device [8, 256, 64] in LX = 131072 elems x 2B = 262144 B  (hbm counted: 0 B)
IO     input  arg0_1                 torch [1024, 512] -> device [8, 1024, 64] in HBM = 524288 elems x 2B = 1048576 B  (hbm counted: 1048576 B)
IO     input  buf0                   torch [256, 1] -> device [1, 1, 256, 64] in LX = 16384 elems x 2B = 32768 B  (hbm counted: 0 B) broadcast (loaded once)
IO   op exp
IO     output op2                    torch [256, 512] -> device [8, 256, 64] in LX = 131072 elems x 2B = 262144 B  (hbm counted: 0 B)
IO     input  buf1                   torch [256, 512] -> device [8, 256, 64] in LX = 131072 elems x 2B = 262144 B  (hbm counted: 0 B)
IO   op sum_1 [reduction]
IO     output op3                    torch [256, 1] -> device [1, 1, 256, 64] in LX = 16384 elems x 2B = 32768 B  (hbm counted: 0 B)
IO     input  buf2                   torch [256, 512] -> device [8, 256, 64] in LX = 131072 elems x 2B = 262144 B  (hbm counted: 0 B)
IO   op div
IO     output op4                    torch [1024, 512] -> device [1024, 512] in HBM = 524288 elems x 2B = 1048576 B  (hbm counted: 1048576 B)
IO     input  buf2                   torch [256, 512] -> device [8, 256, 64] in LX = 131072 elems x 2B = 262144 B  (hbm counted: 0 B)
IO     input  buf3                   torch [256, 1] -> device [1, 1, 256, 64] in LX = 16384 elems x 2B = 32768 B  (hbm counted: 0 B) broadcast (loaded once)
IO   => HBM I/O total = 3145728 B  (lx 1441792 B, ~free)
MODEL -- estimate (turnaround): T = [(R+W)/BW_PEAK + a*min(R,W)] / eff_underfill --
MODEL   R=1048576 B (read)   W=1048576 B (write)   loop_trip L=4
MODEL   base = (R+W)/150 = 13.98 us
MODEL   turn = a*min(R,W) = 0.00574*1048576 = 6.02 us
MODEL   eff_underfill = min(0.95,(256.0/13)**0.68) = 0.950 -> (base+turn)/eff = 21.05 us
MODEL   => T_model = 21.05 us
MODEL FEATS [{"name":"amax","is_reduction":true,"out_elems":16384,"cores":1,"dtype_bytes":2,"args":[{"name":"op0","role":"output","mem":"lx","elems":16384,"broadcast":false,"dims":[1,1,256,64],"logical":[256,1],"loop_factor":1},{"name":"arg0_1","role":"input","mem":"hbm","elems":524288,"broadcast":false,"dims":[8,1024,64],"logical":[1024,512],"loop_factor":1}],"reduction_cores":1,"loop_trip":4,"tiles_output_dim":true,"tile_rows_per_core":256.0,"is_matmul":false,"matmul_macs":0,"matmul_rows_per_core":0.0,"matmul_cols_per_core":0.0,"matmul_a_bytes":0,"matmul_b_bytes":0,"hbm_pattern":""},{"name":"sub","is_reduction":false,"out_elems":131072,"cores":1,"dtype_bytes":2,"args":[{"name":"op1","role":"output","mem":"lx","elems":131072,"broadcast":false,"dims":[8,256,64],"logical":[256,512],"loop_factor":1},{"name":"arg0_1","role":"input","mem":"hbm","elems":524288,"broadcast":false,"dims":[8,1024,64],"logical":[1024,512],"loop_factor":1},{"name":"buf0","role":"input","mem":"lx","elems":16384,"broadcast":true,"dims":[1,1,256,64],"logical":[256,1],"loop_factor":1}],"reduction_cores":1,"loop_trip":4,"tiles_output_dim":true,"tile_rows_per_core":256.0,"is_matmul":false,"matmul_macs":0,"matmul_rows_per_core":0.0,"matmul_cols_per_core":0.0,"matmul_a_bytes":0,"matmul_b_bytes":0,"hbm_pattern":""},{"name":"exp","is_reduction":false,"out_elems":131072,"cores":1,"dtype_bytes":2,"args":[{"name":"op2","role":"output","mem":"lx","elems":131072,"broadcast":false,"dims":[8,256,64],"logical":[256,512],"loop_factor":1},{"name":"buf1","role":"input","mem":"lx","elems":131072,"broadcast":false,"dims":[8,256,64],"logical":[256,512],"loop_factor":1}],"reduction_cores":1,"loop_trip":4,"tiles_output_dim":true,"tile_rows_per_core":256.0,"is_matmul":false,"matmul_macs":0,"matmul_rows_per_core":0.0,"matmul_cols_per_core":0.0,"matmul_a_bytes":0,"matmul_b_bytes":0,"hbm_pattern":""},{"name":"sum_1","is_reduction":true,"out_elems":16384,"cores":1,"dtype_bytes":2,"args":[{"name":"op3","role":"output","mem":"lx","elems":16384,"broadcast":false,"dims":[1,1,256,64],"logical":[256,1],"loop_factor":1},{"name":"buf2","role":"input","mem":"lx","elems":131072,"broadcast":false,"dims":[8,256,64],"logical":[256,512],"loop_factor":1}],"reduction_cores":1,"loop_trip":4,"tiles_output_dim":true,"tile_rows_per_core":256.0,"is_matmul":false,"matmul_macs":0,"matmul_rows_per_core":0.0,"matmul_cols_per_core":0.0,"matmul_a_bytes":0,"matmul_b_bytes":0,"hbm_pattern":""},{"name":"div","is_reduction":false,"out_elems":524288,"cores":1,"dtype_bytes":2,"args":[{"name":"op4","role":"output","mem":"hbm","elems":524288,"broadcast":false,"dims":[1024,512],"logical":[1024,512],"loop_factor":1},{"name":"buf2","role":"input","mem":"lx","elems":131072,"broadcast":false,"dims":[8,256,64],"logical":[256,512],"loop_factor":1},{"name":"buf3","role":"input","mem":"lx","elems":16384,"broadcast":true,"dims":[1,1,256,64],"logical":[256,1],"loop_factor":1}],"reduction_cores":1,"loop_trip":4,"tiles_output_dim":true,"tile_rows_per_core":256,"is_matmul":false,"matmul_macs":0,"matmul_rows_per_core":0.0,"matmul_cols_per_core":0.0,"matmul_a_bytes":0,"matmul_b_bytes":0,"hbm_pattern":""}]
SUMMARY op=softmax_unrolled rows=1024 cols=512 cores=1 tiles=4 lx=1 io_hbm_bytes=3145728 kernel_us=293.736 pred_us=21.052 err_pct=-92.8 bw_gbps=10.7 memset_us=80.708 other_dev_us=98.543 total_dev_us=472.987
-- softmax_unrolled [1024,512] tiles=8 lx=1
IO -- device-layout I/O (cost model, stick-padded) --
IO   op amax [reduction]
IO     output op0                    torch [128, 1] -> device [1, 1, 128, 64] in LX = 8192 elems x 2B = 16384 B  (hbm counted: 0 B)
IO     input  arg0_1                 torch [1024, 512] -> device [8, 1024, 64] in HBM = 524288 elems x 2B = 1048576 B  (hbm counted: 1048576 B)
IO   op sub
IO     output op1                    torch [128, 512] -> device [8, 128, 64] in LX = 65536 elems x 2B = 131072 B  (hbm counted: 0 B)
IO     input  arg0_1                 torch [1024, 512] -> device [8, 1024, 64] in HBM = 524288 elems x 2B = 1048576 B  (hbm counted: 1048576 B)
IO     input  buf0                   torch [128, 1] -> device [1, 1, 128, 64] in LX = 8192 elems x 2B = 16384 B  (hbm counted: 0 B) broadcast (loaded once)
IO   op exp
IO     output op2                    torch [128, 512] -> device [8, 128, 64] in LX = 65536 elems x 2B = 131072 B  (hbm counted: 0 B)
IO     input  buf1                   torch [128, 512] -> device [8, 128, 64] in LX = 65536 elems x 2B = 131072 B  (hbm counted: 0 B)
IO   op sum_1 [reduction]
IO     output op3                    torch [128, 1] -> device [1, 1, 128, 64] in LX = 8192 elems x 2B = 16384 B  (hbm counted: 0 B)
IO     input  buf2                   torch [128, 512] -> device [8, 128, 64] in LX = 65536 elems x 2B = 131072 B  (hbm counted: 0 B)
IO   op div
IO     output op4                    torch [1024, 512] -> device [1024, 512] in HBM = 524288 elems x 2B = 1048576 B  (hbm counted: 1048576 B)
IO     input  buf2                   torch [128, 512] -> device [8, 128, 64] in LX = 65536 elems x 2B = 131072 B  (hbm counted: 0 B)
IO     input  buf3                   torch [128, 1] -> device [1, 1, 128, 64] in LX = 8192 elems x 2B = 16384 B  (hbm counted: 0 B) broadcast (loaded once)
IO   => HBM I/O total = 3145728 B  (lx 720896 B, ~free)
MODEL -- estimate (turnaround): T = [(R+W)/BW_PEAK + a*min(R,W)] / eff_underfill --
MODEL   R=1048576 B (read)   W=1048576 B (write)   loop_trip L=8
MODEL   base = (R+W)/150 = 13.98 us
MODEL   turn = a*min(R,W) = 0.00574*1048576 = 6.02 us
MODEL   eff_underfill = min(0.95,(128.0/13)**0.68) = 0.950 -> (base+turn)/eff = 21.05 us
MODEL   => T_model = 21.05 us
MODEL FEATS [{"name":"amax","is_reduction":true,"out_elems":8192,"cores":1,"dtype_bytes":2,"args":[{"name":"op0","role":"output","mem":"lx","elems":8192,"broadcast":false,"dims":[1,1,128,64],"logical":[128,1],"loop_factor":1},{"name":"arg0_1","role":"input","mem":"hbm","elems":524288,"broadcast":false,"dims":[8,1024,64],"logical":[1024,512],"loop_factor":1}],"reduction_cores":1,"loop_trip":8,"tiles_output_dim":true,"tile_rows_per_core":128.0,"is_matmul":false,"matmul_macs":0,"matmul_rows_per_core":0.0,"matmul_cols_per_core":0.0,"matmul_a_bytes":0,"matmul_b_bytes":0,"hbm_pattern":""},{"name":"sub","is_reduction":false,"out_elems":65536,"cores":1,"dtype_bytes":2,"args":[{"name":"op1","role":"output","mem":"lx","elems":65536,"broadcast":false,"dims":[8,128,64],"logical":[128,512],"loop_factor":1},{"name":"arg0_1","role":"input","mem":"hbm","elems":524288,"broadcast":false,"dims":[8,1024,64],"logical":[1024,512],"loop_factor":1},{"name":"buf0","role":"input","mem":"lx","elems":8192,"broadcast":true,"dims":[1,1,128,64],"logical":[128,1],"loop_factor":1}],"reduction_cores":1,"loop_trip":8,"tiles_output_dim":true,"tile_rows_per_core":128.0,"is_matmul":false,"matmul_macs":0,"matmul_rows_per_core":0.0,"matmul_cols_per_core":0.0,"matmul_a_bytes":0,"matmul_b_bytes":0,"hbm_pattern":""},{"name":"exp","is_reduction":false,"out_elems":65536,"cores":1,"dtype_bytes":2,"args":[{"name":"op2","role":"output","mem":"lx","elems":65536,"broadcast":false,"dims":[8,128,64],"logical":[128,512],"loop_factor":1},{"name":"buf1","role":"input","mem":"lx","elems":65536,"broadcast":false,"dims":[8,128,64],"logical":[128,512],"loop_factor":1}],"reduction_cores":1,"loop_trip":8,"tiles_output_dim":true,"tile_rows_per_core":128.0,"is_matmul":false,"matmul_macs":0,"matmul_rows_per_core":0.0,"matmul_cols_per_core":0.0,"matmul_a_bytes":0,"matmul_b_bytes":0,"hbm_pattern":""},{"name":"sum_1","is_reduction":true,"out_elems":8192,"cores":1,"dtype_bytes":2,"args":[{"name":"op3","role":"output","mem":"lx","elems":8192,"broadcast":false,"dims":[1,1,128,64],"logical":[128,1],"loop_factor":1},{"name":"buf2","role":"input","mem":"lx","elems":65536,"broadcast":false,"dims":[8,128,64],"logical":[128,512],"loop_factor":1}],"reduction_cores":1,"loop_trip":8,"tiles_output_dim":true,"tile_rows_per_core":128.0,"is_matmul":false,"matmul_macs":0,"matmul_rows_per_core":0.0,"matmul_cols_per_core":0.0,"matmul_a_bytes":0,"matmul_b_bytes":0,"hbm_pattern":""},{"name":"div","is_reduction":false,"out_elems":524288,"cores":1,"dtype_bytes":2,"args":[{"name":"op4","role":"output","mem":"hbm","elems":524288,"broadcast":false,"dims":[1024,512],"logical":[1024,512],"loop_factor":1},{"name":"buf2","role":"input","mem":"lx","elems":65536,"broadcast":false,"dims":[8,128,64],"logical":[128,512],"loop_factor":1},{"name":"buf3","role":"input","mem":"lx","elems":8192,"broadcast":true,"dims":[1,1,128,64],"logical":[128,1],"loop_factor":1}],"reduction_cores":1,"loop_trip":8,"tiles_output_dim":true,"tile_rows_per_core":128,"is_matmul":false,"matmul_macs":0,"matmul_rows_per_core":0.0,"matmul_cols_per_core":0.0,"matmul_a_bytes":0,"matmul_b_bytes":0,"hbm_pattern":""}]
SUMMARY op=softmax_unrolled rows=1024 cols=512 cores=1 tiles=8 lx=1 io_hbm_bytes=3145728 kernel_us=300.590 pred_us=21.052 err_pct=-93.0 bw_gbps=10.5 memset_us=95.575 other_dev_us=214.386 total_dev_us=610.551
-- softmax_unrolled [1024,512] tiles=16 lx=1
IO -- device-layout I/O (cost model, stick-padded) --
IO   op amax [reduction]
IO     output op0                    torch [64, 1] -> device [1, 1, 64, 64] in LX = 4096 elems x 2B = 8192 B  (hbm counted: 0 B)
IO     input  arg0_1                 torch [1024, 512] -> device [8, 1024, 64] in HBM = 524288 elems x 2B = 1048576 B  (hbm counted: 1048576 B)
IO   op sub
IO     output op1                    torch [64, 512] -> device [8, 64, 64] in LX = 32768 elems x 2B = 65536 B  (hbm counted: 0 B)
IO     input  arg0_1                 torch [1024, 512] -> device [8, 1024, 64] in HBM = 524288 elems x 2B = 1048576 B  (hbm counted: 1048576 B)
IO     input  buf0                   torch [64, 1] -> device [1, 1, 64, 64] in LX = 4096 elems x 2B = 8192 B  (hbm counted: 0 B) broadcast (loaded once)
IO   op exp
IO     output op2                    torch [64, 512] -> device [8, 64, 64] in LX = 32768 elems x 2B = 65536 B  (hbm counted: 0 B)
IO     input  buf1                   torch [64, 512] -> device [8, 64, 64] in LX = 32768 elems x 2B = 65536 B  (hbm counted: 0 B)
IO   op sum_1 [reduction]
IO     output op3                    torch [64, 1] -> device [1, 1, 64, 64] in LX = 4096 elems x 2B = 8192 B  (hbm counted: 0 B)
IO     input  buf2                   torch [64, 512] -> device [8, 64, 64] in LX = 32768 elems x 2B = 65536 B  (hbm counted: 0 B)
IO   op div
IO     output op4                    torch [1024, 512] -> device [1024, 512] in HBM = 524288 elems x 2B = 1048576 B  (hbm counted: 1048576 B)
IO     input  buf2                   torch [64, 512] -> device [8, 64, 64] in LX = 32768 elems x 2B = 65536 B  (hbm counted: 0 B)
IO     input  buf3                   torch [64, 1] -> device [1, 1, 64, 64] in LX = 4096 elems x 2B = 8192 B  (hbm counted: 0 B) broadcast (loaded once)
IO   => HBM I/O total = 3145728 B  (lx 360448 B, ~free)
MODEL -- estimate (turnaround): T = [(R+W)/BW_PEAK + a*min(R,W)] / eff_underfill --
MODEL   R=1048576 B (read)   W=1048576 B (write)   loop_trip L=16
MODEL   base = (R+W)/150 = 13.98 us
MODEL   turn = a*min(R,W) = 0.00574*1048576 = 6.02 us
MODEL   eff_underfill = min(0.95,(64.0/13)**0.68) = 0.950 -> (base+turn)/eff = 21.05 us
MODEL   => T_model = 21.05 us
MODEL FEATS [{"name":"amax","is_reduction":true,"out_elems":4096,"cores":1,"dtype_bytes":2,"args":[{"name":"op0","role":"output","mem":"lx","elems":4096,"broadcast":false,"dims":[1,1,64,64],"logical":[64,1],"loop_factor":1},{"name":"arg0_1","role":"input","mem":"hbm","elems":524288,"broadcast":false,"dims":[8,1024,64],"logical":[1024,512],"loop_factor":1}],"reduction_cores":1,"loop_trip":16,"tiles_output_dim":true,"tile_rows_per_core":64.0,"is_matmul":false,"matmul_macs":0,"matmul_rows_per_core":0.0,"matmul_cols_per_core":0.0,"matmul_a_bytes":0,"matmul_b_bytes":0,"hbm_pattern":""},{"name":"sub","is_reduction":false,"out_elems":32768,"cores":1,"dtype_bytes":2,"args":[{"name":"op1","role":"output","mem":"lx","elems":32768,"broadcast":false,"dims":[8,64,64],"logical":[64,512],"loop_factor":1},{"name":"arg0_1","role":"input","mem":"hbm","elems":524288,"broadcast":false,"dims":[8,1024,64],"logical":[1024,512],"loop_factor":1},{"name":"buf0","role":"input","mem":"lx","elems":4096,"broadcast":true,"dims":[1,1,64,64],"logical":[64,1],"loop_factor":1}],"reduction_cores":1,"loop_trip":16,"tiles_output_dim":true,"tile_rows_per_core":64.0,"is_matmul":false,"matmul_macs":0,"matmul_rows_per_core":0.0,"matmul_cols_per_core":0.0,"matmul_a_bytes":0,"matmul_b_bytes":0,"hbm_pattern":""},{"name":"exp","is_reduction":false,"out_elems":32768,"cores":1,"dtype_bytes":2,"args":[{"name":"op2","role":"output","mem":"lx","elems":32768,"broadcast":false,"dims":[8,64,64],"logical":[64,512],"loop_factor":1},{"name":"buf1","role":"input","mem":"lx","elems":32768,"broadcast":false,"dims":[8,64,64],"logical":[64,512],"loop_factor":1}],"reduction_cores":1,"loop_trip":16,"tiles_output_dim":true,"tile_rows_per_core":64.0,"is_matmul":false,"matmul_macs":0,"matmul_rows_per_core":0.0,"matmul_cols_per_core":0.0,"matmul_a_bytes":0,"matmul_b_bytes":0,"hbm_pattern":""},{"name":"sum_1","is_reduction":true,"out_elems":4096,"cores":1,"dtype_bytes":2,"args":[{"name":"op3","role":"output","mem":"lx","elems":4096,"broadcast":false,"dims":[1,1,64,64],"logical":[64,1],"loop_factor":1},{"name":"buf2","role":"input","mem":"lx","elems":32768,"broadcast":false,"dims":[8,64,64],"logical":[64,512],"loop_factor":1}],"reduction_cores":1,"loop_trip":16,"tiles_output_dim":true,"tile_rows_per_core":64.0,"is_matmul":false,"matmul_macs":0,"matmul_rows_per_core":0.0,"matmul_cols_per_core":0.0,"matmul_a_bytes":0,"matmul_b_bytes":0,"hbm_pattern":""},{"name":"div","is_reduction":false,"out_elems":524288,"cores":1,"dtype_bytes":2,"args":[{"name":"op4","role":"output","mem":"hbm","elems":524288,"broadcast":false,"dims":[1024,512],"logical":[1024,512],"loop_factor":1},{"name":"buf2","role":"input","mem":"lx","elems":32768,"broadcast":false,"dims":[8,64,64],"logical":[64,512],"loop_factor":1},{"name":"buf3","role":"input","mem":"lx","elems":4096,"broadcast":true,"dims":[1,1,64,64],"logical":[64,1],"loop_factor":1}],"reduction_cores":1,"loop_trip":16,"tiles_output_dim":true,"tile_rows_per_core":64,"is_matmul":false,"matmul_macs":0,"matmul_rows_per_core":0.0,"matmul_cols_per_core":0.0,"matmul_a_bytes":0,"matmul_b_bytes":0,"hbm_pattern":""}]
SUMMARY op=softmax_unrolled rows=1024 cols=512 cores=1 tiles=16 lx=1 io_hbm_bytes=3145728 kernel_us=338.583 pred_us=21.052 err_pct=-93.8 bw_gbps=9.3 memset_us=114.170 other_dev_us=307.112 total_dev_us=759.865
-- softmax_unrolled [2048,512] tiles=1 lx=1
IO -- device-layout I/O (cost model, stick-padded) --
IO   op amax [reduction]
IO     output op0                    torch [2048, 1] -> device [1, 1, 2048, 64] in LX = 131072 elems x 2B = 262144 B  (hbm counted: 0 B)
IO     input  arg0_1                 torch [2048, 512] -> device [8, 2048, 64] in HBM = 1048576 elems x 2B = 2097152 B  (hbm counted: 2097152 B)
IO   op sub
IO     output op1                    torch [2048, 512] -> device [8, 2048, 64] in HBM = 1048576 elems x 2B = 2097152 B  (hbm counted: 2097152 B)
IO     input  arg0_1                 torch [2048, 512] -> device [8, 2048, 64] in HBM = 1048576 elems x 2B = 2097152 B  (hbm counted: 2097152 B)
IO     input  buf0                   torch [2048, 1] -> device [1, 1, 2048, 64] in LX = 131072 elems x 2B = 262144 B  (hbm counted: 0 B) broadcast (loaded once)
IO   op exp
IO     output op2                    torch [2048, 512] -> device [8, 2048, 64] in HBM = 1048576 elems x 2B = 2097152 B  (hbm counted: 2097152 B)
IO     input  buf1                   torch [2048, 512] -> device [8, 2048, 64] in HBM = 1048576 elems x 2B = 2097152 B  (hbm counted: 2097152 B)
IO   op sum_1 [reduction]
IO     output op3                    torch [2048, 1] -> device [1, 1, 2048, 64] in LX = 131072 elems x 2B = 262144 B  (hbm counted: 0 B)
IO     input  buf2                   torch [2048, 512] -> device [8, 2048, 64] in HBM = 1048576 elems x 2B = 2097152 B  (hbm counted: 2097152 B)
IO   op div
IO     output op4                    torch [2048, 512] -> device [8, 2048, 64] in HBM = 1048576 elems x 2B = 2097152 B  (hbm counted: 2097152 B)
IO     input  buf2                   torch [2048, 512] -> device [8, 2048, 64] in HBM = 1048576 elems x 2B = 2097152 B  (hbm counted: 2097152 B)
IO     input  buf3                   torch [2048, 1] -> device [1, 1, 2048, 64] in LX = 131072 elems x 2B = 262144 B  (hbm counted: 0 B) broadcast (loaded once)
IO   => HBM I/O total = 16777216 B  (lx 1048576 B, ~free)
MODEL -- estimate (turnaround): T = (R+W)/BW_PEAK + a*min(R,W) --
MODEL   R=8388608 B (read)   W=6291456 B (write)   loop_trip L=1
MODEL   base = (R+W)/150 = 97.87 us
MODEL   turn = a*min(R,W) = 0.00574*6291456 = 36.11 us
MODEL   => T_model = 154.08 us
MODEL FEATS [{"name":"amax","is_reduction":true,"out_elems":131072,"cores":1,"dtype_bytes":2,"args":[{"name":"op0","role":"output","mem":"lx","elems":131072,"broadcast":false,"dims":[1,1,2048,64],"logical":[2048,1],"loop_factor":1},{"name":"arg0_1","role":"input","mem":"hbm","elems":1048576,"broadcast":false,"dims":[8,2048,64],"logical":[2048,512],"loop_factor":1}],"reduction_cores":1,"loop_trip":1,"tiles_output_dim":false,"tile_rows_per_core":0.0,"is_matmul":false,"matmul_macs":0,"matmul_rows_per_core":0.0,"matmul_cols_per_core":0.0,"matmul_a_bytes":0,"matmul_b_bytes":0,"hbm_pattern":""},{"name":"sub","is_reduction":false,"out_elems":1048576,"cores":1,"dtype_bytes":2,"args":[{"name":"op1","role":"output","mem":"hbm","elems":1048576,"broadcast":false,"dims":[8,2048,64],"logical":[2048,512],"loop_factor":1},{"name":"arg0_1","role":"input","mem":"hbm","elems":1048576,"broadcast":false,"dims":[8,2048,64],"logical":[2048,512],"loop_factor":1},{"name":"buf0","role":"input","mem":"lx","elems":131072,"broadcast":true,"dims":[1,1,2048,64],"logical":[2048,1],"loop_factor":1}],"reduction_cores":1,"loop_trip":1,"tiles_output_dim":false,"tile_rows_per_core":0.0,"is_matmul":false,"matmul_macs":0,"matmul_rows_per_core":0.0,"matmul_cols_per_core":0.0,"matmul_a_bytes":0,"matmul_b_bytes":0,"hbm_pattern":""},{"name":"exp","is_reduction":false,"out_elems":1048576,"cores":1,"dtype_bytes":2,"args":[{"name":"op2","role":"output","mem":"hbm","elems":1048576,"broadcast":false,"dims":[8,2048,64],"logical":[2048,512],"loop_factor":1},{"name":"buf1","role":"input","mem":"hbm","elems":1048576,"broadcast":false,"dims":[8,2048,64],"logical":[2048,512],"loop_factor":1}],"reduction_cores":1,"loop_trip":1,"tiles_output_dim":false,"tile_rows_per_core":0.0,"is_matmul":false,"matmul_macs":0,"matmul_rows_per_core":0.0,"matmul_cols_per_core":0.0,"matmul_a_bytes":0,"matmul_b_bytes":0,"hbm_pattern":""},{"name":"sum_1","is_reduction":true,"out_elems":131072,"cores":1,"dtype_bytes":2,"args":[{"name":"op3","role":"output","mem":"lx","elems":131072,"broadcast":false,"dims":[1,1,2048,64],"logical":[2048,1],"loop_factor":1},{"name":"buf2","role":"input","mem":"hbm","elems":1048576,"broadcast":false,"dims":[8,2048,64],"logical":[2048,512],"loop_factor":1}],"reduction_cores":1,"loop_trip":1,"tiles_output_dim":false,"tile_rows_per_core":0.0,"is_matmul":false,"matmul_macs":0,"matmul_rows_per_core":0.0,"matmul_cols_per_core":0.0,"matmul_a_bytes":0,"matmul_b_bytes":0,"hbm_pattern":""},{"name":"div","is_reduction":false,"out_elems":1048576,"cores":1,"dtype_bytes":2,"args":[{"name":"op4","role":"output","mem":"hbm","elems":1048576,"broadcast":false,"dims":[8,2048,64],"logical":[2048,512],"loop_factor":1},{"name":"buf2","role":"input","mem":"hbm","elems":1048576,"broadcast":false,"dims":[8,2048,64],"logical":[2048,512],"loop_factor":1},{"name":"buf3","role":"input","mem":"lx","elems":131072,"broadcast":true,"dims":[1,1,2048,64],"logical":[2048,1],"loop_factor":1}],"reduction_cores":1,"loop_trip":1,"tiles_output_dim":false,"tile_rows_per_core":0.0,"is_matmul":false,"matmul_macs":0,"matmul_rows_per_core":0.0,"matmul_cols_per_core":0.0,"matmul_a_bytes":0,"matmul_b_bytes":0,"hbm_pattern":""}]
SUMMARY op=softmax_unrolled rows=2048 cols=512 cores=1 tiles=1 lx=1 io_hbm_bytes=16777216 kernel_us=676.406 pred_us=154.077 err_pct=-77.2 bw_gbps=24.8 memset_us=90.110 other_dev_us=313.290 total_dev_us=1079.806
-- softmax_unrolled [2048,512] tiles=8 lx=1
IO -- device-layout I/O (cost model, stick-padded) --
IO   op amax [reduction]
IO     output op0                    torch [256, 1] -> device [1, 1, 256, 64] in LX = 16384 elems x 2B = 32768 B  (hbm counted: 0 B)
IO     input  arg0_1                 torch [2048, 512] -> device [8, 2048, 64] in HBM = 1048576 elems x 2B = 2097152 B  (hbm counted: 2097152 B)
IO   op sub
IO     output op1                    torch [256, 512] -> device [8, 256, 64] in LX = 131072 elems x 2B = 262144 B  (hbm counted: 0 B)
IO     input  arg0_1                 torch [2048, 512] -> device [8, 2048, 64] in HBM = 1048576 elems x 2B = 2097152 B  (hbm counted: 2097152 B)
IO     input  buf0                   torch [256, 1] -> device [1, 1, 256, 64] in LX = 16384 elems x 2B = 32768 B  (hbm counted: 0 B) broadcast (loaded once)
IO   op exp
IO     output op2                    torch [256, 512] -> device [8, 256, 64] in LX = 131072 elems x 2B = 262144 B  (hbm counted: 0 B)
IO     input  buf1                   torch [256, 512] -> device [8, 256, 64] in LX = 131072 elems x 2B = 262144 B  (hbm counted: 0 B)
IO   op sum_1 [reduction]
IO     output op3                    torch [256, 1] -> device [1, 1, 256, 64] in LX = 16384 elems x 2B = 32768 B  (hbm counted: 0 B)
IO     input  buf2                   torch [256, 512] -> device [8, 256, 64] in LX = 131072 elems x 2B = 262144 B  (hbm counted: 0 B)
IO   op div
IO     output op4                    torch [2048, 512] -> device [2048, 512] in HBM = 1048576 elems x 2B = 2097152 B  (hbm counted: 2097152 B)
IO     input  buf2                   torch [256, 512] -> device [8, 256, 64] in LX = 131072 elems x 2B = 262144 B  (hbm counted: 0 B)
IO     input  buf3                   torch [256, 1] -> device [1, 1, 256, 64] in LX = 16384 elems x 2B = 32768 B  (hbm counted: 0 B) broadcast (loaded once)
IO   => HBM I/O total = 6291456 B  (lx 1441792 B, ~free)
MODEL -- estimate (turnaround): T = [(R+W)/BW_PEAK + a*min(R,W)] / eff_underfill --
MODEL   R=2097152 B (read)   W=2097152 B (write)   loop_trip L=8
MODEL   base = (R+W)/150 = 27.96 us
MODEL   turn = a*min(R,W) = 0.00574*2097152 = 12.04 us
MODEL   eff_underfill = min(0.95,(256.0/13)**0.68) = 0.950 -> (base+turn)/eff = 42.10 us
MODEL   => T_model = 42.10 us
MODEL FEATS [{"name":"amax","is_reduction":true,"out_elems":16384,"cores":1,"dtype_bytes":2,"args":[{"name":"op0","role":"output","mem":"lx","elems":16384,"broadcast":false,"dims":[1,1,256,64],"logical":[256,1],"loop_factor":1},{"name":"arg0_1","role":"input","mem":"hbm","elems":1048576,"broadcast":false,"dims":[8,2048,64],"logical":[2048,512],"loop_factor":1}],"reduction_cores":1,"loop_trip":8,"tiles_output_dim":true,"tile_rows_per_core":256.0,"is_matmul":false,"matmul_macs":0,"matmul_rows_per_core":0.0,"matmul_cols_per_core":0.0,"matmul_a_bytes":0,"matmul_b_bytes":0,"hbm_pattern":""},{"name":"sub","is_reduction":false,"out_elems":131072,"cores":1,"dtype_bytes":2,"args":[{"name":"op1","role":"output","mem":"lx","elems":131072,"broadcast":false,"dims":[8,256,64],"logical":[256,512],"loop_factor":1},{"name":"arg0_1","role":"input","mem":"hbm","elems":1048576,"broadcast":false,"dims":[8,2048,64],"logical":[2048,512],"loop_factor":1},{"name":"buf0","role":"input","mem":"lx","elems":16384,"broadcast":true,"dims":[1,1,256,64],"logical":[256,1],"loop_factor":1}],"reduction_cores":1,"loop_trip":8,"tiles_output_dim":true,"tile_rows_per_core":256.0,"is_matmul":false,"matmul_macs":0,"matmul_rows_per_core":0.0,"matmul_cols_per_core":0.0,"matmul_a_bytes":0,"matmul_b_bytes":0,"hbm_pattern":""},{"name":"exp","is_reduction":false,"out_elems":131072,"cores":1,"dtype_bytes":2,"args":[{"name":"op2","role":"output","mem":"lx","elems":131072,"broadcast":false,"dims":[8,256,64],"logical":[256,512],"loop_factor":1},{"name":"buf1","role":"input","mem":"lx","elems":131072,"broadcast":false,"dims":[8,256,64],"logical":[256,512],"loop_factor":1}],"reduction_cores":1,"loop_trip":8,"tiles_output_dim":true,"tile_rows_per_core":256.0,"is_matmul":false,"matmul_macs":0,"matmul_rows_per_core":0.0,"matmul_cols_per_core":0.0,"matmul_a_bytes":0,"matmul_b_bytes":0,"hbm_pattern":""},{"name":"sum_1","is_reduction":true,"out_elems":16384,"cores":1,"dtype_bytes":2,"args":[{"name":"op3","role":"output","mem":"lx","elems":16384,"broadcast":false,"dims":[1,1,256,64],"logical":[256,1],"loop_factor":1},{"name":"buf2","role":"input","mem":"lx","elems":131072,"broadcast":false,"dims":[8,256,64],"logical":[256,512],"loop_factor":1}],"reduction_cores":1,"loop_trip":8,"tiles_output_dim":true,"tile_rows_per_core":256.0,"is_matmul":false,"matmul_macs":0,"matmul_rows_per_core":0.0,"matmul_cols_per_core":0.0,"matmul_a_bytes":0,"matmul_b_bytes":0,"hbm_pattern":""},{"name":"div","is_reduction":false,"out_elems":1048576,"cores":1,"dtype_bytes":2,"args":[{"name":"op4","role":"output","mem":"hbm","elems":1048576,"broadcast":false,"dims":[2048,512],"logical":[2048,512],"loop_factor":1},{"name":"buf2","role":"input","mem":"lx","elems":131072,"broadcast":false,"dims":[8,256,64],"logical":[256,512],"loop_factor":1},{"name":"buf3","role":"input","mem":"lx","elems":16384,"broadcast":true,"dims":[1,1,256,64],"logical":[256,1],"loop_factor":1}],"reduction_cores":1,"loop_trip":8,"tiles_output_dim":true,"tile_rows_per_core":256,"is_matmul":false,"matmul_macs":0,"matmul_rows_per_core":0.0,"matmul_cols_per_core":0.0,"matmul_a_bytes":0,"matmul_b_bytes":0,"hbm_pattern":""}]
SUMMARY op=softmax_unrolled rows=2048 cols=512 cores=1 tiles=8 lx=1 io_hbm_bytes=6291456 kernel_us=584.385 pred_us=42.105 err_pct=-92.8 bw_gbps=10.8 memset_us=140.929 other_dev_us=477.668 total_dev_us=1202.982
-- softmax_unrolled [2048,512] tiles=16 lx=1
IO -- device-layout I/O (cost model, stick-padded) --
IO   op amax [reduction]
IO     output op0                    torch [128, 1] -> device [1, 1, 128, 64] in LX = 8192 elems x 2B = 16384 B  (hbm counted: 0 B)
IO     input  arg0_1                 torch [2048, 512] -> device [8, 2048, 64] in HBM = 1048576 elems x 2B = 2097152 B  (hbm counted: 2097152 B)
IO   op sub
IO     output op1                    torch [128, 512] -> device [8, 128, 64] in LX = 65536 elems x 2B = 131072 B  (hbm counted: 0 B)
IO     input  arg0_1                 torch [2048, 512] -> device [8, 2048, 64] in HBM = 1048576 elems x 2B = 2097152 B  (hbm counted: 2097152 B)
IO     input  buf0                   torch [128, 1] -> device [1, 1, 128, 64] in LX = 8192 elems x 2B = 16384 B  (hbm counted: 0 B) broadcast (loaded once)
IO   op exp
IO     output op2                    torch [128, 512] -> device [8, 128, 64] in LX = 65536 elems x 2B = 131072 B  (hbm counted: 0 B)
IO     input  buf1                   torch [128, 512] -> device [8, 128, 64] in LX = 65536 elems x 2B = 131072 B  (hbm counted: 0 B)
IO   op sum_1 [reduction]
IO     output op3                    torch [128, 1] -> device [1, 1, 128, 64] in LX = 8192 elems x 2B = 16384 B  (hbm counted: 0 B)
IO     input  buf2                   torch [128, 512] -> device [8, 128, 64] in LX = 65536 elems x 2B = 131072 B  (hbm counted: 0 B)
IO   op div
IO     output op4                    torch [2048, 512] -> device [2048, 512] in HBM = 1048576 elems x 2B = 2097152 B  (hbm counted: 2097152 B)
IO     input  buf2                   torch [128, 512] -> device [8, 128, 64] in LX = 65536 elems x 2B = 131072 B  (hbm counted: 0 B)
IO     input  buf3                   torch [128, 1] -> device [1, 1, 128, 64] in LX = 8192 elems x 2B = 16384 B  (hbm counted: 0 B) broadcast (loaded once)
IO   => HBM I/O total = 6291456 B  (lx 720896 B, ~free)
MODEL -- estimate (turnaround): T = [(R+W)/BW_PEAK + a*min(R,W)] / eff_underfill --
MODEL   R=2097152 B (read)   W=2097152 B (write)   loop_trip L=16
MODEL   base = (R+W)/150 = 27.96 us
MODEL   turn = a*min(R,W) = 0.00574*2097152 = 12.04 us
MODEL   eff_underfill = min(0.95,(128.0/13)**0.68) = 0.950 -> (base+turn)/eff = 42.10 us
MODEL   => T_model = 42.10 us
MODEL FEATS [{"name":"amax","is_reduction":true,"out_elems":8192,"cores":1,"dtype_bytes":2,"args":[{"name":"op0","role":"output","mem":"lx","elems":8192,"broadcast":false,"dims":[1,1,128,64],"logical":[128,1],"loop_factor":1},{"name":"arg0_1","role":"input","mem":"hbm","elems":1048576,"broadcast":false,"dims":[8,2048,64],"logical":[2048,512],"loop_factor":1}],"reduction_cores":1,"loop_trip":16,"tiles_output_dim":true,"tile_rows_per_core":128.0,"is_matmul":false,"matmul_macs":0,"matmul_rows_per_core":0.0,"matmul_cols_per_core":0.0,"matmul_a_bytes":0,"matmul_b_bytes":0,"hbm_pattern":""},{"name":"sub","is_reduction":false,"out_elems":65536,"cores":1,"dtype_bytes":2,"args":[{"name":"op1","role":"output","mem":"lx","elems":65536,"broadcast":false,"dims":[8,128,64],"logical":[128,512],"loop_factor":1},{"name":"arg0_1","role":"input","mem":"hbm","elems":1048576,"broadcast":false,"dims":[8,2048,64],"logical":[2048,512],"loop_factor":1},{"name":"buf0","role":"input","mem":"lx","elems":8192,"broadcast":true,"dims":[1,1,128,64],"logical":[128,1],"loop_factor":1}],"reduction_cores":1,"loop_trip":16,"tiles_output_dim":true,"tile_rows_per_core":128.0,"is_matmul":false,"matmul_macs":0,"matmul_rows_per_core":0.0,"matmul_cols_per_core":0.0,"matmul_a_bytes":0,"matmul_b_bytes":0,"hbm_pattern":""},{"name":"exp","is_reduction":false,"out_elems":65536,"cores":1,"dtype_bytes":2,"args":[{"name":"op2","role":"output","mem":"lx","elems":65536,"broadcast":false,"dims":[8,128,64],"logical":[128,512],"loop_factor":1},{"name":"buf1","role":"input","mem":"lx","elems":65536,"broadcast":false,"dims":[8,128,64],"logical":[128,512],"loop_factor":1}],"reduction_cores":1,"loop_trip":16,"tiles_output_dim":true,"tile_rows_per_core":128.0,"is_matmul":false,"matmul_macs":0,"matmul_rows_per_core":0.0,"matmul_cols_per_core":0.0,"matmul_a_bytes":0,"matmul_b_bytes":0,"hbm_pattern":""},{"name":"sum_1","is_reduction":true,"out_elems":8192,"cores":1,"dtype_bytes":2,"args":[{"name":"op3","role":"output","mem":"lx","elems":8192,"broadcast":false,"dims":[1,1,128,64],"logical":[128,1],"loop_factor":1},{"name":"buf2","role":"input","mem":"lx","elems":65536,"broadcast":false,"dims":[8,128,64],"logical":[128,512],"loop_factor":1}],"reduction_cores":1,"loop_trip":16,"tiles_output_dim":true,"tile_rows_per_core":128.0,"is_matmul":false,"matmul_macs":0,"matmul_rows_per_core":0.0,"matmul_cols_per_core":0.0,"matmul_a_bytes":0,"matmul_b_bytes":0,"hbm_pattern":""},{"name":"div","is_reduction":false,"out_elems":1048576,"cores":1,"dtype_bytes":2,"args":[{"name":"op4","role":"output","mem":"hbm","elems":1048576,"broadcast":false,"dims":[2048,512],"logical":[2048,512],"loop_factor":1},{"name":"buf2","role":"input","mem":"lx","elems":65536,"broadcast":false,"dims":[8,128,64],"logical":[128,512],"loop_factor":1},{"name":"buf3","role":"input","mem":"lx","elems":8192,"broadcast":true,"dims":[1,1,128,64],"logical":[128,1],"loop_factor":1}],"reduction_cores":1,"loop_trip":16,"tiles_output_dim":true,"tile_rows_per_core":128,"is_matmul":false,"matmul_macs":0,"matmul_rows_per_core":0.0,"matmul_cols_per_core":0.0,"matmul_a_bytes":0,"matmul_b_bytes":0,"hbm_pattern":""}]
SUMMARY op=softmax_unrolled rows=2048 cols=512 cores=1 tiles=16 lx=1 io_hbm_bytes=6291456 kernel_us=595.876 pred_us=42.105 err_pct=-92.9 bw_gbps=10.6 memset_us=140.954 other_dev_us=205.686 total_dev_us=942.516
-- softmax_unrolled [2048,512] tiles=32 lx=1
IO -- device-layout I/O (cost model, stick-padded) --
IO   op amax [reduction]
IO     output op0                    torch [64, 1] -> device [1, 1, 64, 64] in LX = 4096 elems x 2B = 8192 B  (hbm counted: 0 B)
IO     input  arg0_1                 torch [2048, 512] -> device [8, 2048, 64] in HBM = 1048576 elems x 2B = 2097152 B  (hbm counted: 2097152 B)
IO   op sub
IO     output op1                    torch [64, 512] -> device [8, 64, 64] in LX = 32768 elems x 2B = 65536 B  (hbm counted: 0 B)
IO     input  arg0_1                 torch [2048, 512] -> device [8, 2048, 64] in HBM = 1048576 elems x 2B = 2097152 B  (hbm counted: 2097152 B)
IO     input  buf0                   torch [64, 1] -> device [1, 1, 64, 64] in LX = 4096 elems x 2B = 8192 B  (hbm counted: 0 B) broadcast (loaded once)
IO   op exp
IO     output op2                    torch [64, 512] -> device [8, 64, 64] in LX = 32768 elems x 2B = 65536 B  (hbm counted: 0 B)
IO     input  buf1                   torch [64, 512] -> device [8, 64, 64] in LX = 32768 elems x 2B = 65536 B  (hbm counted: 0 B)
IO   op sum_1 [reduction]
IO     output op3                    torch [64, 1] -> device [1, 1, 64, 64] in LX = 4096 elems x 2B = 8192 B  (hbm counted: 0 B)
IO     input  buf2                   torch [64, 512] -> device [8, 64, 64] in LX = 32768 elems x 2B = 65536 B  (hbm counted: 0 B)
IO   op div
IO     output op4                    torch [2048, 512] -> device [2048, 512] in HBM = 1048576 elems x 2B = 2097152 B  (hbm counted: 2097152 B)
IO     input  buf2                   torch [64, 512] -> device [8, 64, 64] in LX = 32768 elems x 2B = 65536 B  (hbm counted: 0 B)
IO     input  buf3                   torch [64, 1] -> device [1, 1, 64, 64] in LX = 4096 elems x 2B = 8192 B  (hbm counted: 0 B) broadcast (loaded once)
IO   => HBM I/O total = 6291456 B  (lx 360448 B, ~free)
MODEL -- estimate (turnaround): T = [(R+W)/BW_PEAK + a*min(R,W)] / eff_underfill --
MODEL   R=2097152 B (read)   W=2097152 B (write)   loop_trip L=32
MODEL   base = (R+W)/150 = 27.96 us
MODEL   turn = a*min(R,W) = 0.00574*2097152 = 12.04 us
MODEL   eff_underfill = min(0.95,(64.0/13)**0.68) = 0.950 -> (base+turn)/eff = 42.10 us
MODEL   => T_model = 42.10 us
MODEL FEATS [{"name":"amax","is_reduction":true,"out_elems":4096,"cores":1,"dtype_bytes":2,"args":[{"name":"op0","role":"output","mem":"lx","elems":4096,"broadcast":false,"dims":[1,1,64,64],"logical":[64,1],"loop_factor":1},{"name":"arg0_1","role":"input","mem":"hbm","elems":1048576,"broadcast":false,"dims":[8,2048,64],"logical":[2048,512],"loop_factor":1}],"reduction_cores":1,"loop_trip":32,"tiles_output_dim":true,"tile_rows_per_core":64.0,"is_matmul":false,"matmul_macs":0,"matmul_rows_per_core":0.0,"matmul_cols_per_core":0.0,"matmul_a_bytes":0,"matmul_b_bytes":0,"hbm_pattern":""},{"name":"sub","is_reduction":false,"out_elems":32768,"cores":1,"dtype_bytes":2,"args":[{"name":"op1","role":"output","mem":"lx","elems":32768,"broadcast":false,"dims":[8,64,64],"logical":[64,512],"loop_factor":1},{"name":"arg0_1","role":"input","mem":"hbm","elems":1048576,"broadcast":false,"dims":[8,2048,64],"logical":[2048,512],"loop_factor":1},{"name":"buf0","role":"input","mem":"lx","elems":4096,"broadcast":true,"dims":[1,1,64,64],"logical":[64,1],"loop_factor":1}],"reduction_cores":1,"loop_trip":32,"tiles_output_dim":true,"tile_rows_per_core":64.0,"is_matmul":false,"matmul_macs":0,"matmul_rows_per_core":0.0,"matmul_cols_per_core":0.0,"matmul_a_bytes":0,"matmul_b_bytes":0,"hbm_pattern":""},{"name":"exp","is_reduction":false,"out_elems":32768,"cores":1,"dtype_bytes":2,"args":[{"name":"op2","role":"output","mem":"lx","elems":32768,"broadcast":false,"dims":[8,64,64],"logical":[64,512],"loop_factor":1},{"name":"buf1","role":"input","mem":"lx","elems":32768,"broadcast":false,"dims":[8,64,64],"logical":[64,512],"loop_factor":1}],"reduction_cores":1,"loop_trip":32,"tiles_output_dim":true,"tile_rows_per_core":64.0,"is_matmul":false,"matmul_macs":0,"matmul_rows_per_core":0.0,"matmul_cols_per_core":0.0,"matmul_a_bytes":0,"matmul_b_bytes":0,"hbm_pattern":""},{"name":"sum_1","is_reduction":true,"out_elems":4096,"cores":1,"dtype_bytes":2,"args":[{"name":"op3","role":"output","mem":"lx","elems":4096,"broadcast":false,"dims":[1,1,64,64],"logical":[64,1],"loop_factor":1},{"name":"buf2","role":"input","mem":"lx","elems":32768,"broadcast":false,"dims":[8,64,64],"logical":[64,512],"loop_factor":1}],"reduction_cores":1,"loop_trip":32,"tiles_output_dim":true,"tile_rows_per_core":64.0,"is_matmul":false,"matmul_macs":0,"matmul_rows_per_core":0.0,"matmul_cols_per_core":0.0,"matmul_a_bytes":0,"matmul_b_bytes":0,"hbm_pattern":""},{"name":"div","is_reduction":false,"out_elems":1048576,"cores":1,"dtype_bytes":2,"args":[{"name":"op4","role":"output","mem":"hbm","elems":1048576,"broadcast":false,"dims":[2048,512],"logical":[2048,512],"loop_factor":1},{"name":"buf2","role":"input","mem":"lx","elems":32768,"broadcast":false,"dims":[8,64,64],"logical":[64,512],"loop_factor":1},{"name":"buf3","role":"input","mem":"lx","elems":4096,"broadcast":true,"dims":[1,1,64,64],"logical":[64,1],"loop_factor":1}],"reduction_cores":1,"loop_trip":32,"tiles_output_dim":true,"tile_rows_per_core":64,"is_matmul":false,"matmul_macs":0,"matmul_rows_per_core":0.0,"matmul_cols_per_core":0.0,"matmul_a_bytes":0,"matmul_b_bytes":0,"hbm_pattern":""}]
SUMMARY op=softmax_unrolled rows=2048 cols=512 cores=1 tiles=32 lx=1 io_hbm_bytes=6291456 kernel_us=674.925 pred_us=42.105 err_pct=-93.8 bw_gbps=9.3 memset_us=144.205 other_dev_us=462.464 total_dev_us=1281.594
==== DONE -> forward haoyang_logs/coarse_tiling_20260714_190916.log ====
