==== COARSE-MM-TILE Wed Jul 29 10:24:36 UTC 2026  git:c87ef4a  reps:7 ====
## (1) dense tile ladder t={1,2,3,4,6,8,12,16} per shape (find the U min)
-- matmul_row_tiling M=2048 K=2048 N=2048 tiles=1
IO -- device-layout I/O (cost model, stick-padded) --
IO   op mm [reduction]
IO     output op0                    torch [2048, 2048] -> device [32, 2048, 64] in HBM = 4194304 elems x 2B = 8388608 B  (hbm counted: 8388608 B)
IO     input  arg0_1                 torch [2048, 2048] -> device [32, 2048, 64] in HBM = 4194304 elems x 2B = 8388608 B  (hbm counted: 8388608 B)
IO     input  arg1_1                 torch [2048, 2048] -> device [32, 2048, 64] in HBM = 4194304 elems x 2B = 8388608 B  (hbm counted: 8388608 B)
IO   => HBM I/O total = 25165824 B  (lx 0 B, ~free)
MODEL -- estimate (turnaround): T = compute + (R+W)/BW_PEAK + a*min(R,W) --
MODEL   R=16777216 B (read)   W=8388608 B (write)   loop_trip L=1
MODEL   compute = MACs/cores/(mac_peak*pt_eff) = 8589934592/32/(1140*1.000) = 235.47 us  (M/m=256, pt_eff=1.000)
MODEL   base = R/150+W/150 = 167.77 us
MODEL   turn = a*min(R,W) = 0.00574*8388608 = 48.15 us
MODEL   => T_model = 393.41 us
MODEL FEATS [{"name":"mm","is_reduction":true,"out_elems":4194304,"cores":32,"dtype_bytes":2,"args":[{"name":"op0","role":"output","mem":"hbm","elems":4194304,"broadcast":false,"dims":[32,2048,64],"logical":[2048,2048],"loop_factor":1},{"name":"arg0_1","role":"input","mem":"hbm","elems":4194304,"broadcast":false,"dims":[32,2048,64],"logical":[2048,2048],"loop_factor":1},{"name":"arg1_1","role":"input","mem":"hbm","elems":4194304,"broadcast":false,"dims":[32,2048,64],"logical":[2048,2048],"loop_factor":1}],"reduction_cores":1,"loop_trip":1,"tiles_output_dim":false,"tile_rows_per_core":0.0,"is_matmul":true,"matmul_macs":8589934592,"matmul_rows_per_core":256.0,"matmul_cols_per_core":512.0,"matmul_a_bytes":8388608,"matmul_b_bytes":8388608,"matmul_m_split":8,"matmul_n_split":4,"hbm_pattern":""}]
TIMING op=matmul_row_tiling reps=7/7 prof_wall_s=0.18 per_rep_s=0.025
SUMMARY op=matmul_row_tiling rows=2048 cols=2048 cores=32 tiles=1 lx=1 io_hbm_bytes=25165824 kernel_us=389.616 pred_us=393.408 err_pct=+1.0 bw_gbps=64.6 memset_us=195.519 other_dev_us=553.999 total_dev_us=1139.134 kernel_us_min=387.082 kernel_us_median=389.616 kernel_us_mean=389.997 kernel_us_std=2.292 kernel_us_cv=0.59 reps=7
TIMING_RUN matmul_row_tiling 2048/2048/2048 t1 15s
-- matmul_row_tiling M=2048 K=2048 N=2048 tiles=2
IO -- device-layout I/O (cost model, stick-padded) --
IO   op mm [reduction]
IO     output op0                    torch [2048, 2048] -> device [2048, 2048] in HBM = 4194304 elems x 2B = 8388608 B  (hbm counted: 8388608 B)
IO     input  arg0_1                 torch [2048, 2048] -> device [32, 2048, 64] in HBM = 4194304 elems x 2B = 8388608 B  (hbm counted: 8388608 B)
IO     input  arg1_1                 torch [2048, 2048] -> device [32, 2048, 64] in HBM = 4194304 elems x 2B = 8388608 B  (hbm counted: 8388608 B)
IO   => HBM I/O total = 25165824 B  (lx 0 B, ~free)
MODEL -- estimate (turnaround): T = compute + [(R+W)/BW_PEAK + a*min(R,W)] / eff_underfill --
MODEL   R=16777216 B (read)   W=8388608 B (write)   loop_trip L=2
MODEL   compute = MACs/cores/(mac_peak*pt_eff) = 8589934592/32/(1140*1.000) = 235.47 us  (M/m=128, pt_eff=1.000)
MODEL   base = R/150+W/150 = 167.77 us
MODEL   turn = a*min(R,W) = 0.00574*8388608 = 48.15 us
MODEL   eff_underfill = min(0.95,(128.0/13)**0.68) = 0.950 -> (base+turn)/eff = 227.29 us
MODEL   => T_model = 358.20 us
MODEL FEATS [{"name":"mm","is_reduction":true,"out_elems":4194304,"cores":32,"dtype_bytes":2,"args":[{"name":"op0","role":"output","mem":"hbm","elems":4194304,"broadcast":false,"dims":[2048,2048],"logical":[2048,2048],"loop_factor":1},{"name":"arg0_1","role":"input","mem":"hbm","elems":4194304,"broadcast":false,"dims":[32,2048,64],"logical":[2048,2048],"loop_factor":1},{"name":"arg1_1","role":"input","mem":"hbm","elems":4194304,"broadcast":false,"dims":[32,2048,64],"logical":[2048,2048],"loop_factor":1}],"reduction_cores":1,"loop_trip":2,"tiles_output_dim":true,"tile_rows_per_core":128,"is_matmul":true,"matmul_macs":8589934592,"matmul_rows_per_core":128.0,"matmul_cols_per_core":512.0,"matmul_a_bytes":4194304,"matmul_b_bytes":8388608,"matmul_m_split":8,"matmul_n_split":4,"hbm_pattern":""}]
TIMING op=matmul_row_tiling reps=7/7 prof_wall_s=18.56 per_rep_s=2.652
SUMMARY op=matmul_row_tiling rows=2048 cols=2048 cores=32 tiles=2 lx=1 io_hbm_bytes=25165824 kernel_us=340.768 pred_us=358.205 err_pct=+5.1 bw_gbps=73.9 memset_us=243.027 other_dev_us=392.449 total_dev_us=976.244 kernel_us_min=338.771 kernel_us_median=340.768 kernel_us_mean=341.214 kernel_us_std=1.441 kernel_us_cv=0.42 reps=7
TIMING_RUN matmul_row_tiling 2048/2048/2048 t2 46s
-- matmul_row_tiling M=2048 K=2048 N=2048 tiles=3
torch._inductor.exc.InductorError: RuntimeError: coarse_tile: op 'buf0' loop var d0 range 2048 is not divisible by loop_count 3.  All tiled dimensions must be evenly divisible by the loop trip count.
SUMMARY op=matmul_row_tiling rows=2048 cols=2048 tiles=3 lx=1 FAILED reason=InductorError: RuntimeError: coarse_tile: op 'buf0' loop var d0 range 2048 is not divisible by loop_count 3.  All tiled dimensions must be evenly divisible
TIMING_RUN matmul_row_tiling 2048/2048/2048 t3 19s
-- matmul_row_tiling M=2048 K=2048 N=2048 tiles=4
IO -- device-layout I/O (cost model, stick-padded) --
IO   op mm [reduction]
IO     output op0                    torch [2048, 2048] -> device [2048, 2048] in HBM = 4194304 elems x 2B = 8388608 B  (hbm counted: 8388608 B)
IO     input  arg0_1                 torch [2048, 2048] -> device [32, 2048, 64] in HBM = 4194304 elems x 2B = 8388608 B  (hbm counted: 8388608 B)
IO     input  arg1_1                 torch [2048, 2048] -> device [32, 2048, 64] in HBM = 4194304 elems x 2B = 8388608 B  (hbm counted: 8388608 B)
IO   => HBM I/O total = 25165824 B  (lx 0 B, ~free)
MODEL -- estimate (turnaround): T = compute + [(R+W)/BW_PEAK + a*min(R,W)] / eff_underfill --
MODEL   R=16777216 B (read)   W=8388608 B (write)   loop_trip L=4
MODEL   compute = MACs/cores/(mac_peak*pt_eff) = 8589934592/32/(1140*1.000) = 235.47 us  (M/m=64, pt_eff=1.000)
MODEL   base = R/150+W/150 = 167.77 us
MODEL   turn = a*min(R,W) = 0.00574*8388608 = 48.15 us
MODEL   eff_underfill = min(0.95,(64.0/13)**0.68) = 0.950 -> (base+turn)/eff = 227.29 us
MODEL   => T_model = 358.20 us
MODEL FEATS [{"name":"mm","is_reduction":true,"out_elems":4194304,"cores":32,"dtype_bytes":2,"args":[{"name":"op0","role":"output","mem":"hbm","elems":4194304,"broadcast":false,"dims":[2048,2048],"logical":[2048,2048],"loop_factor":1},{"name":"arg0_1","role":"input","mem":"hbm","elems":4194304,"broadcast":false,"dims":[32,2048,64],"logical":[2048,2048],"loop_factor":1},{"name":"arg1_1","role":"input","mem":"hbm","elems":4194304,"broadcast":false,"dims":[32,2048,64],"logical":[2048,2048],"loop_factor":1}],"reduction_cores":1,"loop_trip":4,"tiles_output_dim":true,"tile_rows_per_core":64,"is_matmul":true,"matmul_macs":8589934592,"matmul_rows_per_core":64.0,"matmul_cols_per_core":512.0,"matmul_a_bytes":2097152,"matmul_b_bytes":8388608,"matmul_m_split":8,"matmul_n_split":4,"hbm_pattern":""}]
TIMING op=matmul_row_tiling reps=7/7 prof_wall_s=38.72 per_rep_s=5.531
SUMMARY op=matmul_row_tiling rows=2048 cols=2048 cores=32 tiles=4 lx=1 io_hbm_bytes=25165824 kernel_us=436.922 pred_us=358.205 err_pct=-18.0 bw_gbps=57.6 memset_us=252.390 other_dev_us=384.668 total_dev_us=1073.980 kernel_us_min=434.658 kernel_us_median=436.922 kernel_us_mean=437.057 kernel_us_std=1.484 kernel_us_cv=0.34 reps=7
TIMING_RUN matmul_row_tiling 2048/2048/2048 t4 82s
-- matmul_row_tiling M=2048 K=2048 N=2048 tiles=6
torch._inductor.exc.InductorError: RuntimeError: coarse_tile: op 'buf0' loop var d0 range 2048 is not divisible by loop_count 6.  All tiled dimensions must be evenly divisible by the loop trip count.
SUMMARY op=matmul_row_tiling rows=2048 cols=2048 tiles=6 lx=1 FAILED reason=InductorError: RuntimeError: coarse_tile: op 'buf0' loop var d0 range 2048 is not divisible by loop_count 6.  All tiled dimensions must be evenly divisible
TIMING_RUN matmul_row_tiling 2048/2048/2048 t6 20s
-- matmul_row_tiling M=2048 K=2048 N=2048 tiles=8
IO -- device-layout I/O (cost model, stick-padded) --
IO   op mm [reduction]
IO     output op0                    torch [2048, 2048] -> device [2048, 2048] in HBM = 4194304 elems x 2B = 8388608 B  (hbm counted: 8388608 B)
IO     input  arg0_1                 torch [2048, 2048] -> device [32, 2048, 64] in HBM = 4194304 elems x 2B = 8388608 B  (hbm counted: 8388608 B)
IO     input  arg1_1                 torch [2048, 2048] -> device [32, 2048, 64] in HBM = 4194304 elems x 2B = 8388608 B  (hbm counted: 8388608 B)
IO   => HBM I/O total = 25165824 B  (lx 0 B, ~free)
MODEL -- estimate (turnaround): T = compute + [(R+W)/BW_PEAK + a*min(R,W)] / eff_underfill --
MODEL   R=16777216 B (read)   W=8388608 B (write)   loop_trip L=8
MODEL   compute = MACs/cores/(mac_peak*pt_eff) = 8589934592/32/(1140*0.785) = 300.12 us  (M/m=32, pt_eff=0.785)
MODEL   base = R/150+W/150 = 167.77 us
MODEL   turn = a*min(R,W) = 0.00574*8388608 = 48.15 us
MODEL   eff_underfill = min(0.95,(32.0/13)**0.68) = 0.950 -> (base+turn)/eff = 227.29 us
MODEL   => T_model = 358.20 us
MODEL FEATS [{"name":"mm","is_reduction":true,"out_elems":4194304,"cores":32,"dtype_bytes":2,"args":[{"name":"op0","role":"output","mem":"hbm","elems":4194304,"broadcast":false,"dims":[2048,2048],"logical":[2048,2048],"loop_factor":1},{"name":"arg0_1","role":"input","mem":"hbm","elems":4194304,"broadcast":false,"dims":[32,2048,64],"logical":[2048,2048],"loop_factor":1},{"name":"arg1_1","role":"input","mem":"hbm","elems":4194304,"broadcast":false,"dims":[32,2048,64],"logical":[2048,2048],"loop_factor":1}],"reduction_cores":1,"loop_trip":8,"tiles_output_dim":true,"tile_rows_per_core":32,"is_matmul":true,"matmul_macs":8589934592,"matmul_rows_per_core":32.0,"matmul_cols_per_core":512.0,"matmul_a_bytes":1048576,"matmul_b_bytes":8388608,"matmul_m_split":8,"matmul_n_split":4,"hbm_pattern":""}]
TIMING op=matmul_row_tiling reps=7/7 prof_wall_s=72.02 per_rep_s=10.289
SUMMARY op=matmul_row_tiling rows=2048 cols=2048 cores=32 tiles=8 lx=1 io_hbm_bytes=25165824 kernel_us=658.048 pred_us=358.205 err_pct=-45.6 bw_gbps=38.2 memset_us=235.765 other_dev_us=467.681 total_dev_us=1361.494 kernel_us_min=652.585 kernel_us_median=658.048 kernel_us_mean=657.788 kernel_us_std=2.878 kernel_us_cv=0.44 reps=7
TIMING_RUN matmul_row_tiling 2048/2048/2048 t8 139s
-- matmul_row_tiling M=2048 K=2048 N=2048 tiles=12
torch._inductor.exc.InductorError: RuntimeError: coarse_tile: op 'buf0' loop var d0 range 2048 is not divisible by loop_count 12.  All tiled dimensions must be evenly divisible by the loop trip count.
SUMMARY op=matmul_row_tiling rows=2048 cols=2048 tiles=12 lx=1 FAILED reason=InductorError: RuntimeError: coarse_tile: op 'buf0' loop var d0 range 2048 is not divisible by loop_count 12.  All tiled dimensions must be evenly divisibl
TIMING_RUN matmul_row_tiling 2048/2048/2048 t12 22s
-- matmul_row_tiling M=2048 K=2048 N=2048 tiles=16
IO -- device-layout I/O (cost model, stick-padded) --
IO   op mm [reduction]
IO     output op0                    torch [2048, 2048] -> device [2048, 2048] in HBM = 4194304 elems x 2B = 8388608 B  (hbm counted: 8388608 B)
IO     input  arg0_1                 torch [2048, 2048] -> device [32, 2048, 64] in HBM = 4194304 elems x 2B = 8388608 B  (hbm counted: 8388608 B)
IO     input  arg1_1                 torch [2048, 2048] -> device [32, 2048, 64] in HBM = 4194304 elems x 2B = 8388608 B  (hbm counted: 8388608 B)
IO   => HBM I/O total = 25165824 B  (lx 0 B, ~free)
MODEL -- estimate (turnaround): T = compute + [(R+W)/BW_PEAK + a*min(R,W)] / eff_underfill --
MODEL   R=16777216 B (read)   W=8388608 B (write)   loop_trip L=16
MODEL   compute = MACs/cores/(mac_peak*pt_eff) = 8589934592/32/(1140*0.785) = 300.12 us  (M/m=32, pt_eff=0.785)
MODEL   base = R/150+W/150 = 167.77 us
MODEL   turn = a*min(R,W) = 0.00574*8388608 = 48.15 us
MODEL   eff_underfill = min(0.95,(32.0/13)**0.68) = 0.950 -> (base+turn)/eff = 227.29 us
MODEL   => T_model = 358.20 us
MODEL FEATS [{"name":"mm","is_reduction":true,"out_elems":4194304,"cores":32,"dtype_bytes":2,"args":[{"name":"op0","role":"output","mem":"hbm","elems":4194304,"broadcast":false,"dims":[2048,2048],"logical":[2048,2048],"loop_factor":1},{"name":"arg0_1","role":"input","mem":"hbm","elems":4194304,"broadcast":false,"dims":[32,2048,64],"logical":[2048,2048],"loop_factor":1},{"name":"arg1_1","role":"input","mem":"hbm","elems":4194304,"broadcast":false,"dims":[32,2048,64],"logical":[2048,2048],"loop_factor":1}],"reduction_cores":1,"loop_trip":16,"tiles_output_dim":true,"tile_rows_per_core":32,"is_matmul":true,"matmul_macs":8589934592,"matmul_rows_per_core":32.0,"matmul_cols_per_core":256.0,"matmul_a_bytes":524288,"matmul_b_bytes":8388608,"matmul_m_split":4,"matmul_n_split":8,"hbm_pattern":""}]
TIMING op=matmul_row_tiling reps=7/7 prof_wall_s=103.10 per_rep_s=14.728
SUMMARY op=matmul_row_tiling rows=2048 cols=2048 cores=32 tiles=16 lx=1 io_hbm_bytes=25165824 kernel_us=1001.974 pred_us=358.205 err_pct=-64.3 bw_gbps=25.1 memset_us=271.758 other_dev_us=481.181 total_dev_us=1754.913 kernel_us_min=997.492 kernel_us_median=1001.974 kernel_us_mean=1002.041 kernel_us_std=3.111 kernel_us_cv=0.31 reps=7
TIMING_RUN matmul_row_tiling 2048/2048/2048 t16 197s
-- matmul_row_tiling M=8192 K=2048 N=2048 tiles=1
IO -- device-layout I/O (cost model, stick-padded) --
IO   op mm [reduction]
IO     output op0                    torch [8192, 2048] -> device [32, 8192, 64] in HBM = 16777216 elems x 2B = 33554432 B  (hbm counted: 33554432 B)
IO     input  arg0_1                 torch [8192, 2048] -> device [32, 8192, 64] in HBM = 16777216 elems x 2B = 33554432 B  (hbm counted: 33554432 B)
IO     input  arg1_1                 torch [2048, 2048] -> device [32, 2048, 64] in HBM = 4194304 elems x 2B = 8388608 B  (hbm counted: 8388608 B)
IO   => HBM I/O total = 75497472 B  (lx 0 B, ~free)
MODEL -- estimate (turnaround): T = compute + (R+W)/BW_PEAK + a*min(R,W) --
MODEL   R=41943040 B (read)   W=33554432 B (write)   loop_trip L=1
MODEL   compute = MACs/cores/(mac_peak*pt_eff) = 34359738368/32/(1140*1.000) = 941.88 us  (M/m=1024, pt_eff=1.000)
MODEL   base = R/150+W/150 = 503.32 us
MODEL   turn = a*min(R,W) = 0.00574*33554432 = 192.60 us
MODEL   => T_model = 1582.02 us
MODEL FEATS [{"name":"mm","is_reduction":true,"out_elems":16777216,"cores":32,"dtype_bytes":2,"args":[{"name":"op0","role":"output","mem":"hbm","elems":16777216,"broadcast":false,"dims":[32,8192,64],"logical":[8192,2048],"loop_factor":1},{"name":"arg0_1","role":"input","mem":"hbm","elems":16777216,"broadcast":false,"dims":[32,8192,64],"logical":[8192,2048],"loop_factor":1},{"name":"arg1_1","role":"input","mem":"hbm","elems":4194304,"broadcast":false,"dims":[32,2048,64],"logical":[2048,2048],"loop_factor":1}],"reduction_cores":1,"loop_trip":1,"tiles_output_dim":false,"tile_rows_per_core":0.0,"is_matmul":true,"matmul_macs":34359738368,"matmul_rows_per_core":1024.0,"matmul_cols_per_core":512.0,"matmul_a_bytes":33554432,"matmul_b_bytes":8388608,"matmul_m_split":8,"matmul_n_split":4,"hbm_pattern":""}]
TIMING op=matmul_row_tiling reps=7/7 prof_wall_s=0.53 per_rep_s=0.075
SUMMARY op=matmul_row_tiling rows=8192 cols=2048 cores=32 tiles=1 lx=1 io_hbm_bytes=75497472 kernel_us=1624.481 pred_us=1582.021 err_pct=-2.6 bw_gbps=46.5 memset_us=452.722 other_dev_us=2229.484 total_dev_us=4306.687 kernel_us_min=1622.345 kernel_us_median=1624.481 kernel_us_mean=1625.074 kernel_us_std=3.024 kernel_us_cv=0.19 reps=7
TIMING_RUN matmul_row_tiling 8192/2048/2048 t1 28s
-- matmul_row_tiling M=8192 K=2048 N=2048 tiles=2
IO -- device-layout I/O (cost model, stick-padded) --
IO   op mm [reduction]
IO     output op0                    torch [8192, 2048] -> device [8192, 2048] in HBM = 16777216 elems x 2B = 33554432 B  (hbm counted: 33554432 B)
IO     input  arg0_1                 torch [8192, 2048] -> device [32, 8192, 64] in HBM = 16777216 elems x 2B = 33554432 B  (hbm counted: 33554432 B)
IO     input  arg1_1                 torch [2048, 2048] -> device [32, 2048, 64] in HBM = 4194304 elems x 2B = 8388608 B  (hbm counted: 8388608 B)
IO   => HBM I/O total = 75497472 B  (lx 0 B, ~free)
MODEL -- estimate (turnaround): T = compute + [(R+W)/BW_PEAK + a*min(R,W)] / eff_underfill --
MODEL   R=41943040 B (read)   W=33554432 B (write)   loop_trip L=2
MODEL   compute = MACs/cores/(mac_peak*pt_eff) = 34359738368/32/(1140*1.000) = 941.88 us  (M/m=512, pt_eff=1.000)
MODEL   base = R/150+W/150 = 503.32 us
MODEL   turn = a*min(R,W) = 0.00574*33554432 = 192.60 us
MODEL   eff_underfill = min(0.95,(512.0/13)**0.68) = 0.950 -> (base+turn)/eff = 732.55 us
MODEL   => T_model = 1423.28 us
MODEL FEATS [{"name":"mm","is_reduction":true,"out_elems":16777216,"cores":32,"dtype_bytes":2,"args":[{"name":"op0","role":"output","mem":"hbm","elems":16777216,"broadcast":false,"dims":[8192,2048],"logical":[8192,2048],"loop_factor":1},{"name":"arg0_1","role":"input","mem":"hbm","elems":16777216,"broadcast":false,"dims":[32,8192,64],"logical":[8192,2048],"loop_factor":1},{"name":"arg1_1","role":"input","mem":"hbm","elems":4194304,"broadcast":false,"dims":[32,2048,64],"logical":[2048,2048],"loop_factor":1}],"reduction_cores":1,"loop_trip":2,"tiles_output_dim":true,"tile_rows_per_core":512,"is_matmul":true,"matmul_macs":34359738368,"matmul_rows_per_core":512.0,"matmul_cols_per_core":512.0,"matmul_a_bytes":16777216,"matmul_b_bytes":8388608,"matmul_m_split":8,"matmul_n_split":4,"hbm_pattern":""}]
TIMING op=matmul_row_tiling reps=7/7 prof_wall_s=22.84 per_rep_s=3.262
SUMMARY op=matmul_row_tiling rows=8192 cols=2048 cores=32 tiles=2 lx=1 io_hbm_bytes=75497472 kernel_us=1688.746 pred_us=1423.282 err_pct=-15.7 bw_gbps=44.7 memset_us=508.790 other_dev_us=2272.646 total_dev_us=4470.182 kernel_us_min=1681.275 kernel_us_median=1688.746 kernel_us_mean=1689.711 kernel_us_std=6.208 kernel_us_cv=0.37 reps=7
TIMING_RUN matmul_row_tiling 8192/2048/2048 t2 52s
-- matmul_row_tiling M=8192 K=2048 N=2048 tiles=3
torch._inductor.exc.InductorError: RuntimeError: coarse_tile: op 'buf0' loop var d0 range 8192 is not divisible by loop_count 3.  All tiled dimensions must be evenly divisible by the loop trip count.
SUMMARY op=matmul_row_tiling rows=8192 cols=2048 tiles=3 lx=1 FAILED reason=InductorError: RuntimeError: coarse_tile: op 'buf0' loop var d0 range 8192 is not divisible by loop_count 3.  All tiled dimensions must be evenly divisible
TIMING_RUN matmul_row_tiling 8192/2048/2048 t3 22s
-- matmul_row_tiling M=8192 K=2048 N=2048 tiles=4
IO -- device-layout I/O (cost model, stick-padded) --
IO   op mm [reduction]
IO     output op0                    torch [8192, 2048] -> device [8192, 2048] in HBM = 16777216 elems x 2B = 33554432 B  (hbm counted: 33554432 B)
IO     input  arg0_1                 torch [8192, 2048] -> device [32, 8192, 64] in HBM = 16777216 elems x 2B = 33554432 B  (hbm counted: 33554432 B)
IO     input  arg1_1                 torch [2048, 2048] -> device [32, 2048, 64] in HBM = 4194304 elems x 2B = 8388608 B  (hbm counted: 8388608 B)
IO   => HBM I/O total = 75497472 B  (lx 0 B, ~free)
MODEL -- estimate (turnaround): T = compute + [(R+W)/BW_PEAK + a*min(R,W)] / eff_underfill --
MODEL   R=41943040 B (read)   W=33554432 B (write)   loop_trip L=4
MODEL   compute = MACs/cores/(mac_peak*pt_eff) = 34359738368/32/(1140*1.000) = 941.88 us  (M/m=256, pt_eff=1.000)
MODEL   base = R/150+W/150 = 503.32 us
MODEL   turn = a*min(R,W) = 0.00574*33554432 = 192.60 us
MODEL   eff_underfill = min(0.95,(256.0/13)**0.68) = 0.950 -> (base+turn)/eff = 732.55 us
MODEL   => T_model = 1366.06 us
MODEL FEATS [{"name":"mm","is_reduction":true,"out_elems":16777216,"cores":32,"dtype_bytes":2,"args":[{"name":"op0","role":"output","mem":"hbm","elems":16777216,"broadcast":false,"dims":[8192,2048],"logical":[8192,2048],"loop_factor":1},{"name":"arg0_1","role":"input","mem":"hbm","elems":16777216,"broadcast":false,"dims":[32,8192,64],"logical":[8192,2048],"loop_factor":1},{"name":"arg1_1","role":"input","mem":"hbm","elems":4194304,"broadcast":false,"dims":[32,2048,64],"logical":[2048,2048],"loop_factor":1}],"reduction_cores":1,"loop_trip":4,"tiles_output_dim":true,"tile_rows_per_core":256,"is_matmul":true,"matmul_macs":34359738368,"matmul_rows_per_core":256.0,"matmul_cols_per_core":512.0,"matmul_a_bytes":8388608,"matmul_b_bytes":8388608,"matmul_m_split":8,"matmul_n_split":4,"hbm_pattern":""}]
TIMING op=matmul_row_tiling reps=7/7 prof_wall_s=37.41 per_rep_s=5.344
SUMMARY op=matmul_row_tiling rows=8192 cols=2048 cores=32 tiles=4 lx=1 io_hbm_bytes=75497472 kernel_us=1564.487 pred_us=1366.063 err_pct=-12.7 bw_gbps=48.3 memset_us=521.649 other_dev_us=2327.804 total_dev_us=4413.940 kernel_us_min=1549.755 kernel_us_median=1564.487 kernel_us_mean=1568.887 kernel_us_std=15.171 kernel_us_cv=0.97 reps=7
TIMING_RUN matmul_row_tiling 8192/2048/2048 t4 78s
-- matmul_row_tiling M=8192 K=2048 N=2048 tiles=6
torch._inductor.exc.InductorError: RuntimeError: coarse_tile: op 'buf0' loop var d0 range 8192 is not divisible by loop_count 6.  All tiled dimensions must be evenly divisible by the loop trip count.
SUMMARY op=matmul_row_tiling rows=8192 cols=2048 tiles=6 lx=1 FAILED reason=InductorError: RuntimeError: coarse_tile: op 'buf0' loop var d0 range 8192 is not divisible by loop_count 6.  All tiled dimensions must be evenly divisible
TIMING_RUN matmul_row_tiling 8192/2048/2048 t6 27s
-- matmul_row_tiling M=8192 K=2048 N=2048 tiles=8
IO -- device-layout I/O (cost model, stick-padded) --
IO   op mm [reduction]
IO     output op0                    torch [8192, 2048] -> device [8192, 2048] in HBM = 16777216 elems x 2B = 33554432 B  (hbm counted: 33554432 B)
IO     input  arg0_1                 torch [8192, 2048] -> device [32, 8192, 64] in HBM = 16777216 elems x 2B = 33554432 B  (hbm counted: 33554432 B)
IO     input  arg1_1                 torch [2048, 2048] -> device [32, 2048, 64] in HBM = 4194304 elems x 2B = 8388608 B  (hbm counted: 8388608 B)
IO   => HBM I/O total = 75497472 B  (lx 0 B, ~free)
MODEL -- estimate (turnaround): T = compute + [(R+W)/BW_PEAK + a*min(R,W)] / eff_underfill --
MODEL   R=41943040 B (read)   W=33554432 B (write)   loop_trip L=8
MODEL   compute = MACs/cores/(mac_peak*pt_eff) = 34359738368/32/(1140*1.000) = 941.88 us  (M/m=128, pt_eff=1.000)
MODEL   base = R/150+W/150 = 503.32 us
MODEL   turn = a*min(R,W) = 0.00574*33554432 = 192.60 us
MODEL   eff_underfill = min(0.95,(128.0/13)**0.68) = 0.950 -> (base+turn)/eff = 732.55 us
MODEL   => T_model = 1337.45 us
MODEL FEATS [{"name":"mm","is_reduction":true,"out_elems":16777216,"cores":32,"dtype_bytes":2,"args":[{"name":"op0","role":"output","mem":"hbm","elems":16777216,"broadcast":false,"dims":[8192,2048],"logical":[8192,2048],"loop_factor":1},{"name":"arg0_1","role":"input","mem":"hbm","elems":16777216,"broadcast":false,"dims":[32,8192,64],"logical":[8192,2048],"loop_factor":1},{"name":"arg1_1","role":"input","mem":"hbm","elems":4194304,"broadcast":false,"dims":[32,2048,64],"logical":[2048,2048],"loop_factor":1}],"reduction_cores":1,"loop_trip":8,"tiles_output_dim":true,"tile_rows_per_core":128,"is_matmul":true,"matmul_macs":34359738368,"matmul_rows_per_core":128.0,"matmul_cols_per_core":512.0,"matmul_a_bytes":4194304,"matmul_b_bytes":8388608,"matmul_m_split":8,"matmul_n_split":4,"hbm_pattern":""}]
TIMING op=matmul_row_tiling reps=7/7 prof_wall_s=69.00 per_rep_s=9.858
SUMMARY op=matmul_row_tiling rows=8192 cols=2048 cores=32 tiles=8 lx=1 io_hbm_bytes=75497472 kernel_us=1359.752 pred_us=1337.454 err_pct=-1.6 bw_gbps=55.5 memset_us=533.299 other_dev_us=2284.213 total_dev_us=4177.264 kernel_us_min=1352.961 kernel_us_median=1359.752 kernel_us_mean=1359.737 kernel_us_std=5.097 kernel_us_cv=0.37 reps=7
TIMING_RUN matmul_row_tiling 8192/2048/2048 t8 134s
-- matmul_row_tiling M=8192 K=2048 N=2048 tiles=12
torch._inductor.exc.InductorError: RuntimeError: coarse_tile: op 'buf0' loop var d0 range 8192 is not divisible by loop_count 12.  All tiled dimensions must be evenly divisible by the loop trip count.
SUMMARY op=matmul_row_tiling rows=8192 cols=2048 tiles=12 lx=1 FAILED reason=InductorError: RuntimeError: coarse_tile: op 'buf0' loop var d0 range 8192 is not divisible by loop_count 12.  All tiled dimensions must be evenly divisibl
TIMING_RUN matmul_row_tiling 8192/2048/2048 t12 26s
-- matmul_row_tiling M=8192 K=2048 N=2048 tiles=16
SUMMARY matmul_row_tiling M=8192 K=2048 N=2048 tiles=16 FAILED
FAILDIAG /lib64/libpython3.12.so.1.0(PyObject_Vectorcall+0x36)[0x7f4935f170e6]
FAILDIAG /lib64/libpython3.12.so.1.0(_PyEval_EvalFrameDefault+0x786)[0x7f4935f01ce6]
FAILDIAG /lib64/libpython3.12.so.1.0(PyObject_Vectorcall+0x36)[0x7f4935f170e6]
FAILDIAG /lib64/libpython3.12.so.1.0(_PyEval_EvalFrameDefault+0x786)[0x7f4935f01ce6]
FAILDIAG /lib64/libpython3.12.so.1.0(PyObject_Vectorcall+0x36)[0x7f4935f170e6]
FAILDIAG /lib64/libpython3.12.so.1.0(_PyEval_EvalFrameDefault+0x786)[0x7f4935f01ce6]
TIMING_RUN matmul_row_tiling 8192/2048/2048 t16 240s
-- matmul_row_tiling M=2048 K=2048 N=4096 tiles=1
IO -- device-layout I/O (cost model, stick-padded) --
IO   op mm [reduction]
IO     output op0                    torch [2048, 4096] -> device [64, 2048, 64] in HBM = 8388608 elems x 2B = 16777216 B  (hbm counted: 16777216 B)
IO     input  arg0_1                 torch [2048, 2048] -> device [32, 2048, 64] in HBM = 4194304 elems x 2B = 8388608 B  (hbm counted: 8388608 B)
IO     input  arg1_1                 torch [2048, 4096] -> device [64, 2048, 64] in HBM = 8388608 elems x 2B = 16777216 B  (hbm counted: 16777216 B)
IO   => HBM I/O total = 41943040 B  (lx 0 B, ~free)
MODEL -- estimate (turnaround): T = compute + (R+W)/BW_PEAK + a*min(R,W) --
MODEL   R=25165824 B (read)   W=16777216 B (write)   loop_trip L=1
MODEL   compute = MACs/cores/(mac_peak*pt_eff) = 17179869184/32/(1140*1.000) = 470.94 us  (M/m=512, pt_eff=1.000)
MODEL   base = R/150+W/150 = 279.62 us
MODEL   turn = a*min(R,W) = 0.00574*16777216 = 96.30 us
MODEL   => T_model = 781.22 us
MODEL FEATS [{"name":"mm","is_reduction":true,"out_elems":8388608,"cores":32,"dtype_bytes":2,"args":[{"name":"op0","role":"output","mem":"hbm","elems":8388608,"broadcast":false,"dims":[64,2048,64],"logical":[2048,4096],"loop_factor":1},{"name":"arg0_1","role":"input","mem":"hbm","elems":4194304,"broadcast":false,"dims":[32,2048,64],"logical":[2048,2048],"loop_factor":1},{"name":"arg1_1","role":"input","mem":"hbm","elems":8388608,"broadcast":false,"dims":[64,2048,64],"logical":[2048,4096],"loop_factor":1}],"reduction_cores":1,"loop_trip":1,"tiles_output_dim":false,"tile_rows_per_core":0.0,"is_matmul":true,"matmul_macs":17179869184,"matmul_rows_per_core":512.0,"matmul_cols_per_core":512.0,"matmul_a_bytes":8388608,"matmul_b_bytes":16777216,"matmul_m_split":4,"matmul_n_split":8,"hbm_pattern":""}]
TIMING op=matmul_row_tiling reps=7/7 prof_wall_s=0.27 per_rep_s=0.039
SUMMARY op=matmul_row_tiling rows=2048 cols=2048 cores=32 tiles=1 lx=1 io_hbm_bytes=41943040 kernel_us=769.877 pred_us=781.224 err_pct=+1.5 bw_gbps=54.5 memset_us=291.531 other_dev_us=911.274 total_dev_us=1972.682 kernel_us_min=765.775 kernel_us_median=769.877 kernel_us_mean=770.202 kernel_us_std=2.433 kernel_us_cv=0.32 reps=7
TIMING_RUN matmul_row_tiling 2048/2048/4096 t1 28s
-- matmul_row_tiling M=2048 K=2048 N=4096 tiles=2
SUMMARY matmul_row_tiling M=2048 K=2048 N=4096 tiles=2 FAILED
FAILDIAG /lib64/libpython3.12.so.1.0(Py_RunMain+0x3b0)[0x7f74a04a8850]
FAILDIAG /lib64/libpython3.12.so.1.0(Py_BytesMain+0x3b)[0x7f74a046237b]
FAILDIAG /lib64/libc.so.6(+0x2a58e)[0x7f74a008b58e]
FAILDIAG /lib64/libc.so.6(__libc_start_main+0x89)[0x7f74a008b649]
FAILDIAG python(_start+0x25)[0x55e07dec7095]
FAILDIAG *****************
TIMING_RUN matmul_row_tiling 2048/2048/4096 t2 240s
-- matmul_row_tiling M=2048 K=2048 N=4096 tiles=3
torch._inductor.exc.InductorError: RuntimeError: coarse_tile: op 'buf0' loop var d0 range 2048 is not divisible by loop_count 3.  All tiled dimensions must be evenly divisible by the loop trip count.
SUMMARY op=matmul_row_tiling rows=2048 cols=2048 tiles=3 lx=1 FAILED reason=InductorError: RuntimeError: coarse_tile: op 'buf0' loop var d0 range 2048 is not divisible by loop_count 3.  All tiled dimensions must be evenly divisible
TIMING_RUN matmul_row_tiling 2048/2048/4096 t3 26s
-- matmul_row_tiling M=2048 K=2048 N=4096 tiles=4
IO -- device-layout I/O (cost model, stick-padded) --
IO   op mm [reduction]
IO     output op0                    torch [2048, 4096] -> device [2048, 4096] in HBM = 8388608 elems x 2B = 16777216 B  (hbm counted: 16777216 B)
IO     input  arg0_1                 torch [2048, 2048] -> device [32, 2048, 64] in HBM = 4194304 elems x 2B = 8388608 B  (hbm counted: 8388608 B)
IO     input  arg1_1                 torch [2048, 4096] -> device [64, 2048, 64] in HBM = 8388608 elems x 2B = 16777216 B  (hbm counted: 16777216 B)
IO   => HBM I/O total = 41943040 B  (lx 0 B, ~free)
MODEL -- estimate (turnaround): T = compute + [(R+W)/BW_PEAK + a*min(R,W)] / eff_underfill --
MODEL   R=25165824 B (read)   W=16777216 B (write)   loop_trip L=4
MODEL   compute = MACs/cores/(mac_peak*pt_eff) = 17179869184/32/(1140*1.000) = 470.94 us  (M/m=128, pt_eff=1.000)
MODEL   base = R/150+W/150 = 279.62 us
MODEL   turn = a*min(R,W) = 0.00574*16777216 = 96.30 us
MODEL   eff_underfill = min(0.95,(128.0/13)**0.68) = 0.950 -> (base+turn)/eff = 395.71 us
MODEL   => T_model = 684.62 us
MODEL FEATS [{"name":"mm","is_reduction":true,"out_elems":8388608,"cores":32,"dtype_bytes":2,"args":[{"name":"op0","role":"output","mem":"hbm","elems":8388608,"broadcast":false,"dims":[2048,4096],"logical":[2048,4096],"loop_factor":1},{"name":"arg0_1","role":"input","mem":"hbm","elems":4194304,"broadcast":false,"dims":[32,2048,64],"logical":[2048,2048],"loop_factor":1},{"name":"arg1_1","role":"input","mem":"hbm","elems":8388608,"broadcast":false,"dims":[64,2048,64],"logical":[2048,4096],"loop_factor":1}],"reduction_cores":1,"loop_trip":4,"tiles_output_dim":true,"tile_rows_per_core":128,"is_matmul":true,"matmul_macs":17179869184,"matmul_rows_per_core":128.0,"matmul_cols_per_core":512.0,"matmul_a_bytes":2097152,"matmul_b_bytes":16777216,"matmul_m_split":4,"matmul_n_split":8,"hbm_pattern":""}]
TIMING op=matmul_row_tiling reps=7/7 prof_wall_s=35.31 per_rep_s=5.044
SUMMARY op=matmul_row_tiling rows=2048 cols=2048 cores=32 tiles=4 lx=1 io_hbm_bytes=41943040 kernel_us=728.113 pred_us=684.621 err_pct=-6.0 bw_gbps=57.6 memset_us=343.664 other_dev_us=889.733 total_dev_us=1961.510 kernel_us_min=722.905 kernel_us_median=728.113 kernel_us_mean=729.153 kernel_us_std=3.812 kernel_us_cv=0.52 reps=7
TIMING_RUN matmul_row_tiling 2048/2048/4096 t4 76s
-- matmul_row_tiling M=2048 K=2048 N=4096 tiles=6
torch._inductor.exc.InductorError: RuntimeError: coarse_tile: op 'buf0' loop var d0 range 2048 is not divisible by loop_count 6.  All tiled dimensions must be evenly divisible by the loop trip count.
SUMMARY op=matmul_row_tiling rows=2048 cols=2048 tiles=6 lx=1 FAILED reason=InductorError: RuntimeError: coarse_tile: op 'buf0' loop var d0 range 2048 is not divisible by loop_count 6.  All tiled dimensions must be evenly divisible
TIMING_RUN matmul_row_tiling 2048/2048/4096 t6 21s
-- matmul_row_tiling M=2048 K=2048 N=4096 tiles=8
IO -- device-layout I/O (cost model, stick-padded) --
IO   op mm [reduction]
IO     output op0                    torch [2048, 4096] -> device [2048, 4096] in HBM = 8388608 elems x 2B = 16777216 B  (hbm counted: 16777216 B)
IO     input  arg0_1                 torch [2048, 2048] -> device [32, 2048, 64] in HBM = 4194304 elems x 2B = 8388608 B  (hbm counted: 8388608 B)
IO     input  arg1_1                 torch [2048, 4096] -> device [64, 2048, 64] in HBM = 8388608 elems x 2B = 16777216 B  (hbm counted: 16777216 B)
IO   => HBM I/O total = 41943040 B  (lx 0 B, ~free)
MODEL -- estimate (turnaround): T = compute + [(R+W)/BW_PEAK + a*min(R,W)] / eff_underfill --
MODEL   R=25165824 B (read)   W=16777216 B (write)   loop_trip L=8
MODEL   compute = MACs/cores/(mac_peak*pt_eff) = 17179869184/32/(1140*1.000) = 470.94 us  (M/m=64, pt_eff=1.000)
MODEL   base = R/150+W/150 = 279.62 us
MODEL   turn = a*min(R,W) = 0.00574*16777216 = 96.30 us
MODEL   eff_underfill = min(0.95,(64.0/13)**0.68) = 0.950 -> (base+turn)/eff = 395.71 us
MODEL   => T_model = 684.62 us
MODEL FEATS [{"name":"mm","is_reduction":true,"out_elems":8388608,"cores":32,"dtype_bytes":2,"args":[{"name":"op0","role":"output","mem":"hbm","elems":8388608,"broadcast":false,"dims":[2048,4096],"logical":[2048,4096],"loop_factor":1},{"name":"arg0_1","role":"input","mem":"hbm","elems":4194304,"broadcast":false,"dims":[32,2048,64],"logical":[2048,2048],"loop_factor":1},{"name":"arg1_1","role":"input","mem":"hbm","elems":8388608,"broadcast":false,"dims":[64,2048,64],"logical":[2048,4096],"loop_factor":1}],"reduction_cores":1,"loop_trip":8,"tiles_output_dim":true,"tile_rows_per_core":64,"is_matmul":true,"matmul_macs":17179869184,"matmul_rows_per_core":64.0,"matmul_cols_per_core":512.0,"matmul_a_bytes":1048576,"matmul_b_bytes":16777216,"matmul_m_split":4,"matmul_n_split":8,"hbm_pattern":""}]
TIMING op=matmul_row_tiling reps=7/7 prof_wall_s=75.48 per_rep_s=10.782
SUMMARY op=matmul_row_tiling rows=2048 cols=2048 cores=32 tiles=8 lx=1 io_hbm_bytes=41943040 kernel_us=1127.445 pred_us=684.621 err_pct=-39.3 bw_gbps=37.2 memset_us=348.330 other_dev_us=817.732 total_dev_us=2293.507 kernel_us_min=1123.649 kernel_us_median=1127.445 kernel_us_mean=1128.764 kernel_us_std=3.914 kernel_us_cv=0.35 reps=7
TIMING_RUN matmul_row_tiling 2048/2048/4096 t8 144s
-- matmul_row_tiling M=2048 K=2048 N=4096 tiles=12
torch._inductor.exc.InductorError: RuntimeError: coarse_tile: op 'buf0' loop var d0 range 2048 is not divisible by loop_count 12.  All tiled dimensions must be evenly divisible by the loop trip count.
SUMMARY op=matmul_row_tiling rows=2048 cols=2048 tiles=12 lx=1 FAILED reason=InductorError: RuntimeError: coarse_tile: op 'buf0' loop var d0 range 2048 is not divisible by loop_count 12.  All tiled dimensions must be evenly divisibl
TIMING_RUN matmul_row_tiling 2048/2048/4096 t12 24s
-- matmul_row_tiling M=2048 K=2048 N=4096 tiles=16
IO -- device-layout I/O (cost model, stick-padded) --
IO   op mm [reduction]
IO     output op0                    torch [2048, 4096] -> device [2048, 4096] in HBM = 8388608 elems x 2B = 16777216 B  (hbm counted: 16777216 B)
IO     input  arg0_1                 torch [2048, 2048] -> device [32, 2048, 64] in HBM = 4194304 elems x 2B = 8388608 B  (hbm counted: 8388608 B)
IO     input  arg1_1                 torch [2048, 4096] -> device [64, 2048, 64] in HBM = 8388608 elems x 2B = 16777216 B  (hbm counted: 16777216 B)
IO   => HBM I/O total = 41943040 B  (lx 0 B, ~free)
MODEL -- estimate (turnaround): T = compute + [(R+W)/BW_PEAK + a*min(R,W)] / eff_underfill --
MODEL   R=25165824 B (read)   W=16777216 B (write)   loop_trip L=16
MODEL   compute = MACs/cores/(mac_peak*pt_eff) = 17179869184/32/(1140*0.785) = 600.24 us  (M/m=32, pt_eff=0.785)
MODEL   base = R/150+W/150 = 279.62 us
MODEL   turn = a*min(R,W) = 0.00574*16777216 = 96.30 us
MODEL   eff_underfill = min(0.95,(32.0/13)**0.68) = 0.950 -> (base+turn)/eff = 395.71 us
MODEL   => T_model = 684.62 us
MODEL FEATS [{"name":"mm","is_reduction":true,"out_elems":8388608,"cores":32,"dtype_bytes":2,"args":[{"name":"op0","role":"output","mem":"hbm","elems":8388608,"broadcast":false,"dims":[2048,4096],"logical":[2048,4096],"loop_factor":1},{"name":"arg0_1","role":"input","mem":"hbm","elems":4194304,"broadcast":false,"dims":[32,2048,64],"logical":[2048,2048],"loop_factor":1},{"name":"arg1_1","role":"input","mem":"hbm","elems":8388608,"broadcast":false,"dims":[64,2048,64],"logical":[2048,4096],"loop_factor":1}],"reduction_cores":1,"loop_trip":16,"tiles_output_dim":true,"tile_rows_per_core":32,"is_matmul":true,"matmul_macs":17179869184,"matmul_rows_per_core":32.0,"matmul_cols_per_core":512.0,"matmul_a_bytes":524288,"matmul_b_bytes":16777216,"matmul_m_split":4,"matmul_n_split":8,"hbm_pattern":""}]
TIMING op=matmul_row_tiling reps=7/7 prof_wall_s=99.34 per_rep_s=14.191
SUMMARY op=matmul_row_tiling rows=2048 cols=2048 cores=32 tiles=16 lx=1 io_hbm_bytes=41943040 kernel_us=1946.074 pred_us=684.621 err_pct=-64.8 bw_gbps=21.6 memset_us=367.256 other_dev_us=789.167 total_dev_us=3102.497 kernel_us_min=1941.187 kernel_us_median=1946.074 kernel_us_mean=1947.974 kernel_us_std=4.691 kernel_us_cv=0.24 reps=7
TIMING_RUN matmul_row_tiling 2048/2048/4096 t16 193s
-- matmul_row_tiling M=4096 K=4096 N=4096 tiles=1
IO -- device-layout I/O (cost model, stick-padded) --
IO   op mm [reduction]
IO     output op0                    torch [4096, 4096] -> device [64, 4096, 64] in HBM = 16777216 elems x 2B = 33554432 B  (hbm counted: 33554432 B)
IO     input  arg0_1                 torch [4096, 4096] -> device [64, 4096, 64] in HBM = 16777216 elems x 2B = 33554432 B  (hbm counted: 33554432 B)
IO     input  arg1_1                 torch [4096, 4096] -> device [64, 4096, 64] in HBM = 16777216 elems x 2B = 33554432 B  (hbm counted: 33554432 B)
IO   => HBM I/O total = 100663296 B  (lx 0 B, ~free)
MODEL -- estimate (turnaround): T = compute + (R+W)/BW_PEAK + a*min(R,W) --
MODEL   R=67108864 B (read)   W=33554432 B (write)   loop_trip L=1
MODEL   compute = MACs/cores/(mac_peak*pt_eff) = 68719476736/32/(1140*1.000) = 1883.76 us  (M/m=1024, pt_eff=1.000)
MODEL   base = R/150+W/150 = 671.09 us
MODEL   turn = a*min(R,W) = 0.00574*33554432 = 192.60 us
MODEL   => T_model = 2676.30 us
MODEL FEATS [{"name":"mm","is_reduction":true,"out_elems":16777216,"cores":32,"dtype_bytes":2,"args":[{"name":"op0","role":"output","mem":"hbm","elems":16777216,"broadcast":false,"dims":[64,4096,64],"logical":[4096,4096],"loop_factor":1},{"name":"arg0_1","role":"input","mem":"hbm","elems":16777216,"broadcast":false,"dims":[64,4096,64],"logical":[4096,4096],"loop_factor":1},{"name":"arg1_1","role":"input","mem":"hbm","elems":16777216,"broadcast":false,"dims":[64,4096,64],"logical":[4096,4096],"loop_factor":1}],"reduction_cores":1,"loop_trip":1,"tiles_output_dim":false,"tile_rows_per_core":0.0,"is_matmul":true,"matmul_macs":68719476736,"matmul_rows_per_core":1024.0,"matmul_cols_per_core":512.0,"matmul_a_bytes":33554432,"matmul_b_bytes":33554432,"matmul_m_split":4,"matmul_n_split":8,"hbm_pattern":""}]
TIMING op=matmul_row_tiling reps=7/7 prof_wall_s=0.69 per_rep_s=0.098
SUMMARY op=matmul_row_tiling rows=4096 cols=4096 cores=32 tiles=1 lx=1 io_hbm_bytes=100663296 kernel_us=2664.623 pred_us=2676.300 err_pct=+0.4 bw_gbps=37.8 memset_us=456.991 other_dev_us=2261.604 total_dev_us=5383.218 kernel_us_min=2646.446 kernel_us_median=2664.623 kernel_us_mean=2661.874 kernel_us_std=7.336 kernel_us_cv=0.28 reps=7
TIMING_RUN matmul_row_tiling 4096/4096/4096 t1 29s
-- matmul_row_tiling M=4096 K=4096 N=4096 tiles=2
IO -- device-layout I/O (cost model, stick-padded) --
IO   op mm [reduction]
IO     output op0                    torch [4096, 4096] -> device [4096, 4096] in HBM = 16777216 elems x 2B = 33554432 B  (hbm counted: 33554432 B)
IO     input  arg0_1                 torch [4096, 4096] -> device [64, 4096, 64] in HBM = 16777216 elems x 2B = 33554432 B  (hbm counted: 33554432 B)
IO     input  arg1_1                 torch [4096, 4096] -> device [64, 4096, 64] in HBM = 16777216 elems x 2B = 33554432 B  (hbm counted: 33554432 B)
IO   => HBM I/O total = 100663296 B  (lx 0 B, ~free)
MODEL -- estimate (turnaround): T = compute + [(R+W)/BW_PEAK + a*min(R,W)] / eff_underfill --
MODEL   R=67108864 B (read)   W=33554432 B (write)   loop_trip L=2
MODEL   compute = MACs/cores/(mac_peak*pt_eff) = 68719476736/32/(1140*1.000) = 1883.76 us  (M/m=512, pt_eff=1.000)
MODEL   base = R/150+W/150 = 671.09 us
MODEL   turn = a*min(R,W) = 0.00574*33554432 = 192.60 us
MODEL   eff_underfill = min(0.95,(512.0/13)**0.68) = 0.950 -> (base+turn)/eff = 909.15 us
MODEL   => T_model = 2546.36 us
MODEL FEATS [{"name":"mm","is_reduction":true,"out_elems":16777216,"cores":32,"dtype_bytes":2,"args":[{"name":"op0","role":"output","mem":"hbm","elems":16777216,"broadcast":false,"dims":[4096,4096],"logical":[4096,4096],"loop_factor":1},{"name":"arg0_1","role":"input","mem":"hbm","elems":16777216,"broadcast":false,"dims":[64,4096,64],"logical":[4096,4096],"loop_factor":1},{"name":"arg1_1","role":"input","mem":"hbm","elems":16777216,"broadcast":false,"dims":[64,4096,64],"logical":[4096,4096],"loop_factor":1}],"reduction_cores":1,"loop_trip":2,"tiles_output_dim":true,"tile_rows_per_core":512,"is_matmul":true,"matmul_macs":68719476736,"matmul_rows_per_core":512.0,"matmul_cols_per_core":512.0,"matmul_a_bytes":16777216,"matmul_b_bytes":33554432,"matmul_m_split":4,"matmul_n_split":8,"hbm_pattern":""}]
TIMING op=matmul_row_tiling reps=7/7 prof_wall_s=25.47 per_rep_s=3.639
SUMMARY op=matmul_row_tiling rows=4096 cols=4096 cores=32 tiles=2 lx=1 io_hbm_bytes=100663296 kernel_us=2621.449 pred_us=2546.355 err_pct=-2.9 bw_gbps=38.4 memset_us=505.481 other_dev_us=2297.124 total_dev_us=5424.054 kernel_us_min=2608.061 kernel_us_median=2621.449 kernel_us_mean=2621.480 kernel_us_std=8.902 kernel_us_cv=0.34 reps=7
TIMING_RUN matmul_row_tiling 4096/4096/4096 t2 58s
-- matmul_row_tiling M=4096 K=4096 N=4096 tiles=3
torch._inductor.exc.InductorError: RuntimeError: coarse_tile: op 'buf0' loop var d0 range 4096 is not divisible by loop_count 3.  All tiled dimensions must be evenly divisible by the loop trip count.
SUMMARY op=matmul_row_tiling rows=4096 cols=4096 tiles=3 lx=1 FAILED reason=InductorError: RuntimeError: coarse_tile: op 'buf0' loop var d0 range 4096 is not divisible by loop_count 3.  All tiled dimensions must be evenly divisible
TIMING_RUN matmul_row_tiling 4096/4096/4096 t3 22s
-- matmul_row_tiling M=4096 K=4096 N=4096 tiles=4
IO -- device-layout I/O (cost model, stick-padded) --
IO   op mm [reduction]
IO     output op0                    torch [4096, 4096] -> device [4096, 4096] in HBM = 16777216 elems x 2B = 33554432 B  (hbm counted: 33554432 B)
IO     input  arg0_1                 torch [4096, 4096] -> device [64, 4096, 64] in HBM = 16777216 elems x 2B = 33554432 B  (hbm counted: 33554432 B)
IO     input  arg1_1                 torch [4096, 4096] -> device [64, 4096, 64] in HBM = 16777216 elems x 2B = 33554432 B  (hbm counted: 33554432 B)
IO   => HBM I/O total = 100663296 B  (lx 0 B, ~free)
MODEL -- estimate (turnaround): T = compute + [(R+W)/BW_PEAK + a*min(R,W)] / eff_underfill --
MODEL   R=67108864 B (read)   W=33554432 B (write)   loop_trip L=4
MODEL   compute = MACs/cores/(mac_peak*pt_eff) = 68719476736/32/(1140*1.000) = 1883.76 us  (M/m=256, pt_eff=1.000)
MODEL   base = R/150+W/150 = 671.09 us
MODEL   turn = a*min(R,W) = 0.00574*33554432 = 192.60 us
MODEL   eff_underfill = min(0.95,(256.0/13)**0.68) = 0.950 -> (base+turn)/eff = 909.15 us
MODEL   => T_model = 2446.22 us
MODEL FEATS [{"name":"mm","is_reduction":true,"out_elems":16777216,"cores":32,"dtype_bytes":2,"args":[{"name":"op0","role":"output","mem":"hbm","elems":16777216,"broadcast":false,"dims":[4096,4096],"logical":[4096,4096],"loop_factor":1},{"name":"arg0_1","role":"input","mem":"hbm","elems":16777216,"broadcast":false,"dims":[64,4096,64],"logical":[4096,4096],"loop_factor":1},{"name":"arg1_1","role":"input","mem":"hbm","elems":16777216,"broadcast":false,"dims":[64,4096,64],"logical":[4096,4096],"loop_factor":1}],"reduction_cores":1,"loop_trip":4,"tiles_output_dim":true,"tile_rows_per_core":256,"is_matmul":true,"matmul_macs":68719476736,"matmul_rows_per_core":256.0,"matmul_cols_per_core":512.0,"matmul_a_bytes":8388608,"matmul_b_bytes":33554432,"matmul_m_split":4,"matmul_n_split":8,"hbm_pattern":""}]
TIMING op=matmul_row_tiling reps=7/7 prof_wall_s=47.98 per_rep_s=6.855
SUMMARY op=matmul_row_tiling rows=4096 cols=4096 cores=32 tiles=4 lx=1 io_hbm_bytes=100663296 kernel_us=2588.292 pred_us=2446.222 err_pct=-5.5 bw_gbps=38.9 memset_us=504.239 other_dev_us=2248.561 total_dev_us=5341.092 kernel_us_min=2576.246 kernel_us_median=2588.292 kernel_us_mean=2585.781 kernel_us_std=6.764 kernel_us_cv=0.26 reps=7
TIMING_RUN matmul_row_tiling 4096/4096/4096 t4 98s
-- matmul_row_tiling M=4096 K=4096 N=4096 tiles=6
torch._inductor.exc.InductorError: RuntimeError: coarse_tile: op 'buf0' loop var d0 range 4096 is not divisible by loop_count 6.  All tiled dimensions must be evenly divisible by the loop trip count.
SUMMARY op=matmul_row_tiling rows=4096 cols=4096 tiles=6 lx=1 FAILED reason=InductorError: RuntimeError: coarse_tile: op 'buf0' loop var d0 range 4096 is not divisible by loop_count 6.  All tiled dimensions must be evenly divisible
TIMING_RUN matmul_row_tiling 4096/4096/4096 t6 24s
-- matmul_row_tiling M=4096 K=4096 N=4096 tiles=8
IO -- device-layout I/O (cost model, stick-padded) --
IO   op mm [reduction]
IO     output op0                    torch [4096, 4096] -> device [4096, 4096] in HBM = 16777216 elems x 2B = 33554432 B  (hbm counted: 33554432 B)
IO     input  arg0_1                 torch [4096, 4096] -> device [64, 4096, 64] in HBM = 16777216 elems x 2B = 33554432 B  (hbm counted: 33554432 B)
IO     input  arg1_1                 torch [4096, 4096] -> device [64, 4096, 64] in HBM = 16777216 elems x 2B = 33554432 B  (hbm counted: 33554432 B)
IO   => HBM I/O total = 100663296 B  (lx 0 B, ~free)
MODEL -- estimate (turnaround): T = compute + [(R+W)/BW_PEAK + a*min(R,W)] / eff_underfill --
MODEL   R=67108864 B (read)   W=33554432 B (write)   loop_trip L=8
MODEL   compute = MACs/cores/(mac_peak*pt_eff) = 68719476736/32/(1140*1.000) = 1883.76 us  (M/m=128, pt_eff=1.000)
MODEL   base = R/150+W/150 = 671.09 us
MODEL   turn = a*min(R,W) = 0.00574*33554432 = 192.60 us
MODEL   eff_underfill = min(0.95,(128.0/13)**0.68) = 0.950 -> (base+turn)/eff = 909.15 us
MODEL   => T_model = 2374.70 us
MODEL FEATS [{"name":"mm","is_reduction":true,"out_elems":16777216,"cores":32,"dtype_bytes":2,"args":[{"name":"op0","role":"output","mem":"hbm","elems":16777216,"broadcast":false,"dims":[4096,4096],"logical":[4096,4096],"loop_factor":1},{"name":"arg0_1","role":"input","mem":"hbm","elems":16777216,"broadcast":false,"dims":[64,4096,64],"logical":[4096,4096],"loop_factor":1},{"name":"arg1_1","role":"input","mem":"hbm","elems":16777216,"broadcast":false,"dims":[64,4096,64],"logical":[4096,4096],"loop_factor":1}],"reduction_cores":1,"loop_trip":8,"tiles_output_dim":true,"tile_rows_per_core":128,"is_matmul":true,"matmul_macs":68719476736,"matmul_rows_per_core":128.0,"matmul_cols_per_core":512.0,"matmul_a_bytes":4194304,"matmul_b_bytes":33554432,"matmul_m_split":4,"matmul_n_split":8,"hbm_pattern":""}]
TIMING op=matmul_row_tiling reps=7/7 prof_wall_s=81.23 per_rep_s=11.605
SUMMARY op=matmul_row_tiling rows=4096 cols=4096 cores=32 tiles=8 lx=1 io_hbm_bytes=100663296 kernel_us=2530.231 pred_us=2374.698 err_pct=-6.1 bw_gbps=39.8 memset_us=514.757 other_dev_us=2292.165 total_dev_us=5337.153 kernel_us_min=2525.008 kernel_us_median=2530.231 kernel_us_mean=2533.594 kernel_us_std=8.476 kernel_us_cv=0.33 reps=7
TIMING_RUN matmul_row_tiling 4096/4096/4096 t8 154s
-- matmul_row_tiling M=4096 K=4096 N=4096 tiles=12
torch._inductor.exc.InductorError: RuntimeError: coarse_tile: op 'buf0' loop var d0 range 4096 is not divisible by loop_count 12.  All tiled dimensions must be evenly divisible by the loop trip count.
SUMMARY op=matmul_row_tiling rows=4096 cols=4096 tiles=12 lx=1 FAILED reason=InductorError: RuntimeError: coarse_tile: op 'buf0' loop var d0 range 4096 is not divisible by loop_count 12.  All tiled dimensions must be evenly divisibl
TIMING_RUN matmul_row_tiling 4096/4096/4096 t12 28s
-- matmul_row_tiling M=4096 K=4096 N=4096 tiles=16
SUMMARY matmul_row_tiling M=4096 K=4096 N=4096 tiles=16 FAILED
FAILDIAG /lib64/libpython3.12.so.1.0(Py_RunMain+0x3b0)[0x7fdd3ec5f850]
FAILDIAG /lib64/libpython3.12.so.1.0(Py_BytesMain+0x3b)[0x7fdd3ec1937b]
FAILDIAG /lib64/libc.so.6(+0x2a58e)[0x7fdd3e84258e]
FAILDIAG /lib64/libc.so.6(__libc_start_main+0x89)[0x7fdd3e842649]
FAILDIAG python(_start+0x25)[0x5584af264095]
FAILDIAG *****************
TIMING_RUN matmul_row_tiling 4096/4096/4096 t16 240s
## (2) tile_rpc held fixed across (M,tiles): 64/128/256 rows
-- matmul_row_tiling M=4096 K=2048 N=2048 tiles=2
IO -- device-layout I/O (cost model, stick-padded) --
IO   op mm [reduction]
IO     output op0                    torch [4096, 2048] -> device [4096, 2048] in HBM = 8388608 elems x 2B = 16777216 B  (hbm counted: 16777216 B)
IO     input  arg0_1                 torch [4096, 2048] -> device [32, 4096, 64] in HBM = 8388608 elems x 2B = 16777216 B  (hbm counted: 16777216 B)
IO     input  arg1_1                 torch [2048, 2048] -> device [32, 2048, 64] in HBM = 4194304 elems x 2B = 8388608 B  (hbm counted: 8388608 B)
IO   => HBM I/O total = 41943040 B  (lx 0 B, ~free)
MODEL -- estimate (turnaround): T = compute + [(R+W)/BW_PEAK + a*min(R,W)] / eff_underfill --
MODEL   R=25165824 B (read)   W=16777216 B (write)   loop_trip L=2
MODEL   compute = MACs/cores/(mac_peak*pt_eff) = 17179869184/32/(1140*1.000) = 470.94 us  (M/m=256, pt_eff=1.000)
MODEL   base = R/150+W/150 = 279.62 us
MODEL   turn = a*min(R,W) = 0.00574*16777216 = 96.30 us
MODEL   eff_underfill = min(0.95,(256.0/13)**0.68) = 0.950 -> (base+turn)/eff = 395.71 us
MODEL   => T_model = 713.23 us
MODEL FEATS [{"name":"mm","is_reduction":true,"out_elems":8388608,"cores":32,"dtype_bytes":2,"args":[{"name":"op0","role":"output","mem":"hbm","elems":8388608,"broadcast":false,"dims":[4096,2048],"logical":[4096,2048],"loop_factor":1},{"name":"arg0_1","role":"input","mem":"hbm","elems":8388608,"broadcast":false,"dims":[32,4096,64],"logical":[4096,2048],"loop_factor":1},{"name":"arg1_1","role":"input","mem":"hbm","elems":4194304,"broadcast":false,"dims":[32,2048,64],"logical":[2048,2048],"loop_factor":1}],"reduction_cores":1,"loop_trip":2,"tiles_output_dim":true,"tile_rows_per_core":256,"is_matmul":true,"matmul_macs":17179869184,"matmul_rows_per_core":256.0,"matmul_cols_per_core":512.0,"matmul_a_bytes":8388608,"matmul_b_bytes":8388608,"matmul_m_split":8,"matmul_n_split":4,"hbm_pattern":""}]
TIMING op=matmul_row_tiling reps=7/7 prof_wall_s=19.72 per_rep_s=2.817
SUMMARY op=matmul_row_tiling rows=4096 cols=2048 cores=32 tiles=2 lx=1 io_hbm_bytes=41943040 kernel_us=783.535 pred_us=713.231 err_pct=-9.0 bw_gbps=53.5 memset_us=335.673 other_dev_us=870.539 total_dev_us=1989.747 kernel_us_min=773.830 kernel_us_median=783.535 kernel_us_mean=783.119 kernel_us_std=4.516 kernel_us_cv=0.58 reps=7
TIMING_RUN matmul_row_tiling 4096/2048/2048 t2 60s
-- matmul_row_tiling M=8192 K=2048 N=2048 tiles=4
IO -- device-layout I/O (cost model, stick-padded) --
IO   op mm [reduction]
IO     output op0                    torch [8192, 2048] -> device [8192, 2048] in HBM = 16777216 elems x 2B = 33554432 B  (hbm counted: 33554432 B)
IO     input  arg0_1                 torch [8192, 2048] -> device [32, 8192, 64] in HBM = 16777216 elems x 2B = 33554432 B  (hbm counted: 33554432 B)
IO     input  arg1_1                 torch [2048, 2048] -> device [32, 2048, 64] in HBM = 4194304 elems x 2B = 8388608 B  (hbm counted: 8388608 B)
IO   => HBM I/O total = 75497472 B  (lx 0 B, ~free)
MODEL -- estimate (turnaround): T = compute + [(R+W)/BW_PEAK + a*min(R,W)] / eff_underfill --
MODEL   R=41943040 B (read)   W=33554432 B (write)   loop_trip L=4
MODEL   compute = MACs/cores/(mac_peak*pt_eff) = 34359738368/32/(1140*1.000) = 941.88 us  (M/m=256, pt_eff=1.000)
MODEL   base = R/150+W/150 = 503.32 us
MODEL   turn = a*min(R,W) = 0.00574*33554432 = 192.60 us
MODEL   eff_underfill = min(0.95,(256.0/13)**0.68) = 0.950 -> (base+turn)/eff = 732.55 us
MODEL   => T_model = 1366.06 us
MODEL FEATS [{"name":"mm","is_reduction":true,"out_elems":16777216,"cores":32,"dtype_bytes":2,"args":[{"name":"op0","role":"output","mem":"hbm","elems":16777216,"broadcast":false,"dims":[8192,2048],"logical":[8192,2048],"loop_factor":1},{"name":"arg0_1","role":"input","mem":"hbm","elems":16777216,"broadcast":false,"dims":[32,8192,64],"logical":[8192,2048],"loop_factor":1},{"name":"arg1_1","role":"input","mem":"hbm","elems":4194304,"broadcast":false,"dims":[32,2048,64],"logical":[2048,2048],"loop_factor":1}],"reduction_cores":1,"loop_trip":4,"tiles_output_dim":true,"tile_rows_per_core":256,"is_matmul":true,"matmul_macs":34359738368,"matmul_rows_per_core":256.0,"matmul_cols_per_core":512.0,"matmul_a_bytes":8388608,"matmul_b_bytes":8388608,"matmul_m_split":8,"matmul_n_split":4,"hbm_pattern":""}]
TIMING op=matmul_row_tiling reps=7/7 prof_wall_s=37.55 per_rep_s=5.364
SUMMARY op=matmul_row_tiling rows=8192 cols=2048 cores=32 tiles=4 lx=1 io_hbm_bytes=75497472 kernel_us=1572.788 pred_us=1366.063 err_pct=-13.1 bw_gbps=48.0 memset_us=479.982 other_dev_us=2320.481 total_dev_us=4373.251 kernel_us_min=1559.336 kernel_us_median=1572.788 kernel_us_mean=1571.322 kernel_us_std=6.753 kernel_us_cv=0.43 reps=7
TIMING_RUN matmul_row_tiling 8192/2048/2048 t4 83s
-- matmul_row_tiling M=16384 K=2048 N=2048 tiles=8
IO -- device-layout I/O (cost model, stick-padded) --
IO   op mm [reduction]
IO     output op0                    torch [16384, 2048] -> device [16384, 2048] in HBM = 33554432 elems x 2B = 67108864 B  (hbm counted: 67108864 B)
IO     input  arg0_1                 torch [16384, 2048] -> device [32, 16384, 64] in HBM = 33554432 elems x 2B = 67108864 B  (hbm counted: 67108864 B)
IO     input  arg1_1                 torch [2048, 2048] -> device [32, 2048, 64] in HBM = 4194304 elems x 2B = 8388608 B  (hbm counted: 8388608 B)
IO   => HBM I/O total = 142606336 B  (lx 0 B, ~free)
MODEL -- estimate (turnaround): T = compute + [(R+W)/BW_PEAK + a*min(R,W)] / eff_underfill --
MODEL   R=75497472 B (read)   W=67108864 B (write)   loop_trip L=8
MODEL   compute = MACs/cores/(mac_peak*pt_eff) = 68719476736/32/(1140*1.000) = 1883.76 us  (M/m=256, pt_eff=1.000)
MODEL   base = R/150+W/150 = 950.71 us
MODEL   turn = a*min(R,W) = 0.00574*67108864 = 385.20 us
MODEL   eff_underfill = min(0.95,(256.0/13)**0.68) = 0.950 -> (base+turn)/eff = 1406.23 us
MODEL   => T_model = 2671.73 us
MODEL FEATS [{"name":"mm","is_reduction":true,"out_elems":33554432,"cores":32,"dtype_bytes":2,"args":[{"name":"op0","role":"output","mem":"hbm","elems":33554432,"broadcast":false,"dims":[16384,2048],"logical":[16384,2048],"loop_factor":1},{"name":"arg0_1","role":"input","mem":"hbm","elems":33554432,"broadcast":false,"dims":[32,16384,64],"logical":[16384,2048],"loop_factor":1},{"name":"arg1_1","role":"input","mem":"hbm","elems":4194304,"broadcast":false,"dims":[32,2048,64],"logical":[2048,2048],"loop_factor":1}],"reduction_cores":1,"loop_trip":8,"tiles_output_dim":true,"tile_rows_per_core":256,"is_matmul":true,"matmul_macs":68719476736,"matmul_rows_per_core":256.0,"matmul_cols_per_core":512.0,"matmul_a_bytes":8388608,"matmul_b_bytes":8388608,"matmul_m_split":8,"matmul_n_split":4,"hbm_pattern":""}]
TIMING op=matmul_row_tiling reps=7/7 prof_wall_s=72.75 per_rep_s=10.392
SUMMARY op=matmul_row_tiling rows=16384 cols=2048 cores=32 tiles=8 lx=1 io_hbm_bytes=142606336 kernel_us=3098.232 pred_us=2671.729 err_pct=-13.8 bw_gbps=46.0 memset_us=1192.887 other_dev_us=5914.593 total_dev_us=10205.712 kernel_us_min=3044.455 kernel_us_median=3098.232 kernel_us_mean=3091.559 kernel_us_std=26.645 kernel_us_cv=0.86 reps=7
TIMING_RUN matmul_row_tiling 16384/2048/2048 t8 150s
-- matmul_row_tiling M=4096 K=2048 N=2048 tiles=1
IO -- device-layout I/O (cost model, stick-padded) --
IO   op mm [reduction]
IO     output op0                    torch [4096, 2048] -> device [32, 4096, 64] in HBM = 8388608 elems x 2B = 16777216 B  (hbm counted: 16777216 B)
IO     input  arg0_1                 torch [4096, 2048] -> device [32, 4096, 64] in HBM = 8388608 elems x 2B = 16777216 B  (hbm counted: 16777216 B)
IO     input  arg1_1                 torch [2048, 2048] -> device [32, 2048, 64] in HBM = 4194304 elems x 2B = 8388608 B  (hbm counted: 8388608 B)
IO   => HBM I/O total = 41943040 B  (lx 0 B, ~free)
MODEL -- estimate (turnaround): T = compute + (R+W)/BW_PEAK + a*min(R,W) --
MODEL   R=25165824 B (read)   W=16777216 B (write)   loop_trip L=1
MODEL   compute = MACs/cores/(mac_peak*pt_eff) = 17179869184/32/(1140*1.000) = 470.94 us  (M/m=512, pt_eff=1.000)
MODEL   base = R/150+W/150 = 279.62 us
MODEL   turn = a*min(R,W) = 0.00574*16777216 = 96.30 us
MODEL   => T_model = 781.22 us
MODEL FEATS [{"name":"mm","is_reduction":true,"out_elems":8388608,"cores":32,"dtype_bytes":2,"args":[{"name":"op0","role":"output","mem":"hbm","elems":8388608,"broadcast":false,"dims":[32,4096,64],"logical":[4096,2048],"loop_factor":1},{"name":"arg0_1","role":"input","mem":"hbm","elems":8388608,"broadcast":false,"dims":[32,4096,64],"logical":[4096,2048],"loop_factor":1},{"name":"arg1_1","role":"input","mem":"hbm","elems":4194304,"broadcast":false,"dims":[32,2048,64],"logical":[2048,2048],"loop_factor":1}],"reduction_cores":1,"loop_trip":1,"tiles_output_dim":false,"tile_rows_per_core":0.0,"is_matmul":true,"matmul_macs":17179869184,"matmul_rows_per_core":512.0,"matmul_cols_per_core":512.0,"matmul_a_bytes":16777216,"matmul_b_bytes":8388608,"matmul_m_split":8,"matmul_n_split":4,"hbm_pattern":""}]
TIMING op=matmul_row_tiling reps=7/7 prof_wall_s=0.26 per_rep_s=0.037
SUMMARY op=matmul_row_tiling rows=4096 cols=2048 cores=32 tiles=1 lx=1 io_hbm_bytes=41943040 kernel_us=844.830 pred_us=781.224 err_pct=-7.5 bw_gbps=49.6 memset_us=288.179 other_dev_us=915.850 total_dev_us=2048.859 kernel_us_min=836.461 kernel_us_median=844.830 kernel_us_mean=842.948 kernel_us_std=3.585 kernel_us_cv=0.43 reps=7
TIMING_RUN matmul_row_tiling 4096/2048/2048 t1 30s
-- matmul_row_tiling M=8192 K=2048 N=2048 tiles=2
IO -- device-layout I/O (cost model, stick-padded) --
IO   op mm [reduction]
IO     output op0                    torch [8192, 2048] -> device [8192, 2048] in HBM = 16777216 elems x 2B = 33554432 B  (hbm counted: 33554432 B)
IO     input  arg0_1                 torch [8192, 2048] -> device [32, 8192, 64] in HBM = 16777216 elems x 2B = 33554432 B  (hbm counted: 33554432 B)
IO     input  arg1_1                 torch [2048, 2048] -> device [32, 2048, 64] in HBM = 4194304 elems x 2B = 8388608 B  (hbm counted: 8388608 B)
IO   => HBM I/O total = 75497472 B  (lx 0 B, ~free)
MODEL -- estimate (turnaround): T = compute + [(R+W)/BW_PEAK + a*min(R,W)] / eff_underfill --
MODEL   R=41943040 B (read)   W=33554432 B (write)   loop_trip L=2
MODEL   compute = MACs/cores/(mac_peak*pt_eff) = 34359738368/32/(1140*1.000) = 941.88 us  (M/m=512, pt_eff=1.000)
MODEL   base = R/150+W/150 = 503.32 us
MODEL   turn = a*min(R,W) = 0.00574*33554432 = 192.60 us
MODEL   eff_underfill = min(0.95,(512.0/13)**0.68) = 0.950 -> (base+turn)/eff = 732.55 us
MODEL   => T_model = 1423.28 us
MODEL FEATS [{"name":"mm","is_reduction":true,"out_elems":16777216,"cores":32,"dtype_bytes":2,"args":[{"name":"op0","role":"output","mem":"hbm","elems":16777216,"broadcast":false,"dims":[8192,2048],"logical":[8192,2048],"loop_factor":1},{"name":"arg0_1","role":"input","mem":"hbm","elems":16777216,"broadcast":false,"dims":[32,8192,64],"logical":[8192,2048],"loop_factor":1},{"name":"arg1_1","role":"input","mem":"hbm","elems":4194304,"broadcast":false,"dims":[32,2048,64],"logical":[2048,2048],"loop_factor":1}],"reduction_cores":1,"loop_trip":2,"tiles_output_dim":true,"tile_rows_per_core":512,"is_matmul":true,"matmul_macs":34359738368,"matmul_rows_per_core":512.0,"matmul_cols_per_core":512.0,"matmul_a_bytes":16777216,"matmul_b_bytes":8388608,"matmul_m_split":8,"matmul_n_split":4,"hbm_pattern":""}]
TIMING op=matmul_row_tiling reps=7/7 prof_wall_s=22.78 per_rep_s=3.254
SUMMARY op=matmul_row_tiling rows=8192 cols=2048 cores=32 tiles=2 lx=1 io_hbm_bytes=75497472 kernel_us=1691.728 pred_us=1423.282 err_pct=-15.9 bw_gbps=44.6 memset_us=501.116 other_dev_us=2369.331 total_dev_us=4562.175 kernel_us_min=1680.247 kernel_us_median=1691.728 kernel_us_mean=1691.630 kernel_us_std=5.871 kernel_us_cv=0.35 reps=7
TIMING_RUN matmul_row_tiling 8192/2048/2048 t2 52s
-- matmul_row_tiling M=16384 K=2048 N=2048 tiles=4
IO -- device-layout I/O (cost model, stick-padded) --
IO   op mm [reduction]
IO     output op0                    torch [16384, 2048] -> device [16384, 2048] in HBM = 33554432 elems x 2B = 67108864 B  (hbm counted: 67108864 B)
IO     input  arg0_1                 torch [16384, 2048] -> device [32, 16384, 64] in HBM = 33554432 elems x 2B = 67108864 B  (hbm counted: 67108864 B)
IO     input  arg1_1                 torch [2048, 2048] -> device [32, 2048, 64] in HBM = 4194304 elems x 2B = 8388608 B  (hbm counted: 8388608 B)
IO   => HBM I/O total = 142606336 B  (lx 0 B, ~free)
MODEL -- estimate (turnaround): T = compute + [(R+W)/BW_PEAK + a*min(R,W)] / eff_underfill --
MODEL   R=75497472 B (read)   W=67108864 B (write)   loop_trip L=4
MODEL   compute = MACs/cores/(mac_peak*pt_eff) = 68719476736/32/(1140*1.000) = 1883.76 us  (M/m=512, pt_eff=1.000)
MODEL   base = R/150+W/150 = 950.71 us
MODEL   turn = a*min(R,W) = 0.00574*67108864 = 385.20 us
MODEL   eff_underfill = min(0.95,(512.0/13)**0.68) = 0.950 -> (base+turn)/eff = 1406.23 us
MODEL   => T_model = 2728.95 us
MODEL FEATS [{"name":"mm","is_reduction":true,"out_elems":33554432,"cores":32,"dtype_bytes":2,"args":[{"name":"op0","role":"output","mem":"hbm","elems":33554432,"broadcast":false,"dims":[16384,2048],"logical":[16384,2048],"loop_factor":1},{"name":"arg0_1","role":"input","mem":"hbm","elems":33554432,"broadcast":false,"dims":[32,16384,64],"logical":[16384,2048],"loop_factor":1},{"name":"arg1_1","role":"input","mem":"hbm","elems":4194304,"broadcast":false,"dims":[32,2048,64],"logical":[2048,2048],"loop_factor":1}],"reduction_cores":1,"loop_trip":4,"tiles_output_dim":true,"tile_rows_per_core":512,"is_matmul":true,"matmul_macs":68719476736,"matmul_rows_per_core":512.0,"matmul_cols_per_core":512.0,"matmul_a_bytes":16777216,"matmul_b_bytes":8388608,"matmul_m_split":8,"matmul_n_split":4,"hbm_pattern":""}]
TIMING op=matmul_row_tiling reps=7/7 prof_wall_s=43.82 per_rep_s=6.261
SUMMARY op=matmul_row_tiling rows=16384 cols=2048 cores=32 tiles=4 lx=1 io_hbm_bytes=142606336 kernel_us=3371.373 pred_us=2728.948 err_pct=-19.1 bw_gbps=42.3 memset_us=1181.985 other_dev_us=5688.946 total_dev_us=10242.304 kernel_us_min=3340.045 kernel_us_median=3371.373 kernel_us_mean=3367.260 kernel_us_std=16.944 kernel_us_cv=0.50 reps=7
TIMING_RUN matmul_row_tiling 16384/2048/2048 t4 93s
-- matmul_row_tiling M=8192 K=2048 N=2048 tiles=1
IO -- device-layout I/O (cost model, stick-padded) --
IO   op mm [reduction]
IO     output op0                    torch [8192, 2048] -> device [32, 8192, 64] in HBM = 16777216 elems x 2B = 33554432 B  (hbm counted: 33554432 B)
IO     input  arg0_1                 torch [8192, 2048] -> device [32, 8192, 64] in HBM = 16777216 elems x 2B = 33554432 B  (hbm counted: 33554432 B)
IO     input  arg1_1                 torch [2048, 2048] -> device [32, 2048, 64] in HBM = 4194304 elems x 2B = 8388608 B  (hbm counted: 8388608 B)
IO   => HBM I/O total = 75497472 B  (lx 0 B, ~free)
MODEL -- estimate (turnaround): T = compute + (R+W)/BW_PEAK + a*min(R,W) --
MODEL   R=41943040 B (read)   W=33554432 B (write)   loop_trip L=1
MODEL   compute = MACs/cores/(mac_peak*pt_eff) = 34359738368/32/(1140*1.000) = 941.88 us  (M/m=1024, pt_eff=1.000)
MODEL   base = R/150+W/150 = 503.32 us
MODEL   turn = a*min(R,W) = 0.00574*33554432 = 192.60 us
MODEL   => T_model = 1582.02 us
MODEL FEATS [{"name":"mm","is_reduction":true,"out_elems":16777216,"cores":32,"dtype_bytes":2,"args":[{"name":"op0","role":"output","mem":"hbm","elems":16777216,"broadcast":false,"dims":[32,8192,64],"logical":[8192,2048],"loop_factor":1},{"name":"arg0_1","role":"input","mem":"hbm","elems":16777216,"broadcast":false,"dims":[32,8192,64],"logical":[8192,2048],"loop_factor":1},{"name":"arg1_1","role":"input","mem":"hbm","elems":4194304,"broadcast":false,"dims":[32,2048,64],"logical":[2048,2048],"loop_factor":1}],"reduction_cores":1,"loop_trip":1,"tiles_output_dim":false,"tile_rows_per_core":0.0,"is_matmul":true,"matmul_macs":34359738368,"matmul_rows_per_core":1024.0,"matmul_cols_per_core":512.0,"matmul_a_bytes":33554432,"matmul_b_bytes":8388608,"matmul_m_split":8,"matmul_n_split":4,"hbm_pattern":""}]
TIMING op=matmul_row_tiling reps=7/7 prof_wall_s=0.70 per_rep_s=0.100
SUMMARY op=matmul_row_tiling rows=8192 cols=2048 cores=32 tiles=1 lx=1 io_hbm_bytes=75497472 kernel_us=1618.692 pred_us=1582.021 err_pct=-2.3 bw_gbps=46.6 memset_us=447.032 other_dev_us=2279.449 total_dev_us=4345.173 kernel_us_min=1607.193 kernel_us_median=1618.692 kernel_us_mean=1617.587 kernel_us_std=7.504 kernel_us_cv=0.46 reps=7
TIMING_RUN matmul_row_tiling 8192/2048/2048 t1 24s
-- matmul_row_tiling M=16384 K=2048 N=2048 tiles=2
IO -- device-layout I/O (cost model, stick-padded) --
IO   op mm [reduction]
IO     output op0                    torch [16384, 2048] -> device [16384, 2048] in HBM = 33554432 elems x 2B = 67108864 B  (hbm counted: 67108864 B)
IO     input  arg0_1                 torch [16384, 2048] -> device [32, 16384, 64] in HBM = 33554432 elems x 2B = 67108864 B  (hbm counted: 67108864 B)
IO     input  arg1_1                 torch [2048, 2048] -> device [32, 2048, 64] in HBM = 4194304 elems x 2B = 8388608 B  (hbm counted: 8388608 B)
IO   => HBM I/O total = 142606336 B  (lx 0 B, ~free)
MODEL -- estimate (turnaround): T = compute + [(R+W)/BW_PEAK + a*min(R,W)] / eff_underfill --
MODEL   R=75497472 B (read)   W=67108864 B (write)   loop_trip L=2
MODEL   compute = MACs/cores/(mac_peak*pt_eff) = 68719476736/32/(1140*1.000) = 1883.76 us  (M/m=1024, pt_eff=1.000)
MODEL   base = R/150+W/150 = 950.71 us
MODEL   turn = a*min(R,W) = 0.00574*67108864 = 385.20 us
MODEL   eff_underfill = min(0.95,(1024.0/13)**0.68) = 0.950 -> (base+turn)/eff = 1406.23 us
MODEL   => T_model = 2857.69 us
MODEL FEATS [{"name":"mm","is_reduction":true,"out_elems":33554432,"cores":32,"dtype_bytes":2,"args":[{"name":"op0","role":"output","mem":"hbm","elems":33554432,"broadcast":false,"dims":[16384,2048],"logical":[16384,2048],"loop_factor":1},{"name":"arg0_1","role":"input","mem":"hbm","elems":33554432,"broadcast":false,"dims":[32,16384,64],"logical":[16384,2048],"loop_factor":1},{"name":"arg1_1","role":"input","mem":"hbm","elems":4194304,"broadcast":false,"dims":[32,2048,64],"logical":[2048,2048],"loop_factor":1}],"reduction_cores":1,"loop_trip":2,"tiles_output_dim":true,"tile_rows_per_core":1024,"is_matmul":true,"matmul_macs":68719476736,"matmul_rows_per_core":1024.0,"matmul_cols_per_core":512.0,"matmul_a_bytes":33554432,"matmul_b_bytes":8388608,"matmul_m_split":8,"matmul_n_split":4,"hbm_pattern":""}]
TIMING op=matmul_row_tiling reps=7/7 prof_wall_s=23.43 per_rep_s=3.347
SUMMARY op=matmul_row_tiling rows=16384 cols=2048 cores=32 tiles=2 lx=1 io_hbm_bytes=142606336 kernel_us=3265.107 pred_us=2857.691 err_pct=-12.5 bw_gbps=43.7 memset_us=1162.992 other_dev_us=6104.119 total_dev_us=10532.218 kernel_us_min=3242.526 kernel_us_median=3265.107 kernel_us_mean=3261.367 kernel_us_std=8.309 kernel_us_cv=0.25 reps=7
TIMING_RUN matmul_row_tiling 16384/2048/2048 t2 56s
## (3) N-sweep and K-sweep at fixed M=4096 tiles=8 (couple to N? to K?)
-- matmul_row_tiling M=4096 K=2048 N=1024 tiles=8
IO -- device-layout I/O (cost model, stick-padded) --
IO   op mm [reduction]
IO     output op0                    torch [4096, 1024] -> device [4096, 1024] in HBM = 4194304 elems x 2B = 8388608 B  (hbm counted: 8388608 B)
IO     input  arg0_1                 torch [4096, 2048] -> device [32, 4096, 64] in HBM = 8388608 elems x 2B = 16777216 B  (hbm counted: 16777216 B)
IO     input  arg1_1                 torch [2048, 1024] -> device [16, 2048, 64] in HBM = 2097152 elems x 2B = 4194304 B  (hbm counted: 4194304 B)
IO   => HBM I/O total = 29360128 B  (lx 0 B, ~free)
MODEL -- estimate (turnaround): T = compute + [(R+W)/BW_PEAK + a*min(R,W)] / eff_underfill --
MODEL   R=20971520 B (read)   W=8388608 B (write)   loop_trip L=8
MODEL   compute = MACs/cores/(mac_peak*pt_eff) = 8589934592/32/(1140*1.000) = 235.47 us  (M/m=64, pt_eff=1.000)
MODEL   base = R/150+W/150 = 195.73 us
MODEL   turn = a*min(R,W) = 0.00574*8388608 = 48.15 us
MODEL   eff_underfill = min(0.95,(64.0/13)**0.68) = 0.950 -> (base+turn)/eff = 256.72 us
MODEL   => T_model = 383.87 us
MODEL FEATS [{"name":"mm","is_reduction":true,"out_elems":4194304,"cores":32,"dtype_bytes":2,"args":[{"name":"op0","role":"output","mem":"hbm","elems":4194304,"broadcast":false,"dims":[4096,1024],"logical":[4096,1024],"loop_factor":1},{"name":"arg0_1","role":"input","mem":"hbm","elems":8388608,"broadcast":false,"dims":[32,4096,64],"logical":[4096,2048],"loop_factor":1},{"name":"arg1_1","role":"input","mem":"hbm","elems":2097152,"broadcast":false,"dims":[16,2048,64],"logical":[2048,1024],"loop_factor":1}],"reduction_cores":1,"loop_trip":8,"tiles_output_dim":true,"tile_rows_per_core":64,"is_matmul":true,"matmul_macs":8589934592,"matmul_rows_per_core":64.0,"matmul_cols_per_core":256.0,"matmul_a_bytes":2097152,"matmul_b_bytes":4194304,"matmul_m_split":8,"matmul_n_split":4,"hbm_pattern":""}]
TIMING op=matmul_row_tiling reps=7/7 prof_wall_s=55.33 per_rep_s=7.905
SUMMARY op=matmul_row_tiling rows=4096 cols=2048 cores=32 tiles=8 lx=1 io_hbm_bytes=29360128 kernel_us=441.762 pred_us=383.874 err_pct=-13.1 bw_gbps=66.5 memset_us=269.266 other_dev_us=382.129 total_dev_us=1093.157 kernel_us_min=438.798 kernel_us_median=441.762 kernel_us_mean=441.238 kernel_us_std=1.205 kernel_us_cv=0.27 reps=7
TIMING_RUN matmul_row_tiling 4096/2048/1024 t8 116s
-- matmul_row_tiling M=4096 K=2048 N=2048 tiles=8
IO -- device-layout I/O (cost model, stick-padded) --
IO   op mm [reduction]
IO     output op0                    torch [4096, 2048] -> device [4096, 2048] in HBM = 8388608 elems x 2B = 16777216 B  (hbm counted: 16777216 B)
IO     input  arg0_1                 torch [4096, 2048] -> device [32, 4096, 64] in HBM = 8388608 elems x 2B = 16777216 B  (hbm counted: 16777216 B)
IO     input  arg1_1                 torch [2048, 2048] -> device [32, 2048, 64] in HBM = 4194304 elems x 2B = 8388608 B  (hbm counted: 8388608 B)
IO   => HBM I/O total = 41943040 B  (lx 0 B, ~free)
MODEL -- estimate (turnaround): T = compute + [(R+W)/BW_PEAK + a*min(R,W)] / eff_underfill --
MODEL   R=25165824 B (read)   W=16777216 B (write)   loop_trip L=8
MODEL   compute = MACs/cores/(mac_peak*pt_eff) = 17179869184/32/(1140*1.000) = 470.94 us  (M/m=64, pt_eff=1.000)
MODEL   base = R/150+W/150 = 279.62 us
MODEL   turn = a*min(R,W) = 0.00574*16777216 = 96.30 us
MODEL   eff_underfill = min(0.95,(64.0/13)**0.68) = 0.950 -> (base+turn)/eff = 395.71 us
MODEL   => T_model = 684.62 us
MODEL FEATS [{"name":"mm","is_reduction":true,"out_elems":8388608,"cores":32,"dtype_bytes":2,"args":[{"name":"op0","role":"output","mem":"hbm","elems":8388608,"broadcast":false,"dims":[4096,2048],"logical":[4096,2048],"loop_factor":1},{"name":"arg0_1","role":"input","mem":"hbm","elems":8388608,"broadcast":false,"dims":[32,4096,64],"logical":[4096,2048],"loop_factor":1},{"name":"arg1_1","role":"input","mem":"hbm","elems":4194304,"broadcast":false,"dims":[32,2048,64],"logical":[2048,2048],"loop_factor":1}],"reduction_cores":1,"loop_trip":8,"tiles_output_dim":true,"tile_rows_per_core":64,"is_matmul":true,"matmul_macs":17179869184,"matmul_rows_per_core":64.0,"matmul_cols_per_core":512.0,"matmul_a_bytes":2097152,"matmul_b_bytes":8388608,"matmul_m_split":8,"matmul_n_split":4,"hbm_pattern":""}]
TIMING op=matmul_row_tiling reps=7/7 prof_wall_s=75.68 per_rep_s=10.811
SUMMARY op=matmul_row_tiling rows=4096 cols=2048 cores=32 tiles=8 lx=1 io_hbm_bytes=41943040 kernel_us=872.266 pred_us=684.621 err_pct=-21.5 bw_gbps=48.1 memset_us=350.751 other_dev_us=881.143 total_dev_us=2104.160 kernel_us_min=865.199 kernel_us_median=872.266 kernel_us_mean=871.955 kernel_us_std=3.946 kernel_us_cv=0.45 reps=7
TIMING_RUN matmul_row_tiling 4096/2048/2048 t8 151s
-- matmul_row_tiling M=4096 K=2048 N=4096 tiles=8
IO -- device-layout I/O (cost model, stick-padded) --
IO   op mm [reduction]
IO     output op0                    torch [4096, 4096] -> device [4096, 4096] in HBM = 16777216 elems x 2B = 33554432 B  (hbm counted: 33554432 B)
IO     input  arg0_1                 torch [4096, 2048] -> device [32, 4096, 64] in HBM = 8388608 elems x 2B = 16777216 B  (hbm counted: 16777216 B)
IO     input  arg1_1                 torch [2048, 4096] -> device [64, 2048, 64] in HBM = 8388608 elems x 2B = 16777216 B  (hbm counted: 16777216 B)
IO   => HBM I/O total = 67108864 B  (lx 0 B, ~free)
MODEL -- estimate (turnaround): T = compute + [(R+W)/BW_PEAK + a*min(R,W)] / eff_underfill --
MODEL   R=33554432 B (read)   W=33554432 B (write)   loop_trip L=8
MODEL   compute = MACs/cores/(mac_peak*pt_eff) = 34359738368/32/(1140*1.000) = 941.88 us  (M/m=128, pt_eff=1.000)
MODEL   base = R/150+W/150 = 447.39 us
MODEL   turn = a*min(R,W) = 0.00574*33554432 = 192.60 us
MODEL   eff_underfill = min(0.95,(128.0/13)**0.68) = 0.950 -> (base+turn)/eff = 673.68 us
MODEL   => T_model = 1305.67 us
MODEL FEATS [{"name":"mm","is_reduction":true,"out_elems":16777216,"cores":32,"dtype_bytes":2,"args":[{"name":"op0","role":"output","mem":"hbm","elems":16777216,"broadcast":false,"dims":[4096,4096],"logical":[4096,4096],"loop_factor":1},{"name":"arg0_1","role":"input","mem":"hbm","elems":8388608,"broadcast":false,"dims":[32,4096,64],"logical":[4096,2048],"loop_factor":1},{"name":"arg1_1","role":"input","mem":"hbm","elems":8388608,"broadcast":false,"dims":[64,2048,64],"logical":[2048,4096],"loop_factor":1}],"reduction_cores":1,"loop_trip":8,"tiles_output_dim":true,"tile_rows_per_core":128,"is_matmul":true,"matmul_macs":34359738368,"matmul_rows_per_core":128.0,"matmul_cols_per_core":512.0,"matmul_a_bytes":2097152,"matmul_b_bytes":16777216,"matmul_m_split":4,"matmul_n_split":8,"hbm_pattern":""}]
TIMING op=matmul_row_tiling reps=7/7 prof_wall_s=68.75 per_rep_s=9.822
SUMMARY op=matmul_row_tiling rows=4096 cols=2048 cores=32 tiles=8 lx=1 io_hbm_bytes=67108864 kernel_us=1450.282 pred_us=1305.665 err_pct=-10.0 bw_gbps=46.3 memset_us=513.773 other_dev_us=2378.587 total_dev_us=4342.642 kernel_us_min=1442.627 kernel_us_median=1450.282 kernel_us_mean=1449.158 kernel_us_std=3.508 kernel_us_cv=0.24 reps=7
TIMING_RUN matmul_row_tiling 4096/2048/4096 t8 147s
-- matmul_row_tiling M=4096 K=2048 N=8192 tiles=8
IO -- device-layout I/O (cost model, stick-padded) --
IO   op mm [reduction]
IO     output op0                    torch [4096, 8192] -> device [4096, 8192] in HBM = 33554432 elems x 2B = 67108864 B  (hbm counted: 67108864 B)
IO     input  arg0_1                 torch [4096, 2048] -> device [32, 4096, 64] in HBM = 8388608 elems x 2B = 16777216 B  (hbm counted: 16777216 B)
IO     input  arg1_1                 torch [2048, 8192] -> device [128, 2048, 64] in HBM = 16777216 elems x 2B = 33554432 B  (hbm counted: 33554432 B)
IO   => HBM I/O total = 117440512 B  (lx 0 B, ~free)
MODEL -- estimate (turnaround): T = compute + [(R+W)/BW_PEAK + a*min(R,W)] / eff_underfill --
MODEL   R=50331648 B (read)   W=67108864 B (write)   loop_trip L=8
MODEL   compute = MACs/cores/(mac_peak*pt_eff) = 68719476736/32/(1140*1.000) = 1883.76 us  (M/m=128, pt_eff=1.000)
MODEL   base = R/150+W/150 = 782.94 us
MODEL   turn = a*min(R,W) = 0.00574*50331648 = 288.90 us
MODEL   eff_underfill = min(0.95,(128.0/13)**0.68) = 0.950 -> (base+turn)/eff = 1128.25 us
MODEL   => T_model = 2553.81 us
MODEL FEATS [{"name":"mm","is_reduction":true,"out_elems":33554432,"cores":32,"dtype_bytes":2,"args":[{"name":"op0","role":"output","mem":"hbm","elems":33554432,"broadcast":false,"dims":[4096,8192],"logical":[4096,8192],"loop_factor":1},{"name":"arg0_1","role":"input","mem":"hbm","elems":8388608,"broadcast":false,"dims":[32,4096,64],"logical":[4096,2048],"loop_factor":1},{"name":"arg1_1","role":"input","mem":"hbm","elems":16777216,"broadcast":false,"dims":[128,2048,64],"logical":[2048,8192],"loop_factor":1}],"reduction_cores":1,"loop_trip":8,"tiles_output_dim":true,"tile_rows_per_core":128,"is_matmul":true,"matmul_macs":68719476736,"matmul_rows_per_core":128.0,"matmul_cols_per_core":1024.0,"matmul_a_bytes":2097152,"matmul_b_bytes":33554432,"matmul_m_split":4,"matmul_n_split":8,"hbm_pattern":""}]
TIMING op=matmul_row_tiling reps=7/7 prof_wall_s=81.54 per_rep_s=11.649
SUMMARY op=matmul_row_tiling rows=4096 cols=2048 cores=32 tiles=8 lx=1 io_hbm_bytes=117440512 kernel_us=3041.300 pred_us=2553.810 err_pct=-16.0 bw_gbps=38.6 memset_us=1193.460 other_dev_us=5917.080 total_dev_us=10151.840 kernel_us_min=3031.806 kernel_us_median=3041.300 kernel_us_mean=3043.839 kernel_us_std=9.426 kernel_us_cv=0.31 reps=7
TIMING_RUN matmul_row_tiling 4096/2048/8192 t8 165s
-- matmul_row_tiling M=4096 K=1024 N=2048 tiles=8
IO -- device-layout I/O (cost model, stick-padded) --
IO   op mm [reduction]
IO     output op0                    torch [4096, 2048] -> device [4096, 2048] in HBM = 8388608 elems x 2B = 16777216 B  (hbm counted: 16777216 B)
IO     input  arg0_1                 torch [4096, 1024] -> device [16, 4096, 64] in HBM = 4194304 elems x 2B = 8388608 B  (hbm counted: 8388608 B)
IO     input  arg1_1                 torch [1024, 2048] -> device [32, 1024, 64] in HBM = 2097152 elems x 2B = 4194304 B  (hbm counted: 4194304 B)
IO   => HBM I/O total = 29360128 B  (lx 0 B, ~free)
MODEL -- estimate (turnaround): T = compute + [(R+W)/BW_PEAK + a*min(R,W)] / eff_underfill --
MODEL   R=12582912 B (read)   W=16777216 B (write)   loop_trip L=8
MODEL   compute = MACs/cores/(mac_peak*pt_eff) = 8589934592/32/(1140*1.000) = 235.47 us  (M/m=64, pt_eff=1.000)
MODEL   base = R/150+W/150 = 195.73 us
MODEL   turn = a*min(R,W) = 0.00574*12582912 = 72.23 us
MODEL   eff_underfill = min(0.95,(64.0/13)**0.68) = 0.950 -> (base+turn)/eff = 282.06 us
MODEL   => T_model = 409.22 us
MODEL FEATS [{"name":"mm","is_reduction":true,"out_elems":8388608,"cores":32,"dtype_bytes":2,"args":[{"name":"op0","role":"output","mem":"hbm","elems":8388608,"broadcast":false,"dims":[4096,2048],"logical":[4096,2048],"loop_factor":1},{"name":"arg0_1","role":"input","mem":"hbm","elems":4194304,"broadcast":false,"dims":[16,4096,64],"logical":[4096,1024],"loop_factor":1},{"name":"arg1_1","role":"input","mem":"hbm","elems":2097152,"broadcast":false,"dims":[32,1024,64],"logical":[1024,2048],"loop_factor":1}],"reduction_cores":1,"loop_trip":8,"tiles_output_dim":true,"tile_rows_per_core":64,"is_matmul":true,"matmul_macs":8589934592,"matmul_rows_per_core":64.0,"matmul_cols_per_core":512.0,"matmul_a_bytes":1048576,"matmul_b_bytes":4194304,"matmul_m_split":8,"matmul_n_split":4,"hbm_pattern":""}]
TIMING op=matmul_row_tiling reps=7/7 prof_wall_s=68.63 per_rep_s=9.805
SUMMARY op=matmul_row_tiling rows=4096 cols=1024 cores=32 tiles=8 lx=1 io_hbm_bytes=29360128 kernel_us=539.430 pred_us=409.217 err_pct=-24.1 bw_gbps=54.4 memset_us=349.965 other_dev_us=875.056 total_dev_us=1764.451 kernel_us_min=533.941 kernel_us_median=539.430 kernel_us_mean=538.837 kernel_us_std=2.887 kernel_us_cv=0.54 reps=7
TIMING_RUN matmul_row_tiling 4096/1024/2048 t8 144s
-- matmul_row_tiling M=4096 K=2048 N=2048 tiles=8
IO -- device-layout I/O (cost model, stick-padded) --
IO   op mm [reduction]
IO     output op0                    torch [4096, 2048] -> device [4096, 2048] in HBM = 8388608 elems x 2B = 16777216 B  (hbm counted: 16777216 B)
IO     input  arg0_1                 torch [4096, 2048] -> device [32, 4096, 64] in HBM = 8388608 elems x 2B = 16777216 B  (hbm counted: 16777216 B)
IO     input  arg1_1                 torch [2048, 2048] -> device [32, 2048, 64] in HBM = 4194304 elems x 2B = 8388608 B  (hbm counted: 8388608 B)
IO   => HBM I/O total = 41943040 B  (lx 0 B, ~free)
MODEL -- estimate (turnaround): T = compute + [(R+W)/BW_PEAK + a*min(R,W)] / eff_underfill --
MODEL   R=25165824 B (read)   W=16777216 B (write)   loop_trip L=8
MODEL   compute = MACs/cores/(mac_peak*pt_eff) = 17179869184/32/(1140*1.000) = 470.94 us  (M/m=64, pt_eff=1.000)
MODEL   base = R/150+W/150 = 279.62 us
MODEL   turn = a*min(R,W) = 0.00574*16777216 = 96.30 us
MODEL   eff_underfill = min(0.95,(64.0/13)**0.68) = 0.950 -> (base+turn)/eff = 395.71 us
MODEL   => T_model = 684.62 us
MODEL FEATS [{"name":"mm","is_reduction":true,"out_elems":8388608,"cores":32,"dtype_bytes":2,"args":[{"name":"op0","role":"output","mem":"hbm","elems":8388608,"broadcast":false,"dims":[4096,2048],"logical":[4096,2048],"loop_factor":1},{"name":"arg0_1","role":"input","mem":"hbm","elems":8388608,"broadcast":false,"dims":[32,4096,64],"logical":[4096,2048],"loop_factor":1},{"name":"arg1_1","role":"input","mem":"hbm","elems":4194304,"broadcast":false,"dims":[32,2048,64],"logical":[2048,2048],"loop_factor":1}],"reduction_cores":1,"loop_trip":8,"tiles_output_dim":true,"tile_rows_per_core":64,"is_matmul":true,"matmul_macs":17179869184,"matmul_rows_per_core":64.0,"matmul_cols_per_core":512.0,"matmul_a_bytes":2097152,"matmul_b_bytes":8388608,"matmul_m_split":8,"matmul_n_split":4,"hbm_pattern":""}]
TIMING op=matmul_row_tiling reps=7/7 prof_wall_s=75.27 per_rep_s=10.752
SUMMARY op=matmul_row_tiling rows=4096 cols=2048 cores=32 tiles=8 lx=1 io_hbm_bytes=41943040 kernel_us=873.355 pred_us=684.621 err_pct=-21.6 bw_gbps=48.0 memset_us=357.817 other_dev_us=868.857 total_dev_us=2100.029 kernel_us_min=868.939 kernel_us_median=873.355 kernel_us_mean=872.854 kernel_us_std=2.604 kernel_us_cv=0.30 reps=7
TIMING_RUN matmul_row_tiling 4096/2048/2048 t8 157s
-- matmul_row_tiling M=4096 K=4096 N=2048 tiles=8
IO -- device-layout I/O (cost model, stick-padded) --
IO   op mm [reduction]
IO     output op0                    torch [4096, 2048] -> device [4096, 2048] in HBM = 8388608 elems x 2B = 16777216 B  (hbm counted: 16777216 B)
IO     input  arg0_1                 torch [4096, 4096] -> device [64, 4096, 64] in HBM = 16777216 elems x 2B = 33554432 B  (hbm counted: 33554432 B)
IO     input  arg1_1                 torch [4096, 2048] -> device [32, 4096, 64] in HBM = 8388608 elems x 2B = 16777216 B  (hbm counted: 16777216 B)
IO   => HBM I/O total = 67108864 B  (lx 0 B, ~free)
MODEL -- estimate (turnaround): T = compute + [(R+W)/BW_PEAK + a*min(R,W)] / eff_underfill --
MODEL   R=50331648 B (read)   W=16777216 B (write)   loop_trip L=8
MODEL   compute = MACs/cores/(mac_peak*pt_eff) = 34359738368/32/(1140*1.000) = 941.88 us  (M/m=64, pt_eff=1.000)
MODEL   base = R/150+W/150 = 447.39 us
MODEL   turn = a*min(R,W) = 0.00574*16777216 = 96.30 us
MODEL   eff_underfill = min(0.95,(64.0/13)**0.68) = 0.950 -> (base+turn)/eff = 572.31 us
MODEL   => T_model = 1250.93 us
MODEL FEATS [{"name":"mm","is_reduction":true,"out_elems":8388608,"cores":32,"dtype_bytes":2,"args":[{"name":"op0","role":"output","mem":"hbm","elems":8388608,"broadcast":false,"dims":[4096,2048],"logical":[4096,2048],"loop_factor":1},{"name":"arg0_1","role":"input","mem":"hbm","elems":16777216,"broadcast":false,"dims":[64,4096,64],"logical":[4096,4096],"loop_factor":1},{"name":"arg1_1","role":"input","mem":"hbm","elems":8388608,"broadcast":false,"dims":[32,4096,64],"logical":[4096,2048],"loop_factor":1}],"reduction_cores":1,"loop_trip":8,"tiles_output_dim":true,"tile_rows_per_core":64,"is_matmul":true,"matmul_macs":34359738368,"matmul_rows_per_core":64.0,"matmul_cols_per_core":512.0,"matmul_a_bytes":4194304,"matmul_b_bytes":16777216,"matmul_m_split":8,"matmul_n_split":4,"hbm_pattern":""}]
TIMING op=matmul_row_tiling reps=7/7 prof_wall_s=74.73 per_rep_s=10.676
SUMMARY op=matmul_row_tiling rows=4096 cols=4096 cores=32 tiles=8 lx=1 io_hbm_bytes=67108864 kernel_us=1541.903 pred_us=1250.926 err_pct=-18.9 bw_gbps=43.5 memset_us=331.298 other_dev_us=878.316 total_dev_us=2751.517 kernel_us_min=1533.878 kernel_us_median=1541.903 kernel_us_mean=1540.910 kernel_us_std=4.375 kernel_us_cv=0.28 reps=7
TIMING_RUN matmul_row_tiling 4096/4096/2048 t8 156s
-- matmul_row_tiling M=4096 K=8192 N=2048 tiles=8
IO -- device-layout I/O (cost model, stick-padded) --
IO   op mm [reduction]
IO     output op0                    torch [4096, 2048] -> device [4096, 2048] in HBM = 8388608 elems x 2B = 16777216 B  (hbm counted: 16777216 B)
IO     input  arg0_1                 torch [4096, 8192] -> device [128, 4096, 64] in HBM = 33554432 elems x 2B = 67108864 B  (hbm counted: 67108864 B)
IO     input  arg1_1                 torch [8192, 2048] -> device [32, 8192, 64] in HBM = 16777216 elems x 2B = 33554432 B  (hbm counted: 33554432 B)
IO   => HBM I/O total = 117440512 B  (lx 0 B, ~free)
MODEL -- estimate (turnaround): T = compute + [(R+W)/BW_PEAK + a*min(R,W)] / eff_underfill --
MODEL   R=100663296 B (read)   W=16777216 B (write)   loop_trip L=8
MODEL   compute = MACs/cores/(mac_peak*pt_eff) = 68719476736/32/(1140*1.000) = 1883.76 us  (M/m=64, pt_eff=1.000)
MODEL   base = R/150+W/150 = 782.94 us
MODEL   turn = a*min(R,W) = 0.00574*16777216 = 96.30 us
MODEL   eff_underfill = min(0.95,(64.0/13)**0.68) = 0.950 -> (base+turn)/eff = 925.51 us
MODEL   => T_model = 2383.53 us
MODEL FEATS [{"name":"mm","is_reduction":true,"out_elems":8388608,"cores":32,"dtype_bytes":2,"args":[{"name":"op0","role":"output","mem":"hbm","elems":8388608,"broadcast":false,"dims":[4096,2048],"logical":[4096,2048],"loop_factor":1},{"name":"arg0_1","role":"input","mem":"hbm","elems":33554432,"broadcast":false,"dims":[128,4096,64],"logical":[4096,8192],"loop_factor":1},{"name":"arg1_1","role":"input","mem":"hbm","elems":16777216,"broadcast":false,"dims":[32,8192,64],"logical":[8192,2048],"loop_factor":1}],"reduction_cores":1,"loop_trip":8,"tiles_output_dim":true,"tile_rows_per_core":64,"is_matmul":true,"matmul_macs":68719476736,"matmul_rows_per_core":64.0,"matmul_cols_per_core":512.0,"matmul_a_bytes":8388608,"matmul_b_bytes":33554432,"matmul_m_split":8,"matmul_n_split":4,"hbm_pattern":""}]
TIMING op=matmul_row_tiling reps=7/7 prof_wall_s=81.77 per_rep_s=11.682
SUMMARY op=matmul_row_tiling rows=4096 cols=8192 cores=32 tiles=8 lx=1 io_hbm_bytes=117440512 kernel_us=2966.608 pred_us=2383.535 err_pct=-19.7 bw_gbps=39.6 memset_us=351.088 other_dev_us=833.296 total_dev_us=4150.992 kernel_us_min=2942.235 kernel_us_median=2966.608 kernel_us_mean=2963.432 kernel_us_std=9.907 kernel_us_cv=0.33 reps=7
TIMING_RUN matmul_row_tiling 4096/8192/2048 t8 168s
## (4) mm_nested_m_k & matmul_k_tiling tile ladders
-- mm_nested_m_k M=2048 K=2048 N=2048 tiles=1
IO -- device-layout I/O (cost model, stick-padded) --
IO   op mm [reduction]
IO     output op0                    torch [2048, 2048] -> device [32, 2048, 64] in HBM = 4194304 elems x 2B = 8388608 B  (hbm counted: 8388608 B)
IO     input  arg0_1                 torch [2048, 2048] -> device [32, 2048, 64] in HBM = 4194304 elems x 2B = 8388608 B  (hbm counted: 8388608 B)
IO     input  arg1_1                 torch [2048, 2048] -> device [32, 2048, 64] in HBM = 4194304 elems x 2B = 8388608 B  (hbm counted: 8388608 B)
IO   => HBM I/O total = 25165824 B  (lx 0 B, ~free)
MODEL -- estimate (turnaround): T = compute + (R+W)/BW_PEAK + a*min(R,W) --
MODEL   R=16777216 B (read)   W=8388608 B (write)   loop_trip L=1
MODEL   compute = MACs/cores/(mac_peak*pt_eff) = 8589934592/32/(1140*1.000) = 235.47 us  (M/m=256, pt_eff=1.000)
MODEL   base = R/150+W/150 = 167.77 us
MODEL   turn = a*min(R,W) = 0.00574*8388608 = 48.15 us
MODEL   => T_model = 393.41 us
MODEL FEATS [{"name":"mm","is_reduction":true,"out_elems":4194304,"cores":32,"dtype_bytes":2,"args":[{"name":"op0","role":"output","mem":"hbm","elems":4194304,"broadcast":false,"dims":[32,2048,64],"logical":[2048,2048],"loop_factor":1},{"name":"arg0_1","role":"input","mem":"hbm","elems":4194304,"broadcast":false,"dims":[32,2048,64],"logical":[2048,2048],"loop_factor":1},{"name":"arg1_1","role":"input","mem":"hbm","elems":4194304,"broadcast":false,"dims":[32,2048,64],"logical":[2048,2048],"loop_factor":1}],"reduction_cores":1,"loop_trip":1,"tiles_output_dim":false,"tile_rows_per_core":0.0,"is_matmul":true,"matmul_macs":8589934592,"matmul_rows_per_core":256.0,"matmul_cols_per_core":512.0,"matmul_a_bytes":8388608,"matmul_b_bytes":8388608,"matmul_m_split":8,"matmul_n_split":4,"hbm_pattern":""}]
TIMING op=mm_nested_m_k reps=7/7 prof_wall_s=0.18 per_rep_s=0.026
SUMMARY op=mm_nested_m_k rows=2048 cols=2048 cores=32 tiles=1 lx=1 io_hbm_bytes=25165824 kernel_us=391.537 pred_us=393.408 err_pct=+0.5 bw_gbps=64.3 memset_us=196.773 other_dev_us=564.406 total_dev_us=1152.716 kernel_us_min=383.030 kernel_us_median=391.537 kernel_us_mean=390.185 kernel_us_std=3.138 kernel_us_cv=0.80 reps=7
TIMING_RUN mm_nested_m_k 2048/2048/2048 t1 30s
-- mm_nested_m_k M=2048 K=2048 N=2048 tiles=2
IO -- device-layout I/O (cost model, stick-padded) --
IO   op Pointwise
IO     output coarse_tile_fill_buf0  torch [1024, 2048] -> device [1024, 2048] in HBM = 2097152 elems x 2B = 4194304 B  (hbm counted: 4194304 B)
IO     input  buf3                   device [1, 64] in HBM = 64 elems x 2B = 128 B  (hbm counted: 128 B) broadcast (loaded once)
IO   op mm [reduction]
IO     output op0                    torch [1024, 2048] -> device [32, 1024, 64] in HBM = 2097152 elems x 2B = 4194304 B  (hbm counted: 4194304 B)
IO     input  arg0_1                 torch [2048, 2048] -> device [32, 2048, 64] in HBM = 4194304 elems x 2B = 8388608 B  (hbm counted: 8388608 B)
IO     input  arg1_1                 torch [2048, 2048] -> device [32, 2048, 64] in HBM = 4194304 elems x 2B = 8388608 B  (hbm counted: 8388608 B)
IO   op Pointwise
IO     output coarse_tile_combine_buf0 torch [1024, 2048] -> device [1024, 2048] in HBM = 2097152 elems x 2B = 4194304 B  (hbm counted: 4194304 B)
IO     input  buf0                   torch [1024, 2048] -> device [32, 1024, 64] in HBM = 2097152 elems x 2B = 4194304 B  (hbm counted: 4194304 B)
IO     input  buf2                   torch [1024, 2048] -> device [32, 1024, 64] in HBM = 2097152 elems x 2B = 4194304 B  (hbm counted: 4194304 B)
IO   op Pointwise
IO     output coarse_tile_reduce_copy_buf0 torch [2048, 2048] -> device [2048, 2048] in HBM = 4194304 elems x 2B = 8388608 B  (hbm counted: 8388608 B)
IO     input  buf2                   torch [1024, 2048] -> device [32, 1024, 64] in HBM = 2097152 elems x 2B = 4194304 B  (hbm counted: 4194304 B)
IO   => HBM I/O total = 50331776 B  (lx 0 B, ~free)
MODEL -- estimate (turnaround): T = compute + [(R+W)/BW_PEAK + a*min(R,W)] / eff_underfill --
MODEL   R=29360256 B (read)   W=20971520 B (write)   loop_trip L=4
MODEL   compute = MACs/cores/(mac_peak*pt_eff) = 2147483648/32/(1140*1.000) = 58.87 us  (M/m=128, pt_eff=1.000)
MODEL   base = R/150+W/150 = 335.55 us
MODEL   turn = a*min(R,W) = 0.00574*20971520 = 120.38 us
MODEL   eff_underfill = min(0.95,(8.0/13)**0.68) = 0.719 -> (base+turn)/eff = 634.26 us
MODEL   => T_model = 666.05 us
MODEL FEATS [{"name":"Pointwise","is_reduction":false,"out_elems":2097152,"cores":32,"dtype_bytes":2,"args":[{"name":"coarse_tile_fill_buf0","role":"output","mem":"hbm","elems":2097152,"broadcast":false,"dims":[1024,2048],"logical":[1024,2048],"loop_factor":1},{"name":"buf3","role":"input","mem":"hbm","elems":64,"broadcast":true,"dims":[1,64],"logical":[],"loop_factor":1}],"reduction_cores":1,"loop_trip":2,"tiles_output_dim":true,"tile_rows_per_core":16,"is_matmul":false,"matmul_macs":0,"matmul_rows_per_core":0.0,"matmul_cols_per_core":0.0,"matmul_a_bytes":0,"matmul_b_bytes":0,"matmul_m_split":1,"matmul_n_split":1,"hbm_pattern":""},{"name":"mm","is_reduction":true,"out_elems":2097152,"cores":32,"dtype_bytes":2,"args":[{"name":"op0","role":"output","mem":"hbm","elems":2097152,"broadcast":false,"dims":[32,1024,64],"logical":[1024,2048],"loop_factor":1},{"name":"arg0_1","role":"input","mem":"hbm","elems":4194304,"broadcast":false,"dims":[32,2048,64],"logical":[2048,2048],"loop_factor":1},{"name":"arg1_1","role":"input","mem":"hbm","elems":4194304,"broadcast":false,"dims":[32,2048,64],"logical":[2048,2048],"loop_factor":1}],"reduction_cores":1,"loop_trip":4,"tiles_output_dim":true,"tile_rows_per_core":32.0,"is_matmul":true,"matmul_macs":2147483648,"matmul_rows_per_core":128.0,"matmul_cols_per_core":512.0,"matmul_a_bytes":2097152,"matmul_b_bytes":4194304,"matmul_m_split":8,"matmul_n_split":4,"hbm_pattern":""},{"name":"Pointwise","is_reduction":false,"out_elems":2097152,"cores":32,"dtype_bytes":2,"args":[{"name":"coarse_tile_combine_buf0","role":"output","mem":"hbm","elems":2097152,"broadcast":false,"dims":[1024,2048],"logical":[1024,2048],"loop_factor":1},{"name":"buf0","role":"input","mem":"hbm","elems":2097152,"broadcast":false,"dims":[32,1024,64],"logical":[1024,2048],"loop_factor":1},{"name":"buf2","role":"input","mem":"hbm","elems":2097152,"broadcast":false,"dims":[32,1024,64],"logical":[1024,2048],"loop_factor":1}],"reduction_cores":1,"loop_trip":4,"tiles_output_dim":true,"tile_rows_per_core":8,"is_matmul":false,"matmul_macs":0,"matmul_rows_per_core":0.0,"matmul_cols_per_core":0.0,"matmul_a_bytes":0,"matmul_b_bytes":0,"matmul_m_split":1,"matmul_n_split":1,"hbm_pattern":""},{"name":"Pointwise","is_reduction":false,"out_elems":4194304,"cores":32,"dtype_bytes":2,"args":[{"name":"coarse_tile_reduce_copy_buf0","role":"output","mem":"hbm","elems":4194304,"broadcast":false,"dims":[2048,2048],"logical":[2048,2048],"loop_factor":1},{"name":"buf2","role":"input","mem":"hbm","elems":2097152,"broadcast":false,"dims":[32,1024,64],"logical":[1024,2048],"loop_factor":1}],"reduction_cores":1,"loop_trip":2,"tiles_output_dim":true,"tile_rows_per_core":32,"is_matmul":false,"matmul_macs":0,"matmul_rows_per_core":0.0,"matmul_cols_per_core":0.0,"matmul_a_bytes":0,"matmul_b_bytes":0,"matmul_m_split":1,"matmul_n_split":1,"hbm_pattern":""}]
TIMING op=mm_nested_m_k reps=7/7 prof_wall_s=51.71 per_rep_s=7.387
SUMMARY op=mm_nested_m_k rows=2048 cols=2048 cores=32 tiles=2 lx=1 io_hbm_bytes=50331776 kernel_us=1101.294 pred_us=666.053 err_pct=-39.5 bw_gbps=45.7 memset_us=255.412 other_dev_us=483.752 total_dev_us=1840.458 kernel_us_min=1095.589 kernel_us_median=1101.294 kernel_us_mean=1102.233 kernel_us_std=4.569 kernel_us_cv=0.41 reps=7
TIMING_RUN mm_nested_m_k 2048/2048/2048 t2 108s
-- mm_nested_m_k M=2048 K=2048 N=2048 tiles=4
IO -- device-layout I/O (cost model, stick-padded) --
IO   op Pointwise
IO     output coarse_tile_fill_buf0  torch [1024, 2048] -> device [1024, 2048] in HBM = 2097152 elems x 2B = 4194304 B  (hbm counted: 4194304 B)
IO     input  buf3                   device [1, 64] in HBM = 64 elems x 2B = 128 B  (hbm counted: 128 B) broadcast (loaded once)
IO   op mm [reduction]
IO     output op0                    torch [1024, 2048] -> device [32, 1024, 64] in HBM = 2097152 elems x 2B = 4194304 B  (hbm counted: 4194304 B)
IO     input  arg0_1                 torch [2048, 2048] -> device [32, 2048, 64] in HBM = 4194304 elems x 2B = 8388608 B  (hbm counted: 8388608 B)
IO     input  arg1_1                 torch [2048, 2048] -> device [32, 2048, 64] in HBM = 4194304 elems x 2B = 8388608 B  (hbm counted: 8388608 B)
IO   op Pointwise
IO     output coarse_tile_combine_buf0 torch [1024, 2048] -> device [1024, 2048] in HBM = 2097152 elems x 2B = 4194304 B  (hbm counted: 4194304 B)
IO     input  buf0                   torch [1024, 2048] -> device [32, 1024, 64] in HBM = 2097152 elems x 2B = 4194304 B  (hbm counted: 4194304 B)
IO     input  buf2                   torch [1024, 2048] -> device [32, 1024, 64] in HBM = 2097152 elems x 2B = 4194304 B  (hbm counted: 4194304 B)
IO   op Pointwise
IO     output coarse_tile_reduce_copy_buf0 torch [2048, 2048] -> device [2048, 2048] in HBM = 4194304 elems x 2B = 8388608 B  (hbm counted: 8388608 B)
IO     input  buf2                   torch [1024, 2048] -> device [32, 1024, 64] in HBM = 2097152 elems x 2B = 4194304 B  (hbm counted: 4194304 B)
IO   => HBM I/O total = 50331776 B  (lx 0 B, ~free)
MODEL -- estimate (turnaround): T = compute + [(R+W)/BW_PEAK + a*min(R,W)] / eff_underfill --
MODEL   R=29360256 B (read)   W=20971520 B (write)   loop_trip L=8
MODEL   compute = MACs/cores/(mac_peak*pt_eff) = 1073741824/32/(1140*1.000) = 29.43 us  (M/m=128, pt_eff=1.000)
MODEL   base = R/150+W/150 = 335.55 us
MODEL   turn = a*min(R,W) = 0.00574*20971520 = 120.38 us
MODEL   eff_underfill = min(0.95,(4.0/13)**0.68) = 0.449 -> (base+turn)/eff = 1016.18 us
MODEL   => T_model = 1032.07 us
MODEL FEATS [{"name":"Pointwise","is_reduction":false,"out_elems":2097152,"cores":32,"dtype_bytes":2,"args":[{"name":"coarse_tile_fill_buf0","role":"output","mem":"hbm","elems":2097152,"broadcast":false,"dims":[1024,2048],"logical":[1024,2048],"loop_factor":1},{"name":"buf3","role":"input","mem":"hbm","elems":64,"broadcast":true,"dims":[1,64],"logical":[],"loop_factor":1}],"reduction_cores":1,"loop_trip":2,"tiles_output_dim":true,"tile_rows_per_core":16,"is_matmul":false,"matmul_macs":0,"matmul_rows_per_core":0.0,"matmul_cols_per_core":0.0,"matmul_a_bytes":0,"matmul_b_bytes":0,"matmul_m_split":1,"matmul_n_split":1,"hbm_pattern":""},{"name":"mm","is_reduction":true,"out_elems":2097152,"cores":32,"dtype_bytes":2,"args":[{"name":"op0","role":"output","mem":"hbm","elems":2097152,"broadcast":false,"dims":[32,1024,64],"logical":[1024,2048],"loop_factor":1},{"name":"arg0_1","role":"input","mem":"hbm","elems":4194304,"broadcast":false,"dims":[32,2048,64],"logical":[2048,2048],"loop_factor":1},{"name":"arg1_1","role":"input","mem":"hbm","elems":4194304,"broadcast":false,"dims":[32,2048,64],"logical":[2048,2048],"loop_factor":1}],"reduction_cores":1,"loop_trip":8,"tiles_output_dim":true,"tile_rows_per_core":16.0,"is_matmul":true,"matmul_macs":1073741824,"matmul_rows_per_core":128.0,"matmul_cols_per_core":512.0,"matmul_a_bytes":1048576,"matmul_b_bytes":2097152,"matmul_m_split":8,"matmul_n_split":4,"hbm_pattern":""},{"name":"Pointwise","is_reduction":false,"out_elems":2097152,"cores":32,"dtype_bytes":2,"args":[{"name":"coarse_tile_combine_buf0","role":"output","mem":"hbm","elems":2097152,"broadcast":false,"dims":[1024,2048],"logical":[1024,2048],"loop_factor":1},{"name":"buf0","role":"input","mem":"hbm","elems":2097152,"broadcast":false,"dims":[32,1024,64],"logical":[1024,2048],"loop_factor":1},{"name":"buf2","role":"input","mem":"hbm","elems":2097152,"broadcast":false,"dims":[32,1024,64],"logical":[1024,2048],"loop_factor":1}],"reduction_cores":1,"loop_trip":8,"tiles_output_dim":true,"tile_rows_per_core":4,"is_matmul":false,"matmul_macs":0,"matmul_rows_per_core":0.0,"matmul_cols_per_core":0.0,"matmul_a_bytes":0,"matmul_b_bytes":0,"matmul_m_split":1,"matmul_n_split":1,"hbm_pattern":""},{"name":"Pointwise","is_reduction":false,"out_elems":4194304,"cores":32,"dtype_bytes":2,"args":[{"name":"coarse_tile_reduce_copy_buf0","role":"output","mem":"hbm","elems":4194304,"broadcast":false,"dims":[2048,2048],"logical":[2048,2048],"loop_factor":1},{"name":"buf2","role":"input","mem":"hbm","elems":2097152,"broadcast":false,"dims":[32,1024,64],"logical":[1024,2048],"loop_factor":1}],"reduction_cores":1,"loop_trip":2,"tiles_output_dim":true,"tile_rows_per_core":32,"is_matmul":false,"matmul_macs":0,"matmul_rows_per_core":0.0,"matmul_cols_per_core":0.0,"matmul_a_bytes":0,"matmul_b_bytes":0,"matmul_m_split":1,"matmul_n_split":1,"hbm_pattern":""}]
TIMING op=mm_nested_m_k reps=7/7 prof_wall_s=93.55 per_rep_s=13.364
SUMMARY op=mm_nested_m_k rows=2048 cols=2048 cores=32 tiles=4 lx=1 io_hbm_bytes=50331776 kernel_us=1721.751 pred_us=1032.075 err_pct=-40.1 bw_gbps=29.2 memset_us=293.133 other_dev_us=480.487 total_dev_us=2495.371 kernel_us_min=1704.800 kernel_us_median=1721.751 kernel_us_mean=1718.855 kernel_us_std=10.328 kernel_us_cv=0.60 reps=7
TIMING_RUN mm_nested_m_k 2048/2048/2048 t4 191s
-- mm_nested_m_k M=2048 K=2048 N=2048 tiles=8
SUMMARY mm_nested_m_k M=2048 K=2048 N=2048 tiles=8 FAILED
FAILDIAG /lib64/libpython3.12.so.1.0(Py_RunMain+0x3b0)[0x7ff6f4a19850]
FAILDIAG /lib64/libpython3.12.so.1.0(Py_BytesMain+0x3b)[0x7ff6f49d337b]
FAILDIAG /lib64/libc.so.6(+0x2a58e)[0x7ff6f45fc58e]
FAILDIAG /lib64/libc.so.6(__libc_start_main+0x89)[0x7ff6f45fc649]
FAILDIAG python(_start+0x25)[0x5649bfb2e095]
FAILDIAG *****************
TIMING_RUN mm_nested_m_k 2048/2048/2048 t8 240s
-- matmul_k_tiling M=2048 K=2048 N=2048 tiles=1
IO -- device-layout I/O (cost model, stick-padded) --
IO   op mm [reduction]
IO     output op0                    torch [2048, 2048] -> device [32, 2048, 64] in HBM = 4194304 elems x 2B = 8388608 B  (hbm counted: 8388608 B)
IO     input  arg0_1                 torch [2048, 2048] -> device [32, 2048, 64] in HBM = 4194304 elems x 2B = 8388608 B  (hbm counted: 8388608 B)
IO     input  arg1_1                 torch [2048, 2048] -> device [32, 2048, 64] in HBM = 4194304 elems x 2B = 8388608 B  (hbm counted: 8388608 B)
IO   => HBM I/O total = 25165824 B  (lx 0 B, ~free)
MODEL -- estimate (turnaround): T = compute + (R+W)/BW_PEAK + a*min(R,W) --
MODEL   R=16777216 B (read)   W=8388608 B (write)   loop_trip L=1
MODEL   compute = MACs/cores/(mac_peak*pt_eff) = 8589934592/32/(1140*1.000) = 235.47 us  (M/m=256, pt_eff=1.000)
MODEL   base = R/150+W/150 = 167.77 us
MODEL   turn = a*min(R,W) = 0.00574*8388608 = 48.15 us
MODEL   => T_model = 393.41 us
MODEL FEATS [{"name":"mm","is_reduction":true,"out_elems":4194304,"cores":32,"dtype_bytes":2,"args":[{"name":"op0","role":"output","mem":"hbm","elems":4194304,"broadcast":false,"dims":[32,2048,64],"logical":[2048,2048],"loop_factor":1},{"name":"arg0_1","role":"input","mem":"hbm","elems":4194304,"broadcast":false,"dims":[32,2048,64],"logical":[2048,2048],"loop_factor":1},{"name":"arg1_1","role":"input","mem":"hbm","elems":4194304,"broadcast":false,"dims":[32,2048,64],"logical":[2048,2048],"loop_factor":1}],"reduction_cores":1,"loop_trip":1,"tiles_output_dim":false,"tile_rows_per_core":0.0,"is_matmul":true,"matmul_macs":8589934592,"matmul_rows_per_core":256.0,"matmul_cols_per_core":512.0,"matmul_a_bytes":8388608,"matmul_b_bytes":8388608,"matmul_m_split":8,"matmul_n_split":4,"hbm_pattern":""}]
TIMING op=matmul_k_tiling reps=7/7 prof_wall_s=0.19 per_rep_s=0.027
SUMMARY op=matmul_k_tiling rows=2048 cols=2048 cores=32 tiles=1 lx=1 io_hbm_bytes=25165824 kernel_us=388.707 pred_us=393.408 err_pct=+1.2 bw_gbps=64.7 memset_us=193.170 other_dev_us=565.755 total_dev_us=1147.632 kernel_us_min=385.653 kernel_us_median=388.707 kernel_us_mean=389.205 kernel_us_std=2.738 kernel_us_cv=0.70 reps=7
TIMING_RUN matmul_k_tiling 2048/2048/2048 t1 29s
-- matmul_k_tiling M=2048 K=2048 N=2048 tiles=2
IO -- device-layout I/O (cost model, stick-padded) --
IO   op Pointwise
IO     output coarse_tile_fill_buf0  torch [2048, 2048] -> device [2048, 2048] in HBM = 4194304 elems x 2B = 8388608 B  (hbm counted: 8388608 B)
IO     input  buf2                   device [1, 64] in HBM = 64 elems x 2B = 128 B  (hbm counted: 128 B) broadcast (loaded once)
IO   op mm [reduction]
IO     output op0                    torch [2048, 2048] -> device [32, 2048, 64] in HBM = 4194304 elems x 2B = 8388608 B  (hbm counted: 16777216 B) xL=2
IO     input  arg0_1                 torch [2048, 2048] -> device [32, 2048, 64] in HBM = 4194304 elems x 2B = 8388608 B  (hbm counted: 8388608 B)
IO     input  arg1_1                 torch [2048, 2048] -> device [32, 2048, 64] in HBM = 4194304 elems x 2B = 8388608 B  (hbm counted: 8388608 B)
IO   op Pointwise
IO     output coarse_tile_combine_buf0 torch [2048, 2048] -> device [2048, 2048] in HBM = 4194304 elems x 2B = 8388608 B  (hbm counted: 16777216 B) xL=2
IO     input  buf0                   torch [2048, 2048] -> device [32, 2048, 64] in HBM = 4194304 elems x 2B = 8388608 B  (hbm counted: 16777216 B) xL=2
IO     input  buf1                   torch [2048, 2048] -> device [32, 2048, 64] in HBM = 4194304 elems x 2B = 8388608 B  (hbm counted: 16777216 B) xL=2
IO   => HBM I/O total = 92274816 B  (lx 0 B, ~free)
MODEL -- estimate (turnaround): T = compute + (R+W)/BW_PEAK + a*min(R,W) --
MODEL   R=50331776 B (read)   W=41943040 B (write)   loop_trip L=2
MODEL   compute = MACs/cores/(mac_peak*pt_eff) = 4294967296/32/(1140*1.000) = 117.73 us  (M/m=256, pt_eff=1.000)
MODEL   base = R/150+W/150 = 615.17 us
MODEL   turn = a*min(R,W) = 0.00574*41943040 = 240.75 us
MODEL   => T_model = 944.66 us
MODEL FEATS [{"name":"Pointwise","is_reduction":false,"out_elems":4194304,"cores":32,"dtype_bytes":2,"args":[{"name":"coarse_tile_fill_buf0","role":"output","mem":"hbm","elems":4194304,"broadcast":false,"dims":[2048,2048],"logical":[2048,2048],"loop_factor":1},{"name":"buf2","role":"input","mem":"hbm","elems":64,"broadcast":true,"dims":[1,64],"logical":[],"loop_factor":1}],"reduction_cores":1,"loop_trip":1,"tiles_output_dim":false,"tile_rows_per_core":0.0,"is_matmul":false,"matmul_macs":0,"matmul_rows_per_core":0.0,"matmul_cols_per_core":0.0,"matmul_a_bytes":0,"matmul_b_bytes":0,"matmul_m_split":1,"matmul_n_split":1,"hbm_pattern":""},{"name":"mm","is_reduction":true,"out_elems":4194304,"cores":32,"dtype_bytes":2,"args":[{"name":"op0","role":"output","mem":"hbm","elems":4194304,"broadcast":false,"dims":[32,2048,64],"logical":[2048,2048],"loop_factor":2},{"name":"arg0_1","role":"input","mem":"hbm","elems":4194304,"broadcast":false,"dims":[32,2048,64],"logical":[2048,2048],"loop_factor":1},{"name":"arg1_1","role":"input","mem":"hbm","elems":4194304,"broadcast":false,"dims":[32,2048,64],"logical":[2048,2048],"loop_factor":1}],"reduction_cores":1,"loop_trip":2,"tiles_output_dim":false,"tile_rows_per_core":0.0,"is_matmul":true,"matmul_macs":4294967296,"matmul_rows_per_core":256.0,"matmul_cols_per_core":512.0,"matmul_a_bytes":4194304,"matmul_b_bytes":4194304,"matmul_m_split":8,"matmul_n_split":4,"hbm_pattern":""},{"name":"Pointwise","is_reduction":false,"out_elems":4194304,"cores":32,"dtype_bytes":2,"args":[{"name":"coarse_tile_combine_buf0","role":"output","mem":"hbm","elems":4194304,"broadcast":false,"dims":[2048,2048],"logical":[2048,2048],"loop_factor":2},{"name":"buf0","role":"input","mem":"hbm","elems":4194304,"broadcast":false,"dims":[32,2048,64],"logical":[2048,2048],"loop_factor":2},{"name":"buf1","role":"input","mem":"hbm","elems":4194304,"broadcast":false,"dims":[32,2048,64],"logical":[2048,2048],"loop_factor":2}],"reduction_cores":1,"loop_trip":2,"tiles_output_dim":false,"tile_rows_per_core":0.0,"is_matmul":false,"matmul_macs":0,"matmul_rows_per_core":0.0,"matmul_cols_per_core":0.0,"matmul_a_bytes":0,"matmul_b_bytes":0,"matmul_m_split":1,"matmul_n_split":1,"hbm_pattern":""}]
TIMING op=matmul_k_tiling reps=7/7 prof_wall_s=26.35 per_rep_s=3.764
SUMMARY op=matmul_k_tiling rows=2048 cols=2048 cores=32 tiles=2 lx=1 io_hbm_bytes=92274816 kernel_us=1025.086 pred_us=944.661 err_pct=-7.8 bw_gbps=90.0 memset_us=315.338 other_dev_us=548.174 total_dev_us=1888.598 kernel_us_min=1019.099 kernel_us_median=1025.086 kernel_us_mean=1024.746 kernel_us_std=3.607 kernel_us_cv=0.35 reps=7
TIMING_RUN matmul_k_tiling 2048/2048/2048 t2 60s
-- matmul_k_tiling M=2048 K=2048 N=2048 tiles=4
IO -- device-layout I/O (cost model, stick-padded) --
IO   op Pointwise
IO     output coarse_tile_fill_buf0  torch [2048, 2048] -> device [2048, 2048] in HBM = 4194304 elems x 2B = 8388608 B  (hbm counted: 8388608 B)
IO     input  buf2                   device [1, 64] in HBM = 64 elems x 2B = 128 B  (hbm counted: 128 B) broadcast (loaded once)
IO   op mm [reduction]
IO     output op0                    torch [2048, 2048] -> device [32, 2048, 64] in HBM = 4194304 elems x 2B = 8388608 B  (hbm counted: 33554432 B) xL=4
IO     input  arg0_1                 torch [2048, 2048] -> device [32, 2048, 64] in HBM = 4194304 elems x 2B = 8388608 B  (hbm counted: 8388608 B)
IO     input  arg1_1                 torch [2048, 2048] -> device [32, 2048, 64] in HBM = 4194304 elems x 2B = 8388608 B  (hbm counted: 8388608 B)
IO   op Pointwise
IO     output coarse_tile_combine_buf0 torch [2048, 2048] -> device [2048, 2048] in HBM = 4194304 elems x 2B = 8388608 B  (hbm counted: 33554432 B) xL=4
IO     input  buf0                   torch [2048, 2048] -> device [32, 2048, 64] in HBM = 4194304 elems x 2B = 8388608 B  (hbm counted: 33554432 B) xL=4
IO     input  buf1                   torch [2048, 2048] -> device [32, 2048, 64] in HBM = 4194304 elems x 2B = 8388608 B  (hbm counted: 33554432 B) xL=4
IO   => HBM I/O total = 159383680 B  (lx 0 B, ~free)
MODEL -- estimate (turnaround): T = compute + (R+W)/BW_PEAK + a*min(R,W) --
MODEL   R=83886208 B (read)   W=75497472 B (write)   loop_trip L=4
MODEL   compute = MACs/cores/(mac_peak*pt_eff) = 2147483648/32/(1140*1.000) = 58.87 us  (M/m=256, pt_eff=1.000)
MODEL   base = R/150+W/150 = 1062.56 us
MODEL   turn = a*min(R,W) = 0.00574*75497472 = 433.36 us
MODEL   => T_model = 1540.28 us
MODEL FEATS [{"name":"Pointwise","is_reduction":false,"out_elems":4194304,"cores":32,"dtype_bytes":2,"args":[{"name":"coarse_tile_fill_buf0","role":"output","mem":"hbm","elems":4194304,"broadcast":false,"dims":[2048,2048],"logical":[2048,2048],"loop_factor":1},{"name":"buf2","role":"input","mem":"hbm","elems":64,"broadcast":true,"dims":[1,64],"logical":[],"loop_factor":1}],"reduction_cores":1,"loop_trip":1,"tiles_output_dim":false,"tile_rows_per_core":0.0,"is_matmul":false,"matmul_macs":0,"matmul_rows_per_core":0.0,"matmul_cols_per_core":0.0,"matmul_a_bytes":0,"matmul_b_bytes":0,"matmul_m_split":1,"matmul_n_split":1,"hbm_pattern":""},{"name":"mm","is_reduction":true,"out_elems":4194304,"cores":32,"dtype_bytes":2,"args":[{"name":"op0","role":"output","mem":"hbm","elems":4194304,"broadcast":false,"dims":[32,2048,64],"logical":[2048,2048],"loop_factor":4},{"name":"arg0_1","role":"input","mem":"hbm","elems":4194304,"broadcast":false,"dims":[32,2048,64],"logical":[2048,2048],"loop_factor":1},{"name":"arg1_1","role":"input","mem":"hbm","elems":4194304,"broadcast":false,"dims":[32,2048,64],"logical":[2048,2048],"loop_factor":1}],"reduction_cores":1,"loop_trip":4,"tiles_output_dim":false,"tile_rows_per_core":0.0,"is_matmul":true,"matmul_macs":2147483648,"matmul_rows_per_core":256.0,"matmul_cols_per_core":512.0,"matmul_a_bytes":2097152,"matmul_b_bytes":2097152,"matmul_m_split":8,"matmul_n_split":4,"hbm_pattern":""},{"name":"Pointwise","is_reduction":false,"out_elems":4194304,"cores":32,"dtype_bytes":2,"args":[{"name":"coarse_tile_combine_buf0","role":"output","mem":"hbm","elems":4194304,"broadcast":false,"dims":[2048,2048],"logical":[2048,2048],"loop_factor":4},{"name":"buf0","role":"input","mem":"hbm","elems":4194304,"broadcast":false,"dims":[32,2048,64],"logical":[2048,2048],"loop_factor":4},{"name":"buf1","role":"input","mem":"hbm","elems":4194304,"broadcast":false,"dims":[32,2048,64],"logical":[2048,2048],"loop_factor":4}],"reduction_cores":1,"loop_trip":4,"tiles_output_dim":false,"tile_rows_per_core":0.0,"is_matmul":false,"matmul_macs":0,"matmul_rows_per_core":0.0,"matmul_cols_per_core":0.0,"matmul_a_bytes":0,"matmul_b_bytes":0,"matmul_m_split":1,"matmul_n_split":1,"hbm_pattern":""}]
TIMING op=matmul_k_tiling reps=7/7 prof_wall_s=45.38 per_rep_s=6.482
SUMMARY op=matmul_k_tiling rows=2048 cols=2048 cores=32 tiles=4 lx=1 io_hbm_bytes=159383680 kernel_us=1707.345 pred_us=1540.285 err_pct=-9.8 bw_gbps=93.4 memset_us=284.609 other_dev_us=528.391 total_dev_us=2520.345 kernel_us_min=1696.782 kernel_us_median=1707.345 kernel_us_mean=1706.045 kernel_us_std=5.606 kernel_us_cv=0.33 reps=7
TIMING_RUN matmul_k_tiling 2048/2048/2048 t4 105s
-- matmul_k_tiling M=2048 K=2048 N=2048 tiles=8
IO -- device-layout I/O (cost model, stick-padded) --
IO   op Pointwise
IO     output coarse_tile_fill_buf0  torch [2048, 2048] -> device [2048, 2048] in HBM = 4194304 elems x 2B = 8388608 B  (hbm counted: 8388608 B)
IO     input  buf2                   device [1, 64] in HBM = 64 elems x 2B = 128 B  (hbm counted: 128 B) broadcast (loaded once)
IO   op mm [reduction]
IO     output op0                    torch [2048, 2048] -> device [32, 2048, 64] in HBM = 4194304 elems x 2B = 8388608 B  (hbm counted: 67108864 B) xL=8
IO     input  arg0_1                 torch [2048, 2048] -> device [32, 2048, 64] in HBM = 4194304 elems x 2B = 8388608 B  (hbm counted: 8388608 B)
IO     input  arg1_1                 torch [2048, 2048] -> device [32, 2048, 64] in HBM = 4194304 elems x 2B = 8388608 B  (hbm counted: 8388608 B)
IO   op Pointwise
IO     output coarse_tile_combine_buf0 torch [2048, 2048] -> device [2048, 2048] in HBM = 4194304 elems x 2B = 8388608 B  (hbm counted: 67108864 B) xL=8
IO     input  buf0                   torch [2048, 2048] -> device [32, 2048, 64] in HBM = 4194304 elems x 2B = 8388608 B  (hbm counted: 67108864 B) xL=8
IO     input  buf1                   torch [2048, 2048] -> device [32, 2048, 64] in HBM = 4194304 elems x 2B = 8388608 B  (hbm counted: 67108864 B) xL=8
IO   => HBM I/O total = 293601408 B  (lx 0 B, ~free)
MODEL -- estimate (turnaround): T = compute + (R+W)/BW_PEAK + a*min(R,W) --
MODEL   R=150995072 B (read)   W=142606336 B (write)   loop_trip L=8
MODEL   compute = MACs/cores/(mac_peak*pt_eff) = 1073741824/32/(1140*1.000) = 29.43 us  (M/m=256, pt_eff=1.000)
MODEL   base = R/150+W/150 = 1957.34 us
MODEL   turn = a*min(R,W) = 0.00574*142606336 = 818.56 us
MODEL   => T_model = 2798.09 us
MODEL FEATS [{"name":"Pointwise","is_reduction":false,"out_elems":4194304,"cores":32,"dtype_bytes":2,"args":[{"name":"coarse_tile_fill_buf0","role":"output","mem":"hbm","elems":4194304,"broadcast":false,"dims":[2048,2048],"logical":[2048,2048],"loop_factor":1},{"name":"buf2","role":"input","mem":"hbm","elems":64,"broadcast":true,"dims":[1,64],"logical":[],"loop_factor":1}],"reduction_cores":1,"loop_trip":1,"tiles_output_dim":false,"tile_rows_per_core":0.0,"is_matmul":false,"matmul_macs":0,"matmul_rows_per_core":0.0,"matmul_cols_per_core":0.0,"matmul_a_bytes":0,"matmul_b_bytes":0,"matmul_m_split":1,"matmul_n_split":1,"hbm_pattern":""},{"name":"mm","is_reduction":true,"out_elems":4194304,"cores":32,"dtype_bytes":2,"args":[{"name":"op0","role":"output","mem":"hbm","elems":4194304,"broadcast":false,"dims":[32,2048,64],"logical":[2048,2048],"loop_factor":8},{"name":"arg0_1","role":"input","mem":"hbm","elems":4194304,"broadcast":false,"dims":[32,2048,64],"logical":[2048,2048],"loop_factor":1},{"name":"arg1_1","role":"input","mem":"hbm","elems":4194304,"broadcast":false,"dims":[32,2048,64],"logical":[2048,2048],"loop_factor":1}],"reduction_cores":1,"loop_trip":8,"tiles_output_dim":false,"tile_rows_per_core":0.0,"is_matmul":true,"matmul_macs":1073741824,"matmul_rows_per_core":256.0,"matmul_cols_per_core":512.0,"matmul_a_bytes":1048576,"matmul_b_bytes":1048576,"matmul_m_split":8,"matmul_n_split":4,"hbm_pattern":""},{"name":"Pointwise","is_reduction":false,"out_elems":4194304,"cores":32,"dtype_bytes":2,"args":[{"name":"coarse_tile_combine_buf0","role":"output","mem":"hbm","elems":4194304,"broadcast":false,"dims":[2048,2048],"logical":[2048,2048],"loop_factor":8},{"name":"buf0","role":"input","mem":"hbm","elems":4194304,"broadcast":false,"dims":[32,2048,64],"logical":[2048,2048],"loop_factor":8},{"name":"buf1","role":"input","mem":"hbm","elems":4194304,"broadcast":false,"dims":[32,2048,64],"logical":[2048,2048],"loop_factor":8}],"reduction_cores":1,"loop_trip":8,"tiles_output_dim":false,"tile_rows_per_core":0.0,"is_matmul":false,"matmul_macs":0,"matmul_rows_per_core":0.0,"matmul_cols_per_core":0.0,"matmul_a_bytes":0,"matmul_b_bytes":0,"matmul_m_split":1,"matmul_n_split":1,"hbm_pattern":""}]
TIMING op=matmul_k_tiling reps=7/7 prof_wall_s=83.90 per_rep_s=11.986
SUMMARY op=matmul_k_tiling rows=2048 cols=2048 cores=32 tiles=8 lx=1 io_hbm_bytes=293601408 kernel_us=2863.240 pred_us=2798.089 err_pct=-2.3 bw_gbps=102.5 memset_us=305.980 other_dev_us=615.071 total_dev_us=3784.291 kernel_us_min=2855.018 kernel_us_median=2863.240 kernel_us_mean=2871.636 kernel_us_std=20.939 kernel_us_cv=0.73 reps=7
TIMING_RUN matmul_k_tiling 2048/2048/2048 t8 170s
-- mm_nested_m_k M=4096 K=2048 N=2048 tiles=1
IO -- device-layout I/O (cost model, stick-padded) --
IO   op mm [reduction]
IO     output op0                    torch [4096, 2048] -> device [32, 4096, 64] in HBM = 8388608 elems x 2B = 16777216 B  (hbm counted: 16777216 B)
IO     input  arg0_1                 torch [4096, 2048] -> device [32, 4096, 64] in HBM = 8388608 elems x 2B = 16777216 B  (hbm counted: 16777216 B)
IO     input  arg1_1                 torch [2048, 2048] -> device [32, 2048, 64] in HBM = 4194304 elems x 2B = 8388608 B  (hbm counted: 8388608 B)
IO   => HBM I/O total = 41943040 B  (lx 0 B, ~free)
MODEL -- estimate (turnaround): T = compute + (R+W)/BW_PEAK + a*min(R,W) --
MODEL   R=25165824 B (read)   W=16777216 B (write)   loop_trip L=1
MODEL   compute = MACs/cores/(mac_peak*pt_eff) = 17179869184/32/(1140*1.000) = 470.94 us  (M/m=512, pt_eff=1.000)
MODEL   base = R/150+W/150 = 279.62 us
MODEL   turn = a*min(R,W) = 0.00574*16777216 = 96.30 us
MODEL   => T_model = 781.22 us
MODEL FEATS [{"name":"mm","is_reduction":true,"out_elems":8388608,"cores":32,"dtype_bytes":2,"args":[{"name":"op0","role":"output","mem":"hbm","elems":8388608,"broadcast":false,"dims":[32,4096,64],"logical":[4096,2048],"loop_factor":1},{"name":"arg0_1","role":"input","mem":"hbm","elems":8388608,"broadcast":false,"dims":[32,4096,64],"logical":[4096,2048],"loop_factor":1},{"name":"arg1_1","role":"input","mem":"hbm","elems":4194304,"broadcast":false,"dims":[32,2048,64],"logical":[2048,2048],"loop_factor":1}],"reduction_cores":1,"loop_trip":1,"tiles_output_dim":false,"tile_rows_per_core":0.0,"is_matmul":true,"matmul_macs":17179869184,"matmul_rows_per_core":512.0,"matmul_cols_per_core":512.0,"matmul_a_bytes":16777216,"matmul_b_bytes":8388608,"matmul_m_split":8,"matmul_n_split":4,"hbm_pattern":""}]
TIMING op=mm_nested_m_k reps=7/7 prof_wall_s=0.27 per_rep_s=0.038
SUMMARY op=mm_nested_m_k rows=4096 cols=2048 cores=32 tiles=1 lx=1 io_hbm_bytes=41943040 kernel_us=840.384 pred_us=781.224 err_pct=-7.0 bw_gbps=49.9 memset_us=290.870 other_dev_us=935.978 total_dev_us=2067.232 kernel_us_min=833.163 kernel_us_median=840.384 kernel_us_mean=840.264 kernel_us_std=4.277 kernel_us_cv=0.51 reps=7
TIMING_RUN mm_nested_m_k 4096/2048/2048 t1 27s
-- mm_nested_m_k M=4096 K=2048 N=2048 tiles=2
IO -- device-layout I/O (cost model, stick-padded) --
IO   op Pointwise
IO     output coarse_tile_fill_buf0  torch [2048, 2048] -> device [2048, 2048] in HBM = 4194304 elems x 2B = 8388608 B  (hbm counted: 8388608 B)
IO     input  buf3                   device [1, 64] in HBM = 64 elems x 2B = 128 B  (hbm counted: 128 B) broadcast (loaded once)
IO   op mm [reduction]
IO     output op0                    torch [2048, 2048] -> device [32, 2048, 64] in HBM = 4194304 elems x 2B = 8388608 B  (hbm counted: 8388608 B)
IO     input  arg0_1                 torch [4096, 2048] -> device [32, 4096, 64] in HBM = 8388608 elems x 2B = 16777216 B  (hbm counted: 16777216 B)
IO     input  arg1_1                 torch [2048, 2048] -> device [32, 2048, 64] in HBM = 4194304 elems x 2B = 8388608 B  (hbm counted: 8388608 B)
IO   op Pointwise
IO     output coarse_tile_combine_buf0 torch [2048, 2048] -> device [2048, 2048] in HBM = 4194304 elems x 2B = 8388608 B  (hbm counted: 8388608 B)
IO     input  buf0                   torch [2048, 2048] -> device [32, 2048, 64] in HBM = 4194304 elems x 2B = 8388608 B  (hbm counted: 8388608 B)
IO     input  buf2                   torch [2048, 2048] -> device [32, 2048, 64] in HBM = 4194304 elems x 2B = 8388608 B  (hbm counted: 8388608 B)
IO   op Pointwise
IO     output coarse_tile_reduce_copy_buf0 torch [4096, 2048] -> device [4096, 2048] in HBM = 8388608 elems x 2B = 16777216 B  (hbm counted: 16777216 B)
IO     input  buf2                   torch [2048, 2048] -> device [32, 2048, 64] in HBM = 4194304 elems x 2B = 8388608 B  (hbm counted: 8388608 B)
IO   => HBM I/O total = 92274816 B  (lx 0 B, ~free)
MODEL -- estimate (turnaround): T = compute + [(R+W)/BW_PEAK + a*min(R,W)] / eff_underfill --
MODEL   R=50331776 B (read)   W=41943040 B (write)   loop_trip L=4
MODEL   compute = MACs/cores/(mac_peak*pt_eff) = 4294967296/32/(1140*1.000) = 117.73 us  (M/m=256, pt_eff=1.000)
MODEL   base = R/150+W/150 = 615.17 us
MODEL   turn = a*min(R,W) = 0.00574*41943040 = 240.75 us
MODEL   eff_underfill = min(0.95,(32.0/13)**0.68) = 0.950 -> (base+turn)/eff = 900.97 us
MODEL   => T_model = 991.03 us
MODEL FEATS [{"name":"Pointwise","is_reduction":false,"out_elems":4194304,"cores":32,"dtype_bytes":2,"args":[{"name":"coarse_tile_fill_buf0","role":"output","mem":"hbm","elems":4194304,"broadcast":false,"dims":[2048,2048],"logical":[2048,2048],"loop_factor":1},{"name":"buf3","role":"input","mem":"hbm","elems":64,"broadcast":true,"dims":[1,64],"logical":[],"loop_factor":1}],"reduction_cores":1,"loop_trip":2,"tiles_output_dim":true,"tile_rows_per_core":32,"is_matmul":false,"matmul_macs":0,"matmul_rows_per_core":0.0,"matmul_cols_per_core":0.0,"matmul_a_bytes":0,"matmul_b_bytes":0,"matmul_m_split":1,"matmul_n_split":1,"hbm_pattern":""},{"name":"mm","is_reduction":true,"out_elems":4194304,"cores":32,"dtype_bytes":2,"args":[{"name":"op0","role":"output","mem":"hbm","elems":4194304,"broadcast":false,"dims":[32,2048,64],"logical":[2048,2048],"loop_factor":1},{"name":"arg0_1","role":"input","mem":"hbm","elems":8388608,"broadcast":false,"dims":[32,4096,64],"logical":[4096,2048],"loop_factor":1},{"name":"arg1_1","role":"input","mem":"hbm","elems":4194304,"broadcast":false,"dims":[32,2048,64],"logical":[2048,2048],"loop_factor":1}],"reduction_cores":1,"loop_trip":4,"tiles_output_dim":true,"tile_rows_per_core":64.0,"is_matmul":true,"matmul_macs":4294967296,"matmul_rows_per_core":256.0,"matmul_cols_per_core":512.0,"matmul_a_bytes":4194304,"matmul_b_bytes":4194304,"matmul_m_split":8,"matmul_n_split":4,"hbm_pattern":""},{"name":"Pointwise","is_reduction":false,"out_elems":4194304,"cores":32,"dtype_bytes":2,"args":[{"name":"coarse_tile_combine_buf0","role":"output","mem":"hbm","elems":4194304,"broadcast":false,"dims":[2048,2048],"logical":[2048,2048],"loop_factor":1},{"name":"buf0","role":"input","mem":"hbm","elems":4194304,"broadcast":false,"dims":[32,2048,64],"logical":[2048,2048],"loop_factor":1},{"name":"buf2","role":"input","mem":"hbm","elems":4194304,"broadcast":false,"dims":[32,2048,64],"logical":[2048,2048],"loop_factor":1}],"reduction_cores":1,"loop_trip":4,"tiles_output_dim":true,"tile_rows_per_core":16,"is_matmul":false,"matmul_macs":0,"matmul_rows_per_core":0.0,"matmul_cols_per_core":0.0,"matmul_a_bytes":0,"matmul_b_bytes":0,"matmul_m_split":1,"matmul_n_split":1,"hbm_pattern":""},{"name":"Pointwise","is_reduction":false,"out_elems":8388608,"cores":32,"dtype_bytes":2,"args":[{"name":"coarse_tile_reduce_copy_buf0","role":"output","mem":"hbm","elems":8388608,"broadcast":false,"dims":[4096,2048],"logical":[4096,2048],"loop_factor":1},{"name":"buf2","role":"input","mem":"hbm","elems":4194304,"broadcast":false,"dims":[32,2048,64],"logical":[2048,2048],"loop_factor":1}],"reduction_cores":1,"loop_trip":2,"tiles_output_dim":true,"tile_rows_per_core":64,"is_matmul":false,"matmul_macs":0,"matmul_rows_per_core":0.0,"matmul_cols_per_core":0.0,"matmul_a_bytes":0,"matmul_b_bytes":0,"matmul_m_split":1,"matmul_n_split":1,"hbm_pattern":""}]
TIMING op=mm_nested_m_k reps=7/7 prof_wall_s=53.22 per_rep_s=7.602
SUMMARY op=mm_nested_m_k rows=4096 cols=2048 cores=32 tiles=2 lx=1 io_hbm_bytes=92274816 kernel_us=2378.627 pred_us=991.034 err_pct=-58.3 bw_gbps=38.8 memset_us=360.886 other_dev_us=861.665 total_dev_us=3601.178 kernel_us_min=2373.400 kernel_us_median=2378.627 kernel_us_mean=2379.182 kernel_us_std=4.783 kernel_us_cv=0.20 reps=7
TIMING_RUN mm_nested_m_k 4096/2048/2048 t2 108s
-- mm_nested_m_k M=4096 K=2048 N=2048 tiles=4
IO -- device-layout I/O (cost model, stick-padded) --
IO   op Pointwise
IO     output coarse_tile_fill_buf0  torch [2048, 2048] -> device [2048, 2048] in HBM = 4194304 elems x 2B = 8388608 B  (hbm counted: 8388608 B)
IO     input  buf3                   device [1, 64] in HBM = 64 elems x 2B = 128 B  (hbm counted: 128 B) broadcast (loaded once)
IO   op mm [reduction]
IO     output op0                    torch [2048, 2048] -> device [32, 2048, 64] in HBM = 4194304 elems x 2B = 8388608 B  (hbm counted: 8388608 B)
IO     input  arg0_1                 torch [4096, 2048] -> device [32, 4096, 64] in HBM = 8388608 elems x 2B = 16777216 B  (hbm counted: 16777216 B)
IO     input  arg1_1                 torch [2048, 2048] -> device [32, 2048, 64] in HBM = 4194304 elems x 2B = 8388608 B  (hbm counted: 8388608 B)
IO   op Pointwise
IO     output coarse_tile_combine_buf0 torch [2048, 2048] -> device [2048, 2048] in HBM = 4194304 elems x 2B = 8388608 B  (hbm counted: 8388608 B)
IO     input  buf0                   torch [2048, 2048] -> device [32, 2048, 64] in HBM = 4194304 elems x 2B = 8388608 B  (hbm counted: 8388608 B)
IO     input  buf2                   torch [2048, 2048] -> device [32, 2048, 64] in HBM = 4194304 elems x 2B = 8388608 B  (hbm counted: 8388608 B)
IO   op Pointwise
IO     output coarse_tile_reduce_copy_buf0 torch [4096, 2048] -> device [4096, 2048] in HBM = 8388608 elems x 2B = 16777216 B  (hbm counted: 16777216 B)
IO     input  buf2                   torch [2048, 2048] -> device [32, 2048, 64] in HBM = 4194304 elems x 2B = 8388608 B  (hbm counted: 8388608 B)
IO   => HBM I/O total = 92274816 B  (lx 0 B, ~free)
MODEL -- estimate (turnaround): T = compute + [(R+W)/BW_PEAK + a*min(R,W)] / eff_underfill --
MODEL   R=50331776 B (read)   W=41943040 B (write)   loop_trip L=8
MODEL   compute = MACs/cores/(mac_peak*pt_eff) = 2147483648/32/(1140*1.000) = 58.87 us  (M/m=256, pt_eff=1.000)
MODEL   base = R/150+W/150 = 615.17 us
MODEL   turn = a*min(R,W) = 0.00574*41943040 = 240.75 us
MODEL   eff_underfill = min(0.95,(8.0/13)**0.68) = 0.719 -> (base+turn)/eff = 1190.73 us
MODEL   => T_model = 1240.02 us
MODEL FEATS [{"name":"Pointwise","is_reduction":false,"out_elems":4194304,"cores":32,"dtype_bytes":2,"args":[{"name":"coarse_tile_fill_buf0","role":"output","mem":"hbm","elems":4194304,"broadcast":false,"dims":[2048,2048],"logical":[2048,2048],"loop_factor":1},{"name":"buf3","role":"input","mem":"hbm","elems":64,"broadcast":true,"dims":[1,64],"logical":[],"loop_factor":1}],"reduction_cores":1,"loop_trip":2,"tiles_output_dim":true,"tile_rows_per_core":32,"is_matmul":false,"matmul_macs":0,"matmul_rows_per_core":0.0,"matmul_cols_per_core":0.0,"matmul_a_bytes":0,"matmul_b_bytes":0,"matmul_m_split":1,"matmul_n_split":1,"hbm_pattern":""},{"name":"mm","is_reduction":true,"out_elems":4194304,"cores":32,"dtype_bytes":2,"args":[{"name":"op0","role":"output","mem":"hbm","elems":4194304,"broadcast":false,"dims":[32,2048,64],"logical":[2048,2048],"loop_factor":1},{"name":"arg0_1","role":"input","mem":"hbm","elems":8388608,"broadcast":false,"dims":[32,4096,64],"logical":[4096,2048],"loop_factor":1},{"name":"arg1_1","role":"input","mem":"hbm","elems":4194304,"broadcast":false,"dims":[32,2048,64],"logical":[2048,2048],"loop_factor":1}],"reduction_cores":1,"loop_trip":8,"tiles_output_dim":true,"tile_rows_per_core":32.0,"is_matmul":true,"matmul_macs":2147483648,"matmul_rows_per_core":256.0,"matmul_cols_per_core":512.0,"matmul_a_bytes":2097152,"matmul_b_bytes":2097152,"matmul_m_split":8,"matmul_n_split":4,"hbm_pattern":""},{"name":"Pointwise","is_reduction":false,"out_elems":4194304,"cores":32,"dtype_bytes":2,"args":[{"name":"coarse_tile_combine_buf0","role":"output","mem":"hbm","elems":4194304,"broadcast":false,"dims":[2048,2048],"logical":[2048,2048],"loop_factor":1},{"name":"buf0","role":"input","mem":"hbm","elems":4194304,"broadcast":false,"dims":[32,2048,64],"logical":[2048,2048],"loop_factor":1},{"name":"buf2","role":"input","mem":"hbm","elems":4194304,"broadcast":false,"dims":[32,2048,64],"logical":[2048,2048],"loop_factor":1}],"reduction_cores":1,"loop_trip":8,"tiles_output_dim":true,"tile_rows_per_core":8,"is_matmul":false,"matmul_macs":0,"matmul_rows_per_core":0.0,"matmul_cols_per_core":0.0,"matmul_a_bytes":0,"matmul_b_bytes":0,"matmul_m_split":1,"matmul_n_split":1,"hbm_pattern":""},{"name":"Pointwise","is_reduction":false,"out_elems":8388608,"cores":32,"dtype_bytes":2,"args":[{"name":"coarse_tile_reduce_copy_buf0","role":"output","mem":"hbm","elems":8388608,"broadcast":false,"dims":[4096,2048],"logical":[4096,2048],"loop_factor":1},{"name":"buf2","role":"input","mem":"hbm","elems":4194304,"broadcast":false,"dims":[32,2048,64],"logical":[2048,2048],"loop_factor":1}],"reduction_cores":1,"loop_trip":2,"tiles_output_dim":true,"tile_rows_per_core":64,"is_matmul":false,"matmul_macs":0,"matmul_rows_per_core":0.0,"matmul_cols_per_core":0.0,"matmul_a_bytes":0,"matmul_b_bytes":0,"matmul_m_split":1,"matmul_n_split":1,"hbm_pattern":""}]
TIMING op=mm_nested_m_k reps=7/7 prof_wall_s=91.07 per_rep_s=13.011
SUMMARY op=mm_nested_m_k rows=4096 cols=2048 cores=32 tiles=4 lx=1 io_hbm_bytes=92274816 kernel_us=3730.136 pred_us=1240.022 err_pct=-66.8 bw_gbps=24.7 memset_us=361.739 other_dev_us=892.272 total_dev_us=4984.147 kernel_us_min=3695.479 kernel_us_median=3730.136 kernel_us_mean=3728.655 kernel_us_std=15.600 kernel_us_cv=0.42 reps=7
TIMING_RUN mm_nested_m_k 4096/2048/2048 t4 184s
-- mm_nested_m_k M=4096 K=2048 N=2048 tiles=8
SUMMARY mm_nested_m_k M=4096 K=2048 N=2048 tiles=8 FAILED
FAILDIAG /lib64/libpython3.12.so.1.0(Py_RunMain+0x3b0)[0x7fd02dac4850]
FAILDIAG /lib64/libpython3.12.so.1.0(Py_BytesMain+0x3b)[0x7fd02da7e37b]
FAILDIAG /lib64/libc.so.6(+0x2a58e)[0x7fd02d6a758e]
FAILDIAG /lib64/libc.so.6(__libc_start_main+0x89)[0x7fd02d6a7649]
FAILDIAG python(_start+0x25)[0x561d9fb8f095]
FAILDIAG *****************
TIMING_RUN mm_nested_m_k 4096/2048/2048 t8 240s
-- matmul_k_tiling M=4096 K=2048 N=2048 tiles=1
IO -- device-layout I/O (cost model, stick-padded) --
IO   op mm [reduction]
IO     output op0                    torch [4096, 2048] -> device [32, 4096, 64] in HBM = 8388608 elems x 2B = 16777216 B  (hbm counted: 16777216 B)
IO     input  arg0_1                 torch [4096, 2048] -> device [32, 4096, 64] in HBM = 8388608 elems x 2B = 16777216 B  (hbm counted: 16777216 B)
IO     input  arg1_1                 torch [2048, 2048] -> device [32, 2048, 64] in HBM = 4194304 elems x 2B = 8388608 B  (hbm counted: 8388608 B)
IO   => HBM I/O total = 41943040 B  (lx 0 B, ~free)
MODEL -- estimate (turnaround): T = compute + (R+W)/BW_PEAK + a*min(R,W) --
MODEL   R=25165824 B (read)   W=16777216 B (write)   loop_trip L=1
MODEL   compute = MACs/cores/(mac_peak*pt_eff) = 17179869184/32/(1140*1.000) = 470.94 us  (M/m=512, pt_eff=1.000)
MODEL   base = R/150+W/150 = 279.62 us
MODEL   turn = a*min(R,W) = 0.00574*16777216 = 96.30 us
MODEL   => T_model = 781.22 us
MODEL FEATS [{"name":"mm","is_reduction":true,"out_elems":8388608,"cores":32,"dtype_bytes":2,"args":[{"name":"op0","role":"output","mem":"hbm","elems":8388608,"broadcast":false,"dims":[32,4096,64],"logical":[4096,2048],"loop_factor":1},{"name":"arg0_1","role":"input","mem":"hbm","elems":8388608,"broadcast":false,"dims":[32,4096,64],"logical":[4096,2048],"loop_factor":1},{"name":"arg1_1","role":"input","mem":"hbm","elems":4194304,"broadcast":false,"dims":[32,2048,64],"logical":[2048,2048],"loop_factor":1}],"reduction_cores":1,"loop_trip":1,"tiles_output_dim":false,"tile_rows_per_core":0.0,"is_matmul":true,"matmul_macs":17179869184,"matmul_rows_per_core":512.0,"matmul_cols_per_core":512.0,"matmul_a_bytes":16777216,"matmul_b_bytes":8388608,"matmul_m_split":8,"matmul_n_split":4,"hbm_pattern":""}]
TIMING op=matmul_k_tiling reps=7/7 prof_wall_s=0.26 per_rep_s=0.038
SUMMARY op=matmul_k_tiling rows=4096 cols=2048 cores=32 tiles=1 lx=1 io_hbm_bytes=41943040 kernel_us=844.887 pred_us=781.224 err_pct=-7.5 bw_gbps=49.6 memset_us=282.151 other_dev_us=948.719 total_dev_us=2075.757 kernel_us_min=838.114 kernel_us_median=844.887 kernel_us_mean=844.255 kernel_us_std=4.612 kernel_us_cv=0.55 reps=7
TIMING_RUN matmul_k_tiling 4096/2048/2048 t1 28s
-- matmul_k_tiling M=4096 K=2048 N=2048 tiles=2
IO -- device-layout I/O (cost model, stick-padded) --
IO   op Pointwise
IO     output coarse_tile_fill_buf0  torch [4096, 2048] -> device [4096, 2048] in HBM = 8388608 elems x 2B = 16777216 B  (hbm counted: 16777216 B)
IO     input  buf2                   device [1, 64] in HBM = 64 elems x 2B = 128 B  (hbm counted: 128 B) broadcast (loaded once)
IO   op mm [reduction]
IO     output op0                    torch [4096, 2048] -> device [32, 4096, 64] in HBM = 8388608 elems x 2B = 16777216 B  (hbm counted: 33554432 B) xL=2
IO     input  arg0_1                 torch [4096, 2048] -> device [32, 4096, 64] in HBM = 8388608 elems x 2B = 16777216 B  (hbm counted: 16777216 B)
IO     input  arg1_1                 torch [2048, 2048] -> device [32, 2048, 64] in HBM = 4194304 elems x 2B = 8388608 B  (hbm counted: 8388608 B)
IO   op Pointwise
IO     output coarse_tile_combine_buf0 torch [4096, 2048] -> device [4096, 2048] in HBM = 8388608 elems x 2B = 16777216 B  (hbm counted: 33554432 B) xL=2
IO     input  buf0                   torch [4096, 2048] -> device [32, 4096, 64] in HBM = 8388608 elems x 2B = 16777216 B  (hbm counted: 33554432 B) xL=2
IO     input  buf1                   torch [4096, 2048] -> device [32, 4096, 64] in HBM = 8388608 elems x 2B = 16777216 B  (hbm counted: 33554432 B) xL=2
IO   => HBM I/O total = 176160896 B  (lx 0 B, ~free)
MODEL -- estimate (turnaround): T = compute + (R+W)/BW_PEAK + a*min(R,W) --
MODEL   R=92274816 B (read)   W=83886080 B (write)   loop_trip L=2
MODEL   compute = MACs/cores/(mac_peak*pt_eff) = 8589934592/32/(1140*1.000) = 235.47 us  (M/m=512, pt_eff=1.000)
MODEL   base = R/150+W/150 = 1174.41 us
MODEL   turn = a*min(R,W) = 0.00574*83886080 = 481.51 us
MODEL   => T_model = 1858.56 us
MODEL FEATS [{"name":"Pointwise","is_reduction":false,"out_elems":8388608,"cores":32,"dtype_bytes":2,"args":[{"name":"coarse_tile_fill_buf0","role":"output","mem":"hbm","elems":8388608,"broadcast":false,"dims":[4096,2048],"logical":[4096,2048],"loop_factor":1},{"name":"buf2","role":"input","mem":"hbm","elems":64,"broadcast":true,"dims":[1,64],"logical":[],"loop_factor":1}],"reduction_cores":1,"loop_trip":1,"tiles_output_dim":false,"tile_rows_per_core":0.0,"is_matmul":false,"matmul_macs":0,"matmul_rows_per_core":0.0,"matmul_cols_per_core":0.0,"matmul_a_bytes":0,"matmul_b_bytes":0,"matmul_m_split":1,"matmul_n_split":1,"hbm_pattern":""},{"name":"mm","is_reduction":true,"out_elems":8388608,"cores":32,"dtype_bytes":2,"args":[{"name":"op0","role":"output","mem":"hbm","elems":8388608,"broadcast":false,"dims":[32,4096,64],"logical":[4096,2048],"loop_factor":2},{"name":"arg0_1","role":"input","mem":"hbm","elems":8388608,"broadcast":false,"dims":[32,4096,64],"logical":[4096,2048],"loop_factor":1},{"name":"arg1_1","role":"input","mem":"hbm","elems":4194304,"broadcast":false,"dims":[32,2048,64],"logical":[2048,2048],"loop_factor":1}],"reduction_cores":1,"loop_trip":2,"tiles_output_dim":false,"tile_rows_per_core":0.0,"is_matmul":true,"matmul_macs":8589934592,"matmul_rows_per_core":512.0,"matmul_cols_per_core":512.0,"matmul_a_bytes":8388608,"matmul_b_bytes":4194304,"matmul_m_split":8,"matmul_n_split":4,"hbm_pattern":""},{"name":"Pointwise","is_reduction":false,"out_elems":8388608,"cores":32,"dtype_bytes":2,"args":[{"name":"coarse_tile_combine_buf0","role":"output","mem":"hbm","elems":8388608,"broadcast":false,"dims":[4096,2048],"logical":[4096,2048],"loop_factor":2},{"name":"buf0","role":"input","mem":"hbm","elems":8388608,"broadcast":false,"dims":[32,4096,64],"logical":[4096,2048],"loop_factor":2},{"name":"buf1","role":"input","mem":"hbm","elems":8388608,"broadcast":false,"dims":[32,4096,64],"logical":[4096,2048],"loop_factor":2}],"reduction_cores":1,"loop_trip":2,"tiles_output_dim":false,"tile_rows_per_core":0.0,"is_matmul":false,"matmul_macs":0,"matmul_rows_per_core":0.0,"matmul_cols_per_core":0.0,"matmul_a_bytes":0,"matmul_b_bytes":0,"matmul_m_split":1,"matmul_n_split":1,"hbm_pattern":""}]
TIMING op=matmul_k_tiling reps=7/7 prof_wall_s=30.95 per_rep_s=4.421
SUMMARY op=matmul_k_tiling rows=4096 cols=2048 cores=32 tiles=2 lx=1 io_hbm_bytes=176160896 kernel_us=2131.242 pred_us=1858.563 err_pct=-12.8 bw_gbps=82.7 memset_us=394.270 other_dev_us=928.779 total_dev_us=3454.291 kernel_us_min=2123.021 kernel_us_median=2131.242 kernel_us_mean=2133.055 kernel_us_std=5.969 kernel_us_cv=0.28 reps=7
TIMING_RUN matmul_k_tiling 4096/2048/2048 t2 69s
-- matmul_k_tiling M=4096 K=2048 N=2048 tiles=4
IO -- device-layout I/O (cost model, stick-padded) --
IO   op Pointwise
IO     output coarse_tile_fill_buf0  torch [4096, 2048] -> device [4096, 2048] in HBM = 8388608 elems x 2B = 16777216 B  (hbm counted: 16777216 B)
IO     input  buf2                   device [1, 64] in HBM = 64 elems x 2B = 128 B  (hbm counted: 128 B) broadcast (loaded once)
IO   op mm [reduction]
IO     output op0                    torch [4096, 2048] -> device [32, 4096, 64] in HBM = 8388608 elems x 2B = 16777216 B  (hbm counted: 67108864 B) xL=4
IO     input  arg0_1                 torch [4096, 2048] -> device [32, 4096, 64] in HBM = 8388608 elems x 2B = 16777216 B  (hbm counted: 16777216 B)
IO     input  arg1_1                 torch [2048, 2048] -> device [32, 2048, 64] in HBM = 4194304 elems x 2B = 8388608 B  (hbm counted: 8388608 B)
IO   op Pointwise
IO     output coarse_tile_combine_buf0 torch [4096, 2048] -> device [4096, 2048] in HBM = 8388608 elems x 2B = 16777216 B  (hbm counted: 67108864 B) xL=4
IO     input  buf0                   torch [4096, 2048] -> device [32, 4096, 64] in HBM = 8388608 elems x 2B = 16777216 B  (hbm counted: 67108864 B) xL=4
IO     input  buf1                   torch [4096, 2048] -> device [32, 4096, 64] in HBM = 8388608 elems x 2B = 16777216 B  (hbm counted: 67108864 B) xL=4
IO   => HBM I/O total = 310378624 B  (lx 0 B, ~free)
MODEL -- estimate (turnaround): T = compute + (R+W)/BW_PEAK + a*min(R,W) --
MODEL   R=159383680 B (read)   W=150994944 B (write)   loop_trip L=4
MODEL   compute = MACs/cores/(mac_peak*pt_eff) = 4294967296/32/(1140*1.000) = 117.73 us  (M/m=512, pt_eff=1.000)
MODEL   base = R/150+W/150 = 2069.19 us
MODEL   turn = a*min(R,W) = 0.00574*150994944 = 866.71 us
MODEL   => T_model = 3037.23 us
MODEL FEATS [{"name":"Pointwise","is_reduction":false,"out_elems":8388608,"cores":32,"dtype_bytes":2,"args":[{"name":"coarse_tile_fill_buf0","role":"output","mem":"hbm","elems":8388608,"broadcast":false,"dims":[4096,2048],"logical":[4096,2048],"loop_factor":1},{"name":"buf2","role":"input","mem":"hbm","elems":64,"broadcast":true,"dims":[1,64],"logical":[],"loop_factor":1}],"reduction_cores":1,"loop_trip":1,"tiles_output_dim":false,"tile_rows_per_core":0.0,"is_matmul":false,"matmul_macs":0,"matmul_rows_per_core":0.0,"matmul_cols_per_core":0.0,"matmul_a_bytes":0,"matmul_b_bytes":0,"matmul_m_split":1,"matmul_n_split":1,"hbm_pattern":""},{"name":"mm","is_reduction":true,"out_elems":8388608,"cores":32,"dtype_bytes":2,"args":[{"name":"op0","role":"output","mem":"hbm","elems":8388608,"broadcast":false,"dims":[32,4096,64],"logical":[4096,2048],"loop_factor":4},{"name":"arg0_1","role":"input","mem":"hbm","elems":8388608,"broadcast":false,"dims":[32,4096,64],"logical":[4096,2048],"loop_factor":1},{"name":"arg1_1","role":"input","mem":"hbm","elems":4194304,"broadcast":false,"dims":[32,2048,64],"logical":[2048,2048],"loop_factor":1}],"reduction_cores":1,"loop_trip":4,"tiles_output_dim":false,"tile_rows_per_core":0.0,"is_matmul":true,"matmul_macs":4294967296,"matmul_rows_per_core":512.0,"matmul_cols_per_core":512.0,"matmul_a_bytes":4194304,"matmul_b_bytes":2097152,"matmul_m_split":8,"matmul_n_split":4,"hbm_pattern":""},{"name":"Pointwise","is_reduction":false,"out_elems":8388608,"cores":32,"dtype_bytes":2,"args":[{"name":"coarse_tile_combine_buf0","role":"output","mem":"hbm","elems":8388608,"broadcast":false,"dims":[4096,2048],"logical":[4096,2048],"loop_factor":4},{"name":"buf0","role":"input","mem":"hbm","elems":8388608,"broadcast":false,"dims":[32,4096,64],"logical":[4096,2048],"loop_factor":4},{"name":"buf1","role":"input","mem":"hbm","elems":8388608,"broadcast":false,"dims":[32,4096,64],"logical":[4096,2048],"loop_factor":4}],"reduction_cores":1,"loop_trip":4,"tiles_output_dim":false,"tile_rows_per_core":0.0,"is_matmul":false,"matmul_macs":0,"matmul_rows_per_core":0.0,"matmul_cols_per_core":0.0,"matmul_a_bytes":0,"matmul_b_bytes":0,"matmul_m_split":1,"matmul_n_split":1,"hbm_pattern":""}]
TIMING op=matmul_k_tiling reps=7/7 prof_wall_s=53.06 per_rep_s=7.580
SUMMARY op=matmul_k_tiling rows=4096 cols=2048 cores=32 tiles=4 lx=1 io_hbm_bytes=310378624 kernel_us=3502.542 pred_us=3037.227 err_pct=-13.3 bw_gbps=88.6 memset_us=368.606 other_dev_us=1007.077 total_dev_us=4878.225 kernel_us_min=3488.166 kernel_us_median=3502.542 kernel_us_mean=3503.224 kernel_us_std=10.418 kernel_us_cv=0.30 reps=7
TIMING_RUN matmul_k_tiling 4096/2048/2048 t4 117s
-- matmul_k_tiling M=4096 K=2048 N=2048 tiles=8
IO -- device-layout I/O (cost model, stick-padded) --
IO   op Pointwise
IO     output coarse_tile_fill_buf0  torch [4096, 2048] -> device [4096, 2048] in HBM = 8388608 elems x 2B = 16777216 B  (hbm counted: 16777216 B)
IO     input  buf2                   device [1, 64] in HBM = 64 elems x 2B = 128 B  (hbm counted: 128 B) broadcast (loaded once)
IO   op mm [reduction]
IO     output op0                    torch [4096, 2048] -> device [32, 4096, 64] in HBM = 8388608 elems x 2B = 16777216 B  (hbm counted: 134217728 B) xL=8
IO     input  arg0_1                 torch [4096, 2048] -> device [32, 4096, 64] in HBM = 8388608 elems x 2B = 16777216 B  (hbm counted: 16777216 B)
IO     input  arg1_1                 torch [2048, 2048] -> device [32, 2048, 64] in HBM = 4194304 elems x 2B = 8388608 B  (hbm counted: 8388608 B)
IO   op Pointwise
IO     output coarse_tile_combine_buf0 torch [4096, 2048] -> device [4096, 2048] in HBM = 8388608 elems x 2B = 16777216 B  (hbm counted: 134217728 B) xL=8
IO     input  buf0                   torch [4096, 2048] -> device [32, 4096, 64] in HBM = 8388608 elems x 2B = 16777216 B  (hbm counted: 134217728 B) xL=8
IO     input  buf1                   torch [4096, 2048] -> device [32, 4096, 64] in HBM = 8388608 elems x 2B = 16777216 B  (hbm counted: 134217728 B) xL=8
IO   => HBM I/O total = 578814080 B  (lx 0 B, ~free)
MODEL -- estimate (turnaround): T = compute + (R+W)/BW_PEAK + a*min(R,W) --
MODEL   R=293601408 B (read)   W=285212672 B (write)   loop_trip L=8
MODEL   compute = MACs/cores/(mac_peak*pt_eff) = 2147483648/32/(1140*1.000) = 58.87 us  (M/m=512, pt_eff=1.000)
MODEL   base = R/150+W/150 = 3858.76 us
MODEL   turn = a*min(R,W) = 0.00574*285212672 = 1637.12 us
MODEL   => T_model = 5546.54 us
MODEL FEATS [{"name":"Pointwise","is_reduction":false,"out_elems":8388608,"cores":32,"dtype_bytes":2,"args":[{"name":"coarse_tile_fill_buf0","role":"output","mem":"hbm","elems":8388608,"broadcast":false,"dims":[4096,2048],"logical":[4096,2048],"loop_factor":1},{"name":"buf2","role":"input","mem":"hbm","elems":64,"broadcast":true,"dims":[1,64],"logical":[],"loop_factor":1}],"reduction_cores":1,"loop_trip":1,"tiles_output_dim":false,"tile_rows_per_core":0.0,"is_matmul":false,"matmul_macs":0,"matmul_rows_per_core":0.0,"matmul_cols_per_core":0.0,"matmul_a_bytes":0,"matmul_b_bytes":0,"matmul_m_split":1,"matmul_n_split":1,"hbm_pattern":""},{"name":"mm","is_reduction":true,"out_elems":8388608,"cores":32,"dtype_bytes":2,"args":[{"name":"op0","role":"output","mem":"hbm","elems":8388608,"broadcast":false,"dims":[32,4096,64],"logical":[4096,2048],"loop_factor":8},{"name":"arg0_1","role":"input","mem":"hbm","elems":8388608,"broadcast":false,"dims":[32,4096,64],"logical":[4096,2048],"loop_factor":1},{"name":"arg1_1","role":"input","mem":"hbm","elems":4194304,"broadcast":false,"dims":[32,2048,64],"logical":[2048,2048],"loop_factor":1}],"reduction_cores":1,"loop_trip":8,"tiles_output_dim":false,"tile_rows_per_core":0.0,"is_matmul":true,"matmul_macs":2147483648,"matmul_rows_per_core":512.0,"matmul_cols_per_core":512.0,"matmul_a_bytes":2097152,"matmul_b_bytes":1048576,"matmul_m_split":8,"matmul_n_split":4,"hbm_pattern":""},{"name":"Pointwise","is_reduction":false,"out_elems":8388608,"cores":32,"dtype_bytes":2,"args":[{"name":"coarse_tile_combine_buf0","role":"output","mem":"hbm","elems":8388608,"broadcast":false,"dims":[4096,2048],"logical":[4096,2048],"loop_factor":8},{"name":"buf0","role":"input","mem":"hbm","elems":8388608,"broadcast":false,"dims":[32,4096,64],"logical":[4096,2048],"loop_factor":8},{"name":"buf1","role":"input","mem":"hbm","elems":8388608,"broadcast":false,"dims":[32,4096,64],"logical":[4096,2048],"loop_factor":8}],"reduction_cores":1,"loop_trip":8,"tiles_output_dim":false,"tile_rows_per_core":0.0,"is_matmul":false,"matmul_macs":0,"matmul_rows_per_core":0.0,"matmul_cols_per_core":0.0,"matmul_a_bytes":0,"matmul_b_bytes":0,"matmul_m_split":1,"matmul_n_split":1,"hbm_pattern":""}]
TIMING op=matmul_k_tiling reps=7/7 prof_wall_s=94.87 per_rep_s=13.553
SUMMARY op=matmul_k_tiling rows=4096 cols=2048 cores=32 tiles=8 lx=1 io_hbm_bytes=578814080 kernel_us=5919.141 pred_us=5546.544 err_pct=-6.3 bw_gbps=97.8 memset_us=431.206 other_dev_us=951.512 total_dev_us=7301.859 kernel_us_min=5907.226 kernel_us_median=5919.141 kernel_us_mean=5927.775 kernel_us_std=21.128 kernel_us_cv=0.36 reps=7
TIMING_RUN matmul_k_tiling 4096/2048/2048 t8 190s
## (5) IR dumps (loop_count / CoarseTileInfo / op_it_space_splits per tiles)
-- matmul_row_tiling M=2048 K=2048 N=2048 tiles=1
  op_it_space_splits={d0: 8, d1: 4, d2: 1}
IO -- device-layout I/O (cost model, stick-padded) --
IO   op mm [reduction]
IO     output op0                    torch [2048, 2048] -> device [32, 2048, 64] in HBM = 4194304 elems x 2B = 8388608 B  (hbm counted: 8388608 B)
IO     input  arg0_1                 torch [2048, 2048] -> device [32, 2048, 64] in HBM = 4194304 elems x 2B = 8388608 B  (hbm counted: 8388608 B)
IO     input  arg1_1                 torch [2048, 2048] -> device [32, 2048, 64] in HBM = 4194304 elems x 2B = 8388608 B  (hbm counted: 8388608 B)
IO   => HBM I/O total = 25165824 B  (lx 0 B, ~free)
MODEL -- estimate (turnaround): T = compute + (R+W)/BW_PEAK + a*min(R,W) --
MODEL   R=16777216 B (read)   W=8388608 B (write)   loop_trip L=1
MODEL   compute = MACs/cores/(mac_peak*pt_eff) = 8589934592/32/(1140*1.000) = 235.47 us  (M/m=256, pt_eff=1.000)
MODEL   base = R/150+W/150 = 167.77 us
MODEL   turn = a*min(R,W) = 0.00574*8388608 = 48.15 us
MODEL   => T_model = 393.41 us
MODEL FEATS [{"name":"mm","is_reduction":true,"out_elems":4194304,"cores":32,"dtype_bytes":2,"args":[{"name":"op0","role":"output","mem":"hbm","elems":4194304,"broadcast":false,"dims":[32,2048,64],"logical":[2048,2048],"loop_factor":1},{"name":"arg0_1","role":"input","mem":"hbm","elems":4194304,"broadcast":false,"dims":[32,2048,64],"logical":[2048,2048],"loop_factor":1},{"name":"arg1_1","role":"input","mem":"hbm","elems":4194304,"broadcast":false,"dims":[32,2048,64],"logical":[2048,2048],"loop_factor":1}],"reduction_cores":1,"loop_trip":1,"tiles_output_dim":false,"tile_rows_per_core":0.0,"is_matmul":true,"matmul_macs":8589934592,"matmul_rows_per_core":256.0,"matmul_cols_per_core":512.0,"matmul_a_bytes":8388608,"matmul_b_bytes":8388608,"matmul_m_split":8,"matmul_n_split":4,"hbm_pattern":""}]
TIMING op=matmul_row_tiling reps=7/7 prof_wall_s=0.18 per_rep_s=0.026
SUMMARY op=matmul_row_tiling rows=2048 cols=2048 cores=32 tiles=1 lx=1 io_hbm_bytes=25165824 kernel_us=387.890 pred_us=393.408 err_pct=+1.4 bw_gbps=64.9 memset_us=243.189 other_dev_us=249.979 total_dev_us=881.058 kernel_us_min=384.423 kernel_us_median=387.890 kernel_us_mean=387.770 kernel_us_std=2.338 kernel_us_cv=0.60 reps=7
TIMING_RUN matmul_row_tiling 2048/2048/2048 t1 28s
-- matmul_row_tiling M=2048 K=2048 N=2048 tiles=4
  op_it_space_splits={d0: 8, d1: 4, d2: 1}
  loop_info=CoarseTileInfo(loop_group_id=(0,), loop_count=[4], loop_tiled_dims=[[0]], loop_tiled_reduction_dims=[[]])
  op_it_space_splits={d0: 8, d1: 4, d2: 1}
  loop_info=CoarseTileInfo(loop_group_id=(0,), loop_count=[4], loop_tiled_dims=[[0]], loop_tiled_reduction_dims=[[]])
  op_it_space_splits={d0: 8, d1: 4, d2: 1}
  loop_info=CoarseTileInfo(loop_group_id=(0,), loop_count=[4], loop_tiled_dims=[[0]], loop_tiled_reduction_dims=[[]])
  op_it_space_splits={d0: 8, d1: 4, d2: 1}
  loop_info=CoarseTileInfo(loop_group_id=(0,), loop_count=[4], loop_tiled_dims=[[0]], loop_tiled_reduction_dims=[[]])
  op_it_space_splits={d0: 8, d1: 4, d2: 1}
  loop_info=CoarseTileInfo(loop_group_id=(0,), loop_count=[4], loop_tiled_dims=[[0]], loop_tiled_reduction_dims=[[]])
  op_it_space_splits={d0: 8, d1: 4, d2: 1}
  loop_info=CoarseTileInfo(loop_group_id=(0,), loop_count=[4], loop_tiled_dims=[[0]], loop_tiled_reduction_dims=[[]])
  op_it_space_splits={d0: 8, d1: 4, d2: 1}
  loop_info=CoarseTileInfo(loop_group_id=(0,), loop_count=[4], loop_tiled_dims=[[0]], loop_tiled_reduction_dims=[[]])
  op_it_space_splits={d0: 8, d1: 4, d2: 1}
  loop_info=CoarseTileInfo(loop_group_id=(0,), loop_count=[4], loop_tiled_dims=[[0]], loop_tiled_reduction_dims=[[]])
  op_it_space_splits={d0: 8, d1: 4, d2: 1}
  loop_info=CoarseTileInfo(loop_group_id=(0,), loop_count=[4], loop_tiled_dims=[[0]], loop_tiled_reduction_dims=[[]])
  op_it_space_splits={d0: 8, d1: 4, d2: 1}
  loop_info=CoarseTileInfo(loop_group_id=(0,), loop_count=[4], loop_tiled_dims=[[0]], loop_tiled_reduction_dims=[[]])
  op_it_space_splits={d0: 8, d1: 4, d2: 1}
  loop_info=CoarseTileInfo(loop_group_id=(0,), loop_count=[4], loop_tiled_dims=[[0]], loop_tiled_reduction_dims=[[]])
  op_it_space_splits={d0: 8, d1: 4, d2: 1}
  loop_info=CoarseTileInfo(loop_group_id=(0,), loop_count=[4], loop_tiled_dims=[[0]], loop_tiled_reduction_dims=[[]])
IO -- device-layout I/O (cost model, stick-padded) --
IO   op mm [reduction]
IO     output op0                    torch [2048, 2048] -> device [2048, 2048] in HBM = 4194304 elems x 2B = 8388608 B  (hbm counted: 8388608 B)
IO     input  arg0_1                 torch [2048, 2048] -> device [32, 2048, 64] in HBM = 4194304 elems x 2B = 8388608 B  (hbm counted: 8388608 B)
IO     input  arg1_1                 torch [2048, 2048] -> device [32, 2048, 64] in HBM = 4194304 elems x 2B = 8388608 B  (hbm counted: 8388608 B)
IO   => HBM I/O total = 25165824 B  (lx 0 B, ~free)
MODEL -- estimate (turnaround): T = compute + [(R+W)/BW_PEAK + a*min(R,W)] / eff_underfill --
MODEL   R=16777216 B (read)   W=8388608 B (write)   loop_trip L=4
MODEL   compute = MACs/cores/(mac_peak*pt_eff) = 8589934592/32/(1140*1.000) = 235.47 us  (M/m=64, pt_eff=1.000)
MODEL   base = R/150+W/150 = 167.77 us
MODEL   turn = a*min(R,W) = 0.00574*8388608 = 48.15 us
MODEL   eff_underfill = min(0.95,(64.0/13)**0.68) = 0.950 -> (base+turn)/eff = 227.29 us
MODEL   => T_model = 358.20 us
MODEL FEATS [{"name":"mm","is_reduction":true,"out_elems":4194304,"cores":32,"dtype_bytes":2,"args":[{"name":"op0","role":"output","mem":"hbm","elems":4194304,"broadcast":false,"dims":[2048,2048],"logical":[2048,2048],"loop_factor":1},{"name":"arg0_1","role":"input","mem":"hbm","elems":4194304,"broadcast":false,"dims":[32,2048,64],"logical":[2048,2048],"loop_factor":1},{"name":"arg1_1","role":"input","mem":"hbm","elems":4194304,"broadcast":false,"dims":[32,2048,64],"logical":[2048,2048],"loop_factor":1}],"reduction_cores":1,"loop_trip":4,"tiles_output_dim":true,"tile_rows_per_core":64,"is_matmul":true,"matmul_macs":8589934592,"matmul_rows_per_core":64.0,"matmul_cols_per_core":512.0,"matmul_a_bytes":2097152,"matmul_b_bytes":8388608,"matmul_m_split":8,"matmul_n_split":4,"hbm_pattern":""}]
TIMING op=matmul_row_tiling reps=7/7 prof_wall_s=38.95 per_rep_s=5.564
SUMMARY op=matmul_row_tiling rows=2048 cols=2048 cores=32 tiles=4 lx=1 io_hbm_bytes=25165824 kernel_us=436.942 pred_us=358.205 err_pct=-18.0 bw_gbps=57.6 memset_us=221.122 other_dev_us=464.646 total_dev_us=1122.710 kernel_us_min=434.986 kernel_us_median=436.942 kernel_us_mean=437.695 kernel_us_std=2.402 kernel_us_cv=0.55 reps=7
TIMING_RUN matmul_row_tiling 2048/2048/2048 t4 82s
-- matmul_row_tiling M=2048 K=2048 N=2048 tiles=8
  op_it_space_splits={d0: 8, d1: 4, d2: 1}
  loop_info=CoarseTileInfo(loop_group_id=(0,), loop_count=[8], loop_tiled_dims=[[0]], loop_tiled_reduction_dims=[[]])
  op_it_space_splits={d0: 8, d1: 4, d2: 1}
  loop_info=CoarseTileInfo(loop_group_id=(0,), loop_count=[8], loop_tiled_dims=[[0]], loop_tiled_reduction_dims=[[]])
  op_it_space_splits={d0: 8, d1: 4, d2: 1}
  loop_info=CoarseTileInfo(loop_group_id=(0,), loop_count=[8], loop_tiled_dims=[[0]], loop_tiled_reduction_dims=[[]])
  op_it_space_splits={d0: 8, d1: 4, d2: 1}
  loop_info=CoarseTileInfo(loop_group_id=(0,), loop_count=[8], loop_tiled_dims=[[0]], loop_tiled_reduction_dims=[[]])
  op_it_space_splits={d0: 8, d1: 4, d2: 1}
  loop_info=CoarseTileInfo(loop_group_id=(0,), loop_count=[8], loop_tiled_dims=[[0]], loop_tiled_reduction_dims=[[]])
  op_it_space_splits={d0: 8, d1: 4, d2: 1}
  loop_info=CoarseTileInfo(loop_group_id=(0,), loop_count=[8], loop_tiled_dims=[[0]], loop_tiled_reduction_dims=[[]])
  op_it_space_splits={d0: 8, d1: 4, d2: 1}
  loop_info=CoarseTileInfo(loop_group_id=(0,), loop_count=[8], loop_tiled_dims=[[0]], loop_tiled_reduction_dims=[[]])
  op_it_space_splits={d0: 8, d1: 4, d2: 1}
  loop_info=CoarseTileInfo(loop_group_id=(0,), loop_count=[8], loop_tiled_dims=[[0]], loop_tiled_reduction_dims=[[]])
  op_it_space_splits={d0: 8, d1: 4, d2: 1}
  loop_info=CoarseTileInfo(loop_group_id=(0,), loop_count=[8], loop_tiled_dims=[[0]], loop_tiled_reduction_dims=[[]])
  op_it_space_splits={d0: 8, d1: 4, d2: 1}
  loop_info=CoarseTileInfo(loop_group_id=(0,), loop_count=[8], loop_tiled_dims=[[0]], loop_tiled_reduction_dims=[[]])
  op_it_space_splits={d0: 8, d1: 4, d2: 1}
  loop_info=CoarseTileInfo(loop_group_id=(0,), loop_count=[8], loop_tiled_dims=[[0]], loop_tiled_reduction_dims=[[]])
  op_it_space_splits={d0: 8, d1: 4, d2: 1}
  loop_info=CoarseTileInfo(loop_group_id=(0,), loop_count=[8], loop_tiled_dims=[[0]], loop_tiled_reduction_dims=[[]])
IO -- device-layout I/O (cost model, stick-padded) --
IO   op mm [reduction]
IO     output op0                    torch [2048, 2048] -> device [2048, 2048] in HBM = 4194304 elems x 2B = 8388608 B  (hbm counted: 8388608 B)
IO     input  arg0_1                 torch [2048, 2048] -> device [32, 2048, 64] in HBM = 4194304 elems x 2B = 8388608 B  (hbm counted: 8388608 B)
IO     input  arg1_1                 torch [2048, 2048] -> device [32, 2048, 64] in HBM = 4194304 elems x 2B = 8388608 B  (hbm counted: 8388608 B)
IO   => HBM I/O total = 25165824 B  (lx 0 B, ~free)
MODEL -- estimate (turnaround): T = compute + [(R+W)/BW_PEAK + a*min(R,W)] / eff_underfill --
MODEL   R=16777216 B (read)   W=8388608 B (write)   loop_trip L=8
MODEL   compute = MACs/cores/(mac_peak*pt_eff) = 8589934592/32/(1140*0.785) = 300.12 us  (M/m=32, pt_eff=0.785)
MODEL   base = R/150+W/150 = 167.77 us
MODEL   turn = a*min(R,W) = 0.00574*8388608 = 48.15 us
MODEL   eff_underfill = min(0.95,(32.0/13)**0.68) = 0.950 -> (base+turn)/eff = 227.29 us
MODEL   => T_model = 358.20 us
MODEL FEATS [{"name":"mm","is_reduction":true,"out_elems":4194304,"cores":32,"dtype_bytes":2,"args":[{"name":"op0","role":"output","mem":"hbm","elems":4194304,"broadcast":false,"dims":[2048,2048],"logical":[2048,2048],"loop_factor":1},{"name":"arg0_1","role":"input","mem":"hbm","elems":4194304,"broadcast":false,"dims":[32,2048,64],"logical":[2048,2048],"loop_factor":1},{"name":"arg1_1","role":"input","mem":"hbm","elems":4194304,"broadcast":false,"dims":[32,2048,64],"logical":[2048,2048],"loop_factor":1}],"reduction_cores":1,"loop_trip":8,"tiles_output_dim":true,"tile_rows_per_core":32,"is_matmul":true,"matmul_macs":8589934592,"matmul_rows_per_core":32.0,"matmul_cols_per_core":512.0,"matmul_a_bytes":1048576,"matmul_b_bytes":8388608,"matmul_m_split":8,"matmul_n_split":4,"hbm_pattern":""}]
TIMING op=matmul_row_tiling reps=7/7 prof_wall_s=71.70 per_rep_s=10.243
SUMMARY op=matmul_row_tiling rows=2048 cols=2048 cores=32 tiles=8 lx=1 io_hbm_bytes=25165824 kernel_us=657.347 pred_us=358.205 err_pct=-45.5 bw_gbps=38.3 memset_us=255.948 other_dev_us=434.393 total_dev_us=1347.688 kernel_us_min=654.365 kernel_us_median=657.347 kernel_us_mean=657.512 kernel_us_std=1.827 kernel_us_cv=0.28 reps=7
TIMING_RUN matmul_row_tiling 2048/2048/2048 t8 149s
==== COARSE-MM-TILE DONE in 6485s (Wed Jul 29 12:12:41 UTC 2026) -- fold, recompute err vs CURRENT model; locate the U min per shape; test tile_rpc-only vs tiles/shape (section 2); ONLY ship a coarse-matmul term if ONE form fits BOTH legs across shapes AND leaves tiles=1 within cv noise, else keep DEFER ====
