==== new-experiments sweep Wed Jul 22 20:02:31 UTC 2026 ====
git: d59700f  sections: ARITY ARITYX
## ARITY fused-vs-sep depth curve (add3..6 vs add3..6_sep), x3 reps, 3 shapes
-- add [2048,1024] lx=0
  op_it_space_splits={d0: 32, d1: 1}
IO -- device-layout I/O (cost model, stick-padded) --
IO   op add
IO     output op0                    torch [2048, 1024] -> device [16, 2048, 64] in HBM = 2097152 elems x 2B = 4194304 B  (hbm counted: 4194304 B)
IO     input  arg0_1                 torch [2048, 1024] -> device [16, 2048, 64] in HBM = 2097152 elems x 2B = 4194304 B  (hbm counted: 4194304 B)
IO     input  arg1_1                 torch [2048, 1024] -> device [16, 2048, 64] in HBM = 2097152 elems x 2B = 4194304 B  (hbm counted: 4194304 B)
IO   => HBM I/O total = 12582912 B  (lx 0 B, ~free)
MODEL -- estimate (turnaround): T = (R+W)/BW_PEAK + a*min(R,W) --
MODEL   R=8388608 B (read)   W=4194304 B (write)   loop_trip L=1
MODEL   base = (R+W)/150 = 83.89 us
MODEL   turn = a*min(R,W) = 0.00574*4194304 = 24.08 us
MODEL   => T_model = 107.96 us
MODEL FEATS [{"name":"add","is_reduction":false,"out_elems":2097152,"cores":32,"dtype_bytes":2,"args":[{"name":"op0","role":"output","mem":"hbm","elems":2097152,"broadcast":false,"dims":[16,2048,64],"logical":[2048,1024],"loop_factor":1},{"name":"arg0_1","role":"input","mem":"hbm","elems":2097152,"broadcast":false,"dims":[16,2048,64],"logical":[2048,1024],"loop_factor":1},{"name":"arg1_1","role":"input","mem":"hbm","elems":2097152,"broadcast":false,"dims":[16,2048,64],"logical":[2048,1024],"loop_factor":1}],"reduction_cores":1,"loop_trip":1,"tiles_output_dim":false,"tile_rows_per_core":0.0,"is_matmul":false,"matmul_macs":0,"matmul_rows_per_core":0.0,"matmul_cols_per_core":0.0,"matmul_a_bytes":0,"matmul_b_bytes":0,"matmul_m_split":1,"matmul_n_split":1,"hbm_pattern":""}]
SUMMARY op=add rows=2048 cols=1024 cores=32 tiles=0 lx=0 io_hbm_bytes=12582912 kernel_us=110.975 pred_us=107.961 err_pct=-2.7 bw_gbps=113.4 memset_us=69.919 other_dev_us=432.807 total_dev_us=613.701
-- add3 [2048,1024] lx=0
  op_it_space_splits={d0: 32, d1: 1}
  op_it_space_splits={d0: 32, d1: 1}
IO -- device-layout I/O (cost model, stick-padded) --
IO   op add
IO     output op0                    torch [2048, 1024] -> device [16, 2048, 64] in HBM = 2097152 elems x 2B = 4194304 B  (hbm counted: 4194304 B)
IO     input  arg0_1                 torch [2048, 1024] -> device [16, 2048, 64] in HBM = 2097152 elems x 2B = 4194304 B  (hbm counted: 4194304 B)
IO     input  arg1_1                 torch [2048, 1024] -> device [16, 2048, 64] in HBM = 2097152 elems x 2B = 4194304 B  (hbm counted: 4194304 B)
IO   op add_1
IO     output op1                    torch [2048, 1024] -> device [16, 2048, 64] in HBM = 2097152 elems x 2B = 4194304 B  (hbm counted: 4194304 B)
IO     input  buf0                   torch [2048, 1024] -> device [16, 2048, 64] in HBM = 2097152 elems x 2B = 4194304 B  (hbm counted: 4194304 B)
IO     input  arg2_1                 torch [2048, 1024] -> device [16, 2048, 64] in HBM = 2097152 elems x 2B = 4194304 B  (hbm counted: 4194304 B)
IO   => HBM I/O total = 25165824 B  (lx 0 B, ~free)
MODEL -- estimate (turnaround): T = (R+W)/BW_PEAK + a*min(R,W) --
MODEL   R=16777216 B (read)   W=8388608 B (write)   loop_trip L=1
MODEL   base = (R+W)/150 = 167.77 us
MODEL   turn = a*min(R,W) = 0.00574*8388608 = 48.15 us
MODEL   => T_model = 232.12 us
MODEL FEATS [{"name":"add","is_reduction":false,"out_elems":2097152,"cores":32,"dtype_bytes":2,"args":[{"name":"op0","role":"output","mem":"hbm","elems":2097152,"broadcast":false,"dims":[16,2048,64],"logical":[2048,1024],"loop_factor":1},{"name":"arg0_1","role":"input","mem":"hbm","elems":2097152,"broadcast":false,"dims":[16,2048,64],"logical":[2048,1024],"loop_factor":1},{"name":"arg1_1","role":"input","mem":"hbm","elems":2097152,"broadcast":false,"dims":[16,2048,64],"logical":[2048,1024],"loop_factor":1}],"reduction_cores":1,"loop_trip":1,"tiles_output_dim":false,"tile_rows_per_core":0.0,"is_matmul":false,"matmul_macs":0,"matmul_rows_per_core":0.0,"matmul_cols_per_core":0.0,"matmul_a_bytes":0,"matmul_b_bytes":0,"matmul_m_split":1,"matmul_n_split":1,"hbm_pattern":""},{"name":"add_1","is_reduction":false,"out_elems":2097152,"cores":32,"dtype_bytes":2,"args":[{"name":"op1","role":"output","mem":"hbm","elems":2097152,"broadcast":false,"dims":[16,2048,64],"logical":[2048,1024],"loop_factor":1},{"name":"buf0","role":"input","mem":"hbm","elems":2097152,"broadcast":false,"dims":[16,2048,64],"logical":[2048,1024],"loop_factor":1},{"name":"arg2_1","role":"input","mem":"hbm","elems":2097152,"broadcast":false,"dims":[16,2048,64],"logical":[2048,1024],"loop_factor":1}],"reduction_cores":1,"loop_trip":1,"tiles_output_dim":false,"tile_rows_per_core":0.0,"is_matmul":false,"matmul_macs":0,"matmul_rows_per_core":0.0,"matmul_cols_per_core":0.0,"matmul_a_bytes":0,"matmul_b_bytes":0,"matmul_m_split":1,"matmul_n_split":1,"hbm_pattern":""}]
SUMMARY op=add3 rows=2048 cols=1024 cores=32 tiles=0 lx=0 io_hbm_bytes=25165824 kernel_us=230.506 pred_us=232.117 err_pct=+0.7 bw_gbps=109.2 memset_us=114.102 other_dev_us=380.425 total_dev_us=725.033
-- add4 [2048,1024] lx=0
  op_it_space_splits={d0: 32, d1: 1}
  op_it_space_splits={d0: 32, d1: 1}
  op_it_space_splits={d0: 32, d1: 1}
IO -- device-layout I/O (cost model, stick-padded) --
IO   op add
IO     output op0                    torch [2048, 1024] -> device [16, 2048, 64] in HBM = 2097152 elems x 2B = 4194304 B  (hbm counted: 4194304 B)
IO     input  arg0_1                 torch [2048, 1024] -> device [16, 2048, 64] in HBM = 2097152 elems x 2B = 4194304 B  (hbm counted: 4194304 B)
IO     input  arg1_1                 torch [2048, 1024] -> device [16, 2048, 64] in HBM = 2097152 elems x 2B = 4194304 B  (hbm counted: 4194304 B)
IO   op add_1
IO     output op1                    torch [2048, 1024] -> device [16, 2048, 64] in HBM = 2097152 elems x 2B = 4194304 B  (hbm counted: 4194304 B)
IO     input  buf0                   torch [2048, 1024] -> device [16, 2048, 64] in HBM = 2097152 elems x 2B = 4194304 B  (hbm counted: 4194304 B)
IO     input  arg2_1                 torch [2048, 1024] -> device [16, 2048, 64] in HBM = 2097152 elems x 2B = 4194304 B  (hbm counted: 4194304 B)
IO   op add_2
IO     output op2                    torch [2048, 1024] -> device [16, 2048, 64] in HBM = 2097152 elems x 2B = 4194304 B  (hbm counted: 4194304 B)
IO     input  buf1                   torch [2048, 1024] -> device [16, 2048, 64] in HBM = 2097152 elems x 2B = 4194304 B  (hbm counted: 4194304 B)
IO     input  arg3_1                 torch [2048, 1024] -> device [16, 2048, 64] in HBM = 2097152 elems x 2B = 4194304 B  (hbm counted: 4194304 B)
IO   => HBM I/O total = 37748736 B  (lx 0 B, ~free)
MODEL -- estimate (turnaround): T = (R+W)/BW_PEAK + a*min(R,W) --
MODEL   R=25165824 B (read)   W=12582912 B (write)   loop_trip L=1
MODEL   base = (R+W)/150 = 251.66 us
MODEL   turn = a*min(R,W) = 0.00574*12582912 = 72.23 us
MODEL   => T_model = 372.47 us
MODEL FEATS [{"name":"add","is_reduction":false,"out_elems":2097152,"cores":32,"dtype_bytes":2,"args":[{"name":"op0","role":"output","mem":"hbm","elems":2097152,"broadcast":false,"dims":[16,2048,64],"logical":[2048,1024],"loop_factor":1},{"name":"arg0_1","role":"input","mem":"hbm","elems":2097152,"broadcast":false,"dims":[16,2048,64],"logical":[2048,1024],"loop_factor":1},{"name":"arg1_1","role":"input","mem":"hbm","elems":2097152,"broadcast":false,"dims":[16,2048,64],"logical":[2048,1024],"loop_factor":1}],"reduction_cores":1,"loop_trip":1,"tiles_output_dim":false,"tile_rows_per_core":0.0,"is_matmul":false,"matmul_macs":0,"matmul_rows_per_core":0.0,"matmul_cols_per_core":0.0,"matmul_a_bytes":0,"matmul_b_bytes":0,"matmul_m_split":1,"matmul_n_split":1,"hbm_pattern":""},{"name":"add_1","is_reduction":false,"out_elems":2097152,"cores":32,"dtype_bytes":2,"args":[{"name":"op1","role":"output","mem":"hbm","elems":2097152,"broadcast":false,"dims":[16,2048,64],"logical":[2048,1024],"loop_factor":1},{"name":"buf0","role":"input","mem":"hbm","elems":2097152,"broadcast":false,"dims":[16,2048,64],"logical":[2048,1024],"loop_factor":1},{"name":"arg2_1","role":"input","mem":"hbm","elems":2097152,"broadcast":false,"dims":[16,2048,64],"logical":[2048,1024],"loop_factor":1}],"reduction_cores":1,"loop_trip":1,"tiles_output_dim":false,"tile_rows_per_core":0.0,"is_matmul":false,"matmul_macs":0,"matmul_rows_per_core":0.0,"matmul_cols_per_core":0.0,"matmul_a_bytes":0,"matmul_b_bytes":0,"matmul_m_split":1,"matmul_n_split":1,"hbm_pattern":""},{"name":"add_2","is_reduction":false,"out_elems":2097152,"cores":32,"dtype_bytes":2,"args":[{"name":"op2","role":"output","mem":"hbm","elems":2097152,"broadcast":false,"dims":[16,2048,64],"logical":[2048,1024],"loop_factor":1},{"name":"buf1","role":"input","mem":"hbm","elems":2097152,"broadcast":false,"dims":[16,2048,64],"logical":[2048,1024],"loop_factor":1},{"name":"arg3_1","role":"input","mem":"hbm","elems":2097152,"broadcast":false,"dims":[16,2048,64],"logical":[2048,1024],"loop_factor":1}],"reduction_cores":1,"loop_trip":1,"tiles_output_dim":false,"tile_rows_per_core":0.0,"is_matmul":false,"matmul_macs":0,"matmul_rows_per_core":0.0,"matmul_cols_per_core":0.0,"matmul_a_bytes":0,"matmul_b_bytes":0,"matmul_m_split":1,"matmul_n_split":1,"hbm_pattern":""}]
SUMMARY op=add4 rows=2048 cols=1024 cores=32 tiles=0 lx=0 io_hbm_bytes=37748736 kernel_us=374.860 pred_us=372.467 err_pct=-0.6 bw_gbps=100.7 memset_us=113.924 other_dev_us=325.847 total_dev_us=814.631
-- add5 [2048,1024] lx=0
  op_it_space_splits={d0: 32, d1: 1}
  op_it_space_splits={d0: 32, d1: 1}
  op_it_space_splits={d0: 32, d1: 1}
  op_it_space_splits={d0: 32, d1: 1}
IO -- device-layout I/O (cost model, stick-padded) --
IO   op add
IO     output op0                    torch [2048, 1024] -> device [16, 2048, 64] in HBM = 2097152 elems x 2B = 4194304 B  (hbm counted: 4194304 B)
IO     input  arg0_1                 torch [2048, 1024] -> device [16, 2048, 64] in HBM = 2097152 elems x 2B = 4194304 B  (hbm counted: 4194304 B)
IO     input  arg1_1                 torch [2048, 1024] -> device [16, 2048, 64] in HBM = 2097152 elems x 2B = 4194304 B  (hbm counted: 4194304 B)
IO   op add_1
IO     output op1                    torch [2048, 1024] -> device [16, 2048, 64] in HBM = 2097152 elems x 2B = 4194304 B  (hbm counted: 4194304 B)
IO     input  buf0                   torch [2048, 1024] -> device [16, 2048, 64] in HBM = 2097152 elems x 2B = 4194304 B  (hbm counted: 4194304 B)
IO     input  arg2_1                 torch [2048, 1024] -> device [16, 2048, 64] in HBM = 2097152 elems x 2B = 4194304 B  (hbm counted: 4194304 B)
IO   op add_2
IO     output op2                    torch [2048, 1024] -> device [16, 2048, 64] in HBM = 2097152 elems x 2B = 4194304 B  (hbm counted: 4194304 B)
IO     input  buf1                   torch [2048, 1024] -> device [16, 2048, 64] in HBM = 2097152 elems x 2B = 4194304 B  (hbm counted: 4194304 B)
IO     input  arg3_1                 torch [2048, 1024] -> device [16, 2048, 64] in HBM = 2097152 elems x 2B = 4194304 B  (hbm counted: 4194304 B)
IO   op add_3
IO     output op3                    torch [2048, 1024] -> device [16, 2048, 64] in HBM = 2097152 elems x 2B = 4194304 B  (hbm counted: 4194304 B)
IO     input  buf2                   torch [2048, 1024] -> device [16, 2048, 64] in HBM = 2097152 elems x 2B = 4194304 B  (hbm counted: 4194304 B)
IO     input  arg4_1                 torch [2048, 1024] -> device [16, 2048, 64] in HBM = 2097152 elems x 2B = 4194304 B  (hbm counted: 4194304 B)
IO   => HBM I/O total = 50331648 B  (lx 0 B, ~free)
MODEL -- estimate (turnaround): T = (R+W)/BW_PEAK + a*min(R,W) --
MODEL   R=33554432 B (read)   W=16777216 B (write)   loop_trip L=1
MODEL   base = (R+W)/150 = 335.54 us
MODEL   turn = a*min(R,W) = 0.00574*16777216 = 96.30 us
MODEL   => T_model = 529.01 us
MODEL FEATS [{"name":"add","is_reduction":false,"out_elems":2097152,"cores":32,"dtype_bytes":2,"args":[{"name":"op0","role":"output","mem":"hbm","elems":2097152,"broadcast":false,"dims":[16,2048,64],"logical":[2048,1024],"loop_factor":1},{"name":"arg0_1","role":"input","mem":"hbm","elems":2097152,"broadcast":false,"dims":[16,2048,64],"logical":[2048,1024],"loop_factor":1},{"name":"arg1_1","role":"input","mem":"hbm","elems":2097152,"broadcast":false,"dims":[16,2048,64],"logical":[2048,1024],"loop_factor":1}],"reduction_cores":1,"loop_trip":1,"tiles_output_dim":false,"tile_rows_per_core":0.0,"is_matmul":false,"matmul_macs":0,"matmul_rows_per_core":0.0,"matmul_cols_per_core":0.0,"matmul_a_bytes":0,"matmul_b_bytes":0,"matmul_m_split":1,"matmul_n_split":1,"hbm_pattern":""},{"name":"add_1","is_reduction":false,"out_elems":2097152,"cores":32,"dtype_bytes":2,"args":[{"name":"op1","role":"output","mem":"hbm","elems":2097152,"broadcast":false,"dims":[16,2048,64],"logical":[2048,1024],"loop_factor":1},{"name":"buf0","role":"input","mem":"hbm","elems":2097152,"broadcast":false,"dims":[16,2048,64],"logical":[2048,1024],"loop_factor":1},{"name":"arg2_1","role":"input","mem":"hbm","elems":2097152,"broadcast":false,"dims":[16,2048,64],"logical":[2048,1024],"loop_factor":1}],"reduction_cores":1,"loop_trip":1,"tiles_output_dim":false,"tile_rows_per_core":0.0,"is_matmul":false,"matmul_macs":0,"matmul_rows_per_core":0.0,"matmul_cols_per_core":0.0,"matmul_a_bytes":0,"matmul_b_bytes":0,"matmul_m_split":1,"matmul_n_split":1,"hbm_pattern":""},{"name":"add_2","is_reduction":false,"out_elems":2097152,"cores":32,"dtype_bytes":2,"args":[{"name":"op2","role":"output","mem":"hbm","elems":2097152,"broadcast":false,"dims":[16,2048,64],"logical":[2048,1024],"loop_factor":1},{"name":"buf1","role":"input","mem":"hbm","elems":2097152,"broadcast":false,"dims":[16,2048,64],"logical":[2048,1024],"loop_factor":1},{"name":"arg3_1","role":"input","mem":"hbm","elems":2097152,"broadcast":false,"dims":[16,2048,64],"logical":[2048,1024],"loop_factor":1}],"reduction_cores":1,"loop_trip":1,"tiles_output_dim":false,"tile_rows_per_core":0.0,"is_matmul":false,"matmul_macs":0,"matmul_rows_per_core":0.0,"matmul_cols_per_core":0.0,"matmul_a_bytes":0,"matmul_b_bytes":0,"matmul_m_split":1,"matmul_n_split":1,"hbm_pattern":""},{"name":"add_3","is_reduction":false,"out_elems":2097152,"cores":32,"dtype_bytes":2,"args":[{"name":"op3","role":"output","mem":"hbm","elems":2097152,"broadcast":false,"dims":[16,2048,64],"logical":[2048,1024],"loop_factor":1},{"name":"buf2","role":"input","mem":"hbm","elems":2097152,"broadcast":false,"dims":[16,2048,64],"logical":[2048,1024],"loop_factor":1},{"name":"arg4_1","role":"input","mem":"hbm","elems":2097152,"broadcast":false,"dims":[16,2048,64],"logical":[2048,1024],"loop_factor":1}],"reduction_cores":1,"loop_trip":1,"tiles_output_dim":false,"tile_rows_per_core":0.0,"is_matmul":false,"matmul_macs":0,"matmul_rows_per_core":0.0,"matmul_cols_per_core":0.0,"matmul_a_bytes":0,"matmul_b_bytes":0,"matmul_m_split":1,"matmul_n_split":1,"hbm_pattern":""}]
SUMMARY op=add5 rows=2048 cols=1024 cores=32 tiles=0 lx=0 io_hbm_bytes=50331648 kernel_us=501.835 pred_us=529.011 err_pct=+5.4 bw_gbps=100.3 memset_us=122.709 other_dev_us=413.486 total_dev_us=1038.030
-- add6 [2048,1024] lx=0
  op_it_space_splits={d0: 32, d1: 1}
  op_it_space_splits={d0: 32, d1: 1}
  op_it_space_splits={d0: 32, d1: 1}
  op_it_space_splits={d0: 32, d1: 1}
  op_it_space_splits={d0: 32, d1: 1}
IO -- device-layout I/O (cost model, stick-padded) --
IO   op add
IO     output op0                    torch [2048, 1024] -> device [16, 2048, 64] in HBM = 2097152 elems x 2B = 4194304 B  (hbm counted: 4194304 B)
IO     input  arg0_1                 torch [2048, 1024] -> device [16, 2048, 64] in HBM = 2097152 elems x 2B = 4194304 B  (hbm counted: 4194304 B)
IO     input  arg1_1                 torch [2048, 1024] -> device [16, 2048, 64] in HBM = 2097152 elems x 2B = 4194304 B  (hbm counted: 4194304 B)
IO   op add_1
IO     output op1                    torch [2048, 1024] -> device [16, 2048, 64] in HBM = 2097152 elems x 2B = 4194304 B  (hbm counted: 4194304 B)
IO     input  buf0                   torch [2048, 1024] -> device [16, 2048, 64] in HBM = 2097152 elems x 2B = 4194304 B  (hbm counted: 4194304 B)
IO     input  arg2_1                 torch [2048, 1024] -> device [16, 2048, 64] in HBM = 2097152 elems x 2B = 4194304 B  (hbm counted: 4194304 B)
IO   op add_2
IO     output op2                    torch [2048, 1024] -> device [16, 2048, 64] in HBM = 2097152 elems x 2B = 4194304 B  (hbm counted: 4194304 B)
IO     input  buf1                   torch [2048, 1024] -> device [16, 2048, 64] in HBM = 2097152 elems x 2B = 4194304 B  (hbm counted: 4194304 B)
IO     input  arg3_1                 torch [2048, 1024] -> device [16, 2048, 64] in HBM = 2097152 elems x 2B = 4194304 B  (hbm counted: 4194304 B)
IO   op add_3
IO     output op3                    torch [2048, 1024] -> device [16, 2048, 64] in HBM = 2097152 elems x 2B = 4194304 B  (hbm counted: 4194304 B)
IO     input  buf2                   torch [2048, 1024] -> device [16, 2048, 64] in HBM = 2097152 elems x 2B = 4194304 B  (hbm counted: 4194304 B)
IO     input  arg4_1                 torch [2048, 1024] -> device [16, 2048, 64] in HBM = 2097152 elems x 2B = 4194304 B  (hbm counted: 4194304 B)
IO   op add_4
IO     output op4                    torch [2048, 1024] -> device [16, 2048, 64] in HBM = 2097152 elems x 2B = 4194304 B  (hbm counted: 4194304 B)
IO     input  buf3                   torch [2048, 1024] -> device [16, 2048, 64] in HBM = 2097152 elems x 2B = 4194304 B  (hbm counted: 4194304 B)
IO     input  arg5_1                 torch [2048, 1024] -> device [16, 2048, 64] in HBM = 2097152 elems x 2B = 4194304 B  (hbm counted: 4194304 B)
IO   => HBM I/O total = 62914560 B  (lx 0 B, ~free)
MODEL -- estimate (turnaround): T = (R+W)/BW_PEAK + a*min(R,W) --
MODEL   R=41943040 B (read)   W=20971520 B (write)   loop_trip L=1
MODEL   base = (R+W)/150 = 419.43 us
MODEL   turn = a*min(R,W) = 0.00574*20971520 = 120.38 us
MODEL   => T_model = 701.75 us
MODEL FEATS [{"name":"add","is_reduction":false,"out_elems":2097152,"cores":32,"dtype_bytes":2,"args":[{"name":"op0","role":"output","mem":"hbm","elems":2097152,"broadcast":false,"dims":[16,2048,64],"logical":[2048,1024],"loop_factor":1},{"name":"arg0_1","role":"input","mem":"hbm","elems":2097152,"broadcast":false,"dims":[16,2048,64],"logical":[2048,1024],"loop_factor":1},{"name":"arg1_1","role":"input","mem":"hbm","elems":2097152,"broadcast":false,"dims":[16,2048,64],"logical":[2048,1024],"loop_factor":1}],"reduction_cores":1,"loop_trip":1,"tiles_output_dim":false,"tile_rows_per_core":0.0,"is_matmul":false,"matmul_macs":0,"matmul_rows_per_core":0.0,"matmul_cols_per_core":0.0,"matmul_a_bytes":0,"matmul_b_bytes":0,"matmul_m_split":1,"matmul_n_split":1,"hbm_pattern":""},{"name":"add_1","is_reduction":false,"out_elems":2097152,"cores":32,"dtype_bytes":2,"args":[{"name":"op1","role":"output","mem":"hbm","elems":2097152,"broadcast":false,"dims":[16,2048,64],"logical":[2048,1024],"loop_factor":1},{"name":"buf0","role":"input","mem":"hbm","elems":2097152,"broadcast":false,"dims":[16,2048,64],"logical":[2048,1024],"loop_factor":1},{"name":"arg2_1","role":"input","mem":"hbm","elems":2097152,"broadcast":false,"dims":[16,2048,64],"logical":[2048,1024],"loop_factor":1}],"reduction_cores":1,"loop_trip":1,"tiles_output_dim":false,"tile_rows_per_core":0.0,"is_matmul":false,"matmul_macs":0,"matmul_rows_per_core":0.0,"matmul_cols_per_core":0.0,"matmul_a_bytes":0,"matmul_b_bytes":0,"matmul_m_split":1,"matmul_n_split":1,"hbm_pattern":""},{"name":"add_2","is_reduction":false,"out_elems":2097152,"cores":32,"dtype_bytes":2,"args":[{"name":"op2","role":"output","mem":"hbm","elems":2097152,"broadcast":false,"dims":[16,2048,64],"logical":[2048,1024],"loop_factor":1},{"name":"buf1","role":"input","mem":"hbm","elems":2097152,"broadcast":false,"dims":[16,2048,64],"logical":[2048,1024],"loop_factor":1},{"name":"arg3_1","role":"input","mem":"hbm","elems":2097152,"broadcast":false,"dims":[16,2048,64],"logical":[2048,1024],"loop_factor":1}],"reduction_cores":1,"loop_trip":1,"tiles_output_dim":false,"tile_rows_per_core":0.0,"is_matmul":false,"matmul_macs":0,"matmul_rows_per_core":0.0,"matmul_cols_per_core":0.0,"matmul_a_bytes":0,"matmul_b_bytes":0,"matmul_m_split":1,"matmul_n_split":1,"hbm_pattern":""},{"name":"add_3","is_reduction":false,"out_elems":2097152,"cores":32,"dtype_bytes":2,"args":[{"name":"op3","role":"output","mem":"hbm","elems":2097152,"broadcast":false,"dims":[16,2048,64],"logical":[2048,1024],"loop_factor":1},{"name":"buf2","role":"input","mem":"hbm","elems":2097152,"broadcast":false,"dims":[16,2048,64],"logical":[2048,1024],"loop_factor":1},{"name":"arg4_1","role":"input","mem":"hbm","elems":2097152,"broadcast":false,"dims":[16,2048,64],"logical":[2048,1024],"loop_factor":1}],"reduction_cores":1,"loop_trip":1,"tiles_output_dim":false,"tile_rows_per_core":0.0,"is_matmul":false,"matmul_macs":0,"matmul_rows_per_core":0.0,"matmul_cols_per_core":0.0,"matmul_a_bytes":0,"matmul_b_bytes":0,"matmul_m_split":1,"matmul_n_split":1,"hbm_pattern":""},{"name":"add_4","is_reduction":false,"out_elems":2097152,"cores":32,"dtype_bytes":2,"args":[{"name":"op4","role":"output","mem":"hbm","elems":2097152,"broadcast":false,"dims":[16,2048,64],"logical":[2048,1024],"loop_factor":1},{"name":"buf3","role":"input","mem":"hbm","elems":2097152,"broadcast":false,"dims":[16,2048,64],"logical":[2048,1024],"loop_factor":1},{"name":"arg5_1","role":"input","mem":"hbm","elems":2097152,"broadcast":false,"dims":[16,2048,64],"logical":[2048,1024],"loop_factor":1}],"reduction_cores":1,"loop_trip":1,"tiles_output_dim":false,"tile_rows_per_core":0.0,"is_matmul":false,"matmul_macs":0,"matmul_rows_per_core":0.0,"matmul_cols_per_core":0.0,"matmul_a_bytes":0,"matmul_b_bytes":0,"matmul_m_split":1,"matmul_n_split":1,"hbm_pattern":""}]
SUMMARY op=add6 rows=2048 cols=1024 cores=32 tiles=0 lx=0 io_hbm_bytes=62914560 kernel_us=628.295 pred_us=701.749 err_pct=+11.7 bw_gbps=100.1 memset_us=118.977 other_dev_us=400.149 total_dev_us=1147.421
-- add3_sep [2048,1024] lx=0
  op_it_space_splits={d0: 32, d1: 1}
IO -- device-layout I/O (cost model, stick-padded) --
IO   op add
IO     output op0                    torch [2048, 1024] -> device [16, 2048, 64] in HBM = 2097152 elems x 2B = 4194304 B  (hbm counted: 4194304 B)
IO     input  arg0_1                 torch [2048, 1024] -> device [16, 2048, 64] in HBM = 2097152 elems x 2B = 4194304 B  (hbm counted: 4194304 B)
IO     input  arg1_1                 torch [2048, 1024] -> device [16, 2048, 64] in HBM = 2097152 elems x 2B = 4194304 B  (hbm counted: 4194304 B)
IO   => HBM I/O total = 12582912 B  (lx 0 B, ~free)
MODEL -- estimate (turnaround): T = (R+W)/BW_PEAK + a*min(R,W) --
MODEL   R=8388608 B (read)   W=4194304 B (write)   loop_trip L=1
MODEL   base = (R+W)/150 = 83.89 us
MODEL   turn = a*min(R,W) = 0.00574*4194304 = 24.08 us
MODEL   => T_model = 107.96 us
MODEL FEATS [{"name":"add","is_reduction":false,"out_elems":2097152,"cores":32,"dtype_bytes":2,"args":[{"name":"op0","role":"output","mem":"hbm","elems":2097152,"broadcast":false,"dims":[16,2048,64],"logical":[2048,1024],"loop_factor":1},{"name":"arg0_1","role":"input","mem":"hbm","elems":2097152,"broadcast":false,"dims":[16,2048,64],"logical":[2048,1024],"loop_factor":1},{"name":"arg1_1","role":"input","mem":"hbm","elems":2097152,"broadcast":false,"dims":[16,2048,64],"logical":[2048,1024],"loop_factor":1}],"reduction_cores":1,"loop_trip":1,"tiles_output_dim":false,"tile_rows_per_core":0.0,"is_matmul":false,"matmul_macs":0,"matmul_rows_per_core":0.0,"matmul_cols_per_core":0.0,"matmul_a_bytes":0,"matmul_b_bytes":0,"matmul_m_split":1,"matmul_n_split":1,"hbm_pattern":""}]
SUMMARY op=add3_sep rows=2048 cols=1024 cores=32 tiles=0 lx=0 io_hbm_bytes=12582912 kernel_us=227.846 pred_us=107.961 err_pct=-52.6 bw_gbps=55.2 memset_us=125.715 other_dev_us=315.448 total_dev_us=669.009
-- add4_sep [2048,1024] lx=0
  op_it_space_splits={d0: 32, d1: 1}
IO -- device-layout I/O (cost model, stick-padded) --
IO   op add
IO     output op0                    torch [2048, 1024] -> device [16, 2048, 64] in HBM = 2097152 elems x 2B = 4194304 B  (hbm counted: 4194304 B)
IO     input  arg0_1                 torch [2048, 1024] -> device [16, 2048, 64] in HBM = 2097152 elems x 2B = 4194304 B  (hbm counted: 4194304 B)
IO     input  arg1_1                 torch [2048, 1024] -> device [16, 2048, 64] in HBM = 2097152 elems x 2B = 4194304 B  (hbm counted: 4194304 B)
IO   => HBM I/O total = 12582912 B  (lx 0 B, ~free)
MODEL -- estimate (turnaround): T = (R+W)/BW_PEAK + a*min(R,W) --
MODEL   R=8388608 B (read)   W=4194304 B (write)   loop_trip L=1
MODEL   base = (R+W)/150 = 83.89 us
MODEL   turn = a*min(R,W) = 0.00574*4194304 = 24.08 us
MODEL   => T_model = 107.96 us
MODEL FEATS [{"name":"add","is_reduction":false,"out_elems":2097152,"cores":32,"dtype_bytes":2,"args":[{"name":"op0","role":"output","mem":"hbm","elems":2097152,"broadcast":false,"dims":[16,2048,64],"logical":[2048,1024],"loop_factor":1},{"name":"arg0_1","role":"input","mem":"hbm","elems":2097152,"broadcast":false,"dims":[16,2048,64],"logical":[2048,1024],"loop_factor":1},{"name":"arg1_1","role":"input","mem":"hbm","elems":2097152,"broadcast":false,"dims":[16,2048,64],"logical":[2048,1024],"loop_factor":1}],"reduction_cores":1,"loop_trip":1,"tiles_output_dim":false,"tile_rows_per_core":0.0,"is_matmul":false,"matmul_macs":0,"matmul_rows_per_core":0.0,"matmul_cols_per_core":0.0,"matmul_a_bytes":0,"matmul_b_bytes":0,"matmul_m_split":1,"matmul_n_split":1,"hbm_pattern":""}]
SUMMARY op=add4_sep rows=2048 cols=1024 cores=32 tiles=0 lx=0 io_hbm_bytes=12582912 kernel_us=350.114 pred_us=107.961 err_pct=-69.2 bw_gbps=35.9 memset_us=121.992 other_dev_us=402.707 total_dev_us=874.813
-- add5_sep [2048,1024] lx=0
  op_it_space_splits={d0: 32, d1: 1}
IO -- device-layout I/O (cost model, stick-padded) --
IO   op add
IO     output op0                    torch [2048, 1024] -> device [16, 2048, 64] in HBM = 2097152 elems x 2B = 4194304 B  (hbm counted: 4194304 B)
IO     input  arg0_1                 torch [2048, 1024] -> device [16, 2048, 64] in HBM = 2097152 elems x 2B = 4194304 B  (hbm counted: 4194304 B)
IO     input  arg1_1                 torch [2048, 1024] -> device [16, 2048, 64] in HBM = 2097152 elems x 2B = 4194304 B  (hbm counted: 4194304 B)
IO   => HBM I/O total = 12582912 B  (lx 0 B, ~free)
MODEL -- estimate (turnaround): T = (R+W)/BW_PEAK + a*min(R,W) --
MODEL   R=8388608 B (read)   W=4194304 B (write)   loop_trip L=1
MODEL   base = (R+W)/150 = 83.89 us
MODEL   turn = a*min(R,W) = 0.00574*4194304 = 24.08 us
MODEL   => T_model = 107.96 us
MODEL FEATS [{"name":"add","is_reduction":false,"out_elems":2097152,"cores":32,"dtype_bytes":2,"args":[{"name":"op0","role":"output","mem":"hbm","elems":2097152,"broadcast":false,"dims":[16,2048,64],"logical":[2048,1024],"loop_factor":1},{"name":"arg0_1","role":"input","mem":"hbm","elems":2097152,"broadcast":false,"dims":[16,2048,64],"logical":[2048,1024],"loop_factor":1},{"name":"arg1_1","role":"input","mem":"hbm","elems":2097152,"broadcast":false,"dims":[16,2048,64],"logical":[2048,1024],"loop_factor":1}],"reduction_cores":1,"loop_trip":1,"tiles_output_dim":false,"tile_rows_per_core":0.0,"is_matmul":false,"matmul_macs":0,"matmul_rows_per_core":0.0,"matmul_cols_per_core":0.0,"matmul_a_bytes":0,"matmul_b_bytes":0,"matmul_m_split":1,"matmul_n_split":1,"hbm_pattern":""}]
SUMMARY op=add5_sep rows=2048 cols=1024 cores=32 tiles=0 lx=0 io_hbm_bytes=12582912 kernel_us=505.813 pred_us=107.961 err_pct=-78.7 bw_gbps=24.9 memset_us=81.104 other_dev_us=405.219 total_dev_us=992.136
-- add6_sep [2048,1024] lx=0
  op_it_space_splits={d0: 32, d1: 1}
IO -- device-layout I/O (cost model, stick-padded) --
IO   op add
IO     output op0                    torch [2048, 1024] -> device [16, 2048, 64] in HBM = 2097152 elems x 2B = 4194304 B  (hbm counted: 4194304 B)
IO     input  arg0_1                 torch [2048, 1024] -> device [16, 2048, 64] in HBM = 2097152 elems x 2B = 4194304 B  (hbm counted: 4194304 B)
IO     input  arg1_1                 torch [2048, 1024] -> device [16, 2048, 64] in HBM = 2097152 elems x 2B = 4194304 B  (hbm counted: 4194304 B)
IO   => HBM I/O total = 12582912 B  (lx 0 B, ~free)
MODEL -- estimate (turnaround): T = (R+W)/BW_PEAK + a*min(R,W) --
MODEL   R=8388608 B (read)   W=4194304 B (write)   loop_trip L=1
MODEL   base = (R+W)/150 = 83.89 us
MODEL   turn = a*min(R,W) = 0.00574*4194304 = 24.08 us
MODEL   => T_model = 107.96 us
MODEL FEATS [{"name":"add","is_reduction":false,"out_elems":2097152,"cores":32,"dtype_bytes":2,"args":[{"name":"op0","role":"output","mem":"hbm","elems":2097152,"broadcast":false,"dims":[16,2048,64],"logical":[2048,1024],"loop_factor":1},{"name":"arg0_1","role":"input","mem":"hbm","elems":2097152,"broadcast":false,"dims":[16,2048,64],"logical":[2048,1024],"loop_factor":1},{"name":"arg1_1","role":"input","mem":"hbm","elems":2097152,"broadcast":false,"dims":[16,2048,64],"logical":[2048,1024],"loop_factor":1}],"reduction_cores":1,"loop_trip":1,"tiles_output_dim":false,"tile_rows_per_core":0.0,"is_matmul":false,"matmul_macs":0,"matmul_rows_per_core":0.0,"matmul_cols_per_core":0.0,"matmul_a_bytes":0,"matmul_b_bytes":0,"matmul_m_split":1,"matmul_n_split":1,"hbm_pattern":""}]
SUMMARY op=add6_sep rows=2048 cols=1024 cores=32 tiles=0 lx=0 io_hbm_bytes=12582912 kernel_us=625.156 pred_us=107.961 err_pct=-82.7 bw_gbps=20.1 memset_us=132.481 other_dev_us=362.879 total_dev_us=1120.516
-- add_indep2 [2048,1024] lx=0
  op_it_space_splits={d0: 32, d1: 1}
  op_it_space_splits={d0: 32, d1: 1}
IO -- device-layout I/O (cost model, stick-padded) --
IO   op add
IO     output op0                    torch [2048, 1024] -> device [16, 2048, 64] in HBM = 2097152 elems x 2B = 4194304 B  (hbm counted: 4194304 B)
IO     input  arg0_1                 torch [2048, 1024] -> device [16, 2048, 64] in HBM = 2097152 elems x 2B = 4194304 B  (hbm counted: 4194304 B)
IO     input  arg1_1                 torch [2048, 1024] -> device [16, 2048, 64] in HBM = 2097152 elems x 2B = 4194304 B  (hbm counted: 4194304 B)
IO   op add_1
IO     output op1                    torch [2048, 1024] -> device [16, 2048, 64] in HBM = 2097152 elems x 2B = 4194304 B  (hbm counted: 4194304 B)
IO     input  arg2_1                 torch [2048, 1024] -> device [16, 2048, 64] in HBM = 2097152 elems x 2B = 4194304 B  (hbm counted: 4194304 B)
IO     input  arg3_1                 torch [2048, 1024] -> device [16, 2048, 64] in HBM = 2097152 elems x 2B = 4194304 B  (hbm counted: 4194304 B)
IO   => HBM I/O total = 25165824 B  (lx 0 B, ~free)
MODEL -- estimate (turnaround): T = (R+W)/BW_PEAK + a*min(R,W) --
MODEL   R=16777216 B (read)   W=8388608 B (write)   loop_trip L=1
MODEL   base = (R+W)/150 = 167.77 us
MODEL   turn = a*min(R,W) = 0.00574*8388608 = 48.15 us
MODEL   => T_model = 232.12 us
MODEL FEATS [{"name":"add","is_reduction":false,"out_elems":2097152,"cores":32,"dtype_bytes":2,"args":[{"name":"op0","role":"output","mem":"hbm","elems":2097152,"broadcast":false,"dims":[16,2048,64],"logical":[2048,1024],"loop_factor":1},{"name":"arg0_1","role":"input","mem":"hbm","elems":2097152,"broadcast":false,"dims":[16,2048,64],"logical":[2048,1024],"loop_factor":1},{"name":"arg1_1","role":"input","mem":"hbm","elems":2097152,"broadcast":false,"dims":[16,2048,64],"logical":[2048,1024],"loop_factor":1}],"reduction_cores":1,"loop_trip":1,"tiles_output_dim":false,"tile_rows_per_core":0.0,"is_matmul":false,"matmul_macs":0,"matmul_rows_per_core":0.0,"matmul_cols_per_core":0.0,"matmul_a_bytes":0,"matmul_b_bytes":0,"matmul_m_split":1,"matmul_n_split":1,"hbm_pattern":""},{"name":"add_1","is_reduction":false,"out_elems":2097152,"cores":32,"dtype_bytes":2,"args":[{"name":"op1","role":"output","mem":"hbm","elems":2097152,"broadcast":false,"dims":[16,2048,64],"logical":[2048,1024],"loop_factor":1},{"name":"arg2_1","role":"input","mem":"hbm","elems":2097152,"broadcast":false,"dims":[16,2048,64],"logical":[2048,1024],"loop_factor":1},{"name":"arg3_1","role":"input","mem":"hbm","elems":2097152,"broadcast":false,"dims":[16,2048,64],"logical":[2048,1024],"loop_factor":1}],"reduction_cores":1,"loop_trip":1,"tiles_output_dim":false,"tile_rows_per_core":0.0,"is_matmul":false,"matmul_macs":0,"matmul_rows_per_core":0.0,"matmul_cols_per_core":0.0,"matmul_a_bytes":0,"matmul_b_bytes":0,"matmul_m_split":1,"matmul_n_split":1,"hbm_pattern":""}]
SUMMARY op=add_indep2 rows=2048 cols=1024 cores=32 tiles=0 lx=0 io_hbm_bytes=25165824 kernel_us=217.317 pred_us=232.117 err_pct=+6.8 bw_gbps=115.8 memset_us=170.959 other_dev_us=718.163 total_dev_us=1106.439
-- add [2048,4096] lx=0
  op_it_space_splits={d0: 32, d1: 1}
IO -- device-layout I/O (cost model, stick-padded) --
IO   op add
IO     output op0                    torch [2048, 4096] -> device [64, 2048, 64] in HBM = 8388608 elems x 2B = 16777216 B  (hbm counted: 16777216 B)
IO     input  arg0_1                 torch [2048, 4096] -> device [64, 2048, 64] in HBM = 8388608 elems x 2B = 16777216 B  (hbm counted: 16777216 B)
IO     input  arg1_1                 torch [2048, 4096] -> device [64, 2048, 64] in HBM = 8388608 elems x 2B = 16777216 B  (hbm counted: 16777216 B)
IO   => HBM I/O total = 50331648 B  (lx 0 B, ~free)
MODEL -- estimate (turnaround): T = (R+W)/BW_PEAK + a*min(R,W) --
MODEL   R=33554432 B (read)   W=16777216 B (write)   loop_trip L=1
MODEL   base = (R+W)/150 = 335.54 us
MODEL   turn = a*min(R,W) = 0.00574*16777216 = 96.30 us
MODEL   => T_model = 431.85 us
MODEL FEATS [{"name":"add","is_reduction":false,"out_elems":8388608,"cores":32,"dtype_bytes":2,"args":[{"name":"op0","role":"output","mem":"hbm","elems":8388608,"broadcast":false,"dims":[64,2048,64],"logical":[2048,4096],"loop_factor":1},{"name":"arg0_1","role":"input","mem":"hbm","elems":8388608,"broadcast":false,"dims":[64,2048,64],"logical":[2048,4096],"loop_factor":1},{"name":"arg1_1","role":"input","mem":"hbm","elems":8388608,"broadcast":false,"dims":[64,2048,64],"logical":[2048,4096],"loop_factor":1}],"reduction_cores":1,"loop_trip":1,"tiles_output_dim":false,"tile_rows_per_core":0.0,"is_matmul":false,"matmul_macs":0,"matmul_rows_per_core":0.0,"matmul_cols_per_core":0.0,"matmul_a_bytes":0,"matmul_b_bytes":0,"matmul_m_split":1,"matmul_n_split":1,"hbm_pattern":""}]
SUMMARY op=add rows=2048 cols=4096 cores=32 tiles=0 lx=0 io_hbm_bytes=50331648 kernel_us=434.167 pred_us=431.846 err_pct=-0.5 bw_gbps=115.9 memset_us=269.357 other_dev_us=882.846 total_dev_us=1586.370
-- add3 [2048,4096] lx=0
  op_it_space_splits={d0: 32, d1: 1}
  op_it_space_splits={d0: 32, d1: 1}
IO -- device-layout I/O (cost model, stick-padded) --
IO   op add
IO     output op0                    torch [2048, 4096] -> device [64, 2048, 64] in HBM = 8388608 elems x 2B = 16777216 B  (hbm counted: 16777216 B)
IO     input  arg0_1                 torch [2048, 4096] -> device [64, 2048, 64] in HBM = 8388608 elems x 2B = 16777216 B  (hbm counted: 16777216 B)
IO     input  arg1_1                 torch [2048, 4096] -> device [64, 2048, 64] in HBM = 8388608 elems x 2B = 16777216 B  (hbm counted: 16777216 B)
IO   op add_1
IO     output op1                    torch [2048, 4096] -> device [64, 2048, 64] in HBM = 8388608 elems x 2B = 16777216 B  (hbm counted: 16777216 B)
IO     input  buf0                   torch [2048, 4096] -> device [64, 2048, 64] in HBM = 8388608 elems x 2B = 16777216 B  (hbm counted: 16777216 B)
IO     input  arg2_1                 torch [2048, 4096] -> device [64, 2048, 64] in HBM = 8388608 elems x 2B = 16777216 B  (hbm counted: 16777216 B)
IO   => HBM I/O total = 100663296 B  (lx 0 B, ~free)
MODEL -- estimate (turnaround): T = (R+W)/BW_PEAK + a*min(R,W) --
MODEL   R=67108864 B (read)   W=33554432 B (write)   loop_trip L=1
MODEL   base = (R+W)/150 = 671.09 us
MODEL   turn = a*min(R,W) = 0.00574*33554432 = 192.60 us
MODEL   => T_model = 928.47 us
MODEL FEATS [{"name":"add","is_reduction":false,"out_elems":8388608,"cores":32,"dtype_bytes":2,"args":[{"name":"op0","role":"output","mem":"hbm","elems":8388608,"broadcast":false,"dims":[64,2048,64],"logical":[2048,4096],"loop_factor":1},{"name":"arg0_1","role":"input","mem":"hbm","elems":8388608,"broadcast":false,"dims":[64,2048,64],"logical":[2048,4096],"loop_factor":1},{"name":"arg1_1","role":"input","mem":"hbm","elems":8388608,"broadcast":false,"dims":[64,2048,64],"logical":[2048,4096],"loop_factor":1}],"reduction_cores":1,"loop_trip":1,"tiles_output_dim":false,"tile_rows_per_core":0.0,"is_matmul":false,"matmul_macs":0,"matmul_rows_per_core":0.0,"matmul_cols_per_core":0.0,"matmul_a_bytes":0,"matmul_b_bytes":0,"matmul_m_split":1,"matmul_n_split":1,"hbm_pattern":""},{"name":"add_1","is_reduction":false,"out_elems":8388608,"cores":32,"dtype_bytes":2,"args":[{"name":"op1","role":"output","mem":"hbm","elems":8388608,"broadcast":false,"dims":[64,2048,64],"logical":[2048,4096],"loop_factor":1},{"name":"buf0","role":"input","mem":"hbm","elems":8388608,"broadcast":false,"dims":[64,2048,64],"logical":[2048,4096],"loop_factor":1},{"name":"arg2_1","role":"input","mem":"hbm","elems":8388608,"broadcast":false,"dims":[64,2048,64],"logical":[2048,4096],"loop_factor":1}],"reduction_cores":1,"loop_trip":1,"tiles_output_dim":false,"tile_rows_per_core":0.0,"is_matmul":false,"matmul_macs":0,"matmul_rows_per_core":0.0,"matmul_cols_per_core":0.0,"matmul_a_bytes":0,"matmul_b_bytes":0,"matmul_m_split":1,"matmul_n_split":1,"hbm_pattern":""}]
SUMMARY op=add3 rows=2048 cols=4096 cores=32 tiles=0 lx=0 io_hbm_bytes=100663296 kernel_us=936.931 pred_us=928.468 err_pct=-0.9 bw_gbps=107.4 memset_us=261.773 other_dev_us=789.010 total_dev_us=1987.714
-- add4 [2048,4096] lx=0
  op_it_space_splits={d0: 32, d1: 1}
  op_it_space_splits={d0: 32, d1: 1}
  op_it_space_splits={d0: 32, d1: 1}
IO -- device-layout I/O (cost model, stick-padded) --
IO   op add
IO     output op0                    torch [2048, 4096] -> device [64, 2048, 64] in HBM = 8388608 elems x 2B = 16777216 B  (hbm counted: 16777216 B)
IO     input  arg0_1                 torch [2048, 4096] -> device [64, 2048, 64] in HBM = 8388608 elems x 2B = 16777216 B  (hbm counted: 16777216 B)
IO     input  arg1_1                 torch [2048, 4096] -> device [64, 2048, 64] in HBM = 8388608 elems x 2B = 16777216 B  (hbm counted: 16777216 B)
IO   op add_1
IO     output op1                    torch [2048, 4096] -> device [64, 2048, 64] in HBM = 8388608 elems x 2B = 16777216 B  (hbm counted: 16777216 B)
IO     input  buf0                   torch [2048, 4096] -> device [64, 2048, 64] in HBM = 8388608 elems x 2B = 16777216 B  (hbm counted: 16777216 B)
IO     input  arg2_1                 torch [2048, 4096] -> device [64, 2048, 64] in HBM = 8388608 elems x 2B = 16777216 B  (hbm counted: 16777216 B)
IO   op add_2
IO     output op2                    torch [2048, 4096] -> device [64, 2048, 64] in HBM = 8388608 elems x 2B = 16777216 B  (hbm counted: 16777216 B)
IO     input  buf1                   torch [2048, 4096] -> device [64, 2048, 64] in HBM = 8388608 elems x 2B = 16777216 B  (hbm counted: 16777216 B)
IO     input  arg3_1                 torch [2048, 4096] -> device [64, 2048, 64] in HBM = 8388608 elems x 2B = 16777216 B  (hbm counted: 16777216 B)
IO   => HBM I/O total = 150994944 B  (lx 0 B, ~free)
MODEL -- estimate (turnaround): T = (R+W)/BW_PEAK + a*min(R,W) --
MODEL   R=100663296 B (read)   W=50331648 B (write)   loop_trip L=1
MODEL   base = (R+W)/150 = 1006.63 us
MODEL   turn = a*min(R,W) = 0.00574*50331648 = 288.90 us
MODEL   => T_model = 1489.87 us
MODEL FEATS [{"name":"add","is_reduction":false,"out_elems":8388608,"cores":32,"dtype_bytes":2,"args":[{"name":"op0","role":"output","mem":"hbm","elems":8388608,"broadcast":false,"dims":[64,2048,64],"logical":[2048,4096],"loop_factor":1},{"name":"arg0_1","role":"input","mem":"hbm","elems":8388608,"broadcast":false,"dims":[64,2048,64],"logical":[2048,4096],"loop_factor":1},{"name":"arg1_1","role":"input","mem":"hbm","elems":8388608,"broadcast":false,"dims":[64,2048,64],"logical":[2048,4096],"loop_factor":1}],"reduction_cores":1,"loop_trip":1,"tiles_output_dim":false,"tile_rows_per_core":0.0,"is_matmul":false,"matmul_macs":0,"matmul_rows_per_core":0.0,"matmul_cols_per_core":0.0,"matmul_a_bytes":0,"matmul_b_bytes":0,"matmul_m_split":1,"matmul_n_split":1,"hbm_pattern":""},{"name":"add_1","is_reduction":false,"out_elems":8388608,"cores":32,"dtype_bytes":2,"args":[{"name":"op1","role":"output","mem":"hbm","elems":8388608,"broadcast":false,"dims":[64,2048,64],"logical":[2048,4096],"loop_factor":1},{"name":"buf0","role":"input","mem":"hbm","elems":8388608,"broadcast":false,"dims":[64,2048,64],"logical":[2048,4096],"loop_factor":1},{"name":"arg2_1","role":"input","mem":"hbm","elems":8388608,"broadcast":false,"dims":[64,2048,64],"logical":[2048,4096],"loop_factor":1}],"reduction_cores":1,"loop_trip":1,"tiles_output_dim":false,"tile_rows_per_core":0.0,"is_matmul":false,"matmul_macs":0,"matmul_rows_per_core":0.0,"matmul_cols_per_core":0.0,"matmul_a_bytes":0,"matmul_b_bytes":0,"matmul_m_split":1,"matmul_n_split":1,"hbm_pattern":""},{"name":"add_2","is_reduction":false,"out_elems":8388608,"cores":32,"dtype_bytes":2,"args":[{"name":"op2","role":"output","mem":"hbm","elems":8388608,"broadcast":false,"dims":[64,2048,64],"logical":[2048,4096],"loop_factor":1},{"name":"buf1","role":"input","mem":"hbm","elems":8388608,"broadcast":false,"dims":[64,2048,64],"logical":[2048,4096],"loop_factor":1},{"name":"arg3_1","role":"input","mem":"hbm","elems":8388608,"broadcast":false,"dims":[64,2048,64],"logical":[2048,4096],"loop_factor":1}],"reduction_cores":1,"loop_trip":1,"tiles_output_dim":false,"tile_rows_per_core":0.0,"is_matmul":false,"matmul_macs":0,"matmul_rows_per_core":0.0,"matmul_cols_per_core":0.0,"matmul_a_bytes":0,"matmul_b_bytes":0,"matmul_m_split":1,"matmul_n_split":1,"hbm_pattern":""}]
SUMMARY op=add4 rows=2048 cols=4096 cores=32 tiles=0 lx=0 io_hbm_bytes=150994944 kernel_us=1519.379 pred_us=1489.867 err_pct=-1.9 bw_gbps=99.4 memset_us=269.985 other_dev_us=975.318 total_dev_us=2764.682
-- add5 [2048,4096] lx=0
  op_it_space_splits={d0: 32, d1: 1}
  op_it_space_splits={d0: 32, d1: 1}
  op_it_space_splits={d0: 32, d1: 1}
  op_it_space_splits={d0: 32, d1: 1}
IO -- device-layout I/O (cost model, stick-padded) --
IO   op add
IO     output op0                    torch [2048, 4096] -> device [64, 2048, 64] in HBM = 8388608 elems x 2B = 16777216 B  (hbm counted: 16777216 B)
IO     input  arg0_1                 torch [2048, 4096] -> device [64, 2048, 64] in HBM = 8388608 elems x 2B = 16777216 B  (hbm counted: 16777216 B)
IO     input  arg1_1                 torch [2048, 4096] -> device [64, 2048, 64] in HBM = 8388608 elems x 2B = 16777216 B  (hbm counted: 16777216 B)
IO   op add_1
IO     output op1                    torch [2048, 4096] -> device [64, 2048, 64] in HBM = 8388608 elems x 2B = 16777216 B  (hbm counted: 16777216 B)
IO     input  buf0                   torch [2048, 4096] -> device [64, 2048, 64] in HBM = 8388608 elems x 2B = 16777216 B  (hbm counted: 16777216 B)
IO     input  arg2_1                 torch [2048, 4096] -> device [64, 2048, 64] in HBM = 8388608 elems x 2B = 16777216 B  (hbm counted: 16777216 B)
IO   op add_2
IO     output op2                    torch [2048, 4096] -> device [64, 2048, 64] in HBM = 8388608 elems x 2B = 16777216 B  (hbm counted: 16777216 B)
IO     input  buf1                   torch [2048, 4096] -> device [64, 2048, 64] in HBM = 8388608 elems x 2B = 16777216 B  (hbm counted: 16777216 B)
IO     input  arg3_1                 torch [2048, 4096] -> device [64, 2048, 64] in HBM = 8388608 elems x 2B = 16777216 B  (hbm counted: 16777216 B)
IO   op add_3
IO     output op3                    torch [2048, 4096] -> device [64, 2048, 64] in HBM = 8388608 elems x 2B = 16777216 B  (hbm counted: 16777216 B)
IO     input  buf2                   torch [2048, 4096] -> device [64, 2048, 64] in HBM = 8388608 elems x 2B = 16777216 B  (hbm counted: 16777216 B)
IO     input  arg4_1                 torch [2048, 4096] -> device [64, 2048, 64] in HBM = 8388608 elems x 2B = 16777216 B  (hbm counted: 16777216 B)
IO   => HBM I/O total = 201326592 B  (lx 0 B, ~free)
MODEL -- estimate (turnaround): T = (R+W)/BW_PEAK + a*min(R,W) --
MODEL   R=134217728 B (read)   W=67108864 B (write)   loop_trip L=1
MODEL   base = (R+W)/150 = 1342.18 us
MODEL   turn = a*min(R,W) = 0.00574*67108864 = 385.20 us
MODEL   => T_model = 2116.04 us
MODEL FEATS [{"name":"add","is_reduction":false,"out_elems":8388608,"cores":32,"dtype_bytes":2,"args":[{"name":"op0","role":"output","mem":"hbm","elems":8388608,"broadcast":false,"dims":[64,2048,64],"logical":[2048,4096],"loop_factor":1},{"name":"arg0_1","role":"input","mem":"hbm","elems":8388608,"broadcast":false,"dims":[64,2048,64],"logical":[2048,4096],"loop_factor":1},{"name":"arg1_1","role":"input","mem":"hbm","elems":8388608,"broadcast":false,"dims":[64,2048,64],"logical":[2048,4096],"loop_factor":1}],"reduction_cores":1,"loop_trip":1,"tiles_output_dim":false,"tile_rows_per_core":0.0,"is_matmul":false,"matmul_macs":0,"matmul_rows_per_core":0.0,"matmul_cols_per_core":0.0,"matmul_a_bytes":0,"matmul_b_bytes":0,"matmul_m_split":1,"matmul_n_split":1,"hbm_pattern":""},{"name":"add_1","is_reduction":false,"out_elems":8388608,"cores":32,"dtype_bytes":2,"args":[{"name":"op1","role":"output","mem":"hbm","elems":8388608,"broadcast":false,"dims":[64,2048,64],"logical":[2048,4096],"loop_factor":1},{"name":"buf0","role":"input","mem":"hbm","elems":8388608,"broadcast":false,"dims":[64,2048,64],"logical":[2048,4096],"loop_factor":1},{"name":"arg2_1","role":"input","mem":"hbm","elems":8388608,"broadcast":false,"dims":[64,2048,64],"logical":[2048,4096],"loop_factor":1}],"reduction_cores":1,"loop_trip":1,"tiles_output_dim":false,"tile_rows_per_core":0.0,"is_matmul":false,"matmul_macs":0,"matmul_rows_per_core":0.0,"matmul_cols_per_core":0.0,"matmul_a_bytes":0,"matmul_b_bytes":0,"matmul_m_split":1,"matmul_n_split":1,"hbm_pattern":""},{"name":"add_2","is_reduction":false,"out_elems":8388608,"cores":32,"dtype_bytes":2,"args":[{"name":"op2","role":"output","mem":"hbm","elems":8388608,"broadcast":false,"dims":[64,2048,64],"logical":[2048,4096],"loop_factor":1},{"name":"buf1","role":"input","mem":"hbm","elems":8388608,"broadcast":false,"dims":[64,2048,64],"logical":[2048,4096],"loop_factor":1},{"name":"arg3_1","role":"input","mem":"hbm","elems":8388608,"broadcast":false,"dims":[64,2048,64],"logical":[2048,4096],"loop_factor":1}],"reduction_cores":1,"loop_trip":1,"tiles_output_dim":false,"tile_rows_per_core":0.0,"is_matmul":false,"matmul_macs":0,"matmul_rows_per_core":0.0,"matmul_cols_per_core":0.0,"matmul_a_bytes":0,"matmul_b_bytes":0,"matmul_m_split":1,"matmul_n_split":1,"hbm_pattern":""},{"name":"add_3","is_reduction":false,"out_elems":8388608,"cores":32,"dtype_bytes":2,"args":[{"name":"op3","role":"output","mem":"hbm","elems":8388608,"broadcast":false,"dims":[64,2048,64],"logical":[2048,4096],"loop_factor":1},{"name":"buf2","role":"input","mem":"hbm","elems":8388608,"broadcast":false,"dims":[64,2048,64],"logical":[2048,4096],"loop_factor":1},{"name":"arg4_1","role":"input","mem":"hbm","elems":8388608,"broadcast":false,"dims":[64,2048,64],"logical":[2048,4096],"loop_factor":1}],"reduction_cores":1,"loop_trip":1,"tiles_output_dim":false,"tile_rows_per_core":0.0,"is_matmul":false,"matmul_macs":0,"matmul_rows_per_core":0.0,"matmul_cols_per_core":0.0,"matmul_a_bytes":0,"matmul_b_bytes":0,"matmul_m_split":1,"matmul_n_split":1,"hbm_pattern":""}]
SUMMARY op=add5 rows=2048 cols=4096 cores=32 tiles=0 lx=0 io_hbm_bytes=201326592 kernel_us=2028.514 pred_us=2116.043 err_pct=+4.3 bw_gbps=99.2 memset_us=273.259 other_dev_us=914.351 total_dev_us=3216.124
-- add6 [2048,4096] lx=0
  op_it_space_splits={d0: 32, d1: 1}
  op_it_space_splits={d0: 32, d1: 1}
  op_it_space_splits={d0: 32, d1: 1}
  op_it_space_splits={d0: 32, d1: 1}
  op_it_space_splits={d0: 32, d1: 1}
IO -- device-layout I/O (cost model, stick-padded) --
IO   op add
IO     output op0                    torch [2048, 4096] -> device [64, 2048, 64] in HBM = 8388608 elems x 2B = 16777216 B  (hbm counted: 16777216 B)
IO     input  arg0_1                 torch [2048, 4096] -> device [64, 2048, 64] in HBM = 8388608 elems x 2B = 16777216 B  (hbm counted: 16777216 B)
IO     input  arg1_1                 torch [2048, 4096] -> device [64, 2048, 64] in HBM = 8388608 elems x 2B = 16777216 B  (hbm counted: 16777216 B)
IO   op add_1
IO     output op1                    torch [2048, 4096] -> device [64, 2048, 64] in HBM = 8388608 elems x 2B = 16777216 B  (hbm counted: 16777216 B)
IO     input  buf0                   torch [2048, 4096] -> device [64, 2048, 64] in HBM = 8388608 elems x 2B = 16777216 B  (hbm counted: 16777216 B)
IO     input  arg2_1                 torch [2048, 4096] -> device [64, 2048, 64] in HBM = 8388608 elems x 2B = 16777216 B  (hbm counted: 16777216 B)
IO   op add_2
IO     output op2                    torch [2048, 4096] -> device [64, 2048, 64] in HBM = 8388608 elems x 2B = 16777216 B  (hbm counted: 16777216 B)
IO     input  buf1                   torch [2048, 4096] -> device [64, 2048, 64] in HBM = 8388608 elems x 2B = 16777216 B  (hbm counted: 16777216 B)
IO     input  arg3_1                 torch [2048, 4096] -> device [64, 2048, 64] in HBM = 8388608 elems x 2B = 16777216 B  (hbm counted: 16777216 B)
IO   op add_3
IO     output op3                    torch [2048, 4096] -> device [64, 2048, 64] in HBM = 8388608 elems x 2B = 16777216 B  (hbm counted: 16777216 B)
IO     input  buf2                   torch [2048, 4096] -> device [64, 2048, 64] in HBM = 8388608 elems x 2B = 16777216 B  (hbm counted: 16777216 B)
IO     input  arg4_1                 torch [2048, 4096] -> device [64, 2048, 64] in HBM = 8388608 elems x 2B = 16777216 B  (hbm counted: 16777216 B)
IO   op add_4
IO     output op4                    torch [2048, 4096] -> device [64, 2048, 64] in HBM = 8388608 elems x 2B = 16777216 B  (hbm counted: 16777216 B)
IO     input  buf3                   torch [2048, 4096] -> device [64, 2048, 64] in HBM = 8388608 elems x 2B = 16777216 B  (hbm counted: 16777216 B)
IO     input  arg5_1                 torch [2048, 4096] -> device [64, 2048, 64] in HBM = 8388608 elems x 2B = 16777216 B  (hbm counted: 16777216 B)
IO   => HBM I/O total = 251658240 B  (lx 0 B, ~free)
MODEL -- estimate (turnaround): T = (R+W)/BW_PEAK + a*min(R,W) --
MODEL   R=167772160 B (read)   W=83886080 B (write)   loop_trip L=1
MODEL   base = (R+W)/150 = 1677.72 us
MODEL   turn = a*min(R,W) = 0.00574*83886080 = 481.51 us
MODEL   => T_model = 2807.00 us
MODEL FEATS [{"name":"add","is_reduction":false,"out_elems":8388608,"cores":32,"dtype_bytes":2,"args":[{"name":"op0","role":"output","mem":"hbm","elems":8388608,"broadcast":false,"dims":[64,2048,64],"logical":[2048,4096],"loop_factor":1},{"name":"arg0_1","role":"input","mem":"hbm","elems":8388608,"broadcast":false,"dims":[64,2048,64],"logical":[2048,4096],"loop_factor":1},{"name":"arg1_1","role":"input","mem":"hbm","elems":8388608,"broadcast":false,"dims":[64,2048,64],"logical":[2048,4096],"loop_factor":1}],"reduction_cores":1,"loop_trip":1,"tiles_output_dim":false,"tile_rows_per_core":0.0,"is_matmul":false,"matmul_macs":0,"matmul_rows_per_core":0.0,"matmul_cols_per_core":0.0,"matmul_a_bytes":0,"matmul_b_bytes":0,"matmul_m_split":1,"matmul_n_split":1,"hbm_pattern":""},{"name":"add_1","is_reduction":false,"out_elems":8388608,"cores":32,"dtype_bytes":2,"args":[{"name":"op1","role":"output","mem":"hbm","elems":8388608,"broadcast":false,"dims":[64,2048,64],"logical":[2048,4096],"loop_factor":1},{"name":"buf0","role":"input","mem":"hbm","elems":8388608,"broadcast":false,"dims":[64,2048,64],"logical":[2048,4096],"loop_factor":1},{"name":"arg2_1","role":"input","mem":"hbm","elems":8388608,"broadcast":false,"dims":[64,2048,64],"logical":[2048,4096],"loop_factor":1}],"reduction_cores":1,"loop_trip":1,"tiles_output_dim":false,"tile_rows_per_core":0.0,"is_matmul":false,"matmul_macs":0,"matmul_rows_per_core":0.0,"matmul_cols_per_core":0.0,"matmul_a_bytes":0,"matmul_b_bytes":0,"matmul_m_split":1,"matmul_n_split":1,"hbm_pattern":""},{"name":"add_2","is_reduction":false,"out_elems":8388608,"cores":32,"dtype_bytes":2,"args":[{"name":"op2","role":"output","mem":"hbm","elems":8388608,"broadcast":false,"dims":[64,2048,64],"logical":[2048,4096],"loop_factor":1},{"name":"buf1","role":"input","mem":"hbm","elems":8388608,"broadcast":false,"dims":[64,2048,64],"logical":[2048,4096],"loop_factor":1},{"name":"arg3_1","role":"input","mem":"hbm","elems":8388608,"broadcast":false,"dims":[64,2048,64],"logical":[2048,4096],"loop_factor":1}],"reduction_cores":1,"loop_trip":1,"tiles_output_dim":false,"tile_rows_per_core":0.0,"is_matmul":false,"matmul_macs":0,"matmul_rows_per_core":0.0,"matmul_cols_per_core":0.0,"matmul_a_bytes":0,"matmul_b_bytes":0,"matmul_m_split":1,"matmul_n_split":1,"hbm_pattern":""},{"name":"add_3","is_reduction":false,"out_elems":8388608,"cores":32,"dtype_bytes":2,"args":[{"name":"op3","role":"output","mem":"hbm","elems":8388608,"broadcast":false,"dims":[64,2048,64],"logical":[2048,4096],"loop_factor":1},{"name":"buf2","role":"input","mem":"hbm","elems":8388608,"broadcast":false,"dims":[64,2048,64],"logical":[2048,4096],"loop_factor":1},{"name":"arg4_1","role":"input","mem":"hbm","elems":8388608,"broadcast":false,"dims":[64,2048,64],"logical":[2048,4096],"loop_factor":1}],"reduction_cores":1,"loop_trip":1,"tiles_output_dim":false,"tile_rows_per_core":0.0,"is_matmul":false,"matmul_macs":0,"matmul_rows_per_core":0.0,"matmul_cols_per_core":0.0,"matmul_a_bytes":0,"matmul_b_bytes":0,"matmul_m_split":1,"matmul_n_split":1,"hbm_pattern":""},{"name":"add_4","is_reduction":false,"out_elems":8388608,"cores":32,"dtype_bytes":2,"args":[{"name":"op4","role":"output","mem":"hbm","elems":8388608,"broadcast":false,"dims":[64,2048,64],"logical":[2048,4096],"loop_factor":1},{"name":"buf3","role":"input","mem":"hbm","elems":8388608,"broadcast":false,"dims":[64,2048,64],"logical":[2048,4096],"loop_factor":1},{"name":"arg5_1","role":"input","mem":"hbm","elems":8388608,"broadcast":false,"dims":[64,2048,64],"logical":[2048,4096],"loop_factor":1}],"reduction_cores":1,"loop_trip":1,"tiles_output_dim":false,"tile_rows_per_core":0.0,"is_matmul":false,"matmul_macs":0,"matmul_rows_per_core":0.0,"matmul_cols_per_core":0.0,"matmul_a_bytes":0,"matmul_b_bytes":0,"matmul_m_split":1,"matmul_n_split":1,"hbm_pattern":""}]
SUMMARY op=add6 rows=2048 cols=4096 cores=32 tiles=0 lx=0 io_hbm_bytes=251658240 kernel_us=2523.649 pred_us=2806.996 err_pct=+11.2 bw_gbps=99.7 memset_us=275.754 other_dev_us=987.347 total_dev_us=3786.750
-- add3_sep [2048,4096] lx=0
  op_it_space_splits={d0: 32, d1: 1}
IO -- device-layout I/O (cost model, stick-padded) --
IO   op add
IO     output op0                    torch [2048, 4096] -> device [64, 2048, 64] in HBM = 8388608 elems x 2B = 16777216 B  (hbm counted: 16777216 B)
IO     input  arg0_1                 torch [2048, 4096] -> device [64, 2048, 64] in HBM = 8388608 elems x 2B = 16777216 B  (hbm counted: 16777216 B)
IO     input  arg1_1                 torch [2048, 4096] -> device [64, 2048, 64] in HBM = 8388608 elems x 2B = 16777216 B  (hbm counted: 16777216 B)
IO   => HBM I/O total = 50331648 B  (lx 0 B, ~free)
MODEL -- estimate (turnaround): T = (R+W)/BW_PEAK + a*min(R,W) --
MODEL   R=33554432 B (read)   W=16777216 B (write)   loop_trip L=1
MODEL   base = (R+W)/150 = 335.54 us
MODEL   turn = a*min(R,W) = 0.00574*16777216 = 96.30 us
MODEL   => T_model = 431.85 us
MODEL FEATS [{"name":"add","is_reduction":false,"out_elems":8388608,"cores":32,"dtype_bytes":2,"args":[{"name":"op0","role":"output","mem":"hbm","elems":8388608,"broadcast":false,"dims":[64,2048,64],"logical":[2048,4096],"loop_factor":1},{"name":"arg0_1","role":"input","mem":"hbm","elems":8388608,"broadcast":false,"dims":[64,2048,64],"logical":[2048,4096],"loop_factor":1},{"name":"arg1_1","role":"input","mem":"hbm","elems":8388608,"broadcast":false,"dims":[64,2048,64],"logical":[2048,4096],"loop_factor":1}],"reduction_cores":1,"loop_trip":1,"tiles_output_dim":false,"tile_rows_per_core":0.0,"is_matmul":false,"matmul_macs":0,"matmul_rows_per_core":0.0,"matmul_cols_per_core":0.0,"matmul_a_bytes":0,"matmul_b_bytes":0,"matmul_m_split":1,"matmul_n_split":1,"hbm_pattern":""}]
SUMMARY op=add3_sep rows=2048 cols=4096 cores=32 tiles=0 lx=0 io_hbm_bytes=50331648 kernel_us=934.592 pred_us=431.846 err_pct=-53.8 bw_gbps=53.9 memset_us=283.513 other_dev_us=876.837 total_dev_us=2094.942
-- add4_sep [2048,4096] lx=0
  op_it_space_splits={d0: 32, d1: 1}
IO -- device-layout I/O (cost model, stick-padded) --
IO   op add
IO     output op0                    torch [2048, 4096] -> device [64, 2048, 64] in HBM = 8388608 elems x 2B = 16777216 B  (hbm counted: 16777216 B)
IO     input  arg0_1                 torch [2048, 4096] -> device [64, 2048, 64] in HBM = 8388608 elems x 2B = 16777216 B  (hbm counted: 16777216 B)
IO     input  arg1_1                 torch [2048, 4096] -> device [64, 2048, 64] in HBM = 8388608 elems x 2B = 16777216 B  (hbm counted: 16777216 B)
IO   => HBM I/O total = 50331648 B  (lx 0 B, ~free)
MODEL -- estimate (turnaround): T = (R+W)/BW_PEAK + a*min(R,W) --
MODEL   R=33554432 B (read)   W=16777216 B (write)   loop_trip L=1
MODEL   base = (R+W)/150 = 335.54 us
MODEL   turn = a*min(R,W) = 0.00574*16777216 = 96.30 us
MODEL   => T_model = 431.85 us
MODEL FEATS [{"name":"add","is_reduction":false,"out_elems":8388608,"cores":32,"dtype_bytes":2,"args":[{"name":"op0","role":"output","mem":"hbm","elems":8388608,"broadcast":false,"dims":[64,2048,64],"logical":[2048,4096],"loop_factor":1},{"name":"arg0_1","role":"input","mem":"hbm","elems":8388608,"broadcast":false,"dims":[64,2048,64],"logical":[2048,4096],"loop_factor":1},{"name":"arg1_1","role":"input","mem":"hbm","elems":8388608,"broadcast":false,"dims":[64,2048,64],"logical":[2048,4096],"loop_factor":1}],"reduction_cores":1,"loop_trip":1,"tiles_output_dim":false,"tile_rows_per_core":0.0,"is_matmul":false,"matmul_macs":0,"matmul_rows_per_core":0.0,"matmul_cols_per_core":0.0,"matmul_a_bytes":0,"matmul_b_bytes":0,"matmul_m_split":1,"matmul_n_split":1,"hbm_pattern":""}]
SUMMARY op=add4_sep rows=2048 cols=4096 cores=32 tiles=0 lx=0 io_hbm_bytes=50331648 kernel_us=1380.466 pred_us=431.846 err_pct=-68.7 bw_gbps=36.5 memset_us=285.950 other_dev_us=1000.273 total_dev_us=2666.689
-- add5_sep [2048,4096] lx=0
  op_it_space_splits={d0: 32, d1: 1}
IO -- device-layout I/O (cost model, stick-padded) --
IO   op add
IO     output op0                    torch [2048, 4096] -> device [64, 2048, 64] in HBM = 8388608 elems x 2B = 16777216 B  (hbm counted: 16777216 B)
IO     input  arg0_1                 torch [2048, 4096] -> device [64, 2048, 64] in HBM = 8388608 elems x 2B = 16777216 B  (hbm counted: 16777216 B)
IO     input  arg1_1                 torch [2048, 4096] -> device [64, 2048, 64] in HBM = 8388608 elems x 2B = 16777216 B  (hbm counted: 16777216 B)
IO   => HBM I/O total = 50331648 B  (lx 0 B, ~free)
MODEL -- estimate (turnaround): T = (R+W)/BW_PEAK + a*min(R,W) --
MODEL   R=33554432 B (read)   W=16777216 B (write)   loop_trip L=1
MODEL   base = (R+W)/150 = 335.54 us
MODEL   turn = a*min(R,W) = 0.00574*16777216 = 96.30 us
MODEL   => T_model = 431.85 us
MODEL FEATS [{"name":"add","is_reduction":false,"out_elems":8388608,"cores":32,"dtype_bytes":2,"args":[{"name":"op0","role":"output","mem":"hbm","elems":8388608,"broadcast":false,"dims":[64,2048,64],"logical":[2048,4096],"loop_factor":1},{"name":"arg0_1","role":"input","mem":"hbm","elems":8388608,"broadcast":false,"dims":[64,2048,64],"logical":[2048,4096],"loop_factor":1},{"name":"arg1_1","role":"input","mem":"hbm","elems":8388608,"broadcast":false,"dims":[64,2048,64],"logical":[2048,4096],"loop_factor":1}],"reduction_cores":1,"loop_trip":1,"tiles_output_dim":false,"tile_rows_per_core":0.0,"is_matmul":false,"matmul_macs":0,"matmul_rows_per_core":0.0,"matmul_cols_per_core":0.0,"matmul_a_bytes":0,"matmul_b_bytes":0,"matmul_m_split":1,"matmul_n_split":1,"hbm_pattern":""}]
SUMMARY op=add5_sep rows=2048 cols=4096 cores=32 tiles=0 lx=0 io_hbm_bytes=50331648 kernel_us=2019.723 pred_us=431.846 err_pct=-78.6 bw_gbps=24.9 memset_us=287.239 other_dev_us=923.250 total_dev_us=3230.212
-- add6_sep [2048,4096] lx=0
  op_it_space_splits={d0: 32, d1: 1}
IO -- device-layout I/O (cost model, stick-padded) --
IO   op add
IO     output op0                    torch [2048, 4096] -> device [64, 2048, 64] in HBM = 8388608 elems x 2B = 16777216 B  (hbm counted: 16777216 B)
IO     input  arg0_1                 torch [2048, 4096] -> device [64, 2048, 64] in HBM = 8388608 elems x 2B = 16777216 B  (hbm counted: 16777216 B)
IO     input  arg1_1                 torch [2048, 4096] -> device [64, 2048, 64] in HBM = 8388608 elems x 2B = 16777216 B  (hbm counted: 16777216 B)
IO   => HBM I/O total = 50331648 B  (lx 0 B, ~free)
MODEL -- estimate (turnaround): T = (R+W)/BW_PEAK + a*min(R,W) --
MODEL   R=33554432 B (read)   W=16777216 B (write)   loop_trip L=1
MODEL   base = (R+W)/150 = 335.54 us
MODEL   turn = a*min(R,W) = 0.00574*16777216 = 96.30 us
MODEL   => T_model = 431.85 us
MODEL FEATS [{"name":"add","is_reduction":false,"out_elems":8388608,"cores":32,"dtype_bytes":2,"args":[{"name":"op0","role":"output","mem":"hbm","elems":8388608,"broadcast":false,"dims":[64,2048,64],"logical":[2048,4096],"loop_factor":1},{"name":"arg0_1","role":"input","mem":"hbm","elems":8388608,"broadcast":false,"dims":[64,2048,64],"logical":[2048,4096],"loop_factor":1},{"name":"arg1_1","role":"input","mem":"hbm","elems":8388608,"broadcast":false,"dims":[64,2048,64],"logical":[2048,4096],"loop_factor":1}],"reduction_cores":1,"loop_trip":1,"tiles_output_dim":false,"tile_rows_per_core":0.0,"is_matmul":false,"matmul_macs":0,"matmul_rows_per_core":0.0,"matmul_cols_per_core":0.0,"matmul_a_bytes":0,"matmul_b_bytes":0,"matmul_m_split":1,"matmul_n_split":1,"hbm_pattern":""}]
SUMMARY op=add6_sep rows=2048 cols=4096 cores=32 tiles=0 lx=0 io_hbm_bytes=50331648 kernel_us=2538.474 pred_us=431.846 err_pct=-83.0 bw_gbps=19.8 memset_us=292.166 other_dev_us=1003.443 total_dev_us=3834.083
-- add_indep2 [2048,4096] lx=0
  op_it_space_splits={d0: 32, d1: 1}
  op_it_space_splits={d0: 32, d1: 1}
IO -- device-layout I/O (cost model, stick-padded) --
IO   op add
IO     output op0                    torch [2048, 4096] -> device [64, 2048, 64] in HBM = 8388608 elems x 2B = 16777216 B  (hbm counted: 16777216 B)
IO     input  arg0_1                 torch [2048, 4096] -> device [64, 2048, 64] in HBM = 8388608 elems x 2B = 16777216 B  (hbm counted: 16777216 B)
IO     input  arg1_1                 torch [2048, 4096] -> device [64, 2048, 64] in HBM = 8388608 elems x 2B = 16777216 B  (hbm counted: 16777216 B)
IO   op add_1
IO     output op1                    torch [2048, 4096] -> device [64, 2048, 64] in HBM = 8388608 elems x 2B = 16777216 B  (hbm counted: 16777216 B)
IO     input  arg2_1                 torch [2048, 4096] -> device [64, 2048, 64] in HBM = 8388608 elems x 2B = 16777216 B  (hbm counted: 16777216 B)
IO     input  arg3_1                 torch [2048, 4096] -> device [64, 2048, 64] in HBM = 8388608 elems x 2B = 16777216 B  (hbm counted: 16777216 B)
IO   => HBM I/O total = 100663296 B  (lx 0 B, ~free)
MODEL -- estimate (turnaround): T = (R+W)/BW_PEAK + a*min(R,W) --
MODEL   R=67108864 B (read)   W=33554432 B (write)   loop_trip L=1
MODEL   base = (R+W)/150 = 671.09 us
MODEL   turn = a*min(R,W) = 0.00574*33554432 = 192.60 us
MODEL   => T_model = 928.47 us
MODEL FEATS [{"name":"add","is_reduction":false,"out_elems":8388608,"cores":32,"dtype_bytes":2,"args":[{"name":"op0","role":"output","mem":"hbm","elems":8388608,"broadcast":false,"dims":[64,2048,64],"logical":[2048,4096],"loop_factor":1},{"name":"arg0_1","role":"input","mem":"hbm","elems":8388608,"broadcast":false,"dims":[64,2048,64],"logical":[2048,4096],"loop_factor":1},{"name":"arg1_1","role":"input","mem":"hbm","elems":8388608,"broadcast":false,"dims":[64,2048,64],"logical":[2048,4096],"loop_factor":1}],"reduction_cores":1,"loop_trip":1,"tiles_output_dim":false,"tile_rows_per_core":0.0,"is_matmul":false,"matmul_macs":0,"matmul_rows_per_core":0.0,"matmul_cols_per_core":0.0,"matmul_a_bytes":0,"matmul_b_bytes":0,"matmul_m_split":1,"matmul_n_split":1,"hbm_pattern":""},{"name":"add_1","is_reduction":false,"out_elems":8388608,"cores":32,"dtype_bytes":2,"args":[{"name":"op1","role":"output","mem":"hbm","elems":8388608,"broadcast":false,"dims":[64,2048,64],"logical":[2048,4096],"loop_factor":1},{"name":"arg2_1","role":"input","mem":"hbm","elems":8388608,"broadcast":false,"dims":[64,2048,64],"logical":[2048,4096],"loop_factor":1},{"name":"arg3_1","role":"input","mem":"hbm","elems":8388608,"broadcast":false,"dims":[64,2048,64],"logical":[2048,4096],"loop_factor":1}],"reduction_cores":1,"loop_trip":1,"tiles_output_dim":false,"tile_rows_per_core":0.0,"is_matmul":false,"matmul_macs":0,"matmul_rows_per_core":0.0,"matmul_cols_per_core":0.0,"matmul_a_bytes":0,"matmul_b_bytes":0,"matmul_m_split":1,"matmul_n_split":1,"hbm_pattern":""}]
SUMMARY op=add_indep2 rows=2048 cols=4096 cores=32 tiles=0 lx=0 io_hbm_bytes=100663296 kernel_us=877.229 pred_us=928.468 err_pct=+5.8 bw_gbps=114.8 memset_us=505.191 other_dev_us=1592.637 total_dev_us=2975.057
-- add [2048,16384] lx=0
  op_it_space_splits={d0: 32, d1: 1}
IO -- device-layout I/O (cost model, stick-padded) --
IO   op add
IO     output op0                    torch [2048, 16384] -> device [256, 2048, 64] in HBM = 33554432 elems x 2B = 67108864 B  (hbm counted: 67108864 B)
IO     input  arg0_1                 torch [2048, 16384] -> device [256, 2048, 64] in HBM = 33554432 elems x 2B = 67108864 B  (hbm counted: 67108864 B)
IO     input  arg1_1                 torch [2048, 16384] -> device [256, 2048, 64] in HBM = 33554432 elems x 2B = 67108864 B  (hbm counted: 67108864 B)
IO   => HBM I/O total = 201326592 B  (lx 0 B, ~free)
MODEL -- estimate (turnaround): T = (R+W)/BW_PEAK + a*min(R,W) --
MODEL   R=134217728 B (read)   W=67108864 B (write)   loop_trip L=1
MODEL   base = (R+W)/150 = 1342.18 us
MODEL   turn = a*min(R,W) = 0.00574*67108864 = 385.20 us
MODEL   => T_model = 1727.38 us
MODEL FEATS [{"name":"add","is_reduction":false,"out_elems":33554432,"cores":32,"dtype_bytes":2,"args":[{"name":"op0","role":"output","mem":"hbm","elems":33554432,"broadcast":false,"dims":[256,2048,64],"logical":[2048,16384],"loop_factor":1},{"name":"arg0_1","role":"input","mem":"hbm","elems":33554432,"broadcast":false,"dims":[256,2048,64],"logical":[2048,16384],"loop_factor":1},{"name":"arg1_1","role":"input","mem":"hbm","elems":33554432,"broadcast":false,"dims":[256,2048,64],"logical":[2048,16384],"loop_factor":1}],"reduction_cores":1,"loop_trip":1,"tiles_output_dim":false,"tile_rows_per_core":0.0,"is_matmul":false,"matmul_macs":0,"matmul_rows_per_core":0.0,"matmul_cols_per_core":0.0,"matmul_a_bytes":0,"matmul_b_bytes":0,"matmul_m_split":1,"matmul_n_split":1,"hbm_pattern":""}]
SUMMARY op=add rows=2048 cols=16384 cores=32 tiles=0 lx=0 io_hbm_bytes=201326592 kernel_us=1750.889 pred_us=1727.382 err_pct=-1.3 bw_gbps=115.0 memset_us=1061.380 other_dev_us=5670.424 total_dev_us=8482.693
-- add3 [2048,16384] lx=0
  op_it_space_splits={d0: 32, d1: 1}
  op_it_space_splits={d0: 32, d1: 1}
IO -- device-layout I/O (cost model, stick-padded) --
IO   op add
IO     output op0                    torch [2048, 16384] -> device [256, 2048, 64] in HBM = 33554432 elems x 2B = 67108864 B  (hbm counted: 67108864 B)
IO     input  arg0_1                 torch [2048, 16384] -> device [256, 2048, 64] in HBM = 33554432 elems x 2B = 67108864 B  (hbm counted: 67108864 B)
IO     input  arg1_1                 torch [2048, 16384] -> device [256, 2048, 64] in HBM = 33554432 elems x 2B = 67108864 B  (hbm counted: 67108864 B)
IO   op add_1
IO     output op1                    torch [2048, 16384] -> device [256, 2048, 64] in HBM = 33554432 elems x 2B = 67108864 B  (hbm counted: 67108864 B)
IO     input  buf0                   torch [2048, 16384] -> device [256, 2048, 64] in HBM = 33554432 elems x 2B = 67108864 B  (hbm counted: 67108864 B)
IO     input  arg2_1                 torch [2048, 16384] -> device [256, 2048, 64] in HBM = 33554432 elems x 2B = 67108864 B  (hbm counted: 67108864 B)
IO   => HBM I/O total = 402653184 B  (lx 0 B, ~free)
MODEL -- estimate (turnaround): T = (R+W)/BW_PEAK + a*min(R,W) --
MODEL   R=268435456 B (read)   W=134217728 B (write)   loop_trip L=1
MODEL   base = (R+W)/150 = 2684.35 us
MODEL   turn = a*min(R,W) = 0.00574*134217728 = 770.41 us
MODEL   => T_model = 3713.87 us
MODEL FEATS [{"name":"add","is_reduction":false,"out_elems":33554432,"cores":32,"dtype_bytes":2,"args":[{"name":"op0","role":"output","mem":"hbm","elems":33554432,"broadcast":false,"dims":[256,2048,64],"logical":[2048,16384],"loop_factor":1},{"name":"arg0_1","role":"input","mem":"hbm","elems":33554432,"broadcast":false,"dims":[256,2048,64],"logical":[2048,16384],"loop_factor":1},{"name":"arg1_1","role":"input","mem":"hbm","elems":33554432,"broadcast":false,"dims":[256,2048,64],"logical":[2048,16384],"loop_factor":1}],"reduction_cores":1,"loop_trip":1,"tiles_output_dim":false,"tile_rows_per_core":0.0,"is_matmul":false,"matmul_macs":0,"matmul_rows_per_core":0.0,"matmul_cols_per_core":0.0,"matmul_a_bytes":0,"matmul_b_bytes":0,"matmul_m_split":1,"matmul_n_split":1,"hbm_pattern":""},{"name":"add_1","is_reduction":false,"out_elems":33554432,"cores":32,"dtype_bytes":2,"args":[{"name":"op1","role":"output","mem":"hbm","elems":33554432,"broadcast":false,"dims":[256,2048,64],"logical":[2048,16384],"loop_factor":1},{"name":"buf0","role":"input","mem":"hbm","elems":33554432,"broadcast":false,"dims":[256,2048,64],"logical":[2048,16384],"loop_factor":1},{"name":"arg2_1","role":"input","mem":"hbm","elems":33554432,"broadcast":false,"dims":[256,2048,64],"logical":[2048,16384],"loop_factor":1}],"reduction_cores":1,"loop_trip":1,"tiles_output_dim":false,"tile_rows_per_core":0.0,"is_matmul":false,"matmul_macs":0,"matmul_rows_per_core":0.0,"matmul_cols_per_core":0.0,"matmul_a_bytes":0,"matmul_b_bytes":0,"matmul_m_split":1,"matmul_n_split":1,"hbm_pattern":""}]
SUMMARY op=add3 rows=2048 cols=16384 cores=32 tiles=0 lx=0 io_hbm_bytes=402653184 kernel_us=3738.944 pred_us=3713.872 err_pct=-0.7 bw_gbps=107.7 memset_us=1085.996 other_dev_us=6075.527 total_dev_us=10900.467
-- add4 [2048,16384] lx=0
  op_it_space_splits={d0: 32, d1: 1}
  op_it_space_splits={d0: 32, d1: 1}
  op_it_space_splits={d0: 32, d1: 1}
IO -- device-layout I/O (cost model, stick-padded) --
IO   op add
IO     output op0                    torch [2048, 16384] -> device [256, 2048, 64] in HBM = 33554432 elems x 2B = 67108864 B  (hbm counted: 67108864 B)
IO     input  arg0_1                 torch [2048, 16384] -> device [256, 2048, 64] in HBM = 33554432 elems x 2B = 67108864 B  (hbm counted: 67108864 B)
IO     input  arg1_1                 torch [2048, 16384] -> device [256, 2048, 64] in HBM = 33554432 elems x 2B = 67108864 B  (hbm counted: 67108864 B)
IO   op add_1
IO     output op1                    torch [2048, 16384] -> device [256, 2048, 64] in HBM = 33554432 elems x 2B = 67108864 B  (hbm counted: 67108864 B)
IO     input  buf0                   torch [2048, 16384] -> device [256, 2048, 64] in HBM = 33554432 elems x 2B = 67108864 B  (hbm counted: 67108864 B)
IO     input  arg2_1                 torch [2048, 16384] -> device [256, 2048, 64] in HBM = 33554432 elems x 2B = 67108864 B  (hbm counted: 67108864 B)
IO   op add_2
IO     output op2                    torch [2048, 16384] -> device [256, 2048, 64] in HBM = 33554432 elems x 2B = 67108864 B  (hbm counted: 67108864 B)
IO     input  buf1                   torch [2048, 16384] -> device [256, 2048, 64] in HBM = 33554432 elems x 2B = 67108864 B  (hbm counted: 67108864 B)
IO     input  arg3_1                 torch [2048, 16384] -> device [256, 2048, 64] in HBM = 33554432 elems x 2B = 67108864 B  (hbm counted: 67108864 B)
IO   => HBM I/O total = 603979776 B  (lx 0 B, ~free)
MODEL -- estimate (turnaround): T = (R+W)/BW_PEAK + a*min(R,W) --
MODEL   R=402653184 B (read)   W=201326592 B (write)   loop_trip L=1
MODEL   base = (R+W)/150 = 4026.53 us
MODEL   turn = a*min(R,W) = 0.00574*201326592 = 1155.61 us
MODEL   => T_model = 5959.47 us
MODEL FEATS [{"name":"add","is_reduction":false,"out_elems":33554432,"cores":32,"dtype_bytes":2,"args":[{"name":"op0","role":"output","mem":"hbm","elems":33554432,"broadcast":false,"dims":[256,2048,64],"logical":[2048,16384],"loop_factor":1},{"name":"arg0_1","role":"input","mem":"hbm","elems":33554432,"broadcast":false,"dims":[256,2048,64],"logical":[2048,16384],"loop_factor":1},{"name":"arg1_1","role":"input","mem":"hbm","elems":33554432,"broadcast":false,"dims":[256,2048,64],"logical":[2048,16384],"loop_factor":1}],"reduction_cores":1,"loop_trip":1,"tiles_output_dim":false,"tile_rows_per_core":0.0,"is_matmul":false,"matmul_macs":0,"matmul_rows_per_core":0.0,"matmul_cols_per_core":0.0,"matmul_a_bytes":0,"matmul_b_bytes":0,"matmul_m_split":1,"matmul_n_split":1,"hbm_pattern":""},{"name":"add_1","is_reduction":false,"out_elems":33554432,"cores":32,"dtype_bytes":2,"args":[{"name":"op1","role":"output","mem":"hbm","elems":33554432,"broadcast":false,"dims":[256,2048,64],"logical":[2048,16384],"loop_factor":1},{"name":"buf0","role":"input","mem":"hbm","elems":33554432,"broadcast":false,"dims":[256,2048,64],"logical":[2048,16384],"loop_factor":1},{"name":"arg2_1","role":"input","mem":"hbm","elems":33554432,"broadcast":false,"dims":[256,2048,64],"logical":[2048,16384],"loop_factor":1}],"reduction_cores":1,"loop_trip":1,"tiles_output_dim":false,"tile_rows_per_core":0.0,"is_matmul":false,"matmul_macs":0,"matmul_rows_per_core":0.0,"matmul_cols_per_core":0.0,"matmul_a_bytes":0,"matmul_b_bytes":0,"matmul_m_split":1,"matmul_n_split":1,"hbm_pattern":""},{"name":"add_2","is_reduction":false,"out_elems":33554432,"cores":32,"dtype_bytes":2,"args":[{"name":"op2","role":"output","mem":"hbm","elems":33554432,"broadcast":false,"dims":[256,2048,64],"logical":[2048,16384],"loop_factor":1},{"name":"buf1","role":"input","mem":"hbm","elems":33554432,"broadcast":false,"dims":[256,2048,64],"logical":[2048,16384],"loop_factor":1},{"name":"arg3_1","role":"input","mem":"hbm","elems":33554432,"broadcast":false,"dims":[256,2048,64],"logical":[2048,16384],"loop_factor":1}],"reduction_cores":1,"loop_trip":1,"tiles_output_dim":false,"tile_rows_per_core":0.0,"is_matmul":false,"matmul_macs":0,"matmul_rows_per_core":0.0,"matmul_cols_per_core":0.0,"matmul_a_bytes":0,"matmul_b_bytes":0,"matmul_m_split":1,"matmul_n_split":1,"hbm_pattern":""}]
SUMMARY op=add4 rows=2048 cols=16384 cores=32 tiles=0 lx=0 io_hbm_bytes=603979776 kernel_us=6147.211 pred_us=5959.468 err_pct=-3.1 bw_gbps=98.3 memset_us=1079.297 other_dev_us=5785.717 total_dev_us=13012.225
-- add5 [2048,16384] lx=0
  op_it_space_splits={d0: 32, d1: 1}
  op_it_space_splits={d0: 32, d1: 1}
  op_it_space_splits={d0: 32, d1: 1}
  op_it_space_splits={d0: 32, d1: 1}
IO -- device-layout I/O (cost model, stick-padded) --
IO   op add
IO     output op0                    torch [2048, 16384] -> device [256, 2048, 64] in HBM = 33554432 elems x 2B = 67108864 B  (hbm counted: 67108864 B)
IO     input  arg0_1                 torch [2048, 16384] -> device [256, 2048, 64] in HBM = 33554432 elems x 2B = 67108864 B  (hbm counted: 67108864 B)
IO     input  arg1_1                 torch [2048, 16384] -> device [256, 2048, 64] in HBM = 33554432 elems x 2B = 67108864 B  (hbm counted: 67108864 B)
IO   op add_1
IO     output op1                    torch [2048, 16384] -> device [256, 2048, 64] in HBM = 33554432 elems x 2B = 67108864 B  (hbm counted: 67108864 B)
IO     input  buf0                   torch [2048, 16384] -> device [256, 2048, 64] in HBM = 33554432 elems x 2B = 67108864 B  (hbm counted: 67108864 B)
IO     input  arg2_1                 torch [2048, 16384] -> device [256, 2048, 64] in HBM = 33554432 elems x 2B = 67108864 B  (hbm counted: 67108864 B)
IO   op add_2
IO     output op2                    torch [2048, 16384] -> device [256, 2048, 64] in HBM = 33554432 elems x 2B = 67108864 B  (hbm counted: 67108864 B)
IO     input  buf1                   torch [2048, 16384] -> device [256, 2048, 64] in HBM = 33554432 elems x 2B = 67108864 B  (hbm counted: 67108864 B)
IO     input  arg3_1                 torch [2048, 16384] -> device [256, 2048, 64] in HBM = 33554432 elems x 2B = 67108864 B  (hbm counted: 67108864 B)
IO   op add_3
IO     output op3                    torch [2048, 16384] -> device [256, 2048, 64] in HBM = 33554432 elems x 2B = 67108864 B  (hbm counted: 67108864 B)
IO     input  buf2                   torch [2048, 16384] -> device [256, 2048, 64] in HBM = 33554432 elems x 2B = 67108864 B  (hbm counted: 67108864 B)
IO     input  arg4_1                 torch [2048, 16384] -> device [256, 2048, 64] in HBM = 33554432 elems x 2B = 67108864 B  (hbm counted: 67108864 B)
IO   => HBM I/O total = 805306368 B  (lx 0 B, ~free)
MODEL -- estimate (turnaround): T = (R+W)/BW_PEAK + a*min(R,W) --
MODEL   R=536870912 B (read)   W=268435456 B (write)   loop_trip L=1
MODEL   base = (R+W)/150 = 5368.71 us
MODEL   turn = a*min(R,W) = 0.00574*268435456 = 1540.82 us
MODEL   => T_model = 8464.17 us
MODEL FEATS [{"name":"add","is_reduction":false,"out_elems":33554432,"cores":32,"dtype_bytes":2,"args":[{"name":"op0","role":"output","mem":"hbm","elems":33554432,"broadcast":false,"dims":[256,2048,64],"logical":[2048,16384],"loop_factor":1},{"name":"arg0_1","role":"input","mem":"hbm","elems":33554432,"broadcast":false,"dims":[256,2048,64],"logical":[2048,16384],"loop_factor":1},{"name":"arg1_1","role":"input","mem":"hbm","elems":33554432,"broadcast":false,"dims":[256,2048,64],"logical":[2048,16384],"loop_factor":1}],"reduction_cores":1,"loop_trip":1,"tiles_output_dim":false,"tile_rows_per_core":0.0,"is_matmul":false,"matmul_macs":0,"matmul_rows_per_core":0.0,"matmul_cols_per_core":0.0,"matmul_a_bytes":0,"matmul_b_bytes":0,"matmul_m_split":1,"matmul_n_split":1,"hbm_pattern":""},{"name":"add_1","is_reduction":false,"out_elems":33554432,"cores":32,"dtype_bytes":2,"args":[{"name":"op1","role":"output","mem":"hbm","elems":33554432,"broadcast":false,"dims":[256,2048,64],"logical":[2048,16384],"loop_factor":1},{"name":"buf0","role":"input","mem":"hbm","elems":33554432,"broadcast":false,"dims":[256,2048,64],"logical":[2048,16384],"loop_factor":1},{"name":"arg2_1","role":"input","mem":"hbm","elems":33554432,"broadcast":false,"dims":[256,2048,64],"logical":[2048,16384],"loop_factor":1}],"reduction_cores":1,"loop_trip":1,"tiles_output_dim":false,"tile_rows_per_core":0.0,"is_matmul":false,"matmul_macs":0,"matmul_rows_per_core":0.0,"matmul_cols_per_core":0.0,"matmul_a_bytes":0,"matmul_b_bytes":0,"matmul_m_split":1,"matmul_n_split":1,"hbm_pattern":""},{"name":"add_2","is_reduction":false,"out_elems":33554432,"cores":32,"dtype_bytes":2,"args":[{"name":"op2","role":"output","mem":"hbm","elems":33554432,"broadcast":false,"dims":[256,2048,64],"logical":[2048,16384],"loop_factor":1},{"name":"buf1","role":"input","mem":"hbm","elems":33554432,"broadcast":false,"dims":[256,2048,64],"logical":[2048,16384],"loop_factor":1},{"name":"arg3_1","role":"input","mem":"hbm","elems":33554432,"broadcast":false,"dims":[256,2048,64],"logical":[2048,16384],"loop_factor":1}],"reduction_cores":1,"loop_trip":1,"tiles_output_dim":false,"tile_rows_per_core":0.0,"is_matmul":false,"matmul_macs":0,"matmul_rows_per_core":0.0,"matmul_cols_per_core":0.0,"matmul_a_bytes":0,"matmul_b_bytes":0,"matmul_m_split":1,"matmul_n_split":1,"hbm_pattern":""},{"name":"add_3","is_reduction":false,"out_elems":33554432,"cores":32,"dtype_bytes":2,"args":[{"name":"op3","role":"output","mem":"hbm","elems":33554432,"broadcast":false,"dims":[256,2048,64],"logical":[2048,16384],"loop_factor":1},{"name":"buf2","role":"input","mem":"hbm","elems":33554432,"broadcast":false,"dims":[256,2048,64],"logical":[2048,16384],"loop_factor":1},{"name":"arg4_1","role":"input","mem":"hbm","elems":33554432,"broadcast":false,"dims":[256,2048,64],"logical":[2048,16384],"loop_factor":1}],"reduction_cores":1,"loop_trip":1,"tiles_output_dim":false,"tile_rows_per_core":0.0,"is_matmul":false,"matmul_macs":0,"matmul_rows_per_core":0.0,"matmul_cols_per_core":0.0,"matmul_a_bytes":0,"matmul_b_bytes":0,"matmul_m_split":1,"matmul_n_split":1,"hbm_pattern":""}]
SUMMARY op=add5 rows=2048 cols=16384 cores=32 tiles=0 lx=0 io_hbm_bytes=805306368 kernel_us=8204.828 pred_us=8464.173 err_pct=+3.2 bw_gbps=98.2 memset_us=1075.588 other_dev_us=6190.904 total_dev_us=15471.320
-- add6 [2048,16384] lx=0
  op_it_space_splits={d0: 32, d1: 1}
  op_it_space_splits={d0: 32, d1: 1}
  op_it_space_splits={d0: 32, d1: 1}
  op_it_space_splits={d0: 32, d1: 1}
  op_it_space_splits={d0: 32, d1: 1}
IO -- device-layout I/O (cost model, stick-padded) --
IO   op add
IO     output op0                    torch [2048, 16384] -> device [256, 2048, 64] in HBM = 33554432 elems x 2B = 67108864 B  (hbm counted: 67108864 B)
IO     input  arg0_1                 torch [2048, 16384] -> device [256, 2048, 64] in HBM = 33554432 elems x 2B = 67108864 B  (hbm counted: 67108864 B)
IO     input  arg1_1                 torch [2048, 16384] -> device [256, 2048, 64] in HBM = 33554432 elems x 2B = 67108864 B  (hbm counted: 67108864 B)
IO   op add_1
IO     output op1                    torch [2048, 16384] -> device [256, 2048, 64] in HBM = 33554432 elems x 2B = 67108864 B  (hbm counted: 67108864 B)
IO     input  buf0                   torch [2048, 16384] -> device [256, 2048, 64] in HBM = 33554432 elems x 2B = 67108864 B  (hbm counted: 67108864 B)
IO     input  arg2_1                 torch [2048, 16384] -> device [256, 2048, 64] in HBM = 33554432 elems x 2B = 67108864 B  (hbm counted: 67108864 B)
IO   op add_2
IO     output op2                    torch [2048, 16384] -> device [256, 2048, 64] in HBM = 33554432 elems x 2B = 67108864 B  (hbm counted: 67108864 B)
IO     input  buf1                   torch [2048, 16384] -> device [256, 2048, 64] in HBM = 33554432 elems x 2B = 67108864 B  (hbm counted: 67108864 B)
IO     input  arg3_1                 torch [2048, 16384] -> device [256, 2048, 64] in HBM = 33554432 elems x 2B = 67108864 B  (hbm counted: 67108864 B)
IO   op add_3
IO     output op3                    torch [2048, 16384] -> device [256, 2048, 64] in HBM = 33554432 elems x 2B = 67108864 B  (hbm counted: 67108864 B)
IO     input  buf2                   torch [2048, 16384] -> device [256, 2048, 64] in HBM = 33554432 elems x 2B = 67108864 B  (hbm counted: 67108864 B)
IO     input  arg4_1                 torch [2048, 16384] -> device [256, 2048, 64] in HBM = 33554432 elems x 2B = 67108864 B  (hbm counted: 67108864 B)
IO   op add_4
IO     output op4                    torch [2048, 16384] -> device [256, 2048, 64] in HBM = 33554432 elems x 2B = 67108864 B  (hbm counted: 67108864 B)
IO     input  buf3                   torch [2048, 16384] -> device [256, 2048, 64] in HBM = 33554432 elems x 2B = 67108864 B  (hbm counted: 67108864 B)
IO     input  arg5_1                 torch [2048, 16384] -> device [256, 2048, 64] in HBM = 33554432 elems x 2B = 67108864 B  (hbm counted: 67108864 B)
IO   => HBM I/O total = 1006632960 B  (lx 0 B, ~free)
MODEL -- estimate (turnaround): T = (R+W)/BW_PEAK + a*min(R,W) --
MODEL   R=671088640 B (read)   W=335544320 B (write)   loop_trip L=1
MODEL   base = (R+W)/150 = 6710.89 us
MODEL   turn = a*min(R,W) = 0.00574*335544320 = 1926.02 us
MODEL   => T_model = 11227.98 us
MODEL FEATS [{"name":"add","is_reduction":false,"out_elems":33554432,"cores":32,"dtype_bytes":2,"args":[{"name":"op0","role":"output","mem":"hbm","elems":33554432,"broadcast":false,"dims":[256,2048,64],"logical":[2048,16384],"loop_factor":1},{"name":"arg0_1","role":"input","mem":"hbm","elems":33554432,"broadcast":false,"dims":[256,2048,64],"logical":[2048,16384],"loop_factor":1},{"name":"arg1_1","role":"input","mem":"hbm","elems":33554432,"broadcast":false,"dims":[256,2048,64],"logical":[2048,16384],"loop_factor":1}],"reduction_cores":1,"loop_trip":1,"tiles_output_dim":false,"tile_rows_per_core":0.0,"is_matmul":false,"matmul_macs":0,"matmul_rows_per_core":0.0,"matmul_cols_per_core":0.0,"matmul_a_bytes":0,"matmul_b_bytes":0,"matmul_m_split":1,"matmul_n_split":1,"hbm_pattern":""},{"name":"add_1","is_reduction":false,"out_elems":33554432,"cores":32,"dtype_bytes":2,"args":[{"name":"op1","role":"output","mem":"hbm","elems":33554432,"broadcast":false,"dims":[256,2048,64],"logical":[2048,16384],"loop_factor":1},{"name":"buf0","role":"input","mem":"hbm","elems":33554432,"broadcast":false,"dims":[256,2048,64],"logical":[2048,16384],"loop_factor":1},{"name":"arg2_1","role":"input","mem":"hbm","elems":33554432,"broadcast":false,"dims":[256,2048,64],"logical":[2048,16384],"loop_factor":1}],"reduction_cores":1,"loop_trip":1,"tiles_output_dim":false,"tile_rows_per_core":0.0,"is_matmul":false,"matmul_macs":0,"matmul_rows_per_core":0.0,"matmul_cols_per_core":0.0,"matmul_a_bytes":0,"matmul_b_bytes":0,"matmul_m_split":1,"matmul_n_split":1,"hbm_pattern":""},{"name":"add_2","is_reduction":false,"out_elems":33554432,"cores":32,"dtype_bytes":2,"args":[{"name":"op2","role":"output","mem":"hbm","elems":33554432,"broadcast":false,"dims":[256,2048,64],"logical":[2048,16384],"loop_factor":1},{"name":"buf1","role":"input","mem":"hbm","elems":33554432,"broadcast":false,"dims":[256,2048,64],"logical":[2048,16384],"loop_factor":1},{"name":"arg3_1","role":"input","mem":"hbm","elems":33554432,"broadcast":false,"dims":[256,2048,64],"logical":[2048,16384],"loop_factor":1}],"reduction_cores":1,"loop_trip":1,"tiles_output_dim":false,"tile_rows_per_core":0.0,"is_matmul":false,"matmul_macs":0,"matmul_rows_per_core":0.0,"matmul_cols_per_core":0.0,"matmul_a_bytes":0,"matmul_b_bytes":0,"matmul_m_split":1,"matmul_n_split":1,"hbm_pattern":""},{"name":"add_3","is_reduction":false,"out_elems":33554432,"cores":32,"dtype_bytes":2,"args":[{"name":"op3","role":"output","mem":"hbm","elems":33554432,"broadcast":false,"dims":[256,2048,64],"logical":[2048,16384],"loop_factor":1},{"name":"buf2","role":"input","mem":"hbm","elems":33554432,"broadcast":false,"dims":[256,2048,64],"logical":[2048,16384],"loop_factor":1},{"name":"arg4_1","role":"input","mem":"hbm","elems":33554432,"broadcast":false,"dims":[256,2048,64],"logical":[2048,16384],"loop_factor":1}],"reduction_cores":1,"loop_trip":1,"tiles_output_dim":false,"tile_rows_per_core":0.0,"is_matmul":false,"matmul_macs":0,"matmul_rows_per_core":0.0,"matmul_cols_per_core":0.0,"matmul_a_bytes":0,"matmul_b_bytes":0,"matmul_m_split":1,"matmul_n_split":1,"hbm_pattern":""},{"name":"add_4","is_reduction":false,"out_elems":33554432,"cores":32,"dtype_bytes":2,"args":[{"name":"op4","role":"output","mem":"hbm","elems":33554432,"broadcast":false,"dims":[256,2048,64],"logical":[2048,16384],"loop_factor":1},{"name":"buf3","role":"input","mem":"hbm","elems":33554432,"broadcast":false,"dims":[256,2048,64],"logical":[2048,16384],"loop_factor":1},{"name":"arg5_1","role":"input","mem":"hbm","elems":33554432,"broadcast":false,"dims":[256,2048,64],"logical":[2048,16384],"loop_factor":1}],"reduction_cores":1,"loop_trip":1,"tiles_output_dim":false,"tile_rows_per_core":0.0,"is_matmul":false,"matmul_macs":0,"matmul_rows_per_core":0.0,"matmul_cols_per_core":0.0,"matmul_a_bytes":0,"matmul_b_bytes":0,"matmul_m_split":1,"matmul_n_split":1,"hbm_pattern":""}]
SUMMARY op=add6 rows=2048 cols=16384 cores=32 tiles=0 lx=0 io_hbm_bytes=1006632960 kernel_us=10257.249 pred_us=11227.984 err_pct=+9.5 bw_gbps=98.1 memset_us=1100.335 other_dev_us=6117.797 total_dev_us=17475.381
-- add3_sep [2048,16384] lx=0
  op_it_space_splits={d0: 32, d1: 1}
IO -- device-layout I/O (cost model, stick-padded) --
IO   op add
IO     output op0                    torch [2048, 16384] -> device [256, 2048, 64] in HBM = 33554432 elems x 2B = 67108864 B  (hbm counted: 67108864 B)
IO     input  arg0_1                 torch [2048, 16384] -> device [256, 2048, 64] in HBM = 33554432 elems x 2B = 67108864 B  (hbm counted: 67108864 B)
IO     input  arg1_1                 torch [2048, 16384] -> device [256, 2048, 64] in HBM = 33554432 elems x 2B = 67108864 B  (hbm counted: 67108864 B)
IO   => HBM I/O total = 201326592 B  (lx 0 B, ~free)
MODEL -- estimate (turnaround): T = (R+W)/BW_PEAK + a*min(R,W) --
MODEL   R=134217728 B (read)   W=67108864 B (write)   loop_trip L=1
MODEL   base = (R+W)/150 = 1342.18 us
MODEL   turn = a*min(R,W) = 0.00574*67108864 = 385.20 us
MODEL   => T_model = 1727.38 us
MODEL FEATS [{"name":"add","is_reduction":false,"out_elems":33554432,"cores":32,"dtype_bytes":2,"args":[{"name":"op0","role":"output","mem":"hbm","elems":33554432,"broadcast":false,"dims":[256,2048,64],"logical":[2048,16384],"loop_factor":1},{"name":"arg0_1","role":"input","mem":"hbm","elems":33554432,"broadcast":false,"dims":[256,2048,64],"logical":[2048,16384],"loop_factor":1},{"name":"arg1_1","role":"input","mem":"hbm","elems":33554432,"broadcast":false,"dims":[256,2048,64],"logical":[2048,16384],"loop_factor":1}],"reduction_cores":1,"loop_trip":1,"tiles_output_dim":false,"tile_rows_per_core":0.0,"is_matmul":false,"matmul_macs":0,"matmul_rows_per_core":0.0,"matmul_cols_per_core":0.0,"matmul_a_bytes":0,"matmul_b_bytes":0,"matmul_m_split":1,"matmul_n_split":1,"hbm_pattern":""}]
SUMMARY op=add3_sep rows=2048 cols=16384 cores=32 tiles=0 lx=0 io_hbm_bytes=201326592 kernel_us=3721.774 pred_us=1727.382 err_pct=-53.6 bw_gbps=54.1 memset_us=1108.724 other_dev_us=6199.246 total_dev_us=11029.744
-- add4_sep [2048,16384] lx=0
  op_it_space_splits={d0: 32, d1: 1}
IO -- device-layout I/O (cost model, stick-padded) --
IO   op add
IO     output op0                    torch [2048, 16384] -> device [256, 2048, 64] in HBM = 33554432 elems x 2B = 67108864 B  (hbm counted: 67108864 B)
IO     input  arg0_1                 torch [2048, 16384] -> device [256, 2048, 64] in HBM = 33554432 elems x 2B = 67108864 B  (hbm counted: 67108864 B)
IO     input  arg1_1                 torch [2048, 16384] -> device [256, 2048, 64] in HBM = 33554432 elems x 2B = 67108864 B  (hbm counted: 67108864 B)
IO   => HBM I/O total = 201326592 B  (lx 0 B, ~free)
MODEL -- estimate (turnaround): T = (R+W)/BW_PEAK + a*min(R,W) --
MODEL   R=134217728 B (read)   W=67108864 B (write)   loop_trip L=1
MODEL   base = (R+W)/150 = 1342.18 us
MODEL   turn = a*min(R,W) = 0.00574*67108864 = 385.20 us
MODEL   => T_model = 1727.38 us
MODEL FEATS [{"name":"add","is_reduction":false,"out_elems":33554432,"cores":32,"dtype_bytes":2,"args":[{"name":"op0","role":"output","mem":"hbm","elems":33554432,"broadcast":false,"dims":[256,2048,64],"logical":[2048,16384],"loop_factor":1},{"name":"arg0_1","role":"input","mem":"hbm","elems":33554432,"broadcast":false,"dims":[256,2048,64],"logical":[2048,16384],"loop_factor":1},{"name":"arg1_1","role":"input","mem":"hbm","elems":33554432,"broadcast":false,"dims":[256,2048,64],"logical":[2048,16384],"loop_factor":1}],"reduction_cores":1,"loop_trip":1,"tiles_output_dim":false,"tile_rows_per_core":0.0,"is_matmul":false,"matmul_macs":0,"matmul_rows_per_core":0.0,"matmul_cols_per_core":0.0,"matmul_a_bytes":0,"matmul_b_bytes":0,"matmul_m_split":1,"matmul_n_split":1,"hbm_pattern":""}]
SUMMARY op=add4_sep rows=2048 cols=16384 cores=32 tiles=0 lx=0 io_hbm_bytes=201326592 kernel_us=5549.730 pred_us=1727.382 err_pct=-68.9 bw_gbps=36.3 memset_us=1108.853 other_dev_us=5740.818 total_dev_us=12399.401
-- add5_sep [2048,16384] lx=0
  op_it_space_splits={d0: 32, d1: 1}
IO -- device-layout I/O (cost model, stick-padded) --
IO   op add
IO     output op0                    torch [2048, 16384] -> device [256, 2048, 64] in HBM = 33554432 elems x 2B = 67108864 B  (hbm counted: 67108864 B)
IO     input  arg0_1                 torch [2048, 16384] -> device [256, 2048, 64] in HBM = 33554432 elems x 2B = 67108864 B  (hbm counted: 67108864 B)
IO     input  arg1_1                 torch [2048, 16384] -> device [256, 2048, 64] in HBM = 33554432 elems x 2B = 67108864 B  (hbm counted: 67108864 B)
IO   => HBM I/O total = 201326592 B  (lx 0 B, ~free)
MODEL -- estimate (turnaround): T = (R+W)/BW_PEAK + a*min(R,W) --
MODEL   R=134217728 B (read)   W=67108864 B (write)   loop_trip L=1
MODEL   base = (R+W)/150 = 1342.18 us
MODEL   turn = a*min(R,W) = 0.00574*67108864 = 385.20 us
MODEL   => T_model = 1727.38 us
MODEL FEATS [{"name":"add","is_reduction":false,"out_elems":33554432,"cores":32,"dtype_bytes":2,"args":[{"name":"op0","role":"output","mem":"hbm","elems":33554432,"broadcast":false,"dims":[256,2048,64],"logical":[2048,16384],"loop_factor":1},{"name":"arg0_1","role":"input","mem":"hbm","elems":33554432,"broadcast":false,"dims":[256,2048,64],"logical":[2048,16384],"loop_factor":1},{"name":"arg1_1","role":"input","mem":"hbm","elems":33554432,"broadcast":false,"dims":[256,2048,64],"logical":[2048,16384],"loop_factor":1}],"reduction_cores":1,"loop_trip":1,"tiles_output_dim":false,"tile_rows_per_core":0.0,"is_matmul":false,"matmul_macs":0,"matmul_rows_per_core":0.0,"matmul_cols_per_core":0.0,"matmul_a_bytes":0,"matmul_b_bytes":0,"matmul_m_split":1,"matmul_n_split":1,"hbm_pattern":""}]
SUMMARY op=add5_sep rows=2048 cols=16384 cores=32 tiles=0 lx=0 io_hbm_bytes=201326592 kernel_us=8139.507 pred_us=1727.382 err_pct=-78.8 bw_gbps=24.7 memset_us=1077.416 other_dev_us=6236.184 total_dev_us=15453.107
-- add6_sep [2048,16384] lx=0
  op_it_space_splits={d0: 32, d1: 1}
IO -- device-layout I/O (cost model, stick-padded) --
IO   op add
IO     output op0                    torch [2048, 16384] -> device [256, 2048, 64] in HBM = 33554432 elems x 2B = 67108864 B  (hbm counted: 67108864 B)
IO     input  arg0_1                 torch [2048, 16384] -> device [256, 2048, 64] in HBM = 33554432 elems x 2B = 67108864 B  (hbm counted: 67108864 B)
IO     input  arg1_1                 torch [2048, 16384] -> device [256, 2048, 64] in HBM = 33554432 elems x 2B = 67108864 B  (hbm counted: 67108864 B)
IO   => HBM I/O total = 201326592 B  (lx 0 B, ~free)
MODEL -- estimate (turnaround): T = (R+W)/BW_PEAK + a*min(R,W) --
MODEL   R=134217728 B (read)   W=67108864 B (write)   loop_trip L=1
MODEL   base = (R+W)/150 = 1342.18 us
MODEL   turn = a*min(R,W) = 0.00574*67108864 = 385.20 us
MODEL   => T_model = 1727.38 us
MODEL FEATS [{"name":"add","is_reduction":false,"out_elems":33554432,"cores":32,"dtype_bytes":2,"args":[{"name":"op0","role":"output","mem":"hbm","elems":33554432,"broadcast":false,"dims":[256,2048,64],"logical":[2048,16384],"loop_factor":1},{"name":"arg0_1","role":"input","mem":"hbm","elems":33554432,"broadcast":false,"dims":[256,2048,64],"logical":[2048,16384],"loop_factor":1},{"name":"arg1_1","role":"input","mem":"hbm","elems":33554432,"broadcast":false,"dims":[256,2048,64],"logical":[2048,16384],"loop_factor":1}],"reduction_cores":1,"loop_trip":1,"tiles_output_dim":false,"tile_rows_per_core":0.0,"is_matmul":false,"matmul_macs":0,"matmul_rows_per_core":0.0,"matmul_cols_per_core":0.0,"matmul_a_bytes":0,"matmul_b_bytes":0,"matmul_m_split":1,"matmul_n_split":1,"hbm_pattern":""}]
SUMMARY op=add6_sep rows=2048 cols=16384 cores=32 tiles=0 lx=0 io_hbm_bytes=201326592 kernel_us=10205.175 pred_us=1727.382 err_pct=-83.1 bw_gbps=19.7 memset_us=1095.771 other_dev_us=5989.295 total_dev_us=17290.241
-- add_indep2 [2048,16384] lx=0
  op_it_space_splits={d0: 32, d1: 1}
  op_it_space_splits={d0: 32, d1: 1}
IO -- device-layout I/O (cost model, stick-padded) --
IO   op add
IO     output op0                    torch [2048, 16384] -> device [256, 2048, 64] in HBM = 33554432 elems x 2B = 67108864 B  (hbm counted: 67108864 B)
IO     input  arg0_1                 torch [2048, 16384] -> device [256, 2048, 64] in HBM = 33554432 elems x 2B = 67108864 B  (hbm counted: 67108864 B)
IO     input  arg1_1                 torch [2048, 16384] -> device [256, 2048, 64] in HBM = 33554432 elems x 2B = 67108864 B  (hbm counted: 67108864 B)
IO   op add_1
IO     output op1                    torch [2048, 16384] -> device [256, 2048, 64] in HBM = 33554432 elems x 2B = 67108864 B  (hbm counted: 67108864 B)
IO     input  arg2_1                 torch [2048, 16384] -> device [256, 2048, 64] in HBM = 33554432 elems x 2B = 67108864 B  (hbm counted: 67108864 B)
IO     input  arg3_1                 torch [2048, 16384] -> device [256, 2048, 64] in HBM = 33554432 elems x 2B = 67108864 B  (hbm counted: 67108864 B)
IO   => HBM I/O total = 402653184 B  (lx 0 B, ~free)
MODEL -- estimate (turnaround): T = (R+W)/BW_PEAK + a*min(R,W) --
MODEL   R=268435456 B (read)   W=134217728 B (write)   loop_trip L=1
MODEL   base = (R+W)/150 = 2684.35 us
MODEL   turn = a*min(R,W) = 0.00574*134217728 = 770.41 us
MODEL   => T_model = 3713.87 us
MODEL FEATS [{"name":"add","is_reduction":false,"out_elems":33554432,"cores":32,"dtype_bytes":2,"args":[{"name":"op0","role":"output","mem":"hbm","elems":33554432,"broadcast":false,"dims":[256,2048,64],"logical":[2048,16384],"loop_factor":1},{"name":"arg0_1","role":"input","mem":"hbm","elems":33554432,"broadcast":false,"dims":[256,2048,64],"logical":[2048,16384],"loop_factor":1},{"name":"arg1_1","role":"input","mem":"hbm","elems":33554432,"broadcast":false,"dims":[256,2048,64],"logical":[2048,16384],"loop_factor":1}],"reduction_cores":1,"loop_trip":1,"tiles_output_dim":false,"tile_rows_per_core":0.0,"is_matmul":false,"matmul_macs":0,"matmul_rows_per_core":0.0,"matmul_cols_per_core":0.0,"matmul_a_bytes":0,"matmul_b_bytes":0,"matmul_m_split":1,"matmul_n_split":1,"hbm_pattern":""},{"name":"add_1","is_reduction":false,"out_elems":33554432,"cores":32,"dtype_bytes":2,"args":[{"name":"op1","role":"output","mem":"hbm","elems":33554432,"broadcast":false,"dims":[256,2048,64],"logical":[2048,16384],"loop_factor":1},{"name":"arg2_1","role":"input","mem":"hbm","elems":33554432,"broadcast":false,"dims":[256,2048,64],"logical":[2048,16384],"loop_factor":1},{"name":"arg3_1","role":"input","mem":"hbm","elems":33554432,"broadcast":false,"dims":[256,2048,64],"logical":[2048,16384],"loop_factor":1}],"reduction_cores":1,"loop_trip":1,"tiles_output_dim":false,"tile_rows_per_core":0.0,"is_matmul":false,"matmul_macs":0,"matmul_rows_per_core":0.0,"matmul_cols_per_core":0.0,"matmul_a_bytes":0,"matmul_b_bytes":0,"matmul_m_split":1,"matmul_n_split":1,"hbm_pattern":""}]
SUMMARY op=add_indep2 rows=2048 cols=16384 cores=32 tiles=0 lx=0 io_hbm_bytes=402653184 kernel_us=3501.723 pred_us=3713.872 err_pct=+6.1 bw_gbps=115.0 memset_us=2092.970 other_dev_us=12249.007 total_dev_us=17843.700
-- add [2048,1024] lx=0
  op_it_space_splits={d0: 32, d1: 1}
IO -- device-layout I/O (cost model, stick-padded) --
IO   op add
IO     output op0                    torch [2048, 1024] -> device [16, 2048, 64] in HBM = 2097152 elems x 2B = 4194304 B  (hbm counted: 4194304 B)
IO     input  arg0_1                 torch [2048, 1024] -> device [16, 2048, 64] in HBM = 2097152 elems x 2B = 4194304 B  (hbm counted: 4194304 B)
IO     input  arg1_1                 torch [2048, 1024] -> device [16, 2048, 64] in HBM = 2097152 elems x 2B = 4194304 B  (hbm counted: 4194304 B)
IO   => HBM I/O total = 12582912 B  (lx 0 B, ~free)
MODEL -- estimate (turnaround): T = (R+W)/BW_PEAK + a*min(R,W) --
MODEL   R=8388608 B (read)   W=4194304 B (write)   loop_trip L=1
MODEL   base = (R+W)/150 = 83.89 us
MODEL   turn = a*min(R,W) = 0.00574*4194304 = 24.08 us
MODEL   => T_model = 107.96 us
MODEL FEATS [{"name":"add","is_reduction":false,"out_elems":2097152,"cores":32,"dtype_bytes":2,"args":[{"name":"op0","role":"output","mem":"hbm","elems":2097152,"broadcast":false,"dims":[16,2048,64],"logical":[2048,1024],"loop_factor":1},{"name":"arg0_1","role":"input","mem":"hbm","elems":2097152,"broadcast":false,"dims":[16,2048,64],"logical":[2048,1024],"loop_factor":1},{"name":"arg1_1","role":"input","mem":"hbm","elems":2097152,"broadcast":false,"dims":[16,2048,64],"logical":[2048,1024],"loop_factor":1}],"reduction_cores":1,"loop_trip":1,"tiles_output_dim":false,"tile_rows_per_core":0.0,"is_matmul":false,"matmul_macs":0,"matmul_rows_per_core":0.0,"matmul_cols_per_core":0.0,"matmul_a_bytes":0,"matmul_b_bytes":0,"matmul_m_split":1,"matmul_n_split":1,"hbm_pattern":""}]
SUMMARY op=add rows=2048 cols=1024 cores=32 tiles=0 lx=0 io_hbm_bytes=12582912 kernel_us=107.601 pred_us=107.961 err_pct=+0.3 bw_gbps=116.9 memset_us=110.460 other_dev_us=390.945 total_dev_us=609.006
-- add3 [2048,1024] lx=0
  op_it_space_splits={d0: 32, d1: 1}
  op_it_space_splits={d0: 32, d1: 1}
IO -- device-layout I/O (cost model, stick-padded) --
IO   op add
IO     output op0                    torch [2048, 1024] -> device [16, 2048, 64] in HBM = 2097152 elems x 2B = 4194304 B  (hbm counted: 4194304 B)
IO     input  arg0_1                 torch [2048, 1024] -> device [16, 2048, 64] in HBM = 2097152 elems x 2B = 4194304 B  (hbm counted: 4194304 B)
IO     input  arg1_1                 torch [2048, 1024] -> device [16, 2048, 64] in HBM = 2097152 elems x 2B = 4194304 B  (hbm counted: 4194304 B)
IO   op add_1
IO     output op1                    torch [2048, 1024] -> device [16, 2048, 64] in HBM = 2097152 elems x 2B = 4194304 B  (hbm counted: 4194304 B)
IO     input  buf0                   torch [2048, 1024] -> device [16, 2048, 64] in HBM = 2097152 elems x 2B = 4194304 B  (hbm counted: 4194304 B)
IO     input  arg2_1                 torch [2048, 1024] -> device [16, 2048, 64] in HBM = 2097152 elems x 2B = 4194304 B  (hbm counted: 4194304 B)
IO   => HBM I/O total = 25165824 B  (lx 0 B, ~free)
MODEL -- estimate (turnaround): T = (R+W)/BW_PEAK + a*min(R,W) --
MODEL   R=16777216 B (read)   W=8388608 B (write)   loop_trip L=1
MODEL   base = (R+W)/150 = 167.77 us
MODEL   turn = a*min(R,W) = 0.00574*8388608 = 48.15 us
MODEL   => T_model = 232.12 us
MODEL FEATS [{"name":"add","is_reduction":false,"out_elems":2097152,"cores":32,"dtype_bytes":2,"args":[{"name":"op0","role":"output","mem":"hbm","elems":2097152,"broadcast":false,"dims":[16,2048,64],"logical":[2048,1024],"loop_factor":1},{"name":"arg0_1","role":"input","mem":"hbm","elems":2097152,"broadcast":false,"dims":[16,2048,64],"logical":[2048,1024],"loop_factor":1},{"name":"arg1_1","role":"input","mem":"hbm","elems":2097152,"broadcast":false,"dims":[16,2048,64],"logical":[2048,1024],"loop_factor":1}],"reduction_cores":1,"loop_trip":1,"tiles_output_dim":false,"tile_rows_per_core":0.0,"is_matmul":false,"matmul_macs":0,"matmul_rows_per_core":0.0,"matmul_cols_per_core":0.0,"matmul_a_bytes":0,"matmul_b_bytes":0,"matmul_m_split":1,"matmul_n_split":1,"hbm_pattern":""},{"name":"add_1","is_reduction":false,"out_elems":2097152,"cores":32,"dtype_bytes":2,"args":[{"name":"op1","role":"output","mem":"hbm","elems":2097152,"broadcast":false,"dims":[16,2048,64],"logical":[2048,1024],"loop_factor":1},{"name":"buf0","role":"input","mem":"hbm","elems":2097152,"broadcast":false,"dims":[16,2048,64],"logical":[2048,1024],"loop_factor":1},{"name":"arg2_1","role":"input","mem":"hbm","elems":2097152,"broadcast":false,"dims":[16,2048,64],"logical":[2048,1024],"loop_factor":1}],"reduction_cores":1,"loop_trip":1,"tiles_output_dim":false,"tile_rows_per_core":0.0,"is_matmul":false,"matmul_macs":0,"matmul_rows_per_core":0.0,"matmul_cols_per_core":0.0,"matmul_a_bytes":0,"matmul_b_bytes":0,"matmul_m_split":1,"matmul_n_split":1,"hbm_pattern":""}]
SUMMARY op=add3 rows=2048 cols=1024 cores=32 tiles=0 lx=0 io_hbm_bytes=25165824 kernel_us=232.335 pred_us=232.117 err_pct=-0.1 bw_gbps=108.3 memset_us=113.037 other_dev_us=361.715 total_dev_us=707.087
-- add4 [2048,1024] lx=0
  op_it_space_splits={d0: 32, d1: 1}
  op_it_space_splits={d0: 32, d1: 1}
  op_it_space_splits={d0: 32, d1: 1}
IO -- device-layout I/O (cost model, stick-padded) --
IO   op add
IO     output op0                    torch [2048, 1024] -> device [16, 2048, 64] in HBM = 2097152 elems x 2B = 4194304 B  (hbm counted: 4194304 B)
IO     input  arg0_1                 torch [2048, 1024] -> device [16, 2048, 64] in HBM = 2097152 elems x 2B = 4194304 B  (hbm counted: 4194304 B)
IO     input  arg1_1                 torch [2048, 1024] -> device [16, 2048, 64] in HBM = 2097152 elems x 2B = 4194304 B  (hbm counted: 4194304 B)
IO   op add_1
IO     output op1                    torch [2048, 1024] -> device [16, 2048, 64] in HBM = 2097152 elems x 2B = 4194304 B  (hbm counted: 4194304 B)
IO     input  buf0                   torch [2048, 1024] -> device [16, 2048, 64] in HBM = 2097152 elems x 2B = 4194304 B  (hbm counted: 4194304 B)
IO     input  arg2_1                 torch [2048, 1024] -> device [16, 2048, 64] in HBM = 2097152 elems x 2B = 4194304 B  (hbm counted: 4194304 B)
IO   op add_2
IO     output op2                    torch [2048, 1024] -> device [16, 2048, 64] in HBM = 2097152 elems x 2B = 4194304 B  (hbm counted: 4194304 B)
IO     input  buf1                   torch [2048, 1024] -> device [16, 2048, 64] in HBM = 2097152 elems x 2B = 4194304 B  (hbm counted: 4194304 B)
IO     input  arg3_1                 torch [2048, 1024] -> device [16, 2048, 64] in HBM = 2097152 elems x 2B = 4194304 B  (hbm counted: 4194304 B)
IO   => HBM I/O total = 37748736 B  (lx 0 B, ~free)
MODEL -- estimate (turnaround): T = (R+W)/BW_PEAK + a*min(R,W) --
MODEL   R=25165824 B (read)   W=12582912 B (write)   loop_trip L=1
MODEL   base = (R+W)/150 = 251.66 us
MODEL   turn = a*min(R,W) = 0.00574*12582912 = 72.23 us
MODEL   => T_model = 372.47 us
MODEL FEATS [{"name":"add","is_reduction":false,"out_elems":2097152,"cores":32,"dtype_bytes":2,"args":[{"name":"op0","role":"output","mem":"hbm","elems":2097152,"broadcast":false,"dims":[16,2048,64],"logical":[2048,1024],"loop_factor":1},{"name":"arg0_1","role":"input","mem":"hbm","elems":2097152,"broadcast":false,"dims":[16,2048,64],"logical":[2048,1024],"loop_factor":1},{"name":"arg1_1","role":"input","mem":"hbm","elems":2097152,"broadcast":false,"dims":[16,2048,64],"logical":[2048,1024],"loop_factor":1}],"reduction_cores":1,"loop_trip":1,"tiles_output_dim":false,"tile_rows_per_core":0.0,"is_matmul":false,"matmul_macs":0,"matmul_rows_per_core":0.0,"matmul_cols_per_core":0.0,"matmul_a_bytes":0,"matmul_b_bytes":0,"matmul_m_split":1,"matmul_n_split":1,"hbm_pattern":""},{"name":"add_1","is_reduction":false,"out_elems":2097152,"cores":32,"dtype_bytes":2,"args":[{"name":"op1","role":"output","mem":"hbm","elems":2097152,"broadcast":false,"dims":[16,2048,64],"logical":[2048,1024],"loop_factor":1},{"name":"buf0","role":"input","mem":"hbm","elems":2097152,"broadcast":false,"dims":[16,2048,64],"logical":[2048,1024],"loop_factor":1},{"name":"arg2_1","role":"input","mem":"hbm","elems":2097152,"broadcast":false,"dims":[16,2048,64],"logical":[2048,1024],"loop_factor":1}],"reduction_cores":1,"loop_trip":1,"tiles_output_dim":false,"tile_rows_per_core":0.0,"is_matmul":false,"matmul_macs":0,"matmul_rows_per_core":0.0,"matmul_cols_per_core":0.0,"matmul_a_bytes":0,"matmul_b_bytes":0,"matmul_m_split":1,"matmul_n_split":1,"hbm_pattern":""},{"name":"add_2","is_reduction":false,"out_elems":2097152,"cores":32,"dtype_bytes":2,"args":[{"name":"op2","role":"output","mem":"hbm","elems":2097152,"broadcast":false,"dims":[16,2048,64],"logical":[2048,1024],"loop_factor":1},{"name":"buf1","role":"input","mem":"hbm","elems":2097152,"broadcast":false,"dims":[16,2048,64],"logical":[2048,1024],"loop_factor":1},{"name":"arg3_1","role":"input","mem":"hbm","elems":2097152,"broadcast":false,"dims":[16,2048,64],"logical":[2048,1024],"loop_factor":1}],"reduction_cores":1,"loop_trip":1,"tiles_output_dim":false,"tile_rows_per_core":0.0,"is_matmul":false,"matmul_macs":0,"matmul_rows_per_core":0.0,"matmul_cols_per_core":0.0,"matmul_a_bytes":0,"matmul_b_bytes":0,"matmul_m_split":1,"matmul_n_split":1,"hbm_pattern":""}]
SUMMARY op=add4 rows=2048 cols=1024 cores=32 tiles=0 lx=0 io_hbm_bytes=37748736 kernel_us=376.086 pred_us=372.467 err_pct=-1.0 bw_gbps=100.4 memset_us=111.787 other_dev_us=384.883 total_dev_us=872.756
-- add5 [2048,1024] lx=0
  op_it_space_splits={d0: 32, d1: 1}
  op_it_space_splits={d0: 32, d1: 1}
  op_it_space_splits={d0: 32, d1: 1}
  op_it_space_splits={d0: 32, d1: 1}
IO -- device-layout I/O (cost model, stick-padded) --
IO   op add
IO     output op0                    torch [2048, 1024] -> device [16, 2048, 64] in HBM = 2097152 elems x 2B = 4194304 B  (hbm counted: 4194304 B)
IO     input  arg0_1                 torch [2048, 1024] -> device [16, 2048, 64] in HBM = 2097152 elems x 2B = 4194304 B  (hbm counted: 4194304 B)
IO     input  arg1_1                 torch [2048, 1024] -> device [16, 2048, 64] in HBM = 2097152 elems x 2B = 4194304 B  (hbm counted: 4194304 B)
IO   op add_1
IO     output op1                    torch [2048, 1024] -> device [16, 2048, 64] in HBM = 2097152 elems x 2B = 4194304 B  (hbm counted: 4194304 B)
IO     input  buf0                   torch [2048, 1024] -> device [16, 2048, 64] in HBM = 2097152 elems x 2B = 4194304 B  (hbm counted: 4194304 B)
IO     input  arg2_1                 torch [2048, 1024] -> device [16, 2048, 64] in HBM = 2097152 elems x 2B = 4194304 B  (hbm counted: 4194304 B)
IO   op add_2
IO     output op2                    torch [2048, 1024] -> device [16, 2048, 64] in HBM = 2097152 elems x 2B = 4194304 B  (hbm counted: 4194304 B)
IO     input  buf1                   torch [2048, 1024] -> device [16, 2048, 64] in HBM = 2097152 elems x 2B = 4194304 B  (hbm counted: 4194304 B)
IO     input  arg3_1                 torch [2048, 1024] -> device [16, 2048, 64] in HBM = 2097152 elems x 2B = 4194304 B  (hbm counted: 4194304 B)
IO   op add_3
IO     output op3                    torch [2048, 1024] -> device [16, 2048, 64] in HBM = 2097152 elems x 2B = 4194304 B  (hbm counted: 4194304 B)
IO     input  buf2                   torch [2048, 1024] -> device [16, 2048, 64] in HBM = 2097152 elems x 2B = 4194304 B  (hbm counted: 4194304 B)
IO     input  arg4_1                 torch [2048, 1024] -> device [16, 2048, 64] in HBM = 2097152 elems x 2B = 4194304 B  (hbm counted: 4194304 B)
IO   => HBM I/O total = 50331648 B  (lx 0 B, ~free)
MODEL -- estimate (turnaround): T = (R+W)/BW_PEAK + a*min(R,W) --
MODEL   R=33554432 B (read)   W=16777216 B (write)   loop_trip L=1
MODEL   base = (R+W)/150 = 335.54 us
MODEL   turn = a*min(R,W) = 0.00574*16777216 = 96.30 us
MODEL   => T_model = 529.01 us
MODEL FEATS [{"name":"add","is_reduction":false,"out_elems":2097152,"cores":32,"dtype_bytes":2,"args":[{"name":"op0","role":"output","mem":"hbm","elems":2097152,"broadcast":false,"dims":[16,2048,64],"logical":[2048,1024],"loop_factor":1},{"name":"arg0_1","role":"input","mem":"hbm","elems":2097152,"broadcast":false,"dims":[16,2048,64],"logical":[2048,1024],"loop_factor":1},{"name":"arg1_1","role":"input","mem":"hbm","elems":2097152,"broadcast":false,"dims":[16,2048,64],"logical":[2048,1024],"loop_factor":1}],"reduction_cores":1,"loop_trip":1,"tiles_output_dim":false,"tile_rows_per_core":0.0,"is_matmul":false,"matmul_macs":0,"matmul_rows_per_core":0.0,"matmul_cols_per_core":0.0,"matmul_a_bytes":0,"matmul_b_bytes":0,"matmul_m_split":1,"matmul_n_split":1,"hbm_pattern":""},{"name":"add_1","is_reduction":false,"out_elems":2097152,"cores":32,"dtype_bytes":2,"args":[{"name":"op1","role":"output","mem":"hbm","elems":2097152,"broadcast":false,"dims":[16,2048,64],"logical":[2048,1024],"loop_factor":1},{"name":"buf0","role":"input","mem":"hbm","elems":2097152,"broadcast":false,"dims":[16,2048,64],"logical":[2048,1024],"loop_factor":1},{"name":"arg2_1","role":"input","mem":"hbm","elems":2097152,"broadcast":false,"dims":[16,2048,64],"logical":[2048,1024],"loop_factor":1}],"reduction_cores":1,"loop_trip":1,"tiles_output_dim":false,"tile_rows_per_core":0.0,"is_matmul":false,"matmul_macs":0,"matmul_rows_per_core":0.0,"matmul_cols_per_core":0.0,"matmul_a_bytes":0,"matmul_b_bytes":0,"matmul_m_split":1,"matmul_n_split":1,"hbm_pattern":""},{"name":"add_2","is_reduction":false,"out_elems":2097152,"cores":32,"dtype_bytes":2,"args":[{"name":"op2","role":"output","mem":"hbm","elems":2097152,"broadcast":false,"dims":[16,2048,64],"logical":[2048,1024],"loop_factor":1},{"name":"buf1","role":"input","mem":"hbm","elems":2097152,"broadcast":false,"dims":[16,2048,64],"logical":[2048,1024],"loop_factor":1},{"name":"arg3_1","role":"input","mem":"hbm","elems":2097152,"broadcast":false,"dims":[16,2048,64],"logical":[2048,1024],"loop_factor":1}],"reduction_cores":1,"loop_trip":1,"tiles_output_dim":false,"tile_rows_per_core":0.0,"is_matmul":false,"matmul_macs":0,"matmul_rows_per_core":0.0,"matmul_cols_per_core":0.0,"matmul_a_bytes":0,"matmul_b_bytes":0,"matmul_m_split":1,"matmul_n_split":1,"hbm_pattern":""},{"name":"add_3","is_reduction":false,"out_elems":2097152,"cores":32,"dtype_bytes":2,"args":[{"name":"op3","role":"output","mem":"hbm","elems":2097152,"broadcast":false,"dims":[16,2048,64],"logical":[2048,1024],"loop_factor":1},{"name":"buf2","role":"input","mem":"hbm","elems":2097152,"broadcast":false,"dims":[16,2048,64],"logical":[2048,1024],"loop_factor":1},{"name":"arg4_1","role":"input","mem":"hbm","elems":2097152,"broadcast":false,"dims":[16,2048,64],"logical":[2048,1024],"loop_factor":1}],"reduction_cores":1,"loop_trip":1,"tiles_output_dim":false,"tile_rows_per_core":0.0,"is_matmul":false,"matmul_macs":0,"matmul_rows_per_core":0.0,"matmul_cols_per_core":0.0,"matmul_a_bytes":0,"matmul_b_bytes":0,"matmul_m_split":1,"matmul_n_split":1,"hbm_pattern":""}]
SUMMARY op=add5 rows=2048 cols=1024 cores=32 tiles=0 lx=0 io_hbm_bytes=50331648 kernel_us=502.751 pred_us=529.011 err_pct=+5.2 bw_gbps=100.1 memset_us=126.257 other_dev_us=383.660 total_dev_us=1012.668
-- add6 [2048,1024] lx=0
  op_it_space_splits={d0: 32, d1: 1}
  op_it_space_splits={d0: 32, d1: 1}
  op_it_space_splits={d0: 32, d1: 1}
  op_it_space_splits={d0: 32, d1: 1}
  op_it_space_splits={d0: 32, d1: 1}
IO -- device-layout I/O (cost model, stick-padded) --
IO   op add
IO     output op0                    torch [2048, 1024] -> device [16, 2048, 64] in HBM = 2097152 elems x 2B = 4194304 B  (hbm counted: 4194304 B)
IO     input  arg0_1                 torch [2048, 1024] -> device [16, 2048, 64] in HBM = 2097152 elems x 2B = 4194304 B  (hbm counted: 4194304 B)
IO     input  arg1_1                 torch [2048, 1024] -> device [16, 2048, 64] in HBM = 2097152 elems x 2B = 4194304 B  (hbm counted: 4194304 B)
IO   op add_1
IO     output op1                    torch [2048, 1024] -> device [16, 2048, 64] in HBM = 2097152 elems x 2B = 4194304 B  (hbm counted: 4194304 B)
IO     input  buf0                   torch [2048, 1024] -> device [16, 2048, 64] in HBM = 2097152 elems x 2B = 4194304 B  (hbm counted: 4194304 B)
IO     input  arg2_1                 torch [2048, 1024] -> device [16, 2048, 64] in HBM = 2097152 elems x 2B = 4194304 B  (hbm counted: 4194304 B)
IO   op add_2
IO     output op2                    torch [2048, 1024] -> device [16, 2048, 64] in HBM = 2097152 elems x 2B = 4194304 B  (hbm counted: 4194304 B)
IO     input  buf1                   torch [2048, 1024] -> device [16, 2048, 64] in HBM = 2097152 elems x 2B = 4194304 B  (hbm counted: 4194304 B)
IO     input  arg3_1                 torch [2048, 1024] -> device [16, 2048, 64] in HBM = 2097152 elems x 2B = 4194304 B  (hbm counted: 4194304 B)
IO   op add_3
IO     output op3                    torch [2048, 1024] -> device [16, 2048, 64] in HBM = 2097152 elems x 2B = 4194304 B  (hbm counted: 4194304 B)
IO     input  buf2                   torch [2048, 1024] -> device [16, 2048, 64] in HBM = 2097152 elems x 2B = 4194304 B  (hbm counted: 4194304 B)
IO     input  arg4_1                 torch [2048, 1024] -> device [16, 2048, 64] in HBM = 2097152 elems x 2B = 4194304 B  (hbm counted: 4194304 B)
IO   op add_4
IO     output op4                    torch [2048, 1024] -> device [16, 2048, 64] in HBM = 2097152 elems x 2B = 4194304 B  (hbm counted: 4194304 B)
IO     input  buf3                   torch [2048, 1024] -> device [16, 2048, 64] in HBM = 2097152 elems x 2B = 4194304 B  (hbm counted: 4194304 B)
IO     input  arg5_1                 torch [2048, 1024] -> device [16, 2048, 64] in HBM = 2097152 elems x 2B = 4194304 B  (hbm counted: 4194304 B)
IO   => HBM I/O total = 62914560 B  (lx 0 B, ~free)
MODEL -- estimate (turnaround): T = (R+W)/BW_PEAK + a*min(R,W) --
MODEL   R=41943040 B (read)   W=20971520 B (write)   loop_trip L=1
MODEL   base = (R+W)/150 = 419.43 us
MODEL   turn = a*min(R,W) = 0.00574*20971520 = 120.38 us
MODEL   => T_model = 701.75 us
MODEL FEATS [{"name":"add","is_reduction":false,"out_elems":2097152,"cores":32,"dtype_bytes":2,"args":[{"name":"op0","role":"output","mem":"hbm","elems":2097152,"broadcast":false,"dims":[16,2048,64],"logical":[2048,1024],"loop_factor":1},{"name":"arg0_1","role":"input","mem":"hbm","elems":2097152,"broadcast":false,"dims":[16,2048,64],"logical":[2048,1024],"loop_factor":1},{"name":"arg1_1","role":"input","mem":"hbm","elems":2097152,"broadcast":false,"dims":[16,2048,64],"logical":[2048,1024],"loop_factor":1}],"reduction_cores":1,"loop_trip":1,"tiles_output_dim":false,"tile_rows_per_core":0.0,"is_matmul":false,"matmul_macs":0,"matmul_rows_per_core":0.0,"matmul_cols_per_core":0.0,"matmul_a_bytes":0,"matmul_b_bytes":0,"matmul_m_split":1,"matmul_n_split":1,"hbm_pattern":""},{"name":"add_1","is_reduction":false,"out_elems":2097152,"cores":32,"dtype_bytes":2,"args":[{"name":"op1","role":"output","mem":"hbm","elems":2097152,"broadcast":false,"dims":[16,2048,64],"logical":[2048,1024],"loop_factor":1},{"name":"buf0","role":"input","mem":"hbm","elems":2097152,"broadcast":false,"dims":[16,2048,64],"logical":[2048,1024],"loop_factor":1},{"name":"arg2_1","role":"input","mem":"hbm","elems":2097152,"broadcast":false,"dims":[16,2048,64],"logical":[2048,1024],"loop_factor":1}],"reduction_cores":1,"loop_trip":1,"tiles_output_dim":false,"tile_rows_per_core":0.0,"is_matmul":false,"matmul_macs":0,"matmul_rows_per_core":0.0,"matmul_cols_per_core":0.0,"matmul_a_bytes":0,"matmul_b_bytes":0,"matmul_m_split":1,"matmul_n_split":1,"hbm_pattern":""},{"name":"add_2","is_reduction":false,"out_elems":2097152,"cores":32,"dtype_bytes":2,"args":[{"name":"op2","role":"output","mem":"hbm","elems":2097152,"broadcast":false,"dims":[16,2048,64],"logical":[2048,1024],"loop_factor":1},{"name":"buf1","role":"input","mem":"hbm","elems":2097152,"broadcast":false,"dims":[16,2048,64],"logical":[2048,1024],"loop_factor":1},{"name":"arg3_1","role":"input","mem":"hbm","elems":2097152,"broadcast":false,"dims":[16,2048,64],"logical":[2048,1024],"loop_factor":1}],"reduction_cores":1,"loop_trip":1,"tiles_output_dim":false,"tile_rows_per_core":0.0,"is_matmul":false,"matmul_macs":0,"matmul_rows_per_core":0.0,"matmul_cols_per_core":0.0,"matmul_a_bytes":0,"matmul_b_bytes":0,"matmul_m_split":1,"matmul_n_split":1,"hbm_pattern":""},{"name":"add_3","is_reduction":false,"out_elems":2097152,"cores":32,"dtype_bytes":2,"args":[{"name":"op3","role":"output","mem":"hbm","elems":2097152,"broadcast":false,"dims":[16,2048,64],"logical":[2048,1024],"loop_factor":1},{"name":"buf2","role":"input","mem":"hbm","elems":2097152,"broadcast":false,"dims":[16,2048,64],"logical":[2048,1024],"loop_factor":1},{"name":"arg4_1","role":"input","mem":"hbm","elems":2097152,"broadcast":false,"dims":[16,2048,64],"logical":[2048,1024],"loop_factor":1}],"reduction_cores":1,"loop_trip":1,"tiles_output_dim":false,"tile_rows_per_core":0.0,"is_matmul":false,"matmul_macs":0,"matmul_rows_per_core":0.0,"matmul_cols_per_core":0.0,"matmul_a_bytes":0,"matmul_b_bytes":0,"matmul_m_split":1,"matmul_n_split":1,"hbm_pattern":""},{"name":"add_4","is_reduction":false,"out_elems":2097152,"cores":32,"dtype_bytes":2,"args":[{"name":"op4","role":"output","mem":"hbm","elems":2097152,"broadcast":false,"dims":[16,2048,64],"logical":[2048,1024],"loop_factor":1},{"name":"buf3","role":"input","mem":"hbm","elems":2097152,"broadcast":false,"dims":[16,2048,64],"logical":[2048,1024],"loop_factor":1},{"name":"arg5_1","role":"input","mem":"hbm","elems":2097152,"broadcast":false,"dims":[16,2048,64],"logical":[2048,1024],"loop_factor":1}],"reduction_cores":1,"loop_trip":1,"tiles_output_dim":false,"tile_rows_per_core":0.0,"is_matmul":false,"matmul_macs":0,"matmul_rows_per_core":0.0,"matmul_cols_per_core":0.0,"matmul_a_bytes":0,"matmul_b_bytes":0,"matmul_m_split":1,"matmul_n_split":1,"hbm_pattern":""}]
SUMMARY op=add6 rows=2048 cols=1024 cores=32 tiles=0 lx=0 io_hbm_bytes=62914560 kernel_us=629.527 pred_us=701.749 err_pct=+11.5 bw_gbps=99.9 memset_us=135.705 other_dev_us=405.023 total_dev_us=1170.255
-- add3_sep [2048,1024] lx=0
  op_it_space_splits={d0: 32, d1: 1}
IO -- device-layout I/O (cost model, stick-padded) --
IO   op add
IO     output op0                    torch [2048, 1024] -> device [16, 2048, 64] in HBM = 2097152 elems x 2B = 4194304 B  (hbm counted: 4194304 B)
IO     input  arg0_1                 torch [2048, 1024] -> device [16, 2048, 64] in HBM = 2097152 elems x 2B = 4194304 B  (hbm counted: 4194304 B)
IO     input  arg1_1                 torch [2048, 1024] -> device [16, 2048, 64] in HBM = 2097152 elems x 2B = 4194304 B  (hbm counted: 4194304 B)
IO   => HBM I/O total = 12582912 B  (lx 0 B, ~free)
MODEL -- estimate (turnaround): T = (R+W)/BW_PEAK + a*min(R,W) --
MODEL   R=8388608 B (read)   W=4194304 B (write)   loop_trip L=1
MODEL   base = (R+W)/150 = 83.89 us
MODEL   turn = a*min(R,W) = 0.00574*4194304 = 24.08 us
MODEL   => T_model = 107.96 us
MODEL FEATS [{"name":"add","is_reduction":false,"out_elems":2097152,"cores":32,"dtype_bytes":2,"args":[{"name":"op0","role":"output","mem":"hbm","elems":2097152,"broadcast":false,"dims":[16,2048,64],"logical":[2048,1024],"loop_factor":1},{"name":"arg0_1","role":"input","mem":"hbm","elems":2097152,"broadcast":false,"dims":[16,2048,64],"logical":[2048,1024],"loop_factor":1},{"name":"arg1_1","role":"input","mem":"hbm","elems":2097152,"broadcast":false,"dims":[16,2048,64],"logical":[2048,1024],"loop_factor":1}],"reduction_cores":1,"loop_trip":1,"tiles_output_dim":false,"tile_rows_per_core":0.0,"is_matmul":false,"matmul_macs":0,"matmul_rows_per_core":0.0,"matmul_cols_per_core":0.0,"matmul_a_bytes":0,"matmul_b_bytes":0,"matmul_m_split":1,"matmul_n_split":1,"hbm_pattern":""}]
SUMMARY op=add3_sep rows=2048 cols=1024 cores=32 tiles=0 lx=0 io_hbm_bytes=12582912 kernel_us=229.526 pred_us=107.961 err_pct=-53.0 bw_gbps=54.8 memset_us=121.485 other_dev_us=336.296 total_dev_us=687.307
-- add4_sep [2048,1024] lx=0
  op_it_space_splits={d0: 32, d1: 1}
IO -- device-layout I/O (cost model, stick-padded) --
IO   op add
IO     output op0                    torch [2048, 1024] -> device [16, 2048, 64] in HBM = 2097152 elems x 2B = 4194304 B  (hbm counted: 4194304 B)
IO     input  arg0_1                 torch [2048, 1024] -> device [16, 2048, 64] in HBM = 2097152 elems x 2B = 4194304 B  (hbm counted: 4194304 B)
IO     input  arg1_1                 torch [2048, 1024] -> device [16, 2048, 64] in HBM = 2097152 elems x 2B = 4194304 B  (hbm counted: 4194304 B)
IO   => HBM I/O total = 12582912 B  (lx 0 B, ~free)
MODEL -- estimate (turnaround): T = (R+W)/BW_PEAK + a*min(R,W) --
MODEL   R=8388608 B (read)   W=4194304 B (write)   loop_trip L=1
MODEL   base = (R+W)/150 = 83.89 us
MODEL   turn = a*min(R,W) = 0.00574*4194304 = 24.08 us
MODEL   => T_model = 107.96 us
MODEL FEATS [{"name":"add","is_reduction":false,"out_elems":2097152,"cores":32,"dtype_bytes":2,"args":[{"name":"op0","role":"output","mem":"hbm","elems":2097152,"broadcast":false,"dims":[16,2048,64],"logical":[2048,1024],"loop_factor":1},{"name":"arg0_1","role":"input","mem":"hbm","elems":2097152,"broadcast":false,"dims":[16,2048,64],"logical":[2048,1024],"loop_factor":1},{"name":"arg1_1","role":"input","mem":"hbm","elems":2097152,"broadcast":false,"dims":[16,2048,64],"logical":[2048,1024],"loop_factor":1}],"reduction_cores":1,"loop_trip":1,"tiles_output_dim":false,"tile_rows_per_core":0.0,"is_matmul":false,"matmul_macs":0,"matmul_rows_per_core":0.0,"matmul_cols_per_core":0.0,"matmul_a_bytes":0,"matmul_b_bytes":0,"matmul_m_split":1,"matmul_n_split":1,"hbm_pattern":""}]
SUMMARY op=add4_sep rows=2048 cols=1024 cores=32 tiles=0 lx=0 io_hbm_bytes=12582912 kernel_us=348.598 pred_us=107.961 err_pct=-69.0 bw_gbps=36.1 memset_us=87.844 other_dev_us=450.307 total_dev_us=886.749
-- add5_sep [2048,1024] lx=0
  op_it_space_splits={d0: 32, d1: 1}
IO -- device-layout I/O (cost model, stick-padded) --
IO   op add
IO     output op0                    torch [2048, 1024] -> device [16, 2048, 64] in HBM = 2097152 elems x 2B = 4194304 B  (hbm counted: 4194304 B)
IO     input  arg0_1                 torch [2048, 1024] -> device [16, 2048, 64] in HBM = 2097152 elems x 2B = 4194304 B  (hbm counted: 4194304 B)
IO     input  arg1_1                 torch [2048, 1024] -> device [16, 2048, 64] in HBM = 2097152 elems x 2B = 4194304 B  (hbm counted: 4194304 B)
IO   => HBM I/O total = 12582912 B  (lx 0 B, ~free)
MODEL -- estimate (turnaround): T = (R+W)/BW_PEAK + a*min(R,W) --
MODEL   R=8388608 B (read)   W=4194304 B (write)   loop_trip L=1
MODEL   base = (R+W)/150 = 83.89 us
MODEL   turn = a*min(R,W) = 0.00574*4194304 = 24.08 us
MODEL   => T_model = 107.96 us
MODEL FEATS [{"name":"add","is_reduction":false,"out_elems":2097152,"cores":32,"dtype_bytes":2,"args":[{"name":"op0","role":"output","mem":"hbm","elems":2097152,"broadcast":false,"dims":[16,2048,64],"logical":[2048,1024],"loop_factor":1},{"name":"arg0_1","role":"input","mem":"hbm","elems":2097152,"broadcast":false,"dims":[16,2048,64],"logical":[2048,1024],"loop_factor":1},{"name":"arg1_1","role":"input","mem":"hbm","elems":2097152,"broadcast":false,"dims":[16,2048,64],"logical":[2048,1024],"loop_factor":1}],"reduction_cores":1,"loop_trip":1,"tiles_output_dim":false,"tile_rows_per_core":0.0,"is_matmul":false,"matmul_macs":0,"matmul_rows_per_core":0.0,"matmul_cols_per_core":0.0,"matmul_a_bytes":0,"matmul_b_bytes":0,"matmul_m_split":1,"matmul_n_split":1,"hbm_pattern":""}]
SUMMARY op=add5_sep rows=2048 cols=1024 cores=32 tiles=0 lx=0 io_hbm_bytes=12582912 kernel_us=502.955 pred_us=107.961 err_pct=-78.5 bw_gbps=25.0 memset_us=128.824 other_dev_us=425.263 total_dev_us=1057.042
-- add6_sep [2048,1024] lx=0
  op_it_space_splits={d0: 32, d1: 1}
IO -- device-layout I/O (cost model, stick-padded) --
IO   op add
IO     output op0                    torch [2048, 1024] -> device [16, 2048, 64] in HBM = 2097152 elems x 2B = 4194304 B  (hbm counted: 4194304 B)
IO     input  arg0_1                 torch [2048, 1024] -> device [16, 2048, 64] in HBM = 2097152 elems x 2B = 4194304 B  (hbm counted: 4194304 B)
IO     input  arg1_1                 torch [2048, 1024] -> device [16, 2048, 64] in HBM = 2097152 elems x 2B = 4194304 B  (hbm counted: 4194304 B)
IO   => HBM I/O total = 12582912 B  (lx 0 B, ~free)
MODEL -- estimate (turnaround): T = (R+W)/BW_PEAK + a*min(R,W) --
MODEL   R=8388608 B (read)   W=4194304 B (write)   loop_trip L=1
MODEL   base = (R+W)/150 = 83.89 us
MODEL   turn = a*min(R,W) = 0.00574*4194304 = 24.08 us
MODEL   => T_model = 107.96 us
MODEL FEATS [{"name":"add","is_reduction":false,"out_elems":2097152,"cores":32,"dtype_bytes":2,"args":[{"name":"op0","role":"output","mem":"hbm","elems":2097152,"broadcast":false,"dims":[16,2048,64],"logical":[2048,1024],"loop_factor":1},{"name":"arg0_1","role":"input","mem":"hbm","elems":2097152,"broadcast":false,"dims":[16,2048,64],"logical":[2048,1024],"loop_factor":1},{"name":"arg1_1","role":"input","mem":"hbm","elems":2097152,"broadcast":false,"dims":[16,2048,64],"logical":[2048,1024],"loop_factor":1}],"reduction_cores":1,"loop_trip":1,"tiles_output_dim":false,"tile_rows_per_core":0.0,"is_matmul":false,"matmul_macs":0,"matmul_rows_per_core":0.0,"matmul_cols_per_core":0.0,"matmul_a_bytes":0,"matmul_b_bytes":0,"matmul_m_split":1,"matmul_n_split":1,"hbm_pattern":""}]
SUMMARY op=add6_sep rows=2048 cols=1024 cores=32 tiles=0 lx=0 io_hbm_bytes=12582912 kernel_us=627.168 pred_us=107.961 err_pct=-82.8 bw_gbps=20.1 memset_us=142.560 other_dev_us=424.594 total_dev_us=1194.322
-- add_indep2 [2048,1024] lx=0
  op_it_space_splits={d0: 32, d1: 1}
  op_it_space_splits={d0: 32, d1: 1}
IO -- device-layout I/O (cost model, stick-padded) --
IO   op add
IO     output op0                    torch [2048, 1024] -> device [16, 2048, 64] in HBM = 2097152 elems x 2B = 4194304 B  (hbm counted: 4194304 B)
IO     input  arg0_1                 torch [2048, 1024] -> device [16, 2048, 64] in HBM = 2097152 elems x 2B = 4194304 B  (hbm counted: 4194304 B)
IO     input  arg1_1                 torch [2048, 1024] -> device [16, 2048, 64] in HBM = 2097152 elems x 2B = 4194304 B  (hbm counted: 4194304 B)
IO   op add_1
IO     output op1                    torch [2048, 1024] -> device [16, 2048, 64] in HBM = 2097152 elems x 2B = 4194304 B  (hbm counted: 4194304 B)
IO     input  arg2_1                 torch [2048, 1024] -> device [16, 2048, 64] in HBM = 2097152 elems x 2B = 4194304 B  (hbm counted: 4194304 B)
IO     input  arg3_1                 torch [2048, 1024] -> device [16, 2048, 64] in HBM = 2097152 elems x 2B = 4194304 B  (hbm counted: 4194304 B)
IO   => HBM I/O total = 25165824 B  (lx 0 B, ~free)
MODEL -- estimate (turnaround): T = (R+W)/BW_PEAK + a*min(R,W) --
MODEL   R=16777216 B (read)   W=8388608 B (write)   loop_trip L=1
MODEL   base = (R+W)/150 = 167.77 us
MODEL   turn = a*min(R,W) = 0.00574*8388608 = 48.15 us
MODEL   => T_model = 232.12 us
MODEL FEATS [{"name":"add","is_reduction":false,"out_elems":2097152,"cores":32,"dtype_bytes":2,"args":[{"name":"op0","role":"output","mem":"hbm","elems":2097152,"broadcast":false,"dims":[16,2048,64],"logical":[2048,1024],"loop_factor":1},{"name":"arg0_1","role":"input","mem":"hbm","elems":2097152,"broadcast":false,"dims":[16,2048,64],"logical":[2048,1024],"loop_factor":1},{"name":"arg1_1","role":"input","mem":"hbm","elems":2097152,"broadcast":false,"dims":[16,2048,64],"logical":[2048,1024],"loop_factor":1}],"reduction_cores":1,"loop_trip":1,"tiles_output_dim":false,"tile_rows_per_core":0.0,"is_matmul":false,"matmul_macs":0,"matmul_rows_per_core":0.0,"matmul_cols_per_core":0.0,"matmul_a_bytes":0,"matmul_b_bytes":0,"matmul_m_split":1,"matmul_n_split":1,"hbm_pattern":""},{"name":"add_1","is_reduction":false,"out_elems":2097152,"cores":32,"dtype_bytes":2,"args":[{"name":"op1","role":"output","mem":"hbm","elems":2097152,"broadcast":false,"dims":[16,2048,64],"logical":[2048,1024],"loop_factor":1},{"name":"arg2_1","role":"input","mem":"hbm","elems":2097152,"broadcast":false,"dims":[16,2048,64],"logical":[2048,1024],"loop_factor":1},{"name":"arg3_1","role":"input","mem":"hbm","elems":2097152,"broadcast":false,"dims":[16,2048,64],"logical":[2048,1024],"loop_factor":1}],"reduction_cores":1,"loop_trip":1,"tiles_output_dim":false,"tile_rows_per_core":0.0,"is_matmul":false,"matmul_macs":0,"matmul_rows_per_core":0.0,"matmul_cols_per_core":0.0,"matmul_a_bytes":0,"matmul_b_bytes":0,"matmul_m_split":1,"matmul_n_split":1,"hbm_pattern":""}]
SUMMARY op=add_indep2 rows=2048 cols=1024 cores=32 tiles=0 lx=0 io_hbm_bytes=25165824 kernel_us=217.298 pred_us=232.117 err_pct=+6.8 bw_gbps=115.8 memset_us=178.315 other_dev_us=899.533 total_dev_us=1295.146
-- add [2048,4096] lx=0
  op_it_space_splits={d0: 32, d1: 1}
IO -- device-layout I/O (cost model, stick-padded) --
IO   op add
IO     output op0                    torch [2048, 4096] -> device [64, 2048, 64] in HBM = 8388608 elems x 2B = 16777216 B  (hbm counted: 16777216 B)
IO     input  arg0_1                 torch [2048, 4096] -> device [64, 2048, 64] in HBM = 8388608 elems x 2B = 16777216 B  (hbm counted: 16777216 B)
IO     input  arg1_1                 torch [2048, 4096] -> device [64, 2048, 64] in HBM = 8388608 elems x 2B = 16777216 B  (hbm counted: 16777216 B)
IO   => HBM I/O total = 50331648 B  (lx 0 B, ~free)
MODEL -- estimate (turnaround): T = (R+W)/BW_PEAK + a*min(R,W) --
MODEL   R=33554432 B (read)   W=16777216 B (write)   loop_trip L=1
MODEL   base = (R+W)/150 = 335.54 us
MODEL   turn = a*min(R,W) = 0.00574*16777216 = 96.30 us
MODEL   => T_model = 431.85 us
MODEL FEATS [{"name":"add","is_reduction":false,"out_elems":8388608,"cores":32,"dtype_bytes":2,"args":[{"name":"op0","role":"output","mem":"hbm","elems":8388608,"broadcast":false,"dims":[64,2048,64],"logical":[2048,4096],"loop_factor":1},{"name":"arg0_1","role":"input","mem":"hbm","elems":8388608,"broadcast":false,"dims":[64,2048,64],"logical":[2048,4096],"loop_factor":1},{"name":"arg1_1","role":"input","mem":"hbm","elems":8388608,"broadcast":false,"dims":[64,2048,64],"logical":[2048,4096],"loop_factor":1}],"reduction_cores":1,"loop_trip":1,"tiles_output_dim":false,"tile_rows_per_core":0.0,"is_matmul":false,"matmul_macs":0,"matmul_rows_per_core":0.0,"matmul_cols_per_core":0.0,"matmul_a_bytes":0,"matmul_b_bytes":0,"matmul_m_split":1,"matmul_n_split":1,"hbm_pattern":""}]
SUMMARY op=add rows=2048 cols=4096 cores=32 tiles=0 lx=0 io_hbm_bytes=50331648 kernel_us=438.482 pred_us=431.846 err_pct=-1.5 bw_gbps=114.8 memset_us=283.892 other_dev_us=892.953 total_dev_us=1615.327
-- add3 [2048,4096] lx=0
  op_it_space_splits={d0: 32, d1: 1}
  op_it_space_splits={d0: 32, d1: 1}
IO -- device-layout I/O (cost model, stick-padded) --
IO   op add
IO     output op0                    torch [2048, 4096] -> device [64, 2048, 64] in HBM = 8388608 elems x 2B = 16777216 B  (hbm counted: 16777216 B)
IO     input  arg0_1                 torch [2048, 4096] -> device [64, 2048, 64] in HBM = 8388608 elems x 2B = 16777216 B  (hbm counted: 16777216 B)
IO     input  arg1_1                 torch [2048, 4096] -> device [64, 2048, 64] in HBM = 8388608 elems x 2B = 16777216 B  (hbm counted: 16777216 B)
IO   op add_1
IO     output op1                    torch [2048, 4096] -> device [64, 2048, 64] in HBM = 8388608 elems x 2B = 16777216 B  (hbm counted: 16777216 B)
IO     input  buf0                   torch [2048, 4096] -> device [64, 2048, 64] in HBM = 8388608 elems x 2B = 16777216 B  (hbm counted: 16777216 B)
IO     input  arg2_1                 torch [2048, 4096] -> device [64, 2048, 64] in HBM = 8388608 elems x 2B = 16777216 B  (hbm counted: 16777216 B)
IO   => HBM I/O total = 100663296 B  (lx 0 B, ~free)
MODEL -- estimate (turnaround): T = (R+W)/BW_PEAK + a*min(R,W) --
MODEL   R=67108864 B (read)   W=33554432 B (write)   loop_trip L=1
MODEL   base = (R+W)/150 = 671.09 us
MODEL   turn = a*min(R,W) = 0.00574*33554432 = 192.60 us
MODEL   => T_model = 928.47 us
MODEL FEATS [{"name":"add","is_reduction":false,"out_elems":8388608,"cores":32,"dtype_bytes":2,"args":[{"name":"op0","role":"output","mem":"hbm","elems":8388608,"broadcast":false,"dims":[64,2048,64],"logical":[2048,4096],"loop_factor":1},{"name":"arg0_1","role":"input","mem":"hbm","elems":8388608,"broadcast":false,"dims":[64,2048,64],"logical":[2048,4096],"loop_factor":1},{"name":"arg1_1","role":"input","mem":"hbm","elems":8388608,"broadcast":false,"dims":[64,2048,64],"logical":[2048,4096],"loop_factor":1}],"reduction_cores":1,"loop_trip":1,"tiles_output_dim":false,"tile_rows_per_core":0.0,"is_matmul":false,"matmul_macs":0,"matmul_rows_per_core":0.0,"matmul_cols_per_core":0.0,"matmul_a_bytes":0,"matmul_b_bytes":0,"matmul_m_split":1,"matmul_n_split":1,"hbm_pattern":""},{"name":"add_1","is_reduction":false,"out_elems":8388608,"cores":32,"dtype_bytes":2,"args":[{"name":"op1","role":"output","mem":"hbm","elems":8388608,"broadcast":false,"dims":[64,2048,64],"logical":[2048,4096],"loop_factor":1},{"name":"buf0","role":"input","mem":"hbm","elems":8388608,"broadcast":false,"dims":[64,2048,64],"logical":[2048,4096],"loop_factor":1},{"name":"arg2_1","role":"input","mem":"hbm","elems":8388608,"broadcast":false,"dims":[64,2048,64],"logical":[2048,4096],"loop_factor":1}],"reduction_cores":1,"loop_trip":1,"tiles_output_dim":false,"tile_rows_per_core":0.0,"is_matmul":false,"matmul_macs":0,"matmul_rows_per_core":0.0,"matmul_cols_per_core":0.0,"matmul_a_bytes":0,"matmul_b_bytes":0,"matmul_m_split":1,"matmul_n_split":1,"hbm_pattern":""}]
SUMMARY op=add3 rows=2048 cols=4096 cores=32 tiles=0 lx=0 io_hbm_bytes=100663296 kernel_us=934.777 pred_us=928.468 err_pct=-0.7 bw_gbps=107.7 memset_us=274.616 other_dev_us=886.648 total_dev_us=2096.041
-- add4 [2048,4096] lx=0
  op_it_space_splits={d0: 32, d1: 1}
  op_it_space_splits={d0: 32, d1: 1}
  op_it_space_splits={d0: 32, d1: 1}
IO -- device-layout I/O (cost model, stick-padded) --
IO   op add
IO     output op0                    torch [2048, 4096] -> device [64, 2048, 64] in HBM = 8388608 elems x 2B = 16777216 B  (hbm counted: 16777216 B)
IO     input  arg0_1                 torch [2048, 4096] -> device [64, 2048, 64] in HBM = 8388608 elems x 2B = 16777216 B  (hbm counted: 16777216 B)
IO     input  arg1_1                 torch [2048, 4096] -> device [64, 2048, 64] in HBM = 8388608 elems x 2B = 16777216 B  (hbm counted: 16777216 B)
IO   op add_1
IO     output op1                    torch [2048, 4096] -> device [64, 2048, 64] in HBM = 8388608 elems x 2B = 16777216 B  (hbm counted: 16777216 B)
IO     input  buf0                   torch [2048, 4096] -> device [64, 2048, 64] in HBM = 8388608 elems x 2B = 16777216 B  (hbm counted: 16777216 B)
IO     input  arg2_1                 torch [2048, 4096] -> device [64, 2048, 64] in HBM = 8388608 elems x 2B = 16777216 B  (hbm counted: 16777216 B)
IO   op add_2
IO     output op2                    torch [2048, 4096] -> device [64, 2048, 64] in HBM = 8388608 elems x 2B = 16777216 B  (hbm counted: 16777216 B)
IO     input  buf1                   torch [2048, 4096] -> device [64, 2048, 64] in HBM = 8388608 elems x 2B = 16777216 B  (hbm counted: 16777216 B)
IO     input  arg3_1                 torch [2048, 4096] -> device [64, 2048, 64] in HBM = 8388608 elems x 2B = 16777216 B  (hbm counted: 16777216 B)
IO   => HBM I/O total = 150994944 B  (lx 0 B, ~free)
MODEL -- estimate (turnaround): T = (R+W)/BW_PEAK + a*min(R,W) --
MODEL   R=100663296 B (read)   W=50331648 B (write)   loop_trip L=1
MODEL   base = (R+W)/150 = 1006.63 us
MODEL   turn = a*min(R,W) = 0.00574*50331648 = 288.90 us
MODEL   => T_model = 1489.87 us
MODEL FEATS [{"name":"add","is_reduction":false,"out_elems":8388608,"cores":32,"dtype_bytes":2,"args":[{"name":"op0","role":"output","mem":"hbm","elems":8388608,"broadcast":false,"dims":[64,2048,64],"logical":[2048,4096],"loop_factor":1},{"name":"arg0_1","role":"input","mem":"hbm","elems":8388608,"broadcast":false,"dims":[64,2048,64],"logical":[2048,4096],"loop_factor":1},{"name":"arg1_1","role":"input","mem":"hbm","elems":8388608,"broadcast":false,"dims":[64,2048,64],"logical":[2048,4096],"loop_factor":1}],"reduction_cores":1,"loop_trip":1,"tiles_output_dim":false,"tile_rows_per_core":0.0,"is_matmul":false,"matmul_macs":0,"matmul_rows_per_core":0.0,"matmul_cols_per_core":0.0,"matmul_a_bytes":0,"matmul_b_bytes":0,"matmul_m_split":1,"matmul_n_split":1,"hbm_pattern":""},{"name":"add_1","is_reduction":false,"out_elems":8388608,"cores":32,"dtype_bytes":2,"args":[{"name":"op1","role":"output","mem":"hbm","elems":8388608,"broadcast":false,"dims":[64,2048,64],"logical":[2048,4096],"loop_factor":1},{"name":"buf0","role":"input","mem":"hbm","elems":8388608,"broadcast":false,"dims":[64,2048,64],"logical":[2048,4096],"loop_factor":1},{"name":"arg2_1","role":"input","mem":"hbm","elems":8388608,"broadcast":false,"dims":[64,2048,64],"logical":[2048,4096],"loop_factor":1}],"reduction_cores":1,"loop_trip":1,"tiles_output_dim":false,"tile_rows_per_core":0.0,"is_matmul":false,"matmul_macs":0,"matmul_rows_per_core":0.0,"matmul_cols_per_core":0.0,"matmul_a_bytes":0,"matmul_b_bytes":0,"matmul_m_split":1,"matmul_n_split":1,"hbm_pattern":""},{"name":"add_2","is_reduction":false,"out_elems":8388608,"cores":32,"dtype_bytes":2,"args":[{"name":"op2","role":"output","mem":"hbm","elems":8388608,"broadcast":false,"dims":[64,2048,64],"logical":[2048,4096],"loop_factor":1},{"name":"buf1","role":"input","mem":"hbm","elems":8388608,"broadcast":false,"dims":[64,2048,64],"logical":[2048,4096],"loop_factor":1},{"name":"arg3_1","role":"input","mem":"hbm","elems":8388608,"broadcast":false,"dims":[64,2048,64],"logical":[2048,4096],"loop_factor":1}],"reduction_cores":1,"loop_trip":1,"tiles_output_dim":false,"tile_rows_per_core":0.0,"is_matmul":false,"matmul_macs":0,"matmul_rows_per_core":0.0,"matmul_cols_per_core":0.0,"matmul_a_bytes":0,"matmul_b_bytes":0,"matmul_m_split":1,"matmul_n_split":1,"hbm_pattern":""}]
SUMMARY op=add4 rows=2048 cols=4096 cores=32 tiles=0 lx=0 io_hbm_bytes=150994944 kernel_us=1535.029 pred_us=1489.867 err_pct=-2.9 bw_gbps=98.4 memset_us=263.163 other_dev_us=886.497 total_dev_us=2684.689
-- add5 [2048,4096] lx=0
  op_it_space_splits={d0: 32, d1: 1}
  op_it_space_splits={d0: 32, d1: 1}
  op_it_space_splits={d0: 32, d1: 1}
  op_it_space_splits={d0: 32, d1: 1}
IO -- device-layout I/O (cost model, stick-padded) --
IO   op add
IO     output op0                    torch [2048, 4096] -> device [64, 2048, 64] in HBM = 8388608 elems x 2B = 16777216 B  (hbm counted: 16777216 B)
IO     input  arg0_1                 torch [2048, 4096] -> device [64, 2048, 64] in HBM = 8388608 elems x 2B = 16777216 B  (hbm counted: 16777216 B)
IO     input  arg1_1                 torch [2048, 4096] -> device [64, 2048, 64] in HBM = 8388608 elems x 2B = 16777216 B  (hbm counted: 16777216 B)
IO   op add_1
IO     output op1                    torch [2048, 4096] -> device [64, 2048, 64] in HBM = 8388608 elems x 2B = 16777216 B  (hbm counted: 16777216 B)
IO     input  buf0                   torch [2048, 4096] -> device [64, 2048, 64] in HBM = 8388608 elems x 2B = 16777216 B  (hbm counted: 16777216 B)
IO     input  arg2_1                 torch [2048, 4096] -> device [64, 2048, 64] in HBM = 8388608 elems x 2B = 16777216 B  (hbm counted: 16777216 B)
IO   op add_2
IO     output op2                    torch [2048, 4096] -> device [64, 2048, 64] in HBM = 8388608 elems x 2B = 16777216 B  (hbm counted: 16777216 B)
IO     input  buf1                   torch [2048, 4096] -> device [64, 2048, 64] in HBM = 8388608 elems x 2B = 16777216 B  (hbm counted: 16777216 B)
IO     input  arg3_1                 torch [2048, 4096] -> device [64, 2048, 64] in HBM = 8388608 elems x 2B = 16777216 B  (hbm counted: 16777216 B)
IO   op add_3
IO     output op3                    torch [2048, 4096] -> device [64, 2048, 64] in HBM = 8388608 elems x 2B = 16777216 B  (hbm counted: 16777216 B)
IO     input  buf2                   torch [2048, 4096] -> device [64, 2048, 64] in HBM = 8388608 elems x 2B = 16777216 B  (hbm counted: 16777216 B)
IO     input  arg4_1                 torch [2048, 4096] -> device [64, 2048, 64] in HBM = 8388608 elems x 2B = 16777216 B  (hbm counted: 16777216 B)
IO   => HBM I/O total = 201326592 B  (lx 0 B, ~free)
MODEL -- estimate (turnaround): T = (R+W)/BW_PEAK + a*min(R,W) --
MODEL   R=134217728 B (read)   W=67108864 B (write)   loop_trip L=1
MODEL   base = (R+W)/150 = 1342.18 us
MODEL   turn = a*min(R,W) = 0.00574*67108864 = 385.20 us
MODEL   => T_model = 2116.04 us
MODEL FEATS [{"name":"add","is_reduction":false,"out_elems":8388608,"cores":32,"dtype_bytes":2,"args":[{"name":"op0","role":"output","mem":"hbm","elems":8388608,"broadcast":false,"dims":[64,2048,64],"logical":[2048,4096],"loop_factor":1},{"name":"arg0_1","role":"input","mem":"hbm","elems":8388608,"broadcast":false,"dims":[64,2048,64],"logical":[2048,4096],"loop_factor":1},{"name":"arg1_1","role":"input","mem":"hbm","elems":8388608,"broadcast":false,"dims":[64,2048,64],"logical":[2048,4096],"loop_factor":1}],"reduction_cores":1,"loop_trip":1,"tiles_output_dim":false,"tile_rows_per_core":0.0,"is_matmul":false,"matmul_macs":0,"matmul_rows_per_core":0.0,"matmul_cols_per_core":0.0,"matmul_a_bytes":0,"matmul_b_bytes":0,"matmul_m_split":1,"matmul_n_split":1,"hbm_pattern":""},{"name":"add_1","is_reduction":false,"out_elems":8388608,"cores":32,"dtype_bytes":2,"args":[{"name":"op1","role":"output","mem":"hbm","elems":8388608,"broadcast":false,"dims":[64,2048,64],"logical":[2048,4096],"loop_factor":1},{"name":"buf0","role":"input","mem":"hbm","elems":8388608,"broadcast":false,"dims":[64,2048,64],"logical":[2048,4096],"loop_factor":1},{"name":"arg2_1","role":"input","mem":"hbm","elems":8388608,"broadcast":false,"dims":[64,2048,64],"logical":[2048,4096],"loop_factor":1}],"reduction_cores":1,"loop_trip":1,"tiles_output_dim":false,"tile_rows_per_core":0.0,"is_matmul":false,"matmul_macs":0,"matmul_rows_per_core":0.0,"matmul_cols_per_core":0.0,"matmul_a_bytes":0,"matmul_b_bytes":0,"matmul_m_split":1,"matmul_n_split":1,"hbm_pattern":""},{"name":"add_2","is_reduction":false,"out_elems":8388608,"cores":32,"dtype_bytes":2,"args":[{"name":"op2","role":"output","mem":"hbm","elems":8388608,"broadcast":false,"dims":[64,2048,64],"logical":[2048,4096],"loop_factor":1},{"name":"buf1","role":"input","mem":"hbm","elems":8388608,"broadcast":false,"dims":[64,2048,64],"logical":[2048,4096],"loop_factor":1},{"name":"arg3_1","role":"input","mem":"hbm","elems":8388608,"broadcast":false,"dims":[64,2048,64],"logical":[2048,4096],"loop_factor":1}],"reduction_cores":1,"loop_trip":1,"tiles_output_dim":false,"tile_rows_per_core":0.0,"is_matmul":false,"matmul_macs":0,"matmul_rows_per_core":0.0,"matmul_cols_per_core":0.0,"matmul_a_bytes":0,"matmul_b_bytes":0,"matmul_m_split":1,"matmul_n_split":1,"hbm_pattern":""},{"name":"add_3","is_reduction":false,"out_elems":8388608,"cores":32,"dtype_bytes":2,"args":[{"name":"op3","role":"output","mem":"hbm","elems":8388608,"broadcast":false,"dims":[64,2048,64],"logical":[2048,4096],"loop_factor":1},{"name":"buf2","role":"input","mem":"hbm","elems":8388608,"broadcast":false,"dims":[64,2048,64],"logical":[2048,4096],"loop_factor":1},{"name":"arg4_1","role":"input","mem":"hbm","elems":8388608,"broadcast":false,"dims":[64,2048,64],"logical":[2048,4096],"loop_factor":1}],"reduction_cores":1,"loop_trip":1,"tiles_output_dim":false,"tile_rows_per_core":0.0,"is_matmul":false,"matmul_macs":0,"matmul_rows_per_core":0.0,"matmul_cols_per_core":0.0,"matmul_a_bytes":0,"matmul_b_bytes":0,"matmul_m_split":1,"matmul_n_split":1,"hbm_pattern":""}]
SUMMARY op=add5 rows=2048 cols=4096 cores=32 tiles=0 lx=0 io_hbm_bytes=201326592 kernel_us=2037.089 pred_us=2116.043 err_pct=+3.9 bw_gbps=98.8 memset_us=269.525 other_dev_us=862.756 total_dev_us=3169.370
-- add6 [2048,4096] lx=0
  op_it_space_splits={d0: 32, d1: 1}
  op_it_space_splits={d0: 32, d1: 1}
  op_it_space_splits={d0: 32, d1: 1}
  op_it_space_splits={d0: 32, d1: 1}
  op_it_space_splits={d0: 32, d1: 1}
IO -- device-layout I/O (cost model, stick-padded) --
IO   op add
IO     output op0                    torch [2048, 4096] -> device [64, 2048, 64] in HBM = 8388608 elems x 2B = 16777216 B  (hbm counted: 16777216 B)
IO     input  arg0_1                 torch [2048, 4096] -> device [64, 2048, 64] in HBM = 8388608 elems x 2B = 16777216 B  (hbm counted: 16777216 B)
IO     input  arg1_1                 torch [2048, 4096] -> device [64, 2048, 64] in HBM = 8388608 elems x 2B = 16777216 B  (hbm counted: 16777216 B)
IO   op add_1
IO     output op1                    torch [2048, 4096] -> device [64, 2048, 64] in HBM = 8388608 elems x 2B = 16777216 B  (hbm counted: 16777216 B)
IO     input  buf0                   torch [2048, 4096] -> device [64, 2048, 64] in HBM = 8388608 elems x 2B = 16777216 B  (hbm counted: 16777216 B)
IO     input  arg2_1                 torch [2048, 4096] -> device [64, 2048, 64] in HBM = 8388608 elems x 2B = 16777216 B  (hbm counted: 16777216 B)
IO   op add_2
IO     output op2                    torch [2048, 4096] -> device [64, 2048, 64] in HBM = 8388608 elems x 2B = 16777216 B  (hbm counted: 16777216 B)
IO     input  buf1                   torch [2048, 4096] -> device [64, 2048, 64] in HBM = 8388608 elems x 2B = 16777216 B  (hbm counted: 16777216 B)
IO     input  arg3_1                 torch [2048, 4096] -> device [64, 2048, 64] in HBM = 8388608 elems x 2B = 16777216 B  (hbm counted: 16777216 B)
IO   op add_3
IO     output op3                    torch [2048, 4096] -> device [64, 2048, 64] in HBM = 8388608 elems x 2B = 16777216 B  (hbm counted: 16777216 B)
IO     input  buf2                   torch [2048, 4096] -> device [64, 2048, 64] in HBM = 8388608 elems x 2B = 16777216 B  (hbm counted: 16777216 B)
IO     input  arg4_1                 torch [2048, 4096] -> device [64, 2048, 64] in HBM = 8388608 elems x 2B = 16777216 B  (hbm counted: 16777216 B)
IO   op add_4
IO     output op4                    torch [2048, 4096] -> device [64, 2048, 64] in HBM = 8388608 elems x 2B = 16777216 B  (hbm counted: 16777216 B)
IO     input  buf3                   torch [2048, 4096] -> device [64, 2048, 64] in HBM = 8388608 elems x 2B = 16777216 B  (hbm counted: 16777216 B)
IO     input  arg5_1                 torch [2048, 4096] -> device [64, 2048, 64] in HBM = 8388608 elems x 2B = 16777216 B  (hbm counted: 16777216 B)
IO   => HBM I/O total = 251658240 B  (lx 0 B, ~free)
MODEL -- estimate (turnaround): T = (R+W)/BW_PEAK + a*min(R,W) --
MODEL   R=167772160 B (read)   W=83886080 B (write)   loop_trip L=1
MODEL   base = (R+W)/150 = 1677.72 us
MODEL   turn = a*min(R,W) = 0.00574*83886080 = 481.51 us
MODEL   => T_model = 2807.00 us
MODEL FEATS [{"name":"add","is_reduction":false,"out_elems":8388608,"cores":32,"dtype_bytes":2,"args":[{"name":"op0","role":"output","mem":"hbm","elems":8388608,"broadcast":false,"dims":[64,2048,64],"logical":[2048,4096],"loop_factor":1},{"name":"arg0_1","role":"input","mem":"hbm","elems":8388608,"broadcast":false,"dims":[64,2048,64],"logical":[2048,4096],"loop_factor":1},{"name":"arg1_1","role":"input","mem":"hbm","elems":8388608,"broadcast":false,"dims":[64,2048,64],"logical":[2048,4096],"loop_factor":1}],"reduction_cores":1,"loop_trip":1,"tiles_output_dim":false,"tile_rows_per_core":0.0,"is_matmul":false,"matmul_macs":0,"matmul_rows_per_core":0.0,"matmul_cols_per_core":0.0,"matmul_a_bytes":0,"matmul_b_bytes":0,"matmul_m_split":1,"matmul_n_split":1,"hbm_pattern":""},{"name":"add_1","is_reduction":false,"out_elems":8388608,"cores":32,"dtype_bytes":2,"args":[{"name":"op1","role":"output","mem":"hbm","elems":8388608,"broadcast":false,"dims":[64,2048,64],"logical":[2048,4096],"loop_factor":1},{"name":"buf0","role":"input","mem":"hbm","elems":8388608,"broadcast":false,"dims":[64,2048,64],"logical":[2048,4096],"loop_factor":1},{"name":"arg2_1","role":"input","mem":"hbm","elems":8388608,"broadcast":false,"dims":[64,2048,64],"logical":[2048,4096],"loop_factor":1}],"reduction_cores":1,"loop_trip":1,"tiles_output_dim":false,"tile_rows_per_core":0.0,"is_matmul":false,"matmul_macs":0,"matmul_rows_per_core":0.0,"matmul_cols_per_core":0.0,"matmul_a_bytes":0,"matmul_b_bytes":0,"matmul_m_split":1,"matmul_n_split":1,"hbm_pattern":""},{"name":"add_2","is_reduction":false,"out_elems":8388608,"cores":32,"dtype_bytes":2,"args":[{"name":"op2","role":"output","mem":"hbm","elems":8388608,"broadcast":false,"dims":[64,2048,64],"logical":[2048,4096],"loop_factor":1},{"name":"buf1","role":"input","mem":"hbm","elems":8388608,"broadcast":false,"dims":[64,2048,64],"logical":[2048,4096],"loop_factor":1},{"name":"arg3_1","role":"input","mem":"hbm","elems":8388608,"broadcast":false,"dims":[64,2048,64],"logical":[2048,4096],"loop_factor":1}],"reduction_cores":1,"loop_trip":1,"tiles_output_dim":false,"tile_rows_per_core":0.0,"is_matmul":false,"matmul_macs":0,"matmul_rows_per_core":0.0,"matmul_cols_per_core":0.0,"matmul_a_bytes":0,"matmul_b_bytes":0,"matmul_m_split":1,"matmul_n_split":1,"hbm_pattern":""},{"name":"add_3","is_reduction":false,"out_elems":8388608,"cores":32,"dtype_bytes":2,"args":[{"name":"op3","role":"output","mem":"hbm","elems":8388608,"broadcast":false,"dims":[64,2048,64],"logical":[2048,4096],"loop_factor":1},{"name":"buf2","role":"input","mem":"hbm","elems":8388608,"broadcast":false,"dims":[64,2048,64],"logical":[2048,4096],"loop_factor":1},{"name":"arg4_1","role":"input","mem":"hbm","elems":8388608,"broadcast":false,"dims":[64,2048,64],"logical":[2048,4096],"loop_factor":1}],"reduction_cores":1,"loop_trip":1,"tiles_output_dim":false,"tile_rows_per_core":0.0,"is_matmul":false,"matmul_macs":0,"matmul_rows_per_core":0.0,"matmul_cols_per_core":0.0,"matmul_a_bytes":0,"matmul_b_bytes":0,"matmul_m_split":1,"matmul_n_split":1,"hbm_pattern":""},{"name":"add_4","is_reduction":false,"out_elems":8388608,"cores":32,"dtype_bytes":2,"args":[{"name":"op4","role":"output","mem":"hbm","elems":8388608,"broadcast":false,"dims":[64,2048,64],"logical":[2048,4096],"loop_factor":1},{"name":"buf3","role":"input","mem":"hbm","elems":8388608,"broadcast":false,"dims":[64,2048,64],"logical":[2048,4096],"loop_factor":1},{"name":"arg5_1","role":"input","mem":"hbm","elems":8388608,"broadcast":false,"dims":[64,2048,64],"logical":[2048,4096],"loop_factor":1}],"reduction_cores":1,"loop_trip":1,"tiles_output_dim":false,"tile_rows_per_core":0.0,"is_matmul":false,"matmul_macs":0,"matmul_rows_per_core":0.0,"matmul_cols_per_core":0.0,"matmul_a_bytes":0,"matmul_b_bytes":0,"matmul_m_split":1,"matmul_n_split":1,"hbm_pattern":""}]
SUMMARY op=add6 rows=2048 cols=4096 cores=32 tiles=0 lx=0 io_hbm_bytes=251658240 kernel_us=2515.230 pred_us=2806.996 err_pct=+11.6 bw_gbps=100.1 memset_us=268.880 other_dev_us=869.071 total_dev_us=3653.181
-- add3_sep [2048,4096] lx=0
  op_it_space_splits={d0: 32, d1: 1}
IO -- device-layout I/O (cost model, stick-padded) --
IO   op add
IO     output op0                    torch [2048, 4096] -> device [64, 2048, 64] in HBM = 8388608 elems x 2B = 16777216 B  (hbm counted: 16777216 B)
IO     input  arg0_1                 torch [2048, 4096] -> device [64, 2048, 64] in HBM = 8388608 elems x 2B = 16777216 B  (hbm counted: 16777216 B)
IO     input  arg1_1                 torch [2048, 4096] -> device [64, 2048, 64] in HBM = 8388608 elems x 2B = 16777216 B  (hbm counted: 16777216 B)
IO   => HBM I/O total = 50331648 B  (lx 0 B, ~free)
MODEL -- estimate (turnaround): T = (R+W)/BW_PEAK + a*min(R,W) --
MODEL   R=33554432 B (read)   W=16777216 B (write)   loop_trip L=1
MODEL   base = (R+W)/150 = 335.54 us
MODEL   turn = a*min(R,W) = 0.00574*16777216 = 96.30 us
MODEL   => T_model = 431.85 us
MODEL FEATS [{"name":"add","is_reduction":false,"out_elems":8388608,"cores":32,"dtype_bytes":2,"args":[{"name":"op0","role":"output","mem":"hbm","elems":8388608,"broadcast":false,"dims":[64,2048,64],"logical":[2048,4096],"loop_factor":1},{"name":"arg0_1","role":"input","mem":"hbm","elems":8388608,"broadcast":false,"dims":[64,2048,64],"logical":[2048,4096],"loop_factor":1},{"name":"arg1_1","role":"input","mem":"hbm","elems":8388608,"broadcast":false,"dims":[64,2048,64],"logical":[2048,4096],"loop_factor":1}],"reduction_cores":1,"loop_trip":1,"tiles_output_dim":false,"tile_rows_per_core":0.0,"is_matmul":false,"matmul_macs":0,"matmul_rows_per_core":0.0,"matmul_cols_per_core":0.0,"matmul_a_bytes":0,"matmul_b_bytes":0,"matmul_m_split":1,"matmul_n_split":1,"hbm_pattern":""}]
SUMMARY op=add3_sep rows=2048 cols=4096 cores=32 tiles=0 lx=0 io_hbm_bytes=50331648 kernel_us=940.342 pred_us=431.846 err_pct=-54.1 bw_gbps=53.5 memset_us=274.313 other_dev_us=985.563 total_dev_us=2200.218
-- add4_sep [2048,4096] lx=0
  op_it_space_splits={d0: 32, d1: 1}
IO -- device-layout I/O (cost model, stick-padded) --
IO   op add
IO     output op0                    torch [2048, 4096] -> device [64, 2048, 64] in HBM = 8388608 elems x 2B = 16777216 B  (hbm counted: 16777216 B)
IO     input  arg0_1                 torch [2048, 4096] -> device [64, 2048, 64] in HBM = 8388608 elems x 2B = 16777216 B  (hbm counted: 16777216 B)
IO     input  arg1_1                 torch [2048, 4096] -> device [64, 2048, 64] in HBM = 8388608 elems x 2B = 16777216 B  (hbm counted: 16777216 B)
IO   => HBM I/O total = 50331648 B  (lx 0 B, ~free)
MODEL -- estimate (turnaround): T = (R+W)/BW_PEAK + a*min(R,W) --
MODEL   R=33554432 B (read)   W=16777216 B (write)   loop_trip L=1
MODEL   base = (R+W)/150 = 335.54 us
MODEL   turn = a*min(R,W) = 0.00574*16777216 = 96.30 us
MODEL   => T_model = 431.85 us
MODEL FEATS [{"name":"add","is_reduction":false,"out_elems":8388608,"cores":32,"dtype_bytes":2,"args":[{"name":"op0","role":"output","mem":"hbm","elems":8388608,"broadcast":false,"dims":[64,2048,64],"logical":[2048,4096],"loop_factor":1},{"name":"arg0_1","role":"input","mem":"hbm","elems":8388608,"broadcast":false,"dims":[64,2048,64],"logical":[2048,4096],"loop_factor":1},{"name":"arg1_1","role":"input","mem":"hbm","elems":8388608,"broadcast":false,"dims":[64,2048,64],"logical":[2048,4096],"loop_factor":1}],"reduction_cores":1,"loop_trip":1,"tiles_output_dim":false,"tile_rows_per_core":0.0,"is_matmul":false,"matmul_macs":0,"matmul_rows_per_core":0.0,"matmul_cols_per_core":0.0,"matmul_a_bytes":0,"matmul_b_bytes":0,"matmul_m_split":1,"matmul_n_split":1,"hbm_pattern":""}]
SUMMARY op=add4_sep rows=2048 cols=4096 cores=32 tiles=0 lx=0 io_hbm_bytes=50331648 kernel_us=1381.817 pred_us=431.846 err_pct=-68.7 bw_gbps=36.4 memset_us=283.263 other_dev_us=969.423 total_dev_us=2634.503
-- add5_sep [2048,4096] lx=0
  op_it_space_splits={d0: 32, d1: 1}
IO -- device-layout I/O (cost model, stick-padded) --
IO   op add
IO     output op0                    torch [2048, 4096] -> device [64, 2048, 64] in HBM = 8388608 elems x 2B = 16777216 B  (hbm counted: 16777216 B)
IO     input  arg0_1                 torch [2048, 4096] -> device [64, 2048, 64] in HBM = 8388608 elems x 2B = 16777216 B  (hbm counted: 16777216 B)
IO     input  arg1_1                 torch [2048, 4096] -> device [64, 2048, 64] in HBM = 8388608 elems x 2B = 16777216 B  (hbm counted: 16777216 B)
IO   => HBM I/O total = 50331648 B  (lx 0 B, ~free)
MODEL -- estimate (turnaround): T = (R+W)/BW_PEAK + a*min(R,W) --
MODEL   R=33554432 B (read)   W=16777216 B (write)   loop_trip L=1
MODEL   base = (R+W)/150 = 335.54 us
MODEL   turn = a*min(R,W) = 0.00574*16777216 = 96.30 us
MODEL   => T_model = 431.85 us
MODEL FEATS [{"name":"add","is_reduction":false,"out_elems":8388608,"cores":32,"dtype_bytes":2,"args":[{"name":"op0","role":"output","mem":"hbm","elems":8388608,"broadcast":false,"dims":[64,2048,64],"logical":[2048,4096],"loop_factor":1},{"name":"arg0_1","role":"input","mem":"hbm","elems":8388608,"broadcast":false,"dims":[64,2048,64],"logical":[2048,4096],"loop_factor":1},{"name":"arg1_1","role":"input","mem":"hbm","elems":8388608,"broadcast":false,"dims":[64,2048,64],"logical":[2048,4096],"loop_factor":1}],"reduction_cores":1,"loop_trip":1,"tiles_output_dim":false,"tile_rows_per_core":0.0,"is_matmul":false,"matmul_macs":0,"matmul_rows_per_core":0.0,"matmul_cols_per_core":0.0,"matmul_a_bytes":0,"matmul_b_bytes":0,"matmul_m_split":1,"matmul_n_split":1,"hbm_pattern":""}]
SUMMARY op=add5_sep rows=2048 cols=4096 cores=32 tiles=0 lx=0 io_hbm_bytes=50331648 kernel_us=2021.679 pred_us=431.846 err_pct=-78.6 bw_gbps=24.9 memset_us=289.925 other_dev_us=901.845 total_dev_us=3213.449
-- add6_sep [2048,4096] lx=0
  op_it_space_splits={d0: 32, d1: 1}
IO -- device-layout I/O (cost model, stick-padded) --
IO   op add
IO     output op0                    torch [2048, 4096] -> device [64, 2048, 64] in HBM = 8388608 elems x 2B = 16777216 B  (hbm counted: 16777216 B)
IO     input  arg0_1                 torch [2048, 4096] -> device [64, 2048, 64] in HBM = 8388608 elems x 2B = 16777216 B  (hbm counted: 16777216 B)
IO     input  arg1_1                 torch [2048, 4096] -> device [64, 2048, 64] in HBM = 8388608 elems x 2B = 16777216 B  (hbm counted: 16777216 B)
IO   => HBM I/O total = 50331648 B  (lx 0 B, ~free)
MODEL -- estimate (turnaround): T = (R+W)/BW_PEAK + a*min(R,W) --
MODEL   R=33554432 B (read)   W=16777216 B (write)   loop_trip L=1
MODEL   base = (R+W)/150 = 335.54 us
MODEL   turn = a*min(R,W) = 0.00574*16777216 = 96.30 us
MODEL   => T_model = 431.85 us
MODEL FEATS [{"name":"add","is_reduction":false,"out_elems":8388608,"cores":32,"dtype_bytes":2,"args":[{"name":"op0","role":"output","mem":"hbm","elems":8388608,"broadcast":false,"dims":[64,2048,64],"logical":[2048,4096],"loop_factor":1},{"name":"arg0_1","role":"input","mem":"hbm","elems":8388608,"broadcast":false,"dims":[64,2048,64],"logical":[2048,4096],"loop_factor":1},{"name":"arg1_1","role":"input","mem":"hbm","elems":8388608,"broadcast":false,"dims":[64,2048,64],"logical":[2048,4096],"loop_factor":1}],"reduction_cores":1,"loop_trip":1,"tiles_output_dim":false,"tile_rows_per_core":0.0,"is_matmul":false,"matmul_macs":0,"matmul_rows_per_core":0.0,"matmul_cols_per_core":0.0,"matmul_a_bytes":0,"matmul_b_bytes":0,"matmul_m_split":1,"matmul_n_split":1,"hbm_pattern":""}]
SUMMARY op=add6_sep rows=2048 cols=4096 cores=32 tiles=0 lx=0 io_hbm_bytes=50331648 kernel_us=2535.376 pred_us=431.846 err_pct=-83.0 bw_gbps=19.9 memset_us=314.075 other_dev_us=968.034 total_dev_us=3817.485
-- add_indep2 [2048,4096] lx=0
  op_it_space_splits={d0: 32, d1: 1}
  op_it_space_splits={d0: 32, d1: 1}
IO -- device-layout I/O (cost model, stick-padded) --
IO   op add
IO     output op0                    torch [2048, 4096] -> device [64, 2048, 64] in HBM = 8388608 elems x 2B = 16777216 B  (hbm counted: 16777216 B)
IO     input  arg0_1                 torch [2048, 4096] -> device [64, 2048, 64] in HBM = 8388608 elems x 2B = 16777216 B  (hbm counted: 16777216 B)
IO     input  arg1_1                 torch [2048, 4096] -> device [64, 2048, 64] in HBM = 8388608 elems x 2B = 16777216 B  (hbm counted: 16777216 B)
IO   op add_1
IO     output op1                    torch [2048, 4096] -> device [64, 2048, 64] in HBM = 8388608 elems x 2B = 16777216 B  (hbm counted: 16777216 B)
IO     input  arg2_1                 torch [2048, 4096] -> device [64, 2048, 64] in HBM = 8388608 elems x 2B = 16777216 B  (hbm counted: 16777216 B)
IO     input  arg3_1                 torch [2048, 4096] -> device [64, 2048, 64] in HBM = 8388608 elems x 2B = 16777216 B  (hbm counted: 16777216 B)
IO   => HBM I/O total = 100663296 B  (lx 0 B, ~free)
MODEL -- estimate (turnaround): T = (R+W)/BW_PEAK + a*min(R,W) --
MODEL   R=67108864 B (read)   W=33554432 B (write)   loop_trip L=1
MODEL   base = (R+W)/150 = 671.09 us
MODEL   turn = a*min(R,W) = 0.00574*33554432 = 192.60 us
MODEL   => T_model = 928.47 us
MODEL FEATS [{"name":"add","is_reduction":false,"out_elems":8388608,"cores":32,"dtype_bytes":2,"args":[{"name":"op0","role":"output","mem":"hbm","elems":8388608,"broadcast":false,"dims":[64,2048,64],"logical":[2048,4096],"loop_factor":1},{"name":"arg0_1","role":"input","mem":"hbm","elems":8388608,"broadcast":false,"dims":[64,2048,64],"logical":[2048,4096],"loop_factor":1},{"name":"arg1_1","role":"input","mem":"hbm","elems":8388608,"broadcast":false,"dims":[64,2048,64],"logical":[2048,4096],"loop_factor":1}],"reduction_cores":1,"loop_trip":1,"tiles_output_dim":false,"tile_rows_per_core":0.0,"is_matmul":false,"matmul_macs":0,"matmul_rows_per_core":0.0,"matmul_cols_per_core":0.0,"matmul_a_bytes":0,"matmul_b_bytes":0,"matmul_m_split":1,"matmul_n_split":1,"hbm_pattern":""},{"name":"add_1","is_reduction":false,"out_elems":8388608,"cores":32,"dtype_bytes":2,"args":[{"name":"op1","role":"output","mem":"hbm","elems":8388608,"broadcast":false,"dims":[64,2048,64],"logical":[2048,4096],"loop_factor":1},{"name":"arg2_1","role":"input","mem":"hbm","elems":8388608,"broadcast":false,"dims":[64,2048,64],"logical":[2048,4096],"loop_factor":1},{"name":"arg3_1","role":"input","mem":"hbm","elems":8388608,"broadcast":false,"dims":[64,2048,64],"logical":[2048,4096],"loop_factor":1}],"reduction_cores":1,"loop_trip":1,"tiles_output_dim":false,"tile_rows_per_core":0.0,"is_matmul":false,"matmul_macs":0,"matmul_rows_per_core":0.0,"matmul_cols_per_core":0.0,"matmul_a_bytes":0,"matmul_b_bytes":0,"matmul_m_split":1,"matmul_n_split":1,"hbm_pattern":""}]
SUMMARY op=add_indep2 rows=2048 cols=4096 cores=32 tiles=0 lx=0 io_hbm_bytes=100663296 kernel_us=871.837 pred_us=928.468 err_pct=+6.5 bw_gbps=115.5 memset_us=518.457 other_dev_us=1327.689 total_dev_us=2717.983
-- add [2048,16384] lx=0
  op_it_space_splits={d0: 32, d1: 1}
IO -- device-layout I/O (cost model, stick-padded) --
IO   op add
IO     output op0                    torch [2048, 16384] -> device [256, 2048, 64] in HBM = 33554432 elems x 2B = 67108864 B  (hbm counted: 67108864 B)
IO     input  arg0_1                 torch [2048, 16384] -> device [256, 2048, 64] in HBM = 33554432 elems x 2B = 67108864 B  (hbm counted: 67108864 B)
IO     input  arg1_1                 torch [2048, 16384] -> device [256, 2048, 64] in HBM = 33554432 elems x 2B = 67108864 B  (hbm counted: 67108864 B)
IO   => HBM I/O total = 201326592 B  (lx 0 B, ~free)
MODEL -- estimate (turnaround): T = (R+W)/BW_PEAK + a*min(R,W) --
MODEL   R=134217728 B (read)   W=67108864 B (write)   loop_trip L=1
MODEL   base = (R+W)/150 = 1342.18 us
MODEL   turn = a*min(R,W) = 0.00574*67108864 = 385.20 us
MODEL   => T_model = 1727.38 us
MODEL FEATS [{"name":"add","is_reduction":false,"out_elems":33554432,"cores":32,"dtype_bytes":2,"args":[{"name":"op0","role":"output","mem":"hbm","elems":33554432,"broadcast":false,"dims":[256,2048,64],"logical":[2048,16384],"loop_factor":1},{"name":"arg0_1","role":"input","mem":"hbm","elems":33554432,"broadcast":false,"dims":[256,2048,64],"logical":[2048,16384],"loop_factor":1},{"name":"arg1_1","role":"input","mem":"hbm","elems":33554432,"broadcast":false,"dims":[256,2048,64],"logical":[2048,16384],"loop_factor":1}],"reduction_cores":1,"loop_trip":1,"tiles_output_dim":false,"tile_rows_per_core":0.0,"is_matmul":false,"matmul_macs":0,"matmul_rows_per_core":0.0,"matmul_cols_per_core":0.0,"matmul_a_bytes":0,"matmul_b_bytes":0,"matmul_m_split":1,"matmul_n_split":1,"hbm_pattern":""}]
SUMMARY op=add rows=2048 cols=16384 cores=32 tiles=0 lx=0 io_hbm_bytes=201326592 kernel_us=1756.711 pred_us=1727.382 err_pct=-1.7 bw_gbps=114.6 memset_us=1077.715 other_dev_us=5624.279 total_dev_us=8458.705
-- add3 [2048,16384] lx=0
  op_it_space_splits={d0: 32, d1: 1}
  op_it_space_splits={d0: 32, d1: 1}
IO -- device-layout I/O (cost model, stick-padded) --
IO   op add
IO     output op0                    torch [2048, 16384] -> device [256, 2048, 64] in HBM = 33554432 elems x 2B = 67108864 B  (hbm counted: 67108864 B)
IO     input  arg0_1                 torch [2048, 16384] -> device [256, 2048, 64] in HBM = 33554432 elems x 2B = 67108864 B  (hbm counted: 67108864 B)
IO     input  arg1_1                 torch [2048, 16384] -> device [256, 2048, 64] in HBM = 33554432 elems x 2B = 67108864 B  (hbm counted: 67108864 B)
IO   op add_1
IO     output op1                    torch [2048, 16384] -> device [256, 2048, 64] in HBM = 33554432 elems x 2B = 67108864 B  (hbm counted: 67108864 B)
IO     input  buf0                   torch [2048, 16384] -> device [256, 2048, 64] in HBM = 33554432 elems x 2B = 67108864 B  (hbm counted: 67108864 B)
IO     input  arg2_1                 torch [2048, 16384] -> device [256, 2048, 64] in HBM = 33554432 elems x 2B = 67108864 B  (hbm counted: 67108864 B)
IO   => HBM I/O total = 402653184 B  (lx 0 B, ~free)
MODEL -- estimate (turnaround): T = (R+W)/BW_PEAK + a*min(R,W) --
MODEL   R=268435456 B (read)   W=134217728 B (write)   loop_trip L=1
MODEL   base = (R+W)/150 = 2684.35 us
MODEL   turn = a*min(R,W) = 0.00574*134217728 = 770.41 us
MODEL   => T_model = 3713.87 us
MODEL FEATS [{"name":"add","is_reduction":false,"out_elems":33554432,"cores":32,"dtype_bytes":2,"args":[{"name":"op0","role":"output","mem":"hbm","elems":33554432,"broadcast":false,"dims":[256,2048,64],"logical":[2048,16384],"loop_factor":1},{"name":"arg0_1","role":"input","mem":"hbm","elems":33554432,"broadcast":false,"dims":[256,2048,64],"logical":[2048,16384],"loop_factor":1},{"name":"arg1_1","role":"input","mem":"hbm","elems":33554432,"broadcast":false,"dims":[256,2048,64],"logical":[2048,16384],"loop_factor":1}],"reduction_cores":1,"loop_trip":1,"tiles_output_dim":false,"tile_rows_per_core":0.0,"is_matmul":false,"matmul_macs":0,"matmul_rows_per_core":0.0,"matmul_cols_per_core":0.0,"matmul_a_bytes":0,"matmul_b_bytes":0,"matmul_m_split":1,"matmul_n_split":1,"hbm_pattern":""},{"name":"add_1","is_reduction":false,"out_elems":33554432,"cores":32,"dtype_bytes":2,"args":[{"name":"op1","role":"output","mem":"hbm","elems":33554432,"broadcast":false,"dims":[256,2048,64],"logical":[2048,16384],"loop_factor":1},{"name":"buf0","role":"input","mem":"hbm","elems":33554432,"broadcast":false,"dims":[256,2048,64],"logical":[2048,16384],"loop_factor":1},{"name":"arg2_1","role":"input","mem":"hbm","elems":33554432,"broadcast":false,"dims":[256,2048,64],"logical":[2048,16384],"loop_factor":1}],"reduction_cores":1,"loop_trip":1,"tiles_output_dim":false,"tile_rows_per_core":0.0,"is_matmul":false,"matmul_macs":0,"matmul_rows_per_core":0.0,"matmul_cols_per_core":0.0,"matmul_a_bytes":0,"matmul_b_bytes":0,"matmul_m_split":1,"matmul_n_split":1,"hbm_pattern":""}]
SUMMARY op=add3 rows=2048 cols=16384 cores=32 tiles=0 lx=0 io_hbm_bytes=402653184 kernel_us=3723.782 pred_us=3713.872 err_pct=-0.3 bw_gbps=108.1 memset_us=1018.876 other_dev_us=6384.033 total_dev_us=11126.691
-- add4 [2048,16384] lx=0
  op_it_space_splits={d0: 32, d1: 1}
  op_it_space_splits={d0: 32, d1: 1}
  op_it_space_splits={d0: 32, d1: 1}
IO -- device-layout I/O (cost model, stick-padded) --
IO   op add
IO     output op0                    torch [2048, 16384] -> device [256, 2048, 64] in HBM = 33554432 elems x 2B = 67108864 B  (hbm counted: 67108864 B)
IO     input  arg0_1                 torch [2048, 16384] -> device [256, 2048, 64] in HBM = 33554432 elems x 2B = 67108864 B  (hbm counted: 67108864 B)
IO     input  arg1_1                 torch [2048, 16384] -> device [256, 2048, 64] in HBM = 33554432 elems x 2B = 67108864 B  (hbm counted: 67108864 B)
IO   op add_1
IO     output op1                    torch [2048, 16384] -> device [256, 2048, 64] in HBM = 33554432 elems x 2B = 67108864 B  (hbm counted: 67108864 B)
IO     input  buf0                   torch [2048, 16384] -> device [256, 2048, 64] in HBM = 33554432 elems x 2B = 67108864 B  (hbm counted: 67108864 B)
IO     input  arg2_1                 torch [2048, 16384] -> device [256, 2048, 64] in HBM = 33554432 elems x 2B = 67108864 B  (hbm counted: 67108864 B)
IO   op add_2
IO     output op2                    torch [2048, 16384] -> device [256, 2048, 64] in HBM = 33554432 elems x 2B = 67108864 B  (hbm counted: 67108864 B)
IO     input  buf1                   torch [2048, 16384] -> device [256, 2048, 64] in HBM = 33554432 elems x 2B = 67108864 B  (hbm counted: 67108864 B)
IO     input  arg3_1                 torch [2048, 16384] -> device [256, 2048, 64] in HBM = 33554432 elems x 2B = 67108864 B  (hbm counted: 67108864 B)
IO   => HBM I/O total = 603979776 B  (lx 0 B, ~free)
MODEL -- estimate (turnaround): T = (R+W)/BW_PEAK + a*min(R,W) --
MODEL   R=402653184 B (read)   W=201326592 B (write)   loop_trip L=1
MODEL   base = (R+W)/150 = 4026.53 us
MODEL   turn = a*min(R,W) = 0.00574*201326592 = 1155.61 us
MODEL   => T_model = 5959.47 us
MODEL FEATS [{"name":"add","is_reduction":false,"out_elems":33554432,"cores":32,"dtype_bytes":2,"args":[{"name":"op0","role":"output","mem":"hbm","elems":33554432,"broadcast":false,"dims":[256,2048,64],"logical":[2048,16384],"loop_factor":1},{"name":"arg0_1","role":"input","mem":"hbm","elems":33554432,"broadcast":false,"dims":[256,2048,64],"logical":[2048,16384],"loop_factor":1},{"name":"arg1_1","role":"input","mem":"hbm","elems":33554432,"broadcast":false,"dims":[256,2048,64],"logical":[2048,16384],"loop_factor":1}],"reduction_cores":1,"loop_trip":1,"tiles_output_dim":false,"tile_rows_per_core":0.0,"is_matmul":false,"matmul_macs":0,"matmul_rows_per_core":0.0,"matmul_cols_per_core":0.0,"matmul_a_bytes":0,"matmul_b_bytes":0,"matmul_m_split":1,"matmul_n_split":1,"hbm_pattern":""},{"name":"add_1","is_reduction":false,"out_elems":33554432,"cores":32,"dtype_bytes":2,"args":[{"name":"op1","role":"output","mem":"hbm","elems":33554432,"broadcast":false,"dims":[256,2048,64],"logical":[2048,16384],"loop_factor":1},{"name":"buf0","role":"input","mem":"hbm","elems":33554432,"broadcast":false,"dims":[256,2048,64],"logical":[2048,16384],"loop_factor":1},{"name":"arg2_1","role":"input","mem":"hbm","elems":33554432,"broadcast":false,"dims":[256,2048,64],"logical":[2048,16384],"loop_factor":1}],"reduction_cores":1,"loop_trip":1,"tiles_output_dim":false,"tile_rows_per_core":0.0,"is_matmul":false,"matmul_macs":0,"matmul_rows_per_core":0.0,"matmul_cols_per_core":0.0,"matmul_a_bytes":0,"matmul_b_bytes":0,"matmul_m_split":1,"matmul_n_split":1,"hbm_pattern":""},{"name":"add_2","is_reduction":false,"out_elems":33554432,"cores":32,"dtype_bytes":2,"args":[{"name":"op2","role":"output","mem":"hbm","elems":33554432,"broadcast":false,"dims":[256,2048,64],"logical":[2048,16384],"loop_factor":1},{"name":"buf1","role":"input","mem":"hbm","elems":33554432,"broadcast":false,"dims":[256,2048,64],"logical":[2048,16384],"loop_factor":1},{"name":"arg3_1","role":"input","mem":"hbm","elems":33554432,"broadcast":false,"dims":[256,2048,64],"logical":[2048,16384],"loop_factor":1}],"reduction_cores":1,"loop_trip":1,"tiles_output_dim":false,"tile_rows_per_core":0.0,"is_matmul":false,"matmul_macs":0,"matmul_rows_per_core":0.0,"matmul_cols_per_core":0.0,"matmul_a_bytes":0,"matmul_b_bytes":0,"matmul_m_split":1,"matmul_n_split":1,"hbm_pattern":""}]
SUMMARY op=add4 rows=2048 cols=16384 cores=32 tiles=0 lx=0 io_hbm_bytes=603979776 kernel_us=6103.511 pred_us=5959.468 err_pct=-2.4 bw_gbps=99.0 memset_us=1015.575 other_dev_us=6260.777 total_dev_us=13379.863
-- add5 [2048,16384] lx=0
  op_it_space_splits={d0: 32, d1: 1}
  op_it_space_splits={d0: 32, d1: 1}
  op_it_space_splits={d0: 32, d1: 1}
  op_it_space_splits={d0: 32, d1: 1}
IO -- device-layout I/O (cost model, stick-padded) --
IO   op add
IO     output op0                    torch [2048, 16384] -> device [256, 2048, 64] in HBM = 33554432 elems x 2B = 67108864 B  (hbm counted: 67108864 B)
IO     input  arg0_1                 torch [2048, 16384] -> device [256, 2048, 64] in HBM = 33554432 elems x 2B = 67108864 B  (hbm counted: 67108864 B)
IO     input  arg1_1                 torch [2048, 16384] -> device [256, 2048, 64] in HBM = 33554432 elems x 2B = 67108864 B  (hbm counted: 67108864 B)
IO   op add_1
IO     output op1                    torch [2048, 16384] -> device [256, 2048, 64] in HBM = 33554432 elems x 2B = 67108864 B  (hbm counted: 67108864 B)
IO     input  buf0                   torch [2048, 16384] -> device [256, 2048, 64] in HBM = 33554432 elems x 2B = 67108864 B  (hbm counted: 67108864 B)
IO     input  arg2_1                 torch [2048, 16384] -> device [256, 2048, 64] in HBM = 33554432 elems x 2B = 67108864 B  (hbm counted: 67108864 B)
IO   op add_2
IO     output op2                    torch [2048, 16384] -> device [256, 2048, 64] in HBM = 33554432 elems x 2B = 67108864 B  (hbm counted: 67108864 B)
IO     input  buf1                   torch [2048, 16384] -> device [256, 2048, 64] in HBM = 33554432 elems x 2B = 67108864 B  (hbm counted: 67108864 B)
IO     input  arg3_1                 torch [2048, 16384] -> device [256, 2048, 64] in HBM = 33554432 elems x 2B = 67108864 B  (hbm counted: 67108864 B)
IO   op add_3
IO     output op3                    torch [2048, 16384] -> device [256, 2048, 64] in HBM = 33554432 elems x 2B = 67108864 B  (hbm counted: 67108864 B)
IO     input  buf2                   torch [2048, 16384] -> device [256, 2048, 64] in HBM = 33554432 elems x 2B = 67108864 B  (hbm counted: 67108864 B)
IO     input  arg4_1                 torch [2048, 16384] -> device [256, 2048, 64] in HBM = 33554432 elems x 2B = 67108864 B  (hbm counted: 67108864 B)
IO   => HBM I/O total = 805306368 B  (lx 0 B, ~free)
MODEL -- estimate (turnaround): T = (R+W)/BW_PEAK + a*min(R,W) --
MODEL   R=536870912 B (read)   W=268435456 B (write)   loop_trip L=1
MODEL   base = (R+W)/150 = 5368.71 us
MODEL   turn = a*min(R,W) = 0.00574*268435456 = 1540.82 us
MODEL   => T_model = 8464.17 us
MODEL FEATS [{"name":"add","is_reduction":false,"out_elems":33554432,"cores":32,"dtype_bytes":2,"args":[{"name":"op0","role":"output","mem":"hbm","elems":33554432,"broadcast":false,"dims":[256,2048,64],"logical":[2048,16384],"loop_factor":1},{"name":"arg0_1","role":"input","mem":"hbm","elems":33554432,"broadcast":false,"dims":[256,2048,64],"logical":[2048,16384],"loop_factor":1},{"name":"arg1_1","role":"input","mem":"hbm","elems":33554432,"broadcast":false,"dims":[256,2048,64],"logical":[2048,16384],"loop_factor":1}],"reduction_cores":1,"loop_trip":1,"tiles_output_dim":false,"tile_rows_per_core":0.0,"is_matmul":false,"matmul_macs":0,"matmul_rows_per_core":0.0,"matmul_cols_per_core":0.0,"matmul_a_bytes":0,"matmul_b_bytes":0,"matmul_m_split":1,"matmul_n_split":1,"hbm_pattern":""},{"name":"add_1","is_reduction":false,"out_elems":33554432,"cores":32,"dtype_bytes":2,"args":[{"name":"op1","role":"output","mem":"hbm","elems":33554432,"broadcast":false,"dims":[256,2048,64],"logical":[2048,16384],"loop_factor":1},{"name":"buf0","role":"input","mem":"hbm","elems":33554432,"broadcast":false,"dims":[256,2048,64],"logical":[2048,16384],"loop_factor":1},{"name":"arg2_1","role":"input","mem":"hbm","elems":33554432,"broadcast":false,"dims":[256,2048,64],"logical":[2048,16384],"loop_factor":1}],"reduction_cores":1,"loop_trip":1,"tiles_output_dim":false,"tile_rows_per_core":0.0,"is_matmul":false,"matmul_macs":0,"matmul_rows_per_core":0.0,"matmul_cols_per_core":0.0,"matmul_a_bytes":0,"matmul_b_bytes":0,"matmul_m_split":1,"matmul_n_split":1,"hbm_pattern":""},{"name":"add_2","is_reduction":false,"out_elems":33554432,"cores":32,"dtype_bytes":2,"args":[{"name":"op2","role":"output","mem":"hbm","elems":33554432,"broadcast":false,"dims":[256,2048,64],"logical":[2048,16384],"loop_factor":1},{"name":"buf1","role":"input","mem":"hbm","elems":33554432,"broadcast":false,"dims":[256,2048,64],"logical":[2048,16384],"loop_factor":1},{"name":"arg3_1","role":"input","mem":"hbm","elems":33554432,"broadcast":false,"dims":[256,2048,64],"logical":[2048,16384],"loop_factor":1}],"reduction_cores":1,"loop_trip":1,"tiles_output_dim":false,"tile_rows_per_core":0.0,"is_matmul":false,"matmul_macs":0,"matmul_rows_per_core":0.0,"matmul_cols_per_core":0.0,"matmul_a_bytes":0,"matmul_b_bytes":0,"matmul_m_split":1,"matmul_n_split":1,"hbm_pattern":""},{"name":"add_3","is_reduction":false,"out_elems":33554432,"cores":32,"dtype_bytes":2,"args":[{"name":"op3","role":"output","mem":"hbm","elems":33554432,"broadcast":false,"dims":[256,2048,64],"logical":[2048,16384],"loop_factor":1},{"name":"buf2","role":"input","mem":"hbm","elems":33554432,"broadcast":false,"dims":[256,2048,64],"logical":[2048,16384],"loop_factor":1},{"name":"arg4_1","role":"input","mem":"hbm","elems":33554432,"broadcast":false,"dims":[256,2048,64],"logical":[2048,16384],"loop_factor":1}],"reduction_cores":1,"loop_trip":1,"tiles_output_dim":false,"tile_rows_per_core":0.0,"is_matmul":false,"matmul_macs":0,"matmul_rows_per_core":0.0,"matmul_cols_per_core":0.0,"matmul_a_bytes":0,"matmul_b_bytes":0,"matmul_m_split":1,"matmul_n_split":1,"hbm_pattern":""}]
SUMMARY op=add5 rows=2048 cols=16384 cores=32 tiles=0 lx=0 io_hbm_bytes=805306368 kernel_us=8203.392 pred_us=8464.173 err_pct=+3.2 bw_gbps=98.2 memset_us=1089.171 other_dev_us=6151.971 total_dev_us=15444.534
-- add6 [2048,16384] lx=0
  op_it_space_splits={d0: 32, d1: 1}
  op_it_space_splits={d0: 32, d1: 1}
  op_it_space_splits={d0: 32, d1: 1}
  op_it_space_splits={d0: 32, d1: 1}
  op_it_space_splits={d0: 32, d1: 1}
IO -- device-layout I/O (cost model, stick-padded) --
IO   op add
IO     output op0                    torch [2048, 16384] -> device [256, 2048, 64] in HBM = 33554432 elems x 2B = 67108864 B  (hbm counted: 67108864 B)
IO     input  arg0_1                 torch [2048, 16384] -> device [256, 2048, 64] in HBM = 33554432 elems x 2B = 67108864 B  (hbm counted: 67108864 B)
IO     input  arg1_1                 torch [2048, 16384] -> device [256, 2048, 64] in HBM = 33554432 elems x 2B = 67108864 B  (hbm counted: 67108864 B)
IO   op add_1
IO     output op1                    torch [2048, 16384] -> device [256, 2048, 64] in HBM = 33554432 elems x 2B = 67108864 B  (hbm counted: 67108864 B)
IO     input  buf0                   torch [2048, 16384] -> device [256, 2048, 64] in HBM = 33554432 elems x 2B = 67108864 B  (hbm counted: 67108864 B)
IO     input  arg2_1                 torch [2048, 16384] -> device [256, 2048, 64] in HBM = 33554432 elems x 2B = 67108864 B  (hbm counted: 67108864 B)
IO   op add_2
IO     output op2                    torch [2048, 16384] -> device [256, 2048, 64] in HBM = 33554432 elems x 2B = 67108864 B  (hbm counted: 67108864 B)
IO     input  buf1                   torch [2048, 16384] -> device [256, 2048, 64] in HBM = 33554432 elems x 2B = 67108864 B  (hbm counted: 67108864 B)
IO     input  arg3_1                 torch [2048, 16384] -> device [256, 2048, 64] in HBM = 33554432 elems x 2B = 67108864 B  (hbm counted: 67108864 B)
IO   op add_3
IO     output op3                    torch [2048, 16384] -> device [256, 2048, 64] in HBM = 33554432 elems x 2B = 67108864 B  (hbm counted: 67108864 B)
IO     input  buf2                   torch [2048, 16384] -> device [256, 2048, 64] in HBM = 33554432 elems x 2B = 67108864 B  (hbm counted: 67108864 B)
IO     input  arg4_1                 torch [2048, 16384] -> device [256, 2048, 64] in HBM = 33554432 elems x 2B = 67108864 B  (hbm counted: 67108864 B)
IO   op add_4
IO     output op4                    torch [2048, 16384] -> device [256, 2048, 64] in HBM = 33554432 elems x 2B = 67108864 B  (hbm counted: 67108864 B)
IO     input  buf3                   torch [2048, 16384] -> device [256, 2048, 64] in HBM = 33554432 elems x 2B = 67108864 B  (hbm counted: 67108864 B)
IO     input  arg5_1                 torch [2048, 16384] -> device [256, 2048, 64] in HBM = 33554432 elems x 2B = 67108864 B  (hbm counted: 67108864 B)
IO   => HBM I/O total = 1006632960 B  (lx 0 B, ~free)
MODEL -- estimate (turnaround): T = (R+W)/BW_PEAK + a*min(R,W) --
MODEL   R=671088640 B (read)   W=335544320 B (write)   loop_trip L=1
MODEL   base = (R+W)/150 = 6710.89 us
MODEL   turn = a*min(R,W) = 0.00574*335544320 = 1926.02 us
MODEL   => T_model = 11227.98 us
MODEL FEATS [{"name":"add","is_reduction":false,"out_elems":33554432,"cores":32,"dtype_bytes":2,"args":[{"name":"op0","role":"output","mem":"hbm","elems":33554432,"broadcast":false,"dims":[256,2048,64],"logical":[2048,16384],"loop_factor":1},{"name":"arg0_1","role":"input","mem":"hbm","elems":33554432,"broadcast":false,"dims":[256,2048,64],"logical":[2048,16384],"loop_factor":1},{"name":"arg1_1","role":"input","mem":"hbm","elems":33554432,"broadcast":false,"dims":[256,2048,64],"logical":[2048,16384],"loop_factor":1}],"reduction_cores":1,"loop_trip":1,"tiles_output_dim":false,"tile_rows_per_core":0.0,"is_matmul":false,"matmul_macs":0,"matmul_rows_per_core":0.0,"matmul_cols_per_core":0.0,"matmul_a_bytes":0,"matmul_b_bytes":0,"matmul_m_split":1,"matmul_n_split":1,"hbm_pattern":""},{"name":"add_1","is_reduction":false,"out_elems":33554432,"cores":32,"dtype_bytes":2,"args":[{"name":"op1","role":"output","mem":"hbm","elems":33554432,"broadcast":false,"dims":[256,2048,64],"logical":[2048,16384],"loop_factor":1},{"name":"buf0","role":"input","mem":"hbm","elems":33554432,"broadcast":false,"dims":[256,2048,64],"logical":[2048,16384],"loop_factor":1},{"name":"arg2_1","role":"input","mem":"hbm","elems":33554432,"broadcast":false,"dims":[256,2048,64],"logical":[2048,16384],"loop_factor":1}],"reduction_cores":1,"loop_trip":1,"tiles_output_dim":false,"tile_rows_per_core":0.0,"is_matmul":false,"matmul_macs":0,"matmul_rows_per_core":0.0,"matmul_cols_per_core":0.0,"matmul_a_bytes":0,"matmul_b_bytes":0,"matmul_m_split":1,"matmul_n_split":1,"hbm_pattern":""},{"name":"add_2","is_reduction":false,"out_elems":33554432,"cores":32,"dtype_bytes":2,"args":[{"name":"op2","role":"output","mem":"hbm","elems":33554432,"broadcast":false,"dims":[256,2048,64],"logical":[2048,16384],"loop_factor":1},{"name":"buf1","role":"input","mem":"hbm","elems":33554432,"broadcast":false,"dims":[256,2048,64],"logical":[2048,16384],"loop_factor":1},{"name":"arg3_1","role":"input","mem":"hbm","elems":33554432,"broadcast":false,"dims":[256,2048,64],"logical":[2048,16384],"loop_factor":1}],"reduction_cores":1,"loop_trip":1,"tiles_output_dim":false,"tile_rows_per_core":0.0,"is_matmul":false,"matmul_macs":0,"matmul_rows_per_core":0.0,"matmul_cols_per_core":0.0,"matmul_a_bytes":0,"matmul_b_bytes":0,"matmul_m_split":1,"matmul_n_split":1,"hbm_pattern":""},{"name":"add_3","is_reduction":false,"out_elems":33554432,"cores":32,"dtype_bytes":2,"args":[{"name":"op3","role":"output","mem":"hbm","elems":33554432,"broadcast":false,"dims":[256,2048,64],"logical":[2048,16384],"loop_factor":1},{"name":"buf2","role":"input","mem":"hbm","elems":33554432,"broadcast":false,"dims":[256,2048,64],"logical":[2048,16384],"loop_factor":1},{"name":"arg4_1","role":"input","mem":"hbm","elems":33554432,"broadcast":false,"dims":[256,2048,64],"logical":[2048,16384],"loop_factor":1}],"reduction_cores":1,"loop_trip":1,"tiles_output_dim":false,"tile_rows_per_core":0.0,"is_matmul":false,"matmul_macs":0,"matmul_rows_per_core":0.0,"matmul_cols_per_core":0.0,"matmul_a_bytes":0,"matmul_b_bytes":0,"matmul_m_split":1,"matmul_n_split":1,"hbm_pattern":""},{"name":"add_4","is_reduction":false,"out_elems":33554432,"cores":32,"dtype_bytes":2,"args":[{"name":"op4","role":"output","mem":"hbm","elems":33554432,"broadcast":false,"dims":[256,2048,64],"logical":[2048,16384],"loop_factor":1},{"name":"buf3","role":"input","mem":"hbm","elems":33554432,"broadcast":false,"dims":[256,2048,64],"logical":[2048,16384],"loop_factor":1},{"name":"arg5_1","role":"input","mem":"hbm","elems":33554432,"broadcast":false,"dims":[256,2048,64],"logical":[2048,16384],"loop_factor":1}],"reduction_cores":1,"loop_trip":1,"tiles_output_dim":false,"tile_rows_per_core":0.0,"is_matmul":false,"matmul_macs":0,"matmul_rows_per_core":0.0,"matmul_cols_per_core":0.0,"matmul_a_bytes":0,"matmul_b_bytes":0,"matmul_m_split":1,"matmul_n_split":1,"hbm_pattern":""}]
SUMMARY op=add6 rows=2048 cols=16384 cores=32 tiles=0 lx=0 io_hbm_bytes=1006632960 kernel_us=10161.735 pred_us=11227.984 err_pct=+10.5 bw_gbps=99.1 memset_us=1117.253 other_dev_us=5609.783 total_dev_us=16888.771
-- add3_sep [2048,16384] lx=0
  op_it_space_splits={d0: 32, d1: 1}
IO -- device-layout I/O (cost model, stick-padded) --
IO   op add
IO     output op0                    torch [2048, 16384] -> device [256, 2048, 64] in HBM = 33554432 elems x 2B = 67108864 B  (hbm counted: 67108864 B)
IO     input  arg0_1                 torch [2048, 16384] -> device [256, 2048, 64] in HBM = 33554432 elems x 2B = 67108864 B  (hbm counted: 67108864 B)
IO     input  arg1_1                 torch [2048, 16384] -> device [256, 2048, 64] in HBM = 33554432 elems x 2B = 67108864 B  (hbm counted: 67108864 B)
IO   => HBM I/O total = 201326592 B  (lx 0 B, ~free)
MODEL -- estimate (turnaround): T = (R+W)/BW_PEAK + a*min(R,W) --
MODEL   R=134217728 B (read)   W=67108864 B (write)   loop_trip L=1
MODEL   base = (R+W)/150 = 1342.18 us
MODEL   turn = a*min(R,W) = 0.00574*67108864 = 385.20 us
MODEL   => T_model = 1727.38 us
MODEL FEATS [{"name":"add","is_reduction":false,"out_elems":33554432,"cores":32,"dtype_bytes":2,"args":[{"name":"op0","role":"output","mem":"hbm","elems":33554432,"broadcast":false,"dims":[256,2048,64],"logical":[2048,16384],"loop_factor":1},{"name":"arg0_1","role":"input","mem":"hbm","elems":33554432,"broadcast":false,"dims":[256,2048,64],"logical":[2048,16384],"loop_factor":1},{"name":"arg1_1","role":"input","mem":"hbm","elems":33554432,"broadcast":false,"dims":[256,2048,64],"logical":[2048,16384],"loop_factor":1}],"reduction_cores":1,"loop_trip":1,"tiles_output_dim":false,"tile_rows_per_core":0.0,"is_matmul":false,"matmul_macs":0,"matmul_rows_per_core":0.0,"matmul_cols_per_core":0.0,"matmul_a_bytes":0,"matmul_b_bytes":0,"matmul_m_split":1,"matmul_n_split":1,"hbm_pattern":""}]
SUMMARY op=add3_sep rows=2048 cols=16384 cores=32 tiles=0 lx=0 io_hbm_bytes=201326592 kernel_us=3720.726 pred_us=1727.382 err_pct=-53.6 bw_gbps=54.1 memset_us=1067.928 other_dev_us=5988.835 total_dev_us=10777.489
-- add4_sep [2048,16384] lx=0
  op_it_space_splits={d0: 32, d1: 1}
IO -- device-layout I/O (cost model, stick-padded) --
IO   op add
IO     output op0                    torch [2048, 16384] -> device [256, 2048, 64] in HBM = 33554432 elems x 2B = 67108864 B  (hbm counted: 67108864 B)
IO     input  arg0_1                 torch [2048, 16384] -> device [256, 2048, 64] in HBM = 33554432 elems x 2B = 67108864 B  (hbm counted: 67108864 B)
IO     input  arg1_1                 torch [2048, 16384] -> device [256, 2048, 64] in HBM = 33554432 elems x 2B = 67108864 B  (hbm counted: 67108864 B)
IO   => HBM I/O total = 201326592 B  (lx 0 B, ~free)
MODEL -- estimate (turnaround): T = (R+W)/BW_PEAK + a*min(R,W) --
MODEL   R=134217728 B (read)   W=67108864 B (write)   loop_trip L=1
MODEL   base = (R+W)/150 = 1342.18 us
MODEL   turn = a*min(R,W) = 0.00574*67108864 = 385.20 us
MODEL   => T_model = 1727.38 us
MODEL FEATS [{"name":"add","is_reduction":false,"out_elems":33554432,"cores":32,"dtype_bytes":2,"args":[{"name":"op0","role":"output","mem":"hbm","elems":33554432,"broadcast":false,"dims":[256,2048,64],"logical":[2048,16384],"loop_factor":1},{"name":"arg0_1","role":"input","mem":"hbm","elems":33554432,"broadcast":false,"dims":[256,2048,64],"logical":[2048,16384],"loop_factor":1},{"name":"arg1_1","role":"input","mem":"hbm","elems":33554432,"broadcast":false,"dims":[256,2048,64],"logical":[2048,16384],"loop_factor":1}],"reduction_cores":1,"loop_trip":1,"tiles_output_dim":false,"tile_rows_per_core":0.0,"is_matmul":false,"matmul_macs":0,"matmul_rows_per_core":0.0,"matmul_cols_per_core":0.0,"matmul_a_bytes":0,"matmul_b_bytes":0,"matmul_m_split":1,"matmul_n_split":1,"hbm_pattern":""}]
SUMMARY op=add4_sep rows=2048 cols=16384 cores=32 tiles=0 lx=0 io_hbm_bytes=201326592 kernel_us=5558.458 pred_us=1727.382 err_pct=-68.9 bw_gbps=36.2 memset_us=1149.039 other_dev_us=5544.415 total_dev_us=12251.912
-- add5_sep [2048,16384] lx=0
  op_it_space_splits={d0: 32, d1: 1}
IO -- device-layout I/O (cost model, stick-padded) --
IO   op add
IO     output op0                    torch [2048, 16384] -> device [256, 2048, 64] in HBM = 33554432 elems x 2B = 67108864 B  (hbm counted: 67108864 B)
IO     input  arg0_1                 torch [2048, 16384] -> device [256, 2048, 64] in HBM = 33554432 elems x 2B = 67108864 B  (hbm counted: 67108864 B)
IO     input  arg1_1                 torch [2048, 16384] -> device [256, 2048, 64] in HBM = 33554432 elems x 2B = 67108864 B  (hbm counted: 67108864 B)
IO   => HBM I/O total = 201326592 B  (lx 0 B, ~free)
MODEL -- estimate (turnaround): T = (R+W)/BW_PEAK + a*min(R,W) --
MODEL   R=134217728 B (read)   W=67108864 B (write)   loop_trip L=1
MODEL   base = (R+W)/150 = 1342.18 us
MODEL   turn = a*min(R,W) = 0.00574*67108864 = 385.20 us
MODEL   => T_model = 1727.38 us
MODEL FEATS [{"name":"add","is_reduction":false,"out_elems":33554432,"cores":32,"dtype_bytes":2,"args":[{"name":"op0","role":"output","mem":"hbm","elems":33554432,"broadcast":false,"dims":[256,2048,64],"logical":[2048,16384],"loop_factor":1},{"name":"arg0_1","role":"input","mem":"hbm","elems":33554432,"broadcast":false,"dims":[256,2048,64],"logical":[2048,16384],"loop_factor":1},{"name":"arg1_1","role":"input","mem":"hbm","elems":33554432,"broadcast":false,"dims":[256,2048,64],"logical":[2048,16384],"loop_factor":1}],"reduction_cores":1,"loop_trip":1,"tiles_output_dim":false,"tile_rows_per_core":0.0,"is_matmul":false,"matmul_macs":0,"matmul_rows_per_core":0.0,"matmul_cols_per_core":0.0,"matmul_a_bytes":0,"matmul_b_bytes":0,"matmul_m_split":1,"matmul_n_split":1,"hbm_pattern":""}]
SUMMARY op=add5_sep rows=2048 cols=16384 cores=32 tiles=0 lx=0 io_hbm_bytes=201326592 kernel_us=8128.396 pred_us=1727.382 err_pct=-78.7 bw_gbps=24.8 memset_us=1080.729 other_dev_us=6266.988 total_dev_us=15476.113
-- add6_sep [2048,16384] lx=0
  op_it_space_splits={d0: 32, d1: 1}
IO -- device-layout I/O (cost model, stick-padded) --
IO   op add
IO     output op0                    torch [2048, 16384] -> device [256, 2048, 64] in HBM = 33554432 elems x 2B = 67108864 B  (hbm counted: 67108864 B)
IO     input  arg0_1                 torch [2048, 16384] -> device [256, 2048, 64] in HBM = 33554432 elems x 2B = 67108864 B  (hbm counted: 67108864 B)
IO     input  arg1_1                 torch [2048, 16384] -> device [256, 2048, 64] in HBM = 33554432 elems x 2B = 67108864 B  (hbm counted: 67108864 B)
IO   => HBM I/O total = 201326592 B  (lx 0 B, ~free)
MODEL -- estimate (turnaround): T = (R+W)/BW_PEAK + a*min(R,W) --
MODEL   R=134217728 B (read)   W=67108864 B (write)   loop_trip L=1
MODEL   base = (R+W)/150 = 1342.18 us
MODEL   turn = a*min(R,W) = 0.00574*67108864 = 385.20 us
MODEL   => T_model = 1727.38 us
MODEL FEATS [{"name":"add","is_reduction":false,"out_elems":33554432,"cores":32,"dtype_bytes":2,"args":[{"name":"op0","role":"output","mem":"hbm","elems":33554432,"broadcast":false,"dims":[256,2048,64],"logical":[2048,16384],"loop_factor":1},{"name":"arg0_1","role":"input","mem":"hbm","elems":33554432,"broadcast":false,"dims":[256,2048,64],"logical":[2048,16384],"loop_factor":1},{"name":"arg1_1","role":"input","mem":"hbm","elems":33554432,"broadcast":false,"dims":[256,2048,64],"logical":[2048,16384],"loop_factor":1}],"reduction_cores":1,"loop_trip":1,"tiles_output_dim":false,"tile_rows_per_core":0.0,"is_matmul":false,"matmul_macs":0,"matmul_rows_per_core":0.0,"matmul_cols_per_core":0.0,"matmul_a_bytes":0,"matmul_b_bytes":0,"matmul_m_split":1,"matmul_n_split":1,"hbm_pattern":""}]
SUMMARY op=add6_sep rows=2048 cols=16384 cores=32 tiles=0 lx=0 io_hbm_bytes=201326592 kernel_us=10146.740 pred_us=1727.382 err_pct=-83.0 bw_gbps=19.8 memset_us=1069.301 other_dev_us=6442.843 total_dev_us=17658.884
-- add_indep2 [2048,16384] lx=0
  op_it_space_splits={d0: 32, d1: 1}
  op_it_space_splits={d0: 32, d1: 1}
IO -- device-layout I/O (cost model, stick-padded) --
IO   op add
IO     output op0                    torch [2048, 16384] -> device [256, 2048, 64] in HBM = 33554432 elems x 2B = 67108864 B  (hbm counted: 67108864 B)
IO     input  arg0_1                 torch [2048, 16384] -> device [256, 2048, 64] in HBM = 33554432 elems x 2B = 67108864 B  (hbm counted: 67108864 B)
IO     input  arg1_1                 torch [2048, 16384] -> device [256, 2048, 64] in HBM = 33554432 elems x 2B = 67108864 B  (hbm counted: 67108864 B)
IO   op add_1
IO     output op1                    torch [2048, 16384] -> device [256, 2048, 64] in HBM = 33554432 elems x 2B = 67108864 B  (hbm counted: 67108864 B)
IO     input  arg2_1                 torch [2048, 16384] -> device [256, 2048, 64] in HBM = 33554432 elems x 2B = 67108864 B  (hbm counted: 67108864 B)
IO     input  arg3_1                 torch [2048, 16384] -> device [256, 2048, 64] in HBM = 33554432 elems x 2B = 67108864 B  (hbm counted: 67108864 B)
IO   => HBM I/O total = 402653184 B  (lx 0 B, ~free)
MODEL -- estimate (turnaround): T = (R+W)/BW_PEAK + a*min(R,W) --
MODEL   R=268435456 B (read)   W=134217728 B (write)   loop_trip L=1
MODEL   base = (R+W)/150 = 2684.35 us
MODEL   turn = a*min(R,W) = 0.00574*134217728 = 770.41 us
MODEL   => T_model = 3713.87 us
MODEL FEATS [{"name":"add","is_reduction":false,"out_elems":33554432,"cores":32,"dtype_bytes":2,"args":[{"name":"op0","role":"output","mem":"hbm","elems":33554432,"broadcast":false,"dims":[256,2048,64],"logical":[2048,16384],"loop_factor":1},{"name":"arg0_1","role":"input","mem":"hbm","elems":33554432,"broadcast":false,"dims":[256,2048,64],"logical":[2048,16384],"loop_factor":1},{"name":"arg1_1","role":"input","mem":"hbm","elems":33554432,"broadcast":false,"dims":[256,2048,64],"logical":[2048,16384],"loop_factor":1}],"reduction_cores":1,"loop_trip":1,"tiles_output_dim":false,"tile_rows_per_core":0.0,"is_matmul":false,"matmul_macs":0,"matmul_rows_per_core":0.0,"matmul_cols_per_core":0.0,"matmul_a_bytes":0,"matmul_b_bytes":0,"matmul_m_split":1,"matmul_n_split":1,"hbm_pattern":""},{"name":"add_1","is_reduction":false,"out_elems":33554432,"cores":32,"dtype_bytes":2,"args":[{"name":"op1","role":"output","mem":"hbm","elems":33554432,"broadcast":false,"dims":[256,2048,64],"logical":[2048,16384],"loop_factor":1},{"name":"arg2_1","role":"input","mem":"hbm","elems":33554432,"broadcast":false,"dims":[256,2048,64],"logical":[2048,16384],"loop_factor":1},{"name":"arg3_1","role":"input","mem":"hbm","elems":33554432,"broadcast":false,"dims":[256,2048,64],"logical":[2048,16384],"loop_factor":1}],"reduction_cores":1,"loop_trip":1,"tiles_output_dim":false,"tile_rows_per_core":0.0,"is_matmul":false,"matmul_macs":0,"matmul_rows_per_core":0.0,"matmul_cols_per_core":0.0,"matmul_a_bytes":0,"matmul_b_bytes":0,"matmul_m_split":1,"matmul_n_split":1,"hbm_pattern":""}]
SUMMARY op=add_indep2 rows=2048 cols=16384 cores=32 tiles=0 lx=0 io_hbm_bytes=402653184 kernel_us=3513.654 pred_us=3713.872 err_pct=+5.7 bw_gbps=114.6 memset_us=2164.620 other_dev_us=11200.914 total_dev_us=16879.188
-- add [2048,1024] lx=0
  op_it_space_splits={d0: 32, d1: 1}
IO -- device-layout I/O (cost model, stick-padded) --
IO   op add
IO     output op0                    torch [2048, 1024] -> device [16, 2048, 64] in HBM = 2097152 elems x 2B = 4194304 B  (hbm counted: 4194304 B)
IO     input  arg0_1                 torch [2048, 1024] -> device [16, 2048, 64] in HBM = 2097152 elems x 2B = 4194304 B  (hbm counted: 4194304 B)
IO     input  arg1_1                 torch [2048, 1024] -> device [16, 2048, 64] in HBM = 2097152 elems x 2B = 4194304 B  (hbm counted: 4194304 B)
IO   => HBM I/O total = 12582912 B  (lx 0 B, ~free)
MODEL -- estimate (turnaround): T = (R+W)/BW_PEAK + a*min(R,W) --
MODEL   R=8388608 B (read)   W=4194304 B (write)   loop_trip L=1
MODEL   base = (R+W)/150 = 83.89 us
MODEL   turn = a*min(R,W) = 0.00574*4194304 = 24.08 us
MODEL   => T_model = 107.96 us
MODEL FEATS [{"name":"add","is_reduction":false,"out_elems":2097152,"cores":32,"dtype_bytes":2,"args":[{"name":"op0","role":"output","mem":"hbm","elems":2097152,"broadcast":false,"dims":[16,2048,64],"logical":[2048,1024],"loop_factor":1},{"name":"arg0_1","role":"input","mem":"hbm","elems":2097152,"broadcast":false,"dims":[16,2048,64],"logical":[2048,1024],"loop_factor":1},{"name":"arg1_1","role":"input","mem":"hbm","elems":2097152,"broadcast":false,"dims":[16,2048,64],"logical":[2048,1024],"loop_factor":1}],"reduction_cores":1,"loop_trip":1,"tiles_output_dim":false,"tile_rows_per_core":0.0,"is_matmul":false,"matmul_macs":0,"matmul_rows_per_core":0.0,"matmul_cols_per_core":0.0,"matmul_a_bytes":0,"matmul_b_bytes":0,"matmul_m_split":1,"matmul_n_split":1,"hbm_pattern":""}]
SUMMARY op=add rows=2048 cols=1024 cores=32 tiles=0 lx=0 io_hbm_bytes=12582912 kernel_us=108.301 pred_us=107.961 err_pct=-0.3 bw_gbps=116.2 memset_us=112.523 other_dev_us=354.385 total_dev_us=575.209
-- add3 [2048,1024] lx=0
  op_it_space_splits={d0: 32, d1: 1}
  op_it_space_splits={d0: 32, d1: 1}
IO -- device-layout I/O (cost model, stick-padded) --
IO   op add
IO     output op0                    torch [2048, 1024] -> device [16, 2048, 64] in HBM = 2097152 elems x 2B = 4194304 B  (hbm counted: 4194304 B)
IO     input  arg0_1                 torch [2048, 1024] -> device [16, 2048, 64] in HBM = 2097152 elems x 2B = 4194304 B  (hbm counted: 4194304 B)
IO     input  arg1_1                 torch [2048, 1024] -> device [16, 2048, 64] in HBM = 2097152 elems x 2B = 4194304 B  (hbm counted: 4194304 B)
IO   op add_1
IO     output op1                    torch [2048, 1024] -> device [16, 2048, 64] in HBM = 2097152 elems x 2B = 4194304 B  (hbm counted: 4194304 B)
IO     input  buf0                   torch [2048, 1024] -> device [16, 2048, 64] in HBM = 2097152 elems x 2B = 4194304 B  (hbm counted: 4194304 B)
IO     input  arg2_1                 torch [2048, 1024] -> device [16, 2048, 64] in HBM = 2097152 elems x 2B = 4194304 B  (hbm counted: 4194304 B)
IO   => HBM I/O total = 25165824 B  (lx 0 B, ~free)
MODEL -- estimate (turnaround): T = (R+W)/BW_PEAK + a*min(R,W) --
MODEL   R=16777216 B (read)   W=8388608 B (write)   loop_trip L=1
MODEL   base = (R+W)/150 = 167.77 us
MODEL   turn = a*min(R,W) = 0.00574*8388608 = 48.15 us
MODEL   => T_model = 232.12 us
MODEL FEATS [{"name":"add","is_reduction":false,"out_elems":2097152,"cores":32,"dtype_bytes":2,"args":[{"name":"op0","role":"output","mem":"hbm","elems":2097152,"broadcast":false,"dims":[16,2048,64],"logical":[2048,1024],"loop_factor":1},{"name":"arg0_1","role":"input","mem":"hbm","elems":2097152,"broadcast":false,"dims":[16,2048,64],"logical":[2048,1024],"loop_factor":1},{"name":"arg1_1","role":"input","mem":"hbm","elems":2097152,"broadcast":false,"dims":[16,2048,64],"logical":[2048,1024],"loop_factor":1}],"reduction_cores":1,"loop_trip":1,"tiles_output_dim":false,"tile_rows_per_core":0.0,"is_matmul":false,"matmul_macs":0,"matmul_rows_per_core":0.0,"matmul_cols_per_core":0.0,"matmul_a_bytes":0,"matmul_b_bytes":0,"matmul_m_split":1,"matmul_n_split":1,"hbm_pattern":""},{"name":"add_1","is_reduction":false,"out_elems":2097152,"cores":32,"dtype_bytes":2,"args":[{"name":"op1","role":"output","mem":"hbm","elems":2097152,"broadcast":false,"dims":[16,2048,64],"logical":[2048,1024],"loop_factor":1},{"name":"buf0","role":"input","mem":"hbm","elems":2097152,"broadcast":false,"dims":[16,2048,64],"logical":[2048,1024],"loop_factor":1},{"name":"arg2_1","role":"input","mem":"hbm","elems":2097152,"broadcast":false,"dims":[16,2048,64],"logical":[2048,1024],"loop_factor":1}],"reduction_cores":1,"loop_trip":1,"tiles_output_dim":false,"tile_rows_per_core":0.0,"is_matmul":false,"matmul_macs":0,"matmul_rows_per_core":0.0,"matmul_cols_per_core":0.0,"matmul_a_bytes":0,"matmul_b_bytes":0,"matmul_m_split":1,"matmul_n_split":1,"hbm_pattern":""}]
SUMMARY op=add3 rows=2048 cols=1024 cores=32 tiles=0 lx=0 io_hbm_bytes=25165824 kernel_us=232.113 pred_us=232.117 err_pct=+0.0 bw_gbps=108.4 memset_us=123.287 other_dev_us=313.134 total_dev_us=668.534
-- add4 [2048,1024] lx=0
  op_it_space_splits={d0: 32, d1: 1}
  op_it_space_splits={d0: 32, d1: 1}
  op_it_space_splits={d0: 32, d1: 1}
IO -- device-layout I/O (cost model, stick-padded) --
IO   op add
IO     output op0                    torch [2048, 1024] -> device [16, 2048, 64] in HBM = 2097152 elems x 2B = 4194304 B  (hbm counted: 4194304 B)
IO     input  arg0_1                 torch [2048, 1024] -> device [16, 2048, 64] in HBM = 2097152 elems x 2B = 4194304 B  (hbm counted: 4194304 B)
IO     input  arg1_1                 torch [2048, 1024] -> device [16, 2048, 64] in HBM = 2097152 elems x 2B = 4194304 B  (hbm counted: 4194304 B)
IO   op add_1
IO     output op1                    torch [2048, 1024] -> device [16, 2048, 64] in HBM = 2097152 elems x 2B = 4194304 B  (hbm counted: 4194304 B)
IO     input  buf0                   torch [2048, 1024] -> device [16, 2048, 64] in HBM = 2097152 elems x 2B = 4194304 B  (hbm counted: 4194304 B)
IO     input  arg2_1                 torch [2048, 1024] -> device [16, 2048, 64] in HBM = 2097152 elems x 2B = 4194304 B  (hbm counted: 4194304 B)
IO   op add_2
IO     output op2                    torch [2048, 1024] -> device [16, 2048, 64] in HBM = 2097152 elems x 2B = 4194304 B  (hbm counted: 4194304 B)
IO     input  buf1                   torch [2048, 1024] -> device [16, 2048, 64] in HBM = 2097152 elems x 2B = 4194304 B  (hbm counted: 4194304 B)
IO     input  arg3_1                 torch [2048, 1024] -> device [16, 2048, 64] in HBM = 2097152 elems x 2B = 4194304 B  (hbm counted: 4194304 B)
IO   => HBM I/O total = 37748736 B  (lx 0 B, ~free)
MODEL -- estimate (turnaround): T = (R+W)/BW_PEAK + a*min(R,W) --
MODEL   R=25165824 B (read)   W=12582912 B (write)   loop_trip L=1
MODEL   base = (R+W)/150 = 251.66 us
MODEL   turn = a*min(R,W) = 0.00574*12582912 = 72.23 us
MODEL   => T_model = 372.47 us
MODEL FEATS [{"name":"add","is_reduction":false,"out_elems":2097152,"cores":32,"dtype_bytes":2,"args":[{"name":"op0","role":"output","mem":"hbm","elems":2097152,"broadcast":false,"dims":[16,2048,64],"logical":[2048,1024],"loop_factor":1},{"name":"arg0_1","role":"input","mem":"hbm","elems":2097152,"broadcast":false,"dims":[16,2048,64],"logical":[2048,1024],"loop_factor":1},{"name":"arg1_1","role":"input","mem":"hbm","elems":2097152,"broadcast":false,"dims":[16,2048,64],"logical":[2048,1024],"loop_factor":1}],"reduction_cores":1,"loop_trip":1,"tiles_output_dim":false,"tile_rows_per_core":0.0,"is_matmul":false,"matmul_macs":0,"matmul_rows_per_core":0.0,"matmul_cols_per_core":0.0,"matmul_a_bytes":0,"matmul_b_bytes":0,"matmul_m_split":1,"matmul_n_split":1,"hbm_pattern":""},{"name":"add_1","is_reduction":false,"out_elems":2097152,"cores":32,"dtype_bytes":2,"args":[{"name":"op1","role":"output","mem":"hbm","elems":2097152,"broadcast":false,"dims":[16,2048,64],"logical":[2048,1024],"loop_factor":1},{"name":"buf0","role":"input","mem":"hbm","elems":2097152,"broadcast":false,"dims":[16,2048,64],"logical":[2048,1024],"loop_factor":1},{"name":"arg2_1","role":"input","mem":"hbm","elems":2097152,"broadcast":false,"dims":[16,2048,64],"logical":[2048,1024],"loop_factor":1}],"reduction_cores":1,"loop_trip":1,"tiles_output_dim":false,"tile_rows_per_core":0.0,"is_matmul":false,"matmul_macs":0,"matmul_rows_per_core":0.0,"matmul_cols_per_core":0.0,"matmul_a_bytes":0,"matmul_b_bytes":0,"matmul_m_split":1,"matmul_n_split":1,"hbm_pattern":""},{"name":"add_2","is_reduction":false,"out_elems":2097152,"cores":32,"dtype_bytes":2,"args":[{"name":"op2","role":"output","mem":"hbm","elems":2097152,"broadcast":false,"dims":[16,2048,64],"logical":[2048,1024],"loop_factor":1},{"name":"buf1","role":"input","mem":"hbm","elems":2097152,"broadcast":false,"dims":[16,2048,64],"logical":[2048,1024],"loop_factor":1},{"name":"arg3_1","role":"input","mem":"hbm","elems":2097152,"broadcast":false,"dims":[16,2048,64],"logical":[2048,1024],"loop_factor":1}],"reduction_cores":1,"loop_trip":1,"tiles_output_dim":false,"tile_rows_per_core":0.0,"is_matmul":false,"matmul_macs":0,"matmul_rows_per_core":0.0,"matmul_cols_per_core":0.0,"matmul_a_bytes":0,"matmul_b_bytes":0,"matmul_m_split":1,"matmul_n_split":1,"hbm_pattern":""}]
SUMMARY op=add4 rows=2048 cols=1024 cores=32 tiles=0 lx=0 io_hbm_bytes=37748736 kernel_us=375.121 pred_us=372.467 err_pct=-0.7 bw_gbps=100.6 memset_us=117.512 other_dev_us=390.983 total_dev_us=883.616
-- add5 [2048,1024] lx=0
  op_it_space_splits={d0: 32, d1: 1}
  op_it_space_splits={d0: 32, d1: 1}
  op_it_space_splits={d0: 32, d1: 1}
  op_it_space_splits={d0: 32, d1: 1}
IO -- device-layout I/O (cost model, stick-padded) --
IO   op add
IO     output op0                    torch [2048, 1024] -> device [16, 2048, 64] in HBM = 2097152 elems x 2B = 4194304 B  (hbm counted: 4194304 B)
IO     input  arg0_1                 torch [2048, 1024] -> device [16, 2048, 64] in HBM = 2097152 elems x 2B = 4194304 B  (hbm counted: 4194304 B)
IO     input  arg1_1                 torch [2048, 1024] -> device [16, 2048, 64] in HBM = 2097152 elems x 2B = 4194304 B  (hbm counted: 4194304 B)
IO   op add_1
IO     output op1                    torch [2048, 1024] -> device [16, 2048, 64] in HBM = 2097152 elems x 2B = 4194304 B  (hbm counted: 4194304 B)
IO     input  buf0                   torch [2048, 1024] -> device [16, 2048, 64] in HBM = 2097152 elems x 2B = 4194304 B  (hbm counted: 4194304 B)
IO     input  arg2_1                 torch [2048, 1024] -> device [16, 2048, 64] in HBM = 2097152 elems x 2B = 4194304 B  (hbm counted: 4194304 B)
IO   op add_2
IO     output op2                    torch [2048, 1024] -> device [16, 2048, 64] in HBM = 2097152 elems x 2B = 4194304 B  (hbm counted: 4194304 B)
IO     input  buf1                   torch [2048, 1024] -> device [16, 2048, 64] in HBM = 2097152 elems x 2B = 4194304 B  (hbm counted: 4194304 B)
IO     input  arg3_1                 torch [2048, 1024] -> device [16, 2048, 64] in HBM = 2097152 elems x 2B = 4194304 B  (hbm counted: 4194304 B)
IO   op add_3
IO     output op3                    torch [2048, 1024] -> device [16, 2048, 64] in HBM = 2097152 elems x 2B = 4194304 B  (hbm counted: 4194304 B)
IO     input  buf2                   torch [2048, 1024] -> device [16, 2048, 64] in HBM = 2097152 elems x 2B = 4194304 B  (hbm counted: 4194304 B)
IO     input  arg4_1                 torch [2048, 1024] -> device [16, 2048, 64] in HBM = 2097152 elems x 2B = 4194304 B  (hbm counted: 4194304 B)
IO   => HBM I/O total = 50331648 B  (lx 0 B, ~free)
MODEL -- estimate (turnaround): T = (R+W)/BW_PEAK + a*min(R,W) --
MODEL   R=33554432 B (read)   W=16777216 B (write)   loop_trip L=1
MODEL   base = (R+W)/150 = 335.54 us
MODEL   turn = a*min(R,W) = 0.00574*16777216 = 96.30 us
MODEL   => T_model = 529.01 us
MODEL FEATS [{"name":"add","is_reduction":false,"out_elems":2097152,"cores":32,"dtype_bytes":2,"args":[{"name":"op0","role":"output","mem":"hbm","elems":2097152,"broadcast":false,"dims":[16,2048,64],"logical":[2048,1024],"loop_factor":1},{"name":"arg0_1","role":"input","mem":"hbm","elems":2097152,"broadcast":false,"dims":[16,2048,64],"logical":[2048,1024],"loop_factor":1},{"name":"arg1_1","role":"input","mem":"hbm","elems":2097152,"broadcast":false,"dims":[16,2048,64],"logical":[2048,1024],"loop_factor":1}],"reduction_cores":1,"loop_trip":1,"tiles_output_dim":false,"tile_rows_per_core":0.0,"is_matmul":false,"matmul_macs":0,"matmul_rows_per_core":0.0,"matmul_cols_per_core":0.0,"matmul_a_bytes":0,"matmul_b_bytes":0,"matmul_m_split":1,"matmul_n_split":1,"hbm_pattern":""},{"name":"add_1","is_reduction":false,"out_elems":2097152,"cores":32,"dtype_bytes":2,"args":[{"name":"op1","role":"output","mem":"hbm","elems":2097152,"broadcast":false,"dims":[16,2048,64],"logical":[2048,1024],"loop_factor":1},{"name":"buf0","role":"input","mem":"hbm","elems":2097152,"broadcast":false,"dims":[16,2048,64],"logical":[2048,1024],"loop_factor":1},{"name":"arg2_1","role":"input","mem":"hbm","elems":2097152,"broadcast":false,"dims":[16,2048,64],"logical":[2048,1024],"loop_factor":1}],"reduction_cores":1,"loop_trip":1,"tiles_output_dim":false,"tile_rows_per_core":0.0,"is_matmul":false,"matmul_macs":0,"matmul_rows_per_core":0.0,"matmul_cols_per_core":0.0,"matmul_a_bytes":0,"matmul_b_bytes":0,"matmul_m_split":1,"matmul_n_split":1,"hbm_pattern":""},{"name":"add_2","is_reduction":false,"out_elems":2097152,"cores":32,"dtype_bytes":2,"args":[{"name":"op2","role":"output","mem":"hbm","elems":2097152,"broadcast":false,"dims":[16,2048,64],"logical":[2048,1024],"loop_factor":1},{"name":"buf1","role":"input","mem":"hbm","elems":2097152,"broadcast":false,"dims":[16,2048,64],"logical":[2048,1024],"loop_factor":1},{"name":"arg3_1","role":"input","mem":"hbm","elems":2097152,"broadcast":false,"dims":[16,2048,64],"logical":[2048,1024],"loop_factor":1}],"reduction_cores":1,"loop_trip":1,"tiles_output_dim":false,"tile_rows_per_core":0.0,"is_matmul":false,"matmul_macs":0,"matmul_rows_per_core":0.0,"matmul_cols_per_core":0.0,"matmul_a_bytes":0,"matmul_b_bytes":0,"matmul_m_split":1,"matmul_n_split":1,"hbm_pattern":""},{"name":"add_3","is_reduction":false,"out_elems":2097152,"cores":32,"dtype_bytes":2,"args":[{"name":"op3","role":"output","mem":"hbm","elems":2097152,"broadcast":false,"dims":[16,2048,64],"logical":[2048,1024],"loop_factor":1},{"name":"buf2","role":"input","mem":"hbm","elems":2097152,"broadcast":false,"dims":[16,2048,64],"logical":[2048,1024],"loop_factor":1},{"name":"arg4_1","role":"input","mem":"hbm","elems":2097152,"broadcast":false,"dims":[16,2048,64],"logical":[2048,1024],"loop_factor":1}],"reduction_cores":1,"loop_trip":1,"tiles_output_dim":false,"tile_rows_per_core":0.0,"is_matmul":false,"matmul_macs":0,"matmul_rows_per_core":0.0,"matmul_cols_per_core":0.0,"matmul_a_bytes":0,"matmul_b_bytes":0,"matmul_m_split":1,"matmul_n_split":1,"hbm_pattern":""}]
SUMMARY op=add5 rows=2048 cols=1024 cores=32 tiles=0 lx=0 io_hbm_bytes=50331648 kernel_us=502.429 pred_us=529.011 err_pct=+5.3 bw_gbps=100.2 memset_us=75.994 other_dev_us=467.401 total_dev_us=1045.824
-- add6 [2048,1024] lx=0
  op_it_space_splits={d0: 32, d1: 1}
  op_it_space_splits={d0: 32, d1: 1}
  op_it_space_splits={d0: 32, d1: 1}
  op_it_space_splits={d0: 32, d1: 1}
  op_it_space_splits={d0: 32, d1: 1}
IO -- device-layout I/O (cost model, stick-padded) --
IO   op add
IO     output op0                    torch [2048, 1024] -> device [16, 2048, 64] in HBM = 2097152 elems x 2B = 4194304 B  (hbm counted: 4194304 B)
IO     input  arg0_1                 torch [2048, 1024] -> device [16, 2048, 64] in HBM = 2097152 elems x 2B = 4194304 B  (hbm counted: 4194304 B)
IO     input  arg1_1                 torch [2048, 1024] -> device [16, 2048, 64] in HBM = 2097152 elems x 2B = 4194304 B  (hbm counted: 4194304 B)
IO   op add_1
IO     output op1                    torch [2048, 1024] -> device [16, 2048, 64] in HBM = 2097152 elems x 2B = 4194304 B  (hbm counted: 4194304 B)
IO     input  buf0                   torch [2048, 1024] -> device [16, 2048, 64] in HBM = 2097152 elems x 2B = 4194304 B  (hbm counted: 4194304 B)
IO     input  arg2_1                 torch [2048, 1024] -> device [16, 2048, 64] in HBM = 2097152 elems x 2B = 4194304 B  (hbm counted: 4194304 B)
IO   op add_2
IO     output op2                    torch [2048, 1024] -> device [16, 2048, 64] in HBM = 2097152 elems x 2B = 4194304 B  (hbm counted: 4194304 B)
IO     input  buf1                   torch [2048, 1024] -> device [16, 2048, 64] in HBM = 2097152 elems x 2B = 4194304 B  (hbm counted: 4194304 B)
IO     input  arg3_1                 torch [2048, 1024] -> device [16, 2048, 64] in HBM = 2097152 elems x 2B = 4194304 B  (hbm counted: 4194304 B)
IO   op add_3
IO     output op3                    torch [2048, 1024] -> device [16, 2048, 64] in HBM = 2097152 elems x 2B = 4194304 B  (hbm counted: 4194304 B)
IO     input  buf2                   torch [2048, 1024] -> device [16, 2048, 64] in HBM = 2097152 elems x 2B = 4194304 B  (hbm counted: 4194304 B)
IO     input  arg4_1                 torch [2048, 1024] -> device [16, 2048, 64] in HBM = 2097152 elems x 2B = 4194304 B  (hbm counted: 4194304 B)
IO   op add_4
IO     output op4                    torch [2048, 1024] -> device [16, 2048, 64] in HBM = 2097152 elems x 2B = 4194304 B  (hbm counted: 4194304 B)
IO     input  buf3                   torch [2048, 1024] -> device [16, 2048, 64] in HBM = 2097152 elems x 2B = 4194304 B  (hbm counted: 4194304 B)
IO     input  arg5_1                 torch [2048, 1024] -> device [16, 2048, 64] in HBM = 2097152 elems x 2B = 4194304 B  (hbm counted: 4194304 B)
IO   => HBM I/O total = 62914560 B  (lx 0 B, ~free)
MODEL -- estimate (turnaround): T = (R+W)/BW_PEAK + a*min(R,W) --
MODEL   R=41943040 B (read)   W=20971520 B (write)   loop_trip L=1
MODEL   base = (R+W)/150 = 419.43 us
MODEL   turn = a*min(R,W) = 0.00574*20971520 = 120.38 us
MODEL   => T_model = 701.75 us
MODEL FEATS [{"name":"add","is_reduction":false,"out_elems":2097152,"cores":32,"dtype_bytes":2,"args":[{"name":"op0","role":"output","mem":"hbm","elems":2097152,"broadcast":false,"dims":[16,2048,64],"logical":[2048,1024],"loop_factor":1},{"name":"arg0_1","role":"input","mem":"hbm","elems":2097152,"broadcast":false,"dims":[16,2048,64],"logical":[2048,1024],"loop_factor":1},{"name":"arg1_1","role":"input","mem":"hbm","elems":2097152,"broadcast":false,"dims":[16,2048,64],"logical":[2048,1024],"loop_factor":1}],"reduction_cores":1,"loop_trip":1,"tiles_output_dim":false,"tile_rows_per_core":0.0,"is_matmul":false,"matmul_macs":0,"matmul_rows_per_core":0.0,"matmul_cols_per_core":0.0,"matmul_a_bytes":0,"matmul_b_bytes":0,"matmul_m_split":1,"matmul_n_split":1,"hbm_pattern":""},{"name":"add_1","is_reduction":false,"out_elems":2097152,"cores":32,"dtype_bytes":2,"args":[{"name":"op1","role":"output","mem":"hbm","elems":2097152,"broadcast":false,"dims":[16,2048,64],"logical":[2048,1024],"loop_factor":1},{"name":"buf0","role":"input","mem":"hbm","elems":2097152,"broadcast":false,"dims":[16,2048,64],"logical":[2048,1024],"loop_factor":1},{"name":"arg2_1","role":"input","mem":"hbm","elems":2097152,"broadcast":false,"dims":[16,2048,64],"logical":[2048,1024],"loop_factor":1}],"reduction_cores":1,"loop_trip":1,"tiles_output_dim":false,"tile_rows_per_core":0.0,"is_matmul":false,"matmul_macs":0,"matmul_rows_per_core":0.0,"matmul_cols_per_core":0.0,"matmul_a_bytes":0,"matmul_b_bytes":0,"matmul_m_split":1,"matmul_n_split":1,"hbm_pattern":""},{"name":"add_2","is_reduction":false,"out_elems":2097152,"cores":32,"dtype_bytes":2,"args":[{"name":"op2","role":"output","mem":"hbm","elems":2097152,"broadcast":false,"dims":[16,2048,64],"logical":[2048,1024],"loop_factor":1},{"name":"buf1","role":"input","mem":"hbm","elems":2097152,"broadcast":false,"dims":[16,2048,64],"logical":[2048,1024],"loop_factor":1},{"name":"arg3_1","role":"input","mem":"hbm","elems":2097152,"broadcast":false,"dims":[16,2048,64],"logical":[2048,1024],"loop_factor":1}],"reduction_cores":1,"loop_trip":1,"tiles_output_dim":false,"tile_rows_per_core":0.0,"is_matmul":false,"matmul_macs":0,"matmul_rows_per_core":0.0,"matmul_cols_per_core":0.0,"matmul_a_bytes":0,"matmul_b_bytes":0,"matmul_m_split":1,"matmul_n_split":1,"hbm_pattern":""},{"name":"add_3","is_reduction":false,"out_elems":2097152,"cores":32,"dtype_bytes":2,"args":[{"name":"op3","role":"output","mem":"hbm","elems":2097152,"broadcast":false,"dims":[16,2048,64],"logical":[2048,1024],"loop_factor":1},{"name":"buf2","role":"input","mem":"hbm","elems":2097152,"broadcast":false,"dims":[16,2048,64],"logical":[2048,1024],"loop_factor":1},{"name":"arg4_1","role":"input","mem":"hbm","elems":2097152,"broadcast":false,"dims":[16,2048,64],"logical":[2048,1024],"loop_factor":1}],"reduction_cores":1,"loop_trip":1,"tiles_output_dim":false,"tile_rows_per_core":0.0,"is_matmul":false,"matmul_macs":0,"matmul_rows_per_core":0.0,"matmul_cols_per_core":0.0,"matmul_a_bytes":0,"matmul_b_bytes":0,"matmul_m_split":1,"matmul_n_split":1,"hbm_pattern":""},{"name":"add_4","is_reduction":false,"out_elems":2097152,"cores":32,"dtype_bytes":2,"args":[{"name":"op4","role":"output","mem":"hbm","elems":2097152,"broadcast":false,"dims":[16,2048,64],"logical":[2048,1024],"loop_factor":1},{"name":"buf3","role":"input","mem":"hbm","elems":2097152,"broadcast":false,"dims":[16,2048,64],"logical":[2048,1024],"loop_factor":1},{"name":"arg5_1","role":"input","mem":"hbm","elems":2097152,"broadcast":false,"dims":[16,2048,64],"logical":[2048,1024],"loop_factor":1}],"reduction_cores":1,"loop_trip":1,"tiles_output_dim":false,"tile_rows_per_core":0.0,"is_matmul":false,"matmul_macs":0,"matmul_rows_per_core":0.0,"matmul_cols_per_core":0.0,"matmul_a_bytes":0,"matmul_b_bytes":0,"matmul_m_split":1,"matmul_n_split":1,"hbm_pattern":""}]
SUMMARY op=add6 rows=2048 cols=1024 cores=32 tiles=0 lx=0 io_hbm_bytes=62914560 kernel_us=625.728 pred_us=701.749 err_pct=+12.1 bw_gbps=100.5 memset_us=118.499 other_dev_us=406.558 total_dev_us=1150.785
-- add3_sep [2048,1024] lx=0
  op_it_space_splits={d0: 32, d1: 1}
IO -- device-layout I/O (cost model, stick-padded) --
IO   op add
IO     output op0                    torch [2048, 1024] -> device [16, 2048, 64] in HBM = 2097152 elems x 2B = 4194304 B  (hbm counted: 4194304 B)
IO     input  arg0_1                 torch [2048, 1024] -> device [16, 2048, 64] in HBM = 2097152 elems x 2B = 4194304 B  (hbm counted: 4194304 B)
IO     input  arg1_1                 torch [2048, 1024] -> device [16, 2048, 64] in HBM = 2097152 elems x 2B = 4194304 B  (hbm counted: 4194304 B)
IO   => HBM I/O total = 12582912 B  (lx 0 B, ~free)
MODEL -- estimate (turnaround): T = (R+W)/BW_PEAK + a*min(R,W) --
MODEL   R=8388608 B (read)   W=4194304 B (write)   loop_trip L=1
MODEL   base = (R+W)/150 = 83.89 us
MODEL   turn = a*min(R,W) = 0.00574*4194304 = 24.08 us
MODEL   => T_model = 107.96 us
MODEL FEATS [{"name":"add","is_reduction":false,"out_elems":2097152,"cores":32,"dtype_bytes":2,"args":[{"name":"op0","role":"output","mem":"hbm","elems":2097152,"broadcast":false,"dims":[16,2048,64],"logical":[2048,1024],"loop_factor":1},{"name":"arg0_1","role":"input","mem":"hbm","elems":2097152,"broadcast":false,"dims":[16,2048,64],"logical":[2048,1024],"loop_factor":1},{"name":"arg1_1","role":"input","mem":"hbm","elems":2097152,"broadcast":false,"dims":[16,2048,64],"logical":[2048,1024],"loop_factor":1}],"reduction_cores":1,"loop_trip":1,"tiles_output_dim":false,"tile_rows_per_core":0.0,"is_matmul":false,"matmul_macs":0,"matmul_rows_per_core":0.0,"matmul_cols_per_core":0.0,"matmul_a_bytes":0,"matmul_b_bytes":0,"matmul_m_split":1,"matmul_n_split":1,"hbm_pattern":""}]
SUMMARY op=add3_sep rows=2048 cols=1024 cores=32 tiles=0 lx=0 io_hbm_bytes=12582912 kernel_us=231.159 pred_us=107.961 err_pct=-53.3 bw_gbps=54.4 memset_us=119.805 other_dev_us=394.995 total_dev_us=745.959
-- add4_sep [2048,1024] lx=0
  op_it_space_splits={d0: 32, d1: 1}
IO -- device-layout I/O (cost model, stick-padded) --
IO   op add
IO     output op0                    torch [2048, 1024] -> device [16, 2048, 64] in HBM = 2097152 elems x 2B = 4194304 B  (hbm counted: 4194304 B)
IO     input  arg0_1                 torch [2048, 1024] -> device [16, 2048, 64] in HBM = 2097152 elems x 2B = 4194304 B  (hbm counted: 4194304 B)
IO     input  arg1_1                 torch [2048, 1024] -> device [16, 2048, 64] in HBM = 2097152 elems x 2B = 4194304 B  (hbm counted: 4194304 B)
IO   => HBM I/O total = 12582912 B  (lx 0 B, ~free)
MODEL -- estimate (turnaround): T = (R+W)/BW_PEAK + a*min(R,W) --
MODEL   R=8388608 B (read)   W=4194304 B (write)   loop_trip L=1
MODEL   base = (R+W)/150 = 83.89 us
MODEL   turn = a*min(R,W) = 0.00574*4194304 = 24.08 us
MODEL   => T_model = 107.96 us
MODEL FEATS [{"name":"add","is_reduction":false,"out_elems":2097152,"cores":32,"dtype_bytes":2,"args":[{"name":"op0","role":"output","mem":"hbm","elems":2097152,"broadcast":false,"dims":[16,2048,64],"logical":[2048,1024],"loop_factor":1},{"name":"arg0_1","role":"input","mem":"hbm","elems":2097152,"broadcast":false,"dims":[16,2048,64],"logical":[2048,1024],"loop_factor":1},{"name":"arg1_1","role":"input","mem":"hbm","elems":2097152,"broadcast":false,"dims":[16,2048,64],"logical":[2048,1024],"loop_factor":1}],"reduction_cores":1,"loop_trip":1,"tiles_output_dim":false,"tile_rows_per_core":0.0,"is_matmul":false,"matmul_macs":0,"matmul_rows_per_core":0.0,"matmul_cols_per_core":0.0,"matmul_a_bytes":0,"matmul_b_bytes":0,"matmul_m_split":1,"matmul_n_split":1,"hbm_pattern":""}]
SUMMARY op=add4_sep rows=2048 cols=1024 cores=32 tiles=0 lx=0 io_hbm_bytes=12582912 kernel_us=348.255 pred_us=107.961 err_pct=-69.0 bw_gbps=36.1 memset_us=125.156 other_dev_us=409.549 total_dev_us=882.960
-- add5_sep [2048,1024] lx=0
  op_it_space_splits={d0: 32, d1: 1}
IO -- device-layout I/O (cost model, stick-padded) --
IO   op add
IO     output op0                    torch [2048, 1024] -> device [16, 2048, 64] in HBM = 2097152 elems x 2B = 4194304 B  (hbm counted: 4194304 B)
IO     input  arg0_1                 torch [2048, 1024] -> device [16, 2048, 64] in HBM = 2097152 elems x 2B = 4194304 B  (hbm counted: 4194304 B)
IO     input  arg1_1                 torch [2048, 1024] -> device [16, 2048, 64] in HBM = 2097152 elems x 2B = 4194304 B  (hbm counted: 4194304 B)
IO   => HBM I/O total = 12582912 B  (lx 0 B, ~free)
MODEL -- estimate (turnaround): T = (R+W)/BW_PEAK + a*min(R,W) --
MODEL   R=8388608 B (read)   W=4194304 B (write)   loop_trip L=1
MODEL   base = (R+W)/150 = 83.89 us
MODEL   turn = a*min(R,W) = 0.00574*4194304 = 24.08 us
MODEL   => T_model = 107.96 us
MODEL FEATS [{"name":"add","is_reduction":false,"out_elems":2097152,"cores":32,"dtype_bytes":2,"args":[{"name":"op0","role":"output","mem":"hbm","elems":2097152,"broadcast":false,"dims":[16,2048,64],"logical":[2048,1024],"loop_factor":1},{"name":"arg0_1","role":"input","mem":"hbm","elems":2097152,"broadcast":false,"dims":[16,2048,64],"logical":[2048,1024],"loop_factor":1},{"name":"arg1_1","role":"input","mem":"hbm","elems":2097152,"broadcast":false,"dims":[16,2048,64],"logical":[2048,1024],"loop_factor":1}],"reduction_cores":1,"loop_trip":1,"tiles_output_dim":false,"tile_rows_per_core":0.0,"is_matmul":false,"matmul_macs":0,"matmul_rows_per_core":0.0,"matmul_cols_per_core":0.0,"matmul_a_bytes":0,"matmul_b_bytes":0,"matmul_m_split":1,"matmul_n_split":1,"hbm_pattern":""}]
SUMMARY op=add5_sep rows=2048 cols=1024 cores=32 tiles=0 lx=0 io_hbm_bytes=12582912 kernel_us=502.490 pred_us=107.961 err_pct=-78.5 bw_gbps=25.0 memset_us=139.711 other_dev_us=366.754 total_dev_us=1008.955
-- add6_sep [2048,1024] lx=0
  op_it_space_splits={d0: 32, d1: 1}
IO -- device-layout I/O (cost model, stick-padded) --
IO   op add
IO     output op0                    torch [2048, 1024] -> device [16, 2048, 64] in HBM = 2097152 elems x 2B = 4194304 B  (hbm counted: 4194304 B)
IO     input  arg0_1                 torch [2048, 1024] -> device [16, 2048, 64] in HBM = 2097152 elems x 2B = 4194304 B  (hbm counted: 4194304 B)
IO     input  arg1_1                 torch [2048, 1024] -> device [16, 2048, 64] in HBM = 2097152 elems x 2B = 4194304 B  (hbm counted: 4194304 B)
IO   => HBM I/O total = 12582912 B  (lx 0 B, ~free)
MODEL -- estimate (turnaround): T = (R+W)/BW_PEAK + a*min(R,W) --
MODEL   R=8388608 B (read)   W=4194304 B (write)   loop_trip L=1
MODEL   base = (R+W)/150 = 83.89 us
MODEL   turn = a*min(R,W) = 0.00574*4194304 = 24.08 us
MODEL   => T_model = 107.96 us
MODEL FEATS [{"name":"add","is_reduction":false,"out_elems":2097152,"cores":32,"dtype_bytes":2,"args":[{"name":"op0","role":"output","mem":"hbm","elems":2097152,"broadcast":false,"dims":[16,2048,64],"logical":[2048,1024],"loop_factor":1},{"name":"arg0_1","role":"input","mem":"hbm","elems":2097152,"broadcast":false,"dims":[16,2048,64],"logical":[2048,1024],"loop_factor":1},{"name":"arg1_1","role":"input","mem":"hbm","elems":2097152,"broadcast":false,"dims":[16,2048,64],"logical":[2048,1024],"loop_factor":1}],"reduction_cores":1,"loop_trip":1,"tiles_output_dim":false,"tile_rows_per_core":0.0,"is_matmul":false,"matmul_macs":0,"matmul_rows_per_core":0.0,"matmul_cols_per_core":0.0,"matmul_a_bytes":0,"matmul_b_bytes":0,"matmul_m_split":1,"matmul_n_split":1,"hbm_pattern":""}]
SUMMARY op=add6_sep rows=2048 cols=1024 cores=32 tiles=0 lx=0 io_hbm_bytes=12582912 kernel_us=630.059 pred_us=107.961 err_pct=-82.9 bw_gbps=20.0 memset_us=165.640 other_dev_us=421.212 total_dev_us=1216.911
-- add_indep2 [2048,1024] lx=0
  op_it_space_splits={d0: 32, d1: 1}
  op_it_space_splits={d0: 32, d1: 1}
IO -- device-layout I/O (cost model, stick-padded) --
IO   op add
IO     output op0                    torch [2048, 1024] -> device [16, 2048, 64] in HBM = 2097152 elems x 2B = 4194304 B  (hbm counted: 4194304 B)
IO     input  arg0_1                 torch [2048, 1024] -> device [16, 2048, 64] in HBM = 2097152 elems x 2B = 4194304 B  (hbm counted: 4194304 B)
IO     input  arg1_1                 torch [2048, 1024] -> device [16, 2048, 64] in HBM = 2097152 elems x 2B = 4194304 B  (hbm counted: 4194304 B)
IO   op add_1
IO     output op1                    torch [2048, 1024] -> device [16, 2048, 64] in HBM = 2097152 elems x 2B = 4194304 B  (hbm counted: 4194304 B)
IO     input  arg2_1                 torch [2048, 1024] -> device [16, 2048, 64] in HBM = 2097152 elems x 2B = 4194304 B  (hbm counted: 4194304 B)
IO     input  arg3_1                 torch [2048, 1024] -> device [16, 2048, 64] in HBM = 2097152 elems x 2B = 4194304 B  (hbm counted: 4194304 B)
IO   => HBM I/O total = 25165824 B  (lx 0 B, ~free)
MODEL -- estimate (turnaround): T = (R+W)/BW_PEAK + a*min(R,W) --
MODEL   R=16777216 B (read)   W=8388608 B (write)   loop_trip L=1
MODEL   base = (R+W)/150 = 167.77 us
MODEL   turn = a*min(R,W) = 0.00574*8388608 = 48.15 us
MODEL   => T_model = 232.12 us
MODEL FEATS [{"name":"add","is_reduction":false,"out_elems":2097152,"cores":32,"dtype_bytes":2,"args":[{"name":"op0","role":"output","mem":"hbm","elems":2097152,"broadcast":false,"dims":[16,2048,64],"logical":[2048,1024],"loop_factor":1},{"name":"arg0_1","role":"input","mem":"hbm","elems":2097152,"broadcast":false,"dims":[16,2048,64],"logical":[2048,1024],"loop_factor":1},{"name":"arg1_1","role":"input","mem":"hbm","elems":2097152,"broadcast":false,"dims":[16,2048,64],"logical":[2048,1024],"loop_factor":1}],"reduction_cores":1,"loop_trip":1,"tiles_output_dim":false,"tile_rows_per_core":0.0,"is_matmul":false,"matmul_macs":0,"matmul_rows_per_core":0.0,"matmul_cols_per_core":0.0,"matmul_a_bytes":0,"matmul_b_bytes":0,"matmul_m_split":1,"matmul_n_split":1,"hbm_pattern":""},{"name":"add_1","is_reduction":false,"out_elems":2097152,"cores":32,"dtype_bytes":2,"args":[{"name":"op1","role":"output","mem":"hbm","elems":2097152,"broadcast":false,"dims":[16,2048,64],"logical":[2048,1024],"loop_factor":1},{"name":"arg2_1","role":"input","mem":"hbm","elems":2097152,"broadcast":false,"dims":[16,2048,64],"logical":[2048,1024],"loop_factor":1},{"name":"arg3_1","role":"input","mem":"hbm","elems":2097152,"broadcast":false,"dims":[16,2048,64],"logical":[2048,1024],"loop_factor":1}],"reduction_cores":1,"loop_trip":1,"tiles_output_dim":false,"tile_rows_per_core":0.0,"is_matmul":false,"matmul_macs":0,"matmul_rows_per_core":0.0,"matmul_cols_per_core":0.0,"matmul_a_bytes":0,"matmul_b_bytes":0,"matmul_m_split":1,"matmul_n_split":1,"hbm_pattern":""}]
SUMMARY op=add_indep2 rows=2048 cols=1024 cores=32 tiles=0 lx=0 io_hbm_bytes=25165824 kernel_us=217.814 pred_us=232.117 err_pct=+6.6 bw_gbps=115.5 memset_us=237.010 other_dev_us=683.857 total_dev_us=1138.681
-- add [2048,4096] lx=0
  op_it_space_splits={d0: 32, d1: 1}
IO -- device-layout I/O (cost model, stick-padded) --
IO   op add
IO     output op0                    torch [2048, 4096] -> device [64, 2048, 64] in HBM = 8388608 elems x 2B = 16777216 B  (hbm counted: 16777216 B)
IO     input  arg0_1                 torch [2048, 4096] -> device [64, 2048, 64] in HBM = 8388608 elems x 2B = 16777216 B  (hbm counted: 16777216 B)
IO     input  arg1_1                 torch [2048, 4096] -> device [64, 2048, 64] in HBM = 8388608 elems x 2B = 16777216 B  (hbm counted: 16777216 B)
IO   => HBM I/O total = 50331648 B  (lx 0 B, ~free)
MODEL -- estimate (turnaround): T = (R+W)/BW_PEAK + a*min(R,W) --
MODEL   R=33554432 B (read)   W=16777216 B (write)   loop_trip L=1
MODEL   base = (R+W)/150 = 335.54 us
MODEL   turn = a*min(R,W) = 0.00574*16777216 = 96.30 us
MODEL   => T_model = 431.85 us
MODEL FEATS [{"name":"add","is_reduction":false,"out_elems":8388608,"cores":32,"dtype_bytes":2,"args":[{"name":"op0","role":"output","mem":"hbm","elems":8388608,"broadcast":false,"dims":[64,2048,64],"logical":[2048,4096],"loop_factor":1},{"name":"arg0_1","role":"input","mem":"hbm","elems":8388608,"broadcast":false,"dims":[64,2048,64],"logical":[2048,4096],"loop_factor":1},{"name":"arg1_1","role":"input","mem":"hbm","elems":8388608,"broadcast":false,"dims":[64,2048,64],"logical":[2048,4096],"loop_factor":1}],"reduction_cores":1,"loop_trip":1,"tiles_output_dim":false,"tile_rows_per_core":0.0,"is_matmul":false,"matmul_macs":0,"matmul_rows_per_core":0.0,"matmul_cols_per_core":0.0,"matmul_a_bytes":0,"matmul_b_bytes":0,"matmul_m_split":1,"matmul_n_split":1,"hbm_pattern":""}]
SUMMARY op=add rows=2048 cols=4096 cores=32 tiles=0 lx=0 io_hbm_bytes=50331648 kernel_us=440.924 pred_us=431.846 err_pct=-2.1 bw_gbps=114.2 memset_us=267.291 other_dev_us=959.837 total_dev_us=1668.052
-- add3 [2048,4096] lx=0
  op_it_space_splits={d0: 32, d1: 1}
  op_it_space_splits={d0: 32, d1: 1}
IO -- device-layout I/O (cost model, stick-padded) --
IO   op add
IO     output op0                    torch [2048, 4096] -> device [64, 2048, 64] in HBM = 8388608 elems x 2B = 16777216 B  (hbm counted: 16777216 B)
IO     input  arg0_1                 torch [2048, 4096] -> device [64, 2048, 64] in HBM = 8388608 elems x 2B = 16777216 B  (hbm counted: 16777216 B)
IO     input  arg1_1                 torch [2048, 4096] -> device [64, 2048, 64] in HBM = 8388608 elems x 2B = 16777216 B  (hbm counted: 16777216 B)
IO   op add_1
IO     output op1                    torch [2048, 4096] -> device [64, 2048, 64] in HBM = 8388608 elems x 2B = 16777216 B  (hbm counted: 16777216 B)
IO     input  buf0                   torch [2048, 4096] -> device [64, 2048, 64] in HBM = 8388608 elems x 2B = 16777216 B  (hbm counted: 16777216 B)
IO     input  arg2_1                 torch [2048, 4096] -> device [64, 2048, 64] in HBM = 8388608 elems x 2B = 16777216 B  (hbm counted: 16777216 B)
IO   => HBM I/O total = 100663296 B  (lx 0 B, ~free)
MODEL -- estimate (turnaround): T = (R+W)/BW_PEAK + a*min(R,W) --
MODEL   R=67108864 B (read)   W=33554432 B (write)   loop_trip L=1
MODEL   base = (R+W)/150 = 671.09 us
MODEL   turn = a*min(R,W) = 0.00574*33554432 = 192.60 us
MODEL   => T_model = 928.47 us
MODEL FEATS [{"name":"add","is_reduction":false,"out_elems":8388608,"cores":32,"dtype_bytes":2,"args":[{"name":"op0","role":"output","mem":"hbm","elems":8388608,"broadcast":false,"dims":[64,2048,64],"logical":[2048,4096],"loop_factor":1},{"name":"arg0_1","role":"input","mem":"hbm","elems":8388608,"broadcast":false,"dims":[64,2048,64],"logical":[2048,4096],"loop_factor":1},{"name":"arg1_1","role":"input","mem":"hbm","elems":8388608,"broadcast":false,"dims":[64,2048,64],"logical":[2048,4096],"loop_factor":1}],"reduction_cores":1,"loop_trip":1,"tiles_output_dim":false,"tile_rows_per_core":0.0,"is_matmul":false,"matmul_macs":0,"matmul_rows_per_core":0.0,"matmul_cols_per_core":0.0,"matmul_a_bytes":0,"matmul_b_bytes":0,"matmul_m_split":1,"matmul_n_split":1,"hbm_pattern":""},{"name":"add_1","is_reduction":false,"out_elems":8388608,"cores":32,"dtype_bytes":2,"args":[{"name":"op1","role":"output","mem":"hbm","elems":8388608,"broadcast":false,"dims":[64,2048,64],"logical":[2048,4096],"loop_factor":1},{"name":"buf0","role":"input","mem":"hbm","elems":8388608,"broadcast":false,"dims":[64,2048,64],"logical":[2048,4096],"loop_factor":1},{"name":"arg2_1","role":"input","mem":"hbm","elems":8388608,"broadcast":false,"dims":[64,2048,64],"logical":[2048,4096],"loop_factor":1}],"reduction_cores":1,"loop_trip":1,"tiles_output_dim":false,"tile_rows_per_core":0.0,"is_matmul":false,"matmul_macs":0,"matmul_rows_per_core":0.0,"matmul_cols_per_core":0.0,"matmul_a_bytes":0,"matmul_b_bytes":0,"matmul_m_split":1,"matmul_n_split":1,"hbm_pattern":""}]
SUMMARY op=add3 rows=2048 cols=4096 cores=32 tiles=0 lx=0 io_hbm_bytes=100663296 kernel_us=934.677 pred_us=928.468 err_pct=-0.7 bw_gbps=107.7 memset_us=279.018 other_dev_us=892.957 total_dev_us=2106.652
-- add4 [2048,4096] lx=0
  op_it_space_splits={d0: 32, d1: 1}
  op_it_space_splits={d0: 32, d1: 1}
  op_it_space_splits={d0: 32, d1: 1}
IO -- device-layout I/O (cost model, stick-padded) --
IO   op add
IO     output op0                    torch [2048, 4096] -> device [64, 2048, 64] in HBM = 8388608 elems x 2B = 16777216 B  (hbm counted: 16777216 B)
IO     input  arg0_1                 torch [2048, 4096] -> device [64, 2048, 64] in HBM = 8388608 elems x 2B = 16777216 B  (hbm counted: 16777216 B)
IO     input  arg1_1                 torch [2048, 4096] -> device [64, 2048, 64] in HBM = 8388608 elems x 2B = 16777216 B  (hbm counted: 16777216 B)
IO   op add_1
IO     output op1                    torch [2048, 4096] -> device [64, 2048, 64] in HBM = 8388608 elems x 2B = 16777216 B  (hbm counted: 16777216 B)
IO     input  buf0                   torch [2048, 4096] -> device [64, 2048, 64] in HBM = 8388608 elems x 2B = 16777216 B  (hbm counted: 16777216 B)
IO     input  arg2_1                 torch [2048, 4096] -> device [64, 2048, 64] in HBM = 8388608 elems x 2B = 16777216 B  (hbm counted: 16777216 B)
IO   op add_2
IO     output op2                    torch [2048, 4096] -> device [64, 2048, 64] in HBM = 8388608 elems x 2B = 16777216 B  (hbm counted: 16777216 B)
IO     input  buf1                   torch [2048, 4096] -> device [64, 2048, 64] in HBM = 8388608 elems x 2B = 16777216 B  (hbm counted: 16777216 B)
IO     input  arg3_1                 torch [2048, 4096] -> device [64, 2048, 64] in HBM = 8388608 elems x 2B = 16777216 B  (hbm counted: 16777216 B)
IO   => HBM I/O total = 150994944 B  (lx 0 B, ~free)
MODEL -- estimate (turnaround): T = (R+W)/BW_PEAK + a*min(R,W) --
MODEL   R=100663296 B (read)   W=50331648 B (write)   loop_trip L=1
MODEL   base = (R+W)/150 = 1006.63 us
MODEL   turn = a*min(R,W) = 0.00574*50331648 = 288.90 us
MODEL   => T_model = 1489.87 us
MODEL FEATS [{"name":"add","is_reduction":false,"out_elems":8388608,"cores":32,"dtype_bytes":2,"args":[{"name":"op0","role":"output","mem":"hbm","elems":8388608,"broadcast":false,"dims":[64,2048,64],"logical":[2048,4096],"loop_factor":1},{"name":"arg0_1","role":"input","mem":"hbm","elems":8388608,"broadcast":false,"dims":[64,2048,64],"logical":[2048,4096],"loop_factor":1},{"name":"arg1_1","role":"input","mem":"hbm","elems":8388608,"broadcast":false,"dims":[64,2048,64],"logical":[2048,4096],"loop_factor":1}],"reduction_cores":1,"loop_trip":1,"tiles_output_dim":false,"tile_rows_per_core":0.0,"is_matmul":false,"matmul_macs":0,"matmul_rows_per_core":0.0,"matmul_cols_per_core":0.0,"matmul_a_bytes":0,"matmul_b_bytes":0,"matmul_m_split":1,"matmul_n_split":1,"hbm_pattern":""},{"name":"add_1","is_reduction":false,"out_elems":8388608,"cores":32,"dtype_bytes":2,"args":[{"name":"op1","role":"output","mem":"hbm","elems":8388608,"broadcast":false,"dims":[64,2048,64],"logical":[2048,4096],"loop_factor":1},{"name":"buf0","role":"input","mem":"hbm","elems":8388608,"broadcast":false,"dims":[64,2048,64],"logical":[2048,4096],"loop_factor":1},{"name":"arg2_1","role":"input","mem":"hbm","elems":8388608,"broadcast":false,"dims":[64,2048,64],"logical":[2048,4096],"loop_factor":1}],"reduction_cores":1,"loop_trip":1,"tiles_output_dim":false,"tile_rows_per_core":0.0,"is_matmul":false,"matmul_macs":0,"matmul_rows_per_core":0.0,"matmul_cols_per_core":0.0,"matmul_a_bytes":0,"matmul_b_bytes":0,"matmul_m_split":1,"matmul_n_split":1,"hbm_pattern":""},{"name":"add_2","is_reduction":false,"out_elems":8388608,"cores":32,"dtype_bytes":2,"args":[{"name":"op2","role":"output","mem":"hbm","elems":8388608,"broadcast":false,"dims":[64,2048,64],"logical":[2048,4096],"loop_factor":1},{"name":"buf1","role":"input","mem":"hbm","elems":8388608,"broadcast":false,"dims":[64,2048,64],"logical":[2048,4096],"loop_factor":1},{"name":"arg3_1","role":"input","mem":"hbm","elems":8388608,"broadcast":false,"dims":[64,2048,64],"logical":[2048,4096],"loop_factor":1}],"reduction_cores":1,"loop_trip":1,"tiles_output_dim":false,"tile_rows_per_core":0.0,"is_matmul":false,"matmul_macs":0,"matmul_rows_per_core":0.0,"matmul_cols_per_core":0.0,"matmul_a_bytes":0,"matmul_b_bytes":0,"matmul_m_split":1,"matmul_n_split":1,"hbm_pattern":""}]
SUMMARY op=add4 rows=2048 cols=4096 cores=32 tiles=0 lx=0 io_hbm_bytes=150994944 kernel_us=1519.904 pred_us=1489.867 err_pct=-2.0 bw_gbps=99.3 memset_us=268.143 other_dev_us=1021.216 total_dev_us=2809.263
-- add5 [2048,4096] lx=0
  op_it_space_splits={d0: 32, d1: 1}
  op_it_space_splits={d0: 32, d1: 1}
  op_it_space_splits={d0: 32, d1: 1}
  op_it_space_splits={d0: 32, d1: 1}
IO -- device-layout I/O (cost model, stick-padded) --
IO   op add
IO     output op0                    torch [2048, 4096] -> device [64, 2048, 64] in HBM = 8388608 elems x 2B = 16777216 B  (hbm counted: 16777216 B)
IO     input  arg0_1                 torch [2048, 4096] -> device [64, 2048, 64] in HBM = 8388608 elems x 2B = 16777216 B  (hbm counted: 16777216 B)
IO     input  arg1_1                 torch [2048, 4096] -> device [64, 2048, 64] in HBM = 8388608 elems x 2B = 16777216 B  (hbm counted: 16777216 B)
IO   op add_1
IO     output op1                    torch [2048, 4096] -> device [64, 2048, 64] in HBM = 8388608 elems x 2B = 16777216 B  (hbm counted: 16777216 B)
IO     input  buf0                   torch [2048, 4096] -> device [64, 2048, 64] in HBM = 8388608 elems x 2B = 16777216 B  (hbm counted: 16777216 B)
IO     input  arg2_1                 torch [2048, 4096] -> device [64, 2048, 64] in HBM = 8388608 elems x 2B = 16777216 B  (hbm counted: 16777216 B)
IO   op add_2
IO     output op2                    torch [2048, 4096] -> device [64, 2048, 64] in HBM = 8388608 elems x 2B = 16777216 B  (hbm counted: 16777216 B)
IO     input  buf1                   torch [2048, 4096] -> device [64, 2048, 64] in HBM = 8388608 elems x 2B = 16777216 B  (hbm counted: 16777216 B)
IO     input  arg3_1                 torch [2048, 4096] -> device [64, 2048, 64] in HBM = 8388608 elems x 2B = 16777216 B  (hbm counted: 16777216 B)
IO   op add_3
IO     output op3                    torch [2048, 4096] -> device [64, 2048, 64] in HBM = 8388608 elems x 2B = 16777216 B  (hbm counted: 16777216 B)
IO     input  buf2                   torch [2048, 4096] -> device [64, 2048, 64] in HBM = 8388608 elems x 2B = 16777216 B  (hbm counted: 16777216 B)
IO     input  arg4_1                 torch [2048, 4096] -> device [64, 2048, 64] in HBM = 8388608 elems x 2B = 16777216 B  (hbm counted: 16777216 B)
IO   => HBM I/O total = 201326592 B  (lx 0 B, ~free)
MODEL -- estimate (turnaround): T = (R+W)/BW_PEAK + a*min(R,W) --
MODEL   R=134217728 B (read)   W=67108864 B (write)   loop_trip L=1
MODEL   base = (R+W)/150 = 1342.18 us
MODEL   turn = a*min(R,W) = 0.00574*67108864 = 385.20 us
MODEL   => T_model = 2116.04 us
MODEL FEATS [{"name":"add","is_reduction":false,"out_elems":8388608,"cores":32,"dtype_bytes":2,"args":[{"name":"op0","role":"output","mem":"hbm","elems":8388608,"broadcast":false,"dims":[64,2048,64],"logical":[2048,4096],"loop_factor":1},{"name":"arg0_1","role":"input","mem":"hbm","elems":8388608,"broadcast":false,"dims":[64,2048,64],"logical":[2048,4096],"loop_factor":1},{"name":"arg1_1","role":"input","mem":"hbm","elems":8388608,"broadcast":false,"dims":[64,2048,64],"logical":[2048,4096],"loop_factor":1}],"reduction_cores":1,"loop_trip":1,"tiles_output_dim":false,"tile_rows_per_core":0.0,"is_matmul":false,"matmul_macs":0,"matmul_rows_per_core":0.0,"matmul_cols_per_core":0.0,"matmul_a_bytes":0,"matmul_b_bytes":0,"matmul_m_split":1,"matmul_n_split":1,"hbm_pattern":""},{"name":"add_1","is_reduction":false,"out_elems":8388608,"cores":32,"dtype_bytes":2,"args":[{"name":"op1","role":"output","mem":"hbm","elems":8388608,"broadcast":false,"dims":[64,2048,64],"logical":[2048,4096],"loop_factor":1},{"name":"buf0","role":"input","mem":"hbm","elems":8388608,"broadcast":false,"dims":[64,2048,64],"logical":[2048,4096],"loop_factor":1},{"name":"arg2_1","role":"input","mem":"hbm","elems":8388608,"broadcast":false,"dims":[64,2048,64],"logical":[2048,4096],"loop_factor":1}],"reduction_cores":1,"loop_trip":1,"tiles_output_dim":false,"tile_rows_per_core":0.0,"is_matmul":false,"matmul_macs":0,"matmul_rows_per_core":0.0,"matmul_cols_per_core":0.0,"matmul_a_bytes":0,"matmul_b_bytes":0,"matmul_m_split":1,"matmul_n_split":1,"hbm_pattern":""},{"name":"add_2","is_reduction":false,"out_elems":8388608,"cores":32,"dtype_bytes":2,"args":[{"name":"op2","role":"output","mem":"hbm","elems":8388608,"broadcast":false,"dims":[64,2048,64],"logical":[2048,4096],"loop_factor":1},{"name":"buf1","role":"input","mem":"hbm","elems":8388608,"broadcast":false,"dims":[64,2048,64],"logical":[2048,4096],"loop_factor":1},{"name":"arg3_1","role":"input","mem":"hbm","elems":8388608,"broadcast":false,"dims":[64,2048,64],"logical":[2048,4096],"loop_factor":1}],"reduction_cores":1,"loop_trip":1,"tiles_output_dim":false,"tile_rows_per_core":0.0,"is_matmul":false,"matmul_macs":0,"matmul_rows_per_core":0.0,"matmul_cols_per_core":0.0,"matmul_a_bytes":0,"matmul_b_bytes":0,"matmul_m_split":1,"matmul_n_split":1,"hbm_pattern":""},{"name":"add_3","is_reduction":false,"out_elems":8388608,"cores":32,"dtype_bytes":2,"args":[{"name":"op3","role":"output","mem":"hbm","elems":8388608,"broadcast":false,"dims":[64,2048,64],"logical":[2048,4096],"loop_factor":1},{"name":"buf2","role":"input","mem":"hbm","elems":8388608,"broadcast":false,"dims":[64,2048,64],"logical":[2048,4096],"loop_factor":1},{"name":"arg4_1","role":"input","mem":"hbm","elems":8388608,"broadcast":false,"dims":[64,2048,64],"logical":[2048,4096],"loop_factor":1}],"reduction_cores":1,"loop_trip":1,"tiles_output_dim":false,"tile_rows_per_core":0.0,"is_matmul":false,"matmul_macs":0,"matmul_rows_per_core":0.0,"matmul_cols_per_core":0.0,"matmul_a_bytes":0,"matmul_b_bytes":0,"matmul_m_split":1,"matmul_n_split":1,"hbm_pattern":""}]
SUMMARY op=add5 rows=2048 cols=4096 cores=32 tiles=0 lx=0 io_hbm_bytes=201326592 kernel_us=2033.055 pred_us=2116.043 err_pct=+4.1 bw_gbps=99.0 memset_us=282.169 other_dev_us=877.514 total_dev_us=3192.738
-- add6 [2048,4096] lx=0
  op_it_space_splits={d0: 32, d1: 1}
  op_it_space_splits={d0: 32, d1: 1}
  op_it_space_splits={d0: 32, d1: 1}
  op_it_space_splits={d0: 32, d1: 1}
  op_it_space_splits={d0: 32, d1: 1}
IO -- device-layout I/O (cost model, stick-padded) --
IO   op add
IO     output op0                    torch [2048, 4096] -> device [64, 2048, 64] in HBM = 8388608 elems x 2B = 16777216 B  (hbm counted: 16777216 B)
IO     input  arg0_1                 torch [2048, 4096] -> device [64, 2048, 64] in HBM = 8388608 elems x 2B = 16777216 B  (hbm counted: 16777216 B)
IO     input  arg1_1                 torch [2048, 4096] -> device [64, 2048, 64] in HBM = 8388608 elems x 2B = 16777216 B  (hbm counted: 16777216 B)
IO   op add_1
IO     output op1                    torch [2048, 4096] -> device [64, 2048, 64] in HBM = 8388608 elems x 2B = 16777216 B  (hbm counted: 16777216 B)
IO     input  buf0                   torch [2048, 4096] -> device [64, 2048, 64] in HBM = 8388608 elems x 2B = 16777216 B  (hbm counted: 16777216 B)
IO     input  arg2_1                 torch [2048, 4096] -> device [64, 2048, 64] in HBM = 8388608 elems x 2B = 16777216 B  (hbm counted: 16777216 B)
IO   op add_2
IO     output op2                    torch [2048, 4096] -> device [64, 2048, 64] in HBM = 8388608 elems x 2B = 16777216 B  (hbm counted: 16777216 B)
IO     input  buf1                   torch [2048, 4096] -> device [64, 2048, 64] in HBM = 8388608 elems x 2B = 16777216 B  (hbm counted: 16777216 B)
IO     input  arg3_1                 torch [2048, 4096] -> device [64, 2048, 64] in HBM = 8388608 elems x 2B = 16777216 B  (hbm counted: 16777216 B)
IO   op add_3
IO     output op3                    torch [2048, 4096] -> device [64, 2048, 64] in HBM = 8388608 elems x 2B = 16777216 B  (hbm counted: 16777216 B)
IO     input  buf2                   torch [2048, 4096] -> device [64, 2048, 64] in HBM = 8388608 elems x 2B = 16777216 B  (hbm counted: 16777216 B)
IO     input  arg4_1                 torch [2048, 4096] -> device [64, 2048, 64] in HBM = 8388608 elems x 2B = 16777216 B  (hbm counted: 16777216 B)
IO   op add_4
IO     output op4                    torch [2048, 4096] -> device [64, 2048, 64] in HBM = 8388608 elems x 2B = 16777216 B  (hbm counted: 16777216 B)
IO     input  buf3                   torch [2048, 4096] -> device [64, 2048, 64] in HBM = 8388608 elems x 2B = 16777216 B  (hbm counted: 16777216 B)
IO     input  arg5_1                 torch [2048, 4096] -> device [64, 2048, 64] in HBM = 8388608 elems x 2B = 16777216 B  (hbm counted: 16777216 B)
IO   => HBM I/O total = 251658240 B  (lx 0 B, ~free)
MODEL -- estimate (turnaround): T = (R+W)/BW_PEAK + a*min(R,W) --
MODEL   R=167772160 B (read)   W=83886080 B (write)   loop_trip L=1
MODEL   base = (R+W)/150 = 1677.72 us
MODEL   turn = a*min(R,W) = 0.00574*83886080 = 481.51 us
MODEL   => T_model = 2807.00 us
MODEL FEATS [{"name":"add","is_reduction":false,"out_elems":8388608,"cores":32,"dtype_bytes":2,"args":[{"name":"op0","role":"output","mem":"hbm","elems":8388608,"broadcast":false,"dims":[64,2048,64],"logical":[2048,4096],"loop_factor":1},{"name":"arg0_1","role":"input","mem":"hbm","elems":8388608,"broadcast":false,"dims":[64,2048,64],"logical":[2048,4096],"loop_factor":1},{"name":"arg1_1","role":"input","mem":"hbm","elems":8388608,"broadcast":false,"dims":[64,2048,64],"logical":[2048,4096],"loop_factor":1}],"reduction_cores":1,"loop_trip":1,"tiles_output_dim":false,"tile_rows_per_core":0.0,"is_matmul":false,"matmul_macs":0,"matmul_rows_per_core":0.0,"matmul_cols_per_core":0.0,"matmul_a_bytes":0,"matmul_b_bytes":0,"matmul_m_split":1,"matmul_n_split":1,"hbm_pattern":""},{"name":"add_1","is_reduction":false,"out_elems":8388608,"cores":32,"dtype_bytes":2,"args":[{"name":"op1","role":"output","mem":"hbm","elems":8388608,"broadcast":false,"dims":[64,2048,64],"logical":[2048,4096],"loop_factor":1},{"name":"buf0","role":"input","mem":"hbm","elems":8388608,"broadcast":false,"dims":[64,2048,64],"logical":[2048,4096],"loop_factor":1},{"name":"arg2_1","role":"input","mem":"hbm","elems":8388608,"broadcast":false,"dims":[64,2048,64],"logical":[2048,4096],"loop_factor":1}],"reduction_cores":1,"loop_trip":1,"tiles_output_dim":false,"tile_rows_per_core":0.0,"is_matmul":false,"matmul_macs":0,"matmul_rows_per_core":0.0,"matmul_cols_per_core":0.0,"matmul_a_bytes":0,"matmul_b_bytes":0,"matmul_m_split":1,"matmul_n_split":1,"hbm_pattern":""},{"name":"add_2","is_reduction":false,"out_elems":8388608,"cores":32,"dtype_bytes":2,"args":[{"name":"op2","role":"output","mem":"hbm","elems":8388608,"broadcast":false,"dims":[64,2048,64],"logical":[2048,4096],"loop_factor":1},{"name":"buf1","role":"input","mem":"hbm","elems":8388608,"broadcast":false,"dims":[64,2048,64],"logical":[2048,4096],"loop_factor":1},{"name":"arg3_1","role":"input","mem":"hbm","elems":8388608,"broadcast":false,"dims":[64,2048,64],"logical":[2048,4096],"loop_factor":1}],"reduction_cores":1,"loop_trip":1,"tiles_output_dim":false,"tile_rows_per_core":0.0,"is_matmul":false,"matmul_macs":0,"matmul_rows_per_core":0.0,"matmul_cols_per_core":0.0,"matmul_a_bytes":0,"matmul_b_bytes":0,"matmul_m_split":1,"matmul_n_split":1,"hbm_pattern":""},{"name":"add_3","is_reduction":false,"out_elems":8388608,"cores":32,"dtype_bytes":2,"args":[{"name":"op3","role":"output","mem":"hbm","elems":8388608,"broadcast":false,"dims":[64,2048,64],"logical":[2048,4096],"loop_factor":1},{"name":"buf2","role":"input","mem":"hbm","elems":8388608,"broadcast":false,"dims":[64,2048,64],"logical":[2048,4096],"loop_factor":1},{"name":"arg4_1","role":"input","mem":"hbm","elems":8388608,"broadcast":false,"dims":[64,2048,64],"logical":[2048,4096],"loop_factor":1}],"reduction_cores":1,"loop_trip":1,"tiles_output_dim":false,"tile_rows_per_core":0.0,"is_matmul":false,"matmul_macs":0,"matmul_rows_per_core":0.0,"matmul_cols_per_core":0.0,"matmul_a_bytes":0,"matmul_b_bytes":0,"matmul_m_split":1,"matmul_n_split":1,"hbm_pattern":""},{"name":"add_4","is_reduction":false,"out_elems":8388608,"cores":32,"dtype_bytes":2,"args":[{"name":"op4","role":"output","mem":"hbm","elems":8388608,"broadcast":false,"dims":[64,2048,64],"logical":[2048,4096],"loop_factor":1},{"name":"buf3","role":"input","mem":"hbm","elems":8388608,"broadcast":false,"dims":[64,2048,64],"logical":[2048,4096],"loop_factor":1},{"name":"arg5_1","role":"input","mem":"hbm","elems":8388608,"broadcast":false,"dims":[64,2048,64],"logical":[2048,4096],"loop_factor":1}],"reduction_cores":1,"loop_trip":1,"tiles_output_dim":false,"tile_rows_per_core":0.0,"is_matmul":false,"matmul_macs":0,"matmul_rows_per_core":0.0,"matmul_cols_per_core":0.0,"matmul_a_bytes":0,"matmul_b_bytes":0,"matmul_m_split":1,"matmul_n_split":1,"hbm_pattern":""}]
SUMMARY op=add6 rows=2048 cols=4096 cores=32 tiles=0 lx=0 io_hbm_bytes=251658240 kernel_us=2532.439 pred_us=2806.996 err_pct=+10.8 bw_gbps=99.4 memset_us=276.093 other_dev_us=991.700 total_dev_us=3800.232
-- add3_sep [2048,4096] lx=0
  op_it_space_splits={d0: 32, d1: 1}
IO -- device-layout I/O (cost model, stick-padded) --
IO   op add
IO     output op0                    torch [2048, 4096] -> device [64, 2048, 64] in HBM = 8388608 elems x 2B = 16777216 B  (hbm counted: 16777216 B)
IO     input  arg0_1                 torch [2048, 4096] -> device [64, 2048, 64] in HBM = 8388608 elems x 2B = 16777216 B  (hbm counted: 16777216 B)
IO     input  arg1_1                 torch [2048, 4096] -> device [64, 2048, 64] in HBM = 8388608 elems x 2B = 16777216 B  (hbm counted: 16777216 B)
IO   => HBM I/O total = 50331648 B  (lx 0 B, ~free)
MODEL -- estimate (turnaround): T = (R+W)/BW_PEAK + a*min(R,W) --
MODEL   R=33554432 B (read)   W=16777216 B (write)   loop_trip L=1
MODEL   base = (R+W)/150 = 335.54 us
MODEL   turn = a*min(R,W) = 0.00574*16777216 = 96.30 us
MODEL   => T_model = 431.85 us
MODEL FEATS [{"name":"add","is_reduction":false,"out_elems":8388608,"cores":32,"dtype_bytes":2,"args":[{"name":"op0","role":"output","mem":"hbm","elems":8388608,"broadcast":false,"dims":[64,2048,64],"logical":[2048,4096],"loop_factor":1},{"name":"arg0_1","role":"input","mem":"hbm","elems":8388608,"broadcast":false,"dims":[64,2048,64],"logical":[2048,4096],"loop_factor":1},{"name":"arg1_1","role":"input","mem":"hbm","elems":8388608,"broadcast":false,"dims":[64,2048,64],"logical":[2048,4096],"loop_factor":1}],"reduction_cores":1,"loop_trip":1,"tiles_output_dim":false,"tile_rows_per_core":0.0,"is_matmul":false,"matmul_macs":0,"matmul_rows_per_core":0.0,"matmul_cols_per_core":0.0,"matmul_a_bytes":0,"matmul_b_bytes":0,"matmul_m_split":1,"matmul_n_split":1,"hbm_pattern":""}]
SUMMARY op=add3_sep rows=2048 cols=4096 cores=32 tiles=0 lx=0 io_hbm_bytes=50331648 kernel_us=934.495 pred_us=431.846 err_pct=-53.8 bw_gbps=53.9 memset_us=280.253 other_dev_us=878.792 total_dev_us=2093.540
-- add4_sep [2048,4096] lx=0
  op_it_space_splits={d0: 32, d1: 1}
IO -- device-layout I/O (cost model, stick-padded) --
IO   op add
IO     output op0                    torch [2048, 4096] -> device [64, 2048, 64] in HBM = 8388608 elems x 2B = 16777216 B  (hbm counted: 16777216 B)
IO     input  arg0_1                 torch [2048, 4096] -> device [64, 2048, 64] in HBM = 8388608 elems x 2B = 16777216 B  (hbm counted: 16777216 B)
IO     input  arg1_1                 torch [2048, 4096] -> device [64, 2048, 64] in HBM = 8388608 elems x 2B = 16777216 B  (hbm counted: 16777216 B)
IO   => HBM I/O total = 50331648 B  (lx 0 B, ~free)
MODEL -- estimate (turnaround): T = (R+W)/BW_PEAK + a*min(R,W) --
MODEL   R=33554432 B (read)   W=16777216 B (write)   loop_trip L=1
MODEL   base = (R+W)/150 = 335.54 us
MODEL   turn = a*min(R,W) = 0.00574*16777216 = 96.30 us
MODEL   => T_model = 431.85 us
MODEL FEATS [{"name":"add","is_reduction":false,"out_elems":8388608,"cores":32,"dtype_bytes":2,"args":[{"name":"op0","role":"output","mem":"hbm","elems":8388608,"broadcast":false,"dims":[64,2048,64],"logical":[2048,4096],"loop_factor":1},{"name":"arg0_1","role":"input","mem":"hbm","elems":8388608,"broadcast":false,"dims":[64,2048,64],"logical":[2048,4096],"loop_factor":1},{"name":"arg1_1","role":"input","mem":"hbm","elems":8388608,"broadcast":false,"dims":[64,2048,64],"logical":[2048,4096],"loop_factor":1}],"reduction_cores":1,"loop_trip":1,"tiles_output_dim":false,"tile_rows_per_core":0.0,"is_matmul":false,"matmul_macs":0,"matmul_rows_per_core":0.0,"matmul_cols_per_core":0.0,"matmul_a_bytes":0,"matmul_b_bytes":0,"matmul_m_split":1,"matmul_n_split":1,"hbm_pattern":""}]
SUMMARY op=add4_sep rows=2048 cols=4096 cores=32 tiles=0 lx=0 io_hbm_bytes=50331648 kernel_us=1375.236 pred_us=431.846 err_pct=-68.6 bw_gbps=36.6 memset_us=284.705 other_dev_us=983.418 total_dev_us=2643.359
-- add5_sep [2048,4096] lx=0
  op_it_space_splits={d0: 32, d1: 1}
IO -- device-layout I/O (cost model, stick-padded) --
IO   op add
IO     output op0                    torch [2048, 4096] -> device [64, 2048, 64] in HBM = 8388608 elems x 2B = 16777216 B  (hbm counted: 16777216 B)
IO     input  arg0_1                 torch [2048, 4096] -> device [64, 2048, 64] in HBM = 8388608 elems x 2B = 16777216 B  (hbm counted: 16777216 B)
IO     input  arg1_1                 torch [2048, 4096] -> device [64, 2048, 64] in HBM = 8388608 elems x 2B = 16777216 B  (hbm counted: 16777216 B)
IO   => HBM I/O total = 50331648 B  (lx 0 B, ~free)
MODEL -- estimate (turnaround): T = (R+W)/BW_PEAK + a*min(R,W) --
MODEL   R=33554432 B (read)   W=16777216 B (write)   loop_trip L=1
MODEL   base = (R+W)/150 = 335.54 us
MODEL   turn = a*min(R,W) = 0.00574*16777216 = 96.30 us
MODEL   => T_model = 431.85 us
MODEL FEATS [{"name":"add","is_reduction":false,"out_elems":8388608,"cores":32,"dtype_bytes":2,"args":[{"name":"op0","role":"output","mem":"hbm","elems":8388608,"broadcast":false,"dims":[64,2048,64],"logical":[2048,4096],"loop_factor":1},{"name":"arg0_1","role":"input","mem":"hbm","elems":8388608,"broadcast":false,"dims":[64,2048,64],"logical":[2048,4096],"loop_factor":1},{"name":"arg1_1","role":"input","mem":"hbm","elems":8388608,"broadcast":false,"dims":[64,2048,64],"logical":[2048,4096],"loop_factor":1}],"reduction_cores":1,"loop_trip":1,"tiles_output_dim":false,"tile_rows_per_core":0.0,"is_matmul":false,"matmul_macs":0,"matmul_rows_per_core":0.0,"matmul_cols_per_core":0.0,"matmul_a_bytes":0,"matmul_b_bytes":0,"matmul_m_split":1,"matmul_n_split":1,"hbm_pattern":""}]
SUMMARY op=add5_sep rows=2048 cols=4096 cores=32 tiles=0 lx=0 io_hbm_bytes=50331648 kernel_us=2033.250 pred_us=431.846 err_pct=-78.8 bw_gbps=24.8 memset_us=302.473 other_dev_us=914.638 total_dev_us=3250.361
-- add6_sep [2048,4096] lx=0
  op_it_space_splits={d0: 32, d1: 1}
IO -- device-layout I/O (cost model, stick-padded) --
IO   op add
IO     output op0                    torch [2048, 4096] -> device [64, 2048, 64] in HBM = 8388608 elems x 2B = 16777216 B  (hbm counted: 16777216 B)
IO     input  arg0_1                 torch [2048, 4096] -> device [64, 2048, 64] in HBM = 8388608 elems x 2B = 16777216 B  (hbm counted: 16777216 B)
IO     input  arg1_1                 torch [2048, 4096] -> device [64, 2048, 64] in HBM = 8388608 elems x 2B = 16777216 B  (hbm counted: 16777216 B)
IO   => HBM I/O total = 50331648 B  (lx 0 B, ~free)
MODEL -- estimate (turnaround): T = (R+W)/BW_PEAK + a*min(R,W) --
MODEL   R=33554432 B (read)   W=16777216 B (write)   loop_trip L=1
MODEL   base = (R+W)/150 = 335.54 us
MODEL   turn = a*min(R,W) = 0.00574*16777216 = 96.30 us
MODEL   => T_model = 431.85 us
MODEL FEATS [{"name":"add","is_reduction":false,"out_elems":8388608,"cores":32,"dtype_bytes":2,"args":[{"name":"op0","role":"output","mem":"hbm","elems":8388608,"broadcast":false,"dims":[64,2048,64],"logical":[2048,4096],"loop_factor":1},{"name":"arg0_1","role":"input","mem":"hbm","elems":8388608,"broadcast":false,"dims":[64,2048,64],"logical":[2048,4096],"loop_factor":1},{"name":"arg1_1","role":"input","mem":"hbm","elems":8388608,"broadcast":false,"dims":[64,2048,64],"logical":[2048,4096],"loop_factor":1}],"reduction_cores":1,"loop_trip":1,"tiles_output_dim":false,"tile_rows_per_core":0.0,"is_matmul":false,"matmul_macs":0,"matmul_rows_per_core":0.0,"matmul_cols_per_core":0.0,"matmul_a_bytes":0,"matmul_b_bytes":0,"matmul_m_split":1,"matmul_n_split":1,"hbm_pattern":""}]
SUMMARY op=add6_sep rows=2048 cols=4096 cores=32 tiles=0 lx=0 io_hbm_bytes=50331648 kernel_us=2530.078 pred_us=431.846 err_pct=-82.9 bw_gbps=19.9 memset_us=289.853 other_dev_us=992.825 total_dev_us=3812.756
-- add_indep2 [2048,4096] lx=0
  op_it_space_splits={d0: 32, d1: 1}
  op_it_space_splits={d0: 32, d1: 1}
IO -- device-layout I/O (cost model, stick-padded) --
IO   op add
IO     output op0                    torch [2048, 4096] -> device [64, 2048, 64] in HBM = 8388608 elems x 2B = 16777216 B  (hbm counted: 16777216 B)
IO     input  arg0_1                 torch [2048, 4096] -> device [64, 2048, 64] in HBM = 8388608 elems x 2B = 16777216 B  (hbm counted: 16777216 B)
IO     input  arg1_1                 torch [2048, 4096] -> device [64, 2048, 64] in HBM = 8388608 elems x 2B = 16777216 B  (hbm counted: 16777216 B)
IO   op add_1
IO     output op1                    torch [2048, 4096] -> device [64, 2048, 64] in HBM = 8388608 elems x 2B = 16777216 B  (hbm counted: 16777216 B)
IO     input  arg2_1                 torch [2048, 4096] -> device [64, 2048, 64] in HBM = 8388608 elems x 2B = 16777216 B  (hbm counted: 16777216 B)
IO     input  arg3_1                 torch [2048, 4096] -> device [64, 2048, 64] in HBM = 8388608 elems x 2B = 16777216 B  (hbm counted: 16777216 B)
IO   => HBM I/O total = 100663296 B  (lx 0 B, ~free)
MODEL -- estimate (turnaround): T = (R+W)/BW_PEAK + a*min(R,W) --
MODEL   R=67108864 B (read)   W=33554432 B (write)   loop_trip L=1
MODEL   base = (R+W)/150 = 671.09 us
MODEL   turn = a*min(R,W) = 0.00574*33554432 = 192.60 us
MODEL   => T_model = 928.47 us
MODEL FEATS [{"name":"add","is_reduction":false,"out_elems":8388608,"cores":32,"dtype_bytes":2,"args":[{"name":"op0","role":"output","mem":"hbm","elems":8388608,"broadcast":false,"dims":[64,2048,64],"logical":[2048,4096],"loop_factor":1},{"name":"arg0_1","role":"input","mem":"hbm","elems":8388608,"broadcast":false,"dims":[64,2048,64],"logical":[2048,4096],"loop_factor":1},{"name":"arg1_1","role":"input","mem":"hbm","elems":8388608,"broadcast":false,"dims":[64,2048,64],"logical":[2048,4096],"loop_factor":1}],"reduction_cores":1,"loop_trip":1,"tiles_output_dim":false,"tile_rows_per_core":0.0,"is_matmul":false,"matmul_macs":0,"matmul_rows_per_core":0.0,"matmul_cols_per_core":0.0,"matmul_a_bytes":0,"matmul_b_bytes":0,"matmul_m_split":1,"matmul_n_split":1,"hbm_pattern":""},{"name":"add_1","is_reduction":false,"out_elems":8388608,"cores":32,"dtype_bytes":2,"args":[{"name":"op1","role":"output","mem":"hbm","elems":8388608,"broadcast":false,"dims":[64,2048,64],"logical":[2048,4096],"loop_factor":1},{"name":"arg2_1","role":"input","mem":"hbm","elems":8388608,"broadcast":false,"dims":[64,2048,64],"logical":[2048,4096],"loop_factor":1},{"name":"arg3_1","role":"input","mem":"hbm","elems":8388608,"broadcast":false,"dims":[64,2048,64],"logical":[2048,4096],"loop_factor":1}],"reduction_cores":1,"loop_trip":1,"tiles_output_dim":false,"tile_rows_per_core":0.0,"is_matmul":false,"matmul_macs":0,"matmul_rows_per_core":0.0,"matmul_cols_per_core":0.0,"matmul_a_bytes":0,"matmul_b_bytes":0,"matmul_m_split":1,"matmul_n_split":1,"hbm_pattern":""}]
SUMMARY op=add_indep2 rows=2048 cols=4096 cores=32 tiles=0 lx=0 io_hbm_bytes=100663296 kernel_us=875.937 pred_us=928.468 err_pct=+6.0 bw_gbps=114.9 memset_us=542.364 other_dev_us=1532.695 total_dev_us=2950.996
-- add [2048,16384] lx=0
  op_it_space_splits={d0: 32, d1: 1}
IO -- device-layout I/O (cost model, stick-padded) --
IO   op add
IO     output op0                    torch [2048, 16384] -> device [256, 2048, 64] in HBM = 33554432 elems x 2B = 67108864 B  (hbm counted: 67108864 B)
IO     input  arg0_1                 torch [2048, 16384] -> device [256, 2048, 64] in HBM = 33554432 elems x 2B = 67108864 B  (hbm counted: 67108864 B)
IO     input  arg1_1                 torch [2048, 16384] -> device [256, 2048, 64] in HBM = 33554432 elems x 2B = 67108864 B  (hbm counted: 67108864 B)
IO   => HBM I/O total = 201326592 B  (lx 0 B, ~free)
MODEL -- estimate (turnaround): T = (R+W)/BW_PEAK + a*min(R,W) --
MODEL   R=134217728 B (read)   W=67108864 B (write)   loop_trip L=1
MODEL   base = (R+W)/150 = 1342.18 us
MODEL   turn = a*min(R,W) = 0.00574*67108864 = 385.20 us
MODEL   => T_model = 1727.38 us
MODEL FEATS [{"name":"add","is_reduction":false,"out_elems":33554432,"cores":32,"dtype_bytes":2,"args":[{"name":"op0","role":"output","mem":"hbm","elems":33554432,"broadcast":false,"dims":[256,2048,64],"logical":[2048,16384],"loop_factor":1},{"name":"arg0_1","role":"input","mem":"hbm","elems":33554432,"broadcast":false,"dims":[256,2048,64],"logical":[2048,16384],"loop_factor":1},{"name":"arg1_1","role":"input","mem":"hbm","elems":33554432,"broadcast":false,"dims":[256,2048,64],"logical":[2048,16384],"loop_factor":1}],"reduction_cores":1,"loop_trip":1,"tiles_output_dim":false,"tile_rows_per_core":0.0,"is_matmul":false,"matmul_macs":0,"matmul_rows_per_core":0.0,"matmul_cols_per_core":0.0,"matmul_a_bytes":0,"matmul_b_bytes":0,"matmul_m_split":1,"matmul_n_split":1,"hbm_pattern":""}]
SUMMARY op=add rows=2048 cols=16384 cores=32 tiles=0 lx=0 io_hbm_bytes=201326592 kernel_us=1753.259 pred_us=1727.382 err_pct=-1.5 bw_gbps=114.8 memset_us=1069.947 other_dev_us=5740.397 total_dev_us=8563.603
-- add3 [2048,16384] lx=0
  op_it_space_splits={d0: 32, d1: 1}
  op_it_space_splits={d0: 32, d1: 1}
IO -- device-layout I/O (cost model, stick-padded) --
IO   op add
IO     output op0                    torch [2048, 16384] -> device [256, 2048, 64] in HBM = 33554432 elems x 2B = 67108864 B  (hbm counted: 67108864 B)
IO     input  arg0_1                 torch [2048, 16384] -> device [256, 2048, 64] in HBM = 33554432 elems x 2B = 67108864 B  (hbm counted: 67108864 B)
IO     input  arg1_1                 torch [2048, 16384] -> device [256, 2048, 64] in HBM = 33554432 elems x 2B = 67108864 B  (hbm counted: 67108864 B)
IO   op add_1
IO     output op1                    torch [2048, 16384] -> device [256, 2048, 64] in HBM = 33554432 elems x 2B = 67108864 B  (hbm counted: 67108864 B)
IO     input  buf0                   torch [2048, 16384] -> device [256, 2048, 64] in HBM = 33554432 elems x 2B = 67108864 B  (hbm counted: 67108864 B)
IO     input  arg2_1                 torch [2048, 16384] -> device [256, 2048, 64] in HBM = 33554432 elems x 2B = 67108864 B  (hbm counted: 67108864 B)
IO   => HBM I/O total = 402653184 B  (lx 0 B, ~free)
MODEL -- estimate (turnaround): T = (R+W)/BW_PEAK + a*min(R,W) --
MODEL   R=268435456 B (read)   W=134217728 B (write)   loop_trip L=1
MODEL   base = (R+W)/150 = 2684.35 us
MODEL   turn = a*min(R,W) = 0.00574*134217728 = 770.41 us
MODEL   => T_model = 3713.87 us
MODEL FEATS [{"name":"add","is_reduction":false,"out_elems":33554432,"cores":32,"dtype_bytes":2,"args":[{"name":"op0","role":"output","mem":"hbm","elems":33554432,"broadcast":false,"dims":[256,2048,64],"logical":[2048,16384],"loop_factor":1},{"name":"arg0_1","role":"input","mem":"hbm","elems":33554432,"broadcast":false,"dims":[256,2048,64],"logical":[2048,16384],"loop_factor":1},{"name":"arg1_1","role":"input","mem":"hbm","elems":33554432,"broadcast":false,"dims":[256,2048,64],"logical":[2048,16384],"loop_factor":1}],"reduction_cores":1,"loop_trip":1,"tiles_output_dim":false,"tile_rows_per_core":0.0,"is_matmul":false,"matmul_macs":0,"matmul_rows_per_core":0.0,"matmul_cols_per_core":0.0,"matmul_a_bytes":0,"matmul_b_bytes":0,"matmul_m_split":1,"matmul_n_split":1,"hbm_pattern":""},{"name":"add_1","is_reduction":false,"out_elems":33554432,"cores":32,"dtype_bytes":2,"args":[{"name":"op1","role":"output","mem":"hbm","elems":33554432,"broadcast":false,"dims":[256,2048,64],"logical":[2048,16384],"loop_factor":1},{"name":"buf0","role":"input","mem":"hbm","elems":33554432,"broadcast":false,"dims":[256,2048,64],"logical":[2048,16384],"loop_factor":1},{"name":"arg2_1","role":"input","mem":"hbm","elems":33554432,"broadcast":false,"dims":[256,2048,64],"logical":[2048,16384],"loop_factor":1}],"reduction_cores":1,"loop_trip":1,"tiles_output_dim":false,"tile_rows_per_core":0.0,"is_matmul":false,"matmul_macs":0,"matmul_rows_per_core":0.0,"matmul_cols_per_core":0.0,"matmul_a_bytes":0,"matmul_b_bytes":0,"matmul_m_split":1,"matmul_n_split":1,"hbm_pattern":""}]
SUMMARY op=add3 rows=2048 cols=16384 cores=32 tiles=0 lx=0 io_hbm_bytes=402653184 kernel_us=3724.027 pred_us=3713.872 err_pct=-0.3 bw_gbps=108.1 memset_us=1086.097 other_dev_us=5858.391 total_dev_us=10668.515
-- add4 [2048,16384] lx=0
  op_it_space_splits={d0: 32, d1: 1}
  op_it_space_splits={d0: 32, d1: 1}
  op_it_space_splits={d0: 32, d1: 1}
IO -- device-layout I/O (cost model, stick-padded) --
IO   op add
IO     output op0                    torch [2048, 16384] -> device [256, 2048, 64] in HBM = 33554432 elems x 2B = 67108864 B  (hbm counted: 67108864 B)
IO     input  arg0_1                 torch [2048, 16384] -> device [256, 2048, 64] in HBM = 33554432 elems x 2B = 67108864 B  (hbm counted: 67108864 B)
IO     input  arg1_1                 torch [2048, 16384] -> device [256, 2048, 64] in HBM = 33554432 elems x 2B = 67108864 B  (hbm counted: 67108864 B)
IO   op add_1
IO     output op1                    torch [2048, 16384] -> device [256, 2048, 64] in HBM = 33554432 elems x 2B = 67108864 B  (hbm counted: 67108864 B)
IO     input  buf0                   torch [2048, 16384] -> device [256, 2048, 64] in HBM = 33554432 elems x 2B = 67108864 B  (hbm counted: 67108864 B)
IO     input  arg2_1                 torch [2048, 16384] -> device [256, 2048, 64] in HBM = 33554432 elems x 2B = 67108864 B  (hbm counted: 67108864 B)
IO   op add_2
IO     output op2                    torch [2048, 16384] -> device [256, 2048, 64] in HBM = 33554432 elems x 2B = 67108864 B  (hbm counted: 67108864 B)
IO     input  buf1                   torch [2048, 16384] -> device [256, 2048, 64] in HBM = 33554432 elems x 2B = 67108864 B  (hbm counted: 67108864 B)
IO     input  arg3_1                 torch [2048, 16384] -> device [256, 2048, 64] in HBM = 33554432 elems x 2B = 67108864 B  (hbm counted: 67108864 B)
IO   => HBM I/O total = 603979776 B  (lx 0 B, ~free)
MODEL -- estimate (turnaround): T = (R+W)/BW_PEAK + a*min(R,W) --
MODEL   R=402653184 B (read)   W=201326592 B (write)   loop_trip L=1
MODEL   base = (R+W)/150 = 4026.53 us
MODEL   turn = a*min(R,W) = 0.00574*201326592 = 1155.61 us
MODEL   => T_model = 5959.47 us
MODEL FEATS [{"name":"add","is_reduction":false,"out_elems":33554432,"cores":32,"dtype_bytes":2,"args":[{"name":"op0","role":"output","mem":"hbm","elems":33554432,"broadcast":false,"dims":[256,2048,64],"logical":[2048,16384],"loop_factor":1},{"name":"arg0_1","role":"input","mem":"hbm","elems":33554432,"broadcast":false,"dims":[256,2048,64],"logical":[2048,16384],"loop_factor":1},{"name":"arg1_1","role":"input","mem":"hbm","elems":33554432,"broadcast":false,"dims":[256,2048,64],"logical":[2048,16384],"loop_factor":1}],"reduction_cores":1,"loop_trip":1,"tiles_output_dim":false,"tile_rows_per_core":0.0,"is_matmul":false,"matmul_macs":0,"matmul_rows_per_core":0.0,"matmul_cols_per_core":0.0,"matmul_a_bytes":0,"matmul_b_bytes":0,"matmul_m_split":1,"matmul_n_split":1,"hbm_pattern":""},{"name":"add_1","is_reduction":false,"out_elems":33554432,"cores":32,"dtype_bytes":2,"args":[{"name":"op1","role":"output","mem":"hbm","elems":33554432,"broadcast":false,"dims":[256,2048,64],"logical":[2048,16384],"loop_factor":1},{"name":"buf0","role":"input","mem":"hbm","elems":33554432,"broadcast":false,"dims":[256,2048,64],"logical":[2048,16384],"loop_factor":1},{"name":"arg2_1","role":"input","mem":"hbm","elems":33554432,"broadcast":false,"dims":[256,2048,64],"logical":[2048,16384],"loop_factor":1}],"reduction_cores":1,"loop_trip":1,"tiles_output_dim":false,"tile_rows_per_core":0.0,"is_matmul":false,"matmul_macs":0,"matmul_rows_per_core":0.0,"matmul_cols_per_core":0.0,"matmul_a_bytes":0,"matmul_b_bytes":0,"matmul_m_split":1,"matmul_n_split":1,"hbm_pattern":""},{"name":"add_2","is_reduction":false,"out_elems":33554432,"cores":32,"dtype_bytes":2,"args":[{"name":"op2","role":"output","mem":"hbm","elems":33554432,"broadcast":false,"dims":[256,2048,64],"logical":[2048,16384],"loop_factor":1},{"name":"buf1","role":"input","mem":"hbm","elems":33554432,"broadcast":false,"dims":[256,2048,64],"logical":[2048,16384],"loop_factor":1},{"name":"arg3_1","role":"input","mem":"hbm","elems":33554432,"broadcast":false,"dims":[256,2048,64],"logical":[2048,16384],"loop_factor":1}],"reduction_cores":1,"loop_trip":1,"tiles_output_dim":false,"tile_rows_per_core":0.0,"is_matmul":false,"matmul_macs":0,"matmul_rows_per_core":0.0,"matmul_cols_per_core":0.0,"matmul_a_bytes":0,"matmul_b_bytes":0,"matmul_m_split":1,"matmul_n_split":1,"hbm_pattern":""}]
SUMMARY op=add4 rows=2048 cols=16384 cores=32 tiles=0 lx=0 io_hbm_bytes=603979776 kernel_us=6122.963 pred_us=5959.468 err_pct=-2.7 bw_gbps=98.6 memset_us=1062.331 other_dev_us=6030.749 total_dev_us=13216.043
-- add5 [2048,16384] lx=0
  op_it_space_splits={d0: 32, d1: 1}
  op_it_space_splits={d0: 32, d1: 1}
  op_it_space_splits={d0: 32, d1: 1}
  op_it_space_splits={d0: 32, d1: 1}
IO -- device-layout I/O (cost model, stick-padded) --
IO   op add
IO     output op0                    torch [2048, 16384] -> device [256, 2048, 64] in HBM = 33554432 elems x 2B = 67108864 B  (hbm counted: 67108864 B)
IO     input  arg0_1                 torch [2048, 16384] -> device [256, 2048, 64] in HBM = 33554432 elems x 2B = 67108864 B  (hbm counted: 67108864 B)
IO     input  arg1_1                 torch [2048, 16384] -> device [256, 2048, 64] in HBM = 33554432 elems x 2B = 67108864 B  (hbm counted: 67108864 B)
IO   op add_1
IO     output op1                    torch [2048, 16384] -> device [256, 2048, 64] in HBM = 33554432 elems x 2B = 67108864 B  (hbm counted: 67108864 B)
IO     input  buf0                   torch [2048, 16384] -> device [256, 2048, 64] in HBM = 33554432 elems x 2B = 67108864 B  (hbm counted: 67108864 B)
IO     input  arg2_1                 torch [2048, 16384] -> device [256, 2048, 64] in HBM = 33554432 elems x 2B = 67108864 B  (hbm counted: 67108864 B)
IO   op add_2
IO     output op2                    torch [2048, 16384] -> device [256, 2048, 64] in HBM = 33554432 elems x 2B = 67108864 B  (hbm counted: 67108864 B)
IO     input  buf1                   torch [2048, 16384] -> device [256, 2048, 64] in HBM = 33554432 elems x 2B = 67108864 B  (hbm counted: 67108864 B)
IO     input  arg3_1                 torch [2048, 16384] -> device [256, 2048, 64] in HBM = 33554432 elems x 2B = 67108864 B  (hbm counted: 67108864 B)
IO   op add_3
IO     output op3                    torch [2048, 16384] -> device [256, 2048, 64] in HBM = 33554432 elems x 2B = 67108864 B  (hbm counted: 67108864 B)
IO     input  buf2                   torch [2048, 16384] -> device [256, 2048, 64] in HBM = 33554432 elems x 2B = 67108864 B  (hbm counted: 67108864 B)
IO     input  arg4_1                 torch [2048, 16384] -> device [256, 2048, 64] in HBM = 33554432 elems x 2B = 67108864 B  (hbm counted: 67108864 B)
IO   => HBM I/O total = 805306368 B  (lx 0 B, ~free)
MODEL -- estimate (turnaround): T = (R+W)/BW_PEAK + a*min(R,W) --
MODEL   R=536870912 B (read)   W=268435456 B (write)   loop_trip L=1
MODEL   base = (R+W)/150 = 5368.71 us
MODEL   turn = a*min(R,W) = 0.00574*268435456 = 1540.82 us
MODEL   => T_model = 8464.17 us
MODEL FEATS [{"name":"add","is_reduction":false,"out_elems":33554432,"cores":32,"dtype_bytes":2,"args":[{"name":"op0","role":"output","mem":"hbm","elems":33554432,"broadcast":false,"dims":[256,2048,64],"logical":[2048,16384],"loop_factor":1},{"name":"arg0_1","role":"input","mem":"hbm","elems":33554432,"broadcast":false,"dims":[256,2048,64],"logical":[2048,16384],"loop_factor":1},{"name":"arg1_1","role":"input","mem":"hbm","elems":33554432,"broadcast":false,"dims":[256,2048,64],"logical":[2048,16384],"loop_factor":1}],"reduction_cores":1,"loop_trip":1,"tiles_output_dim":false,"tile_rows_per_core":0.0,"is_matmul":false,"matmul_macs":0,"matmul_rows_per_core":0.0,"matmul_cols_per_core":0.0,"matmul_a_bytes":0,"matmul_b_bytes":0,"matmul_m_split":1,"matmul_n_split":1,"hbm_pattern":""},{"name":"add_1","is_reduction":false,"out_elems":33554432,"cores":32,"dtype_bytes":2,"args":[{"name":"op1","role":"output","mem":"hbm","elems":33554432,"broadcast":false,"dims":[256,2048,64],"logical":[2048,16384],"loop_factor":1},{"name":"buf0","role":"input","mem":"hbm","elems":33554432,"broadcast":false,"dims":[256,2048,64],"logical":[2048,16384],"loop_factor":1},{"name":"arg2_1","role":"input","mem":"hbm","elems":33554432,"broadcast":false,"dims":[256,2048,64],"logical":[2048,16384],"loop_factor":1}],"reduction_cores":1,"loop_trip":1,"tiles_output_dim":false,"tile_rows_per_core":0.0,"is_matmul":false,"matmul_macs":0,"matmul_rows_per_core":0.0,"matmul_cols_per_core":0.0,"matmul_a_bytes":0,"matmul_b_bytes":0,"matmul_m_split":1,"matmul_n_split":1,"hbm_pattern":""},{"name":"add_2","is_reduction":false,"out_elems":33554432,"cores":32,"dtype_bytes":2,"args":[{"name":"op2","role":"output","mem":"hbm","elems":33554432,"broadcast":false,"dims":[256,2048,64],"logical":[2048,16384],"loop_factor":1},{"name":"buf1","role":"input","mem":"hbm","elems":33554432,"broadcast":false,"dims":[256,2048,64],"logical":[2048,16384],"loop_factor":1},{"name":"arg3_1","role":"input","mem":"hbm","elems":33554432,"broadcast":false,"dims":[256,2048,64],"logical":[2048,16384],"loop_factor":1}],"reduction_cores":1,"loop_trip":1,"tiles_output_dim":false,"tile_rows_per_core":0.0,"is_matmul":false,"matmul_macs":0,"matmul_rows_per_core":0.0,"matmul_cols_per_core":0.0,"matmul_a_bytes":0,"matmul_b_bytes":0,"matmul_m_split":1,"matmul_n_split":1,"hbm_pattern":""},{"name":"add_3","is_reduction":false,"out_elems":33554432,"cores":32,"dtype_bytes":2,"args":[{"name":"op3","role":"output","mem":"hbm","elems":33554432,"broadcast":false,"dims":[256,2048,64],"logical":[2048,16384],"loop_factor":1},{"name":"buf2","role":"input","mem":"hbm","elems":33554432,"broadcast":false,"dims":[256,2048,64],"logical":[2048,16384],"loop_factor":1},{"name":"arg4_1","role":"input","mem":"hbm","elems":33554432,"broadcast":false,"dims":[256,2048,64],"logical":[2048,16384],"loop_factor":1}],"reduction_cores":1,"loop_trip":1,"tiles_output_dim":false,"tile_rows_per_core":0.0,"is_matmul":false,"matmul_macs":0,"matmul_rows_per_core":0.0,"matmul_cols_per_core":0.0,"matmul_a_bytes":0,"matmul_b_bytes":0,"matmul_m_split":1,"matmul_n_split":1,"hbm_pattern":""}]
SUMMARY op=add5 rows=2048 cols=16384 cores=32 tiles=0 lx=0 io_hbm_bytes=805306368 kernel_us=8149.421 pred_us=8464.173 err_pct=+3.9 bw_gbps=98.8 memset_us=1078.172 other_dev_us=5965.626 total_dev_us=15193.219
-- add6 [2048,16384] lx=0
  op_it_space_splits={d0: 32, d1: 1}
  op_it_space_splits={d0: 32, d1: 1}
  op_it_space_splits={d0: 32, d1: 1}
  op_it_space_splits={d0: 32, d1: 1}
  op_it_space_splits={d0: 32, d1: 1}
IO -- device-layout I/O (cost model, stick-padded) --
IO   op add
IO     output op0                    torch [2048, 16384] -> device [256, 2048, 64] in HBM = 33554432 elems x 2B = 67108864 B  (hbm counted: 67108864 B)
IO     input  arg0_1                 torch [2048, 16384] -> device [256, 2048, 64] in HBM = 33554432 elems x 2B = 67108864 B  (hbm counted: 67108864 B)
IO     input  arg1_1                 torch [2048, 16384] -> device [256, 2048, 64] in HBM = 33554432 elems x 2B = 67108864 B  (hbm counted: 67108864 B)
IO   op add_1
IO     output op1                    torch [2048, 16384] -> device [256, 2048, 64] in HBM = 33554432 elems x 2B = 67108864 B  (hbm counted: 67108864 B)
IO     input  buf0                   torch [2048, 16384] -> device [256, 2048, 64] in HBM = 33554432 elems x 2B = 67108864 B  (hbm counted: 67108864 B)
IO     input  arg2_1                 torch [2048, 16384] -> device [256, 2048, 64] in HBM = 33554432 elems x 2B = 67108864 B  (hbm counted: 67108864 B)
IO   op add_2
IO     output op2                    torch [2048, 16384] -> device [256, 2048, 64] in HBM = 33554432 elems x 2B = 67108864 B  (hbm counted: 67108864 B)
IO     input  buf1                   torch [2048, 16384] -> device [256, 2048, 64] in HBM = 33554432 elems x 2B = 67108864 B  (hbm counted: 67108864 B)
IO     input  arg3_1                 torch [2048, 16384] -> device [256, 2048, 64] in HBM = 33554432 elems x 2B = 67108864 B  (hbm counted: 67108864 B)
IO   op add_3
IO     output op3                    torch [2048, 16384] -> device [256, 2048, 64] in HBM = 33554432 elems x 2B = 67108864 B  (hbm counted: 67108864 B)
IO     input  buf2                   torch [2048, 16384] -> device [256, 2048, 64] in HBM = 33554432 elems x 2B = 67108864 B  (hbm counted: 67108864 B)
IO     input  arg4_1                 torch [2048, 16384] -> device [256, 2048, 64] in HBM = 33554432 elems x 2B = 67108864 B  (hbm counted: 67108864 B)
IO   op add_4
IO     output op4                    torch [2048, 16384] -> device [256, 2048, 64] in HBM = 33554432 elems x 2B = 67108864 B  (hbm counted: 67108864 B)
IO     input  buf3                   torch [2048, 16384] -> device [256, 2048, 64] in HBM = 33554432 elems x 2B = 67108864 B  (hbm counted: 67108864 B)
IO     input  arg5_1                 torch [2048, 16384] -> device [256, 2048, 64] in HBM = 33554432 elems x 2B = 67108864 B  (hbm counted: 67108864 B)
IO   => HBM I/O total = 1006632960 B  (lx 0 B, ~free)
MODEL -- estimate (turnaround): T = (R+W)/BW_PEAK + a*min(R,W) --
MODEL   R=671088640 B (read)   W=335544320 B (write)   loop_trip L=1
MODEL   base = (R+W)/150 = 6710.89 us
MODEL   turn = a*min(R,W) = 0.00574*335544320 = 1926.02 us
MODEL   => T_model = 11227.98 us
MODEL FEATS [{"name":"add","is_reduction":false,"out_elems":33554432,"cores":32,"dtype_bytes":2,"args":[{"name":"op0","role":"output","mem":"hbm","elems":33554432,"broadcast":false,"dims":[256,2048,64],"logical":[2048,16384],"loop_factor":1},{"name":"arg0_1","role":"input","mem":"hbm","elems":33554432,"broadcast":false,"dims":[256,2048,64],"logical":[2048,16384],"loop_factor":1},{"name":"arg1_1","role":"input","mem":"hbm","elems":33554432,"broadcast":false,"dims":[256,2048,64],"logical":[2048,16384],"loop_factor":1}],"reduction_cores":1,"loop_trip":1,"tiles_output_dim":false,"tile_rows_per_core":0.0,"is_matmul":false,"matmul_macs":0,"matmul_rows_per_core":0.0,"matmul_cols_per_core":0.0,"matmul_a_bytes":0,"matmul_b_bytes":0,"matmul_m_split":1,"matmul_n_split":1,"hbm_pattern":""},{"name":"add_1","is_reduction":false,"out_elems":33554432,"cores":32,"dtype_bytes":2,"args":[{"name":"op1","role":"output","mem":"hbm","elems":33554432,"broadcast":false,"dims":[256,2048,64],"logical":[2048,16384],"loop_factor":1},{"name":"buf0","role":"input","mem":"hbm","elems":33554432,"broadcast":false,"dims":[256,2048,64],"logical":[2048,16384],"loop_factor":1},{"name":"arg2_1","role":"input","mem":"hbm","elems":33554432,"broadcast":false,"dims":[256,2048,64],"logical":[2048,16384],"loop_factor":1}],"reduction_cores":1,"loop_trip":1,"tiles_output_dim":false,"tile_rows_per_core":0.0,"is_matmul":false,"matmul_macs":0,"matmul_rows_per_core":0.0,"matmul_cols_per_core":0.0,"matmul_a_bytes":0,"matmul_b_bytes":0,"matmul_m_split":1,"matmul_n_split":1,"hbm_pattern":""},{"name":"add_2","is_reduction":false,"out_elems":33554432,"cores":32,"dtype_bytes":2,"args":[{"name":"op2","role":"output","mem":"hbm","elems":33554432,"broadcast":false,"dims":[256,2048,64],"logical":[2048,16384],"loop_factor":1},{"name":"buf1","role":"input","mem":"hbm","elems":33554432,"broadcast":false,"dims":[256,2048,64],"logical":[2048,16384],"loop_factor":1},{"name":"arg3_1","role":"input","mem":"hbm","elems":33554432,"broadcast":false,"dims":[256,2048,64],"logical":[2048,16384],"loop_factor":1}],"reduction_cores":1,"loop_trip":1,"tiles_output_dim":false,"tile_rows_per_core":0.0,"is_matmul":false,"matmul_macs":0,"matmul_rows_per_core":0.0,"matmul_cols_per_core":0.0,"matmul_a_bytes":0,"matmul_b_bytes":0,"matmul_m_split":1,"matmul_n_split":1,"hbm_pattern":""},{"name":"add_3","is_reduction":false,"out_elems":33554432,"cores":32,"dtype_bytes":2,"args":[{"name":"op3","role":"output","mem":"hbm","elems":33554432,"broadcast":false,"dims":[256,2048,64],"logical":[2048,16384],"loop_factor":1},{"name":"buf2","role":"input","mem":"hbm","elems":33554432,"broadcast":false,"dims":[256,2048,64],"logical":[2048,16384],"loop_factor":1},{"name":"arg4_1","role":"input","mem":"hbm","elems":33554432,"broadcast":false,"dims":[256,2048,64],"logical":[2048,16384],"loop_factor":1}],"reduction_cores":1,"loop_trip":1,"tiles_output_dim":false,"tile_rows_per_core":0.0,"is_matmul":false,"matmul_macs":0,"matmul_rows_per_core":0.0,"matmul_cols_per_core":0.0,"matmul_a_bytes":0,"matmul_b_bytes":0,"matmul_m_split":1,"matmul_n_split":1,"hbm_pattern":""},{"name":"add_4","is_reduction":false,"out_elems":33554432,"cores":32,"dtype_bytes":2,"args":[{"name":"op4","role":"output","mem":"hbm","elems":33554432,"broadcast":false,"dims":[256,2048,64],"logical":[2048,16384],"loop_factor":1},{"name":"buf3","role":"input","mem":"hbm","elems":33554432,"broadcast":false,"dims":[256,2048,64],"logical":[2048,16384],"loop_factor":1},{"name":"arg5_1","role":"input","mem":"hbm","elems":33554432,"broadcast":false,"dims":[256,2048,64],"logical":[2048,16384],"loop_factor":1}],"reduction_cores":1,"loop_trip":1,"tiles_output_dim":false,"tile_rows_per_core":0.0,"is_matmul":false,"matmul_macs":0,"matmul_rows_per_core":0.0,"matmul_cols_per_core":0.0,"matmul_a_bytes":0,"matmul_b_bytes":0,"matmul_m_split":1,"matmul_n_split":1,"hbm_pattern":""}]
SUMMARY op=add6 rows=2048 cols=16384 cores=32 tiles=0 lx=0 io_hbm_bytes=1006632960 kernel_us=10207.546 pred_us=11227.984 err_pct=+10.0 bw_gbps=98.6 memset_us=1088.302 other_dev_us=6263.371 total_dev_us=17559.219
-- add3_sep [2048,16384] lx=0
  op_it_space_splits={d0: 32, d1: 1}
IO -- device-layout I/O (cost model, stick-padded) --
IO   op add
IO     output op0                    torch [2048, 16384] -> device [256, 2048, 64] in HBM = 33554432 elems x 2B = 67108864 B  (hbm counted: 67108864 B)
IO     input  arg0_1                 torch [2048, 16384] -> device [256, 2048, 64] in HBM = 33554432 elems x 2B = 67108864 B  (hbm counted: 67108864 B)
IO     input  arg1_1                 torch [2048, 16384] -> device [256, 2048, 64] in HBM = 33554432 elems x 2B = 67108864 B  (hbm counted: 67108864 B)
IO   => HBM I/O total = 201326592 B  (lx 0 B, ~free)
MODEL -- estimate (turnaround): T = (R+W)/BW_PEAK + a*min(R,W) --
MODEL   R=134217728 B (read)   W=67108864 B (write)   loop_trip L=1
MODEL   base = (R+W)/150 = 1342.18 us
MODEL   turn = a*min(R,W) = 0.00574*67108864 = 385.20 us
MODEL   => T_model = 1727.38 us
MODEL FEATS [{"name":"add","is_reduction":false,"out_elems":33554432,"cores":32,"dtype_bytes":2,"args":[{"name":"op0","role":"output","mem":"hbm","elems":33554432,"broadcast":false,"dims":[256,2048,64],"logical":[2048,16384],"loop_factor":1},{"name":"arg0_1","role":"input","mem":"hbm","elems":33554432,"broadcast":false,"dims":[256,2048,64],"logical":[2048,16384],"loop_factor":1},{"name":"arg1_1","role":"input","mem":"hbm","elems":33554432,"broadcast":false,"dims":[256,2048,64],"logical":[2048,16384],"loop_factor":1}],"reduction_cores":1,"loop_trip":1,"tiles_output_dim":false,"tile_rows_per_core":0.0,"is_matmul":false,"matmul_macs":0,"matmul_rows_per_core":0.0,"matmul_cols_per_core":0.0,"matmul_a_bytes":0,"matmul_b_bytes":0,"matmul_m_split":1,"matmul_n_split":1,"hbm_pattern":""}]
SUMMARY op=add3_sep rows=2048 cols=16384 cores=32 tiles=0 lx=0 io_hbm_bytes=201326592 kernel_us=3738.328 pred_us=1727.382 err_pct=-53.8 bw_gbps=53.9 memset_us=1131.734 other_dev_us=5480.161 total_dev_us=10350.223
-- add4_sep [2048,16384] lx=0
  op_it_space_splits={d0: 32, d1: 1}
IO -- device-layout I/O (cost model, stick-padded) --
IO   op add
IO     output op0                    torch [2048, 16384] -> device [256, 2048, 64] in HBM = 33554432 elems x 2B = 67108864 B  (hbm counted: 67108864 B)
IO     input  arg0_1                 torch [2048, 16384] -> device [256, 2048, 64] in HBM = 33554432 elems x 2B = 67108864 B  (hbm counted: 67108864 B)
IO     input  arg1_1                 torch [2048, 16384] -> device [256, 2048, 64] in HBM = 33554432 elems x 2B = 67108864 B  (hbm counted: 67108864 B)
IO   => HBM I/O total = 201326592 B  (lx 0 B, ~free)
MODEL -- estimate (turnaround): T = (R+W)/BW_PEAK + a*min(R,W) --
MODEL   R=134217728 B (read)   W=67108864 B (write)   loop_trip L=1
MODEL   base = (R+W)/150 = 1342.18 us
MODEL   turn = a*min(R,W) = 0.00574*67108864 = 385.20 us
MODEL   => T_model = 1727.38 us
MODEL FEATS [{"name":"add","is_reduction":false,"out_elems":33554432,"cores":32,"dtype_bytes":2,"args":[{"name":"op0","role":"output","mem":"hbm","elems":33554432,"broadcast":false,"dims":[256,2048,64],"logical":[2048,16384],"loop_factor":1},{"name":"arg0_1","role":"input","mem":"hbm","elems":33554432,"broadcast":false,"dims":[256,2048,64],"logical":[2048,16384],"loop_factor":1},{"name":"arg1_1","role":"input","mem":"hbm","elems":33554432,"broadcast":false,"dims":[256,2048,64],"logical":[2048,16384],"loop_factor":1}],"reduction_cores":1,"loop_trip":1,"tiles_output_dim":false,"tile_rows_per_core":0.0,"is_matmul":false,"matmul_macs":0,"matmul_rows_per_core":0.0,"matmul_cols_per_core":0.0,"matmul_a_bytes":0,"matmul_b_bytes":0,"matmul_m_split":1,"matmul_n_split":1,"hbm_pattern":""}]
SUMMARY op=add4_sep rows=2048 cols=16384 cores=32 tiles=0 lx=0 io_hbm_bytes=201326592 kernel_us=5536.664 pred_us=1727.382 err_pct=-68.8 bw_gbps=36.4 memset_us=1107.686 other_dev_us=5859.607 total_dev_us=12503.957
-- add5_sep [2048,16384] lx=0
  op_it_space_splits={d0: 32, d1: 1}
IO -- device-layout I/O (cost model, stick-padded) --
IO   op add
IO     output op0                    torch [2048, 16384] -> device [256, 2048, 64] in HBM = 33554432 elems x 2B = 67108864 B  (hbm counted: 67108864 B)
IO     input  arg0_1                 torch [2048, 16384] -> device [256, 2048, 64] in HBM = 33554432 elems x 2B = 67108864 B  (hbm counted: 67108864 B)
IO     input  arg1_1                 torch [2048, 16384] -> device [256, 2048, 64] in HBM = 33554432 elems x 2B = 67108864 B  (hbm counted: 67108864 B)
IO   => HBM I/O total = 201326592 B  (lx 0 B, ~free)
MODEL -- estimate (turnaround): T = (R+W)/BW_PEAK + a*min(R,W) --
MODEL   R=134217728 B (read)   W=67108864 B (write)   loop_trip L=1
MODEL   base = (R+W)/150 = 1342.18 us
MODEL   turn = a*min(R,W) = 0.00574*67108864 = 385.20 us
MODEL   => T_model = 1727.38 us
MODEL FEATS [{"name":"add","is_reduction":false,"out_elems":33554432,"cores":32,"dtype_bytes":2,"args":[{"name":"op0","role":"output","mem":"hbm","elems":33554432,"broadcast":false,"dims":[256,2048,64],"logical":[2048,16384],"loop_factor":1},{"name":"arg0_1","role":"input","mem":"hbm","elems":33554432,"broadcast":false,"dims":[256,2048,64],"logical":[2048,16384],"loop_factor":1},{"name":"arg1_1","role":"input","mem":"hbm","elems":33554432,"broadcast":false,"dims":[256,2048,64],"logical":[2048,16384],"loop_factor":1}],"reduction_cores":1,"loop_trip":1,"tiles_output_dim":false,"tile_rows_per_core":0.0,"is_matmul":false,"matmul_macs":0,"matmul_rows_per_core":0.0,"matmul_cols_per_core":0.0,"matmul_a_bytes":0,"matmul_b_bytes":0,"matmul_m_split":1,"matmul_n_split":1,"hbm_pattern":""}]
SUMMARY op=add5_sep rows=2048 cols=16384 cores=32 tiles=0 lx=0 io_hbm_bytes=201326592 kernel_us=8163.157 pred_us=1727.382 err_pct=-78.8 bw_gbps=24.7 memset_us=1048.990 other_dev_us=6100.914 total_dev_us=15313.061
-- add6_sep [2048,16384] lx=0
  op_it_space_splits={d0: 32, d1: 1}
IO -- device-layout I/O (cost model, stick-padded) --
IO   op add
IO     output op0                    torch [2048, 16384] -> device [256, 2048, 64] in HBM = 33554432 elems x 2B = 67108864 B  (hbm counted: 67108864 B)
IO     input  arg0_1                 torch [2048, 16384] -> device [256, 2048, 64] in HBM = 33554432 elems x 2B = 67108864 B  (hbm counted: 67108864 B)
IO     input  arg1_1                 torch [2048, 16384] -> device [256, 2048, 64] in HBM = 33554432 elems x 2B = 67108864 B  (hbm counted: 67108864 B)
IO   => HBM I/O total = 201326592 B  (lx 0 B, ~free)
MODEL -- estimate (turnaround): T = (R+W)/BW_PEAK + a*min(R,W) --
MODEL   R=134217728 B (read)   W=67108864 B (write)   loop_trip L=1
MODEL   base = (R+W)/150 = 1342.18 us
MODEL   turn = a*min(R,W) = 0.00574*67108864 = 385.20 us
MODEL   => T_model = 1727.38 us
MODEL FEATS [{"name":"add","is_reduction":false,"out_elems":33554432,"cores":32,"dtype_bytes":2,"args":[{"name":"op0","role":"output","mem":"hbm","elems":33554432,"broadcast":false,"dims":[256,2048,64],"logical":[2048,16384],"loop_factor":1},{"name":"arg0_1","role":"input","mem":"hbm","elems":33554432,"broadcast":false,"dims":[256,2048,64],"logical":[2048,16384],"loop_factor":1},{"name":"arg1_1","role":"input","mem":"hbm","elems":33554432,"broadcast":false,"dims":[256,2048,64],"logical":[2048,16384],"loop_factor":1}],"reduction_cores":1,"loop_trip":1,"tiles_output_dim":false,"tile_rows_per_core":0.0,"is_matmul":false,"matmul_macs":0,"matmul_rows_per_core":0.0,"matmul_cols_per_core":0.0,"matmul_a_bytes":0,"matmul_b_bytes":0,"matmul_m_split":1,"matmul_n_split":1,"hbm_pattern":""}]
SUMMARY op=add6_sep rows=2048 cols=16384 cores=32 tiles=0 lx=0 io_hbm_bytes=201326592 kernel_us=10202.374 pred_us=1727.382 err_pct=-83.1 bw_gbps=19.7 memset_us=1133.127 other_dev_us=5714.754 total_dev_us=17050.255
-- add_indep2 [2048,16384] lx=0
  op_it_space_splits={d0: 32, d1: 1}
  op_it_space_splits={d0: 32, d1: 1}
IO -- device-layout I/O (cost model, stick-padded) --
IO   op add
IO     output op0                    torch [2048, 16384] -> device [256, 2048, 64] in HBM = 33554432 elems x 2B = 67108864 B  (hbm counted: 67108864 B)
IO     input  arg0_1                 torch [2048, 16384] -> device [256, 2048, 64] in HBM = 33554432 elems x 2B = 67108864 B  (hbm counted: 67108864 B)
IO     input  arg1_1                 torch [2048, 16384] -> device [256, 2048, 64] in HBM = 33554432 elems x 2B = 67108864 B  (hbm counted: 67108864 B)
IO   op add_1
IO     output op1                    torch [2048, 16384] -> device [256, 2048, 64] in HBM = 33554432 elems x 2B = 67108864 B  (hbm counted: 67108864 B)
IO     input  arg2_1                 torch [2048, 16384] -> device [256, 2048, 64] in HBM = 33554432 elems x 2B = 67108864 B  (hbm counted: 67108864 B)
IO     input  arg3_1                 torch [2048, 16384] -> device [256, 2048, 64] in HBM = 33554432 elems x 2B = 67108864 B  (hbm counted: 67108864 B)
IO   => HBM I/O total = 402653184 B  (lx 0 B, ~free)
MODEL -- estimate (turnaround): T = (R+W)/BW_PEAK + a*min(R,W) --
MODEL   R=268435456 B (read)   W=134217728 B (write)   loop_trip L=1
MODEL   base = (R+W)/150 = 2684.35 us
MODEL   turn = a*min(R,W) = 0.00574*134217728 = 770.41 us
MODEL   => T_model = 3713.87 us
MODEL FEATS [{"name":"add","is_reduction":false,"out_elems":33554432,"cores":32,"dtype_bytes":2,"args":[{"name":"op0","role":"output","mem":"hbm","elems":33554432,"broadcast":false,"dims":[256,2048,64],"logical":[2048,16384],"loop_factor":1},{"name":"arg0_1","role":"input","mem":"hbm","elems":33554432,"broadcast":false,"dims":[256,2048,64],"logical":[2048,16384],"loop_factor":1},{"name":"arg1_1","role":"input","mem":"hbm","elems":33554432,"broadcast":false,"dims":[256,2048,64],"logical":[2048,16384],"loop_factor":1}],"reduction_cores":1,"loop_trip":1,"tiles_output_dim":false,"tile_rows_per_core":0.0,"is_matmul":false,"matmul_macs":0,"matmul_rows_per_core":0.0,"matmul_cols_per_core":0.0,"matmul_a_bytes":0,"matmul_b_bytes":0,"matmul_m_split":1,"matmul_n_split":1,"hbm_pattern":""},{"name":"add_1","is_reduction":false,"out_elems":33554432,"cores":32,"dtype_bytes":2,"args":[{"name":"op1","role":"output","mem":"hbm","elems":33554432,"broadcast":false,"dims":[256,2048,64],"logical":[2048,16384],"loop_factor":1},{"name":"arg2_1","role":"input","mem":"hbm","elems":33554432,"broadcast":false,"dims":[256,2048,64],"logical":[2048,16384],"loop_factor":1},{"name":"arg3_1","role":"input","mem":"hbm","elems":33554432,"broadcast":false,"dims":[256,2048,64],"logical":[2048,16384],"loop_factor":1}],"reduction_cores":1,"loop_trip":1,"tiles_output_dim":false,"tile_rows_per_core":0.0,"is_matmul":false,"matmul_macs":0,"matmul_rows_per_core":0.0,"matmul_cols_per_core":0.0,"matmul_a_bytes":0,"matmul_b_bytes":0,"matmul_m_split":1,"matmul_n_split":1,"hbm_pattern":""}]
SUMMARY op=add_indep2 rows=2048 cols=16384 cores=32 tiles=0 lx=0 io_hbm_bytes=402653184 kernel_us=3500.951 pred_us=3713.872 err_pct=+6.1 bw_gbps=115.0 memset_us=2135.337 other_dev_us=11526.640 total_dev_us=17162.928
-- add [2048,4096] lx=1
  op_it_space_splits={d0: 32, d1: 1}
IO -- device-layout I/O (cost model, stick-padded) --
IO   op add
IO     output op0                    torch [2048, 4096] -> device [64, 2048, 64] in HBM = 8388608 elems x 2B = 16777216 B  (hbm counted: 16777216 B)
IO     input  arg0_1                 torch [2048, 4096] -> device [64, 2048, 64] in HBM = 8388608 elems x 2B = 16777216 B  (hbm counted: 16777216 B)
IO     input  arg1_1                 torch [2048, 4096] -> device [64, 2048, 64] in HBM = 8388608 elems x 2B = 16777216 B  (hbm counted: 16777216 B)
IO   => HBM I/O total = 50331648 B  (lx 0 B, ~free)
MODEL -- estimate (turnaround): T = (R+W)/BW_PEAK + a*min(R,W) --
MODEL   R=33554432 B (read)   W=16777216 B (write)   loop_trip L=1
MODEL   base = (R+W)/150 = 335.54 us
MODEL   turn = a*min(R,W) = 0.00574*16777216 = 96.30 us
MODEL   => T_model = 431.85 us
MODEL FEATS [{"name":"add","is_reduction":false,"out_elems":8388608,"cores":32,"dtype_bytes":2,"args":[{"name":"op0","role":"output","mem":"hbm","elems":8388608,"broadcast":false,"dims":[64,2048,64],"logical":[2048,4096],"loop_factor":1},{"name":"arg0_1","role":"input","mem":"hbm","elems":8388608,"broadcast":false,"dims":[64,2048,64],"logical":[2048,4096],"loop_factor":1},{"name":"arg1_1","role":"input","mem":"hbm","elems":8388608,"broadcast":false,"dims":[64,2048,64],"logical":[2048,4096],"loop_factor":1}],"reduction_cores":1,"loop_trip":1,"tiles_output_dim":false,"tile_rows_per_core":0.0,"is_matmul":false,"matmul_macs":0,"matmul_rows_per_core":0.0,"matmul_cols_per_core":0.0,"matmul_a_bytes":0,"matmul_b_bytes":0,"matmul_m_split":1,"matmul_n_split":1,"hbm_pattern":""}]
SUMMARY op=add rows=2048 cols=4096 cores=32 tiles=0 lx=1 io_hbm_bytes=50331648 kernel_us=438.272 pred_us=431.846 err_pct=-1.5 bw_gbps=114.8 memset_us=309.177 other_dev_us=905.765 total_dev_us=1653.214
-- add3 [2048,4096] lx=1
  op_it_space_splits={d0: 32, d1: 1}
  op_it_space_splits={d0: 32, d1: 1}
IO -- device-layout I/O (cost model, stick-padded) --
IO   op add
IO     output op0                    torch [2048, 4096] -> device [64, 2048, 64] in LX = 8388608 elems x 2B = 16777216 B  (hbm counted: 0 B)
IO     input  arg0_1                 torch [2048, 4096] -> device [64, 2048, 64] in HBM = 8388608 elems x 2B = 16777216 B  (hbm counted: 16777216 B)
IO     input  arg1_1                 torch [2048, 4096] -> device [64, 2048, 64] in HBM = 8388608 elems x 2B = 16777216 B  (hbm counted: 16777216 B)
IO   op add_1
IO     output op1                    torch [2048, 4096] -> device [64, 2048, 64] in HBM = 8388608 elems x 2B = 16777216 B  (hbm counted: 16777216 B)
IO     input  buf0                   torch [2048, 4096] -> device [64, 2048, 64] in LX = 8388608 elems x 2B = 16777216 B  (hbm counted: 0 B)
IO     input  arg2_1                 torch [2048, 4096] -> device [64, 2048, 64] in HBM = 8388608 elems x 2B = 16777216 B  (hbm counted: 16777216 B)
IO   => HBM I/O total = 67108864 B  (lx 33554432 B, ~free)
MODEL -- estimate (turnaround): T = (R+W)/BW_PEAK + a*min(R,W) --
MODEL   R=50331648 B (read)   W=16777216 B (write)   loop_trip L=1
MODEL   base = (R+W)/150 = 447.39 us
MODEL   turn = a*min(R,W) = 0.00574*16777216 = 96.30 us
MODEL   => T_model = 584.47 us
MODEL FEATS [{"name":"add","is_reduction":false,"out_elems":8388608,"cores":32,"dtype_bytes":2,"args":[{"name":"op0","role":"output","mem":"lx","elems":8388608,"broadcast":false,"dims":[64,2048,64],"logical":[2048,4096],"loop_factor":1},{"name":"arg0_1","role":"input","mem":"hbm","elems":8388608,"broadcast":false,"dims":[64,2048,64],"logical":[2048,4096],"loop_factor":1},{"name":"arg1_1","role":"input","mem":"hbm","elems":8388608,"broadcast":false,"dims":[64,2048,64],"logical":[2048,4096],"loop_factor":1}],"reduction_cores":1,"loop_trip":1,"tiles_output_dim":false,"tile_rows_per_core":0.0,"is_matmul":false,"matmul_macs":0,"matmul_rows_per_core":0.0,"matmul_cols_per_core":0.0,"matmul_a_bytes":0,"matmul_b_bytes":0,"matmul_m_split":1,"matmul_n_split":1,"hbm_pattern":""},{"name":"add_1","is_reduction":false,"out_elems":8388608,"cores":32,"dtype_bytes":2,"args":[{"name":"op1","role":"output","mem":"hbm","elems":8388608,"broadcast":false,"dims":[64,2048,64],"logical":[2048,4096],"loop_factor":1},{"name":"buf0","role":"input","mem":"lx","elems":8388608,"broadcast":false,"dims":[64,2048,64],"logical":[2048,4096],"loop_factor":1},{"name":"arg2_1","role":"input","mem":"hbm","elems":8388608,"broadcast":false,"dims":[64,2048,64],"logical":[2048,4096],"loop_factor":1}],"reduction_cores":1,"loop_trip":1,"tiles_output_dim":false,"tile_rows_per_core":0.0,"is_matmul":false,"matmul_macs":0,"matmul_rows_per_core":0.0,"matmul_cols_per_core":0.0,"matmul_a_bytes":0,"matmul_b_bytes":0,"matmul_m_split":1,"matmul_n_split":1,"hbm_pattern":""}]
SUMMARY op=add3 rows=2048 cols=4096 cores=32 tiles=0 lx=1 io_hbm_bytes=67108864 kernel_us=566.408 pred_us=584.471 err_pct=+3.2 bw_gbps=118.5 memset_us=266.778 other_dev_us=936.675 total_dev_us=1769.861
-- add4 [2048,4096] lx=1
  op_it_space_splits={d0: 32, d1: 1}
  op_it_space_splits={d0: 32, d1: 1}
  op_it_space_splits={d0: 32, d1: 1}
IO -- device-layout I/O (cost model, stick-padded) --
IO   op add
IO     output op0                    torch [2048, 4096] -> device [64, 2048, 64] in LX = 8388608 elems x 2B = 16777216 B  (hbm counted: 0 B)
IO     input  arg0_1                 torch [2048, 4096] -> device [64, 2048, 64] in HBM = 8388608 elems x 2B = 16777216 B  (hbm counted: 16777216 B)
IO     input  arg1_1                 torch [2048, 4096] -> device [64, 2048, 64] in HBM = 8388608 elems x 2B = 16777216 B  (hbm counted: 16777216 B)
IO   op add_1
IO     output op1                    torch [2048, 4096] -> device [64, 2048, 64] in LX = 8388608 elems x 2B = 16777216 B  (hbm counted: 0 B)
IO     input  buf0                   torch [2048, 4096] -> device [64, 2048, 64] in LX = 8388608 elems x 2B = 16777216 B  (hbm counted: 0 B)
IO     input  arg2_1                 torch [2048, 4096] -> device [64, 2048, 64] in HBM = 8388608 elems x 2B = 16777216 B  (hbm counted: 16777216 B)
IO   op add_2
IO     output op2                    torch [2048, 4096] -> device [64, 2048, 64] in HBM = 8388608 elems x 2B = 16777216 B  (hbm counted: 16777216 B)
IO     input  buf1                   torch [2048, 4096] -> device [64, 2048, 64] in LX = 8388608 elems x 2B = 16777216 B  (hbm counted: 0 B)
IO     input  arg3_1                 torch [2048, 4096] -> device [64, 2048, 64] in HBM = 8388608 elems x 2B = 16777216 B  (hbm counted: 16777216 B)
IO   => HBM I/O total = 83886080 B  (lx 67108864 B, ~free)
MODEL -- estimate (turnaround): T = (R+W)/BW_PEAK + a*min(R,W) --
MODEL   R=67108864 B (read)   W=16777216 B (write)   loop_trip L=1
MODEL   base = (R+W)/150 = 559.24 us
MODEL   turn = a*min(R,W) = 0.00574*16777216 = 96.30 us
MODEL   => T_model = 753.87 us
MODEL FEATS [{"name":"add","is_reduction":false,"out_elems":8388608,"cores":32,"dtype_bytes":2,"args":[{"name":"op0","role":"output","mem":"lx","elems":8388608,"broadcast":false,"dims":[64,2048,64],"logical":[2048,4096],"loop_factor":1},{"name":"arg0_1","role":"input","mem":"hbm","elems":8388608,"broadcast":false,"dims":[64,2048,64],"logical":[2048,4096],"loop_factor":1},{"name":"arg1_1","role":"input","mem":"hbm","elems":8388608,"broadcast":false,"dims":[64,2048,64],"logical":[2048,4096],"loop_factor":1}],"reduction_cores":1,"loop_trip":1,"tiles_output_dim":false,"tile_rows_per_core":0.0,"is_matmul":false,"matmul_macs":0,"matmul_rows_per_core":0.0,"matmul_cols_per_core":0.0,"matmul_a_bytes":0,"matmul_b_bytes":0,"matmul_m_split":1,"matmul_n_split":1,"hbm_pattern":""},{"name":"add_1","is_reduction":false,"out_elems":8388608,"cores":32,"dtype_bytes":2,"args":[{"name":"op1","role":"output","mem":"lx","elems":8388608,"broadcast":false,"dims":[64,2048,64],"logical":[2048,4096],"loop_factor":1},{"name":"buf0","role":"input","mem":"lx","elems":8388608,"broadcast":false,"dims":[64,2048,64],"logical":[2048,4096],"loop_factor":1},{"name":"arg2_1","role":"input","mem":"hbm","elems":8388608,"broadcast":false,"dims":[64,2048,64],"logical":[2048,4096],"loop_factor":1}],"reduction_cores":1,"loop_trip":1,"tiles_output_dim":false,"tile_rows_per_core":0.0,"is_matmul":false,"matmul_macs":0,"matmul_rows_per_core":0.0,"matmul_cols_per_core":0.0,"matmul_a_bytes":0,"matmul_b_bytes":0,"matmul_m_split":1,"matmul_n_split":1,"hbm_pattern":""},{"name":"add_2","is_reduction":false,"out_elems":8388608,"cores":32,"dtype_bytes":2,"args":[{"name":"op2","role":"output","mem":"hbm","elems":8388608,"broadcast":false,"dims":[64,2048,64],"logical":[2048,4096],"loop_factor":1},{"name":"buf1","role":"input","mem":"lx","elems":8388608,"broadcast":false,"dims":[64,2048,64],"logical":[2048,4096],"loop_factor":1},{"name":"arg3_1","role":"input","mem":"hbm","elems":8388608,"broadcast":false,"dims":[64,2048,64],"logical":[2048,4096],"loop_factor":1}],"reduction_cores":1,"loop_trip":1,"tiles_output_dim":false,"tile_rows_per_core":0.0,"is_matmul":false,"matmul_macs":0,"matmul_rows_per_core":0.0,"matmul_cols_per_core":0.0,"matmul_a_bytes":0,"matmul_b_bytes":0,"matmul_m_split":1,"matmul_n_split":1,"hbm_pattern":""}]
SUMMARY op=add4 rows=2048 cols=4096 cores=32 tiles=0 lx=1 io_hbm_bytes=83886080 kernel_us=728.636 pred_us=753.873 err_pct=+3.5 bw_gbps=115.1 memset_us=264.529 other_dev_us=913.973 total_dev_us=1907.138
-- add3_sep [2048,4096] lx=1
  op_it_space_splits={d0: 32, d1: 1}
IO -- device-layout I/O (cost model, stick-padded) --
IO   op add
IO     output op0                    torch [2048, 4096] -> device [64, 2048, 64] in HBM = 8388608 elems x 2B = 16777216 B  (hbm counted: 16777216 B)
IO     input  arg0_1                 torch [2048, 4096] -> device [64, 2048, 64] in HBM = 8388608 elems x 2B = 16777216 B  (hbm counted: 16777216 B)
IO     input  arg1_1                 torch [2048, 4096] -> device [64, 2048, 64] in HBM = 8388608 elems x 2B = 16777216 B  (hbm counted: 16777216 B)
IO   => HBM I/O total = 50331648 B  (lx 0 B, ~free)
MODEL -- estimate (turnaround): T = (R+W)/BW_PEAK + a*min(R,W) --
MODEL   R=33554432 B (read)   W=16777216 B (write)   loop_trip L=1
MODEL   base = (R+W)/150 = 335.54 us
MODEL   turn = a*min(R,W) = 0.00574*16777216 = 96.30 us
MODEL   => T_model = 431.85 us
MODEL FEATS [{"name":"add","is_reduction":false,"out_elems":8388608,"cores":32,"dtype_bytes":2,"args":[{"name":"op0","role":"output","mem":"hbm","elems":8388608,"broadcast":false,"dims":[64,2048,64],"logical":[2048,4096],"loop_factor":1},{"name":"arg0_1","role":"input","mem":"hbm","elems":8388608,"broadcast":false,"dims":[64,2048,64],"logical":[2048,4096],"loop_factor":1},{"name":"arg1_1","role":"input","mem":"hbm","elems":8388608,"broadcast":false,"dims":[64,2048,64],"logical":[2048,4096],"loop_factor":1}],"reduction_cores":1,"loop_trip":1,"tiles_output_dim":false,"tile_rows_per_core":0.0,"is_matmul":false,"matmul_macs":0,"matmul_rows_per_core":0.0,"matmul_cols_per_core":0.0,"matmul_a_bytes":0,"matmul_b_bytes":0,"matmul_m_split":1,"matmul_n_split":1,"hbm_pattern":""}]
SUMMARY op=add3_sep rows=2048 cols=4096 cores=32 tiles=0 lx=1 io_hbm_bytes=50331648 kernel_us=932.911 pred_us=431.846 err_pct=-53.7 bw_gbps=54.0 memset_us=272.064 other_dev_us=953.252 total_dev_us=2158.227
-- add4_sep [2048,4096] lx=1
  op_it_space_splits={d0: 32, d1: 1}
IO -- device-layout I/O (cost model, stick-padded) --
IO   op add
IO     output op0                    torch [2048, 4096] -> device [64, 2048, 64] in HBM = 8388608 elems x 2B = 16777216 B  (hbm counted: 16777216 B)
IO     input  arg0_1                 torch [2048, 4096] -> device [64, 2048, 64] in HBM = 8388608 elems x 2B = 16777216 B  (hbm counted: 16777216 B)
IO     input  arg1_1                 torch [2048, 4096] -> device [64, 2048, 64] in HBM = 8388608 elems x 2B = 16777216 B  (hbm counted: 16777216 B)
IO   => HBM I/O total = 50331648 B  (lx 0 B, ~free)
MODEL -- estimate (turnaround): T = (R+W)/BW_PEAK + a*min(R,W) --
MODEL   R=33554432 B (read)   W=16777216 B (write)   loop_trip L=1
MODEL   base = (R+W)/150 = 335.54 us
MODEL   turn = a*min(R,W) = 0.00574*16777216 = 96.30 us
MODEL   => T_model = 431.85 us
MODEL FEATS [{"name":"add","is_reduction":false,"out_elems":8388608,"cores":32,"dtype_bytes":2,"args":[{"name":"op0","role":"output","mem":"hbm","elems":8388608,"broadcast":false,"dims":[64,2048,64],"logical":[2048,4096],"loop_factor":1},{"name":"arg0_1","role":"input","mem":"hbm","elems":8388608,"broadcast":false,"dims":[64,2048,64],"logical":[2048,4096],"loop_factor":1},{"name":"arg1_1","role":"input","mem":"hbm","elems":8388608,"broadcast":false,"dims":[64,2048,64],"logical":[2048,4096],"loop_factor":1}],"reduction_cores":1,"loop_trip":1,"tiles_output_dim":false,"tile_rows_per_core":0.0,"is_matmul":false,"matmul_macs":0,"matmul_rows_per_core":0.0,"matmul_cols_per_core":0.0,"matmul_a_bytes":0,"matmul_b_bytes":0,"matmul_m_split":1,"matmul_n_split":1,"hbm_pattern":""}]
SUMMARY op=add4_sep rows=2048 cols=4096 cores=32 tiles=0 lx=1 io_hbm_bytes=50331648 kernel_us=1378.238 pred_us=431.846 err_pct=-68.7 bw_gbps=36.5 memset_us=278.730 other_dev_us=982.221 total_dev_us=2639.189
-- add [2048,4096] lx=1
  op_it_space_splits={d0: 32, d1: 1}
IO -- device-layout I/O (cost model, stick-padded) --
IO   op add
IO     output op0                    torch [2048, 4096] -> device [64, 2048, 64] in HBM = 8388608 elems x 2B = 16777216 B  (hbm counted: 16777216 B)
IO     input  arg0_1                 torch [2048, 4096] -> device [64, 2048, 64] in HBM = 8388608 elems x 2B = 16777216 B  (hbm counted: 16777216 B)
IO     input  arg1_1                 torch [2048, 4096] -> device [64, 2048, 64] in HBM = 8388608 elems x 2B = 16777216 B  (hbm counted: 16777216 B)
IO   => HBM I/O total = 50331648 B  (lx 0 B, ~free)
MODEL -- estimate (turnaround): T = (R+W)/BW_PEAK + a*min(R,W) --
MODEL   R=33554432 B (read)   W=16777216 B (write)   loop_trip L=1
MODEL   base = (R+W)/150 = 335.54 us
MODEL   turn = a*min(R,W) = 0.00574*16777216 = 96.30 us
MODEL   => T_model = 431.85 us
MODEL FEATS [{"name":"add","is_reduction":false,"out_elems":8388608,"cores":32,"dtype_bytes":2,"args":[{"name":"op0","role":"output","mem":"hbm","elems":8388608,"broadcast":false,"dims":[64,2048,64],"logical":[2048,4096],"loop_factor":1},{"name":"arg0_1","role":"input","mem":"hbm","elems":8388608,"broadcast":false,"dims":[64,2048,64],"logical":[2048,4096],"loop_factor":1},{"name":"arg1_1","role":"input","mem":"hbm","elems":8388608,"broadcast":false,"dims":[64,2048,64],"logical":[2048,4096],"loop_factor":1}],"reduction_cores":1,"loop_trip":1,"tiles_output_dim":false,"tile_rows_per_core":0.0,"is_matmul":false,"matmul_macs":0,"matmul_rows_per_core":0.0,"matmul_cols_per_core":0.0,"matmul_a_bytes":0,"matmul_b_bytes":0,"matmul_m_split":1,"matmul_n_split":1,"hbm_pattern":""}]
SUMMARY op=add rows=2048 cols=4096 cores=32 tiles=0 lx=1 io_hbm_bytes=50331648 kernel_us=434.781 pred_us=431.846 err_pct=-0.7 bw_gbps=115.8 memset_us=293.202 other_dev_us=905.533 total_dev_us=1633.516
-- add3 [2048,4096] lx=1
  op_it_space_splits={d0: 32, d1: 1}
  op_it_space_splits={d0: 32, d1: 1}
IO -- device-layout I/O (cost model, stick-padded) --
IO   op add
IO     output op0                    torch [2048, 4096] -> device [64, 2048, 64] in LX = 8388608 elems x 2B = 16777216 B  (hbm counted: 0 B)
IO     input  arg0_1                 torch [2048, 4096] -> device [64, 2048, 64] in HBM = 8388608 elems x 2B = 16777216 B  (hbm counted: 16777216 B)
IO     input  arg1_1                 torch [2048, 4096] -> device [64, 2048, 64] in HBM = 8388608 elems x 2B = 16777216 B  (hbm counted: 16777216 B)
IO   op add_1
IO     output op1                    torch [2048, 4096] -> device [64, 2048, 64] in HBM = 8388608 elems x 2B = 16777216 B  (hbm counted: 16777216 B)
IO     input  buf0                   torch [2048, 4096] -> device [64, 2048, 64] in LX = 8388608 elems x 2B = 16777216 B  (hbm counted: 0 B)
IO     input  arg2_1                 torch [2048, 4096] -> device [64, 2048, 64] in HBM = 8388608 elems x 2B = 16777216 B  (hbm counted: 16777216 B)
IO   => HBM I/O total = 67108864 B  (lx 33554432 B, ~free)
MODEL -- estimate (turnaround): T = (R+W)/BW_PEAK + a*min(R,W) --
MODEL   R=50331648 B (read)   W=16777216 B (write)   loop_trip L=1
MODEL   base = (R+W)/150 = 447.39 us
MODEL   turn = a*min(R,W) = 0.00574*16777216 = 96.30 us
MODEL   => T_model = 584.47 us
MODEL FEATS [{"name":"add","is_reduction":false,"out_elems":8388608,"cores":32,"dtype_bytes":2,"args":[{"name":"op0","role":"output","mem":"lx","elems":8388608,"broadcast":false,"dims":[64,2048,64],"logical":[2048,4096],"loop_factor":1},{"name":"arg0_1","role":"input","mem":"hbm","elems":8388608,"broadcast":false,"dims":[64,2048,64],"logical":[2048,4096],"loop_factor":1},{"name":"arg1_1","role":"input","mem":"hbm","elems":8388608,"broadcast":false,"dims":[64,2048,64],"logical":[2048,4096],"loop_factor":1}],"reduction_cores":1,"loop_trip":1,"tiles_output_dim":false,"tile_rows_per_core":0.0,"is_matmul":false,"matmul_macs":0,"matmul_rows_per_core":0.0,"matmul_cols_per_core":0.0,"matmul_a_bytes":0,"matmul_b_bytes":0,"matmul_m_split":1,"matmul_n_split":1,"hbm_pattern":""},{"name":"add_1","is_reduction":false,"out_elems":8388608,"cores":32,"dtype_bytes":2,"args":[{"name":"op1","role":"output","mem":"hbm","elems":8388608,"broadcast":false,"dims":[64,2048,64],"logical":[2048,4096],"loop_factor":1},{"name":"buf0","role":"input","mem":"lx","elems":8388608,"broadcast":false,"dims":[64,2048,64],"logical":[2048,4096],"loop_factor":1},{"name":"arg2_1","role":"input","mem":"hbm","elems":8388608,"broadcast":false,"dims":[64,2048,64],"logical":[2048,4096],"loop_factor":1}],"reduction_cores":1,"loop_trip":1,"tiles_output_dim":false,"tile_rows_per_core":0.0,"is_matmul":false,"matmul_macs":0,"matmul_rows_per_core":0.0,"matmul_cols_per_core":0.0,"matmul_a_bytes":0,"matmul_b_bytes":0,"matmul_m_split":1,"matmul_n_split":1,"hbm_pattern":""}]
SUMMARY op=add3 rows=2048 cols=4096 cores=32 tiles=0 lx=1 io_hbm_bytes=67108864 kernel_us=574.729 pred_us=584.471 err_pct=+1.7 bw_gbps=116.8 memset_us=265.648 other_dev_us=903.175 total_dev_us=1743.552
-- add4 [2048,4096] lx=1
  op_it_space_splits={d0: 32, d1: 1}
  op_it_space_splits={d0: 32, d1: 1}
  op_it_space_splits={d0: 32, d1: 1}
IO -- device-layout I/O (cost model, stick-padded) --
IO   op add
IO     output op0                    torch [2048, 4096] -> device [64, 2048, 64] in LX = 8388608 elems x 2B = 16777216 B  (hbm counted: 0 B)
IO     input  arg0_1                 torch [2048, 4096] -> device [64, 2048, 64] in HBM = 8388608 elems x 2B = 16777216 B  (hbm counted: 16777216 B)
IO     input  arg1_1                 torch [2048, 4096] -> device [64, 2048, 64] in HBM = 8388608 elems x 2B = 16777216 B  (hbm counted: 16777216 B)
IO   op add_1
IO     output op1                    torch [2048, 4096] -> device [64, 2048, 64] in LX = 8388608 elems x 2B = 16777216 B  (hbm counted: 0 B)
IO     input  buf0                   torch [2048, 4096] -> device [64, 2048, 64] in LX = 8388608 elems x 2B = 16777216 B  (hbm counted: 0 B)
IO     input  arg2_1                 torch [2048, 4096] -> device [64, 2048, 64] in HBM = 8388608 elems x 2B = 16777216 B  (hbm counted: 16777216 B)
IO   op add_2
IO     output op2                    torch [2048, 4096] -> device [64, 2048, 64] in HBM = 8388608 elems x 2B = 16777216 B  (hbm counted: 16777216 B)
IO     input  buf1                   torch [2048, 4096] -> device [64, 2048, 64] in LX = 8388608 elems x 2B = 16777216 B  (hbm counted: 0 B)
IO     input  arg3_1                 torch [2048, 4096] -> device [64, 2048, 64] in HBM = 8388608 elems x 2B = 16777216 B  (hbm counted: 16777216 B)
IO   => HBM I/O total = 83886080 B  (lx 67108864 B, ~free)
MODEL -- estimate (turnaround): T = (R+W)/BW_PEAK + a*min(R,W) --
MODEL   R=67108864 B (read)   W=16777216 B (write)   loop_trip L=1
MODEL   base = (R+W)/150 = 559.24 us
MODEL   turn = a*min(R,W) = 0.00574*16777216 = 96.30 us
MODEL   => T_model = 753.87 us
MODEL FEATS [{"name":"add","is_reduction":false,"out_elems":8388608,"cores":32,"dtype_bytes":2,"args":[{"name":"op0","role":"output","mem":"lx","elems":8388608,"broadcast":false,"dims":[64,2048,64],"logical":[2048,4096],"loop_factor":1},{"name":"arg0_1","role":"input","mem":"hbm","elems":8388608,"broadcast":false,"dims":[64,2048,64],"logical":[2048,4096],"loop_factor":1},{"name":"arg1_1","role":"input","mem":"hbm","elems":8388608,"broadcast":false,"dims":[64,2048,64],"logical":[2048,4096],"loop_factor":1}],"reduction_cores":1,"loop_trip":1,"tiles_output_dim":false,"tile_rows_per_core":0.0,"is_matmul":false,"matmul_macs":0,"matmul_rows_per_core":0.0,"matmul_cols_per_core":0.0,"matmul_a_bytes":0,"matmul_b_bytes":0,"matmul_m_split":1,"matmul_n_split":1,"hbm_pattern":""},{"name":"add_1","is_reduction":false,"out_elems":8388608,"cores":32,"dtype_bytes":2,"args":[{"name":"op1","role":"output","mem":"lx","elems":8388608,"broadcast":false,"dims":[64,2048,64],"logical":[2048,4096],"loop_factor":1},{"name":"buf0","role":"input","mem":"lx","elems":8388608,"broadcast":false,"dims":[64,2048,64],"logical":[2048,4096],"loop_factor":1},{"name":"arg2_1","role":"input","mem":"hbm","elems":8388608,"broadcast":false,"dims":[64,2048,64],"logical":[2048,4096],"loop_factor":1}],"reduction_cores":1,"loop_trip":1,"tiles_output_dim":false,"tile_rows_per_core":0.0,"is_matmul":false,"matmul_macs":0,"matmul_rows_per_core":0.0,"matmul_cols_per_core":0.0,"matmul_a_bytes":0,"matmul_b_bytes":0,"matmul_m_split":1,"matmul_n_split":1,"hbm_pattern":""},{"name":"add_2","is_reduction":false,"out_elems":8388608,"cores":32,"dtype_bytes":2,"args":[{"name":"op2","role":"output","mem":"hbm","elems":8388608,"broadcast":false,"dims":[64,2048,64],"logical":[2048,4096],"loop_factor":1},{"name":"buf1","role":"input","mem":"lx","elems":8388608,"broadcast":false,"dims":[64,2048,64],"logical":[2048,4096],"loop_factor":1},{"name":"arg3_1","role":"input","mem":"hbm","elems":8388608,"broadcast":false,"dims":[64,2048,64],"logical":[2048,4096],"loop_factor":1}],"reduction_cores":1,"loop_trip":1,"tiles_output_dim":false,"tile_rows_per_core":0.0,"is_matmul":false,"matmul_macs":0,"matmul_rows_per_core":0.0,"matmul_cols_per_core":0.0,"matmul_a_bytes":0,"matmul_b_bytes":0,"matmul_m_split":1,"matmul_n_split":1,"hbm_pattern":""}]
SUMMARY op=add4 rows=2048 cols=4096 cores=32 tiles=0 lx=1 io_hbm_bytes=83886080 kernel_us=711.183 pred_us=753.873 err_pct=+6.0 bw_gbps=118.0 memset_us=263.411 other_dev_us=928.684 total_dev_us=1903.278
-- add3_sep [2048,4096] lx=1
  op_it_space_splits={d0: 32, d1: 1}
IO -- device-layout I/O (cost model, stick-padded) --
IO   op add
IO     output op0                    torch [2048, 4096] -> device [64, 2048, 64] in HBM = 8388608 elems x 2B = 16777216 B  (hbm counted: 16777216 B)
IO     input  arg0_1                 torch [2048, 4096] -> device [64, 2048, 64] in HBM = 8388608 elems x 2B = 16777216 B  (hbm counted: 16777216 B)
IO     input  arg1_1                 torch [2048, 4096] -> device [64, 2048, 64] in HBM = 8388608 elems x 2B = 16777216 B  (hbm counted: 16777216 B)
IO   => HBM I/O total = 50331648 B  (lx 0 B, ~free)
MODEL -- estimate (turnaround): T = (R+W)/BW_PEAK + a*min(R,W) --
MODEL   R=33554432 B (read)   W=16777216 B (write)   loop_trip L=1
MODEL   base = (R+W)/150 = 335.54 us
MODEL   turn = a*min(R,W) = 0.00574*16777216 = 96.30 us
MODEL   => T_model = 431.85 us
MODEL FEATS [{"name":"add","is_reduction":false,"out_elems":8388608,"cores":32,"dtype_bytes":2,"args":[{"name":"op0","role":"output","mem":"hbm","elems":8388608,"broadcast":false,"dims":[64,2048,64],"logical":[2048,4096],"loop_factor":1},{"name":"arg0_1","role":"input","mem":"hbm","elems":8388608,"broadcast":false,"dims":[64,2048,64],"logical":[2048,4096],"loop_factor":1},{"name":"arg1_1","role":"input","mem":"hbm","elems":8388608,"broadcast":false,"dims":[64,2048,64],"logical":[2048,4096],"loop_factor":1}],"reduction_cores":1,"loop_trip":1,"tiles_output_dim":false,"tile_rows_per_core":0.0,"is_matmul":false,"matmul_macs":0,"matmul_rows_per_core":0.0,"matmul_cols_per_core":0.0,"matmul_a_bytes":0,"matmul_b_bytes":0,"matmul_m_split":1,"matmul_n_split":1,"hbm_pattern":""}]
SUMMARY op=add3_sep rows=2048 cols=4096 cores=32 tiles=0 lx=1 io_hbm_bytes=50331648 kernel_us=935.306 pred_us=431.846 err_pct=-53.8 bw_gbps=53.8 memset_us=271.345 other_dev_us=987.613 total_dev_us=2194.264
-- add4_sep [2048,4096] lx=1
  op_it_space_splits={d0: 32, d1: 1}
IO -- device-layout I/O (cost model, stick-padded) --
IO   op add
IO     output op0                    torch [2048, 4096] -> device [64, 2048, 64] in HBM = 8388608 elems x 2B = 16777216 B  (hbm counted: 16777216 B)
IO     input  arg0_1                 torch [2048, 4096] -> device [64, 2048, 64] in HBM = 8388608 elems x 2B = 16777216 B  (hbm counted: 16777216 B)
IO     input  arg1_1                 torch [2048, 4096] -> device [64, 2048, 64] in HBM = 8388608 elems x 2B = 16777216 B  (hbm counted: 16777216 B)
IO   => HBM I/O total = 50331648 B  (lx 0 B, ~free)
MODEL -- estimate (turnaround): T = (R+W)/BW_PEAK + a*min(R,W) --
MODEL   R=33554432 B (read)   W=16777216 B (write)   loop_trip L=1
MODEL   base = (R+W)/150 = 335.54 us
MODEL   turn = a*min(R,W) = 0.00574*16777216 = 96.30 us
MODEL   => T_model = 431.85 us
MODEL FEATS [{"name":"add","is_reduction":false,"out_elems":8388608,"cores":32,"dtype_bytes":2,"args":[{"name":"op0","role":"output","mem":"hbm","elems":8388608,"broadcast":false,"dims":[64,2048,64],"logical":[2048,4096],"loop_factor":1},{"name":"arg0_1","role":"input","mem":"hbm","elems":8388608,"broadcast":false,"dims":[64,2048,64],"logical":[2048,4096],"loop_factor":1},{"name":"arg1_1","role":"input","mem":"hbm","elems":8388608,"broadcast":false,"dims":[64,2048,64],"logical":[2048,4096],"loop_factor":1}],"reduction_cores":1,"loop_trip":1,"tiles_output_dim":false,"tile_rows_per_core":0.0,"is_matmul":false,"matmul_macs":0,"matmul_rows_per_core":0.0,"matmul_cols_per_core":0.0,"matmul_a_bytes":0,"matmul_b_bytes":0,"matmul_m_split":1,"matmul_n_split":1,"hbm_pattern":""}]
SUMMARY op=add4_sep rows=2048 cols=4096 cores=32 tiles=0 lx=1 io_hbm_bytes=50331648 kernel_us=1383.176 pred_us=431.846 err_pct=-68.8 bw_gbps=36.4 memset_us=283.630 other_dev_us=823.815 total_dev_us=2490.621
-- add [2048,4096] lx=1
  op_it_space_splits={d0: 32, d1: 1}
IO -- device-layout I/O (cost model, stick-padded) --
IO   op add
IO     output op0                    torch [2048, 4096] -> device [64, 2048, 64] in HBM = 8388608 elems x 2B = 16777216 B  (hbm counted: 16777216 B)
IO     input  arg0_1                 torch [2048, 4096] -> device [64, 2048, 64] in HBM = 8388608 elems x 2B = 16777216 B  (hbm counted: 16777216 B)
IO     input  arg1_1                 torch [2048, 4096] -> device [64, 2048, 64] in HBM = 8388608 elems x 2B = 16777216 B  (hbm counted: 16777216 B)
IO   => HBM I/O total = 50331648 B  (lx 0 B, ~free)
MODEL -- estimate (turnaround): T = (R+W)/BW_PEAK + a*min(R,W) --
MODEL   R=33554432 B (read)   W=16777216 B (write)   loop_trip L=1
MODEL   base = (R+W)/150 = 335.54 us
MODEL   turn = a*min(R,W) = 0.00574*16777216 = 96.30 us
MODEL   => T_model = 431.85 us
MODEL FEATS [{"name":"add","is_reduction":false,"out_elems":8388608,"cores":32,"dtype_bytes":2,"args":[{"name":"op0","role":"output","mem":"hbm","elems":8388608,"broadcast":false,"dims":[64,2048,64],"logical":[2048,4096],"loop_factor":1},{"name":"arg0_1","role":"input","mem":"hbm","elems":8388608,"broadcast":false,"dims":[64,2048,64],"logical":[2048,4096],"loop_factor":1},{"name":"arg1_1","role":"input","mem":"hbm","elems":8388608,"broadcast":false,"dims":[64,2048,64],"logical":[2048,4096],"loop_factor":1}],"reduction_cores":1,"loop_trip":1,"tiles_output_dim":false,"tile_rows_per_core":0.0,"is_matmul":false,"matmul_macs":0,"matmul_rows_per_core":0.0,"matmul_cols_per_core":0.0,"matmul_a_bytes":0,"matmul_b_bytes":0,"matmul_m_split":1,"matmul_n_split":1,"hbm_pattern":""}]
SUMMARY op=add rows=2048 cols=4096 cores=32 tiles=0 lx=1 io_hbm_bytes=50331648 kernel_us=438.363 pred_us=431.846 err_pct=-1.5 bw_gbps=114.8 memset_us=271.712 other_dev_us=917.094 total_dev_us=1627.169
-- add3 [2048,4096] lx=1
  op_it_space_splits={d0: 32, d1: 1}
  op_it_space_splits={d0: 32, d1: 1}
IO -- device-layout I/O (cost model, stick-padded) --
IO   op add
IO     output op0                    torch [2048, 4096] -> device [64, 2048, 64] in LX = 8388608 elems x 2B = 16777216 B  (hbm counted: 0 B)
IO     input  arg0_1                 torch [2048, 4096] -> device [64, 2048, 64] in HBM = 8388608 elems x 2B = 16777216 B  (hbm counted: 16777216 B)
IO     input  arg1_1                 torch [2048, 4096] -> device [64, 2048, 64] in HBM = 8388608 elems x 2B = 16777216 B  (hbm counted: 16777216 B)
IO   op add_1
IO     output op1                    torch [2048, 4096] -> device [64, 2048, 64] in HBM = 8388608 elems x 2B = 16777216 B  (hbm counted: 16777216 B)
IO     input  buf0                   torch [2048, 4096] -> device [64, 2048, 64] in LX = 8388608 elems x 2B = 16777216 B  (hbm counted: 0 B)
IO     input  arg2_1                 torch [2048, 4096] -> device [64, 2048, 64] in HBM = 8388608 elems x 2B = 16777216 B  (hbm counted: 16777216 B)
IO   => HBM I/O total = 67108864 B  (lx 33554432 B, ~free)
MODEL -- estimate (turnaround): T = (R+W)/BW_PEAK + a*min(R,W) --
MODEL   R=50331648 B (read)   W=16777216 B (write)   loop_trip L=1
MODEL   base = (R+W)/150 = 447.39 us
MODEL   turn = a*min(R,W) = 0.00574*16777216 = 96.30 us
MODEL   => T_model = 584.47 us
MODEL FEATS [{"name":"add","is_reduction":false,"out_elems":8388608,"cores":32,"dtype_bytes":2,"args":[{"name":"op0","role":"output","mem":"lx","elems":8388608,"broadcast":false,"dims":[64,2048,64],"logical":[2048,4096],"loop_factor":1},{"name":"arg0_1","role":"input","mem":"hbm","elems":8388608,"broadcast":false,"dims":[64,2048,64],"logical":[2048,4096],"loop_factor":1},{"name":"arg1_1","role":"input","mem":"hbm","elems":8388608,"broadcast":false,"dims":[64,2048,64],"logical":[2048,4096],"loop_factor":1}],"reduction_cores":1,"loop_trip":1,"tiles_output_dim":false,"tile_rows_per_core":0.0,"is_matmul":false,"matmul_macs":0,"matmul_rows_per_core":0.0,"matmul_cols_per_core":0.0,"matmul_a_bytes":0,"matmul_b_bytes":0,"matmul_m_split":1,"matmul_n_split":1,"hbm_pattern":""},{"name":"add_1","is_reduction":false,"out_elems":8388608,"cores":32,"dtype_bytes":2,"args":[{"name":"op1","role":"output","mem":"hbm","elems":8388608,"broadcast":false,"dims":[64,2048,64],"logical":[2048,4096],"loop_factor":1},{"name":"buf0","role":"input","mem":"lx","elems":8388608,"broadcast":false,"dims":[64,2048,64],"logical":[2048,4096],"loop_factor":1},{"name":"arg2_1","role":"input","mem":"hbm","elems":8388608,"broadcast":false,"dims":[64,2048,64],"logical":[2048,4096],"loop_factor":1}],"reduction_cores":1,"loop_trip":1,"tiles_output_dim":false,"tile_rows_per_core":0.0,"is_matmul":false,"matmul_macs":0,"matmul_rows_per_core":0.0,"matmul_cols_per_core":0.0,"matmul_a_bytes":0,"matmul_b_bytes":0,"matmul_m_split":1,"matmul_n_split":1,"hbm_pattern":""}]
SUMMARY op=add3 rows=2048 cols=4096 cores=32 tiles=0 lx=1 io_hbm_bytes=67108864 kernel_us=594.628 pred_us=584.471 err_pct=-1.7 bw_gbps=112.9 memset_us=272.794 other_dev_us=983.406 total_dev_us=1850.828
-- add4 [2048,4096] lx=1
  op_it_space_splits={d0: 32, d1: 1}
  op_it_space_splits={d0: 32, d1: 1}
  op_it_space_splits={d0: 32, d1: 1}
IO -- device-layout I/O (cost model, stick-padded) --
IO   op add
IO     output op0                    torch [2048, 4096] -> device [64, 2048, 64] in LX = 8388608 elems x 2B = 16777216 B  (hbm counted: 0 B)
IO     input  arg0_1                 torch [2048, 4096] -> device [64, 2048, 64] in HBM = 8388608 elems x 2B = 16777216 B  (hbm counted: 16777216 B)
IO     input  arg1_1                 torch [2048, 4096] -> device [64, 2048, 64] in HBM = 8388608 elems x 2B = 16777216 B  (hbm counted: 16777216 B)
IO   op add_1
IO     output op1                    torch [2048, 4096] -> device [64, 2048, 64] in LX = 8388608 elems x 2B = 16777216 B  (hbm counted: 0 B)
IO     input  buf0                   torch [2048, 4096] -> device [64, 2048, 64] in LX = 8388608 elems x 2B = 16777216 B  (hbm counted: 0 B)
IO     input  arg2_1                 torch [2048, 4096] -> device [64, 2048, 64] in HBM = 8388608 elems x 2B = 16777216 B  (hbm counted: 16777216 B)
IO   op add_2
IO     output op2                    torch [2048, 4096] -> device [64, 2048, 64] in HBM = 8388608 elems x 2B = 16777216 B  (hbm counted: 16777216 B)
IO     input  buf1                   torch [2048, 4096] -> device [64, 2048, 64] in LX = 8388608 elems x 2B = 16777216 B  (hbm counted: 0 B)
IO     input  arg3_1                 torch [2048, 4096] -> device [64, 2048, 64] in HBM = 8388608 elems x 2B = 16777216 B  (hbm counted: 16777216 B)
IO   => HBM I/O total = 83886080 B  (lx 67108864 B, ~free)
MODEL -- estimate (turnaround): T = (R+W)/BW_PEAK + a*min(R,W) --
MODEL   R=67108864 B (read)   W=16777216 B (write)   loop_trip L=1
MODEL   base = (R+W)/150 = 559.24 us
MODEL   turn = a*min(R,W) = 0.00574*16777216 = 96.30 us
MODEL   => T_model = 753.87 us
MODEL FEATS [{"name":"add","is_reduction":false,"out_elems":8388608,"cores":32,"dtype_bytes":2,"args":[{"name":"op0","role":"output","mem":"lx","elems":8388608,"broadcast":false,"dims":[64,2048,64],"logical":[2048,4096],"loop_factor":1},{"name":"arg0_1","role":"input","mem":"hbm","elems":8388608,"broadcast":false,"dims":[64,2048,64],"logical":[2048,4096],"loop_factor":1},{"name":"arg1_1","role":"input","mem":"hbm","elems":8388608,"broadcast":false,"dims":[64,2048,64],"logical":[2048,4096],"loop_factor":1}],"reduction_cores":1,"loop_trip":1,"tiles_output_dim":false,"tile_rows_per_core":0.0,"is_matmul":false,"matmul_macs":0,"matmul_rows_per_core":0.0,"matmul_cols_per_core":0.0,"matmul_a_bytes":0,"matmul_b_bytes":0,"matmul_m_split":1,"matmul_n_split":1,"hbm_pattern":""},{"name":"add_1","is_reduction":false,"out_elems":8388608,"cores":32,"dtype_bytes":2,"args":[{"name":"op1","role":"output","mem":"lx","elems":8388608,"broadcast":false,"dims":[64,2048,64],"logical":[2048,4096],"loop_factor":1},{"name":"buf0","role":"input","mem":"lx","elems":8388608,"broadcast":false,"dims":[64,2048,64],"logical":[2048,4096],"loop_factor":1},{"name":"arg2_1","role":"input","mem":"hbm","elems":8388608,"broadcast":false,"dims":[64,2048,64],"logical":[2048,4096],"loop_factor":1}],"reduction_cores":1,"loop_trip":1,"tiles_output_dim":false,"tile_rows_per_core":0.0,"is_matmul":false,"matmul_macs":0,"matmul_rows_per_core":0.0,"matmul_cols_per_core":0.0,"matmul_a_bytes":0,"matmul_b_bytes":0,"matmul_m_split":1,"matmul_n_split":1,"hbm_pattern":""},{"name":"add_2","is_reduction":false,"out_elems":8388608,"cores":32,"dtype_bytes":2,"args":[{"name":"op2","role":"output","mem":"hbm","elems":8388608,"broadcast":false,"dims":[64,2048,64],"logical":[2048,4096],"loop_factor":1},{"name":"buf1","role":"input","mem":"lx","elems":8388608,"broadcast":false,"dims":[64,2048,64],"logical":[2048,4096],"loop_factor":1},{"name":"arg3_1","role":"input","mem":"hbm","elems":8388608,"broadcast":false,"dims":[64,2048,64],"logical":[2048,4096],"loop_factor":1}],"reduction_cores":1,"loop_trip":1,"tiles_output_dim":false,"tile_rows_per_core":0.0,"is_matmul":false,"matmul_macs":0,"matmul_rows_per_core":0.0,"matmul_cols_per_core":0.0,"matmul_a_bytes":0,"matmul_b_bytes":0,"matmul_m_split":1,"matmul_n_split":1,"hbm_pattern":""}]
SUMMARY op=add4 rows=2048 cols=4096 cores=32 tiles=0 lx=1 io_hbm_bytes=83886080 kernel_us=711.225 pred_us=753.873 err_pct=+6.0 bw_gbps=117.9 memset_us=266.441 other_dev_us=983.508 total_dev_us=1961.174
-- add3_sep [2048,4096] lx=1
  op_it_space_splits={d0: 32, d1: 1}
IO -- device-layout I/O (cost model, stick-padded) --
IO   op add
IO     output op0                    torch [2048, 4096] -> device [64, 2048, 64] in HBM = 8388608 elems x 2B = 16777216 B  (hbm counted: 16777216 B)
IO     input  arg0_1                 torch [2048, 4096] -> device [64, 2048, 64] in HBM = 8388608 elems x 2B = 16777216 B  (hbm counted: 16777216 B)
IO     input  arg1_1                 torch [2048, 4096] -> device [64, 2048, 64] in HBM = 8388608 elems x 2B = 16777216 B  (hbm counted: 16777216 B)
IO   => HBM I/O total = 50331648 B  (lx 0 B, ~free)
MODEL -- estimate (turnaround): T = (R+W)/BW_PEAK + a*min(R,W) --
MODEL   R=33554432 B (read)   W=16777216 B (write)   loop_trip L=1
MODEL   base = (R+W)/150 = 335.54 us
MODEL   turn = a*min(R,W) = 0.00574*16777216 = 96.30 us
MODEL   => T_model = 431.85 us
MODEL FEATS [{"name":"add","is_reduction":false,"out_elems":8388608,"cores":32,"dtype_bytes":2,"args":[{"name":"op0","role":"output","mem":"hbm","elems":8388608,"broadcast":false,"dims":[64,2048,64],"logical":[2048,4096],"loop_factor":1},{"name":"arg0_1","role":"input","mem":"hbm","elems":8388608,"broadcast":false,"dims":[64,2048,64],"logical":[2048,4096],"loop_factor":1},{"name":"arg1_1","role":"input","mem":"hbm","elems":8388608,"broadcast":false,"dims":[64,2048,64],"logical":[2048,4096],"loop_factor":1}],"reduction_cores":1,"loop_trip":1,"tiles_output_dim":false,"tile_rows_per_core":0.0,"is_matmul":false,"matmul_macs":0,"matmul_rows_per_core":0.0,"matmul_cols_per_core":0.0,"matmul_a_bytes":0,"matmul_b_bytes":0,"matmul_m_split":1,"matmul_n_split":1,"hbm_pattern":""}]
SUMMARY op=add3_sep rows=2048 cols=4096 cores=32 tiles=0 lx=1 io_hbm_bytes=50331648 kernel_us=935.007 pred_us=431.846 err_pct=-53.8 bw_gbps=53.8 memset_us=259.329 other_dev_us=922.495 total_dev_us=2116.831
-- add4_sep [2048,4096] lx=1
  op_it_space_splits={d0: 32, d1: 1}
IO -- device-layout I/O (cost model, stick-padded) --
IO   op add
IO     output op0                    torch [2048, 4096] -> device [64, 2048, 64] in HBM = 8388608 elems x 2B = 16777216 B  (hbm counted: 16777216 B)
IO     input  arg0_1                 torch [2048, 4096] -> device [64, 2048, 64] in HBM = 8388608 elems x 2B = 16777216 B  (hbm counted: 16777216 B)
IO     input  arg1_1                 torch [2048, 4096] -> device [64, 2048, 64] in HBM = 8388608 elems x 2B = 16777216 B  (hbm counted: 16777216 B)
IO   => HBM I/O total = 50331648 B  (lx 0 B, ~free)
MODEL -- estimate (turnaround): T = (R+W)/BW_PEAK + a*min(R,W) --
MODEL   R=33554432 B (read)   W=16777216 B (write)   loop_trip L=1
MODEL   base = (R+W)/150 = 335.54 us
MODEL   turn = a*min(R,W) = 0.00574*16777216 = 96.30 us
MODEL   => T_model = 431.85 us
MODEL FEATS [{"name":"add","is_reduction":false,"out_elems":8388608,"cores":32,"dtype_bytes":2,"args":[{"name":"op0","role":"output","mem":"hbm","elems":8388608,"broadcast":false,"dims":[64,2048,64],"logical":[2048,4096],"loop_factor":1},{"name":"arg0_1","role":"input","mem":"hbm","elems":8388608,"broadcast":false,"dims":[64,2048,64],"logical":[2048,4096],"loop_factor":1},{"name":"arg1_1","role":"input","mem":"hbm","elems":8388608,"broadcast":false,"dims":[64,2048,64],"logical":[2048,4096],"loop_factor":1}],"reduction_cores":1,"loop_trip":1,"tiles_output_dim":false,"tile_rows_per_core":0.0,"is_matmul":false,"matmul_macs":0,"matmul_rows_per_core":0.0,"matmul_cols_per_core":0.0,"matmul_a_bytes":0,"matmul_b_bytes":0,"matmul_m_split":1,"matmul_n_split":1,"hbm_pattern":""}]
SUMMARY op=add4_sep rows=2048 cols=4096 cores=32 tiles=0 lx=1 io_hbm_bytes=50331648 kernel_us=1374.183 pred_us=431.846 err_pct=-68.6 bw_gbps=36.6 memset_us=283.563 other_dev_us=928.043 total_dev_us=2585.789
## ARITYX ROWS sweep + iso-size aspect, full op set (fused+sep), LX off
-- add [512,4096] lx=0
  op_it_space_splits={d0: 32, d1: 1}
IO -- device-layout I/O (cost model, stick-padded) --
IO   op add
IO     output op0                    torch [512, 4096] -> device [64, 512, 64] in HBM = 2097152 elems x 2B = 4194304 B  (hbm counted: 4194304 B)
IO     input  arg0_1                 torch [512, 4096] -> device [64, 512, 64] in HBM = 2097152 elems x 2B = 4194304 B  (hbm counted: 4194304 B)
IO     input  arg1_1                 torch [512, 4096] -> device [64, 512, 64] in HBM = 2097152 elems x 2B = 4194304 B  (hbm counted: 4194304 B)
IO   => HBM I/O total = 12582912 B  (lx 0 B, ~free)
MODEL -- estimate (turnaround): T = (R+W)/BW_PEAK + a*min(R,W) --
MODEL   R=8388608 B (read)   W=4194304 B (write)   loop_trip L=1
MODEL   base = (R+W)/150 = 83.89 us
MODEL   turn = a*min(R,W) = 0.00574*4194304 = 24.08 us
MODEL   => T_model = 107.96 us
MODEL FEATS [{"name":"add","is_reduction":false,"out_elems":2097152,"cores":32,"dtype_bytes":2,"args":[{"name":"op0","role":"output","mem":"hbm","elems":2097152,"broadcast":false,"dims":[64,512,64],"logical":[512,4096],"loop_factor":1},{"name":"arg0_1","role":"input","mem":"hbm","elems":2097152,"broadcast":false,"dims":[64,512,64],"logical":[512,4096],"loop_factor":1},{"name":"arg1_1","role":"input","mem":"hbm","elems":2097152,"broadcast":false,"dims":[64,512,64],"logical":[512,4096],"loop_factor":1}],"reduction_cores":1,"loop_trip":1,"tiles_output_dim":false,"tile_rows_per_core":0.0,"is_matmul":false,"matmul_macs":0,"matmul_rows_per_core":0.0,"matmul_cols_per_core":0.0,"matmul_a_bytes":0,"matmul_b_bytes":0,"matmul_m_split":1,"matmul_n_split":1,"hbm_pattern":""}]
SUMMARY op=add rows=512 cols=4096 cores=32 tiles=0 lx=0 io_hbm_bytes=12582912 kernel_us=107.425 pred_us=107.961 err_pct=+0.5 bw_gbps=117.1 memset_us=111.557 other_dev_us=392.629 total_dev_us=611.611
-- add3 [512,4096] lx=0
  op_it_space_splits={d0: 32, d1: 1}
  op_it_space_splits={d0: 32, d1: 1}
IO -- device-layout I/O (cost model, stick-padded) --
IO   op add
IO     output op0                    torch [512, 4096] -> device [64, 512, 64] in HBM = 2097152 elems x 2B = 4194304 B  (hbm counted: 4194304 B)
IO     input  arg0_1                 torch [512, 4096] -> device [64, 512, 64] in HBM = 2097152 elems x 2B = 4194304 B  (hbm counted: 4194304 B)
IO     input  arg1_1                 torch [512, 4096] -> device [64, 512, 64] in HBM = 2097152 elems x 2B = 4194304 B  (hbm counted: 4194304 B)
IO   op add_1
IO     output op1                    torch [512, 4096] -> device [64, 512, 64] in HBM = 2097152 elems x 2B = 4194304 B  (hbm counted: 4194304 B)
IO     input  buf0                   torch [512, 4096] -> device [64, 512, 64] in HBM = 2097152 elems x 2B = 4194304 B  (hbm counted: 4194304 B)
IO     input  arg2_1                 torch [512, 4096] -> device [64, 512, 64] in HBM = 2097152 elems x 2B = 4194304 B  (hbm counted: 4194304 B)
IO   => HBM I/O total = 25165824 B  (lx 0 B, ~free)
MODEL -- estimate (turnaround): T = (R+W)/BW_PEAK + a*min(R,W) --
MODEL   R=16777216 B (read)   W=8388608 B (write)   loop_trip L=1
MODEL   base = (R+W)/150 = 167.77 us
MODEL   turn = a*min(R,W) = 0.00574*8388608 = 48.15 us
MODEL   => T_model = 232.12 us
MODEL FEATS [{"name":"add","is_reduction":false,"out_elems":2097152,"cores":32,"dtype_bytes":2,"args":[{"name":"op0","role":"output","mem":"hbm","elems":2097152,"broadcast":false,"dims":[64,512,64],"logical":[512,4096],"loop_factor":1},{"name":"arg0_1","role":"input","mem":"hbm","elems":2097152,"broadcast":false,"dims":[64,512,64],"logical":[512,4096],"loop_factor":1},{"name":"arg1_1","role":"input","mem":"hbm","elems":2097152,"broadcast":false,"dims":[64,512,64],"logical":[512,4096],"loop_factor":1}],"reduction_cores":1,"loop_trip":1,"tiles_output_dim":false,"tile_rows_per_core":0.0,"is_matmul":false,"matmul_macs":0,"matmul_rows_per_core":0.0,"matmul_cols_per_core":0.0,"matmul_a_bytes":0,"matmul_b_bytes":0,"matmul_m_split":1,"matmul_n_split":1,"hbm_pattern":""},{"name":"add_1","is_reduction":false,"out_elems":2097152,"cores":32,"dtype_bytes":2,"args":[{"name":"op1","role":"output","mem":"hbm","elems":2097152,"broadcast":false,"dims":[64,512,64],"logical":[512,4096],"loop_factor":1},{"name":"buf0","role":"input","mem":"hbm","elems":2097152,"broadcast":false,"dims":[64,512,64],"logical":[512,4096],"loop_factor":1},{"name":"arg2_1","role":"input","mem":"hbm","elems":2097152,"broadcast":false,"dims":[64,512,64],"logical":[512,4096],"loop_factor":1}],"reduction_cores":1,"loop_trip":1,"tiles_output_dim":false,"tile_rows_per_core":0.0,"is_matmul":false,"matmul_macs":0,"matmul_rows_per_core":0.0,"matmul_cols_per_core":0.0,"matmul_a_bytes":0,"matmul_b_bytes":0,"matmul_m_split":1,"matmul_n_split":1,"hbm_pattern":""}]
SUMMARY op=add3 rows=512 cols=4096 cores=32 tiles=0 lx=0 io_hbm_bytes=25165824 kernel_us=248.493 pred_us=232.117 err_pct=-6.6 bw_gbps=101.3 memset_us=166.321 other_dev_us=265.019 total_dev_us=679.833
-- add4 [512,4096] lx=0
  op_it_space_splits={d0: 32, d1: 1}
  op_it_space_splits={d0: 32, d1: 1}
  op_it_space_splits={d0: 32, d1: 1}
IO -- device-layout I/O (cost model, stick-padded) --
IO   op add
IO     output op0                    torch [512, 4096] -> device [64, 512, 64] in HBM = 2097152 elems x 2B = 4194304 B  (hbm counted: 4194304 B)
IO     input  arg0_1                 torch [512, 4096] -> device [64, 512, 64] in HBM = 2097152 elems x 2B = 4194304 B  (hbm counted: 4194304 B)
IO     input  arg1_1                 torch [512, 4096] -> device [64, 512, 64] in HBM = 2097152 elems x 2B = 4194304 B  (hbm counted: 4194304 B)
IO   op add_1
IO     output op1                    torch [512, 4096] -> device [64, 512, 64] in HBM = 2097152 elems x 2B = 4194304 B  (hbm counted: 4194304 B)
IO     input  buf0                   torch [512, 4096] -> device [64, 512, 64] in HBM = 2097152 elems x 2B = 4194304 B  (hbm counted: 4194304 B)
IO     input  arg2_1                 torch [512, 4096] -> device [64, 512, 64] in HBM = 2097152 elems x 2B = 4194304 B  (hbm counted: 4194304 B)
IO   op add_2
IO     output op2                    torch [512, 4096] -> device [64, 512, 64] in HBM = 2097152 elems x 2B = 4194304 B  (hbm counted: 4194304 B)
IO     input  buf1                   torch [512, 4096] -> device [64, 512, 64] in HBM = 2097152 elems x 2B = 4194304 B  (hbm counted: 4194304 B)
IO     input  arg3_1                 torch [512, 4096] -> device [64, 512, 64] in HBM = 2097152 elems x 2B = 4194304 B  (hbm counted: 4194304 B)
IO   => HBM I/O total = 37748736 B  (lx 0 B, ~free)
MODEL -- estimate (turnaround): T = (R+W)/BW_PEAK + a*min(R,W) --
MODEL   R=25165824 B (read)   W=12582912 B (write)   loop_trip L=1
MODEL   base = (R+W)/150 = 251.66 us
MODEL   turn = a*min(R,W) = 0.00574*12582912 = 72.23 us
MODEL   => T_model = 372.47 us
MODEL FEATS [{"name":"add","is_reduction":false,"out_elems":2097152,"cores":32,"dtype_bytes":2,"args":[{"name":"op0","role":"output","mem":"hbm","elems":2097152,"broadcast":false,"dims":[64,512,64],"logical":[512,4096],"loop_factor":1},{"name":"arg0_1","role":"input","mem":"hbm","elems":2097152,"broadcast":false,"dims":[64,512,64],"logical":[512,4096],"loop_factor":1},{"name":"arg1_1","role":"input","mem":"hbm","elems":2097152,"broadcast":false,"dims":[64,512,64],"logical":[512,4096],"loop_factor":1}],"reduction_cores":1,"loop_trip":1,"tiles_output_dim":false,"tile_rows_per_core":0.0,"is_matmul":false,"matmul_macs":0,"matmul_rows_per_core":0.0,"matmul_cols_per_core":0.0,"matmul_a_bytes":0,"matmul_b_bytes":0,"matmul_m_split":1,"matmul_n_split":1,"hbm_pattern":""},{"name":"add_1","is_reduction":false,"out_elems":2097152,"cores":32,"dtype_bytes":2,"args":[{"name":"op1","role":"output","mem":"hbm","elems":2097152,"broadcast":false,"dims":[64,512,64],"logical":[512,4096],"loop_factor":1},{"name":"buf0","role":"input","mem":"hbm","elems":2097152,"broadcast":false,"dims":[64,512,64],"logical":[512,4096],"loop_factor":1},{"name":"arg2_1","role":"input","mem":"hbm","elems":2097152,"broadcast":false,"dims":[64,512,64],"logical":[512,4096],"loop_factor":1}],"reduction_cores":1,"loop_trip":1,"tiles_output_dim":false,"tile_rows_per_core":0.0,"is_matmul":false,"matmul_macs":0,"matmul_rows_per_core":0.0,"matmul_cols_per_core":0.0,"matmul_a_bytes":0,"matmul_b_bytes":0,"matmul_m_split":1,"matmul_n_split":1,"hbm_pattern":""},{"name":"add_2","is_reduction":false,"out_elems":2097152,"cores":32,"dtype_bytes":2,"args":[{"name":"op2","role":"output","mem":"hbm","elems":2097152,"broadcast":false,"dims":[64,512,64],"logical":[512,4096],"loop_factor":1},{"name":"buf1","role":"input","mem":"hbm","elems":2097152,"broadcast":false,"dims":[64,512,64],"logical":[512,4096],"loop_factor":1},{"name":"arg3_1","role":"input","mem":"hbm","elems":2097152,"broadcast":false,"dims":[64,512,64],"logical":[512,4096],"loop_factor":1}],"reduction_cores":1,"loop_trip":1,"tiles_output_dim":false,"tile_rows_per_core":0.0,"is_matmul":false,"matmul_macs":0,"matmul_rows_per_core":0.0,"matmul_cols_per_core":0.0,"matmul_a_bytes":0,"matmul_b_bytes":0,"matmul_m_split":1,"matmul_n_split":1,"hbm_pattern":""}]
SUMMARY op=add4 rows=512 cols=4096 cores=32 tiles=0 lx=0 io_hbm_bytes=37748736 kernel_us=453.540 pred_us=372.467 err_pct=-17.9 bw_gbps=83.2 memset_us=116.870 other_dev_us=342.161 total_dev_us=912.571
-- add5 [512,4096] lx=0
  op_it_space_splits={d0: 32, d1: 1}
  op_it_space_splits={d0: 32, d1: 1}
  op_it_space_splits={d0: 32, d1: 1}
  op_it_space_splits={d0: 32, d1: 1}
IO -- device-layout I/O (cost model, stick-padded) --
IO   op add
IO     output op0                    torch [512, 4096] -> device [64, 512, 64] in HBM = 2097152 elems x 2B = 4194304 B  (hbm counted: 4194304 B)
IO     input  arg0_1                 torch [512, 4096] -> device [64, 512, 64] in HBM = 2097152 elems x 2B = 4194304 B  (hbm counted: 4194304 B)
IO     input  arg1_1                 torch [512, 4096] -> device [64, 512, 64] in HBM = 2097152 elems x 2B = 4194304 B  (hbm counted: 4194304 B)
IO   op add_1
IO     output op1                    torch [512, 4096] -> device [64, 512, 64] in HBM = 2097152 elems x 2B = 4194304 B  (hbm counted: 4194304 B)
IO     input  buf0                   torch [512, 4096] -> device [64, 512, 64] in HBM = 2097152 elems x 2B = 4194304 B  (hbm counted: 4194304 B)
IO     input  arg2_1                 torch [512, 4096] -> device [64, 512, 64] in HBM = 2097152 elems x 2B = 4194304 B  (hbm counted: 4194304 B)
IO   op add_2
IO     output op2                    torch [512, 4096] -> device [64, 512, 64] in HBM = 2097152 elems x 2B = 4194304 B  (hbm counted: 4194304 B)
IO     input  buf1                   torch [512, 4096] -> device [64, 512, 64] in HBM = 2097152 elems x 2B = 4194304 B  (hbm counted: 4194304 B)
IO     input  arg3_1                 torch [512, 4096] -> device [64, 512, 64] in HBM = 2097152 elems x 2B = 4194304 B  (hbm counted: 4194304 B)
IO   op add_3
IO     output op3                    torch [512, 4096] -> device [64, 512, 64] in HBM = 2097152 elems x 2B = 4194304 B  (hbm counted: 4194304 B)
IO     input  buf2                   torch [512, 4096] -> device [64, 512, 64] in HBM = 2097152 elems x 2B = 4194304 B  (hbm counted: 4194304 B)
IO     input  arg4_1                 torch [512, 4096] -> device [64, 512, 64] in HBM = 2097152 elems x 2B = 4194304 B  (hbm counted: 4194304 B)
IO   => HBM I/O total = 50331648 B  (lx 0 B, ~free)
MODEL -- estimate (turnaround): T = (R+W)/BW_PEAK + a*min(R,W) --
MODEL   R=33554432 B (read)   W=16777216 B (write)   loop_trip L=1
MODEL   base = (R+W)/150 = 335.54 us
MODEL   turn = a*min(R,W) = 0.00574*16777216 = 96.30 us
MODEL   => T_model = 529.01 us
MODEL FEATS [{"name":"add","is_reduction":false,"out_elems":2097152,"cores":32,"dtype_bytes":2,"args":[{"name":"op0","role":"output","mem":"hbm","elems":2097152,"broadcast":false,"dims":[64,512,64],"logical":[512,4096],"loop_factor":1},{"name":"arg0_1","role":"input","mem":"hbm","elems":2097152,"broadcast":false,"dims":[64,512,64],"logical":[512,4096],"loop_factor":1},{"name":"arg1_1","role":"input","mem":"hbm","elems":2097152,"broadcast":false,"dims":[64,512,64],"logical":[512,4096],"loop_factor":1}],"reduction_cores":1,"loop_trip":1,"tiles_output_dim":false,"tile_rows_per_core":0.0,"is_matmul":false,"matmul_macs":0,"matmul_rows_per_core":0.0,"matmul_cols_per_core":0.0,"matmul_a_bytes":0,"matmul_b_bytes":0,"matmul_m_split":1,"matmul_n_split":1,"hbm_pattern":""},{"name":"add_1","is_reduction":false,"out_elems":2097152,"cores":32,"dtype_bytes":2,"args":[{"name":"op1","role":"output","mem":"hbm","elems":2097152,"broadcast":false,"dims":[64,512,64],"logical":[512,4096],"loop_factor":1},{"name":"buf0","role":"input","mem":"hbm","elems":2097152,"broadcast":false,"dims":[64,512,64],"logical":[512,4096],"loop_factor":1},{"name":"arg2_1","role":"input","mem":"hbm","elems":2097152,"broadcast":false,"dims":[64,512,64],"logical":[512,4096],"loop_factor":1}],"reduction_cores":1,"loop_trip":1,"tiles_output_dim":false,"tile_rows_per_core":0.0,"is_matmul":false,"matmul_macs":0,"matmul_rows_per_core":0.0,"matmul_cols_per_core":0.0,"matmul_a_bytes":0,"matmul_b_bytes":0,"matmul_m_split":1,"matmul_n_split":1,"hbm_pattern":""},{"name":"add_2","is_reduction":false,"out_elems":2097152,"cores":32,"dtype_bytes":2,"args":[{"name":"op2","role":"output","mem":"hbm","elems":2097152,"broadcast":false,"dims":[64,512,64],"logical":[512,4096],"loop_factor":1},{"name":"buf1","role":"input","mem":"hbm","elems":2097152,"broadcast":false,"dims":[64,512,64],"logical":[512,4096],"loop_factor":1},{"name":"arg3_1","role":"input","mem":"hbm","elems":2097152,"broadcast":false,"dims":[64,512,64],"logical":[512,4096],"loop_factor":1}],"reduction_cores":1,"loop_trip":1,"tiles_output_dim":false,"tile_rows_per_core":0.0,"is_matmul":false,"matmul_macs":0,"matmul_rows_per_core":0.0,"matmul_cols_per_core":0.0,"matmul_a_bytes":0,"matmul_b_bytes":0,"matmul_m_split":1,"matmul_n_split":1,"hbm_pattern":""},{"name":"add_3","is_reduction":false,"out_elems":2097152,"cores":32,"dtype_bytes":2,"args":[{"name":"op3","role":"output","mem":"hbm","elems":2097152,"broadcast":false,"dims":[64,512,64],"logical":[512,4096],"loop_factor":1},{"name":"buf2","role":"input","mem":"hbm","elems":2097152,"broadcast":false,"dims":[64,512,64],"logical":[512,4096],"loop_factor":1},{"name":"arg4_1","role":"input","mem":"hbm","elems":2097152,"broadcast":false,"dims":[64,512,64],"logical":[512,4096],"loop_factor":1}],"reduction_cores":1,"loop_trip":1,"tiles_output_dim":false,"tile_rows_per_core":0.0,"is_matmul":false,"matmul_macs":0,"matmul_rows_per_core":0.0,"matmul_cols_per_core":0.0,"matmul_a_bytes":0,"matmul_b_bytes":0,"matmul_m_split":1,"matmul_n_split":1,"hbm_pattern":""}]
SUMMARY op=add5 rows=512 cols=4096 cores=32 tiles=0 lx=0 io_hbm_bytes=50331648 kernel_us=588.076 pred_us=529.011 err_pct=-10.0 bw_gbps=85.6 memset_us=142.078 other_dev_us=383.740 total_dev_us=1113.894
-- add6 [512,4096] lx=0
  op_it_space_splits={d0: 32, d1: 1}
  op_it_space_splits={d0: 32, d1: 1}
  op_it_space_splits={d0: 32, d1: 1}
  op_it_space_splits={d0: 32, d1: 1}
  op_it_space_splits={d0: 32, d1: 1}
IO -- device-layout I/O (cost model, stick-padded) --
IO   op add
IO     output op0                    torch [512, 4096] -> device [64, 512, 64] in HBM = 2097152 elems x 2B = 4194304 B  (hbm counted: 4194304 B)
IO     input  arg0_1                 torch [512, 4096] -> device [64, 512, 64] in HBM = 2097152 elems x 2B = 4194304 B  (hbm counted: 4194304 B)
IO     input  arg1_1                 torch [512, 4096] -> device [64, 512, 64] in HBM = 2097152 elems x 2B = 4194304 B  (hbm counted: 4194304 B)
IO   op add_1
IO     output op1                    torch [512, 4096] -> device [64, 512, 64] in HBM = 2097152 elems x 2B = 4194304 B  (hbm counted: 4194304 B)
IO     input  buf0                   torch [512, 4096] -> device [64, 512, 64] in HBM = 2097152 elems x 2B = 4194304 B  (hbm counted: 4194304 B)
IO     input  arg2_1                 torch [512, 4096] -> device [64, 512, 64] in HBM = 2097152 elems x 2B = 4194304 B  (hbm counted: 4194304 B)
IO   op add_2
IO     output op2                    torch [512, 4096] -> device [64, 512, 64] in HBM = 2097152 elems x 2B = 4194304 B  (hbm counted: 4194304 B)
IO     input  buf1                   torch [512, 4096] -> device [64, 512, 64] in HBM = 2097152 elems x 2B = 4194304 B  (hbm counted: 4194304 B)
IO     input  arg3_1                 torch [512, 4096] -> device [64, 512, 64] in HBM = 2097152 elems x 2B = 4194304 B  (hbm counted: 4194304 B)
IO   op add_3
IO     output op3                    torch [512, 4096] -> device [64, 512, 64] in HBM = 2097152 elems x 2B = 4194304 B  (hbm counted: 4194304 B)
IO     input  buf2                   torch [512, 4096] -> device [64, 512, 64] in HBM = 2097152 elems x 2B = 4194304 B  (hbm counted: 4194304 B)
IO     input  arg4_1                 torch [512, 4096] -> device [64, 512, 64] in HBM = 2097152 elems x 2B = 4194304 B  (hbm counted: 4194304 B)
IO   op add_4
IO     output op4                    torch [512, 4096] -> device [64, 512, 64] in HBM = 2097152 elems x 2B = 4194304 B  (hbm counted: 4194304 B)
IO     input  buf3                   torch [512, 4096] -> device [64, 512, 64] in HBM = 2097152 elems x 2B = 4194304 B  (hbm counted: 4194304 B)
IO     input  arg5_1                 torch [512, 4096] -> device [64, 512, 64] in HBM = 2097152 elems x 2B = 4194304 B  (hbm counted: 4194304 B)
IO   => HBM I/O total = 62914560 B  (lx 0 B, ~free)
MODEL -- estimate (turnaround): T = (R+W)/BW_PEAK + a*min(R,W) --
MODEL   R=41943040 B (read)   W=20971520 B (write)   loop_trip L=1
MODEL   base = (R+W)/150 = 419.43 us
MODEL   turn = a*min(R,W) = 0.00574*20971520 = 120.38 us
MODEL   => T_model = 701.75 us
MODEL FEATS [{"name":"add","is_reduction":false,"out_elems":2097152,"cores":32,"dtype_bytes":2,"args":[{"name":"op0","role":"output","mem":"hbm","elems":2097152,"broadcast":false,"dims":[64,512,64],"logical":[512,4096],"loop_factor":1},{"name":"arg0_1","role":"input","mem":"hbm","elems":2097152,"broadcast":false,"dims":[64,512,64],"logical":[512,4096],"loop_factor":1},{"name":"arg1_1","role":"input","mem":"hbm","elems":2097152,"broadcast":false,"dims":[64,512,64],"logical":[512,4096],"loop_factor":1}],"reduction_cores":1,"loop_trip":1,"tiles_output_dim":false,"tile_rows_per_core":0.0,"is_matmul":false,"matmul_macs":0,"matmul_rows_per_core":0.0,"matmul_cols_per_core":0.0,"matmul_a_bytes":0,"matmul_b_bytes":0,"matmul_m_split":1,"matmul_n_split":1,"hbm_pattern":""},{"name":"add_1","is_reduction":false,"out_elems":2097152,"cores":32,"dtype_bytes":2,"args":[{"name":"op1","role":"output","mem":"hbm","elems":2097152,"broadcast":false,"dims":[64,512,64],"logical":[512,4096],"loop_factor":1},{"name":"buf0","role":"input","mem":"hbm","elems":2097152,"broadcast":false,"dims":[64,512,64],"logical":[512,4096],"loop_factor":1},{"name":"arg2_1","role":"input","mem":"hbm","elems":2097152,"broadcast":false,"dims":[64,512,64],"logical":[512,4096],"loop_factor":1}],"reduction_cores":1,"loop_trip":1,"tiles_output_dim":false,"tile_rows_per_core":0.0,"is_matmul":false,"matmul_macs":0,"matmul_rows_per_core":0.0,"matmul_cols_per_core":0.0,"matmul_a_bytes":0,"matmul_b_bytes":0,"matmul_m_split":1,"matmul_n_split":1,"hbm_pattern":""},{"name":"add_2","is_reduction":false,"out_elems":2097152,"cores":32,"dtype_bytes":2,"args":[{"name":"op2","role":"output","mem":"hbm","elems":2097152,"broadcast":false,"dims":[64,512,64],"logical":[512,4096],"loop_factor":1},{"name":"buf1","role":"input","mem":"hbm","elems":2097152,"broadcast":false,"dims":[64,512,64],"logical":[512,4096],"loop_factor":1},{"name":"arg3_1","role":"input","mem":"hbm","elems":2097152,"broadcast":false,"dims":[64,512,64],"logical":[512,4096],"loop_factor":1}],"reduction_cores":1,"loop_trip":1,"tiles_output_dim":false,"tile_rows_per_core":0.0,"is_matmul":false,"matmul_macs":0,"matmul_rows_per_core":0.0,"matmul_cols_per_core":0.0,"matmul_a_bytes":0,"matmul_b_bytes":0,"matmul_m_split":1,"matmul_n_split":1,"hbm_pattern":""},{"name":"add_3","is_reduction":false,"out_elems":2097152,"cores":32,"dtype_bytes":2,"args":[{"name":"op3","role":"output","mem":"hbm","elems":2097152,"broadcast":false,"dims":[64,512,64],"logical":[512,4096],"loop_factor":1},{"name":"buf2","role":"input","mem":"hbm","elems":2097152,"broadcast":false,"dims":[64,512,64],"logical":[512,4096],"loop_factor":1},{"name":"arg4_1","role":"input","mem":"hbm","elems":2097152,"broadcast":false,"dims":[64,512,64],"logical":[512,4096],"loop_factor":1}],"reduction_cores":1,"loop_trip":1,"tiles_output_dim":false,"tile_rows_per_core":0.0,"is_matmul":false,"matmul_macs":0,"matmul_rows_per_core":0.0,"matmul_cols_per_core":0.0,"matmul_a_bytes":0,"matmul_b_bytes":0,"matmul_m_split":1,"matmul_n_split":1,"hbm_pattern":""},{"name":"add_4","is_reduction":false,"out_elems":2097152,"cores":32,"dtype_bytes":2,"args":[{"name":"op4","role":"output","mem":"hbm","elems":2097152,"broadcast":false,"dims":[64,512,64],"logical":[512,4096],"loop_factor":1},{"name":"buf3","role":"input","mem":"hbm","elems":2097152,"broadcast":false,"dims":[64,512,64],"logical":[512,4096],"loop_factor":1},{"name":"arg5_1","role":"input","mem":"hbm","elems":2097152,"broadcast":false,"dims":[64,512,64],"logical":[512,4096],"loop_factor":1}],"reduction_cores":1,"loop_trip":1,"tiles_output_dim":false,"tile_rows_per_core":0.0,"is_matmul":false,"matmul_macs":0,"matmul_rows_per_core":0.0,"matmul_cols_per_core":0.0,"matmul_a_bytes":0,"matmul_b_bytes":0,"matmul_m_split":1,"matmul_n_split":1,"hbm_pattern":""}]
SUMMARY op=add6 rows=512 cols=4096 cores=32 tiles=0 lx=0 io_hbm_bytes=62914560 kernel_us=779.467 pred_us=701.749 err_pct=-10.0 bw_gbps=80.7 memset_us=152.243 other_dev_us=349.156 total_dev_us=1280.866
-- add3_sep [512,4096] lx=0
  op_it_space_splits={d0: 32, d1: 1}
IO -- device-layout I/O (cost model, stick-padded) --
IO   op add
IO     output op0                    torch [512, 4096] -> device [64, 512, 64] in HBM = 2097152 elems x 2B = 4194304 B  (hbm counted: 4194304 B)
IO     input  arg0_1                 torch [512, 4096] -> device [64, 512, 64] in HBM = 2097152 elems x 2B = 4194304 B  (hbm counted: 4194304 B)
IO     input  arg1_1                 torch [512, 4096] -> device [64, 512, 64] in HBM = 2097152 elems x 2B = 4194304 B  (hbm counted: 4194304 B)
IO   => HBM I/O total = 12582912 B  (lx 0 B, ~free)
MODEL -- estimate (turnaround): T = (R+W)/BW_PEAK + a*min(R,W) --
MODEL   R=8388608 B (read)   W=4194304 B (write)   loop_trip L=1
MODEL   base = (R+W)/150 = 83.89 us
MODEL   turn = a*min(R,W) = 0.00574*4194304 = 24.08 us
MODEL   => T_model = 107.96 us
MODEL FEATS [{"name":"add","is_reduction":false,"out_elems":2097152,"cores":32,"dtype_bytes":2,"args":[{"name":"op0","role":"output","mem":"hbm","elems":2097152,"broadcast":false,"dims":[64,512,64],"logical":[512,4096],"loop_factor":1},{"name":"arg0_1","role":"input","mem":"hbm","elems":2097152,"broadcast":false,"dims":[64,512,64],"logical":[512,4096],"loop_factor":1},{"name":"arg1_1","role":"input","mem":"hbm","elems":2097152,"broadcast":false,"dims":[64,512,64],"logical":[512,4096],"loop_factor":1}],"reduction_cores":1,"loop_trip":1,"tiles_output_dim":false,"tile_rows_per_core":0.0,"is_matmul":false,"matmul_macs":0,"matmul_rows_per_core":0.0,"matmul_cols_per_core":0.0,"matmul_a_bytes":0,"matmul_b_bytes":0,"matmul_m_split":1,"matmul_n_split":1,"hbm_pattern":""}]
SUMMARY op=add3_sep rows=512 cols=4096 cores=32 tiles=0 lx=0 io_hbm_bytes=12582912 kernel_us=262.064 pred_us=107.961 err_pct=-58.8 bw_gbps=48.0 memset_us=121.642 other_dev_us=373.728 total_dev_us=757.434
-- add4_sep [512,4096] lx=0
  op_it_space_splits={d0: 32, d1: 1}
IO -- device-layout I/O (cost model, stick-padded) --
IO   op add
IO     output op0                    torch [512, 4096] -> device [64, 512, 64] in HBM = 2097152 elems x 2B = 4194304 B  (hbm counted: 4194304 B)
IO     input  arg0_1                 torch [512, 4096] -> device [64, 512, 64] in HBM = 2097152 elems x 2B = 4194304 B  (hbm counted: 4194304 B)
IO     input  arg1_1                 torch [512, 4096] -> device [64, 512, 64] in HBM = 2097152 elems x 2B = 4194304 B  (hbm counted: 4194304 B)
IO   => HBM I/O total = 12582912 B  (lx 0 B, ~free)
MODEL -- estimate (turnaround): T = (R+W)/BW_PEAK + a*min(R,W) --
MODEL   R=8388608 B (read)   W=4194304 B (write)   loop_trip L=1
MODEL   base = (R+W)/150 = 83.89 us
MODEL   turn = a*min(R,W) = 0.00574*4194304 = 24.08 us
MODEL   => T_model = 107.96 us
MODEL FEATS [{"name":"add","is_reduction":false,"out_elems":2097152,"cores":32,"dtype_bytes":2,"args":[{"name":"op0","role":"output","mem":"hbm","elems":2097152,"broadcast":false,"dims":[64,512,64],"logical":[512,4096],"loop_factor":1},{"name":"arg0_1","role":"input","mem":"hbm","elems":2097152,"broadcast":false,"dims":[64,512,64],"logical":[512,4096],"loop_factor":1},{"name":"arg1_1","role":"input","mem":"hbm","elems":2097152,"broadcast":false,"dims":[64,512,64],"logical":[512,4096],"loop_factor":1}],"reduction_cores":1,"loop_trip":1,"tiles_output_dim":false,"tile_rows_per_core":0.0,"is_matmul":false,"matmul_macs":0,"matmul_rows_per_core":0.0,"matmul_cols_per_core":0.0,"matmul_a_bytes":0,"matmul_b_bytes":0,"matmul_m_split":1,"matmul_n_split":1,"hbm_pattern":""}]
SUMMARY op=add4_sep rows=512 cols=4096 cores=32 tiles=0 lx=0 io_hbm_bytes=12582912 kernel_us=370.019 pred_us=107.961 err_pct=-70.8 bw_gbps=34.0 memset_us=132.905 other_dev_us=160.958 total_dev_us=663.882
-- add5_sep [512,4096] lx=0
  op_it_space_splits={d0: 32, d1: 1}
IO -- device-layout I/O (cost model, stick-padded) --
IO   op add
IO     output op0                    torch [512, 4096] -> device [64, 512, 64] in HBM = 2097152 elems x 2B = 4194304 B  (hbm counted: 4194304 B)
IO     input  arg0_1                 torch [512, 4096] -> device [64, 512, 64] in HBM = 2097152 elems x 2B = 4194304 B  (hbm counted: 4194304 B)
IO     input  arg1_1                 torch [512, 4096] -> device [64, 512, 64] in HBM = 2097152 elems x 2B = 4194304 B  (hbm counted: 4194304 B)
IO   => HBM I/O total = 12582912 B  (lx 0 B, ~free)
MODEL -- estimate (turnaround): T = (R+W)/BW_PEAK + a*min(R,W) --
MODEL   R=8388608 B (read)   W=4194304 B (write)   loop_trip L=1
MODEL   base = (R+W)/150 = 83.89 us
MODEL   turn = a*min(R,W) = 0.00574*4194304 = 24.08 us
MODEL   => T_model = 107.96 us
MODEL FEATS [{"name":"add","is_reduction":false,"out_elems":2097152,"cores":32,"dtype_bytes":2,"args":[{"name":"op0","role":"output","mem":"hbm","elems":2097152,"broadcast":false,"dims":[64,512,64],"logical":[512,4096],"loop_factor":1},{"name":"arg0_1","role":"input","mem":"hbm","elems":2097152,"broadcast":false,"dims":[64,512,64],"logical":[512,4096],"loop_factor":1},{"name":"arg1_1","role":"input","mem":"hbm","elems":2097152,"broadcast":false,"dims":[64,512,64],"logical":[512,4096],"loop_factor":1}],"reduction_cores":1,"loop_trip":1,"tiles_output_dim":false,"tile_rows_per_core":0.0,"is_matmul":false,"matmul_macs":0,"matmul_rows_per_core":0.0,"matmul_cols_per_core":0.0,"matmul_a_bytes":0,"matmul_b_bytes":0,"matmul_m_split":1,"matmul_n_split":1,"hbm_pattern":""}]
SUMMARY op=add5_sep rows=512 cols=4096 cores=32 tiles=0 lx=0 io_hbm_bytes=12582912 kernel_us=592.438 pred_us=107.961 err_pct=-81.8 bw_gbps=21.2 memset_us=131.230 other_dev_us=354.753 total_dev_us=1078.421
-- add6_sep [512,4096] lx=0
  op_it_space_splits={d0: 32, d1: 1}
IO -- device-layout I/O (cost model, stick-padded) --
IO   op add
IO     output op0                    torch [512, 4096] -> device [64, 512, 64] in HBM = 2097152 elems x 2B = 4194304 B  (hbm counted: 4194304 B)
IO     input  arg0_1                 torch [512, 4096] -> device [64, 512, 64] in HBM = 2097152 elems x 2B = 4194304 B  (hbm counted: 4194304 B)
IO     input  arg1_1                 torch [512, 4096] -> device [64, 512, 64] in HBM = 2097152 elems x 2B = 4194304 B  (hbm counted: 4194304 B)
IO   => HBM I/O total = 12582912 B  (lx 0 B, ~free)
MODEL -- estimate (turnaround): T = (R+W)/BW_PEAK + a*min(R,W) --
MODEL   R=8388608 B (read)   W=4194304 B (write)   loop_trip L=1
MODEL   base = (R+W)/150 = 83.89 us
MODEL   turn = a*min(R,W) = 0.00574*4194304 = 24.08 us
MODEL   => T_model = 107.96 us
MODEL FEATS [{"name":"add","is_reduction":false,"out_elems":2097152,"cores":32,"dtype_bytes":2,"args":[{"name":"op0","role":"output","mem":"hbm","elems":2097152,"broadcast":false,"dims":[64,512,64],"logical":[512,4096],"loop_factor":1},{"name":"arg0_1","role":"input","mem":"hbm","elems":2097152,"broadcast":false,"dims":[64,512,64],"logical":[512,4096],"loop_factor":1},{"name":"arg1_1","role":"input","mem":"hbm","elems":2097152,"broadcast":false,"dims":[64,512,64],"logical":[512,4096],"loop_factor":1}],"reduction_cores":1,"loop_trip":1,"tiles_output_dim":false,"tile_rows_per_core":0.0,"is_matmul":false,"matmul_macs":0,"matmul_rows_per_core":0.0,"matmul_cols_per_core":0.0,"matmul_a_bytes":0,"matmul_b_bytes":0,"matmul_m_split":1,"matmul_n_split":1,"hbm_pattern":""}]
SUMMARY op=add6_sep rows=512 cols=4096 cores=32 tiles=0 lx=0 io_hbm_bytes=12582912 kernel_us=706.745 pred_us=107.961 err_pct=-84.7 bw_gbps=17.8 memset_us=136.889 other_dev_us=423.766 total_dev_us=1267.400
-- add [8192,4096] lx=0
  op_it_space_splits={d0: 32, d1: 1}
IO -- device-layout I/O (cost model, stick-padded) --
IO   op add
IO     output op0                    torch [8192, 4096] -> device [64, 8192, 64] in HBM = 33554432 elems x 2B = 67108864 B  (hbm counted: 67108864 B)
IO     input  arg0_1                 torch [8192, 4096] -> device [64, 8192, 64] in HBM = 33554432 elems x 2B = 67108864 B  (hbm counted: 67108864 B)
IO     input  arg1_1                 torch [8192, 4096] -> device [64, 8192, 64] in HBM = 33554432 elems x 2B = 67108864 B  (hbm counted: 67108864 B)
IO   => HBM I/O total = 201326592 B  (lx 0 B, ~free)
MODEL -- estimate (turnaround): T = (R+W)/BW_PEAK + a*min(R,W) --
MODEL   R=134217728 B (read)   W=67108864 B (write)   loop_trip L=1
MODEL   base = (R+W)/150 = 1342.18 us
MODEL   turn = a*min(R,W) = 0.00574*67108864 = 385.20 us
MODEL   => T_model = 1727.38 us
MODEL FEATS [{"name":"add","is_reduction":false,"out_elems":33554432,"cores":32,"dtype_bytes":2,"args":[{"name":"op0","role":"output","mem":"hbm","elems":33554432,"broadcast":false,"dims":[64,8192,64],"logical":[8192,4096],"loop_factor":1},{"name":"arg0_1","role":"input","mem":"hbm","elems":33554432,"broadcast":false,"dims":[64,8192,64],"logical":[8192,4096],"loop_factor":1},{"name":"arg1_1","role":"input","mem":"hbm","elems":33554432,"broadcast":false,"dims":[64,8192,64],"logical":[8192,4096],"loop_factor":1}],"reduction_cores":1,"loop_trip":1,"tiles_output_dim":false,"tile_rows_per_core":0.0,"is_matmul":false,"matmul_macs":0,"matmul_rows_per_core":0.0,"matmul_cols_per_core":0.0,"matmul_a_bytes":0,"matmul_b_bytes":0,"matmul_m_split":1,"matmul_n_split":1,"hbm_pattern":""}]
SUMMARY op=add rows=8192 cols=4096 cores=32 tiles=0 lx=0 io_hbm_bytes=201326592 kernel_us=1837.430 pred_us=1727.382 err_pct=-6.0 bw_gbps=109.6 memset_us=1066.685 other_dev_us=5949.226 total_dev_us=8853.341
-- add3 [8192,4096] lx=0
  op_it_space_splits={d0: 32, d1: 1}
  op_it_space_splits={d0: 32, d1: 1}
IO -- device-layout I/O (cost model, stick-padded) --
IO   op add
IO     output op0                    torch [8192, 4096] -> device [64, 8192, 64] in HBM = 33554432 elems x 2B = 67108864 B  (hbm counted: 67108864 B)
IO     input  arg0_1                 torch [8192, 4096] -> device [64, 8192, 64] in HBM = 33554432 elems x 2B = 67108864 B  (hbm counted: 67108864 B)
IO     input  arg1_1                 torch [8192, 4096] -> device [64, 8192, 64] in HBM = 33554432 elems x 2B = 67108864 B  (hbm counted: 67108864 B)
IO   op add_1
IO     output op1                    torch [8192, 4096] -> device [64, 8192, 64] in HBM = 33554432 elems x 2B = 67108864 B  (hbm counted: 67108864 B)
IO     input  buf0                   torch [8192, 4096] -> device [64, 8192, 64] in HBM = 33554432 elems x 2B = 67108864 B  (hbm counted: 67108864 B)
IO     input  arg2_1                 torch [8192, 4096] -> device [64, 8192, 64] in HBM = 33554432 elems x 2B = 67108864 B  (hbm counted: 67108864 B)
IO   => HBM I/O total = 402653184 B  (lx 0 B, ~free)
MODEL -- estimate (turnaround): T = (R+W)/BW_PEAK + a*min(R,W) --
MODEL   R=268435456 B (read)   W=134217728 B (write)   loop_trip L=1
MODEL   base = (R+W)/150 = 2684.35 us
MODEL   turn = a*min(R,W) = 0.00574*134217728 = 770.41 us
MODEL   => T_model = 3713.87 us
MODEL FEATS [{"name":"add","is_reduction":false,"out_elems":33554432,"cores":32,"dtype_bytes":2,"args":[{"name":"op0","role":"output","mem":"hbm","elems":33554432,"broadcast":false,"dims":[64,8192,64],"logical":[8192,4096],"loop_factor":1},{"name":"arg0_1","role":"input","mem":"hbm","elems":33554432,"broadcast":false,"dims":[64,8192,64],"logical":[8192,4096],"loop_factor":1},{"name":"arg1_1","role":"input","mem":"hbm","elems":33554432,"broadcast":false,"dims":[64,8192,64],"logical":[8192,4096],"loop_factor":1}],"reduction_cores":1,"loop_trip":1,"tiles_output_dim":false,"tile_rows_per_core":0.0,"is_matmul":false,"matmul_macs":0,"matmul_rows_per_core":0.0,"matmul_cols_per_core":0.0,"matmul_a_bytes":0,"matmul_b_bytes":0,"matmul_m_split":1,"matmul_n_split":1,"hbm_pattern":""},{"name":"add_1","is_reduction":false,"out_elems":33554432,"cores":32,"dtype_bytes":2,"args":[{"name":"op1","role":"output","mem":"hbm","elems":33554432,"broadcast":false,"dims":[64,8192,64],"logical":[8192,4096],"loop_factor":1},{"name":"buf0","role":"input","mem":"hbm","elems":33554432,"broadcast":false,"dims":[64,8192,64],"logical":[8192,4096],"loop_factor":1},{"name":"arg2_1","role":"input","mem":"hbm","elems":33554432,"broadcast":false,"dims":[64,8192,64],"logical":[8192,4096],"loop_factor":1}],"reduction_cores":1,"loop_trip":1,"tiles_output_dim":false,"tile_rows_per_core":0.0,"is_matmul":false,"matmul_macs":0,"matmul_rows_per_core":0.0,"matmul_cols_per_core":0.0,"matmul_a_bytes":0,"matmul_b_bytes":0,"matmul_m_split":1,"matmul_n_split":1,"hbm_pattern":""}]
SUMMARY op=add3 rows=8192 cols=4096 cores=32 tiles=0 lx=0 io_hbm_bytes=402653184 kernel_us=3862.758 pred_us=3713.872 err_pct=-3.9 bw_gbps=104.2 memset_us=1070.006 other_dev_us=6045.156 total_dev_us=10977.920
-- add4 [8192,4096] lx=0
  op_it_space_splits={d0: 32, d1: 1}
  op_it_space_splits={d0: 32, d1: 1}
  op_it_space_splits={d0: 32, d1: 1}
IO -- device-layout I/O (cost model, stick-padded) --
IO   op add
IO     output op0                    torch [8192, 4096] -> device [64, 8192, 64] in HBM = 33554432 elems x 2B = 67108864 B  (hbm counted: 67108864 B)
IO     input  arg0_1                 torch [8192, 4096] -> device [64, 8192, 64] in HBM = 33554432 elems x 2B = 67108864 B  (hbm counted: 67108864 B)
IO     input  arg1_1                 torch [8192, 4096] -> device [64, 8192, 64] in HBM = 33554432 elems x 2B = 67108864 B  (hbm counted: 67108864 B)
IO   op add_1
IO     output op1                    torch [8192, 4096] -> device [64, 8192, 64] in HBM = 33554432 elems x 2B = 67108864 B  (hbm counted: 67108864 B)
IO     input  buf0                   torch [8192, 4096] -> device [64, 8192, 64] in HBM = 33554432 elems x 2B = 67108864 B  (hbm counted: 67108864 B)
IO     input  arg2_1                 torch [8192, 4096] -> device [64, 8192, 64] in HBM = 33554432 elems x 2B = 67108864 B  (hbm counted: 67108864 B)
IO   op add_2
IO     output op2                    torch [8192, 4096] -> device [64, 8192, 64] in HBM = 33554432 elems x 2B = 67108864 B  (hbm counted: 67108864 B)
IO     input  buf1                   torch [8192, 4096] -> device [64, 8192, 64] in HBM = 33554432 elems x 2B = 67108864 B  (hbm counted: 67108864 B)
IO     input  arg3_1                 torch [8192, 4096] -> device [64, 8192, 64] in HBM = 33554432 elems x 2B = 67108864 B  (hbm counted: 67108864 B)
IO   => HBM I/O total = 603979776 B  (lx 0 B, ~free)
MODEL -- estimate (turnaround): T = (R+W)/BW_PEAK + a*min(R,W) --
MODEL   R=402653184 B (read)   W=201326592 B (write)   loop_trip L=1
MODEL   base = (R+W)/150 = 4026.53 us
MODEL   turn = a*min(R,W) = 0.00574*201326592 = 1155.61 us
MODEL   => T_model = 5959.47 us
MODEL FEATS [{"name":"add","is_reduction":false,"out_elems":33554432,"cores":32,"dtype_bytes":2,"args":[{"name":"op0","role":"output","mem":"hbm","elems":33554432,"broadcast":false,"dims":[64,8192,64],"logical":[8192,4096],"loop_factor":1},{"name":"arg0_1","role":"input","mem":"hbm","elems":33554432,"broadcast":false,"dims":[64,8192,64],"logical":[8192,4096],"loop_factor":1},{"name":"arg1_1","role":"input","mem":"hbm","elems":33554432,"broadcast":false,"dims":[64,8192,64],"logical":[8192,4096],"loop_factor":1}],"reduction_cores":1,"loop_trip":1,"tiles_output_dim":false,"tile_rows_per_core":0.0,"is_matmul":false,"matmul_macs":0,"matmul_rows_per_core":0.0,"matmul_cols_per_core":0.0,"matmul_a_bytes":0,"matmul_b_bytes":0,"matmul_m_split":1,"matmul_n_split":1,"hbm_pattern":""},{"name":"add_1","is_reduction":false,"out_elems":33554432,"cores":32,"dtype_bytes":2,"args":[{"name":"op1","role":"output","mem":"hbm","elems":33554432,"broadcast":false,"dims":[64,8192,64],"logical":[8192,4096],"loop_factor":1},{"name":"buf0","role":"input","mem":"hbm","elems":33554432,"broadcast":false,"dims":[64,8192,64],"logical":[8192,4096],"loop_factor":1},{"name":"arg2_1","role":"input","mem":"hbm","elems":33554432,"broadcast":false,"dims":[64,8192,64],"logical":[8192,4096],"loop_factor":1}],"reduction_cores":1,"loop_trip":1,"tiles_output_dim":false,"tile_rows_per_core":0.0,"is_matmul":false,"matmul_macs":0,"matmul_rows_per_core":0.0,"matmul_cols_per_core":0.0,"matmul_a_bytes":0,"matmul_b_bytes":0,"matmul_m_split":1,"matmul_n_split":1,"hbm_pattern":""},{"name":"add_2","is_reduction":false,"out_elems":33554432,"cores":32,"dtype_bytes":2,"args":[{"name":"op2","role":"output","mem":"hbm","elems":33554432,"broadcast":false,"dims":[64,8192,64],"logical":[8192,4096],"loop_factor":1},{"name":"buf1","role":"input","mem":"hbm","elems":33554432,"broadcast":false,"dims":[64,8192,64],"logical":[8192,4096],"loop_factor":1},{"name":"arg3_1","role":"input","mem":"hbm","elems":33554432,"broadcast":false,"dims":[64,8192,64],"logical":[8192,4096],"loop_factor":1}],"reduction_cores":1,"loop_trip":1,"tiles_output_dim":false,"tile_rows_per_core":0.0,"is_matmul":false,"matmul_macs":0,"matmul_rows_per_core":0.0,"matmul_cols_per_core":0.0,"matmul_a_bytes":0,"matmul_b_bytes":0,"matmul_m_split":1,"matmul_n_split":1,"hbm_pattern":""}]
SUMMARY op=add4 rows=8192 cols=4096 cores=32 tiles=0 lx=0 io_hbm_bytes=603979776 kernel_us=6112.798 pred_us=5959.468 err_pct=-2.5 bw_gbps=98.8 memset_us=1076.760 other_dev_us=5786.821 total_dev_us=12976.379
-- add5 [8192,4096] lx=0
  op_it_space_splits={d0: 32, d1: 1}
  op_it_space_splits={d0: 32, d1: 1}
  op_it_space_splits={d0: 32, d1: 1}
  op_it_space_splits={d0: 32, d1: 1}
IO -- device-layout I/O (cost model, stick-padded) --
IO   op add
IO     output op0                    torch [8192, 4096] -> device [64, 8192, 64] in HBM = 33554432 elems x 2B = 67108864 B  (hbm counted: 67108864 B)
IO     input  arg0_1                 torch [8192, 4096] -> device [64, 8192, 64] in HBM = 33554432 elems x 2B = 67108864 B  (hbm counted: 67108864 B)
IO     input  arg1_1                 torch [8192, 4096] -> device [64, 8192, 64] in HBM = 33554432 elems x 2B = 67108864 B  (hbm counted: 67108864 B)
IO   op add_1
IO     output op1                    torch [8192, 4096] -> device [64, 8192, 64] in HBM = 33554432 elems x 2B = 67108864 B  (hbm counted: 67108864 B)
IO     input  buf0                   torch [8192, 4096] -> device [64, 8192, 64] in HBM = 33554432 elems x 2B = 67108864 B  (hbm counted: 67108864 B)
IO     input  arg2_1                 torch [8192, 4096] -> device [64, 8192, 64] in HBM = 33554432 elems x 2B = 67108864 B  (hbm counted: 67108864 B)
IO   op add_2
IO     output op2                    torch [8192, 4096] -> device [64, 8192, 64] in HBM = 33554432 elems x 2B = 67108864 B  (hbm counted: 67108864 B)
IO     input  buf1                   torch [8192, 4096] -> device [64, 8192, 64] in HBM = 33554432 elems x 2B = 67108864 B  (hbm counted: 67108864 B)
IO     input  arg3_1                 torch [8192, 4096] -> device [64, 8192, 64] in HBM = 33554432 elems x 2B = 67108864 B  (hbm counted: 67108864 B)
IO   op add_3
IO     output op3                    torch [8192, 4096] -> device [64, 8192, 64] in HBM = 33554432 elems x 2B = 67108864 B  (hbm counted: 67108864 B)
IO     input  buf2                   torch [8192, 4096] -> device [64, 8192, 64] in HBM = 33554432 elems x 2B = 67108864 B  (hbm counted: 67108864 B)
IO     input  arg4_1                 torch [8192, 4096] -> device [64, 8192, 64] in HBM = 33554432 elems x 2B = 67108864 B  (hbm counted: 67108864 B)
IO   => HBM I/O total = 805306368 B  (lx 0 B, ~free)
MODEL -- estimate (turnaround): T = (R+W)/BW_PEAK + a*min(R,W) --
MODEL   R=536870912 B (read)   W=268435456 B (write)   loop_trip L=1
MODEL   base = (R+W)/150 = 5368.71 us
MODEL   turn = a*min(R,W) = 0.00574*268435456 = 1540.82 us
MODEL   => T_model = 8464.17 us
MODEL FEATS [{"name":"add","is_reduction":false,"out_elems":33554432,"cores":32,"dtype_bytes":2,"args":[{"name":"op0","role":"output","mem":"hbm","elems":33554432,"broadcast":false,"dims":[64,8192,64],"logical":[8192,4096],"loop_factor":1},{"name":"arg0_1","role":"input","mem":"hbm","elems":33554432,"broadcast":false,"dims":[64,8192,64],"logical":[8192,4096],"loop_factor":1},{"name":"arg1_1","role":"input","mem":"hbm","elems":33554432,"broadcast":false,"dims":[64,8192,64],"logical":[8192,4096],"loop_factor":1}],"reduction_cores":1,"loop_trip":1,"tiles_output_dim":false,"tile_rows_per_core":0.0,"is_matmul":false,"matmul_macs":0,"matmul_rows_per_core":0.0,"matmul_cols_per_core":0.0,"matmul_a_bytes":0,"matmul_b_bytes":0,"matmul_m_split":1,"matmul_n_split":1,"hbm_pattern":""},{"name":"add_1","is_reduction":false,"out_elems":33554432,"cores":32,"dtype_bytes":2,"args":[{"name":"op1","role":"output","mem":"hbm","elems":33554432,"broadcast":false,"dims":[64,8192,64],"logical":[8192,4096],"loop_factor":1},{"name":"buf0","role":"input","mem":"hbm","elems":33554432,"broadcast":false,"dims":[64,8192,64],"logical":[8192,4096],"loop_factor":1},{"name":"arg2_1","role":"input","mem":"hbm","elems":33554432,"broadcast":false,"dims":[64,8192,64],"logical":[8192,4096],"loop_factor":1}],"reduction_cores":1,"loop_trip":1,"tiles_output_dim":false,"tile_rows_per_core":0.0,"is_matmul":false,"matmul_macs":0,"matmul_rows_per_core":0.0,"matmul_cols_per_core":0.0,"matmul_a_bytes":0,"matmul_b_bytes":0,"matmul_m_split":1,"matmul_n_split":1,"hbm_pattern":""},{"name":"add_2","is_reduction":false,"out_elems":33554432,"cores":32,"dtype_bytes":2,"args":[{"name":"op2","role":"output","mem":"hbm","elems":33554432,"broadcast":false,"dims":[64,8192,64],"logical":[8192,4096],"loop_factor":1},{"name":"buf1","role":"input","mem":"hbm","elems":33554432,"broadcast":false,"dims":[64,8192,64],"logical":[8192,4096],"loop_factor":1},{"name":"arg3_1","role":"input","mem":"hbm","elems":33554432,"broadcast":false,"dims":[64,8192,64],"logical":[8192,4096],"loop_factor":1}],"reduction_cores":1,"loop_trip":1,"tiles_output_dim":false,"tile_rows_per_core":0.0,"is_matmul":false,"matmul_macs":0,"matmul_rows_per_core":0.0,"matmul_cols_per_core":0.0,"matmul_a_bytes":0,"matmul_b_bytes":0,"matmul_m_split":1,"matmul_n_split":1,"hbm_pattern":""},{"name":"add_3","is_reduction":false,"out_elems":33554432,"cores":32,"dtype_bytes":2,"args":[{"name":"op3","role":"output","mem":"hbm","elems":33554432,"broadcast":false,"dims":[64,8192,64],"logical":[8192,4096],"loop_factor":1},{"name":"buf2","role":"input","mem":"hbm","elems":33554432,"broadcast":false,"dims":[64,8192,64],"logical":[8192,4096],"loop_factor":1},{"name":"arg4_1","role":"input","mem":"hbm","elems":33554432,"broadcast":false,"dims":[64,8192,64],"logical":[8192,4096],"loop_factor":1}],"reduction_cores":1,"loop_trip":1,"tiles_output_dim":false,"tile_rows_per_core":0.0,"is_matmul":false,"matmul_macs":0,"matmul_rows_per_core":0.0,"matmul_cols_per_core":0.0,"matmul_a_bytes":0,"matmul_b_bytes":0,"matmul_m_split":1,"matmul_n_split":1,"hbm_pattern":""}]
SUMMARY op=add5 rows=8192 cols=4096 cores=32 tiles=0 lx=0 io_hbm_bytes=805306368 kernel_us=8260.697 pred_us=8464.173 err_pct=+2.5 bw_gbps=97.5 memset_us=1079.986 other_dev_us=6060.478 total_dev_us=15401.161
-- add6 [8192,4096] lx=0
  op_it_space_splits={d0: 32, d1: 1}
  op_it_space_splits={d0: 32, d1: 1}
  op_it_space_splits={d0: 32, d1: 1}
  op_it_space_splits={d0: 32, d1: 1}
  op_it_space_splits={d0: 32, d1: 1}
IO -- device-layout I/O (cost model, stick-padded) --
IO   op add
IO     output op0                    torch [8192, 4096] -> device [64, 8192, 64] in HBM = 33554432 elems x 2B = 67108864 B  (hbm counted: 67108864 B)
IO     input  arg0_1                 torch [8192, 4096] -> device [64, 8192, 64] in HBM = 33554432 elems x 2B = 67108864 B  (hbm counted: 67108864 B)
IO     input  arg1_1                 torch [8192, 4096] -> device [64, 8192, 64] in HBM = 33554432 elems x 2B = 67108864 B  (hbm counted: 67108864 B)
IO   op add_1
IO     output op1                    torch [8192, 4096] -> device [64, 8192, 64] in HBM = 33554432 elems x 2B = 67108864 B  (hbm counted: 67108864 B)
IO     input  buf0                   torch [8192, 4096] -> device [64, 8192, 64] in HBM = 33554432 elems x 2B = 67108864 B  (hbm counted: 67108864 B)
IO     input  arg2_1                 torch [8192, 4096] -> device [64, 8192, 64] in HBM = 33554432 elems x 2B = 67108864 B  (hbm counted: 67108864 B)
IO   op add_2
IO     output op2                    torch [8192, 4096] -> device [64, 8192, 64] in HBM = 33554432 elems x 2B = 67108864 B  (hbm counted: 67108864 B)
IO     input  buf1                   torch [8192, 4096] -> device [64, 8192, 64] in HBM = 33554432 elems x 2B = 67108864 B  (hbm counted: 67108864 B)
IO     input  arg3_1                 torch [8192, 4096] -> device [64, 8192, 64] in HBM = 33554432 elems x 2B = 67108864 B  (hbm counted: 67108864 B)
IO   op add_3
IO     output op3                    torch [8192, 4096] -> device [64, 8192, 64] in HBM = 33554432 elems x 2B = 67108864 B  (hbm counted: 67108864 B)
IO     input  buf2                   torch [8192, 4096] -> device [64, 8192, 64] in HBM = 33554432 elems x 2B = 67108864 B  (hbm counted: 67108864 B)
IO     input  arg4_1                 torch [8192, 4096] -> device [64, 8192, 64] in HBM = 33554432 elems x 2B = 67108864 B  (hbm counted: 67108864 B)
IO   op add_4
IO     output op4                    torch [8192, 4096] -> device [64, 8192, 64] in HBM = 33554432 elems x 2B = 67108864 B  (hbm counted: 67108864 B)
IO     input  buf3                   torch [8192, 4096] -> device [64, 8192, 64] in HBM = 33554432 elems x 2B = 67108864 B  (hbm counted: 67108864 B)
IO     input  arg5_1                 torch [8192, 4096] -> device [64, 8192, 64] in HBM = 33554432 elems x 2B = 67108864 B  (hbm counted: 67108864 B)
IO   => HBM I/O total = 1006632960 B  (lx 0 B, ~free)
MODEL -- estimate (turnaround): T = (R+W)/BW_PEAK + a*min(R,W) --
MODEL   R=671088640 B (read)   W=335544320 B (write)   loop_trip L=1
MODEL   base = (R+W)/150 = 6710.89 us
MODEL   turn = a*min(R,W) = 0.00574*335544320 = 1926.02 us
MODEL   => T_model = 11227.98 us
MODEL FEATS [{"name":"add","is_reduction":false,"out_elems":33554432,"cores":32,"dtype_bytes":2,"args":[{"name":"op0","role":"output","mem":"hbm","elems":33554432,"broadcast":false,"dims":[64,8192,64],"logical":[8192,4096],"loop_factor":1},{"name":"arg0_1","role":"input","mem":"hbm","elems":33554432,"broadcast":false,"dims":[64,8192,64],"logical":[8192,4096],"loop_factor":1},{"name":"arg1_1","role":"input","mem":"hbm","elems":33554432,"broadcast":false,"dims":[64,8192,64],"logical":[8192,4096],"loop_factor":1}],"reduction_cores":1,"loop_trip":1,"tiles_output_dim":false,"tile_rows_per_core":0.0,"is_matmul":false,"matmul_macs":0,"matmul_rows_per_core":0.0,"matmul_cols_per_core":0.0,"matmul_a_bytes":0,"matmul_b_bytes":0,"matmul_m_split":1,"matmul_n_split":1,"hbm_pattern":""},{"name":"add_1","is_reduction":false,"out_elems":33554432,"cores":32,"dtype_bytes":2,"args":[{"name":"op1","role":"output","mem":"hbm","elems":33554432,"broadcast":false,"dims":[64,8192,64],"logical":[8192,4096],"loop_factor":1},{"name":"buf0","role":"input","mem":"hbm","elems":33554432,"broadcast":false,"dims":[64,8192,64],"logical":[8192,4096],"loop_factor":1},{"name":"arg2_1","role":"input","mem":"hbm","elems":33554432,"broadcast":false,"dims":[64,8192,64],"logical":[8192,4096],"loop_factor":1}],"reduction_cores":1,"loop_trip":1,"tiles_output_dim":false,"tile_rows_per_core":0.0,"is_matmul":false,"matmul_macs":0,"matmul_rows_per_core":0.0,"matmul_cols_per_core":0.0,"matmul_a_bytes":0,"matmul_b_bytes":0,"matmul_m_split":1,"matmul_n_split":1,"hbm_pattern":""},{"name":"add_2","is_reduction":false,"out_elems":33554432,"cores":32,"dtype_bytes":2,"args":[{"name":"op2","role":"output","mem":"hbm","elems":33554432,"broadcast":false,"dims":[64,8192,64],"logical":[8192,4096],"loop_factor":1},{"name":"buf1","role":"input","mem":"hbm","elems":33554432,"broadcast":false,"dims":[64,8192,64],"logical":[8192,4096],"loop_factor":1},{"name":"arg3_1","role":"input","mem":"hbm","elems":33554432,"broadcast":false,"dims":[64,8192,64],"logical":[8192,4096],"loop_factor":1}],"reduction_cores":1,"loop_trip":1,"tiles_output_dim":false,"tile_rows_per_core":0.0,"is_matmul":false,"matmul_macs":0,"matmul_rows_per_core":0.0,"matmul_cols_per_core":0.0,"matmul_a_bytes":0,"matmul_b_bytes":0,"matmul_m_split":1,"matmul_n_split":1,"hbm_pattern":""},{"name":"add_3","is_reduction":false,"out_elems":33554432,"cores":32,"dtype_bytes":2,"args":[{"name":"op3","role":"output","mem":"hbm","elems":33554432,"broadcast":false,"dims":[64,8192,64],"logical":[8192,4096],"loop_factor":1},{"name":"buf2","role":"input","mem":"hbm","elems":33554432,"broadcast":false,"dims":[64,8192,64],"logical":[8192,4096],"loop_factor":1},{"name":"arg4_1","role":"input","mem":"hbm","elems":33554432,"broadcast":false,"dims":[64,8192,64],"logical":[8192,4096],"loop_factor":1}],"reduction_cores":1,"loop_trip":1,"tiles_output_dim":false,"tile_rows_per_core":0.0,"is_matmul":false,"matmul_macs":0,"matmul_rows_per_core":0.0,"matmul_cols_per_core":0.0,"matmul_a_bytes":0,"matmul_b_bytes":0,"matmul_m_split":1,"matmul_n_split":1,"hbm_pattern":""},{"name":"add_4","is_reduction":false,"out_elems":33554432,"cores":32,"dtype_bytes":2,"args":[{"name":"op4","role":"output","mem":"hbm","elems":33554432,"broadcast":false,"dims":[64,8192,64],"logical":[8192,4096],"loop_factor":1},{"name":"buf3","role":"input","mem":"hbm","elems":33554432,"broadcast":false,"dims":[64,8192,64],"logical":[8192,4096],"loop_factor":1},{"name":"arg5_1","role":"input","mem":"hbm","elems":33554432,"broadcast":false,"dims":[64,8192,64],"logical":[8192,4096],"loop_factor":1}],"reduction_cores":1,"loop_trip":1,"tiles_output_dim":false,"tile_rows_per_core":0.0,"is_matmul":false,"matmul_macs":0,"matmul_rows_per_core":0.0,"matmul_cols_per_core":0.0,"matmul_a_bytes":0,"matmul_b_bytes":0,"matmul_m_split":1,"matmul_n_split":1,"hbm_pattern":""}]
SUMMARY op=add6 rows=8192 cols=4096 cores=32 tiles=0 lx=0 io_hbm_bytes=1006632960 kernel_us=10163.027 pred_us=11227.984 err_pct=+10.5 bw_gbps=99.0 memset_us=1114.892 other_dev_us=5611.090 total_dev_us=16889.009
-- add3_sep [8192,4096] lx=0
  op_it_space_splits={d0: 32, d1: 1}
IO -- device-layout I/O (cost model, stick-padded) --
IO   op add
IO     output op0                    torch [8192, 4096] -> device [64, 8192, 64] in HBM = 33554432 elems x 2B = 67108864 B  (hbm counted: 67108864 B)
IO     input  arg0_1                 torch [8192, 4096] -> device [64, 8192, 64] in HBM = 33554432 elems x 2B = 67108864 B  (hbm counted: 67108864 B)
IO     input  arg1_1                 torch [8192, 4096] -> device [64, 8192, 64] in HBM = 33554432 elems x 2B = 67108864 B  (hbm counted: 67108864 B)
IO   => HBM I/O total = 201326592 B  (lx 0 B, ~free)
MODEL -- estimate (turnaround): T = (R+W)/BW_PEAK + a*min(R,W) --
MODEL   R=134217728 B (read)   W=67108864 B (write)   loop_trip L=1
MODEL   base = (R+W)/150 = 1342.18 us
MODEL   turn = a*min(R,W) = 0.00574*67108864 = 385.20 us
MODEL   => T_model = 1727.38 us
MODEL FEATS [{"name":"add","is_reduction":false,"out_elems":33554432,"cores":32,"dtype_bytes":2,"args":[{"name":"op0","role":"output","mem":"hbm","elems":33554432,"broadcast":false,"dims":[64,8192,64],"logical":[8192,4096],"loop_factor":1},{"name":"arg0_1","role":"input","mem":"hbm","elems":33554432,"broadcast":false,"dims":[64,8192,64],"logical":[8192,4096],"loop_factor":1},{"name":"arg1_1","role":"input","mem":"hbm","elems":33554432,"broadcast":false,"dims":[64,8192,64],"logical":[8192,4096],"loop_factor":1}],"reduction_cores":1,"loop_trip":1,"tiles_output_dim":false,"tile_rows_per_core":0.0,"is_matmul":false,"matmul_macs":0,"matmul_rows_per_core":0.0,"matmul_cols_per_core":0.0,"matmul_a_bytes":0,"matmul_b_bytes":0,"matmul_m_split":1,"matmul_n_split":1,"hbm_pattern":""}]
SUMMARY op=add3_sep rows=8192 cols=4096 cores=32 tiles=0 lx=0 io_hbm_bytes=201326592 kernel_us=3851.799 pred_us=1727.382 err_pct=-55.2 bw_gbps=52.3 memset_us=1087.730 other_dev_us=5678.679 total_dev_us=10618.208
-- add4_sep [8192,4096] lx=0
  op_it_space_splits={d0: 32, d1: 1}
IO -- device-layout I/O (cost model, stick-padded) --
IO   op add
IO     output op0                    torch [8192, 4096] -> device [64, 8192, 64] in HBM = 33554432 elems x 2B = 67108864 B  (hbm counted: 67108864 B)
IO     input  arg0_1                 torch [8192, 4096] -> device [64, 8192, 64] in HBM = 33554432 elems x 2B = 67108864 B  (hbm counted: 67108864 B)
IO     input  arg1_1                 torch [8192, 4096] -> device [64, 8192, 64] in HBM = 33554432 elems x 2B = 67108864 B  (hbm counted: 67108864 B)
IO   => HBM I/O total = 201326592 B  (lx 0 B, ~free)
MODEL -- estimate (turnaround): T = (R+W)/BW_PEAK + a*min(R,W) --
MODEL   R=134217728 B (read)   W=67108864 B (write)   loop_trip L=1
MODEL   base = (R+W)/150 = 1342.18 us
MODEL   turn = a*min(R,W) = 0.00574*67108864 = 385.20 us
MODEL   => T_model = 1727.38 us
MODEL FEATS [{"name":"add","is_reduction":false,"out_elems":33554432,"cores":32,"dtype_bytes":2,"args":[{"name":"op0","role":"output","mem":"hbm","elems":33554432,"broadcast":false,"dims":[64,8192,64],"logical":[8192,4096],"loop_factor":1},{"name":"arg0_1","role":"input","mem":"hbm","elems":33554432,"broadcast":false,"dims":[64,8192,64],"logical":[8192,4096],"loop_factor":1},{"name":"arg1_1","role":"input","mem":"hbm","elems":33554432,"broadcast":false,"dims":[64,8192,64],"logical":[8192,4096],"loop_factor":1}],"reduction_cores":1,"loop_trip":1,"tiles_output_dim":false,"tile_rows_per_core":0.0,"is_matmul":false,"matmul_macs":0,"matmul_rows_per_core":0.0,"matmul_cols_per_core":0.0,"matmul_a_bytes":0,"matmul_b_bytes":0,"matmul_m_split":1,"matmul_n_split":1,"hbm_pattern":""}]
SUMMARY op=add4_sep rows=8192 cols=4096 cores=32 tiles=0 lx=0 io_hbm_bytes=201326592 kernel_us=5719.915 pred_us=1727.382 err_pct=-69.8 bw_gbps=35.2 memset_us=1067.018 other_dev_us=6499.521 total_dev_us=13286.454
-- add5_sep [8192,4096] lx=0
  op_it_space_splits={d0: 32, d1: 1}
IO -- device-layout I/O (cost model, stick-padded) --
IO   op add
IO     output op0                    torch [8192, 4096] -> device [64, 8192, 64] in HBM = 33554432 elems x 2B = 67108864 B  (hbm counted: 67108864 B)
IO     input  arg0_1                 torch [8192, 4096] -> device [64, 8192, 64] in HBM = 33554432 elems x 2B = 67108864 B  (hbm counted: 67108864 B)
IO     input  arg1_1                 torch [8192, 4096] -> device [64, 8192, 64] in HBM = 33554432 elems x 2B = 67108864 B  (hbm counted: 67108864 B)
IO   => HBM I/O total = 201326592 B  (lx 0 B, ~free)
MODEL -- estimate (turnaround): T = (R+W)/BW_PEAK + a*min(R,W) --
MODEL   R=134217728 B (read)   W=67108864 B (write)   loop_trip L=1
MODEL   base = (R+W)/150 = 1342.18 us
MODEL   turn = a*min(R,W) = 0.00574*67108864 = 385.20 us
MODEL   => T_model = 1727.38 us
MODEL FEATS [{"name":"add","is_reduction":false,"out_elems":33554432,"cores":32,"dtype_bytes":2,"args":[{"name":"op0","role":"output","mem":"hbm","elems":33554432,"broadcast":false,"dims":[64,8192,64],"logical":[8192,4096],"loop_factor":1},{"name":"arg0_1","role":"input","mem":"hbm","elems":33554432,"broadcast":false,"dims":[64,8192,64],"logical":[8192,4096],"loop_factor":1},{"name":"arg1_1","role":"input","mem":"hbm","elems":33554432,"broadcast":false,"dims":[64,8192,64],"logical":[8192,4096],"loop_factor":1}],"reduction_cores":1,"loop_trip":1,"tiles_output_dim":false,"tile_rows_per_core":0.0,"is_matmul":false,"matmul_macs":0,"matmul_rows_per_core":0.0,"matmul_cols_per_core":0.0,"matmul_a_bytes":0,"matmul_b_bytes":0,"matmul_m_split":1,"matmul_n_split":1,"hbm_pattern":""}]
SUMMARY op=add5_sep rows=8192 cols=4096 cores=32 tiles=0 lx=0 io_hbm_bytes=201326592 kernel_us=8209.039 pred_us=1727.382 err_pct=-79.0 bw_gbps=24.5 memset_us=1145.214 other_dev_us=6070.840 total_dev_us=15425.093
-- add6_sep [8192,4096] lx=0
  op_it_space_splits={d0: 32, d1: 1}
IO -- device-layout I/O (cost model, stick-padded) --
IO   op add
IO     output op0                    torch [8192, 4096] -> device [64, 8192, 64] in HBM = 33554432 elems x 2B = 67108864 B  (hbm counted: 67108864 B)
IO     input  arg0_1                 torch [8192, 4096] -> device [64, 8192, 64] in HBM = 33554432 elems x 2B = 67108864 B  (hbm counted: 67108864 B)
IO     input  arg1_1                 torch [8192, 4096] -> device [64, 8192, 64] in HBM = 33554432 elems x 2B = 67108864 B  (hbm counted: 67108864 B)
IO   => HBM I/O total = 201326592 B  (lx 0 B, ~free)
MODEL -- estimate (turnaround): T = (R+W)/BW_PEAK + a*min(R,W) --
MODEL   R=134217728 B (read)   W=67108864 B (write)   loop_trip L=1
MODEL   base = (R+W)/150 = 1342.18 us
MODEL   turn = a*min(R,W) = 0.00574*67108864 = 385.20 us
MODEL   => T_model = 1727.38 us
MODEL FEATS [{"name":"add","is_reduction":false,"out_elems":33554432,"cores":32,"dtype_bytes":2,"args":[{"name":"op0","role":"output","mem":"hbm","elems":33554432,"broadcast":false,"dims":[64,8192,64],"logical":[8192,4096],"loop_factor":1},{"name":"arg0_1","role":"input","mem":"hbm","elems":33554432,"broadcast":false,"dims":[64,8192,64],"logical":[8192,4096],"loop_factor":1},{"name":"arg1_1","role":"input","mem":"hbm","elems":33554432,"broadcast":false,"dims":[64,8192,64],"logical":[8192,4096],"loop_factor":1}],"reduction_cores":1,"loop_trip":1,"tiles_output_dim":false,"tile_rows_per_core":0.0,"is_matmul":false,"matmul_macs":0,"matmul_rows_per_core":0.0,"matmul_cols_per_core":0.0,"matmul_a_bytes":0,"matmul_b_bytes":0,"matmul_m_split":1,"matmul_n_split":1,"hbm_pattern":""}]
SUMMARY op=add6_sep rows=8192 cols=4096 cores=32 tiles=0 lx=0 io_hbm_bytes=201326592 kernel_us=10282.231 pred_us=1727.382 err_pct=-83.2 bw_gbps=19.6 memset_us=1081.322 other_dev_us=6414.660 total_dev_us=17778.213
-- add [512,16384] lx=0
  op_it_space_splits={d0: 32, d1: 1}
IO -- device-layout I/O (cost model, stick-padded) --
IO   op add
IO     output op0                    torch [512, 16384] -> device [256, 512, 64] in HBM = 8388608 elems x 2B = 16777216 B  (hbm counted: 16777216 B)
IO     input  arg0_1                 torch [512, 16384] -> device [256, 512, 64] in HBM = 8388608 elems x 2B = 16777216 B  (hbm counted: 16777216 B)
IO     input  arg1_1                 torch [512, 16384] -> device [256, 512, 64] in HBM = 8388608 elems x 2B = 16777216 B  (hbm counted: 16777216 B)
IO   => HBM I/O total = 50331648 B  (lx 0 B, ~free)
MODEL -- estimate (turnaround): T = (R+W)/BW_PEAK + a*min(R,W) --
MODEL   R=33554432 B (read)   W=16777216 B (write)   loop_trip L=1
MODEL   base = (R+W)/150 = 335.54 us
MODEL   turn = a*min(R,W) = 0.00574*16777216 = 96.30 us
MODEL   => T_model = 431.85 us
MODEL FEATS [{"name":"add","is_reduction":false,"out_elems":8388608,"cores":32,"dtype_bytes":2,"args":[{"name":"op0","role":"output","mem":"hbm","elems":8388608,"broadcast":false,"dims":[256,512,64],"logical":[512,16384],"loop_factor":1},{"name":"arg0_1","role":"input","mem":"hbm","elems":8388608,"broadcast":false,"dims":[256,512,64],"logical":[512,16384],"loop_factor":1},{"name":"arg1_1","role":"input","mem":"hbm","elems":8388608,"broadcast":false,"dims":[256,512,64],"logical":[512,16384],"loop_factor":1}],"reduction_cores":1,"loop_trip":1,"tiles_output_dim":false,"tile_rows_per_core":0.0,"is_matmul":false,"matmul_macs":0,"matmul_rows_per_core":0.0,"matmul_cols_per_core":0.0,"matmul_a_bytes":0,"matmul_b_bytes":0,"matmul_m_split":1,"matmul_n_split":1,"hbm_pattern":""}]
SUMMARY op=add rows=512 cols=16384 cores=32 tiles=0 lx=0 io_hbm_bytes=50331648 kernel_us=453.433 pred_us=431.846 err_pct=-4.8 bw_gbps=111.0 memset_us=266.558 other_dev_us=872.861 total_dev_us=1592.852
-- add3 [512,16384] lx=0
  op_it_space_splits={d0: 32, d1: 1}
  op_it_space_splits={d0: 32, d1: 1}
IO -- device-layout I/O (cost model, stick-padded) --
IO   op add
IO     output op0                    torch [512, 16384] -> device [256, 512, 64] in HBM = 8388608 elems x 2B = 16777216 B  (hbm counted: 16777216 B)
IO     input  arg0_1                 torch [512, 16384] -> device [256, 512, 64] in HBM = 8388608 elems x 2B = 16777216 B  (hbm counted: 16777216 B)
IO     input  arg1_1                 torch [512, 16384] -> device [256, 512, 64] in HBM = 8388608 elems x 2B = 16777216 B  (hbm counted: 16777216 B)
IO   op add_1
IO     output op1                    torch [512, 16384] -> device [256, 512, 64] in HBM = 8388608 elems x 2B = 16777216 B  (hbm counted: 16777216 B)
IO     input  buf0                   torch [512, 16384] -> device [256, 512, 64] in HBM = 8388608 elems x 2B = 16777216 B  (hbm counted: 16777216 B)
IO     input  arg2_1                 torch [512, 16384] -> device [256, 512, 64] in HBM = 8388608 elems x 2B = 16777216 B  (hbm counted: 16777216 B)
IO   => HBM I/O total = 100663296 B  (lx 0 B, ~free)
MODEL -- estimate (turnaround): T = (R+W)/BW_PEAK + a*min(R,W) --
MODEL   R=67108864 B (read)   W=33554432 B (write)   loop_trip L=1
MODEL   base = (R+W)/150 = 671.09 us
MODEL   turn = a*min(R,W) = 0.00574*33554432 = 192.60 us
MODEL   => T_model = 928.47 us
MODEL FEATS [{"name":"add","is_reduction":false,"out_elems":8388608,"cores":32,"dtype_bytes":2,"args":[{"name":"op0","role":"output","mem":"hbm","elems":8388608,"broadcast":false,"dims":[256,512,64],"logical":[512,16384],"loop_factor":1},{"name":"arg0_1","role":"input","mem":"hbm","elems":8388608,"broadcast":false,"dims":[256,512,64],"logical":[512,16384],"loop_factor":1},{"name":"arg1_1","role":"input","mem":"hbm","elems":8388608,"broadcast":false,"dims":[256,512,64],"logical":[512,16384],"loop_factor":1}],"reduction_cores":1,"loop_trip":1,"tiles_output_dim":false,"tile_rows_per_core":0.0,"is_matmul":false,"matmul_macs":0,"matmul_rows_per_core":0.0,"matmul_cols_per_core":0.0,"matmul_a_bytes":0,"matmul_b_bytes":0,"matmul_m_split":1,"matmul_n_split":1,"hbm_pattern":""},{"name":"add_1","is_reduction":false,"out_elems":8388608,"cores":32,"dtype_bytes":2,"args":[{"name":"op1","role":"output","mem":"hbm","elems":8388608,"broadcast":false,"dims":[256,512,64],"logical":[512,16384],"loop_factor":1},{"name":"buf0","role":"input","mem":"hbm","elems":8388608,"broadcast":false,"dims":[256,512,64],"logical":[512,16384],"loop_factor":1},{"name":"arg2_1","role":"input","mem":"hbm","elems":8388608,"broadcast":false,"dims":[256,512,64],"logical":[512,16384],"loop_factor":1}],"reduction_cores":1,"loop_trip":1,"tiles_output_dim":false,"tile_rows_per_core":0.0,"is_matmul":false,"matmul_macs":0,"matmul_rows_per_core":0.0,"matmul_cols_per_core":0.0,"matmul_a_bytes":0,"matmul_b_bytes":0,"matmul_m_split":1,"matmul_n_split":1,"hbm_pattern":""}]
SUMMARY op=add3 rows=512 cols=16384 cores=32 tiles=0 lx=0 io_hbm_bytes=100663296 kernel_us=1072.105 pred_us=928.468 err_pct=-13.4 bw_gbps=93.9 memset_us=265.506 other_dev_us=983.423 total_dev_us=2321.034
-- add4 [512,16384] lx=0
  op_it_space_splits={d0: 32, d1: 1}
  op_it_space_splits={d0: 32, d1: 1}
  op_it_space_splits={d0: 32, d1: 1}
IO -- device-layout I/O (cost model, stick-padded) --
IO   op add
IO     output op0                    torch [512, 16384] -> device [256, 512, 64] in HBM = 8388608 elems x 2B = 16777216 B  (hbm counted: 16777216 B)
IO     input  arg0_1                 torch [512, 16384] -> device [256, 512, 64] in HBM = 8388608 elems x 2B = 16777216 B  (hbm counted: 16777216 B)
IO     input  arg1_1                 torch [512, 16384] -> device [256, 512, 64] in HBM = 8388608 elems x 2B = 16777216 B  (hbm counted: 16777216 B)
IO   op add_1
IO     output op1                    torch [512, 16384] -> device [256, 512, 64] in HBM = 8388608 elems x 2B = 16777216 B  (hbm counted: 16777216 B)
IO     input  buf0                   torch [512, 16384] -> device [256, 512, 64] in HBM = 8388608 elems x 2B = 16777216 B  (hbm counted: 16777216 B)
IO     input  arg2_1                 torch [512, 16384] -> device [256, 512, 64] in HBM = 8388608 elems x 2B = 16777216 B  (hbm counted: 16777216 B)
IO   op add_2
IO     output op2                    torch [512, 16384] -> device [256, 512, 64] in HBM = 8388608 elems x 2B = 16777216 B  (hbm counted: 16777216 B)
IO     input  buf1                   torch [512, 16384] -> device [256, 512, 64] in HBM = 8388608 elems x 2B = 16777216 B  (hbm counted: 16777216 B)
IO     input  arg3_1                 torch [512, 16384] -> device [256, 512, 64] in HBM = 8388608 elems x 2B = 16777216 B  (hbm counted: 16777216 B)
IO   => HBM I/O total = 150994944 B  (lx 0 B, ~free)
MODEL -- estimate (turnaround): T = (R+W)/BW_PEAK + a*min(R,W) --
MODEL   R=100663296 B (read)   W=50331648 B (write)   loop_trip L=1
MODEL   base = (R+W)/150 = 1006.63 us
MODEL   turn = a*min(R,W) = 0.00574*50331648 = 288.90 us
MODEL   => T_model = 1489.87 us
MODEL FEATS [{"name":"add","is_reduction":false,"out_elems":8388608,"cores":32,"dtype_bytes":2,"args":[{"name":"op0","role":"output","mem":"hbm","elems":8388608,"broadcast":false,"dims":[256,512,64],"logical":[512,16384],"loop_factor":1},{"name":"arg0_1","role":"input","mem":"hbm","elems":8388608,"broadcast":false,"dims":[256,512,64],"logical":[512,16384],"loop_factor":1},{"name":"arg1_1","role":"input","mem":"hbm","elems":8388608,"broadcast":false,"dims":[256,512,64],"logical":[512,16384],"loop_factor":1}],"reduction_cores":1,"loop_trip":1,"tiles_output_dim":false,"tile_rows_per_core":0.0,"is_matmul":false,"matmul_macs":0,"matmul_rows_per_core":0.0,"matmul_cols_per_core":0.0,"matmul_a_bytes":0,"matmul_b_bytes":0,"matmul_m_split":1,"matmul_n_split":1,"hbm_pattern":""},{"name":"add_1","is_reduction":false,"out_elems":8388608,"cores":32,"dtype_bytes":2,"args":[{"name":"op1","role":"output","mem":"hbm","elems":8388608,"broadcast":false,"dims":[256,512,64],"logical":[512,16384],"loop_factor":1},{"name":"buf0","role":"input","mem":"hbm","elems":8388608,"broadcast":false,"dims":[256,512,64],"logical":[512,16384],"loop_factor":1},{"name":"arg2_1","role":"input","mem":"hbm","elems":8388608,"broadcast":false,"dims":[256,512,64],"logical":[512,16384],"loop_factor":1}],"reduction_cores":1,"loop_trip":1,"tiles_output_dim":false,"tile_rows_per_core":0.0,"is_matmul":false,"matmul_macs":0,"matmul_rows_per_core":0.0,"matmul_cols_per_core":0.0,"matmul_a_bytes":0,"matmul_b_bytes":0,"matmul_m_split":1,"matmul_n_split":1,"hbm_pattern":""},{"name":"add_2","is_reduction":false,"out_elems":8388608,"cores":32,"dtype_bytes":2,"args":[{"name":"op2","role":"output","mem":"hbm","elems":8388608,"broadcast":false,"dims":[256,512,64],"logical":[512,16384],"loop_factor":1},{"name":"buf1","role":"input","mem":"hbm","elems":8388608,"broadcast":false,"dims":[256,512,64],"logical":[512,16384],"loop_factor":1},{"name":"arg3_1","role":"input","mem":"hbm","elems":8388608,"broadcast":false,"dims":[256,512,64],"logical":[512,16384],"loop_factor":1}],"reduction_cores":1,"loop_trip":1,"tiles_output_dim":false,"tile_rows_per_core":0.0,"is_matmul":false,"matmul_macs":0,"matmul_rows_per_core":0.0,"matmul_cols_per_core":0.0,"matmul_a_bytes":0,"matmul_b_bytes":0,"matmul_m_split":1,"matmul_n_split":1,"hbm_pattern":""}]
SUMMARY op=add4 rows=512 cols=16384 cores=32 tiles=0 lx=0 io_hbm_bytes=150994944 kernel_us=1785.919 pred_us=1489.867 err_pct=-16.6 bw_gbps=84.5 memset_us=274.562 other_dev_us=903.910 total_dev_us=2964.391
-- add5 [512,16384] lx=0
  op_it_space_splits={d0: 32, d1: 1}
  op_it_space_splits={d0: 32, d1: 1}
  op_it_space_splits={d0: 32, d1: 1}
  op_it_space_splits={d0: 32, d1: 1}
IO -- device-layout I/O (cost model, stick-padded) --
IO   op add
IO     output op0                    torch [512, 16384] -> device [256, 512, 64] in HBM = 8388608 elems x 2B = 16777216 B  (hbm counted: 16777216 B)
IO     input  arg0_1                 torch [512, 16384] -> device [256, 512, 64] in HBM = 8388608 elems x 2B = 16777216 B  (hbm counted: 16777216 B)
IO     input  arg1_1                 torch [512, 16384] -> device [256, 512, 64] in HBM = 8388608 elems x 2B = 16777216 B  (hbm counted: 16777216 B)
IO   op add_1
IO     output op1                    torch [512, 16384] -> device [256, 512, 64] in HBM = 8388608 elems x 2B = 16777216 B  (hbm counted: 16777216 B)
IO     input  buf0                   torch [512, 16384] -> device [256, 512, 64] in HBM = 8388608 elems x 2B = 16777216 B  (hbm counted: 16777216 B)
IO     input  arg2_1                 torch [512, 16384] -> device [256, 512, 64] in HBM = 8388608 elems x 2B = 16777216 B  (hbm counted: 16777216 B)
IO   op add_2
IO     output op2                    torch [512, 16384] -> device [256, 512, 64] in HBM = 8388608 elems x 2B = 16777216 B  (hbm counted: 16777216 B)
IO     input  buf1                   torch [512, 16384] -> device [256, 512, 64] in HBM = 8388608 elems x 2B = 16777216 B  (hbm counted: 16777216 B)
IO     input  arg3_1                 torch [512, 16384] -> device [256, 512, 64] in HBM = 8388608 elems x 2B = 16777216 B  (hbm counted: 16777216 B)
IO   op add_3
IO     output op3                    torch [512, 16384] -> device [256, 512, 64] in HBM = 8388608 elems x 2B = 16777216 B  (hbm counted: 16777216 B)
IO     input  buf2                   torch [512, 16384] -> device [256, 512, 64] in HBM = 8388608 elems x 2B = 16777216 B  (hbm counted: 16777216 B)
IO     input  arg4_1                 torch [512, 16384] -> device [256, 512, 64] in HBM = 8388608 elems x 2B = 16777216 B  (hbm counted: 16777216 B)
IO   => HBM I/O total = 201326592 B  (lx 0 B, ~free)
MODEL -- estimate (turnaround): T = (R+W)/BW_PEAK + a*min(R,W) --
MODEL   R=134217728 B (read)   W=67108864 B (write)   loop_trip L=1
MODEL   base = (R+W)/150 = 1342.18 us
MODEL   turn = a*min(R,W) = 0.00574*67108864 = 385.20 us
MODEL   => T_model = 2116.04 us
MODEL FEATS [{"name":"add","is_reduction":false,"out_elems":8388608,"cores":32,"dtype_bytes":2,"args":[{"name":"op0","role":"output","mem":"hbm","elems":8388608,"broadcast":false,"dims":[256,512,64],"logical":[512,16384],"loop_factor":1},{"name":"arg0_1","role":"input","mem":"hbm","elems":8388608,"broadcast":false,"dims":[256,512,64],"logical":[512,16384],"loop_factor":1},{"name":"arg1_1","role":"input","mem":"hbm","elems":8388608,"broadcast":false,"dims":[256,512,64],"logical":[512,16384],"loop_factor":1}],"reduction_cores":1,"loop_trip":1,"tiles_output_dim":false,"tile_rows_per_core":0.0,"is_matmul":false,"matmul_macs":0,"matmul_rows_per_core":0.0,"matmul_cols_per_core":0.0,"matmul_a_bytes":0,"matmul_b_bytes":0,"matmul_m_split":1,"matmul_n_split":1,"hbm_pattern":""},{"name":"add_1","is_reduction":false,"out_elems":8388608,"cores":32,"dtype_bytes":2,"args":[{"name":"op1","role":"output","mem":"hbm","elems":8388608,"broadcast":false,"dims":[256,512,64],"logical":[512,16384],"loop_factor":1},{"name":"buf0","role":"input","mem":"hbm","elems":8388608,"broadcast":false,"dims":[256,512,64],"logical":[512,16384],"loop_factor":1},{"name":"arg2_1","role":"input","mem":"hbm","elems":8388608,"broadcast":false,"dims":[256,512,64],"logical":[512,16384],"loop_factor":1}],"reduction_cores":1,"loop_trip":1,"tiles_output_dim":false,"tile_rows_per_core":0.0,"is_matmul":false,"matmul_macs":0,"matmul_rows_per_core":0.0,"matmul_cols_per_core":0.0,"matmul_a_bytes":0,"matmul_b_bytes":0,"matmul_m_split":1,"matmul_n_split":1,"hbm_pattern":""},{"name":"add_2","is_reduction":false,"out_elems":8388608,"cores":32,"dtype_bytes":2,"args":[{"name":"op2","role":"output","mem":"hbm","elems":8388608,"broadcast":false,"dims":[256,512,64],"logical":[512,16384],"loop_factor":1},{"name":"buf1","role":"input","mem":"hbm","elems":8388608,"broadcast":false,"dims":[256,512,64],"logical":[512,16384],"loop_factor":1},{"name":"arg3_1","role":"input","mem":"hbm","elems":8388608,"broadcast":false,"dims":[256,512,64],"logical":[512,16384],"loop_factor":1}],"reduction_cores":1,"loop_trip":1,"tiles_output_dim":false,"tile_rows_per_core":0.0,"is_matmul":false,"matmul_macs":0,"matmul_rows_per_core":0.0,"matmul_cols_per_core":0.0,"matmul_a_bytes":0,"matmul_b_bytes":0,"matmul_m_split":1,"matmul_n_split":1,"hbm_pattern":""},{"name":"add_3","is_reduction":false,"out_elems":8388608,"cores":32,"dtype_bytes":2,"args":[{"name":"op3","role":"output","mem":"hbm","elems":8388608,"broadcast":false,"dims":[256,512,64],"logical":[512,16384],"loop_factor":1},{"name":"buf2","role":"input","mem":"hbm","elems":8388608,"broadcast":false,"dims":[256,512,64],"logical":[512,16384],"loop_factor":1},{"name":"arg4_1","role":"input","mem":"hbm","elems":8388608,"broadcast":false,"dims":[256,512,64],"logical":[512,16384],"loop_factor":1}],"reduction_cores":1,"loop_trip":1,"tiles_output_dim":false,"tile_rows_per_core":0.0,"is_matmul":false,"matmul_macs":0,"matmul_rows_per_core":0.0,"matmul_cols_per_core":0.0,"matmul_a_bytes":0,"matmul_b_bytes":0,"matmul_m_split":1,"matmul_n_split":1,"hbm_pattern":""}]
SUMMARY op=add5 rows=512 cols=16384 cores=32 tiles=0 lx=0 io_hbm_bytes=201326592 kernel_us=2332.183 pred_us=2116.043 err_pct=-9.3 bw_gbps=86.3 memset_us=269.829 other_dev_us=916.327 total_dev_us=3518.339
-- add6 [512,16384] lx=0
  op_it_space_splits={d0: 32, d1: 1}
  op_it_space_splits={d0: 32, d1: 1}
  op_it_space_splits={d0: 32, d1: 1}
  op_it_space_splits={d0: 32, d1: 1}
  op_it_space_splits={d0: 32, d1: 1}
IO -- device-layout I/O (cost model, stick-padded) --
IO   op add
IO     output op0                    torch [512, 16384] -> device [256, 512, 64] in HBM = 8388608 elems x 2B = 16777216 B  (hbm counted: 16777216 B)
IO     input  arg0_1                 torch [512, 16384] -> device [256, 512, 64] in HBM = 8388608 elems x 2B = 16777216 B  (hbm counted: 16777216 B)
IO     input  arg1_1                 torch [512, 16384] -> device [256, 512, 64] in HBM = 8388608 elems x 2B = 16777216 B  (hbm counted: 16777216 B)
IO   op add_1
IO     output op1                    torch [512, 16384] -> device [256, 512, 64] in HBM = 8388608 elems x 2B = 16777216 B  (hbm counted: 16777216 B)
IO     input  buf0                   torch [512, 16384] -> device [256, 512, 64] in HBM = 8388608 elems x 2B = 16777216 B  (hbm counted: 16777216 B)
IO     input  arg2_1                 torch [512, 16384] -> device [256, 512, 64] in HBM = 8388608 elems x 2B = 16777216 B  (hbm counted: 16777216 B)
IO   op add_2
IO     output op2                    torch [512, 16384] -> device [256, 512, 64] in HBM = 8388608 elems x 2B = 16777216 B  (hbm counted: 16777216 B)
IO     input  buf1                   torch [512, 16384] -> device [256, 512, 64] in HBM = 8388608 elems x 2B = 16777216 B  (hbm counted: 16777216 B)
IO     input  arg3_1                 torch [512, 16384] -> device [256, 512, 64] in HBM = 8388608 elems x 2B = 16777216 B  (hbm counted: 16777216 B)
IO   op add_3
IO     output op3                    torch [512, 16384] -> device [256, 512, 64] in HBM = 8388608 elems x 2B = 16777216 B  (hbm counted: 16777216 B)
IO     input  buf2                   torch [512, 16384] -> device [256, 512, 64] in HBM = 8388608 elems x 2B = 16777216 B  (hbm counted: 16777216 B)
IO     input  arg4_1                 torch [512, 16384] -> device [256, 512, 64] in HBM = 8388608 elems x 2B = 16777216 B  (hbm counted: 16777216 B)
IO   op add_4
IO     output op4                    torch [512, 16384] -> device [256, 512, 64] in HBM = 8388608 elems x 2B = 16777216 B  (hbm counted: 16777216 B)
IO     input  buf3                   torch [512, 16384] -> device [256, 512, 64] in HBM = 8388608 elems x 2B = 16777216 B  (hbm counted: 16777216 B)
IO     input  arg5_1                 torch [512, 16384] -> device [256, 512, 64] in HBM = 8388608 elems x 2B = 16777216 B  (hbm counted: 16777216 B)
IO   => HBM I/O total = 251658240 B  (lx 0 B, ~free)
MODEL -- estimate (turnaround): T = (R+W)/BW_PEAK + a*min(R,W) --
MODEL   R=167772160 B (read)   W=83886080 B (write)   loop_trip L=1
MODEL   base = (R+W)/150 = 1677.72 us
MODEL   turn = a*min(R,W) = 0.00574*83886080 = 481.51 us
MODEL   => T_model = 2807.00 us
MODEL FEATS [{"name":"add","is_reduction":false,"out_elems":8388608,"cores":32,"dtype_bytes":2,"args":[{"name":"op0","role":"output","mem":"hbm","elems":8388608,"broadcast":false,"dims":[256,512,64],"logical":[512,16384],"loop_factor":1},{"name":"arg0_1","role":"input","mem":"hbm","elems":8388608,"broadcast":false,"dims":[256,512,64],"logical":[512,16384],"loop_factor":1},{"name":"arg1_1","role":"input","mem":"hbm","elems":8388608,"broadcast":false,"dims":[256,512,64],"logical":[512,16384],"loop_factor":1}],"reduction_cores":1,"loop_trip":1,"tiles_output_dim":false,"tile_rows_per_core":0.0,"is_matmul":false,"matmul_macs":0,"matmul_rows_per_core":0.0,"matmul_cols_per_core":0.0,"matmul_a_bytes":0,"matmul_b_bytes":0,"matmul_m_split":1,"matmul_n_split":1,"hbm_pattern":""},{"name":"add_1","is_reduction":false,"out_elems":8388608,"cores":32,"dtype_bytes":2,"args":[{"name":"op1","role":"output","mem":"hbm","elems":8388608,"broadcast":false,"dims":[256,512,64],"logical":[512,16384],"loop_factor":1},{"name":"buf0","role":"input","mem":"hbm","elems":8388608,"broadcast":false,"dims":[256,512,64],"logical":[512,16384],"loop_factor":1},{"name":"arg2_1","role":"input","mem":"hbm","elems":8388608,"broadcast":false,"dims":[256,512,64],"logical":[512,16384],"loop_factor":1}],"reduction_cores":1,"loop_trip":1,"tiles_output_dim":false,"tile_rows_per_core":0.0,"is_matmul":false,"matmul_macs":0,"matmul_rows_per_core":0.0,"matmul_cols_per_core":0.0,"matmul_a_bytes":0,"matmul_b_bytes":0,"matmul_m_split":1,"matmul_n_split":1,"hbm_pattern":""},{"name":"add_2","is_reduction":false,"out_elems":8388608,"cores":32,"dtype_bytes":2,"args":[{"name":"op2","role":"output","mem":"hbm","elems":8388608,"broadcast":false,"dims":[256,512,64],"logical":[512,16384],"loop_factor":1},{"name":"buf1","role":"input","mem":"hbm","elems":8388608,"broadcast":false,"dims":[256,512,64],"logical":[512,16384],"loop_factor":1},{"name":"arg3_1","role":"input","mem":"hbm","elems":8388608,"broadcast":false,"dims":[256,512,64],"logical":[512,16384],"loop_factor":1}],"reduction_cores":1,"loop_trip":1,"tiles_output_dim":false,"tile_rows_per_core":0.0,"is_matmul":false,"matmul_macs":0,"matmul_rows_per_core":0.0,"matmul_cols_per_core":0.0,"matmul_a_bytes":0,"matmul_b_bytes":0,"matmul_m_split":1,"matmul_n_split":1,"hbm_pattern":""},{"name":"add_3","is_reduction":false,"out_elems":8388608,"cores":32,"dtype_bytes":2,"args":[{"name":"op3","role":"output","mem":"hbm","elems":8388608,"broadcast":false,"dims":[256,512,64],"logical":[512,16384],"loop_factor":1},{"name":"buf2","role":"input","mem":"hbm","elems":8388608,"broadcast":false,"dims":[256,512,64],"logical":[512,16384],"loop_factor":1},{"name":"arg4_1","role":"input","mem":"hbm","elems":8388608,"broadcast":false,"dims":[256,512,64],"logical":[512,16384],"loop_factor":1}],"reduction_cores":1,"loop_trip":1,"tiles_output_dim":false,"tile_rows_per_core":0.0,"is_matmul":false,"matmul_macs":0,"matmul_rows_per_core":0.0,"matmul_cols_per_core":0.0,"matmul_a_bytes":0,"matmul_b_bytes":0,"matmul_m_split":1,"matmul_n_split":1,"hbm_pattern":""},{"name":"add_4","is_reduction":false,"out_elems":8388608,"cores":32,"dtype_bytes":2,"args":[{"name":"op4","role":"output","mem":"hbm","elems":8388608,"broadcast":false,"dims":[256,512,64],"logical":[512,16384],"loop_factor":1},{"name":"buf3","role":"input","mem":"hbm","elems":8388608,"broadcast":false,"dims":[256,512,64],"logical":[512,16384],"loop_factor":1},{"name":"arg5_1","role":"input","mem":"hbm","elems":8388608,"broadcast":false,"dims":[256,512,64],"logical":[512,16384],"loop_factor":1}],"reduction_cores":1,"loop_trip":1,"tiles_output_dim":false,"tile_rows_per_core":0.0,"is_matmul":false,"matmul_macs":0,"matmul_rows_per_core":0.0,"matmul_cols_per_core":0.0,"matmul_a_bytes":0,"matmul_b_bytes":0,"matmul_m_split":1,"matmul_n_split":1,"hbm_pattern":""}]
SUMMARY op=add6 rows=512 cols=16384 cores=32 tiles=0 lx=0 io_hbm_bytes=251658240 kernel_us=2670.382 pred_us=2806.996 err_pct=+5.1 bw_gbps=94.2 memset_us=273.164 other_dev_us=1008.247 total_dev_us=3951.793
-- add3_sep [512,16384] lx=0
  op_it_space_splits={d0: 32, d1: 1}
IO -- device-layout I/O (cost model, stick-padded) --
IO   op add
IO     output op0                    torch [512, 16384] -> device [256, 512, 64] in HBM = 8388608 elems x 2B = 16777216 B  (hbm counted: 16777216 B)
IO     input  arg0_1                 torch [512, 16384] -> device [256, 512, 64] in HBM = 8388608 elems x 2B = 16777216 B  (hbm counted: 16777216 B)
IO     input  arg1_1                 torch [512, 16384] -> device [256, 512, 64] in HBM = 8388608 elems x 2B = 16777216 B  (hbm counted: 16777216 B)
IO   => HBM I/O total = 50331648 B  (lx 0 B, ~free)
MODEL -- estimate (turnaround): T = (R+W)/BW_PEAK + a*min(R,W) --
MODEL   R=33554432 B (read)   W=16777216 B (write)   loop_trip L=1
MODEL   base = (R+W)/150 = 335.54 us
MODEL   turn = a*min(R,W) = 0.00574*16777216 = 96.30 us
MODEL   => T_model = 431.85 us
MODEL FEATS [{"name":"add","is_reduction":false,"out_elems":8388608,"cores":32,"dtype_bytes":2,"args":[{"name":"op0","role":"output","mem":"hbm","elems":8388608,"broadcast":false,"dims":[256,512,64],"logical":[512,16384],"loop_factor":1},{"name":"arg0_1","role":"input","mem":"hbm","elems":8388608,"broadcast":false,"dims":[256,512,64],"logical":[512,16384],"loop_factor":1},{"name":"arg1_1","role":"input","mem":"hbm","elems":8388608,"broadcast":false,"dims":[256,512,64],"logical":[512,16384],"loop_factor":1}],"reduction_cores":1,"loop_trip":1,"tiles_output_dim":false,"tile_rows_per_core":0.0,"is_matmul":false,"matmul_macs":0,"matmul_rows_per_core":0.0,"matmul_cols_per_core":0.0,"matmul_a_bytes":0,"matmul_b_bytes":0,"matmul_m_split":1,"matmul_n_split":1,"hbm_pattern":""}]
SUMMARY op=add3_sep rows=512 cols=16384 cores=32 tiles=0 lx=0 io_hbm_bytes=50331648 kernel_us=1054.396 pred_us=431.846 err_pct=-59.0 bw_gbps=47.7 memset_us=284.069 other_dev_us=991.445 total_dev_us=2329.910
-- add4_sep [512,16384] lx=0
  op_it_space_splits={d0: 32, d1: 1}
IO -- device-layout I/O (cost model, stick-padded) --
IO   op add
IO     output op0                    torch [512, 16384] -> device [256, 512, 64] in HBM = 8388608 elems x 2B = 16777216 B  (hbm counted: 16777216 B)
IO     input  arg0_1                 torch [512, 16384] -> device [256, 512, 64] in HBM = 8388608 elems x 2B = 16777216 B  (hbm counted: 16777216 B)
IO     input  arg1_1                 torch [512, 16384] -> device [256, 512, 64] in HBM = 8388608 elems x 2B = 16777216 B  (hbm counted: 16777216 B)
IO   => HBM I/O total = 50331648 B  (lx 0 B, ~free)
MODEL -- estimate (turnaround): T = (R+W)/BW_PEAK + a*min(R,W) --
MODEL   R=33554432 B (read)   W=16777216 B (write)   loop_trip L=1
MODEL   base = (R+W)/150 = 335.54 us
MODEL   turn = a*min(R,W) = 0.00574*16777216 = 96.30 us
MODEL   => T_model = 431.85 us
MODEL FEATS [{"name":"add","is_reduction":false,"out_elems":8388608,"cores":32,"dtype_bytes":2,"args":[{"name":"op0","role":"output","mem":"hbm","elems":8388608,"broadcast":false,"dims":[256,512,64],"logical":[512,16384],"loop_factor":1},{"name":"arg0_1","role":"input","mem":"hbm","elems":8388608,"broadcast":false,"dims":[256,512,64],"logical":[512,16384],"loop_factor":1},{"name":"arg1_1","role":"input","mem":"hbm","elems":8388608,"broadcast":false,"dims":[256,512,64],"logical":[512,16384],"loop_factor":1}],"reduction_cores":1,"loop_trip":1,"tiles_output_dim":false,"tile_rows_per_core":0.0,"is_matmul":false,"matmul_macs":0,"matmul_rows_per_core":0.0,"matmul_cols_per_core":0.0,"matmul_a_bytes":0,"matmul_b_bytes":0,"matmul_m_split":1,"matmul_n_split":1,"hbm_pattern":""}]
SUMMARY op=add4_sep rows=512 cols=16384 cores=32 tiles=0 lx=0 io_hbm_bytes=50331648 kernel_us=1543.880 pred_us=431.846 err_pct=-72.0 bw_gbps=32.6 memset_us=292.674 other_dev_us=867.475 total_dev_us=2704.029
-- add5_sep [512,16384] lx=0
  op_it_space_splits={d0: 32, d1: 1}
IO -- device-layout I/O (cost model, stick-padded) --
IO   op add
IO     output op0                    torch [512, 16384] -> device [256, 512, 64] in HBM = 8388608 elems x 2B = 16777216 B  (hbm counted: 16777216 B)
IO     input  arg0_1                 torch [512, 16384] -> device [256, 512, 64] in HBM = 8388608 elems x 2B = 16777216 B  (hbm counted: 16777216 B)
IO     input  arg1_1                 torch [512, 16384] -> device [256, 512, 64] in HBM = 8388608 elems x 2B = 16777216 B  (hbm counted: 16777216 B)
IO   => HBM I/O total = 50331648 B  (lx 0 B, ~free)
MODEL -- estimate (turnaround): T = (R+W)/BW_PEAK + a*min(R,W) --
MODEL   R=33554432 B (read)   W=16777216 B (write)   loop_trip L=1
MODEL   base = (R+W)/150 = 335.54 us
MODEL   turn = a*min(R,W) = 0.00574*16777216 = 96.30 us
MODEL   => T_model = 431.85 us
MODEL FEATS [{"name":"add","is_reduction":false,"out_elems":8388608,"cores":32,"dtype_bytes":2,"args":[{"name":"op0","role":"output","mem":"hbm","elems":8388608,"broadcast":false,"dims":[256,512,64],"logical":[512,16384],"loop_factor":1},{"name":"arg0_1","role":"input","mem":"hbm","elems":8388608,"broadcast":false,"dims":[256,512,64],"logical":[512,16384],"loop_factor":1},{"name":"arg1_1","role":"input","mem":"hbm","elems":8388608,"broadcast":false,"dims":[256,512,64],"logical":[512,16384],"loop_factor":1}],"reduction_cores":1,"loop_trip":1,"tiles_output_dim":false,"tile_rows_per_core":0.0,"is_matmul":false,"matmul_macs":0,"matmul_rows_per_core":0.0,"matmul_cols_per_core":0.0,"matmul_a_bytes":0,"matmul_b_bytes":0,"matmul_m_split":1,"matmul_n_split":1,"hbm_pattern":""}]
SUMMARY op=add5_sep rows=512 cols=16384 cores=32 tiles=0 lx=0 io_hbm_bytes=50331648 kernel_us=2341.329 pred_us=431.846 err_pct=-81.6 bw_gbps=21.5 memset_us=277.692 other_dev_us=895.052 total_dev_us=3514.073
-- add6_sep [512,16384] lx=0
  op_it_space_splits={d0: 32, d1: 1}
IO -- device-layout I/O (cost model, stick-padded) --
IO   op add
IO     output op0                    torch [512, 16384] -> device [256, 512, 64] in HBM = 8388608 elems x 2B = 16777216 B  (hbm counted: 16777216 B)
IO     input  arg0_1                 torch [512, 16384] -> device [256, 512, 64] in HBM = 8388608 elems x 2B = 16777216 B  (hbm counted: 16777216 B)
IO     input  arg1_1                 torch [512, 16384] -> device [256, 512, 64] in HBM = 8388608 elems x 2B = 16777216 B  (hbm counted: 16777216 B)
IO   => HBM I/O total = 50331648 B  (lx 0 B, ~free)
MODEL -- estimate (turnaround): T = (R+W)/BW_PEAK + a*min(R,W) --
MODEL   R=33554432 B (read)   W=16777216 B (write)   loop_trip L=1
MODEL   base = (R+W)/150 = 335.54 us
MODEL   turn = a*min(R,W) = 0.00574*16777216 = 96.30 us
MODEL   => T_model = 431.85 us
MODEL FEATS [{"name":"add","is_reduction":false,"out_elems":8388608,"cores":32,"dtype_bytes":2,"args":[{"name":"op0","role":"output","mem":"hbm","elems":8388608,"broadcast":false,"dims":[256,512,64],"logical":[512,16384],"loop_factor":1},{"name":"arg0_1","role":"input","mem":"hbm","elems":8388608,"broadcast":false,"dims":[256,512,64],"logical":[512,16384],"loop_factor":1},{"name":"arg1_1","role":"input","mem":"hbm","elems":8388608,"broadcast":false,"dims":[256,512,64],"logical":[512,16384],"loop_factor":1}],"reduction_cores":1,"loop_trip":1,"tiles_output_dim":false,"tile_rows_per_core":0.0,"is_matmul":false,"matmul_macs":0,"matmul_rows_per_core":0.0,"matmul_cols_per_core":0.0,"matmul_a_bytes":0,"matmul_b_bytes":0,"matmul_m_split":1,"matmul_n_split":1,"hbm_pattern":""}]
SUMMARY op=add6_sep rows=512 cols=16384 cores=32 tiles=0 lx=0 io_hbm_bytes=50331648 kernel_us=2740.737 pred_us=431.846 err_pct=-84.2 bw_gbps=18.4 memset_us=296.651 other_dev_us=1013.853 total_dev_us=4051.241
-- add [8192,1024] lx=0
  op_it_space_splits={d0: 32, d1: 1}
IO -- device-layout I/O (cost model, stick-padded) --
IO   op add
IO     output op0                    torch [8192, 1024] -> device [16, 8192, 64] in HBM = 8388608 elems x 2B = 16777216 B  (hbm counted: 16777216 B)
IO     input  arg0_1                 torch [8192, 1024] -> device [16, 8192, 64] in HBM = 8388608 elems x 2B = 16777216 B  (hbm counted: 16777216 B)
IO     input  arg1_1                 torch [8192, 1024] -> device [16, 8192, 64] in HBM = 8388608 elems x 2B = 16777216 B  (hbm counted: 16777216 B)
IO   => HBM I/O total = 50331648 B  (lx 0 B, ~free)
MODEL -- estimate (turnaround): T = (R+W)/BW_PEAK + a*min(R,W) --
MODEL   R=33554432 B (read)   W=16777216 B (write)   loop_trip L=1
MODEL   base = (R+W)/150 = 335.54 us
MODEL   turn = a*min(R,W) = 0.00574*16777216 = 96.30 us
MODEL   => T_model = 431.85 us
MODEL FEATS [{"name":"add","is_reduction":false,"out_elems":8388608,"cores":32,"dtype_bytes":2,"args":[{"name":"op0","role":"output","mem":"hbm","elems":8388608,"broadcast":false,"dims":[16,8192,64],"logical":[8192,1024],"loop_factor":1},{"name":"arg0_1","role":"input","mem":"hbm","elems":8388608,"broadcast":false,"dims":[16,8192,64],"logical":[8192,1024],"loop_factor":1},{"name":"arg1_1","role":"input","mem":"hbm","elems":8388608,"broadcast":false,"dims":[16,8192,64],"logical":[8192,1024],"loop_factor":1}],"reduction_cores":1,"loop_trip":1,"tiles_output_dim":false,"tile_rows_per_core":0.0,"is_matmul":false,"matmul_macs":0,"matmul_rows_per_core":0.0,"matmul_cols_per_core":0.0,"matmul_a_bytes":0,"matmul_b_bytes":0,"matmul_m_split":1,"matmul_n_split":1,"hbm_pattern":""}]
SUMMARY op=add rows=8192 cols=1024 cores=32 tiles=0 lx=0 io_hbm_bytes=50331648 kernel_us=456.107 pred_us=431.846 err_pct=-5.3 bw_gbps=110.4 memset_us=283.585 other_dev_us=951.782 total_dev_us=1691.474
-- add3 [8192,1024] lx=0
  op_it_space_splits={d0: 32, d1: 1}
  op_it_space_splits={d0: 32, d1: 1}
IO -- device-layout I/O (cost model, stick-padded) --
IO   op add
IO     output op0                    torch [8192, 1024] -> device [16, 8192, 64] in HBM = 8388608 elems x 2B = 16777216 B  (hbm counted: 16777216 B)
IO     input  arg0_1                 torch [8192, 1024] -> device [16, 8192, 64] in HBM = 8388608 elems x 2B = 16777216 B  (hbm counted: 16777216 B)
IO     input  arg1_1                 torch [8192, 1024] -> device [16, 8192, 64] in HBM = 8388608 elems x 2B = 16777216 B  (hbm counted: 16777216 B)
IO   op add_1
IO     output op1                    torch [8192, 1024] -> device [16, 8192, 64] in HBM = 8388608 elems x 2B = 16777216 B  (hbm counted: 16777216 B)
IO     input  buf0                   torch [8192, 1024] -> device [16, 8192, 64] in HBM = 8388608 elems x 2B = 16777216 B  (hbm counted: 16777216 B)
IO     input  arg2_1                 torch [8192, 1024] -> device [16, 8192, 64] in HBM = 8388608 elems x 2B = 16777216 B  (hbm counted: 16777216 B)
IO   => HBM I/O total = 100663296 B  (lx 0 B, ~free)
MODEL -- estimate (turnaround): T = (R+W)/BW_PEAK + a*min(R,W) --
MODEL   R=67108864 B (read)   W=33554432 B (write)   loop_trip L=1
MODEL   base = (R+W)/150 = 671.09 us
MODEL   turn = a*min(R,W) = 0.00574*33554432 = 192.60 us
MODEL   => T_model = 928.47 us
MODEL FEATS [{"name":"add","is_reduction":false,"out_elems":8388608,"cores":32,"dtype_bytes":2,"args":[{"name":"op0","role":"output","mem":"hbm","elems":8388608,"broadcast":false,"dims":[16,8192,64],"logical":[8192,1024],"loop_factor":1},{"name":"arg0_1","role":"input","mem":"hbm","elems":8388608,"broadcast":false,"dims":[16,8192,64],"logical":[8192,1024],"loop_factor":1},{"name":"arg1_1","role":"input","mem":"hbm","elems":8388608,"broadcast":false,"dims":[16,8192,64],"logical":[8192,1024],"loop_factor":1}],"reduction_cores":1,"loop_trip":1,"tiles_output_dim":false,"tile_rows_per_core":0.0,"is_matmul":false,"matmul_macs":0,"matmul_rows_per_core":0.0,"matmul_cols_per_core":0.0,"matmul_a_bytes":0,"matmul_b_bytes":0,"matmul_m_split":1,"matmul_n_split":1,"hbm_pattern":""},{"name":"add_1","is_reduction":false,"out_elems":8388608,"cores":32,"dtype_bytes":2,"args":[{"name":"op1","role":"output","mem":"hbm","elems":8388608,"broadcast":false,"dims":[16,8192,64],"logical":[8192,1024],"loop_factor":1},{"name":"buf0","role":"input","mem":"hbm","elems":8388608,"broadcast":false,"dims":[16,8192,64],"logical":[8192,1024],"loop_factor":1},{"name":"arg2_1","role":"input","mem":"hbm","elems":8388608,"broadcast":false,"dims":[16,8192,64],"logical":[8192,1024],"loop_factor":1}],"reduction_cores":1,"loop_trip":1,"tiles_output_dim":false,"tile_rows_per_core":0.0,"is_matmul":false,"matmul_macs":0,"matmul_rows_per_core":0.0,"matmul_cols_per_core":0.0,"matmul_a_bytes":0,"matmul_b_bytes":0,"matmul_m_split":1,"matmul_n_split":1,"hbm_pattern":""}]
SUMMARY op=add3 rows=8192 cols=1024 cores=32 tiles=0 lx=0 io_hbm_bytes=100663296 kernel_us=958.508 pred_us=928.468 err_pct=-3.1 bw_gbps=105.0 memset_us=284.065 other_dev_us=977.692 total_dev_us=2220.265
-- add4 [8192,1024] lx=0
  op_it_space_splits={d0: 32, d1: 1}
  op_it_space_splits={d0: 32, d1: 1}
  op_it_space_splits={d0: 32, d1: 1}
IO -- device-layout I/O (cost model, stick-padded) --
IO   op add
IO     output op0                    torch [8192, 1024] -> device [16, 8192, 64] in HBM = 8388608 elems x 2B = 16777216 B  (hbm counted: 16777216 B)
IO     input  arg0_1                 torch [8192, 1024] -> device [16, 8192, 64] in HBM = 8388608 elems x 2B = 16777216 B  (hbm counted: 16777216 B)
IO     input  arg1_1                 torch [8192, 1024] -> device [16, 8192, 64] in HBM = 8388608 elems x 2B = 16777216 B  (hbm counted: 16777216 B)
IO   op add_1
IO     output op1                    torch [8192, 1024] -> device [16, 8192, 64] in HBM = 8388608 elems x 2B = 16777216 B  (hbm counted: 16777216 B)
IO     input  buf0                   torch [8192, 1024] -> device [16, 8192, 64] in HBM = 8388608 elems x 2B = 16777216 B  (hbm counted: 16777216 B)
IO     input  arg2_1                 torch [8192, 1024] -> device [16, 8192, 64] in HBM = 8388608 elems x 2B = 16777216 B  (hbm counted: 16777216 B)
IO   op add_2
IO     output op2                    torch [8192, 1024] -> device [16, 8192, 64] in HBM = 8388608 elems x 2B = 16777216 B  (hbm counted: 16777216 B)
IO     input  buf1                   torch [8192, 1024] -> device [16, 8192, 64] in HBM = 8388608 elems x 2B = 16777216 B  (hbm counted: 16777216 B)
IO     input  arg3_1                 torch [8192, 1024] -> device [16, 8192, 64] in HBM = 8388608 elems x 2B = 16777216 B  (hbm counted: 16777216 B)
IO   => HBM I/O total = 150994944 B  (lx 0 B, ~free)
MODEL -- estimate (turnaround): T = (R+W)/BW_PEAK + a*min(R,W) --
MODEL   R=100663296 B (read)   W=50331648 B (write)   loop_trip L=1
MODEL   base = (R+W)/150 = 1006.63 us
MODEL   turn = a*min(R,W) = 0.00574*50331648 = 288.90 us
MODEL   => T_model = 1489.87 us
MODEL FEATS [{"name":"add","is_reduction":false,"out_elems":8388608,"cores":32,"dtype_bytes":2,"args":[{"name":"op0","role":"output","mem":"hbm","elems":8388608,"broadcast":false,"dims":[16,8192,64],"logical":[8192,1024],"loop_factor":1},{"name":"arg0_1","role":"input","mem":"hbm","elems":8388608,"broadcast":false,"dims":[16,8192,64],"logical":[8192,1024],"loop_factor":1},{"name":"arg1_1","role":"input","mem":"hbm","elems":8388608,"broadcast":false,"dims":[16,8192,64],"logical":[8192,1024],"loop_factor":1}],"reduction_cores":1,"loop_trip":1,"tiles_output_dim":false,"tile_rows_per_core":0.0,"is_matmul":false,"matmul_macs":0,"matmul_rows_per_core":0.0,"matmul_cols_per_core":0.0,"matmul_a_bytes":0,"matmul_b_bytes":0,"matmul_m_split":1,"matmul_n_split":1,"hbm_pattern":""},{"name":"add_1","is_reduction":false,"out_elems":8388608,"cores":32,"dtype_bytes":2,"args":[{"name":"op1","role":"output","mem":"hbm","elems":8388608,"broadcast":false,"dims":[16,8192,64],"logical":[8192,1024],"loop_factor":1},{"name":"buf0","role":"input","mem":"hbm","elems":8388608,"broadcast":false,"dims":[16,8192,64],"logical":[8192,1024],"loop_factor":1},{"name":"arg2_1","role":"input","mem":"hbm","elems":8388608,"broadcast":false,"dims":[16,8192,64],"logical":[8192,1024],"loop_factor":1}],"reduction_cores":1,"loop_trip":1,"tiles_output_dim":false,"tile_rows_per_core":0.0,"is_matmul":false,"matmul_macs":0,"matmul_rows_per_core":0.0,"matmul_cols_per_core":0.0,"matmul_a_bytes":0,"matmul_b_bytes":0,"matmul_m_split":1,"matmul_n_split":1,"hbm_pattern":""},{"name":"add_2","is_reduction":false,"out_elems":8388608,"cores":32,"dtype_bytes":2,"args":[{"name":"op2","role":"output","mem":"hbm","elems":8388608,"broadcast":false,"dims":[16,8192,64],"logical":[8192,1024],"loop_factor":1},{"name":"buf1","role":"input","mem":"hbm","elems":8388608,"broadcast":false,"dims":[16,8192,64],"logical":[8192,1024],"loop_factor":1},{"name":"arg3_1","role":"input","mem":"hbm","elems":8388608,"broadcast":false,"dims":[16,8192,64],"logical":[8192,1024],"loop_factor":1}],"reduction_cores":1,"loop_trip":1,"tiles_output_dim":false,"tile_rows_per_core":0.0,"is_matmul":false,"matmul_macs":0,"matmul_rows_per_core":0.0,"matmul_cols_per_core":0.0,"matmul_a_bytes":0,"matmul_b_bytes":0,"matmul_m_split":1,"matmul_n_split":1,"hbm_pattern":""}]
SUMMARY op=add4 rows=8192 cols=1024 cores=32 tiles=0 lx=0 io_hbm_bytes=150994944 kernel_us=1551.411 pred_us=1489.867 err_pct=-4.0 bw_gbps=97.3 memset_us=278.774 other_dev_us=947.172 total_dev_us=2777.357
-- add5 [8192,1024] lx=0
  op_it_space_splits={d0: 32, d1: 1}
  op_it_space_splits={d0: 32, d1: 1}
  op_it_space_splits={d0: 32, d1: 1}
  op_it_space_splits={d0: 32, d1: 1}
IO -- device-layout I/O (cost model, stick-padded) --
IO   op add
IO     output op0                    torch [8192, 1024] -> device [16, 8192, 64] in HBM = 8388608 elems x 2B = 16777216 B  (hbm counted: 16777216 B)
IO     input  arg0_1                 torch [8192, 1024] -> device [16, 8192, 64] in HBM = 8388608 elems x 2B = 16777216 B  (hbm counted: 16777216 B)
IO     input  arg1_1                 torch [8192, 1024] -> device [16, 8192, 64] in HBM = 8388608 elems x 2B = 16777216 B  (hbm counted: 16777216 B)
IO   op add_1
IO     output op1                    torch [8192, 1024] -> device [16, 8192, 64] in HBM = 8388608 elems x 2B = 16777216 B  (hbm counted: 16777216 B)
IO     input  buf0                   torch [8192, 1024] -> device [16, 8192, 64] in HBM = 8388608 elems x 2B = 16777216 B  (hbm counted: 16777216 B)
IO     input  arg2_1                 torch [8192, 1024] -> device [16, 8192, 64] in HBM = 8388608 elems x 2B = 16777216 B  (hbm counted: 16777216 B)
IO   op add_2
IO     output op2                    torch [8192, 1024] -> device [16, 8192, 64] in HBM = 8388608 elems x 2B = 16777216 B  (hbm counted: 16777216 B)
IO     input  buf1                   torch [8192, 1024] -> device [16, 8192, 64] in HBM = 8388608 elems x 2B = 16777216 B  (hbm counted: 16777216 B)
IO     input  arg3_1                 torch [8192, 1024] -> device [16, 8192, 64] in HBM = 8388608 elems x 2B = 16777216 B  (hbm counted: 16777216 B)
IO   op add_3
IO     output op3                    torch [8192, 1024] -> device [16, 8192, 64] in HBM = 8388608 elems x 2B = 16777216 B  (hbm counted: 16777216 B)
IO     input  buf2                   torch [8192, 1024] -> device [16, 8192, 64] in HBM = 8388608 elems x 2B = 16777216 B  (hbm counted: 16777216 B)
IO     input  arg4_1                 torch [8192, 1024] -> device [16, 8192, 64] in HBM = 8388608 elems x 2B = 16777216 B  (hbm counted: 16777216 B)
IO   => HBM I/O total = 201326592 B  (lx 0 B, ~free)
MODEL -- estimate (turnaround): T = (R+W)/BW_PEAK + a*min(R,W) --
MODEL   R=134217728 B (read)   W=67108864 B (write)   loop_trip L=1
MODEL   base = (R+W)/150 = 1342.18 us
MODEL   turn = a*min(R,W) = 0.00574*67108864 = 385.20 us
MODEL   => T_model = 2116.04 us
MODEL FEATS [{"name":"add","is_reduction":false,"out_elems":8388608,"cores":32,"dtype_bytes":2,"args":[{"name":"op0","role":"output","mem":"hbm","elems":8388608,"broadcast":false,"dims":[16,8192,64],"logical":[8192,1024],"loop_factor":1},{"name":"arg0_1","role":"input","mem":"hbm","elems":8388608,"broadcast":false,"dims":[16,8192,64],"logical":[8192,1024],"loop_factor":1},{"name":"arg1_1","role":"input","mem":"hbm","elems":8388608,"broadcast":false,"dims":[16,8192,64],"logical":[8192,1024],"loop_factor":1}],"reduction_cores":1,"loop_trip":1,"tiles_output_dim":false,"tile_rows_per_core":0.0,"is_matmul":false,"matmul_macs":0,"matmul_rows_per_core":0.0,"matmul_cols_per_core":0.0,"matmul_a_bytes":0,"matmul_b_bytes":0,"matmul_m_split":1,"matmul_n_split":1,"hbm_pattern":""},{"name":"add_1","is_reduction":false,"out_elems":8388608,"cores":32,"dtype_bytes":2,"args":[{"name":"op1","role":"output","mem":"hbm","elems":8388608,"broadcast":false,"dims":[16,8192,64],"logical":[8192,1024],"loop_factor":1},{"name":"buf0","role":"input","mem":"hbm","elems":8388608,"broadcast":false,"dims":[16,8192,64],"logical":[8192,1024],"loop_factor":1},{"name":"arg2_1","role":"input","mem":"hbm","elems":8388608,"broadcast":false,"dims":[16,8192,64],"logical":[8192,1024],"loop_factor":1}],"reduction_cores":1,"loop_trip":1,"tiles_output_dim":false,"tile_rows_per_core":0.0,"is_matmul":false,"matmul_macs":0,"matmul_rows_per_core":0.0,"matmul_cols_per_core":0.0,"matmul_a_bytes":0,"matmul_b_bytes":0,"matmul_m_split":1,"matmul_n_split":1,"hbm_pattern":""},{"name":"add_2","is_reduction":false,"out_elems":8388608,"cores":32,"dtype_bytes":2,"args":[{"name":"op2","role":"output","mem":"hbm","elems":8388608,"broadcast":false,"dims":[16,8192,64],"logical":[8192,1024],"loop_factor":1},{"name":"buf1","role":"input","mem":"hbm","elems":8388608,"broadcast":false,"dims":[16,8192,64],"logical":[8192,1024],"loop_factor":1},{"name":"arg3_1","role":"input","mem":"hbm","elems":8388608,"broadcast":false,"dims":[16,8192,64],"logical":[8192,1024],"loop_factor":1}],"reduction_cores":1,"loop_trip":1,"tiles_output_dim":false,"tile_rows_per_core":0.0,"is_matmul":false,"matmul_macs":0,"matmul_rows_per_core":0.0,"matmul_cols_per_core":0.0,"matmul_a_bytes":0,"matmul_b_bytes":0,"matmul_m_split":1,"matmul_n_split":1,"hbm_pattern":""},{"name":"add_3","is_reduction":false,"out_elems":8388608,"cores":32,"dtype_bytes":2,"args":[{"name":"op3","role":"output","mem":"hbm","elems":8388608,"broadcast":false,"dims":[16,8192,64],"logical":[8192,1024],"loop_factor":1},{"name":"buf2","role":"input","mem":"hbm","elems":8388608,"broadcast":false,"dims":[16,8192,64],"logical":[8192,1024],"loop_factor":1},{"name":"arg4_1","role":"input","mem":"hbm","elems":8388608,"broadcast":false,"dims":[16,8192,64],"logical":[8192,1024],"loop_factor":1}],"reduction_cores":1,"loop_trip":1,"tiles_output_dim":false,"tile_rows_per_core":0.0,"is_matmul":false,"matmul_macs":0,"matmul_rows_per_core":0.0,"matmul_cols_per_core":0.0,"matmul_a_bytes":0,"matmul_b_bytes":0,"matmul_m_split":1,"matmul_n_split":1,"hbm_pattern":""}]
SUMMARY op=add5 rows=8192 cols=1024 cores=32 tiles=0 lx=0 io_hbm_bytes=201326592 kernel_us=2048.955 pred_us=2116.043 err_pct=+3.3 bw_gbps=98.3 memset_us=268.804 other_dev_us=889.966 total_dev_us=3207.725
-- add6 [8192,1024] lx=0
  op_it_space_splits={d0: 32, d1: 1}
  op_it_space_splits={d0: 32, d1: 1}
  op_it_space_splits={d0: 32, d1: 1}
  op_it_space_splits={d0: 32, d1: 1}
  op_it_space_splits={d0: 32, d1: 1}
IO -- device-layout I/O (cost model, stick-padded) --
IO   op add
IO     output op0                    torch [8192, 1024] -> device [16, 8192, 64] in HBM = 8388608 elems x 2B = 16777216 B  (hbm counted: 16777216 B)
IO     input  arg0_1                 torch [8192, 1024] -> device [16, 8192, 64] in HBM = 8388608 elems x 2B = 16777216 B  (hbm counted: 16777216 B)
IO     input  arg1_1                 torch [8192, 1024] -> device [16, 8192, 64] in HBM = 8388608 elems x 2B = 16777216 B  (hbm counted: 16777216 B)
IO   op add_1
IO     output op1                    torch [8192, 1024] -> device [16, 8192, 64] in HBM = 8388608 elems x 2B = 16777216 B  (hbm counted: 16777216 B)
IO     input  buf0                   torch [8192, 1024] -> device [16, 8192, 64] in HBM = 8388608 elems x 2B = 16777216 B  (hbm counted: 16777216 B)
IO     input  arg2_1                 torch [8192, 1024] -> device [16, 8192, 64] in HBM = 8388608 elems x 2B = 16777216 B  (hbm counted: 16777216 B)
IO   op add_2
IO     output op2                    torch [8192, 1024] -> device [16, 8192, 64] in HBM = 8388608 elems x 2B = 16777216 B  (hbm counted: 16777216 B)
IO     input  buf1                   torch [8192, 1024] -> device [16, 8192, 64] in HBM = 8388608 elems x 2B = 16777216 B  (hbm counted: 16777216 B)
IO     input  arg3_1                 torch [8192, 1024] -> device [16, 8192, 64] in HBM = 8388608 elems x 2B = 16777216 B  (hbm counted: 16777216 B)
IO   op add_3
IO     output op3                    torch [8192, 1024] -> device [16, 8192, 64] in HBM = 8388608 elems x 2B = 16777216 B  (hbm counted: 16777216 B)
IO     input  buf2                   torch [8192, 1024] -> device [16, 8192, 64] in HBM = 8388608 elems x 2B = 16777216 B  (hbm counted: 16777216 B)
IO     input  arg4_1                 torch [8192, 1024] -> device [16, 8192, 64] in HBM = 8388608 elems x 2B = 16777216 B  (hbm counted: 16777216 B)
IO   op add_4
IO     output op4                    torch [8192, 1024] -> device [16, 8192, 64] in HBM = 8388608 elems x 2B = 16777216 B  (hbm counted: 16777216 B)
IO     input  buf3                   torch [8192, 1024] -> device [16, 8192, 64] in HBM = 8388608 elems x 2B = 16777216 B  (hbm counted: 16777216 B)
IO     input  arg5_1                 torch [8192, 1024] -> device [16, 8192, 64] in HBM = 8388608 elems x 2B = 16777216 B  (hbm counted: 16777216 B)
IO   => HBM I/O total = 251658240 B  (lx 0 B, ~free)
MODEL -- estimate (turnaround): T = (R+W)/BW_PEAK + a*min(R,W) --
MODEL   R=167772160 B (read)   W=83886080 B (write)   loop_trip L=1
MODEL   base = (R+W)/150 = 1677.72 us
MODEL   turn = a*min(R,W) = 0.00574*83886080 = 481.51 us
MODEL   => T_model = 2807.00 us
MODEL FEATS [{"name":"add","is_reduction":false,"out_elems":8388608,"cores":32,"dtype_bytes":2,"args":[{"name":"op0","role":"output","mem":"hbm","elems":8388608,"broadcast":false,"dims":[16,8192,64],"logical":[8192,1024],"loop_factor":1},{"name":"arg0_1","role":"input","mem":"hbm","elems":8388608,"broadcast":false,"dims":[16,8192,64],"logical":[8192,1024],"loop_factor":1},{"name":"arg1_1","role":"input","mem":"hbm","elems":8388608,"broadcast":false,"dims":[16,8192,64],"logical":[8192,1024],"loop_factor":1}],"reduction_cores":1,"loop_trip":1,"tiles_output_dim":false,"tile_rows_per_core":0.0,"is_matmul":false,"matmul_macs":0,"matmul_rows_per_core":0.0,"matmul_cols_per_core":0.0,"matmul_a_bytes":0,"matmul_b_bytes":0,"matmul_m_split":1,"matmul_n_split":1,"hbm_pattern":""},{"name":"add_1","is_reduction":false,"out_elems":8388608,"cores":32,"dtype_bytes":2,"args":[{"name":"op1","role":"output","mem":"hbm","elems":8388608,"broadcast":false,"dims":[16,8192,64],"logical":[8192,1024],"loop_factor":1},{"name":"buf0","role":"input","mem":"hbm","elems":8388608,"broadcast":false,"dims":[16,8192,64],"logical":[8192,1024],"loop_factor":1},{"name":"arg2_1","role":"input","mem":"hbm","elems":8388608,"broadcast":false,"dims":[16,8192,64],"logical":[8192,1024],"loop_factor":1}],"reduction_cores":1,"loop_trip":1,"tiles_output_dim":false,"tile_rows_per_core":0.0,"is_matmul":false,"matmul_macs":0,"matmul_rows_per_core":0.0,"matmul_cols_per_core":0.0,"matmul_a_bytes":0,"matmul_b_bytes":0,"matmul_m_split":1,"matmul_n_split":1,"hbm_pattern":""},{"name":"add_2","is_reduction":false,"out_elems":8388608,"cores":32,"dtype_bytes":2,"args":[{"name":"op2","role":"output","mem":"hbm","elems":8388608,"broadcast":false,"dims":[16,8192,64],"logical":[8192,1024],"loop_factor":1},{"name":"buf1","role":"input","mem":"hbm","elems":8388608,"broadcast":false,"dims":[16,8192,64],"logical":[8192,1024],"loop_factor":1},{"name":"arg3_1","role":"input","mem":"hbm","elems":8388608,"broadcast":false,"dims":[16,8192,64],"logical":[8192,1024],"loop_factor":1}],"reduction_cores":1,"loop_trip":1,"tiles_output_dim":false,"tile_rows_per_core":0.0,"is_matmul":false,"matmul_macs":0,"matmul_rows_per_core":0.0,"matmul_cols_per_core":0.0,"matmul_a_bytes":0,"matmul_b_bytes":0,"matmul_m_split":1,"matmul_n_split":1,"hbm_pattern":""},{"name":"add_3","is_reduction":false,"out_elems":8388608,"cores":32,"dtype_bytes":2,"args":[{"name":"op3","role":"output","mem":"hbm","elems":8388608,"broadcast":false,"dims":[16,8192,64],"logical":[8192,1024],"loop_factor":1},{"name":"buf2","role":"input","mem":"hbm","elems":8388608,"broadcast":false,"dims":[16,8192,64],"logical":[8192,1024],"loop_factor":1},{"name":"arg4_1","role":"input","mem":"hbm","elems":8388608,"broadcast":false,"dims":[16,8192,64],"logical":[8192,1024],"loop_factor":1}],"reduction_cores":1,"loop_trip":1,"tiles_output_dim":false,"tile_rows_per_core":0.0,"is_matmul":false,"matmul_macs":0,"matmul_rows_per_core":0.0,"matmul_cols_per_core":0.0,"matmul_a_bytes":0,"matmul_b_bytes":0,"matmul_m_split":1,"matmul_n_split":1,"hbm_pattern":""},{"name":"add_4","is_reduction":false,"out_elems":8388608,"cores":32,"dtype_bytes":2,"args":[{"name":"op4","role":"output","mem":"hbm","elems":8388608,"broadcast":false,"dims":[16,8192,64],"logical":[8192,1024],"loop_factor":1},{"name":"buf3","role":"input","mem":"hbm","elems":8388608,"broadcast":false,"dims":[16,8192,64],"logical":[8192,1024],"loop_factor":1},{"name":"arg5_1","role":"input","mem":"hbm","elems":8388608,"broadcast":false,"dims":[16,8192,64],"logical":[8192,1024],"loop_factor":1}],"reduction_cores":1,"loop_trip":1,"tiles_output_dim":false,"tile_rows_per_core":0.0,"is_matmul":false,"matmul_macs":0,"matmul_rows_per_core":0.0,"matmul_cols_per_core":0.0,"matmul_a_bytes":0,"matmul_b_bytes":0,"matmul_m_split":1,"matmul_n_split":1,"hbm_pattern":""}]
SUMMARY op=add6 rows=8192 cols=1024 cores=32 tiles=0 lx=0 io_hbm_bytes=251658240 kernel_us=2564.952 pred_us=2806.996 err_pct=+9.4 bw_gbps=98.1 memset_us=274.966 other_dev_us=913.496 total_dev_us=3753.414
-- add3_sep [8192,1024] lx=0
  op_it_space_splits={d0: 32, d1: 1}
IO -- device-layout I/O (cost model, stick-padded) --
IO   op add
IO     output op0                    torch [8192, 1024] -> device [16, 8192, 64] in HBM = 8388608 elems x 2B = 16777216 B  (hbm counted: 16777216 B)
IO     input  arg0_1                 torch [8192, 1024] -> device [16, 8192, 64] in HBM = 8388608 elems x 2B = 16777216 B  (hbm counted: 16777216 B)
IO     input  arg1_1                 torch [8192, 1024] -> device [16, 8192, 64] in HBM = 8388608 elems x 2B = 16777216 B  (hbm counted: 16777216 B)
IO   => HBM I/O total = 50331648 B  (lx 0 B, ~free)
MODEL -- estimate (turnaround): T = (R+W)/BW_PEAK + a*min(R,W) --
MODEL   R=33554432 B (read)   W=16777216 B (write)   loop_trip L=1
MODEL   base = (R+W)/150 = 335.54 us
MODEL   turn = a*min(R,W) = 0.00574*16777216 = 96.30 us
MODEL   => T_model = 431.85 us
MODEL FEATS [{"name":"add","is_reduction":false,"out_elems":8388608,"cores":32,"dtype_bytes":2,"args":[{"name":"op0","role":"output","mem":"hbm","elems":8388608,"broadcast":false,"dims":[16,8192,64],"logical":[8192,1024],"loop_factor":1},{"name":"arg0_1","role":"input","mem":"hbm","elems":8388608,"broadcast":false,"dims":[16,8192,64],"logical":[8192,1024],"loop_factor":1},{"name":"arg1_1","role":"input","mem":"hbm","elems":8388608,"broadcast":false,"dims":[16,8192,64],"logical":[8192,1024],"loop_factor":1}],"reduction_cores":1,"loop_trip":1,"tiles_output_dim":false,"tile_rows_per_core":0.0,"is_matmul":false,"matmul_macs":0,"matmul_rows_per_core":0.0,"matmul_cols_per_core":0.0,"matmul_a_bytes":0,"matmul_b_bytes":0,"matmul_m_split":1,"matmul_n_split":1,"hbm_pattern":""}]
SUMMARY op=add3_sep rows=8192 cols=1024 cores=32 tiles=0 lx=0 io_hbm_bytes=50331648 kernel_us=962.142 pred_us=431.846 err_pct=-55.1 bw_gbps=52.3 memset_us=280.310 other_dev_us=780.345 total_dev_us=2022.797
-- add4_sep [8192,1024] lx=0
  op_it_space_splits={d0: 32, d1: 1}
IO -- device-layout I/O (cost model, stick-padded) --
IO   op add
IO     output op0                    torch [8192, 1024] -> device [16, 8192, 64] in HBM = 8388608 elems x 2B = 16777216 B  (hbm counted: 16777216 B)
IO     input  arg0_1                 torch [8192, 1024] -> device [16, 8192, 64] in HBM = 8388608 elems x 2B = 16777216 B  (hbm counted: 16777216 B)
IO     input  arg1_1                 torch [8192, 1024] -> device [16, 8192, 64] in HBM = 8388608 elems x 2B = 16777216 B  (hbm counted: 16777216 B)
IO   => HBM I/O total = 50331648 B  (lx 0 B, ~free)
MODEL -- estimate (turnaround): T = (R+W)/BW_PEAK + a*min(R,W) --
MODEL   R=33554432 B (read)   W=16777216 B (write)   loop_trip L=1
MODEL   base = (R+W)/150 = 335.54 us
MODEL   turn = a*min(R,W) = 0.00574*16777216 = 96.30 us
MODEL   => T_model = 431.85 us
MODEL FEATS [{"name":"add","is_reduction":false,"out_elems":8388608,"cores":32,"dtype_bytes":2,"args":[{"name":"op0","role":"output","mem":"hbm","elems":8388608,"broadcast":false,"dims":[16,8192,64],"logical":[8192,1024],"loop_factor":1},{"name":"arg0_1","role":"input","mem":"hbm","elems":8388608,"broadcast":false,"dims":[16,8192,64],"logical":[8192,1024],"loop_factor":1},{"name":"arg1_1","role":"input","mem":"hbm","elems":8388608,"broadcast":false,"dims":[16,8192,64],"logical":[8192,1024],"loop_factor":1}],"reduction_cores":1,"loop_trip":1,"tiles_output_dim":false,"tile_rows_per_core":0.0,"is_matmul":false,"matmul_macs":0,"matmul_rows_per_core":0.0,"matmul_cols_per_core":0.0,"matmul_a_bytes":0,"matmul_b_bytes":0,"matmul_m_split":1,"matmul_n_split":1,"hbm_pattern":""}]
SUMMARY op=add4_sep rows=8192 cols=1024 cores=32 tiles=0 lx=0 io_hbm_bytes=50331648 kernel_us=1415.075 pred_us=431.846 err_pct=-69.5 bw_gbps=35.6 memset_us=308.398 other_dev_us=1141.469 total_dev_us=2864.942
-- add5_sep [8192,1024] lx=0
  op_it_space_splits={d0: 32, d1: 1}
IO -- device-layout I/O (cost model, stick-padded) --
IO   op add
IO     output op0                    torch [8192, 1024] -> device [16, 8192, 64] in HBM = 8388608 elems x 2B = 16777216 B  (hbm counted: 16777216 B)
IO     input  arg0_1                 torch [8192, 1024] -> device [16, 8192, 64] in HBM = 8388608 elems x 2B = 16777216 B  (hbm counted: 16777216 B)
IO     input  arg1_1                 torch [8192, 1024] -> device [16, 8192, 64] in HBM = 8388608 elems x 2B = 16777216 B  (hbm counted: 16777216 B)
IO   => HBM I/O total = 50331648 B  (lx 0 B, ~free)
MODEL -- estimate (turnaround): T = (R+W)/BW_PEAK + a*min(R,W) --
MODEL   R=33554432 B (read)   W=16777216 B (write)   loop_trip L=1
MODEL   base = (R+W)/150 = 335.54 us
MODEL   turn = a*min(R,W) = 0.00574*16777216 = 96.30 us
MODEL   => T_model = 431.85 us
MODEL FEATS [{"name":"add","is_reduction":false,"out_elems":8388608,"cores":32,"dtype_bytes":2,"args":[{"name":"op0","role":"output","mem":"hbm","elems":8388608,"broadcast":false,"dims":[16,8192,64],"logical":[8192,1024],"loop_factor":1},{"name":"arg0_1","role":"input","mem":"hbm","elems":8388608,"broadcast":false,"dims":[16,8192,64],"logical":[8192,1024],"loop_factor":1},{"name":"arg1_1","role":"input","mem":"hbm","elems":8388608,"broadcast":false,"dims":[16,8192,64],"logical":[8192,1024],"loop_factor":1}],"reduction_cores":1,"loop_trip":1,"tiles_output_dim":false,"tile_rows_per_core":0.0,"is_matmul":false,"matmul_macs":0,"matmul_rows_per_core":0.0,"matmul_cols_per_core":0.0,"matmul_a_bytes":0,"matmul_b_bytes":0,"matmul_m_split":1,"matmul_n_split":1,"hbm_pattern":""}]
SUMMARY op=add5_sep rows=8192 cols=1024 cores=32 tiles=0 lx=0 io_hbm_bytes=50331648 kernel_us=2066.846 pred_us=431.846 err_pct=-79.1 bw_gbps=24.4 memset_us=296.818 other_dev_us=802.724 total_dev_us=3166.388
-- add6_sep [8192,1024] lx=0
  op_it_space_splits={d0: 32, d1: 1}
IO -- device-layout I/O (cost model, stick-padded) --
IO   op add
IO     output op0                    torch [8192, 1024] -> device [16, 8192, 64] in HBM = 8388608 elems x 2B = 16777216 B  (hbm counted: 16777216 B)
IO     input  arg0_1                 torch [8192, 1024] -> device [16, 8192, 64] in HBM = 8388608 elems x 2B = 16777216 B  (hbm counted: 16777216 B)
IO     input  arg1_1                 torch [8192, 1024] -> device [16, 8192, 64] in HBM = 8388608 elems x 2B = 16777216 B  (hbm counted: 16777216 B)
IO   => HBM I/O total = 50331648 B  (lx 0 B, ~free)
MODEL -- estimate (turnaround): T = (R+W)/BW_PEAK + a*min(R,W) --
MODEL   R=33554432 B (read)   W=16777216 B (write)   loop_trip L=1
MODEL   base = (R+W)/150 = 335.54 us
MODEL   turn = a*min(R,W) = 0.00574*16777216 = 96.30 us
MODEL   => T_model = 431.85 us
MODEL FEATS [{"name":"add","is_reduction":false,"out_elems":8388608,"cores":32,"dtype_bytes":2,"args":[{"name":"op0","role":"output","mem":"hbm","elems":8388608,"broadcast":false,"dims":[16,8192,64],"logical":[8192,1024],"loop_factor":1},{"name":"arg0_1","role":"input","mem":"hbm","elems":8388608,"broadcast":false,"dims":[16,8192,64],"logical":[8192,1024],"loop_factor":1},{"name":"arg1_1","role":"input","mem":"hbm","elems":8388608,"broadcast":false,"dims":[16,8192,64],"logical":[8192,1024],"loop_factor":1}],"reduction_cores":1,"loop_trip":1,"tiles_output_dim":false,"tile_rows_per_core":0.0,"is_matmul":false,"matmul_macs":0,"matmul_rows_per_core":0.0,"matmul_cols_per_core":0.0,"matmul_a_bytes":0,"matmul_b_bytes":0,"matmul_m_split":1,"matmul_n_split":1,"hbm_pattern":""}]
SUMMARY op=add6_sep rows=8192 cols=1024 cores=32 tiles=0 lx=0 io_hbm_bytes=50331648 kernel_us=2544.249 pred_us=431.846 err_pct=-83.0 bw_gbps=19.8 memset_us=288.478 other_dev_us=939.170 total_dev_us=3771.897
==== runs DONE -> parsing haoyang_logs/new_experiments_20260722_200231.log into notes/sweep_records.{json,csv} ====
==== new-experiments sweep COMPLETE -- forward haoyang_logs/new_experiments_20260722_200231.log + notes/sweep_records.* ====
