==== new-experiments sweep Tue Jul 21 19:47:28 UTC 2026 ====
git: 0fdf6aa  sections: ARITY
## ARITY add{,3,4,5,6}+add_indep2+add3/4_sep at 3 shapes, LX 0 and 1
-- add [2048,1024] lx=0
  op_it_space_splits={d0: 32, d1: 1}
IO -- device-layout I/O (cost model, stick-padded) --
IO   op add
IO     output op0                    torch [2048, 1024] -> device [16, 2048, 64] in HBM = 2097152 elems x 2B = 4194304 B  (hbm counted: 4194304 B)
IO     input  arg0_1                 torch [2048, 1024] -> device [16, 2048, 64] in HBM = 2097152 elems x 2B = 4194304 B  (hbm counted: 4194304 B)
IO     input  arg1_1                 torch [2048, 1024] -> device [16, 2048, 64] in HBM = 2097152 elems x 2B = 4194304 B  (hbm counted: 4194304 B)
IO   => HBM I/O total = 12582912 B  (lx 0 B, ~free)
MODEL -- estimate (turnaround): T = (R+W)/BW_PEAK + a*min(R,W) --
MODEL   R=8388608 B (read)   W=4194304 B (write)   loop_trip L=1
MODEL   base = (R+W)/150 = 83.89 us
MODEL   turn = a*min(R,W) = 0.00574*4194304 = 24.08 us
MODEL   => T_model = 107.96 us
MODEL FEATS [{"name":"add","is_reduction":false,"out_elems":2097152,"cores":32,"dtype_bytes":2,"args":[{"name":"op0","role":"output","mem":"hbm","elems":2097152,"broadcast":false,"dims":[16,2048,64],"logical":[2048,1024],"loop_factor":1},{"name":"arg0_1","role":"input","mem":"hbm","elems":2097152,"broadcast":false,"dims":[16,2048,64],"logical":[2048,1024],"loop_factor":1},{"name":"arg1_1","role":"input","mem":"hbm","elems":2097152,"broadcast":false,"dims":[16,2048,64],"logical":[2048,1024],"loop_factor":1}],"reduction_cores":1,"loop_trip":1,"tiles_output_dim":false,"tile_rows_per_core":0.0,"is_matmul":false,"matmul_macs":0,"matmul_rows_per_core":0.0,"matmul_cols_per_core":0.0,"matmul_a_bytes":0,"matmul_b_bytes":0,"matmul_m_split":1,"matmul_n_split":1,"hbm_pattern":""}]
SUMMARY op=add rows=2048 cols=1024 cores=32 tiles=0 lx=0 io_hbm_bytes=12582912 kernel_us=107.279 pred_us=107.961 err_pct=+0.6 bw_gbps=117.3 memset_us=151.998 other_dev_us=389.038 total_dev_us=648.315
-- add3 [2048,1024] lx=0
  op_it_space_splits={d0: 32, d1: 1}
  op_it_space_splits={d0: 32, d1: 1}
IO -- device-layout I/O (cost model, stick-padded) --
IO   op add
IO     output op0                    torch [2048, 1024] -> device [16, 2048, 64] in HBM = 2097152 elems x 2B = 4194304 B  (hbm counted: 4194304 B)
IO     input  arg0_1                 torch [2048, 1024] -> device [16, 2048, 64] in HBM = 2097152 elems x 2B = 4194304 B  (hbm counted: 4194304 B)
IO     input  arg1_1                 torch [2048, 1024] -> device [16, 2048, 64] in HBM = 2097152 elems x 2B = 4194304 B  (hbm counted: 4194304 B)
IO   op add_1
IO     output op1                    torch [2048, 1024] -> device [16, 2048, 64] in HBM = 2097152 elems x 2B = 4194304 B  (hbm counted: 4194304 B)
IO     input  buf0                   torch [2048, 1024] -> device [16, 2048, 64] in HBM = 2097152 elems x 2B = 4194304 B  (hbm counted: 4194304 B)
IO     input  arg2_1                 torch [2048, 1024] -> device [16, 2048, 64] in HBM = 2097152 elems x 2B = 4194304 B  (hbm counted: 4194304 B)
IO   => HBM I/O total = 25165824 B  (lx 0 B, ~free)
MODEL -- estimate (turnaround): T = (R+W)/BW_PEAK + a*min(R,W) --
MODEL   R=16777216 B (read)   W=8388608 B (write)   loop_trip L=1
MODEL   base = (R+W)/150 = 167.77 us
MODEL   turn = a*min(R,W) = 0.00574*8388608 = 48.15 us
MODEL   => T_model = 232.12 us
MODEL FEATS [{"name":"add","is_reduction":false,"out_elems":2097152,"cores":32,"dtype_bytes":2,"args":[{"name":"op0","role":"output","mem":"hbm","elems":2097152,"broadcast":false,"dims":[16,2048,64],"logical":[2048,1024],"loop_factor":1},{"name":"arg0_1","role":"input","mem":"hbm","elems":2097152,"broadcast":false,"dims":[16,2048,64],"logical":[2048,1024],"loop_factor":1},{"name":"arg1_1","role":"input","mem":"hbm","elems":2097152,"broadcast":false,"dims":[16,2048,64],"logical":[2048,1024],"loop_factor":1}],"reduction_cores":1,"loop_trip":1,"tiles_output_dim":false,"tile_rows_per_core":0.0,"is_matmul":false,"matmul_macs":0,"matmul_rows_per_core":0.0,"matmul_cols_per_core":0.0,"matmul_a_bytes":0,"matmul_b_bytes":0,"matmul_m_split":1,"matmul_n_split":1,"hbm_pattern":""},{"name":"add_1","is_reduction":false,"out_elems":2097152,"cores":32,"dtype_bytes":2,"args":[{"name":"op1","role":"output","mem":"hbm","elems":2097152,"broadcast":false,"dims":[16,2048,64],"logical":[2048,1024],"loop_factor":1},{"name":"buf0","role":"input","mem":"hbm","elems":2097152,"broadcast":false,"dims":[16,2048,64],"logical":[2048,1024],"loop_factor":1},{"name":"arg2_1","role":"input","mem":"hbm","elems":2097152,"broadcast":false,"dims":[16,2048,64],"logical":[2048,1024],"loop_factor":1}],"reduction_cores":1,"loop_trip":1,"tiles_output_dim":false,"tile_rows_per_core":0.0,"is_matmul":false,"matmul_macs":0,"matmul_rows_per_core":0.0,"matmul_cols_per_core":0.0,"matmul_a_bytes":0,"matmul_b_bytes":0,"matmul_m_split":1,"matmul_n_split":1,"hbm_pattern":""}]
SUMMARY op=add3 rows=2048 cols=1024 cores=32 tiles=0 lx=0 io_hbm_bytes=25165824 kernel_us=231.712 pred_us=232.117 err_pct=+0.2 bw_gbps=108.6 memset_us=150.879 other_dev_us=329.608 total_dev_us=712.199
-- add4 [2048,1024] lx=0
  op_it_space_splits={d0: 32, d1: 1}
  op_it_space_splits={d0: 32, d1: 1}
  op_it_space_splits={d0: 32, d1: 1}
IO -- device-layout I/O (cost model, stick-padded) --
IO   op add
IO     output op0                    torch [2048, 1024] -> device [16, 2048, 64] in HBM = 2097152 elems x 2B = 4194304 B  (hbm counted: 4194304 B)
IO     input  arg0_1                 torch [2048, 1024] -> device [16, 2048, 64] in HBM = 2097152 elems x 2B = 4194304 B  (hbm counted: 4194304 B)
IO     input  arg1_1                 torch [2048, 1024] -> device [16, 2048, 64] in HBM = 2097152 elems x 2B = 4194304 B  (hbm counted: 4194304 B)
IO   op add_1
IO     output op1                    torch [2048, 1024] -> device [16, 2048, 64] in HBM = 2097152 elems x 2B = 4194304 B  (hbm counted: 4194304 B)
IO     input  buf0                   torch [2048, 1024] -> device [16, 2048, 64] in HBM = 2097152 elems x 2B = 4194304 B  (hbm counted: 4194304 B)
IO     input  arg2_1                 torch [2048, 1024] -> device [16, 2048, 64] in HBM = 2097152 elems x 2B = 4194304 B  (hbm counted: 4194304 B)
IO   op add_2
IO     output op2                    torch [2048, 1024] -> device [16, 2048, 64] in HBM = 2097152 elems x 2B = 4194304 B  (hbm counted: 4194304 B)
IO     input  buf1                   torch [2048, 1024] -> device [16, 2048, 64] in HBM = 2097152 elems x 2B = 4194304 B  (hbm counted: 4194304 B)
IO     input  arg3_1                 torch [2048, 1024] -> device [16, 2048, 64] in HBM = 2097152 elems x 2B = 4194304 B  (hbm counted: 4194304 B)
IO   => HBM I/O total = 37748736 B  (lx 0 B, ~free)
MODEL -- estimate (turnaround): T = (R+W)/BW_PEAK + a*min(R,W) --
MODEL   R=25165824 B (read)   W=12582912 B (write)   loop_trip L=1
MODEL   base = (R+W)/150 = 251.66 us
MODEL   turn = a*min(R,W) = 0.00574*12582912 = 72.23 us
MODEL   => T_model = 372.47 us
MODEL FEATS [{"name":"add","is_reduction":false,"out_elems":2097152,"cores":32,"dtype_bytes":2,"args":[{"name":"op0","role":"output","mem":"hbm","elems":2097152,"broadcast":false,"dims":[16,2048,64],"logical":[2048,1024],"loop_factor":1},{"name":"arg0_1","role":"input","mem":"hbm","elems":2097152,"broadcast":false,"dims":[16,2048,64],"logical":[2048,1024],"loop_factor":1},{"name":"arg1_1","role":"input","mem":"hbm","elems":2097152,"broadcast":false,"dims":[16,2048,64],"logical":[2048,1024],"loop_factor":1}],"reduction_cores":1,"loop_trip":1,"tiles_output_dim":false,"tile_rows_per_core":0.0,"is_matmul":false,"matmul_macs":0,"matmul_rows_per_core":0.0,"matmul_cols_per_core":0.0,"matmul_a_bytes":0,"matmul_b_bytes":0,"matmul_m_split":1,"matmul_n_split":1,"hbm_pattern":""},{"name":"add_1","is_reduction":false,"out_elems":2097152,"cores":32,"dtype_bytes":2,"args":[{"name":"op1","role":"output","mem":"hbm","elems":2097152,"broadcast":false,"dims":[16,2048,64],"logical":[2048,1024],"loop_factor":1},{"name":"buf0","role":"input","mem":"hbm","elems":2097152,"broadcast":false,"dims":[16,2048,64],"logical":[2048,1024],"loop_factor":1},{"name":"arg2_1","role":"input","mem":"hbm","elems":2097152,"broadcast":false,"dims":[16,2048,64],"logical":[2048,1024],"loop_factor":1}],"reduction_cores":1,"loop_trip":1,"tiles_output_dim":false,"tile_rows_per_core":0.0,"is_matmul":false,"matmul_macs":0,"matmul_rows_per_core":0.0,"matmul_cols_per_core":0.0,"matmul_a_bytes":0,"matmul_b_bytes":0,"matmul_m_split":1,"matmul_n_split":1,"hbm_pattern":""},{"name":"add_2","is_reduction":false,"out_elems":2097152,"cores":32,"dtype_bytes":2,"args":[{"name":"op2","role":"output","mem":"hbm","elems":2097152,"broadcast":false,"dims":[16,2048,64],"logical":[2048,1024],"loop_factor":1},{"name":"buf1","role":"input","mem":"hbm","elems":2097152,"broadcast":false,"dims":[16,2048,64],"logical":[2048,1024],"loop_factor":1},{"name":"arg3_1","role":"input","mem":"hbm","elems":2097152,"broadcast":false,"dims":[16,2048,64],"logical":[2048,1024],"loop_factor":1}],"reduction_cores":1,"loop_trip":1,"tiles_output_dim":false,"tile_rows_per_core":0.0,"is_matmul":false,"matmul_macs":0,"matmul_rows_per_core":0.0,"matmul_cols_per_core":0.0,"matmul_a_bytes":0,"matmul_b_bytes":0,"matmul_m_split":1,"matmul_n_split":1,"hbm_pattern":""}]
SUMMARY op=add4 rows=2048 cols=1024 cores=32 tiles=0 lx=0 io_hbm_bytes=37748736 kernel_us=373.488 pred_us=372.467 err_pct=-0.3 bw_gbps=101.1 memset_us=148.722 other_dev_us=333.966 total_dev_us=856.176
-- add5 [2048,1024] lx=0
  op_it_space_splits={d0: 32, d1: 1}
  op_it_space_splits={d0: 32, d1: 1}
  op_it_space_splits={d0: 32, d1: 1}
  op_it_space_splits={d0: 32, d1: 1}
IO -- device-layout I/O (cost model, stick-padded) --
IO   op add
IO     output op0                    torch [2048, 1024] -> device [16, 2048, 64] in HBM = 2097152 elems x 2B = 4194304 B  (hbm counted: 4194304 B)
IO     input  arg0_1                 torch [2048, 1024] -> device [16, 2048, 64] in HBM = 2097152 elems x 2B = 4194304 B  (hbm counted: 4194304 B)
IO     input  arg1_1                 torch [2048, 1024] -> device [16, 2048, 64] in HBM = 2097152 elems x 2B = 4194304 B  (hbm counted: 4194304 B)
IO   op add_1
IO     output op1                    torch [2048, 1024] -> device [16, 2048, 64] in HBM = 2097152 elems x 2B = 4194304 B  (hbm counted: 4194304 B)
IO     input  buf0                   torch [2048, 1024] -> device [16, 2048, 64] in HBM = 2097152 elems x 2B = 4194304 B  (hbm counted: 4194304 B)
IO     input  arg2_1                 torch [2048, 1024] -> device [16, 2048, 64] in HBM = 2097152 elems x 2B = 4194304 B  (hbm counted: 4194304 B)
IO   op add_2
IO     output op2                    torch [2048, 1024] -> device [16, 2048, 64] in HBM = 2097152 elems x 2B = 4194304 B  (hbm counted: 4194304 B)
IO     input  buf1                   torch [2048, 1024] -> device [16, 2048, 64] in HBM = 2097152 elems x 2B = 4194304 B  (hbm counted: 4194304 B)
IO     input  arg3_1                 torch [2048, 1024] -> device [16, 2048, 64] in HBM = 2097152 elems x 2B = 4194304 B  (hbm counted: 4194304 B)
IO   op add_3
IO     output op3                    torch [2048, 1024] -> device [16, 2048, 64] in HBM = 2097152 elems x 2B = 4194304 B  (hbm counted: 4194304 B)
IO     input  buf2                   torch [2048, 1024] -> device [16, 2048, 64] in HBM = 2097152 elems x 2B = 4194304 B  (hbm counted: 4194304 B)
IO     input  arg4_1                 torch [2048, 1024] -> device [16, 2048, 64] in HBM = 2097152 elems x 2B = 4194304 B  (hbm counted: 4194304 B)
IO   => HBM I/O total = 50331648 B  (lx 0 B, ~free)
MODEL -- estimate (turnaround): T = (R+W)/BW_PEAK + a*min(R,W) --
MODEL   R=33554432 B (read)   W=16777216 B (write)   loop_trip L=1
MODEL   base = (R+W)/150 = 335.54 us
MODEL   turn = a*min(R,W) = 0.00574*16777216 = 96.30 us
MODEL   => T_model = 529.01 us
MODEL FEATS [{"name":"add","is_reduction":false,"out_elems":2097152,"cores":32,"dtype_bytes":2,"args":[{"name":"op0","role":"output","mem":"hbm","elems":2097152,"broadcast":false,"dims":[16,2048,64],"logical":[2048,1024],"loop_factor":1},{"name":"arg0_1","role":"input","mem":"hbm","elems":2097152,"broadcast":false,"dims":[16,2048,64],"logical":[2048,1024],"loop_factor":1},{"name":"arg1_1","role":"input","mem":"hbm","elems":2097152,"broadcast":false,"dims":[16,2048,64],"logical":[2048,1024],"loop_factor":1}],"reduction_cores":1,"loop_trip":1,"tiles_output_dim":false,"tile_rows_per_core":0.0,"is_matmul":false,"matmul_macs":0,"matmul_rows_per_core":0.0,"matmul_cols_per_core":0.0,"matmul_a_bytes":0,"matmul_b_bytes":0,"matmul_m_split":1,"matmul_n_split":1,"hbm_pattern":""},{"name":"add_1","is_reduction":false,"out_elems":2097152,"cores":32,"dtype_bytes":2,"args":[{"name":"op1","role":"output","mem":"hbm","elems":2097152,"broadcast":false,"dims":[16,2048,64],"logical":[2048,1024],"loop_factor":1},{"name":"buf0","role":"input","mem":"hbm","elems":2097152,"broadcast":false,"dims":[16,2048,64],"logical":[2048,1024],"loop_factor":1},{"name":"arg2_1","role":"input","mem":"hbm","elems":2097152,"broadcast":false,"dims":[16,2048,64],"logical":[2048,1024],"loop_factor":1}],"reduction_cores":1,"loop_trip":1,"tiles_output_dim":false,"tile_rows_per_core":0.0,"is_matmul":false,"matmul_macs":0,"matmul_rows_per_core":0.0,"matmul_cols_per_core":0.0,"matmul_a_bytes":0,"matmul_b_bytes":0,"matmul_m_split":1,"matmul_n_split":1,"hbm_pattern":""},{"name":"add_2","is_reduction":false,"out_elems":2097152,"cores":32,"dtype_bytes":2,"args":[{"name":"op2","role":"output","mem":"hbm","elems":2097152,"broadcast":false,"dims":[16,2048,64],"logical":[2048,1024],"loop_factor":1},{"name":"buf1","role":"input","mem":"hbm","elems":2097152,"broadcast":false,"dims":[16,2048,64],"logical":[2048,1024],"loop_factor":1},{"name":"arg3_1","role":"input","mem":"hbm","elems":2097152,"broadcast":false,"dims":[16,2048,64],"logical":[2048,1024],"loop_factor":1}],"reduction_cores":1,"loop_trip":1,"tiles_output_dim":false,"tile_rows_per_core":0.0,"is_matmul":false,"matmul_macs":0,"matmul_rows_per_core":0.0,"matmul_cols_per_core":0.0,"matmul_a_bytes":0,"matmul_b_bytes":0,"matmul_m_split":1,"matmul_n_split":1,"hbm_pattern":""},{"name":"add_3","is_reduction":false,"out_elems":2097152,"cores":32,"dtype_bytes":2,"args":[{"name":"op3","role":"output","mem":"hbm","elems":2097152,"broadcast":false,"dims":[16,2048,64],"logical":[2048,1024],"loop_factor":1},{"name":"buf2","role":"input","mem":"hbm","elems":2097152,"broadcast":false,"dims":[16,2048,64],"logical":[2048,1024],"loop_factor":1},{"name":"arg4_1","role":"input","mem":"hbm","elems":2097152,"broadcast":false,"dims":[16,2048,64],"logical":[2048,1024],"loop_factor":1}],"reduction_cores":1,"loop_trip":1,"tiles_output_dim":false,"tile_rows_per_core":0.0,"is_matmul":false,"matmul_macs":0,"matmul_rows_per_core":0.0,"matmul_cols_per_core":0.0,"matmul_a_bytes":0,"matmul_b_bytes":0,"matmul_m_split":1,"matmul_n_split":1,"hbm_pattern":""}]
SUMMARY op=add5 rows=2048 cols=1024 cores=32 tiles=0 lx=0 io_hbm_bytes=50331648 kernel_us=502.157 pred_us=529.011 err_pct=+5.3 bw_gbps=100.2 memset_us=165.975 other_dev_us=370.705 total_dev_us=1038.837
-- add6 [2048,1024] lx=0
  op_it_space_splits={d0: 32, d1: 1}
  op_it_space_splits={d0: 32, d1: 1}
  op_it_space_splits={d0: 32, d1: 1}
  op_it_space_splits={d0: 32, d1: 1}
  op_it_space_splits={d0: 32, d1: 1}
IO -- device-layout I/O (cost model, stick-padded) --
IO   op add
IO     output op0                    torch [2048, 1024] -> device [16, 2048, 64] in HBM = 2097152 elems x 2B = 4194304 B  (hbm counted: 4194304 B)
IO     input  arg0_1                 torch [2048, 1024] -> device [16, 2048, 64] in HBM = 2097152 elems x 2B = 4194304 B  (hbm counted: 4194304 B)
IO     input  arg1_1                 torch [2048, 1024] -> device [16, 2048, 64] in HBM = 2097152 elems x 2B = 4194304 B  (hbm counted: 4194304 B)
IO   op add_1
IO     output op1                    torch [2048, 1024] -> device [16, 2048, 64] in HBM = 2097152 elems x 2B = 4194304 B  (hbm counted: 4194304 B)
IO     input  buf0                   torch [2048, 1024] -> device [16, 2048, 64] in HBM = 2097152 elems x 2B = 4194304 B  (hbm counted: 4194304 B)
IO     input  arg2_1                 torch [2048, 1024] -> device [16, 2048, 64] in HBM = 2097152 elems x 2B = 4194304 B  (hbm counted: 4194304 B)
IO   op add_2
IO     output op2                    torch [2048, 1024] -> device [16, 2048, 64] in HBM = 2097152 elems x 2B = 4194304 B  (hbm counted: 4194304 B)
IO     input  buf1                   torch [2048, 1024] -> device [16, 2048, 64] in HBM = 2097152 elems x 2B = 4194304 B  (hbm counted: 4194304 B)
IO     input  arg3_1                 torch [2048, 1024] -> device [16, 2048, 64] in HBM = 2097152 elems x 2B = 4194304 B  (hbm counted: 4194304 B)
IO   op add_3
IO     output op3                    torch [2048, 1024] -> device [16, 2048, 64] in HBM = 2097152 elems x 2B = 4194304 B  (hbm counted: 4194304 B)
IO     input  buf2                   torch [2048, 1024] -> device [16, 2048, 64] in HBM = 2097152 elems x 2B = 4194304 B  (hbm counted: 4194304 B)
IO     input  arg4_1                 torch [2048, 1024] -> device [16, 2048, 64] in HBM = 2097152 elems x 2B = 4194304 B  (hbm counted: 4194304 B)
IO   op add_4
IO     output op4                    torch [2048, 1024] -> device [16, 2048, 64] in HBM = 2097152 elems x 2B = 4194304 B  (hbm counted: 4194304 B)
IO     input  buf3                   torch [2048, 1024] -> device [16, 2048, 64] in HBM = 2097152 elems x 2B = 4194304 B  (hbm counted: 4194304 B)
IO     input  arg5_1                 torch [2048, 1024] -> device [16, 2048, 64] in HBM = 2097152 elems x 2B = 4194304 B  (hbm counted: 4194304 B)
IO   => HBM I/O total = 62914560 B  (lx 0 B, ~free)
MODEL -- estimate (turnaround): T = (R+W)/BW_PEAK + a*min(R,W) --
MODEL   R=41943040 B (read)   W=20971520 B (write)   loop_trip L=1
MODEL   base = (R+W)/150 = 419.43 us
MODEL   turn = a*min(R,W) = 0.00574*20971520 = 120.38 us
MODEL   => T_model = 701.75 us
MODEL FEATS [{"name":"add","is_reduction":false,"out_elems":2097152,"cores":32,"dtype_bytes":2,"args":[{"name":"op0","role":"output","mem":"hbm","elems":2097152,"broadcast":false,"dims":[16,2048,64],"logical":[2048,1024],"loop_factor":1},{"name":"arg0_1","role":"input","mem":"hbm","elems":2097152,"broadcast":false,"dims":[16,2048,64],"logical":[2048,1024],"loop_factor":1},{"name":"arg1_1","role":"input","mem":"hbm","elems":2097152,"broadcast":false,"dims":[16,2048,64],"logical":[2048,1024],"loop_factor":1}],"reduction_cores":1,"loop_trip":1,"tiles_output_dim":false,"tile_rows_per_core":0.0,"is_matmul":false,"matmul_macs":0,"matmul_rows_per_core":0.0,"matmul_cols_per_core":0.0,"matmul_a_bytes":0,"matmul_b_bytes":0,"matmul_m_split":1,"matmul_n_split":1,"hbm_pattern":""},{"name":"add_1","is_reduction":false,"out_elems":2097152,"cores":32,"dtype_bytes":2,"args":[{"name":"op1","role":"output","mem":"hbm","elems":2097152,"broadcast":false,"dims":[16,2048,64],"logical":[2048,1024],"loop_factor":1},{"name":"buf0","role":"input","mem":"hbm","elems":2097152,"broadcast":false,"dims":[16,2048,64],"logical":[2048,1024],"loop_factor":1},{"name":"arg2_1","role":"input","mem":"hbm","elems":2097152,"broadcast":false,"dims":[16,2048,64],"logical":[2048,1024],"loop_factor":1}],"reduction_cores":1,"loop_trip":1,"tiles_output_dim":false,"tile_rows_per_core":0.0,"is_matmul":false,"matmul_macs":0,"matmul_rows_per_core":0.0,"matmul_cols_per_core":0.0,"matmul_a_bytes":0,"matmul_b_bytes":0,"matmul_m_split":1,"matmul_n_split":1,"hbm_pattern":""},{"name":"add_2","is_reduction":false,"out_elems":2097152,"cores":32,"dtype_bytes":2,"args":[{"name":"op2","role":"output","mem":"hbm","elems":2097152,"broadcast":false,"dims":[16,2048,64],"logical":[2048,1024],"loop_factor":1},{"name":"buf1","role":"input","mem":"hbm","elems":2097152,"broadcast":false,"dims":[16,2048,64],"logical":[2048,1024],"loop_factor":1},{"name":"arg3_1","role":"input","mem":"hbm","elems":2097152,"broadcast":false,"dims":[16,2048,64],"logical":[2048,1024],"loop_factor":1}],"reduction_cores":1,"loop_trip":1,"tiles_output_dim":false,"tile_rows_per_core":0.0,"is_matmul":false,"matmul_macs":0,"matmul_rows_per_core":0.0,"matmul_cols_per_core":0.0,"matmul_a_bytes":0,"matmul_b_bytes":0,"matmul_m_split":1,"matmul_n_split":1,"hbm_pattern":""},{"name":"add_3","is_reduction":false,"out_elems":2097152,"cores":32,"dtype_bytes":2,"args":[{"name":"op3","role":"output","mem":"hbm","elems":2097152,"broadcast":false,"dims":[16,2048,64],"logical":[2048,1024],"loop_factor":1},{"name":"buf2","role":"input","mem":"hbm","elems":2097152,"broadcast":false,"dims":[16,2048,64],"logical":[2048,1024],"loop_factor":1},{"name":"arg4_1","role":"input","mem":"hbm","elems":2097152,"broadcast":false,"dims":[16,2048,64],"logical":[2048,1024],"loop_factor":1}],"reduction_cores":1,"loop_trip":1,"tiles_output_dim":false,"tile_rows_per_core":0.0,"is_matmul":false,"matmul_macs":0,"matmul_rows_per_core":0.0,"matmul_cols_per_core":0.0,"matmul_a_bytes":0,"matmul_b_bytes":0,"matmul_m_split":1,"matmul_n_split":1,"hbm_pattern":""},{"name":"add_4","is_reduction":false,"out_elems":2097152,"cores":32,"dtype_bytes":2,"args":[{"name":"op4","role":"output","mem":"hbm","elems":2097152,"broadcast":false,"dims":[16,2048,64],"logical":[2048,1024],"loop_factor":1},{"name":"buf3","role":"input","mem":"hbm","elems":2097152,"broadcast":false,"dims":[16,2048,64],"logical":[2048,1024],"loop_factor":1},{"name":"arg5_1","role":"input","mem":"hbm","elems":2097152,"broadcast":false,"dims":[16,2048,64],"logical":[2048,1024],"loop_factor":1}],"reduction_cores":1,"loop_trip":1,"tiles_output_dim":false,"tile_rows_per_core":0.0,"is_matmul":false,"matmul_macs":0,"matmul_rows_per_core":0.0,"matmul_cols_per_core":0.0,"matmul_a_bytes":0,"matmul_b_bytes":0,"matmul_m_split":1,"matmul_n_split":1,"hbm_pattern":""}]
SUMMARY op=add6 rows=2048 cols=1024 cores=32 tiles=0 lx=0 io_hbm_bytes=62914560 kernel_us=628.965 pred_us=701.749 err_pct=+11.6 bw_gbps=100.0 memset_us=155.196 other_dev_us=336.346 total_dev_us=1120.507
-- add_indep2 [2048,1024] lx=0
  op_it_space_splits={d0: 32, d1: 1}
  op_it_space_splits={d0: 32, d1: 1}
IO -- device-layout I/O (cost model, stick-padded) --
IO   op add
IO     output op0                    torch [2048, 1024] -> device [16, 2048, 64] in HBM = 2097152 elems x 2B = 4194304 B  (hbm counted: 4194304 B)
IO     input  arg0_1                 torch [2048, 1024] -> device [16, 2048, 64] in HBM = 2097152 elems x 2B = 4194304 B  (hbm counted: 4194304 B)
IO     input  arg1_1                 torch [2048, 1024] -> device [16, 2048, 64] in HBM = 2097152 elems x 2B = 4194304 B  (hbm counted: 4194304 B)
IO   op add_1
IO     output op1                    torch [2048, 1024] -> device [16, 2048, 64] in HBM = 2097152 elems x 2B = 4194304 B  (hbm counted: 4194304 B)
IO     input  arg2_1                 torch [2048, 1024] -> device [16, 2048, 64] in HBM = 2097152 elems x 2B = 4194304 B  (hbm counted: 4194304 B)
IO     input  arg3_1                 torch [2048, 1024] -> device [16, 2048, 64] in HBM = 2097152 elems x 2B = 4194304 B  (hbm counted: 4194304 B)
IO   => HBM I/O total = 25165824 B  (lx 0 B, ~free)
MODEL -- estimate (turnaround): T = (R+W)/BW_PEAK + a*min(R,W) --
MODEL   R=16777216 B (read)   W=8388608 B (write)   loop_trip L=1
MODEL   base = (R+W)/150 = 167.77 us
MODEL   turn = a*min(R,W) = 0.00574*8388608 = 48.15 us
MODEL   => T_model = 232.12 us
MODEL FEATS [{"name":"add","is_reduction":false,"out_elems":2097152,"cores":32,"dtype_bytes":2,"args":[{"name":"op0","role":"output","mem":"hbm","elems":2097152,"broadcast":false,"dims":[16,2048,64],"logical":[2048,1024],"loop_factor":1},{"name":"arg0_1","role":"input","mem":"hbm","elems":2097152,"broadcast":false,"dims":[16,2048,64],"logical":[2048,1024],"loop_factor":1},{"name":"arg1_1","role":"input","mem":"hbm","elems":2097152,"broadcast":false,"dims":[16,2048,64],"logical":[2048,1024],"loop_factor":1}],"reduction_cores":1,"loop_trip":1,"tiles_output_dim":false,"tile_rows_per_core":0.0,"is_matmul":false,"matmul_macs":0,"matmul_rows_per_core":0.0,"matmul_cols_per_core":0.0,"matmul_a_bytes":0,"matmul_b_bytes":0,"matmul_m_split":1,"matmul_n_split":1,"hbm_pattern":""},{"name":"add_1","is_reduction":false,"out_elems":2097152,"cores":32,"dtype_bytes":2,"args":[{"name":"op1","role":"output","mem":"hbm","elems":2097152,"broadcast":false,"dims":[16,2048,64],"logical":[2048,1024],"loop_factor":1},{"name":"arg2_1","role":"input","mem":"hbm","elems":2097152,"broadcast":false,"dims":[16,2048,64],"logical":[2048,1024],"loop_factor":1},{"name":"arg3_1","role":"input","mem":"hbm","elems":2097152,"broadcast":false,"dims":[16,2048,64],"logical":[2048,1024],"loop_factor":1}],"reduction_cores":1,"loop_trip":1,"tiles_output_dim":false,"tile_rows_per_core":0.0,"is_matmul":false,"matmul_macs":0,"matmul_rows_per_core":0.0,"matmul_cols_per_core":0.0,"matmul_a_bytes":0,"matmul_b_bytes":0,"matmul_m_split":1,"matmul_n_split":1,"hbm_pattern":""}]
SUMMARY op=add_indep2 rows=2048 cols=1024 cores=32 tiles=0 lx=0 io_hbm_bytes=25165824 kernel_us=217.645 pred_us=232.117 err_pct=+6.6 bw_gbps=115.6 memset_us=280.023 other_dev_us=675.515 total_dev_us=1173.183
-- add3_sep [2048,1024] lx=0
  op_it_space_splits={d0: 32, d1: 1}
IO -- device-layout I/O (cost model, stick-padded) --
IO   op add
IO     output op0                    torch [2048, 1024] -> device [16, 2048, 64] in HBM = 2097152 elems x 2B = 4194304 B  (hbm counted: 4194304 B)
IO     input  arg0_1                 torch [2048, 1024] -> device [16, 2048, 64] in HBM = 2097152 elems x 2B = 4194304 B  (hbm counted: 4194304 B)
IO     input  arg1_1                 torch [2048, 1024] -> device [16, 2048, 64] in HBM = 2097152 elems x 2B = 4194304 B  (hbm counted: 4194304 B)
IO   => HBM I/O total = 12582912 B  (lx 0 B, ~free)
MODEL -- estimate (turnaround): T = (R+W)/BW_PEAK + a*min(R,W) --
MODEL   R=8388608 B (read)   W=4194304 B (write)   loop_trip L=1
MODEL   base = (R+W)/150 = 83.89 us
MODEL   turn = a*min(R,W) = 0.00574*4194304 = 24.08 us
MODEL   => T_model = 107.96 us
MODEL FEATS [{"name":"add","is_reduction":false,"out_elems":2097152,"cores":32,"dtype_bytes":2,"args":[{"name":"op0","role":"output","mem":"hbm","elems":2097152,"broadcast":false,"dims":[16,2048,64],"logical":[2048,1024],"loop_factor":1},{"name":"arg0_1","role":"input","mem":"hbm","elems":2097152,"broadcast":false,"dims":[16,2048,64],"logical":[2048,1024],"loop_factor":1},{"name":"arg1_1","role":"input","mem":"hbm","elems":2097152,"broadcast":false,"dims":[16,2048,64],"logical":[2048,1024],"loop_factor":1}],"reduction_cores":1,"loop_trip":1,"tiles_output_dim":false,"tile_rows_per_core":0.0,"is_matmul":false,"matmul_macs":0,"matmul_rows_per_core":0.0,"matmul_cols_per_core":0.0,"matmul_a_bytes":0,"matmul_b_bytes":0,"matmul_m_split":1,"matmul_n_split":1,"hbm_pattern":""}]
SUMMARY op=add3_sep rows=2048 cols=1024 cores=32 tiles=0 lx=0 io_hbm_bytes=12582912 kernel_us=230.704 pred_us=107.961 err_pct=-53.2 bw_gbps=54.5 memset_us=156.765 other_dev_us=379.736 total_dev_us=767.205
-- add4_sep [2048,1024] lx=0
  op_it_space_splits={d0: 32, d1: 1}
IO -- device-layout I/O (cost model, stick-padded) --
IO   op add
IO     output op0                    torch [2048, 1024] -> device [16, 2048, 64] in HBM = 2097152 elems x 2B = 4194304 B  (hbm counted: 4194304 B)
IO     input  arg0_1                 torch [2048, 1024] -> device [16, 2048, 64] in HBM = 2097152 elems x 2B = 4194304 B  (hbm counted: 4194304 B)
IO     input  arg1_1                 torch [2048, 1024] -> device [16, 2048, 64] in HBM = 2097152 elems x 2B = 4194304 B  (hbm counted: 4194304 B)
IO   => HBM I/O total = 12582912 B  (lx 0 B, ~free)
MODEL -- estimate (turnaround): T = (R+W)/BW_PEAK + a*min(R,W) --
MODEL   R=8388608 B (read)   W=4194304 B (write)   loop_trip L=1
MODEL   base = (R+W)/150 = 83.89 us
MODEL   turn = a*min(R,W) = 0.00574*4194304 = 24.08 us
MODEL   => T_model = 107.96 us
MODEL FEATS [{"name":"add","is_reduction":false,"out_elems":2097152,"cores":32,"dtype_bytes":2,"args":[{"name":"op0","role":"output","mem":"hbm","elems":2097152,"broadcast":false,"dims":[16,2048,64],"logical":[2048,1024],"loop_factor":1},{"name":"arg0_1","role":"input","mem":"hbm","elems":2097152,"broadcast":false,"dims":[16,2048,64],"logical":[2048,1024],"loop_factor":1},{"name":"arg1_1","role":"input","mem":"hbm","elems":2097152,"broadcast":false,"dims":[16,2048,64],"logical":[2048,1024],"loop_factor":1}],"reduction_cores":1,"loop_trip":1,"tiles_output_dim":false,"tile_rows_per_core":0.0,"is_matmul":false,"matmul_macs":0,"matmul_rows_per_core":0.0,"matmul_cols_per_core":0.0,"matmul_a_bytes":0,"matmul_b_bytes":0,"matmul_m_split":1,"matmul_n_split":1,"hbm_pattern":""}]
SUMMARY op=add4_sep rows=2048 cols=1024 cores=32 tiles=0 lx=0 io_hbm_bytes=12582912 kernel_us=344.686 pred_us=107.961 err_pct=-68.7 bw_gbps=36.5 memset_us=193.462 other_dev_us=273.545 total_dev_us=811.693
-- add [2048,4096] lx=0
  op_it_space_splits={d0: 32, d1: 1}
IO -- device-layout I/O (cost model, stick-padded) --
IO   op add
IO     output op0                    torch [2048, 4096] -> device [64, 2048, 64] in HBM = 8388608 elems x 2B = 16777216 B  (hbm counted: 16777216 B)
IO     input  arg0_1                 torch [2048, 4096] -> device [64, 2048, 64] in HBM = 8388608 elems x 2B = 16777216 B  (hbm counted: 16777216 B)
IO     input  arg1_1                 torch [2048, 4096] -> device [64, 2048, 64] in HBM = 8388608 elems x 2B = 16777216 B  (hbm counted: 16777216 B)
IO   => HBM I/O total = 50331648 B  (lx 0 B, ~free)
MODEL -- estimate (turnaround): T = (R+W)/BW_PEAK + a*min(R,W) --
MODEL   R=33554432 B (read)   W=16777216 B (write)   loop_trip L=1
MODEL   base = (R+W)/150 = 335.54 us
MODEL   turn = a*min(R,W) = 0.00574*16777216 = 96.30 us
MODEL   => T_model = 431.85 us
MODEL FEATS [{"name":"add","is_reduction":false,"out_elems":8388608,"cores":32,"dtype_bytes":2,"args":[{"name":"op0","role":"output","mem":"hbm","elems":8388608,"broadcast":false,"dims":[64,2048,64],"logical":[2048,4096],"loop_factor":1},{"name":"arg0_1","role":"input","mem":"hbm","elems":8388608,"broadcast":false,"dims":[64,2048,64],"logical":[2048,4096],"loop_factor":1},{"name":"arg1_1","role":"input","mem":"hbm","elems":8388608,"broadcast":false,"dims":[64,2048,64],"logical":[2048,4096],"loop_factor":1}],"reduction_cores":1,"loop_trip":1,"tiles_output_dim":false,"tile_rows_per_core":0.0,"is_matmul":false,"matmul_macs":0,"matmul_rows_per_core":0.0,"matmul_cols_per_core":0.0,"matmul_a_bytes":0,"matmul_b_bytes":0,"matmul_m_split":1,"matmul_n_split":1,"hbm_pattern":""}]
SUMMARY op=add rows=2048 cols=4096 cores=32 tiles=0 lx=0 io_hbm_bytes=50331648 kernel_us=439.634 pred_us=431.846 err_pct=-1.8 bw_gbps=114.5 memset_us=307.415 other_dev_us=903.851 total_dev_us=1650.900
-- add3 [2048,4096] lx=0
  op_it_space_splits={d0: 32, d1: 1}
  op_it_space_splits={d0: 32, d1: 1}
IO -- device-layout I/O (cost model, stick-padded) --
IO   op add
IO     output op0                    torch [2048, 4096] -> device [64, 2048, 64] in HBM = 8388608 elems x 2B = 16777216 B  (hbm counted: 16777216 B)
IO     input  arg0_1                 torch [2048, 4096] -> device [64, 2048, 64] in HBM = 8388608 elems x 2B = 16777216 B  (hbm counted: 16777216 B)
IO     input  arg1_1                 torch [2048, 4096] -> device [64, 2048, 64] in HBM = 8388608 elems x 2B = 16777216 B  (hbm counted: 16777216 B)
IO   op add_1
IO     output op1                    torch [2048, 4096] -> device [64, 2048, 64] in HBM = 8388608 elems x 2B = 16777216 B  (hbm counted: 16777216 B)
IO     input  buf0                   torch [2048, 4096] -> device [64, 2048, 64] in HBM = 8388608 elems x 2B = 16777216 B  (hbm counted: 16777216 B)
IO     input  arg2_1                 torch [2048, 4096] -> device [64, 2048, 64] in HBM = 8388608 elems x 2B = 16777216 B  (hbm counted: 16777216 B)
IO   => HBM I/O total = 100663296 B  (lx 0 B, ~free)
MODEL -- estimate (turnaround): T = (R+W)/BW_PEAK + a*min(R,W) --
MODEL   R=67108864 B (read)   W=33554432 B (write)   loop_trip L=1
MODEL   base = (R+W)/150 = 671.09 us
MODEL   turn = a*min(R,W) = 0.00574*33554432 = 192.60 us
MODEL   => T_model = 928.47 us
MODEL FEATS [{"name":"add","is_reduction":false,"out_elems":8388608,"cores":32,"dtype_bytes":2,"args":[{"name":"op0","role":"output","mem":"hbm","elems":8388608,"broadcast":false,"dims":[64,2048,64],"logical":[2048,4096],"loop_factor":1},{"name":"arg0_1","role":"input","mem":"hbm","elems":8388608,"broadcast":false,"dims":[64,2048,64],"logical":[2048,4096],"loop_factor":1},{"name":"arg1_1","role":"input","mem":"hbm","elems":8388608,"broadcast":false,"dims":[64,2048,64],"logical":[2048,4096],"loop_factor":1}],"reduction_cores":1,"loop_trip":1,"tiles_output_dim":false,"tile_rows_per_core":0.0,"is_matmul":false,"matmul_macs":0,"matmul_rows_per_core":0.0,"matmul_cols_per_core":0.0,"matmul_a_bytes":0,"matmul_b_bytes":0,"matmul_m_split":1,"matmul_n_split":1,"hbm_pattern":""},{"name":"add_1","is_reduction":false,"out_elems":8388608,"cores":32,"dtype_bytes":2,"args":[{"name":"op1","role":"output","mem":"hbm","elems":8388608,"broadcast":false,"dims":[64,2048,64],"logical":[2048,4096],"loop_factor":1},{"name":"buf0","role":"input","mem":"hbm","elems":8388608,"broadcast":false,"dims":[64,2048,64],"logical":[2048,4096],"loop_factor":1},{"name":"arg2_1","role":"input","mem":"hbm","elems":8388608,"broadcast":false,"dims":[64,2048,64],"logical":[2048,4096],"loop_factor":1}],"reduction_cores":1,"loop_trip":1,"tiles_output_dim":false,"tile_rows_per_core":0.0,"is_matmul":false,"matmul_macs":0,"matmul_rows_per_core":0.0,"matmul_cols_per_core":0.0,"matmul_a_bytes":0,"matmul_b_bytes":0,"matmul_m_split":1,"matmul_n_split":1,"hbm_pattern":""}]
SUMMARY op=add3 rows=2048 cols=4096 cores=32 tiles=0 lx=0 io_hbm_bytes=100663296 kernel_us=936.820 pred_us=928.468 err_pct=-0.9 bw_gbps=107.5 memset_us=354.877 other_dev_us=762.753 total_dev_us=2054.450
-- add4 [2048,4096] lx=0
  op_it_space_splits={d0: 32, d1: 1}
  op_it_space_splits={d0: 32, d1: 1}
  op_it_space_splits={d0: 32, d1: 1}
IO -- device-layout I/O (cost model, stick-padded) --
IO   op add
IO     output op0                    torch [2048, 4096] -> device [64, 2048, 64] in HBM = 8388608 elems x 2B = 16777216 B  (hbm counted: 16777216 B)
IO     input  arg0_1                 torch [2048, 4096] -> device [64, 2048, 64] in HBM = 8388608 elems x 2B = 16777216 B  (hbm counted: 16777216 B)
IO     input  arg1_1                 torch [2048, 4096] -> device [64, 2048, 64] in HBM = 8388608 elems x 2B = 16777216 B  (hbm counted: 16777216 B)
IO   op add_1
IO     output op1                    torch [2048, 4096] -> device [64, 2048, 64] in HBM = 8388608 elems x 2B = 16777216 B  (hbm counted: 16777216 B)
IO     input  buf0                   torch [2048, 4096] -> device [64, 2048, 64] in HBM = 8388608 elems x 2B = 16777216 B  (hbm counted: 16777216 B)
IO     input  arg2_1                 torch [2048, 4096] -> device [64, 2048, 64] in HBM = 8388608 elems x 2B = 16777216 B  (hbm counted: 16777216 B)
IO   op add_2
IO     output op2                    torch [2048, 4096] -> device [64, 2048, 64] in HBM = 8388608 elems x 2B = 16777216 B  (hbm counted: 16777216 B)
IO     input  buf1                   torch [2048, 4096] -> device [64, 2048, 64] in HBM = 8388608 elems x 2B = 16777216 B  (hbm counted: 16777216 B)
IO     input  arg3_1                 torch [2048, 4096] -> device [64, 2048, 64] in HBM = 8388608 elems x 2B = 16777216 B  (hbm counted: 16777216 B)
IO   => HBM I/O total = 150994944 B  (lx 0 B, ~free)
MODEL -- estimate (turnaround): T = (R+W)/BW_PEAK + a*min(R,W) --
MODEL   R=100663296 B (read)   W=50331648 B (write)   loop_trip L=1
MODEL   base = (R+W)/150 = 1006.63 us
MODEL   turn = a*min(R,W) = 0.00574*50331648 = 288.90 us
MODEL   => T_model = 1489.87 us
MODEL FEATS [{"name":"add","is_reduction":false,"out_elems":8388608,"cores":32,"dtype_bytes":2,"args":[{"name":"op0","role":"output","mem":"hbm","elems":8388608,"broadcast":false,"dims":[64,2048,64],"logical":[2048,4096],"loop_factor":1},{"name":"arg0_1","role":"input","mem":"hbm","elems":8388608,"broadcast":false,"dims":[64,2048,64],"logical":[2048,4096],"loop_factor":1},{"name":"arg1_1","role":"input","mem":"hbm","elems":8388608,"broadcast":false,"dims":[64,2048,64],"logical":[2048,4096],"loop_factor":1}],"reduction_cores":1,"loop_trip":1,"tiles_output_dim":false,"tile_rows_per_core":0.0,"is_matmul":false,"matmul_macs":0,"matmul_rows_per_core":0.0,"matmul_cols_per_core":0.0,"matmul_a_bytes":0,"matmul_b_bytes":0,"matmul_m_split":1,"matmul_n_split":1,"hbm_pattern":""},{"name":"add_1","is_reduction":false,"out_elems":8388608,"cores":32,"dtype_bytes":2,"args":[{"name":"op1","role":"output","mem":"hbm","elems":8388608,"broadcast":false,"dims":[64,2048,64],"logical":[2048,4096],"loop_factor":1},{"name":"buf0","role":"input","mem":"hbm","elems":8388608,"broadcast":false,"dims":[64,2048,64],"logical":[2048,4096],"loop_factor":1},{"name":"arg2_1","role":"input","mem":"hbm","elems":8388608,"broadcast":false,"dims":[64,2048,64],"logical":[2048,4096],"loop_factor":1}],"reduction_cores":1,"loop_trip":1,"tiles_output_dim":false,"tile_rows_per_core":0.0,"is_matmul":false,"matmul_macs":0,"matmul_rows_per_core":0.0,"matmul_cols_per_core":0.0,"matmul_a_bytes":0,"matmul_b_bytes":0,"matmul_m_split":1,"matmul_n_split":1,"hbm_pattern":""},{"name":"add_2","is_reduction":false,"out_elems":8388608,"cores":32,"dtype_bytes":2,"args":[{"name":"op2","role":"output","mem":"hbm","elems":8388608,"broadcast":false,"dims":[64,2048,64],"logical":[2048,4096],"loop_factor":1},{"name":"buf1","role":"input","mem":"hbm","elems":8388608,"broadcast":false,"dims":[64,2048,64],"logical":[2048,4096],"loop_factor":1},{"name":"arg3_1","role":"input","mem":"hbm","elems":8388608,"broadcast":false,"dims":[64,2048,64],"logical":[2048,4096],"loop_factor":1}],"reduction_cores":1,"loop_trip":1,"tiles_output_dim":false,"tile_rows_per_core":0.0,"is_matmul":false,"matmul_macs":0,"matmul_rows_per_core":0.0,"matmul_cols_per_core":0.0,"matmul_a_bytes":0,"matmul_b_bytes":0,"matmul_m_split":1,"matmul_n_split":1,"hbm_pattern":""}]
SUMMARY op=add4 rows=2048 cols=4096 cores=32 tiles=0 lx=0 io_hbm_bytes=150994944 kernel_us=1522.386 pred_us=1489.867 err_pct=-2.1 bw_gbps=99.2 memset_us=308.064 other_dev_us=916.379 total_dev_us=2746.829
-- add5 [2048,4096] lx=0
  op_it_space_splits={d0: 32, d1: 1}
  op_it_space_splits={d0: 32, d1: 1}
  op_it_space_splits={d0: 32, d1: 1}
  op_it_space_splits={d0: 32, d1: 1}
IO -- device-layout I/O (cost model, stick-padded) --
IO   op add
IO     output op0                    torch [2048, 4096] -> device [64, 2048, 64] in HBM = 8388608 elems x 2B = 16777216 B  (hbm counted: 16777216 B)
IO     input  arg0_1                 torch [2048, 4096] -> device [64, 2048, 64] in HBM = 8388608 elems x 2B = 16777216 B  (hbm counted: 16777216 B)
IO     input  arg1_1                 torch [2048, 4096] -> device [64, 2048, 64] in HBM = 8388608 elems x 2B = 16777216 B  (hbm counted: 16777216 B)
IO   op add_1
IO     output op1                    torch [2048, 4096] -> device [64, 2048, 64] in HBM = 8388608 elems x 2B = 16777216 B  (hbm counted: 16777216 B)
IO     input  buf0                   torch [2048, 4096] -> device [64, 2048, 64] in HBM = 8388608 elems x 2B = 16777216 B  (hbm counted: 16777216 B)
IO     input  arg2_1                 torch [2048, 4096] -> device [64, 2048, 64] in HBM = 8388608 elems x 2B = 16777216 B  (hbm counted: 16777216 B)
IO   op add_2
IO     output op2                    torch [2048, 4096] -> device [64, 2048, 64] in HBM = 8388608 elems x 2B = 16777216 B  (hbm counted: 16777216 B)
IO     input  buf1                   torch [2048, 4096] -> device [64, 2048, 64] in HBM = 8388608 elems x 2B = 16777216 B  (hbm counted: 16777216 B)
IO     input  arg3_1                 torch [2048, 4096] -> device [64, 2048, 64] in HBM = 8388608 elems x 2B = 16777216 B  (hbm counted: 16777216 B)
IO   op add_3
IO     output op3                    torch [2048, 4096] -> device [64, 2048, 64] in HBM = 8388608 elems x 2B = 16777216 B  (hbm counted: 16777216 B)
IO     input  buf2                   torch [2048, 4096] -> device [64, 2048, 64] in HBM = 8388608 elems x 2B = 16777216 B  (hbm counted: 16777216 B)
IO     input  arg4_1                 torch [2048, 4096] -> device [64, 2048, 64] in HBM = 8388608 elems x 2B = 16777216 B  (hbm counted: 16777216 B)
IO   => HBM I/O total = 201326592 B  (lx 0 B, ~free)
MODEL -- estimate (turnaround): T = (R+W)/BW_PEAK + a*min(R,W) --
MODEL   R=134217728 B (read)   W=67108864 B (write)   loop_trip L=1
MODEL   base = (R+W)/150 = 1342.18 us
MODEL   turn = a*min(R,W) = 0.00574*67108864 = 385.20 us
MODEL   => T_model = 2116.04 us
MODEL FEATS [{"name":"add","is_reduction":false,"out_elems":8388608,"cores":32,"dtype_bytes":2,"args":[{"name":"op0","role":"output","mem":"hbm","elems":8388608,"broadcast":false,"dims":[64,2048,64],"logical":[2048,4096],"loop_factor":1},{"name":"arg0_1","role":"input","mem":"hbm","elems":8388608,"broadcast":false,"dims":[64,2048,64],"logical":[2048,4096],"loop_factor":1},{"name":"arg1_1","role":"input","mem":"hbm","elems":8388608,"broadcast":false,"dims":[64,2048,64],"logical":[2048,4096],"loop_factor":1}],"reduction_cores":1,"loop_trip":1,"tiles_output_dim":false,"tile_rows_per_core":0.0,"is_matmul":false,"matmul_macs":0,"matmul_rows_per_core":0.0,"matmul_cols_per_core":0.0,"matmul_a_bytes":0,"matmul_b_bytes":0,"matmul_m_split":1,"matmul_n_split":1,"hbm_pattern":""},{"name":"add_1","is_reduction":false,"out_elems":8388608,"cores":32,"dtype_bytes":2,"args":[{"name":"op1","role":"output","mem":"hbm","elems":8388608,"broadcast":false,"dims":[64,2048,64],"logical":[2048,4096],"loop_factor":1},{"name":"buf0","role":"input","mem":"hbm","elems":8388608,"broadcast":false,"dims":[64,2048,64],"logical":[2048,4096],"loop_factor":1},{"name":"arg2_1","role":"input","mem":"hbm","elems":8388608,"broadcast":false,"dims":[64,2048,64],"logical":[2048,4096],"loop_factor":1}],"reduction_cores":1,"loop_trip":1,"tiles_output_dim":false,"tile_rows_per_core":0.0,"is_matmul":false,"matmul_macs":0,"matmul_rows_per_core":0.0,"matmul_cols_per_core":0.0,"matmul_a_bytes":0,"matmul_b_bytes":0,"matmul_m_split":1,"matmul_n_split":1,"hbm_pattern":""},{"name":"add_2","is_reduction":false,"out_elems":8388608,"cores":32,"dtype_bytes":2,"args":[{"name":"op2","role":"output","mem":"hbm","elems":8388608,"broadcast":false,"dims":[64,2048,64],"logical":[2048,4096],"loop_factor":1},{"name":"buf1","role":"input","mem":"hbm","elems":8388608,"broadcast":false,"dims":[64,2048,64],"logical":[2048,4096],"loop_factor":1},{"name":"arg3_1","role":"input","mem":"hbm","elems":8388608,"broadcast":false,"dims":[64,2048,64],"logical":[2048,4096],"loop_factor":1}],"reduction_cores":1,"loop_trip":1,"tiles_output_dim":false,"tile_rows_per_core":0.0,"is_matmul":false,"matmul_macs":0,"matmul_rows_per_core":0.0,"matmul_cols_per_core":0.0,"matmul_a_bytes":0,"matmul_b_bytes":0,"matmul_m_split":1,"matmul_n_split":1,"hbm_pattern":""},{"name":"add_3","is_reduction":false,"out_elems":8388608,"cores":32,"dtype_bytes":2,"args":[{"name":"op3","role":"output","mem":"hbm","elems":8388608,"broadcast":false,"dims":[64,2048,64],"logical":[2048,4096],"loop_factor":1},{"name":"buf2","role":"input","mem":"hbm","elems":8388608,"broadcast":false,"dims":[64,2048,64],"logical":[2048,4096],"loop_factor":1},{"name":"arg4_1","role":"input","mem":"hbm","elems":8388608,"broadcast":false,"dims":[64,2048,64],"logical":[2048,4096],"loop_factor":1}],"reduction_cores":1,"loop_trip":1,"tiles_output_dim":false,"tile_rows_per_core":0.0,"is_matmul":false,"matmul_macs":0,"matmul_rows_per_core":0.0,"matmul_cols_per_core":0.0,"matmul_a_bytes":0,"matmul_b_bytes":0,"matmul_m_split":1,"matmul_n_split":1,"hbm_pattern":""}]
SUMMARY op=add5 rows=2048 cols=4096 cores=32 tiles=0 lx=0 io_hbm_bytes=201326592 kernel_us=2039.741 pred_us=2116.043 err_pct=+3.7 bw_gbps=98.7 memset_us=321.314 other_dev_us=850.048 total_dev_us=3211.103
-- add6 [2048,4096] lx=0
  op_it_space_splits={d0: 32, d1: 1}
  op_it_space_splits={d0: 32, d1: 1}
  op_it_space_splits={d0: 32, d1: 1}
  op_it_space_splits={d0: 32, d1: 1}
  op_it_space_splits={d0: 32, d1: 1}
IO -- device-layout I/O (cost model, stick-padded) --
IO   op add
IO     output op0                    torch [2048, 4096] -> device [64, 2048, 64] in HBM = 8388608 elems x 2B = 16777216 B  (hbm counted: 16777216 B)
IO     input  arg0_1                 torch [2048, 4096] -> device [64, 2048, 64] in HBM = 8388608 elems x 2B = 16777216 B  (hbm counted: 16777216 B)
IO     input  arg1_1                 torch [2048, 4096] -> device [64, 2048, 64] in HBM = 8388608 elems x 2B = 16777216 B  (hbm counted: 16777216 B)
IO   op add_1
IO     output op1                    torch [2048, 4096] -> device [64, 2048, 64] in HBM = 8388608 elems x 2B = 16777216 B  (hbm counted: 16777216 B)
IO     input  buf0                   torch [2048, 4096] -> device [64, 2048, 64] in HBM = 8388608 elems x 2B = 16777216 B  (hbm counted: 16777216 B)
IO     input  arg2_1                 torch [2048, 4096] -> device [64, 2048, 64] in HBM = 8388608 elems x 2B = 16777216 B  (hbm counted: 16777216 B)
IO   op add_2
IO     output op2                    torch [2048, 4096] -> device [64, 2048, 64] in HBM = 8388608 elems x 2B = 16777216 B  (hbm counted: 16777216 B)
IO     input  buf1                   torch [2048, 4096] -> device [64, 2048, 64] in HBM = 8388608 elems x 2B = 16777216 B  (hbm counted: 16777216 B)
IO     input  arg3_1                 torch [2048, 4096] -> device [64, 2048, 64] in HBM = 8388608 elems x 2B = 16777216 B  (hbm counted: 16777216 B)
IO   op add_3
IO     output op3                    torch [2048, 4096] -> device [64, 2048, 64] in HBM = 8388608 elems x 2B = 16777216 B  (hbm counted: 16777216 B)
IO     input  buf2                   torch [2048, 4096] -> device [64, 2048, 64] in HBM = 8388608 elems x 2B = 16777216 B  (hbm counted: 16777216 B)
IO     input  arg4_1                 torch [2048, 4096] -> device [64, 2048, 64] in HBM = 8388608 elems x 2B = 16777216 B  (hbm counted: 16777216 B)
IO   op add_4
IO     output op4                    torch [2048, 4096] -> device [64, 2048, 64] in HBM = 8388608 elems x 2B = 16777216 B  (hbm counted: 16777216 B)
IO     input  buf3                   torch [2048, 4096] -> device [64, 2048, 64] in HBM = 8388608 elems x 2B = 16777216 B  (hbm counted: 16777216 B)
IO     input  arg5_1                 torch [2048, 4096] -> device [64, 2048, 64] in HBM = 8388608 elems x 2B = 16777216 B  (hbm counted: 16777216 B)
IO   => HBM I/O total = 251658240 B  (lx 0 B, ~free)
MODEL -- estimate (turnaround): T = (R+W)/BW_PEAK + a*min(R,W) --
MODEL   R=167772160 B (read)   W=83886080 B (write)   loop_trip L=1
MODEL   base = (R+W)/150 = 1677.72 us
MODEL   turn = a*min(R,W) = 0.00574*83886080 = 481.51 us
MODEL   => T_model = 2807.00 us
MODEL FEATS [{"name":"add","is_reduction":false,"out_elems":8388608,"cores":32,"dtype_bytes":2,"args":[{"name":"op0","role":"output","mem":"hbm","elems":8388608,"broadcast":false,"dims":[64,2048,64],"logical":[2048,4096],"loop_factor":1},{"name":"arg0_1","role":"input","mem":"hbm","elems":8388608,"broadcast":false,"dims":[64,2048,64],"logical":[2048,4096],"loop_factor":1},{"name":"arg1_1","role":"input","mem":"hbm","elems":8388608,"broadcast":false,"dims":[64,2048,64],"logical":[2048,4096],"loop_factor":1}],"reduction_cores":1,"loop_trip":1,"tiles_output_dim":false,"tile_rows_per_core":0.0,"is_matmul":false,"matmul_macs":0,"matmul_rows_per_core":0.0,"matmul_cols_per_core":0.0,"matmul_a_bytes":0,"matmul_b_bytes":0,"matmul_m_split":1,"matmul_n_split":1,"hbm_pattern":""},{"name":"add_1","is_reduction":false,"out_elems":8388608,"cores":32,"dtype_bytes":2,"args":[{"name":"op1","role":"output","mem":"hbm","elems":8388608,"broadcast":false,"dims":[64,2048,64],"logical":[2048,4096],"loop_factor":1},{"name":"buf0","role":"input","mem":"hbm","elems":8388608,"broadcast":false,"dims":[64,2048,64],"logical":[2048,4096],"loop_factor":1},{"name":"arg2_1","role":"input","mem":"hbm","elems":8388608,"broadcast":false,"dims":[64,2048,64],"logical":[2048,4096],"loop_factor":1}],"reduction_cores":1,"loop_trip":1,"tiles_output_dim":false,"tile_rows_per_core":0.0,"is_matmul":false,"matmul_macs":0,"matmul_rows_per_core":0.0,"matmul_cols_per_core":0.0,"matmul_a_bytes":0,"matmul_b_bytes":0,"matmul_m_split":1,"matmul_n_split":1,"hbm_pattern":""},{"name":"add_2","is_reduction":false,"out_elems":8388608,"cores":32,"dtype_bytes":2,"args":[{"name":"op2","role":"output","mem":"hbm","elems":8388608,"broadcast":false,"dims":[64,2048,64],"logical":[2048,4096],"loop_factor":1},{"name":"buf1","role":"input","mem":"hbm","elems":8388608,"broadcast":false,"dims":[64,2048,64],"logical":[2048,4096],"loop_factor":1},{"name":"arg3_1","role":"input","mem":"hbm","elems":8388608,"broadcast":false,"dims":[64,2048,64],"logical":[2048,4096],"loop_factor":1}],"reduction_cores":1,"loop_trip":1,"tiles_output_dim":false,"tile_rows_per_core":0.0,"is_matmul":false,"matmul_macs":0,"matmul_rows_per_core":0.0,"matmul_cols_per_core":0.0,"matmul_a_bytes":0,"matmul_b_bytes":0,"matmul_m_split":1,"matmul_n_split":1,"hbm_pattern":""},{"name":"add_3","is_reduction":false,"out_elems":8388608,"cores":32,"dtype_bytes":2,"args":[{"name":"op3","role":"output","mem":"hbm","elems":8388608,"broadcast":false,"dims":[64,2048,64],"logical":[2048,4096],"loop_factor":1},{"name":"buf2","role":"input","mem":"hbm","elems":8388608,"broadcast":false,"dims":[64,2048,64],"logical":[2048,4096],"loop_factor":1},{"name":"arg4_1","role":"input","mem":"hbm","elems":8388608,"broadcast":false,"dims":[64,2048,64],"logical":[2048,4096],"loop_factor":1}],"reduction_cores":1,"loop_trip":1,"tiles_output_dim":false,"tile_rows_per_core":0.0,"is_matmul":false,"matmul_macs":0,"matmul_rows_per_core":0.0,"matmul_cols_per_core":0.0,"matmul_a_bytes":0,"matmul_b_bytes":0,"matmul_m_split":1,"matmul_n_split":1,"hbm_pattern":""},{"name":"add_4","is_reduction":false,"out_elems":8388608,"cores":32,"dtype_bytes":2,"args":[{"name":"op4","role":"output","mem":"hbm","elems":8388608,"broadcast":false,"dims":[64,2048,64],"logical":[2048,4096],"loop_factor":1},{"name":"buf3","role":"input","mem":"hbm","elems":8388608,"broadcast":false,"dims":[64,2048,64],"logical":[2048,4096],"loop_factor":1},{"name":"arg5_1","role":"input","mem":"hbm","elems":8388608,"broadcast":false,"dims":[64,2048,64],"logical":[2048,4096],"loop_factor":1}],"reduction_cores":1,"loop_trip":1,"tiles_output_dim":false,"tile_rows_per_core":0.0,"is_matmul":false,"matmul_macs":0,"matmul_rows_per_core":0.0,"matmul_cols_per_core":0.0,"matmul_a_bytes":0,"matmul_b_bytes":0,"matmul_m_split":1,"matmul_n_split":1,"hbm_pattern":""}]
SUMMARY op=add6 rows=2048 cols=4096 cores=32 tiles=0 lx=0 io_hbm_bytes=251658240 kernel_us=2515.015 pred_us=2806.996 err_pct=+11.6 bw_gbps=100.1 memset_us=366.530 other_dev_us=846.081 total_dev_us=3727.626
-- add_indep2 [2048,4096] lx=0
  op_it_space_splits={d0: 32, d1: 1}
  op_it_space_splits={d0: 32, d1: 1}
IO -- device-layout I/O (cost model, stick-padded) --
IO   op add
IO     output op0                    torch [2048, 4096] -> device [64, 2048, 64] in HBM = 8388608 elems x 2B = 16777216 B  (hbm counted: 16777216 B)
IO     input  arg0_1                 torch [2048, 4096] -> device [64, 2048, 64] in HBM = 8388608 elems x 2B = 16777216 B  (hbm counted: 16777216 B)
IO     input  arg1_1                 torch [2048, 4096] -> device [64, 2048, 64] in HBM = 8388608 elems x 2B = 16777216 B  (hbm counted: 16777216 B)
IO   op add_1
IO     output op1                    torch [2048, 4096] -> device [64, 2048, 64] in HBM = 8388608 elems x 2B = 16777216 B  (hbm counted: 16777216 B)
IO     input  arg2_1                 torch [2048, 4096] -> device [64, 2048, 64] in HBM = 8388608 elems x 2B = 16777216 B  (hbm counted: 16777216 B)
IO     input  arg3_1                 torch [2048, 4096] -> device [64, 2048, 64] in HBM = 8388608 elems x 2B = 16777216 B  (hbm counted: 16777216 B)
IO   => HBM I/O total = 100663296 B  (lx 0 B, ~free)
MODEL -- estimate (turnaround): T = (R+W)/BW_PEAK + a*min(R,W) --
MODEL   R=67108864 B (read)   W=33554432 B (write)   loop_trip L=1
MODEL   base = (R+W)/150 = 671.09 us
MODEL   turn = a*min(R,W) = 0.00574*33554432 = 192.60 us
MODEL   => T_model = 928.47 us
MODEL FEATS [{"name":"add","is_reduction":false,"out_elems":8388608,"cores":32,"dtype_bytes":2,"args":[{"name":"op0","role":"output","mem":"hbm","elems":8388608,"broadcast":false,"dims":[64,2048,64],"logical":[2048,4096],"loop_factor":1},{"name":"arg0_1","role":"input","mem":"hbm","elems":8388608,"broadcast":false,"dims":[64,2048,64],"logical":[2048,4096],"loop_factor":1},{"name":"arg1_1","role":"input","mem":"hbm","elems":8388608,"broadcast":false,"dims":[64,2048,64],"logical":[2048,4096],"loop_factor":1}],"reduction_cores":1,"loop_trip":1,"tiles_output_dim":false,"tile_rows_per_core":0.0,"is_matmul":false,"matmul_macs":0,"matmul_rows_per_core":0.0,"matmul_cols_per_core":0.0,"matmul_a_bytes":0,"matmul_b_bytes":0,"matmul_m_split":1,"matmul_n_split":1,"hbm_pattern":""},{"name":"add_1","is_reduction":false,"out_elems":8388608,"cores":32,"dtype_bytes":2,"args":[{"name":"op1","role":"output","mem":"hbm","elems":8388608,"broadcast":false,"dims":[64,2048,64],"logical":[2048,4096],"loop_factor":1},{"name":"arg2_1","role":"input","mem":"hbm","elems":8388608,"broadcast":false,"dims":[64,2048,64],"logical":[2048,4096],"loop_factor":1},{"name":"arg3_1","role":"input","mem":"hbm","elems":8388608,"broadcast":false,"dims":[64,2048,64],"logical":[2048,4096],"loop_factor":1}],"reduction_cores":1,"loop_trip":1,"tiles_output_dim":false,"tile_rows_per_core":0.0,"is_matmul":false,"matmul_macs":0,"matmul_rows_per_core":0.0,"matmul_cols_per_core":0.0,"matmul_a_bytes":0,"matmul_b_bytes":0,"matmul_m_split":1,"matmul_n_split":1,"hbm_pattern":""}]
SUMMARY op=add_indep2 rows=2048 cols=4096 cores=32 tiles=0 lx=0 io_hbm_bytes=100663296 kernel_us=878.794 pred_us=928.468 err_pct=+5.7 bw_gbps=114.5 memset_us=595.139 other_dev_us=1526.805 total_dev_us=3000.738
-- add3_sep [2048,4096] lx=0
  op_it_space_splits={d0: 32, d1: 1}
IO -- device-layout I/O (cost model, stick-padded) --
IO   op add
IO     output op0                    torch [2048, 4096] -> device [64, 2048, 64] in HBM = 8388608 elems x 2B = 16777216 B  (hbm counted: 16777216 B)
IO     input  arg0_1                 torch [2048, 4096] -> device [64, 2048, 64] in HBM = 8388608 elems x 2B = 16777216 B  (hbm counted: 16777216 B)
IO     input  arg1_1                 torch [2048, 4096] -> device [64, 2048, 64] in HBM = 8388608 elems x 2B = 16777216 B  (hbm counted: 16777216 B)
IO   => HBM I/O total = 50331648 B  (lx 0 B, ~free)
MODEL -- estimate (turnaround): T = (R+W)/BW_PEAK + a*min(R,W) --
MODEL   R=33554432 B (read)   W=16777216 B (write)   loop_trip L=1
MODEL   base = (R+W)/150 = 335.54 us
MODEL   turn = a*min(R,W) = 0.00574*16777216 = 96.30 us
MODEL   => T_model = 431.85 us
MODEL FEATS [{"name":"add","is_reduction":false,"out_elems":8388608,"cores":32,"dtype_bytes":2,"args":[{"name":"op0","role":"output","mem":"hbm","elems":8388608,"broadcast":false,"dims":[64,2048,64],"logical":[2048,4096],"loop_factor":1},{"name":"arg0_1","role":"input","mem":"hbm","elems":8388608,"broadcast":false,"dims":[64,2048,64],"logical":[2048,4096],"loop_factor":1},{"name":"arg1_1","role":"input","mem":"hbm","elems":8388608,"broadcast":false,"dims":[64,2048,64],"logical":[2048,4096],"loop_factor":1}],"reduction_cores":1,"loop_trip":1,"tiles_output_dim":false,"tile_rows_per_core":0.0,"is_matmul":false,"matmul_macs":0,"matmul_rows_per_core":0.0,"matmul_cols_per_core":0.0,"matmul_a_bytes":0,"matmul_b_bytes":0,"matmul_m_split":1,"matmul_n_split":1,"hbm_pattern":""}]
SUMMARY op=add3_sep rows=2048 cols=4096 cores=32 tiles=0 lx=0 io_hbm_bytes=50331648 kernel_us=928.481 pred_us=431.846 err_pct=-53.5 bw_gbps=54.2 memset_us=310.982 other_dev_us=937.871 total_dev_us=2177.334
-- add4_sep [2048,4096] lx=0
  op_it_space_splits={d0: 32, d1: 1}
IO -- device-layout I/O (cost model, stick-padded) --
IO   op add
IO     output op0                    torch [2048, 4096] -> device [64, 2048, 64] in HBM = 8388608 elems x 2B = 16777216 B  (hbm counted: 16777216 B)
IO     input  arg0_1                 torch [2048, 4096] -> device [64, 2048, 64] in HBM = 8388608 elems x 2B = 16777216 B  (hbm counted: 16777216 B)
IO     input  arg1_1                 torch [2048, 4096] -> device [64, 2048, 64] in HBM = 8388608 elems x 2B = 16777216 B  (hbm counted: 16777216 B)
IO   => HBM I/O total = 50331648 B  (lx 0 B, ~free)
MODEL -- estimate (turnaround): T = (R+W)/BW_PEAK + a*min(R,W) --
MODEL   R=33554432 B (read)   W=16777216 B (write)   loop_trip L=1
MODEL   base = (R+W)/150 = 335.54 us
MODEL   turn = a*min(R,W) = 0.00574*16777216 = 96.30 us
MODEL   => T_model = 431.85 us
MODEL FEATS [{"name":"add","is_reduction":false,"out_elems":8388608,"cores":32,"dtype_bytes":2,"args":[{"name":"op0","role":"output","mem":"hbm","elems":8388608,"broadcast":false,"dims":[64,2048,64],"logical":[2048,4096],"loop_factor":1},{"name":"arg0_1","role":"input","mem":"hbm","elems":8388608,"broadcast":false,"dims":[64,2048,64],"logical":[2048,4096],"loop_factor":1},{"name":"arg1_1","role":"input","mem":"hbm","elems":8388608,"broadcast":false,"dims":[64,2048,64],"logical":[2048,4096],"loop_factor":1}],"reduction_cores":1,"loop_trip":1,"tiles_output_dim":false,"tile_rows_per_core":0.0,"is_matmul":false,"matmul_macs":0,"matmul_rows_per_core":0.0,"matmul_cols_per_core":0.0,"matmul_a_bytes":0,"matmul_b_bytes":0,"matmul_m_split":1,"matmul_n_split":1,"hbm_pattern":""}]
SUMMARY op=add4_sep rows=2048 cols=4096 cores=32 tiles=0 lx=0 io_hbm_bytes=50331648 kernel_us=1372.617 pred_us=431.846 err_pct=-68.5 bw_gbps=36.7 memset_us=318.128 other_dev_us=907.695 total_dev_us=2598.440
-- add [2048,16384] lx=0
  op_it_space_splits={d0: 32, d1: 1}
IO -- device-layout I/O (cost model, stick-padded) --
IO   op add
IO     output op0                    torch [2048, 16384] -> device [256, 2048, 64] in HBM = 33554432 elems x 2B = 67108864 B  (hbm counted: 67108864 B)
IO     input  arg0_1                 torch [2048, 16384] -> device [256, 2048, 64] in HBM = 33554432 elems x 2B = 67108864 B  (hbm counted: 67108864 B)
IO     input  arg1_1                 torch [2048, 16384] -> device [256, 2048, 64] in HBM = 33554432 elems x 2B = 67108864 B  (hbm counted: 67108864 B)
IO   => HBM I/O total = 201326592 B  (lx 0 B, ~free)
MODEL -- estimate (turnaround): T = (R+W)/BW_PEAK + a*min(R,W) --
MODEL   R=134217728 B (read)   W=67108864 B (write)   loop_trip L=1
MODEL   base = (R+W)/150 = 1342.18 us
MODEL   turn = a*min(R,W) = 0.00574*67108864 = 385.20 us
MODEL   => T_model = 1727.38 us
MODEL FEATS [{"name":"add","is_reduction":false,"out_elems":33554432,"cores":32,"dtype_bytes":2,"args":[{"name":"op0","role":"output","mem":"hbm","elems":33554432,"broadcast":false,"dims":[256,2048,64],"logical":[2048,16384],"loop_factor":1},{"name":"arg0_1","role":"input","mem":"hbm","elems":33554432,"broadcast":false,"dims":[256,2048,64],"logical":[2048,16384],"loop_factor":1},{"name":"arg1_1","role":"input","mem":"hbm","elems":33554432,"broadcast":false,"dims":[256,2048,64],"logical":[2048,16384],"loop_factor":1}],"reduction_cores":1,"loop_trip":1,"tiles_output_dim":false,"tile_rows_per_core":0.0,"is_matmul":false,"matmul_macs":0,"matmul_rows_per_core":0.0,"matmul_cols_per_core":0.0,"matmul_a_bytes":0,"matmul_b_bytes":0,"matmul_m_split":1,"matmul_n_split":1,"hbm_pattern":""}]
SUMMARY op=add rows=2048 cols=16384 cores=32 tiles=0 lx=0 io_hbm_bytes=201326592 kernel_us=1756.991 pred_us=1727.382 err_pct=-1.7 bw_gbps=114.6 memset_us=1127.465 other_dev_us=5537.545 total_dev_us=8422.001
-- add3 [2048,16384] lx=0
  op_it_space_splits={d0: 32, d1: 1}
  op_it_space_splits={d0: 32, d1: 1}
IO -- device-layout I/O (cost model, stick-padded) --
IO   op add
IO     output op0                    torch [2048, 16384] -> device [256, 2048, 64] in HBM = 33554432 elems x 2B = 67108864 B  (hbm counted: 67108864 B)
IO     input  arg0_1                 torch [2048, 16384] -> device [256, 2048, 64] in HBM = 33554432 elems x 2B = 67108864 B  (hbm counted: 67108864 B)
IO     input  arg1_1                 torch [2048, 16384] -> device [256, 2048, 64] in HBM = 33554432 elems x 2B = 67108864 B  (hbm counted: 67108864 B)
IO   op add_1
IO     output op1                    torch [2048, 16384] -> device [256, 2048, 64] in HBM = 33554432 elems x 2B = 67108864 B  (hbm counted: 67108864 B)
IO     input  buf0                   torch [2048, 16384] -> device [256, 2048, 64] in HBM = 33554432 elems x 2B = 67108864 B  (hbm counted: 67108864 B)
IO     input  arg2_1                 torch [2048, 16384] -> device [256, 2048, 64] in HBM = 33554432 elems x 2B = 67108864 B  (hbm counted: 67108864 B)
IO   => HBM I/O total = 402653184 B  (lx 0 B, ~free)
MODEL -- estimate (turnaround): T = (R+W)/BW_PEAK + a*min(R,W) --
MODEL   R=268435456 B (read)   W=134217728 B (write)   loop_trip L=1
MODEL   base = (R+W)/150 = 2684.35 us
MODEL   turn = a*min(R,W) = 0.00574*134217728 = 770.41 us
MODEL   => T_model = 3713.87 us
MODEL FEATS [{"name":"add","is_reduction":false,"out_elems":33554432,"cores":32,"dtype_bytes":2,"args":[{"name":"op0","role":"output","mem":"hbm","elems":33554432,"broadcast":false,"dims":[256,2048,64],"logical":[2048,16384],"loop_factor":1},{"name":"arg0_1","role":"input","mem":"hbm","elems":33554432,"broadcast":false,"dims":[256,2048,64],"logical":[2048,16384],"loop_factor":1},{"name":"arg1_1","role":"input","mem":"hbm","elems":33554432,"broadcast":false,"dims":[256,2048,64],"logical":[2048,16384],"loop_factor":1}],"reduction_cores":1,"loop_trip":1,"tiles_output_dim":false,"tile_rows_per_core":0.0,"is_matmul":false,"matmul_macs":0,"matmul_rows_per_core":0.0,"matmul_cols_per_core":0.0,"matmul_a_bytes":0,"matmul_b_bytes":0,"matmul_m_split":1,"matmul_n_split":1,"hbm_pattern":""},{"name":"add_1","is_reduction":false,"out_elems":33554432,"cores":32,"dtype_bytes":2,"args":[{"name":"op1","role":"output","mem":"hbm","elems":33554432,"broadcast":false,"dims":[256,2048,64],"logical":[2048,16384],"loop_factor":1},{"name":"buf0","role":"input","mem":"hbm","elems":33554432,"broadcast":false,"dims":[256,2048,64],"logical":[2048,16384],"loop_factor":1},{"name":"arg2_1","role":"input","mem":"hbm","elems":33554432,"broadcast":false,"dims":[256,2048,64],"logical":[2048,16384],"loop_factor":1}],"reduction_cores":1,"loop_trip":1,"tiles_output_dim":false,"tile_rows_per_core":0.0,"is_matmul":false,"matmul_macs":0,"matmul_rows_per_core":0.0,"matmul_cols_per_core":0.0,"matmul_a_bytes":0,"matmul_b_bytes":0,"matmul_m_split":1,"matmul_n_split":1,"hbm_pattern":""}]
SUMMARY op=add3 rows=2048 cols=16384 cores=32 tiles=0 lx=0 io_hbm_bytes=402653184 kernel_us=3753.878 pred_us=3713.872 err_pct=-1.1 bw_gbps=107.3 memset_us=1091.572 other_dev_us=5950.663 total_dev_us=10796.113
-- add4 [2048,16384] lx=0
  op_it_space_splits={d0: 32, d1: 1}
  op_it_space_splits={d0: 32, d1: 1}
  op_it_space_splits={d0: 32, d1: 1}
IO -- device-layout I/O (cost model, stick-padded) --
IO   op add
IO     output op0                    torch [2048, 16384] -> device [256, 2048, 64] in HBM = 33554432 elems x 2B = 67108864 B  (hbm counted: 67108864 B)
IO     input  arg0_1                 torch [2048, 16384] -> device [256, 2048, 64] in HBM = 33554432 elems x 2B = 67108864 B  (hbm counted: 67108864 B)
IO     input  arg1_1                 torch [2048, 16384] -> device [256, 2048, 64] in HBM = 33554432 elems x 2B = 67108864 B  (hbm counted: 67108864 B)
IO   op add_1
IO     output op1                    torch [2048, 16384] -> device [256, 2048, 64] in HBM = 33554432 elems x 2B = 67108864 B  (hbm counted: 67108864 B)
IO     input  buf0                   torch [2048, 16384] -> device [256, 2048, 64] in HBM = 33554432 elems x 2B = 67108864 B  (hbm counted: 67108864 B)
IO     input  arg2_1                 torch [2048, 16384] -> device [256, 2048, 64] in HBM = 33554432 elems x 2B = 67108864 B  (hbm counted: 67108864 B)
IO   op add_2
IO     output op2                    torch [2048, 16384] -> device [256, 2048, 64] in HBM = 33554432 elems x 2B = 67108864 B  (hbm counted: 67108864 B)
IO     input  buf1                   torch [2048, 16384] -> device [256, 2048, 64] in HBM = 33554432 elems x 2B = 67108864 B  (hbm counted: 67108864 B)
IO     input  arg3_1                 torch [2048, 16384] -> device [256, 2048, 64] in HBM = 33554432 elems x 2B = 67108864 B  (hbm counted: 67108864 B)
IO   => HBM I/O total = 603979776 B  (lx 0 B, ~free)
MODEL -- estimate (turnaround): T = (R+W)/BW_PEAK + a*min(R,W) --
MODEL   R=402653184 B (read)   W=201326592 B (write)   loop_trip L=1
MODEL   base = (R+W)/150 = 4026.53 us
MODEL   turn = a*min(R,W) = 0.00574*201326592 = 1155.61 us
MODEL   => T_model = 5959.47 us
MODEL FEATS [{"name":"add","is_reduction":false,"out_elems":33554432,"cores":32,"dtype_bytes":2,"args":[{"name":"op0","role":"output","mem":"hbm","elems":33554432,"broadcast":false,"dims":[256,2048,64],"logical":[2048,16384],"loop_factor":1},{"name":"arg0_1","role":"input","mem":"hbm","elems":33554432,"broadcast":false,"dims":[256,2048,64],"logical":[2048,16384],"loop_factor":1},{"name":"arg1_1","role":"input","mem":"hbm","elems":33554432,"broadcast":false,"dims":[256,2048,64],"logical":[2048,16384],"loop_factor":1}],"reduction_cores":1,"loop_trip":1,"tiles_output_dim":false,"tile_rows_per_core":0.0,"is_matmul":false,"matmul_macs":0,"matmul_rows_per_core":0.0,"matmul_cols_per_core":0.0,"matmul_a_bytes":0,"matmul_b_bytes":0,"matmul_m_split":1,"matmul_n_split":1,"hbm_pattern":""},{"name":"add_1","is_reduction":false,"out_elems":33554432,"cores":32,"dtype_bytes":2,"args":[{"name":"op1","role":"output","mem":"hbm","elems":33554432,"broadcast":false,"dims":[256,2048,64],"logical":[2048,16384],"loop_factor":1},{"name":"buf0","role":"input","mem":"hbm","elems":33554432,"broadcast":false,"dims":[256,2048,64],"logical":[2048,16384],"loop_factor":1},{"name":"arg2_1","role":"input","mem":"hbm","elems":33554432,"broadcast":false,"dims":[256,2048,64],"logical":[2048,16384],"loop_factor":1}],"reduction_cores":1,"loop_trip":1,"tiles_output_dim":false,"tile_rows_per_core":0.0,"is_matmul":false,"matmul_macs":0,"matmul_rows_per_core":0.0,"matmul_cols_per_core":0.0,"matmul_a_bytes":0,"matmul_b_bytes":0,"matmul_m_split":1,"matmul_n_split":1,"hbm_pattern":""},{"name":"add_2","is_reduction":false,"out_elems":33554432,"cores":32,"dtype_bytes":2,"args":[{"name":"op2","role":"output","mem":"hbm","elems":33554432,"broadcast":false,"dims":[256,2048,64],"logical":[2048,16384],"loop_factor":1},{"name":"buf1","role":"input","mem":"hbm","elems":33554432,"broadcast":false,"dims":[256,2048,64],"logical":[2048,16384],"loop_factor":1},{"name":"arg3_1","role":"input","mem":"hbm","elems":33554432,"broadcast":false,"dims":[256,2048,64],"logical":[2048,16384],"loop_factor":1}],"reduction_cores":1,"loop_trip":1,"tiles_output_dim":false,"tile_rows_per_core":0.0,"is_matmul":false,"matmul_macs":0,"matmul_rows_per_core":0.0,"matmul_cols_per_core":0.0,"matmul_a_bytes":0,"matmul_b_bytes":0,"matmul_m_split":1,"matmul_n_split":1,"hbm_pattern":""}]
SUMMARY op=add4 rows=2048 cols=16384 cores=32 tiles=0 lx=0 io_hbm_bytes=603979776 kernel_us=6140.154 pred_us=5959.468 err_pct=-2.9 bw_gbps=98.4 memset_us=1167.270 other_dev_us=5817.974 total_dev_us=13125.398
-- add5 [2048,16384] lx=0
  op_it_space_splits={d0: 32, d1: 1}
  op_it_space_splits={d0: 32, d1: 1}
  op_it_space_splits={d0: 32, d1: 1}
  op_it_space_splits={d0: 32, d1: 1}
IO -- device-layout I/O (cost model, stick-padded) --
IO   op add
IO     output op0                    torch [2048, 16384] -> device [256, 2048, 64] in HBM = 33554432 elems x 2B = 67108864 B  (hbm counted: 67108864 B)
IO     input  arg0_1                 torch [2048, 16384] -> device [256, 2048, 64] in HBM = 33554432 elems x 2B = 67108864 B  (hbm counted: 67108864 B)
IO     input  arg1_1                 torch [2048, 16384] -> device [256, 2048, 64] in HBM = 33554432 elems x 2B = 67108864 B  (hbm counted: 67108864 B)
IO   op add_1
IO     output op1                    torch [2048, 16384] -> device [256, 2048, 64] in HBM = 33554432 elems x 2B = 67108864 B  (hbm counted: 67108864 B)
IO     input  buf0                   torch [2048, 16384] -> device [256, 2048, 64] in HBM = 33554432 elems x 2B = 67108864 B  (hbm counted: 67108864 B)
IO     input  arg2_1                 torch [2048, 16384] -> device [256, 2048, 64] in HBM = 33554432 elems x 2B = 67108864 B  (hbm counted: 67108864 B)
IO   op add_2
IO     output op2                    torch [2048, 16384] -> device [256, 2048, 64] in HBM = 33554432 elems x 2B = 67108864 B  (hbm counted: 67108864 B)
IO     input  buf1                   torch [2048, 16384] -> device [256, 2048, 64] in HBM = 33554432 elems x 2B = 67108864 B  (hbm counted: 67108864 B)
IO     input  arg3_1                 torch [2048, 16384] -> device [256, 2048, 64] in HBM = 33554432 elems x 2B = 67108864 B  (hbm counted: 67108864 B)
IO   op add_3
IO     output op3                    torch [2048, 16384] -> device [256, 2048, 64] in HBM = 33554432 elems x 2B = 67108864 B  (hbm counted: 67108864 B)
IO     input  buf2                   torch [2048, 16384] -> device [256, 2048, 64] in HBM = 33554432 elems x 2B = 67108864 B  (hbm counted: 67108864 B)
IO     input  arg4_1                 torch [2048, 16384] -> device [256, 2048, 64] in HBM = 33554432 elems x 2B = 67108864 B  (hbm counted: 67108864 B)
IO   => HBM I/O total = 805306368 B  (lx 0 B, ~free)
MODEL -- estimate (turnaround): T = (R+W)/BW_PEAK + a*min(R,W) --
MODEL   R=536870912 B (read)   W=268435456 B (write)   loop_trip L=1
MODEL   base = (R+W)/150 = 5368.71 us
MODEL   turn = a*min(R,W) = 0.00574*268435456 = 1540.82 us
MODEL   => T_model = 8464.17 us
MODEL FEATS [{"name":"add","is_reduction":false,"out_elems":33554432,"cores":32,"dtype_bytes":2,"args":[{"name":"op0","role":"output","mem":"hbm","elems":33554432,"broadcast":false,"dims":[256,2048,64],"logical":[2048,16384],"loop_factor":1},{"name":"arg0_1","role":"input","mem":"hbm","elems":33554432,"broadcast":false,"dims":[256,2048,64],"logical":[2048,16384],"loop_factor":1},{"name":"arg1_1","role":"input","mem":"hbm","elems":33554432,"broadcast":false,"dims":[256,2048,64],"logical":[2048,16384],"loop_factor":1}],"reduction_cores":1,"loop_trip":1,"tiles_output_dim":false,"tile_rows_per_core":0.0,"is_matmul":false,"matmul_macs":0,"matmul_rows_per_core":0.0,"matmul_cols_per_core":0.0,"matmul_a_bytes":0,"matmul_b_bytes":0,"matmul_m_split":1,"matmul_n_split":1,"hbm_pattern":""},{"name":"add_1","is_reduction":false,"out_elems":33554432,"cores":32,"dtype_bytes":2,"args":[{"name":"op1","role":"output","mem":"hbm","elems":33554432,"broadcast":false,"dims":[256,2048,64],"logical":[2048,16384],"loop_factor":1},{"name":"buf0","role":"input","mem":"hbm","elems":33554432,"broadcast":false,"dims":[256,2048,64],"logical":[2048,16384],"loop_factor":1},{"name":"arg2_1","role":"input","mem":"hbm","elems":33554432,"broadcast":false,"dims":[256,2048,64],"logical":[2048,16384],"loop_factor":1}],"reduction_cores":1,"loop_trip":1,"tiles_output_dim":false,"tile_rows_per_core":0.0,"is_matmul":false,"matmul_macs":0,"matmul_rows_per_core":0.0,"matmul_cols_per_core":0.0,"matmul_a_bytes":0,"matmul_b_bytes":0,"matmul_m_split":1,"matmul_n_split":1,"hbm_pattern":""},{"name":"add_2","is_reduction":false,"out_elems":33554432,"cores":32,"dtype_bytes":2,"args":[{"name":"op2","role":"output","mem":"hbm","elems":33554432,"broadcast":false,"dims":[256,2048,64],"logical":[2048,16384],"loop_factor":1},{"name":"buf1","role":"input","mem":"hbm","elems":33554432,"broadcast":false,"dims":[256,2048,64],"logical":[2048,16384],"loop_factor":1},{"name":"arg3_1","role":"input","mem":"hbm","elems":33554432,"broadcast":false,"dims":[256,2048,64],"logical":[2048,16384],"loop_factor":1}],"reduction_cores":1,"loop_trip":1,"tiles_output_dim":false,"tile_rows_per_core":0.0,"is_matmul":false,"matmul_macs":0,"matmul_rows_per_core":0.0,"matmul_cols_per_core":0.0,"matmul_a_bytes":0,"matmul_b_bytes":0,"matmul_m_split":1,"matmul_n_split":1,"hbm_pattern":""},{"name":"add_3","is_reduction":false,"out_elems":33554432,"cores":32,"dtype_bytes":2,"args":[{"name":"op3","role":"output","mem":"hbm","elems":33554432,"broadcast":false,"dims":[256,2048,64],"logical":[2048,16384],"loop_factor":1},{"name":"buf2","role":"input","mem":"hbm","elems":33554432,"broadcast":false,"dims":[256,2048,64],"logical":[2048,16384],"loop_factor":1},{"name":"arg4_1","role":"input","mem":"hbm","elems":33554432,"broadcast":false,"dims":[256,2048,64],"logical":[2048,16384],"loop_factor":1}],"reduction_cores":1,"loop_trip":1,"tiles_output_dim":false,"tile_rows_per_core":0.0,"is_matmul":false,"matmul_macs":0,"matmul_rows_per_core":0.0,"matmul_cols_per_core":0.0,"matmul_a_bytes":0,"matmul_b_bytes":0,"matmul_m_split":1,"matmul_n_split":1,"hbm_pattern":""}]
SUMMARY op=add5 rows=2048 cols=16384 cores=32 tiles=0 lx=0 io_hbm_bytes=805306368 kernel_us=8202.645 pred_us=8464.173 err_pct=+3.2 bw_gbps=98.2 memset_us=1092.239 other_dev_us=6095.059 total_dev_us=15389.943
-- add6 [2048,16384] lx=0
  op_it_space_splits={d0: 32, d1: 1}
  op_it_space_splits={d0: 32, d1: 1}
  op_it_space_splits={d0: 32, d1: 1}
  op_it_space_splits={d0: 32, d1: 1}
  op_it_space_splits={d0: 32, d1: 1}
IO -- device-layout I/O (cost model, stick-padded) --
IO   op add
IO     output op0                    torch [2048, 16384] -> device [256, 2048, 64] in HBM = 33554432 elems x 2B = 67108864 B  (hbm counted: 67108864 B)
IO     input  arg0_1                 torch [2048, 16384] -> device [256, 2048, 64] in HBM = 33554432 elems x 2B = 67108864 B  (hbm counted: 67108864 B)
IO     input  arg1_1                 torch [2048, 16384] -> device [256, 2048, 64] in HBM = 33554432 elems x 2B = 67108864 B  (hbm counted: 67108864 B)
IO   op add_1
IO     output op1                    torch [2048, 16384] -> device [256, 2048, 64] in HBM = 33554432 elems x 2B = 67108864 B  (hbm counted: 67108864 B)
IO     input  buf0                   torch [2048, 16384] -> device [256, 2048, 64] in HBM = 33554432 elems x 2B = 67108864 B  (hbm counted: 67108864 B)
IO     input  arg2_1                 torch [2048, 16384] -> device [256, 2048, 64] in HBM = 33554432 elems x 2B = 67108864 B  (hbm counted: 67108864 B)
IO   op add_2
IO     output op2                    torch [2048, 16384] -> device [256, 2048, 64] in HBM = 33554432 elems x 2B = 67108864 B  (hbm counted: 67108864 B)
IO     input  buf1                   torch [2048, 16384] -> device [256, 2048, 64] in HBM = 33554432 elems x 2B = 67108864 B  (hbm counted: 67108864 B)
IO     input  arg3_1                 torch [2048, 16384] -> device [256, 2048, 64] in HBM = 33554432 elems x 2B = 67108864 B  (hbm counted: 67108864 B)
IO   op add_3
IO     output op3                    torch [2048, 16384] -> device [256, 2048, 64] in HBM = 33554432 elems x 2B = 67108864 B  (hbm counted: 67108864 B)
IO     input  buf2                   torch [2048, 16384] -> device [256, 2048, 64] in HBM = 33554432 elems x 2B = 67108864 B  (hbm counted: 67108864 B)
IO     input  arg4_1                 torch [2048, 16384] -> device [256, 2048, 64] in HBM = 33554432 elems x 2B = 67108864 B  (hbm counted: 67108864 B)
IO   op add_4
IO     output op4                    torch [2048, 16384] -> device [256, 2048, 64] in HBM = 33554432 elems x 2B = 67108864 B  (hbm counted: 67108864 B)
IO     input  buf3                   torch [2048, 16384] -> device [256, 2048, 64] in HBM = 33554432 elems x 2B = 67108864 B  (hbm counted: 67108864 B)
IO     input  arg5_1                 torch [2048, 16384] -> device [256, 2048, 64] in HBM = 33554432 elems x 2B = 67108864 B  (hbm counted: 67108864 B)
IO   => HBM I/O total = 1006632960 B  (lx 0 B, ~free)
MODEL -- estimate (turnaround): T = (R+W)/BW_PEAK + a*min(R,W) --
MODEL   R=671088640 B (read)   W=335544320 B (write)   loop_trip L=1
MODEL   base = (R+W)/150 = 6710.89 us
MODEL   turn = a*min(R,W) = 0.00574*335544320 = 1926.02 us
MODEL   => T_model = 11227.98 us
MODEL FEATS [{"name":"add","is_reduction":false,"out_elems":33554432,"cores":32,"dtype_bytes":2,"args":[{"name":"op0","role":"output","mem":"hbm","elems":33554432,"broadcast":false,"dims":[256,2048,64],"logical":[2048,16384],"loop_factor":1},{"name":"arg0_1","role":"input","mem":"hbm","elems":33554432,"broadcast":false,"dims":[256,2048,64],"logical":[2048,16384],"loop_factor":1},{"name":"arg1_1","role":"input","mem":"hbm","elems":33554432,"broadcast":false,"dims":[256,2048,64],"logical":[2048,16384],"loop_factor":1}],"reduction_cores":1,"loop_trip":1,"tiles_output_dim":false,"tile_rows_per_core":0.0,"is_matmul":false,"matmul_macs":0,"matmul_rows_per_core":0.0,"matmul_cols_per_core":0.0,"matmul_a_bytes":0,"matmul_b_bytes":0,"matmul_m_split":1,"matmul_n_split":1,"hbm_pattern":""},{"name":"add_1","is_reduction":false,"out_elems":33554432,"cores":32,"dtype_bytes":2,"args":[{"name":"op1","role":"output","mem":"hbm","elems":33554432,"broadcast":false,"dims":[256,2048,64],"logical":[2048,16384],"loop_factor":1},{"name":"buf0","role":"input","mem":"hbm","elems":33554432,"broadcast":false,"dims":[256,2048,64],"logical":[2048,16384],"loop_factor":1},{"name":"arg2_1","role":"input","mem":"hbm","elems":33554432,"broadcast":false,"dims":[256,2048,64],"logical":[2048,16384],"loop_factor":1}],"reduction_cores":1,"loop_trip":1,"tiles_output_dim":false,"tile_rows_per_core":0.0,"is_matmul":false,"matmul_macs":0,"matmul_rows_per_core":0.0,"matmul_cols_per_core":0.0,"matmul_a_bytes":0,"matmul_b_bytes":0,"matmul_m_split":1,"matmul_n_split":1,"hbm_pattern":""},{"name":"add_2","is_reduction":false,"out_elems":33554432,"cores":32,"dtype_bytes":2,"args":[{"name":"op2","role":"output","mem":"hbm","elems":33554432,"broadcast":false,"dims":[256,2048,64],"logical":[2048,16384],"loop_factor":1},{"name":"buf1","role":"input","mem":"hbm","elems":33554432,"broadcast":false,"dims":[256,2048,64],"logical":[2048,16384],"loop_factor":1},{"name":"arg3_1","role":"input","mem":"hbm","elems":33554432,"broadcast":false,"dims":[256,2048,64],"logical":[2048,16384],"loop_factor":1}],"reduction_cores":1,"loop_trip":1,"tiles_output_dim":false,"tile_rows_per_core":0.0,"is_matmul":false,"matmul_macs":0,"matmul_rows_per_core":0.0,"matmul_cols_per_core":0.0,"matmul_a_bytes":0,"matmul_b_bytes":0,"matmul_m_split":1,"matmul_n_split":1,"hbm_pattern":""},{"name":"add_3","is_reduction":false,"out_elems":33554432,"cores":32,"dtype_bytes":2,"args":[{"name":"op3","role":"output","mem":"hbm","elems":33554432,"broadcast":false,"dims":[256,2048,64],"logical":[2048,16384],"loop_factor":1},{"name":"buf2","role":"input","mem":"hbm","elems":33554432,"broadcast":false,"dims":[256,2048,64],"logical":[2048,16384],"loop_factor":1},{"name":"arg4_1","role":"input","mem":"hbm","elems":33554432,"broadcast":false,"dims":[256,2048,64],"logical":[2048,16384],"loop_factor":1}],"reduction_cores":1,"loop_trip":1,"tiles_output_dim":false,"tile_rows_per_core":0.0,"is_matmul":false,"matmul_macs":0,"matmul_rows_per_core":0.0,"matmul_cols_per_core":0.0,"matmul_a_bytes":0,"matmul_b_bytes":0,"matmul_m_split":1,"matmul_n_split":1,"hbm_pattern":""},{"name":"add_4","is_reduction":false,"out_elems":33554432,"cores":32,"dtype_bytes":2,"args":[{"name":"op4","role":"output","mem":"hbm","elems":33554432,"broadcast":false,"dims":[256,2048,64],"logical":[2048,16384],"loop_factor":1},{"name":"buf3","role":"input","mem":"hbm","elems":33554432,"broadcast":false,"dims":[256,2048,64],"logical":[2048,16384],"loop_factor":1},{"name":"arg5_1","role":"input","mem":"hbm","elems":33554432,"broadcast":false,"dims":[256,2048,64],"logical":[2048,16384],"loop_factor":1}],"reduction_cores":1,"loop_trip":1,"tiles_output_dim":false,"tile_rows_per_core":0.0,"is_matmul":false,"matmul_macs":0,"matmul_rows_per_core":0.0,"matmul_cols_per_core":0.0,"matmul_a_bytes":0,"matmul_b_bytes":0,"matmul_m_split":1,"matmul_n_split":1,"hbm_pattern":""}]
SUMMARY op=add6 rows=2048 cols=16384 cores=32 tiles=0 lx=0 io_hbm_bytes=1006632960 kernel_us=10221.988 pred_us=11227.984 err_pct=+9.8 bw_gbps=98.5 memset_us=1112.127 other_dev_us=5905.722 total_dev_us=17239.837
-- add_indep2 [2048,16384] lx=0
  op_it_space_splits={d0: 32, d1: 1}
  op_it_space_splits={d0: 32, d1: 1}
IO -- device-layout I/O (cost model, stick-padded) --
IO   op add
IO     output op0                    torch [2048, 16384] -> device [256, 2048, 64] in HBM = 33554432 elems x 2B = 67108864 B  (hbm counted: 67108864 B)
IO     input  arg0_1                 torch [2048, 16384] -> device [256, 2048, 64] in HBM = 33554432 elems x 2B = 67108864 B  (hbm counted: 67108864 B)
IO     input  arg1_1                 torch [2048, 16384] -> device [256, 2048, 64] in HBM = 33554432 elems x 2B = 67108864 B  (hbm counted: 67108864 B)
IO   op add_1
IO     output op1                    torch [2048, 16384] -> device [256, 2048, 64] in HBM = 33554432 elems x 2B = 67108864 B  (hbm counted: 67108864 B)
IO     input  arg2_1                 torch [2048, 16384] -> device [256, 2048, 64] in HBM = 33554432 elems x 2B = 67108864 B  (hbm counted: 67108864 B)
IO     input  arg3_1                 torch [2048, 16384] -> device [256, 2048, 64] in HBM = 33554432 elems x 2B = 67108864 B  (hbm counted: 67108864 B)
IO   => HBM I/O total = 402653184 B  (lx 0 B, ~free)
MODEL -- estimate (turnaround): T = (R+W)/BW_PEAK + a*min(R,W) --
MODEL   R=268435456 B (read)   W=134217728 B (write)   loop_trip L=1
MODEL   base = (R+W)/150 = 2684.35 us
MODEL   turn = a*min(R,W) = 0.00574*134217728 = 770.41 us
MODEL   => T_model = 3713.87 us
MODEL FEATS [{"name":"add","is_reduction":false,"out_elems":33554432,"cores":32,"dtype_bytes":2,"args":[{"name":"op0","role":"output","mem":"hbm","elems":33554432,"broadcast":false,"dims":[256,2048,64],"logical":[2048,16384],"loop_factor":1},{"name":"arg0_1","role":"input","mem":"hbm","elems":33554432,"broadcast":false,"dims":[256,2048,64],"logical":[2048,16384],"loop_factor":1},{"name":"arg1_1","role":"input","mem":"hbm","elems":33554432,"broadcast":false,"dims":[256,2048,64],"logical":[2048,16384],"loop_factor":1}],"reduction_cores":1,"loop_trip":1,"tiles_output_dim":false,"tile_rows_per_core":0.0,"is_matmul":false,"matmul_macs":0,"matmul_rows_per_core":0.0,"matmul_cols_per_core":0.0,"matmul_a_bytes":0,"matmul_b_bytes":0,"matmul_m_split":1,"matmul_n_split":1,"hbm_pattern":""},{"name":"add_1","is_reduction":false,"out_elems":33554432,"cores":32,"dtype_bytes":2,"args":[{"name":"op1","role":"output","mem":"hbm","elems":33554432,"broadcast":false,"dims":[256,2048,64],"logical":[2048,16384],"loop_factor":1},{"name":"arg2_1","role":"input","mem":"hbm","elems":33554432,"broadcast":false,"dims":[256,2048,64],"logical":[2048,16384],"loop_factor":1},{"name":"arg3_1","role":"input","mem":"hbm","elems":33554432,"broadcast":false,"dims":[256,2048,64],"logical":[2048,16384],"loop_factor":1}],"reduction_cores":1,"loop_trip":1,"tiles_output_dim":false,"tile_rows_per_core":0.0,"is_matmul":false,"matmul_macs":0,"matmul_rows_per_core":0.0,"matmul_cols_per_core":0.0,"matmul_a_bytes":0,"matmul_b_bytes":0,"matmul_m_split":1,"matmul_n_split":1,"hbm_pattern":""}]
SUMMARY op=add_indep2 rows=2048 cols=16384 cores=32 tiles=0 lx=0 io_hbm_bytes=402653184 kernel_us=3503.698 pred_us=3713.872 err_pct=+6.0 bw_gbps=114.9 memset_us=2236.892 other_dev_us=11438.232 total_dev_us=17178.822
-- add3_sep [2048,16384] lx=0
  op_it_space_splits={d0: 32, d1: 1}
IO -- device-layout I/O (cost model, stick-padded) --
IO   op add
IO     output op0                    torch [2048, 16384] -> device [256, 2048, 64] in HBM = 33554432 elems x 2B = 67108864 B  (hbm counted: 67108864 B)
IO     input  arg0_1                 torch [2048, 16384] -> device [256, 2048, 64] in HBM = 33554432 elems x 2B = 67108864 B  (hbm counted: 67108864 B)
IO     input  arg1_1                 torch [2048, 16384] -> device [256, 2048, 64] in HBM = 33554432 elems x 2B = 67108864 B  (hbm counted: 67108864 B)
IO   => HBM I/O total = 201326592 B  (lx 0 B, ~free)
MODEL -- estimate (turnaround): T = (R+W)/BW_PEAK + a*min(R,W) --
MODEL   R=134217728 B (read)   W=67108864 B (write)   loop_trip L=1
MODEL   base = (R+W)/150 = 1342.18 us
MODEL   turn = a*min(R,W) = 0.00574*67108864 = 385.20 us
MODEL   => T_model = 1727.38 us
MODEL FEATS [{"name":"add","is_reduction":false,"out_elems":33554432,"cores":32,"dtype_bytes":2,"args":[{"name":"op0","role":"output","mem":"hbm","elems":33554432,"broadcast":false,"dims":[256,2048,64],"logical":[2048,16384],"loop_factor":1},{"name":"arg0_1","role":"input","mem":"hbm","elems":33554432,"broadcast":false,"dims":[256,2048,64],"logical":[2048,16384],"loop_factor":1},{"name":"arg1_1","role":"input","mem":"hbm","elems":33554432,"broadcast":false,"dims":[256,2048,64],"logical":[2048,16384],"loop_factor":1}],"reduction_cores":1,"loop_trip":1,"tiles_output_dim":false,"tile_rows_per_core":0.0,"is_matmul":false,"matmul_macs":0,"matmul_rows_per_core":0.0,"matmul_cols_per_core":0.0,"matmul_a_bytes":0,"matmul_b_bytes":0,"matmul_m_split":1,"matmul_n_split":1,"hbm_pattern":""}]
SUMMARY op=add3_sep rows=2048 cols=16384 cores=32 tiles=0 lx=0 io_hbm_bytes=201326592 kernel_us=3731.133 pred_us=1727.382 err_pct=-53.7 bw_gbps=54.0 memset_us=1127.100 other_dev_us=5779.939 total_dev_us=10638.172
-- add4_sep [2048,16384] lx=0
  op_it_space_splits={d0: 32, d1: 1}
IO -- device-layout I/O (cost model, stick-padded) --
IO   op add
IO     output op0                    torch [2048, 16384] -> device [256, 2048, 64] in HBM = 33554432 elems x 2B = 67108864 B  (hbm counted: 67108864 B)
IO     input  arg0_1                 torch [2048, 16384] -> device [256, 2048, 64] in HBM = 33554432 elems x 2B = 67108864 B  (hbm counted: 67108864 B)
IO     input  arg1_1                 torch [2048, 16384] -> device [256, 2048, 64] in HBM = 33554432 elems x 2B = 67108864 B  (hbm counted: 67108864 B)
IO   => HBM I/O total = 201326592 B  (lx 0 B, ~free)
MODEL -- estimate (turnaround): T = (R+W)/BW_PEAK + a*min(R,W) --
MODEL   R=134217728 B (read)   W=67108864 B (write)   loop_trip L=1
MODEL   base = (R+W)/150 = 1342.18 us
MODEL   turn = a*min(R,W) = 0.00574*67108864 = 385.20 us
MODEL   => T_model = 1727.38 us
MODEL FEATS [{"name":"add","is_reduction":false,"out_elems":33554432,"cores":32,"dtype_bytes":2,"args":[{"name":"op0","role":"output","mem":"hbm","elems":33554432,"broadcast":false,"dims":[256,2048,64],"logical":[2048,16384],"loop_factor":1},{"name":"arg0_1","role":"input","mem":"hbm","elems":33554432,"broadcast":false,"dims":[256,2048,64],"logical":[2048,16384],"loop_factor":1},{"name":"arg1_1","role":"input","mem":"hbm","elems":33554432,"broadcast":false,"dims":[256,2048,64],"logical":[2048,16384],"loop_factor":1}],"reduction_cores":1,"loop_trip":1,"tiles_output_dim":false,"tile_rows_per_core":0.0,"is_matmul":false,"matmul_macs":0,"matmul_rows_per_core":0.0,"matmul_cols_per_core":0.0,"matmul_a_bytes":0,"matmul_b_bytes":0,"matmul_m_split":1,"matmul_n_split":1,"hbm_pattern":""}]
SUMMARY op=add4_sep rows=2048 cols=16384 cores=32 tiles=0 lx=0 io_hbm_bytes=201326592 kernel_us=5569.959 pred_us=1727.382 err_pct=-69.0 bw_gbps=36.1 memset_us=1106.105 other_dev_us=6050.620 total_dev_us=12726.684
-- add [2048,1024] lx=1
  op_it_space_splits={d0: 32, d1: 1}
IO -- device-layout I/O (cost model, stick-padded) --
IO   op add
IO     output op0                    torch [2048, 1024] -> device [16, 2048, 64] in HBM = 2097152 elems x 2B = 4194304 B  (hbm counted: 4194304 B)
IO     input  arg0_1                 torch [2048, 1024] -> device [16, 2048, 64] in HBM = 2097152 elems x 2B = 4194304 B  (hbm counted: 4194304 B)
IO     input  arg1_1                 torch [2048, 1024] -> device [16, 2048, 64] in HBM = 2097152 elems x 2B = 4194304 B  (hbm counted: 4194304 B)
IO   => HBM I/O total = 12582912 B  (lx 0 B, ~free)
MODEL -- estimate (turnaround): T = (R+W)/BW_PEAK + a*min(R,W) --
MODEL   R=8388608 B (read)   W=4194304 B (write)   loop_trip L=1
MODEL   base = (R+W)/150 = 83.89 us
MODEL   turn = a*min(R,W) = 0.00574*4194304 = 24.08 us
MODEL   => T_model = 107.96 us
MODEL FEATS [{"name":"add","is_reduction":false,"out_elems":2097152,"cores":32,"dtype_bytes":2,"args":[{"name":"op0","role":"output","mem":"hbm","elems":2097152,"broadcast":false,"dims":[16,2048,64],"logical":[2048,1024],"loop_factor":1},{"name":"arg0_1","role":"input","mem":"hbm","elems":2097152,"broadcast":false,"dims":[16,2048,64],"logical":[2048,1024],"loop_factor":1},{"name":"arg1_1","role":"input","mem":"hbm","elems":2097152,"broadcast":false,"dims":[16,2048,64],"logical":[2048,1024],"loop_factor":1}],"reduction_cores":1,"loop_trip":1,"tiles_output_dim":false,"tile_rows_per_core":0.0,"is_matmul":false,"matmul_macs":0,"matmul_rows_per_core":0.0,"matmul_cols_per_core":0.0,"matmul_a_bytes":0,"matmul_b_bytes":0,"matmul_m_split":1,"matmul_n_split":1,"hbm_pattern":""}]
SUMMARY op=add rows=2048 cols=1024 cores=32 tiles=0 lx=1 io_hbm_bytes=12582912 kernel_us=110.528 pred_us=107.961 err_pct=-2.3 bw_gbps=113.8 memset_us=174.420 other_dev_us=373.492 total_dev_us=658.440
-- add3 [2048,1024] lx=1
  op_it_space_splits={d0: 32, d1: 1}
  op_it_space_splits={d0: 32, d1: 1}
IO -- device-layout I/O (cost model, stick-padded) --
IO   op add
IO     output op0                    torch [2048, 1024] -> device [16, 2048, 64] in LX = 2097152 elems x 2B = 4194304 B  (hbm counted: 0 B)
IO     input  arg0_1                 torch [2048, 1024] -> device [16, 2048, 64] in HBM = 2097152 elems x 2B = 4194304 B  (hbm counted: 4194304 B)
IO     input  arg1_1                 torch [2048, 1024] -> device [16, 2048, 64] in HBM = 2097152 elems x 2B = 4194304 B  (hbm counted: 4194304 B)
IO   op add_1
IO     output op1                    torch [2048, 1024] -> device [16, 2048, 64] in HBM = 2097152 elems x 2B = 4194304 B  (hbm counted: 4194304 B)
IO     input  buf0                   torch [2048, 1024] -> device [16, 2048, 64] in LX = 2097152 elems x 2B = 4194304 B  (hbm counted: 0 B)
IO     input  arg2_1                 torch [2048, 1024] -> device [16, 2048, 64] in HBM = 2097152 elems x 2B = 4194304 B  (hbm counted: 4194304 B)
IO   => HBM I/O total = 16777216 B  (lx 8388608 B, ~free)
MODEL -- estimate (turnaround): T = (R+W)/BW_PEAK + a*min(R,W) --
MODEL   R=12582912 B (read)   W=4194304 B (write)   loop_trip L=1
MODEL   base = (R+W)/150 = 111.85 us
MODEL   turn = a*min(R,W) = 0.00574*4194304 = 24.08 us
MODEL   => T_model = 146.12 us
MODEL FEATS [{"name":"add","is_reduction":false,"out_elems":2097152,"cores":32,"dtype_bytes":2,"args":[{"name":"op0","role":"output","mem":"lx","elems":2097152,"broadcast":false,"dims":[16,2048,64],"logical":[2048,1024],"loop_factor":1},{"name":"arg0_1","role":"input","mem":"hbm","elems":2097152,"broadcast":false,"dims":[16,2048,64],"logical":[2048,1024],"loop_factor":1},{"name":"arg1_1","role":"input","mem":"hbm","elems":2097152,"broadcast":false,"dims":[16,2048,64],"logical":[2048,1024],"loop_factor":1}],"reduction_cores":1,"loop_trip":1,"tiles_output_dim":false,"tile_rows_per_core":0.0,"is_matmul":false,"matmul_macs":0,"matmul_rows_per_core":0.0,"matmul_cols_per_core":0.0,"matmul_a_bytes":0,"matmul_b_bytes":0,"matmul_m_split":1,"matmul_n_split":1,"hbm_pattern":""},{"name":"add_1","is_reduction":false,"out_elems":2097152,"cores":32,"dtype_bytes":2,"args":[{"name":"op1","role":"output","mem":"hbm","elems":2097152,"broadcast":false,"dims":[16,2048,64],"logical":[2048,1024],"loop_factor":1},{"name":"buf0","role":"input","mem":"lx","elems":2097152,"broadcast":false,"dims":[16,2048,64],"logical":[2048,1024],"loop_factor":1},{"name":"arg2_1","role":"input","mem":"hbm","elems":2097152,"broadcast":false,"dims":[16,2048,64],"logical":[2048,1024],"loop_factor":1}],"reduction_cores":1,"loop_trip":1,"tiles_output_dim":false,"tile_rows_per_core":0.0,"is_matmul":false,"matmul_macs":0,"matmul_rows_per_core":0.0,"matmul_cols_per_core":0.0,"matmul_a_bytes":0,"matmul_b_bytes":0,"matmul_m_split":1,"matmul_n_split":1,"hbm_pattern":""}]
SUMMARY op=add3 rows=2048 cols=1024 cores=32 tiles=0 lx=1 io_hbm_bytes=16777216 kernel_us=139.005 pred_us=146.118 err_pct=+5.1 bw_gbps=120.7 memset_us=163.246 other_dev_us=388.138 total_dev_us=690.389
-- add4 [2048,1024] lx=1
  op_it_space_splits={d0: 32, d1: 1}
  op_it_space_splits={d0: 32, d1: 1}
  op_it_space_splits={d0: 32, d1: 1}
IO -- device-layout I/O (cost model, stick-padded) --
IO   op add
IO     output op0                    torch [2048, 1024] -> device [16, 2048, 64] in LX = 2097152 elems x 2B = 4194304 B  (hbm counted: 0 B)
IO     input  arg0_1                 torch [2048, 1024] -> device [16, 2048, 64] in HBM = 2097152 elems x 2B = 4194304 B  (hbm counted: 4194304 B)
IO     input  arg1_1                 torch [2048, 1024] -> device [16, 2048, 64] in HBM = 2097152 elems x 2B = 4194304 B  (hbm counted: 4194304 B)
IO   op add_1
IO     output op1                    torch [2048, 1024] -> device [16, 2048, 64] in LX = 2097152 elems x 2B = 4194304 B  (hbm counted: 0 B)
IO     input  buf0                   torch [2048, 1024] -> device [16, 2048, 64] in LX = 2097152 elems x 2B = 4194304 B  (hbm counted: 0 B)
IO     input  arg2_1                 torch [2048, 1024] -> device [16, 2048, 64] in HBM = 2097152 elems x 2B = 4194304 B  (hbm counted: 4194304 B)
IO   op add_2
IO     output op2                    torch [2048, 1024] -> device [16, 2048, 64] in HBM = 2097152 elems x 2B = 4194304 B  (hbm counted: 4194304 B)
IO     input  buf1                   torch [2048, 1024] -> device [16, 2048, 64] in LX = 2097152 elems x 2B = 4194304 B  (hbm counted: 0 B)
IO     input  arg3_1                 torch [2048, 1024] -> device [16, 2048, 64] in HBM = 2097152 elems x 2B = 4194304 B  (hbm counted: 4194304 B)
IO   => HBM I/O total = 20971520 B  (lx 16777216 B, ~free)
MODEL -- estimate (turnaround): T = (R+W)/BW_PEAK + a*min(R,W) --
MODEL   R=16777216 B (read)   W=4194304 B (write)   loop_trip L=1
MODEL   base = (R+W)/150 = 139.81 us
MODEL   turn = a*min(R,W) = 0.00574*4194304 = 24.08 us
MODEL   => T_model = 188.47 us
MODEL FEATS [{"name":"add","is_reduction":false,"out_elems":2097152,"cores":32,"dtype_bytes":2,"args":[{"name":"op0","role":"output","mem":"lx","elems":2097152,"broadcast":false,"dims":[16,2048,64],"logical":[2048,1024],"loop_factor":1},{"name":"arg0_1","role":"input","mem":"hbm","elems":2097152,"broadcast":false,"dims":[16,2048,64],"logical":[2048,1024],"loop_factor":1},{"name":"arg1_1","role":"input","mem":"hbm","elems":2097152,"broadcast":false,"dims":[16,2048,64],"logical":[2048,1024],"loop_factor":1}],"reduction_cores":1,"loop_trip":1,"tiles_output_dim":false,"tile_rows_per_core":0.0,"is_matmul":false,"matmul_macs":0,"matmul_rows_per_core":0.0,"matmul_cols_per_core":0.0,"matmul_a_bytes":0,"matmul_b_bytes":0,"matmul_m_split":1,"matmul_n_split":1,"hbm_pattern":""},{"name":"add_1","is_reduction":false,"out_elems":2097152,"cores":32,"dtype_bytes":2,"args":[{"name":"op1","role":"output","mem":"lx","elems":2097152,"broadcast":false,"dims":[16,2048,64],"logical":[2048,1024],"loop_factor":1},{"name":"buf0","role":"input","mem":"lx","elems":2097152,"broadcast":false,"dims":[16,2048,64],"logical":[2048,1024],"loop_factor":1},{"name":"arg2_1","role":"input","mem":"hbm","elems":2097152,"broadcast":false,"dims":[16,2048,64],"logical":[2048,1024],"loop_factor":1}],"reduction_cores":1,"loop_trip":1,"tiles_output_dim":false,"tile_rows_per_core":0.0,"is_matmul":false,"matmul_macs":0,"matmul_rows_per_core":0.0,"matmul_cols_per_core":0.0,"matmul_a_bytes":0,"matmul_b_bytes":0,"matmul_m_split":1,"matmul_n_split":1,"hbm_pattern":""},{"name":"add_2","is_reduction":false,"out_elems":2097152,"cores":32,"dtype_bytes":2,"args":[{"name":"op2","role":"output","mem":"hbm","elems":2097152,"broadcast":false,"dims":[16,2048,64],"logical":[2048,1024],"loop_factor":1},{"name":"buf1","role":"input","mem":"lx","elems":2097152,"broadcast":false,"dims":[16,2048,64],"logical":[2048,1024],"loop_factor":1},{"name":"arg3_1","role":"input","mem":"hbm","elems":2097152,"broadcast":false,"dims":[16,2048,64],"logical":[2048,1024],"loop_factor":1}],"reduction_cores":1,"loop_trip":1,"tiles_output_dim":false,"tile_rows_per_core":0.0,"is_matmul":false,"matmul_macs":0,"matmul_rows_per_core":0.0,"matmul_cols_per_core":0.0,"matmul_a_bytes":0,"matmul_b_bytes":0,"matmul_m_split":1,"matmul_n_split":1,"hbm_pattern":""}]
SUMMARY op=add4 rows=2048 cols=1024 cores=32 tiles=0 lx=1 io_hbm_bytes=20971520 kernel_us=173.886 pred_us=188.468 err_pct=+8.4 bw_gbps=120.6 memset_us=150.620 other_dev_us=391.320 total_dev_us=715.826
-- add5 [2048,1024] lx=1
  op_it_space_splits={d0: 32, d1: 1}
  op_it_space_splits={d0: 32, d1: 1}
  op_it_space_splits={d0: 32, d1: 1}
  op_it_space_splits={d0: 32, d1: 1}
IO -- device-layout I/O (cost model, stick-padded) --
IO   op add
IO     output op0                    torch [2048, 1024] -> device [16, 2048, 64] in LX = 2097152 elems x 2B = 4194304 B  (hbm counted: 0 B)
IO     input  arg0_1                 torch [2048, 1024] -> device [16, 2048, 64] in HBM = 2097152 elems x 2B = 4194304 B  (hbm counted: 4194304 B)
IO     input  arg1_1                 torch [2048, 1024] -> device [16, 2048, 64] in HBM = 2097152 elems x 2B = 4194304 B  (hbm counted: 4194304 B)
IO   op add_1
IO     output op1                    torch [2048, 1024] -> device [16, 2048, 64] in LX = 2097152 elems x 2B = 4194304 B  (hbm counted: 0 B)
IO     input  buf0                   torch [2048, 1024] -> device [16, 2048, 64] in LX = 2097152 elems x 2B = 4194304 B  (hbm counted: 0 B)
IO     input  arg2_1                 torch [2048, 1024] -> device [16, 2048, 64] in HBM = 2097152 elems x 2B = 4194304 B  (hbm counted: 4194304 B)
IO   op add_2
IO     output op2                    torch [2048, 1024] -> device [16, 2048, 64] in LX = 2097152 elems x 2B = 4194304 B  (hbm counted: 0 B)
IO     input  buf1                   torch [2048, 1024] -> device [16, 2048, 64] in LX = 2097152 elems x 2B = 4194304 B  (hbm counted: 0 B)
IO     input  arg3_1                 torch [2048, 1024] -> device [16, 2048, 64] in HBM = 2097152 elems x 2B = 4194304 B  (hbm counted: 4194304 B)
IO   op add_3
IO     output op3                    torch [2048, 1024] -> device [16, 2048, 64] in HBM = 2097152 elems x 2B = 4194304 B  (hbm counted: 4194304 B)
IO     input  buf2                   torch [2048, 1024] -> device [16, 2048, 64] in LX = 2097152 elems x 2B = 4194304 B  (hbm counted: 0 B)
IO     input  arg4_1                 torch [2048, 1024] -> device [16, 2048, 64] in HBM = 2097152 elems x 2B = 4194304 B  (hbm counted: 4194304 B)
IO   => HBM I/O total = 25165824 B  (lx 25165824 B, ~free)
MODEL -- estimate (turnaround): T = (R+W)/BW_PEAK + a*min(R,W) --
MODEL   R=20971520 B (read)   W=4194304 B (write)   loop_trip L=1
MODEL   base = (R+W)/150 = 167.77 us
MODEL   turn = a*min(R,W) = 0.00574*4194304 = 24.08 us
MODEL   => T_model = 235.01 us
MODEL FEATS [{"name":"add","is_reduction":false,"out_elems":2097152,"cores":32,"dtype_bytes":2,"args":[{"name":"op0","role":"output","mem":"lx","elems":2097152,"broadcast":false,"dims":[16,2048,64],"logical":[2048,1024],"loop_factor":1},{"name":"arg0_1","role":"input","mem":"hbm","elems":2097152,"broadcast":false,"dims":[16,2048,64],"logical":[2048,1024],"loop_factor":1},{"name":"arg1_1","role":"input","mem":"hbm","elems":2097152,"broadcast":false,"dims":[16,2048,64],"logical":[2048,1024],"loop_factor":1}],"reduction_cores":1,"loop_trip":1,"tiles_output_dim":false,"tile_rows_per_core":0.0,"is_matmul":false,"matmul_macs":0,"matmul_rows_per_core":0.0,"matmul_cols_per_core":0.0,"matmul_a_bytes":0,"matmul_b_bytes":0,"matmul_m_split":1,"matmul_n_split":1,"hbm_pattern":""},{"name":"add_1","is_reduction":false,"out_elems":2097152,"cores":32,"dtype_bytes":2,"args":[{"name":"op1","role":"output","mem":"lx","elems":2097152,"broadcast":false,"dims":[16,2048,64],"logical":[2048,1024],"loop_factor":1},{"name":"buf0","role":"input","mem":"lx","elems":2097152,"broadcast":false,"dims":[16,2048,64],"logical":[2048,1024],"loop_factor":1},{"name":"arg2_1","role":"input","mem":"hbm","elems":2097152,"broadcast":false,"dims":[16,2048,64],"logical":[2048,1024],"loop_factor":1}],"reduction_cores":1,"loop_trip":1,"tiles_output_dim":false,"tile_rows_per_core":0.0,"is_matmul":false,"matmul_macs":0,"matmul_rows_per_core":0.0,"matmul_cols_per_core":0.0,"matmul_a_bytes":0,"matmul_b_bytes":0,"matmul_m_split":1,"matmul_n_split":1,"hbm_pattern":""},{"name":"add_2","is_reduction":false,"out_elems":2097152,"cores":32,"dtype_bytes":2,"args":[{"name":"op2","role":"output","mem":"lx","elems":2097152,"broadcast":false,"dims":[16,2048,64],"logical":[2048,1024],"loop_factor":1},{"name":"buf1","role":"input","mem":"lx","elems":2097152,"broadcast":false,"dims":[16,2048,64],"logical":[2048,1024],"loop_factor":1},{"name":"arg3_1","role":"input","mem":"hbm","elems":2097152,"broadcast":false,"dims":[16,2048,64],"logical":[2048,1024],"loop_factor":1}],"reduction_cores":1,"loop_trip":1,"tiles_output_dim":false,"tile_rows_per_core":0.0,"is_matmul":false,"matmul_macs":0,"matmul_rows_per_core":0.0,"matmul_cols_per_core":0.0,"matmul_a_bytes":0,"matmul_b_bytes":0,"matmul_m_split":1,"matmul_n_split":1,"hbm_pattern":""},{"name":"add_3","is_reduction":false,"out_elems":2097152,"cores":32,"dtype_bytes":2,"args":[{"name":"op3","role":"output","mem":"hbm","elems":2097152,"broadcast":false,"dims":[16,2048,64],"logical":[2048,1024],"loop_factor":1},{"name":"buf2","role":"input","mem":"lx","elems":2097152,"broadcast":false,"dims":[16,2048,64],"logical":[2048,1024],"loop_factor":1},{"name":"arg4_1","role":"input","mem":"hbm","elems":2097152,"broadcast":false,"dims":[16,2048,64],"logical":[2048,1024],"loop_factor":1}],"reduction_cores":1,"loop_trip":1,"tiles_output_dim":false,"tile_rows_per_core":0.0,"is_matmul":false,"matmul_macs":0,"matmul_rows_per_core":0.0,"matmul_cols_per_core":0.0,"matmul_a_bytes":0,"matmul_b_bytes":0,"matmul_m_split":1,"matmul_n_split":1,"hbm_pattern":""}]
SUMMARY op=add5 rows=2048 cols=1024 cores=32 tiles=0 lx=1 io_hbm_bytes=25165824 kernel_us=192.197 pred_us=235.013 err_pct=+22.3 bw_gbps=130.9 memset_us=175.081 other_dev_us=295.397 total_dev_us=662.675
-- add6 [2048,1024] lx=1
  op_it_space_splits={d0: 32, d1: 1}
  op_it_space_splits={d0: 32, d1: 1}
  op_it_space_splits={d0: 32, d1: 1}
  op_it_space_splits={d0: 32, d1: 1}
  op_it_space_splits={d0: 32, d1: 1}
IO -- device-layout I/O (cost model, stick-padded) --
IO   op add
IO     output op0                    torch [2048, 1024] -> device [16, 2048, 64] in LX = 2097152 elems x 2B = 4194304 B  (hbm counted: 0 B)
IO     input  arg0_1                 torch [2048, 1024] -> device [16, 2048, 64] in HBM = 2097152 elems x 2B = 4194304 B  (hbm counted: 4194304 B)
IO     input  arg1_1                 torch [2048, 1024] -> device [16, 2048, 64] in HBM = 2097152 elems x 2B = 4194304 B  (hbm counted: 4194304 B)
IO   op add_1
IO     output op1                    torch [2048, 1024] -> device [16, 2048, 64] in LX = 2097152 elems x 2B = 4194304 B  (hbm counted: 0 B)
IO     input  buf0                   torch [2048, 1024] -> device [16, 2048, 64] in LX = 2097152 elems x 2B = 4194304 B  (hbm counted: 0 B)
IO     input  arg2_1                 torch [2048, 1024] -> device [16, 2048, 64] in HBM = 2097152 elems x 2B = 4194304 B  (hbm counted: 4194304 B)
IO   op add_2
IO     output op2                    torch [2048, 1024] -> device [16, 2048, 64] in LX = 2097152 elems x 2B = 4194304 B  (hbm counted: 0 B)
IO     input  buf1                   torch [2048, 1024] -> device [16, 2048, 64] in LX = 2097152 elems x 2B = 4194304 B  (hbm counted: 0 B)
IO     input  arg3_1                 torch [2048, 1024] -> device [16, 2048, 64] in HBM = 2097152 elems x 2B = 4194304 B  (hbm counted: 4194304 B)
IO   op add_3
IO     output op3                    torch [2048, 1024] -> device [16, 2048, 64] in LX = 2097152 elems x 2B = 4194304 B  (hbm counted: 0 B)
IO     input  buf2                   torch [2048, 1024] -> device [16, 2048, 64] in LX = 2097152 elems x 2B = 4194304 B  (hbm counted: 0 B)
IO     input  arg4_1                 torch [2048, 1024] -> device [16, 2048, 64] in HBM = 2097152 elems x 2B = 4194304 B  (hbm counted: 4194304 B)
IO   op add_4
IO     output op4                    torch [2048, 1024] -> device [16, 2048, 64] in HBM = 2097152 elems x 2B = 4194304 B  (hbm counted: 4194304 B)
IO     input  buf3                   torch [2048, 1024] -> device [16, 2048, 64] in LX = 2097152 elems x 2B = 4194304 B  (hbm counted: 0 B)
IO     input  arg5_1                 torch [2048, 1024] -> device [16, 2048, 64] in HBM = 2097152 elems x 2B = 4194304 B  (hbm counted: 4194304 B)
IO   => HBM I/O total = 29360128 B  (lx 33554432 B, ~free)
MODEL -- estimate (turnaround): T = (R+W)/BW_PEAK + a*min(R,W) --
MODEL   R=25165824 B (read)   W=4194304 B (write)   loop_trip L=1
MODEL   base = (R+W)/150 = 195.73 us
MODEL   turn = a*min(R,W) = 0.00574*4194304 = 24.08 us
MODEL   => T_model = 285.75 us
MODEL FEATS [{"name":"add","is_reduction":false,"out_elems":2097152,"cores":32,"dtype_bytes":2,"args":[{"name":"op0","role":"output","mem":"lx","elems":2097152,"broadcast":false,"dims":[16,2048,64],"logical":[2048,1024],"loop_factor":1},{"name":"arg0_1","role":"input","mem":"hbm","elems":2097152,"broadcast":false,"dims":[16,2048,64],"logical":[2048,1024],"loop_factor":1},{"name":"arg1_1","role":"input","mem":"hbm","elems":2097152,"broadcast":false,"dims":[16,2048,64],"logical":[2048,1024],"loop_factor":1}],"reduction_cores":1,"loop_trip":1,"tiles_output_dim":false,"tile_rows_per_core":0.0,"is_matmul":false,"matmul_macs":0,"matmul_rows_per_core":0.0,"matmul_cols_per_core":0.0,"matmul_a_bytes":0,"matmul_b_bytes":0,"matmul_m_split":1,"matmul_n_split":1,"hbm_pattern":""},{"name":"add_1","is_reduction":false,"out_elems":2097152,"cores":32,"dtype_bytes":2,"args":[{"name":"op1","role":"output","mem":"lx","elems":2097152,"broadcast":false,"dims":[16,2048,64],"logical":[2048,1024],"loop_factor":1},{"name":"buf0","role":"input","mem":"lx","elems":2097152,"broadcast":false,"dims":[16,2048,64],"logical":[2048,1024],"loop_factor":1},{"name":"arg2_1","role":"input","mem":"hbm","elems":2097152,"broadcast":false,"dims":[16,2048,64],"logical":[2048,1024],"loop_factor":1}],"reduction_cores":1,"loop_trip":1,"tiles_output_dim":false,"tile_rows_per_core":0.0,"is_matmul":false,"matmul_macs":0,"matmul_rows_per_core":0.0,"matmul_cols_per_core":0.0,"matmul_a_bytes":0,"matmul_b_bytes":0,"matmul_m_split":1,"matmul_n_split":1,"hbm_pattern":""},{"name":"add_2","is_reduction":false,"out_elems":2097152,"cores":32,"dtype_bytes":2,"args":[{"name":"op2","role":"output","mem":"lx","elems":2097152,"broadcast":false,"dims":[16,2048,64],"logical":[2048,1024],"loop_factor":1},{"name":"buf1","role":"input","mem":"lx","elems":2097152,"broadcast":false,"dims":[16,2048,64],"logical":[2048,1024],"loop_factor":1},{"name":"arg3_1","role":"input","mem":"hbm","elems":2097152,"broadcast":false,"dims":[16,2048,64],"logical":[2048,1024],"loop_factor":1}],"reduction_cores":1,"loop_trip":1,"tiles_output_dim":false,"tile_rows_per_core":0.0,"is_matmul":false,"matmul_macs":0,"matmul_rows_per_core":0.0,"matmul_cols_per_core":0.0,"matmul_a_bytes":0,"matmul_b_bytes":0,"matmul_m_split":1,"matmul_n_split":1,"hbm_pattern":""},{"name":"add_3","is_reduction":false,"out_elems":2097152,"cores":32,"dtype_bytes":2,"args":[{"name":"op3","role":"output","mem":"lx","elems":2097152,"broadcast":false,"dims":[16,2048,64],"logical":[2048,1024],"loop_factor":1},{"name":"buf2","role":"input","mem":"lx","elems":2097152,"broadcast":false,"dims":[16,2048,64],"logical":[2048,1024],"loop_factor":1},{"name":"arg4_1","role":"input","mem":"hbm","elems":2097152,"broadcast":false,"dims":[16,2048,64],"logical":[2048,1024],"loop_factor":1}],"reduction_cores":1,"loop_trip":1,"tiles_output_dim":false,"tile_rows_per_core":0.0,"is_matmul":false,"matmul_macs":0,"matmul_rows_per_core":0.0,"matmul_cols_per_core":0.0,"matmul_a_bytes":0,"matmul_b_bytes":0,"matmul_m_split":1,"matmul_n_split":1,"hbm_pattern":""},{"name":"add_4","is_reduction":false,"out_elems":2097152,"cores":32,"dtype_bytes":2,"args":[{"name":"op4","role":"output","mem":"hbm","elems":2097152,"broadcast":false,"dims":[16,2048,64],"logical":[2048,1024],"loop_factor":1},{"name":"buf3","role":"input","mem":"lx","elems":2097152,"broadcast":false,"dims":[16,2048,64],"logical":[2048,1024],"loop_factor":1},{"name":"arg5_1","role":"input","mem":"hbm","elems":2097152,"broadcast":false,"dims":[16,2048,64],"logical":[2048,1024],"loop_factor":1}],"reduction_cores":1,"loop_trip":1,"tiles_output_dim":false,"tile_rows_per_core":0.0,"is_matmul":false,"matmul_macs":0,"matmul_rows_per_core":0.0,"matmul_cols_per_core":0.0,"matmul_a_bytes":0,"matmul_b_bytes":0,"matmul_m_split":1,"matmul_n_split":1,"hbm_pattern":""}]
SUMMARY op=add6 rows=2048 cols=1024 cores=32 tiles=0 lx=1 io_hbm_bytes=29360128 kernel_us=229.251 pred_us=285.752 err_pct=+24.6 bw_gbps=128.1 memset_us=153.007 other_dev_us=342.728 total_dev_us=724.986
-- add_indep2 [2048,1024] lx=1
  op_it_space_splits={d0: 32, d1: 1}
  op_it_space_splits={d0: 32, d1: 1}
IO -- device-layout I/O (cost model, stick-padded) --
IO   op add
IO     output op0                    torch [2048, 1024] -> device [16, 2048, 64] in HBM = 2097152 elems x 2B = 4194304 B  (hbm counted: 4194304 B)
IO     input  arg0_1                 torch [2048, 1024] -> device [16, 2048, 64] in HBM = 2097152 elems x 2B = 4194304 B  (hbm counted: 4194304 B)
IO     input  arg1_1                 torch [2048, 1024] -> device [16, 2048, 64] in HBM = 2097152 elems x 2B = 4194304 B  (hbm counted: 4194304 B)
IO   op add_1
IO     output op1                    torch [2048, 1024] -> device [16, 2048, 64] in HBM = 2097152 elems x 2B = 4194304 B  (hbm counted: 4194304 B)
IO     input  arg2_1                 torch [2048, 1024] -> device [16, 2048, 64] in HBM = 2097152 elems x 2B = 4194304 B  (hbm counted: 4194304 B)
IO     input  arg3_1                 torch [2048, 1024] -> device [16, 2048, 64] in HBM = 2097152 elems x 2B = 4194304 B  (hbm counted: 4194304 B)
IO   => HBM I/O total = 25165824 B  (lx 0 B, ~free)
MODEL -- estimate (turnaround): T = (R+W)/BW_PEAK + a*min(R,W) --
MODEL   R=16777216 B (read)   W=8388608 B (write)   loop_trip L=1
MODEL   base = (R+W)/150 = 167.77 us
MODEL   turn = a*min(R,W) = 0.00574*8388608 = 48.15 us
MODEL   => T_model = 232.12 us
MODEL FEATS [{"name":"add","is_reduction":false,"out_elems":2097152,"cores":32,"dtype_bytes":2,"args":[{"name":"op0","role":"output","mem":"hbm","elems":2097152,"broadcast":false,"dims":[16,2048,64],"logical":[2048,1024],"loop_factor":1},{"name":"arg0_1","role":"input","mem":"hbm","elems":2097152,"broadcast":false,"dims":[16,2048,64],"logical":[2048,1024],"loop_factor":1},{"name":"arg1_1","role":"input","mem":"hbm","elems":2097152,"broadcast":false,"dims":[16,2048,64],"logical":[2048,1024],"loop_factor":1}],"reduction_cores":1,"loop_trip":1,"tiles_output_dim":false,"tile_rows_per_core":0.0,"is_matmul":false,"matmul_macs":0,"matmul_rows_per_core":0.0,"matmul_cols_per_core":0.0,"matmul_a_bytes":0,"matmul_b_bytes":0,"matmul_m_split":1,"matmul_n_split":1,"hbm_pattern":""},{"name":"add_1","is_reduction":false,"out_elems":2097152,"cores":32,"dtype_bytes":2,"args":[{"name":"op1","role":"output","mem":"hbm","elems":2097152,"broadcast":false,"dims":[16,2048,64],"logical":[2048,1024],"loop_factor":1},{"name":"arg2_1","role":"input","mem":"hbm","elems":2097152,"broadcast":false,"dims":[16,2048,64],"logical":[2048,1024],"loop_factor":1},{"name":"arg3_1","role":"input","mem":"hbm","elems":2097152,"broadcast":false,"dims":[16,2048,64],"logical":[2048,1024],"loop_factor":1}],"reduction_cores":1,"loop_trip":1,"tiles_output_dim":false,"tile_rows_per_core":0.0,"is_matmul":false,"matmul_macs":0,"matmul_rows_per_core":0.0,"matmul_cols_per_core":0.0,"matmul_a_bytes":0,"matmul_b_bytes":0,"matmul_m_split":1,"matmul_n_split":1,"hbm_pattern":""}]
SUMMARY op=add_indep2 rows=2048 cols=1024 cores=32 tiles=0 lx=1 io_hbm_bytes=25165824 kernel_us=217.292 pred_us=232.117 err_pct=+6.8 bw_gbps=115.8 memset_us=284.798 other_dev_us=699.478 total_dev_us=1201.568
-- add3_sep [2048,1024] lx=1
  op_it_space_splits={d0: 32, d1: 1}
IO -- device-layout I/O (cost model, stick-padded) --
IO   op add
IO     output op0                    torch [2048, 1024] -> device [16, 2048, 64] in HBM = 2097152 elems x 2B = 4194304 B  (hbm counted: 4194304 B)
IO     input  arg0_1                 torch [2048, 1024] -> device [16, 2048, 64] in HBM = 2097152 elems x 2B = 4194304 B  (hbm counted: 4194304 B)
IO     input  arg1_1                 torch [2048, 1024] -> device [16, 2048, 64] in HBM = 2097152 elems x 2B = 4194304 B  (hbm counted: 4194304 B)
IO   => HBM I/O total = 12582912 B  (lx 0 B, ~free)
MODEL -- estimate (turnaround): T = (R+W)/BW_PEAK + a*min(R,W) --
MODEL   R=8388608 B (read)   W=4194304 B (write)   loop_trip L=1
MODEL   base = (R+W)/150 = 83.89 us
MODEL   turn = a*min(R,W) = 0.00574*4194304 = 24.08 us
MODEL   => T_model = 107.96 us
MODEL FEATS [{"name":"add","is_reduction":false,"out_elems":2097152,"cores":32,"dtype_bytes":2,"args":[{"name":"op0","role":"output","mem":"hbm","elems":2097152,"broadcast":false,"dims":[16,2048,64],"logical":[2048,1024],"loop_factor":1},{"name":"arg0_1","role":"input","mem":"hbm","elems":2097152,"broadcast":false,"dims":[16,2048,64],"logical":[2048,1024],"loop_factor":1},{"name":"arg1_1","role":"input","mem":"hbm","elems":2097152,"broadcast":false,"dims":[16,2048,64],"logical":[2048,1024],"loop_factor":1}],"reduction_cores":1,"loop_trip":1,"tiles_output_dim":false,"tile_rows_per_core":0.0,"is_matmul":false,"matmul_macs":0,"matmul_rows_per_core":0.0,"matmul_cols_per_core":0.0,"matmul_a_bytes":0,"matmul_b_bytes":0,"matmul_m_split":1,"matmul_n_split":1,"hbm_pattern":""}]
SUMMARY op=add3_sep rows=2048 cols=1024 cores=32 tiles=0 lx=1 io_hbm_bytes=12582912 kernel_us=233.470 pred_us=107.961 err_pct=-53.8 bw_gbps=53.9 memset_us=159.933 other_dev_us=405.786 total_dev_us=799.189
-- add4_sep [2048,1024] lx=1
  op_it_space_splits={d0: 32, d1: 1}
IO -- device-layout I/O (cost model, stick-padded) --
IO   op add
IO     output op0                    torch [2048, 1024] -> device [16, 2048, 64] in HBM = 2097152 elems x 2B = 4194304 B  (hbm counted: 4194304 B)
IO     input  arg0_1                 torch [2048, 1024] -> device [16, 2048, 64] in HBM = 2097152 elems x 2B = 4194304 B  (hbm counted: 4194304 B)
IO     input  arg1_1                 torch [2048, 1024] -> device [16, 2048, 64] in HBM = 2097152 elems x 2B = 4194304 B  (hbm counted: 4194304 B)
IO   => HBM I/O total = 12582912 B  (lx 0 B, ~free)
MODEL -- estimate (turnaround): T = (R+W)/BW_PEAK + a*min(R,W) --
MODEL   R=8388608 B (read)   W=4194304 B (write)   loop_trip L=1
MODEL   base = (R+W)/150 = 83.89 us
MODEL   turn = a*min(R,W) = 0.00574*4194304 = 24.08 us
MODEL   => T_model = 107.96 us
MODEL FEATS [{"name":"add","is_reduction":false,"out_elems":2097152,"cores":32,"dtype_bytes":2,"args":[{"name":"op0","role":"output","mem":"hbm","elems":2097152,"broadcast":false,"dims":[16,2048,64],"logical":[2048,1024],"loop_factor":1},{"name":"arg0_1","role":"input","mem":"hbm","elems":2097152,"broadcast":false,"dims":[16,2048,64],"logical":[2048,1024],"loop_factor":1},{"name":"arg1_1","role":"input","mem":"hbm","elems":2097152,"broadcast":false,"dims":[16,2048,64],"logical":[2048,1024],"loop_factor":1}],"reduction_cores":1,"loop_trip":1,"tiles_output_dim":false,"tile_rows_per_core":0.0,"is_matmul":false,"matmul_macs":0,"matmul_rows_per_core":0.0,"matmul_cols_per_core":0.0,"matmul_a_bytes":0,"matmul_b_bytes":0,"matmul_m_split":1,"matmul_n_split":1,"hbm_pattern":""}]
SUMMARY op=add4_sep rows=2048 cols=1024 cores=32 tiles=0 lx=1 io_hbm_bytes=12582912 kernel_us=341.374 pred_us=107.961 err_pct=-68.4 bw_gbps=36.9 memset_us=160.586 other_dev_us=406.046 total_dev_us=908.006
-- add [2048,4096] lx=1
  op_it_space_splits={d0: 32, d1: 1}
IO -- device-layout I/O (cost model, stick-padded) --
IO   op add
IO     output op0                    torch [2048, 4096] -> device [64, 2048, 64] in HBM = 8388608 elems x 2B = 16777216 B  (hbm counted: 16777216 B)
IO     input  arg0_1                 torch [2048, 4096] -> device [64, 2048, 64] in HBM = 8388608 elems x 2B = 16777216 B  (hbm counted: 16777216 B)
IO     input  arg1_1                 torch [2048, 4096] -> device [64, 2048, 64] in HBM = 8388608 elems x 2B = 16777216 B  (hbm counted: 16777216 B)
IO   => HBM I/O total = 50331648 B  (lx 0 B, ~free)
MODEL -- estimate (turnaround): T = (R+W)/BW_PEAK + a*min(R,W) --
MODEL   R=33554432 B (read)   W=16777216 B (write)   loop_trip L=1
MODEL   base = (R+W)/150 = 335.54 us
MODEL   turn = a*min(R,W) = 0.00574*16777216 = 96.30 us
MODEL   => T_model = 431.85 us
MODEL FEATS [{"name":"add","is_reduction":false,"out_elems":8388608,"cores":32,"dtype_bytes":2,"args":[{"name":"op0","role":"output","mem":"hbm","elems":8388608,"broadcast":false,"dims":[64,2048,64],"logical":[2048,4096],"loop_factor":1},{"name":"arg0_1","role":"input","mem":"hbm","elems":8388608,"broadcast":false,"dims":[64,2048,64],"logical":[2048,4096],"loop_factor":1},{"name":"arg1_1","role":"input","mem":"hbm","elems":8388608,"broadcast":false,"dims":[64,2048,64],"logical":[2048,4096],"loop_factor":1}],"reduction_cores":1,"loop_trip":1,"tiles_output_dim":false,"tile_rows_per_core":0.0,"is_matmul":false,"matmul_macs":0,"matmul_rows_per_core":0.0,"matmul_cols_per_core":0.0,"matmul_a_bytes":0,"matmul_b_bytes":0,"matmul_m_split":1,"matmul_n_split":1,"hbm_pattern":""}]
SUMMARY op=add rows=2048 cols=4096 cores=32 tiles=0 lx=1 io_hbm_bytes=50331648 kernel_us=435.428 pred_us=431.846 err_pct=-0.8 bw_gbps=115.6 memset_us=302.387 other_dev_us=830.265 total_dev_us=1568.080
-- add3 [2048,4096] lx=1
  op_it_space_splits={d0: 32, d1: 1}
  op_it_space_splits={d0: 32, d1: 1}
IO -- device-layout I/O (cost model, stick-padded) --
IO   op add
IO     output op0                    torch [2048, 4096] -> device [64, 2048, 64] in LX = 8388608 elems x 2B = 16777216 B  (hbm counted: 0 B)
IO     input  arg0_1                 torch [2048, 4096] -> device [64, 2048, 64] in HBM = 8388608 elems x 2B = 16777216 B  (hbm counted: 16777216 B)
IO     input  arg1_1                 torch [2048, 4096] -> device [64, 2048, 64] in HBM = 8388608 elems x 2B = 16777216 B  (hbm counted: 16777216 B)
IO   op add_1
IO     output op1                    torch [2048, 4096] -> device [64, 2048, 64] in HBM = 8388608 elems x 2B = 16777216 B  (hbm counted: 16777216 B)
IO     input  buf0                   torch [2048, 4096] -> device [64, 2048, 64] in LX = 8388608 elems x 2B = 16777216 B  (hbm counted: 0 B)
IO     input  arg2_1                 torch [2048, 4096] -> device [64, 2048, 64] in HBM = 8388608 elems x 2B = 16777216 B  (hbm counted: 16777216 B)
IO   => HBM I/O total = 67108864 B  (lx 33554432 B, ~free)
MODEL -- estimate (turnaround): T = (R+W)/BW_PEAK + a*min(R,W) --
MODEL   R=50331648 B (read)   W=16777216 B (write)   loop_trip L=1
MODEL   base = (R+W)/150 = 447.39 us
MODEL   turn = a*min(R,W) = 0.00574*16777216 = 96.30 us
MODEL   => T_model = 584.47 us
MODEL FEATS [{"name":"add","is_reduction":false,"out_elems":8388608,"cores":32,"dtype_bytes":2,"args":[{"name":"op0","role":"output","mem":"lx","elems":8388608,"broadcast":false,"dims":[64,2048,64],"logical":[2048,4096],"loop_factor":1},{"name":"arg0_1","role":"input","mem":"hbm","elems":8388608,"broadcast":false,"dims":[64,2048,64],"logical":[2048,4096],"loop_factor":1},{"name":"arg1_1","role":"input","mem":"hbm","elems":8388608,"broadcast":false,"dims":[64,2048,64],"logical":[2048,4096],"loop_factor":1}],"reduction_cores":1,"loop_trip":1,"tiles_output_dim":false,"tile_rows_per_core":0.0,"is_matmul":false,"matmul_macs":0,"matmul_rows_per_core":0.0,"matmul_cols_per_core":0.0,"matmul_a_bytes":0,"matmul_b_bytes":0,"matmul_m_split":1,"matmul_n_split":1,"hbm_pattern":""},{"name":"add_1","is_reduction":false,"out_elems":8388608,"cores":32,"dtype_bytes":2,"args":[{"name":"op1","role":"output","mem":"hbm","elems":8388608,"broadcast":false,"dims":[64,2048,64],"logical":[2048,4096],"loop_factor":1},{"name":"buf0","role":"input","mem":"lx","elems":8388608,"broadcast":false,"dims":[64,2048,64],"logical":[2048,4096],"loop_factor":1},{"name":"arg2_1","role":"input","mem":"hbm","elems":8388608,"broadcast":false,"dims":[64,2048,64],"logical":[2048,4096],"loop_factor":1}],"reduction_cores":1,"loop_trip":1,"tiles_output_dim":false,"tile_rows_per_core":0.0,"is_matmul":false,"matmul_macs":0,"matmul_rows_per_core":0.0,"matmul_cols_per_core":0.0,"matmul_a_bytes":0,"matmul_b_bytes":0,"matmul_m_split":1,"matmul_n_split":1,"hbm_pattern":""}]
SUMMARY op=add3 rows=2048 cols=4096 cores=32 tiles=0 lx=1 io_hbm_bytes=67108864 kernel_us=578.278 pred_us=584.471 err_pct=+1.1 bw_gbps=116.0 memset_us=310.423 other_dev_us=798.030 total_dev_us=1686.731
-- add4 [2048,4096] lx=1
  op_it_space_splits={d0: 32, d1: 1}
  op_it_space_splits={d0: 32, d1: 1}
  op_it_space_splits={d0: 32, d1: 1}
IO -- device-layout I/O (cost model, stick-padded) --
IO   op add
IO     output op0                    torch [2048, 4096] -> device [64, 2048, 64] in LX = 8388608 elems x 2B = 16777216 B  (hbm counted: 0 B)
IO     input  arg0_1                 torch [2048, 4096] -> device [64, 2048, 64] in HBM = 8388608 elems x 2B = 16777216 B  (hbm counted: 16777216 B)
IO     input  arg1_1                 torch [2048, 4096] -> device [64, 2048, 64] in HBM = 8388608 elems x 2B = 16777216 B  (hbm counted: 16777216 B)
IO   op add_1
IO     output op1                    torch [2048, 4096] -> device [64, 2048, 64] in LX = 8388608 elems x 2B = 16777216 B  (hbm counted: 0 B)
IO     input  buf0                   torch [2048, 4096] -> device [64, 2048, 64] in LX = 8388608 elems x 2B = 16777216 B  (hbm counted: 0 B)
IO     input  arg2_1                 torch [2048, 4096] -> device [64, 2048, 64] in HBM = 8388608 elems x 2B = 16777216 B  (hbm counted: 16777216 B)
IO   op add_2
IO     output op2                    torch [2048, 4096] -> device [64, 2048, 64] in HBM = 8388608 elems x 2B = 16777216 B  (hbm counted: 16777216 B)
IO     input  buf1                   torch [2048, 4096] -> device [64, 2048, 64] in LX = 8388608 elems x 2B = 16777216 B  (hbm counted: 0 B)
IO     input  arg3_1                 torch [2048, 4096] -> device [64, 2048, 64] in HBM = 8388608 elems x 2B = 16777216 B  (hbm counted: 16777216 B)
IO   => HBM I/O total = 83886080 B  (lx 67108864 B, ~free)
MODEL -- estimate (turnaround): T = (R+W)/BW_PEAK + a*min(R,W) --
MODEL   R=67108864 B (read)   W=16777216 B (write)   loop_trip L=1
MODEL   base = (R+W)/150 = 559.24 us
MODEL   turn = a*min(R,W) = 0.00574*16777216 = 96.30 us
MODEL   => T_model = 753.87 us
MODEL FEATS [{"name":"add","is_reduction":false,"out_elems":8388608,"cores":32,"dtype_bytes":2,"args":[{"name":"op0","role":"output","mem":"lx","elems":8388608,"broadcast":false,"dims":[64,2048,64],"logical":[2048,4096],"loop_factor":1},{"name":"arg0_1","role":"input","mem":"hbm","elems":8388608,"broadcast":false,"dims":[64,2048,64],"logical":[2048,4096],"loop_factor":1},{"name":"arg1_1","role":"input","mem":"hbm","elems":8388608,"broadcast":false,"dims":[64,2048,64],"logical":[2048,4096],"loop_factor":1}],"reduction_cores":1,"loop_trip":1,"tiles_output_dim":false,"tile_rows_per_core":0.0,"is_matmul":false,"matmul_macs":0,"matmul_rows_per_core":0.0,"matmul_cols_per_core":0.0,"matmul_a_bytes":0,"matmul_b_bytes":0,"matmul_m_split":1,"matmul_n_split":1,"hbm_pattern":""},{"name":"add_1","is_reduction":false,"out_elems":8388608,"cores":32,"dtype_bytes":2,"args":[{"name":"op1","role":"output","mem":"lx","elems":8388608,"broadcast":false,"dims":[64,2048,64],"logical":[2048,4096],"loop_factor":1},{"name":"buf0","role":"input","mem":"lx","elems":8388608,"broadcast":false,"dims":[64,2048,64],"logical":[2048,4096],"loop_factor":1},{"name":"arg2_1","role":"input","mem":"hbm","elems":8388608,"broadcast":false,"dims":[64,2048,64],"logical":[2048,4096],"loop_factor":1}],"reduction_cores":1,"loop_trip":1,"tiles_output_dim":false,"tile_rows_per_core":0.0,"is_matmul":false,"matmul_macs":0,"matmul_rows_per_core":0.0,"matmul_cols_per_core":0.0,"matmul_a_bytes":0,"matmul_b_bytes":0,"matmul_m_split":1,"matmul_n_split":1,"hbm_pattern":""},{"name":"add_2","is_reduction":false,"out_elems":8388608,"cores":32,"dtype_bytes":2,"args":[{"name":"op2","role":"output","mem":"hbm","elems":8388608,"broadcast":false,"dims":[64,2048,64],"logical":[2048,4096],"loop_factor":1},{"name":"buf1","role":"input","mem":"lx","elems":8388608,"broadcast":false,"dims":[64,2048,64],"logical":[2048,4096],"loop_factor":1},{"name":"arg3_1","role":"input","mem":"hbm","elems":8388608,"broadcast":false,"dims":[64,2048,64],"logical":[2048,4096],"loop_factor":1}],"reduction_cores":1,"loop_trip":1,"tiles_output_dim":false,"tile_rows_per_core":0.0,"is_matmul":false,"matmul_macs":0,"matmul_rows_per_core":0.0,"matmul_cols_per_core":0.0,"matmul_a_bytes":0,"matmul_b_bytes":0,"matmul_m_split":1,"matmul_n_split":1,"hbm_pattern":""}]
SUMMARY op=add4 rows=2048 cols=4096 cores=32 tiles=0 lx=1 io_hbm_bytes=83886080 kernel_us=721.422 pred_us=753.873 err_pct=+4.5 bw_gbps=116.3 memset_us=304.862 other_dev_us=945.021 total_dev_us=1971.305
-- add5 [2048,4096] lx=1
  op_it_space_splits={d0: 32, d1: 1}
  op_it_space_splits={d0: 32, d1: 1}
  op_it_space_splits={d0: 32, d1: 1}
  op_it_space_splits={d0: 32, d1: 1}
IO -- device-layout I/O (cost model, stick-padded) --
IO   op add
IO     output op0                    torch [2048, 4096] -> device [64, 2048, 64] in LX = 8388608 elems x 2B = 16777216 B  (hbm counted: 0 B)
IO     input  arg0_1                 torch [2048, 4096] -> device [64, 2048, 64] in HBM = 8388608 elems x 2B = 16777216 B  (hbm counted: 16777216 B)
IO     input  arg1_1                 torch [2048, 4096] -> device [64, 2048, 64] in HBM = 8388608 elems x 2B = 16777216 B  (hbm counted: 16777216 B)
IO   op add_1
IO     output op1                    torch [2048, 4096] -> device [64, 2048, 64] in LX = 8388608 elems x 2B = 16777216 B  (hbm counted: 0 B)
IO     input  buf0                   torch [2048, 4096] -> device [64, 2048, 64] in LX = 8388608 elems x 2B = 16777216 B  (hbm counted: 0 B)
IO     input  arg2_1                 torch [2048, 4096] -> device [64, 2048, 64] in HBM = 8388608 elems x 2B = 16777216 B  (hbm counted: 16777216 B)
IO   op add_2
IO     output op2                    torch [2048, 4096] -> device [64, 2048, 64] in LX = 8388608 elems x 2B = 16777216 B  (hbm counted: 0 B)
IO     input  buf1                   torch [2048, 4096] -> device [64, 2048, 64] in LX = 8388608 elems x 2B = 16777216 B  (hbm counted: 0 B)
IO     input  arg3_1                 torch [2048, 4096] -> device [64, 2048, 64] in HBM = 8388608 elems x 2B = 16777216 B  (hbm counted: 16777216 B)
IO   op add_3
IO     output op3                    torch [2048, 4096] -> device [64, 2048, 64] in HBM = 8388608 elems x 2B = 16777216 B  (hbm counted: 16777216 B)
IO     input  buf2                   torch [2048, 4096] -> device [64, 2048, 64] in LX = 8388608 elems x 2B = 16777216 B  (hbm counted: 0 B)
IO     input  arg4_1                 torch [2048, 4096] -> device [64, 2048, 64] in HBM = 8388608 elems x 2B = 16777216 B  (hbm counted: 16777216 B)
IO   => HBM I/O total = 100663296 B  (lx 100663296 B, ~free)
MODEL -- estimate (turnaround): T = (R+W)/BW_PEAK + a*min(R,W) --
MODEL   R=83886080 B (read)   W=16777216 B (write)   loop_trip L=1
MODEL   base = (R+W)/150 = 671.09 us
MODEL   turn = a*min(R,W) = 0.00574*16777216 = 96.30 us
MODEL   => T_model = 940.05 us
MODEL FEATS [{"name":"add","is_reduction":false,"out_elems":8388608,"cores":32,"dtype_bytes":2,"args":[{"name":"op0","role":"output","mem":"lx","elems":8388608,"broadcast":false,"dims":[64,2048,64],"logical":[2048,4096],"loop_factor":1},{"name":"arg0_1","role":"input","mem":"hbm","elems":8388608,"broadcast":false,"dims":[64,2048,64],"logical":[2048,4096],"loop_factor":1},{"name":"arg1_1","role":"input","mem":"hbm","elems":8388608,"broadcast":false,"dims":[64,2048,64],"logical":[2048,4096],"loop_factor":1}],"reduction_cores":1,"loop_trip":1,"tiles_output_dim":false,"tile_rows_per_core":0.0,"is_matmul":false,"matmul_macs":0,"matmul_rows_per_core":0.0,"matmul_cols_per_core":0.0,"matmul_a_bytes":0,"matmul_b_bytes":0,"matmul_m_split":1,"matmul_n_split":1,"hbm_pattern":""},{"name":"add_1","is_reduction":false,"out_elems":8388608,"cores":32,"dtype_bytes":2,"args":[{"name":"op1","role":"output","mem":"lx","elems":8388608,"broadcast":false,"dims":[64,2048,64],"logical":[2048,4096],"loop_factor":1},{"name":"buf0","role":"input","mem":"lx","elems":8388608,"broadcast":false,"dims":[64,2048,64],"logical":[2048,4096],"loop_factor":1},{"name":"arg2_1","role":"input","mem":"hbm","elems":8388608,"broadcast":false,"dims":[64,2048,64],"logical":[2048,4096],"loop_factor":1}],"reduction_cores":1,"loop_trip":1,"tiles_output_dim":false,"tile_rows_per_core":0.0,"is_matmul":false,"matmul_macs":0,"matmul_rows_per_core":0.0,"matmul_cols_per_core":0.0,"matmul_a_bytes":0,"matmul_b_bytes":0,"matmul_m_split":1,"matmul_n_split":1,"hbm_pattern":""},{"name":"add_2","is_reduction":false,"out_elems":8388608,"cores":32,"dtype_bytes":2,"args":[{"name":"op2","role":"output","mem":"lx","elems":8388608,"broadcast":false,"dims":[64,2048,64],"logical":[2048,4096],"loop_factor":1},{"name":"buf1","role":"input","mem":"lx","elems":8388608,"broadcast":false,"dims":[64,2048,64],"logical":[2048,4096],"loop_factor":1},{"name":"arg3_1","role":"input","mem":"hbm","elems":8388608,"broadcast":false,"dims":[64,2048,64],"logical":[2048,4096],"loop_factor":1}],"reduction_cores":1,"loop_trip":1,"tiles_output_dim":false,"tile_rows_per_core":0.0,"is_matmul":false,"matmul_macs":0,"matmul_rows_per_core":0.0,"matmul_cols_per_core":0.0,"matmul_a_bytes":0,"matmul_b_bytes":0,"matmul_m_split":1,"matmul_n_split":1,"hbm_pattern":""},{"name":"add_3","is_reduction":false,"out_elems":8388608,"cores":32,"dtype_bytes":2,"args":[{"name":"op3","role":"output","mem":"hbm","elems":8388608,"broadcast":false,"dims":[64,2048,64],"logical":[2048,4096],"loop_factor":1},{"name":"buf2","role":"input","mem":"lx","elems":8388608,"broadcast":false,"dims":[64,2048,64],"logical":[2048,4096],"loop_factor":1},{"name":"arg4_1","role":"input","mem":"hbm","elems":8388608,"broadcast":false,"dims":[64,2048,64],"logical":[2048,4096],"loop_factor":1}],"reduction_cores":1,"loop_trip":1,"tiles_output_dim":false,"tile_rows_per_core":0.0,"is_matmul":false,"matmul_macs":0,"matmul_rows_per_core":0.0,"matmul_cols_per_core":0.0,"matmul_a_bytes":0,"matmul_b_bytes":0,"matmul_m_split":1,"matmul_n_split":1,"hbm_pattern":""}]
SUMMARY op=add5 rows=2048 cols=4096 cores=32 tiles=0 lx=1 io_hbm_bytes=100663296 kernel_us=806.527 pred_us=940.053 err_pct=+16.6 bw_gbps=124.8 memset_us=318.236 other_dev_us=848.788 total_dev_us=1973.551
-- add6 [2048,4096] lx=1
  op_it_space_splits={d0: 32, d1: 1}
  op_it_space_splits={d0: 32, d1: 1}
  op_it_space_splits={d0: 32, d1: 1}
  op_it_space_splits={d0: 32, d1: 1}
  op_it_space_splits={d0: 32, d1: 1}
IO -- device-layout I/O (cost model, stick-padded) --
IO   op add
IO     output op0                    torch [2048, 4096] -> device [64, 2048, 64] in LX = 8388608 elems x 2B = 16777216 B  (hbm counted: 0 B)
IO     input  arg0_1                 torch [2048, 4096] -> device [64, 2048, 64] in HBM = 8388608 elems x 2B = 16777216 B  (hbm counted: 16777216 B)
IO     input  arg1_1                 torch [2048, 4096] -> device [64, 2048, 64] in HBM = 8388608 elems x 2B = 16777216 B  (hbm counted: 16777216 B)
IO   op add_1
IO     output op1                    torch [2048, 4096] -> device [64, 2048, 64] in LX = 8388608 elems x 2B = 16777216 B  (hbm counted: 0 B)
IO     input  buf0                   torch [2048, 4096] -> device [64, 2048, 64] in LX = 8388608 elems x 2B = 16777216 B  (hbm counted: 0 B)
IO     input  arg2_1                 torch [2048, 4096] -> device [64, 2048, 64] in HBM = 8388608 elems x 2B = 16777216 B  (hbm counted: 16777216 B)
IO   op add_2
IO     output op2                    torch [2048, 4096] -> device [64, 2048, 64] in LX = 8388608 elems x 2B = 16777216 B  (hbm counted: 0 B)
IO     input  buf1                   torch [2048, 4096] -> device [64, 2048, 64] in LX = 8388608 elems x 2B = 16777216 B  (hbm counted: 0 B)
IO     input  arg3_1                 torch [2048, 4096] -> device [64, 2048, 64] in HBM = 8388608 elems x 2B = 16777216 B  (hbm counted: 16777216 B)
IO   op add_3
IO     output op3                    torch [2048, 4096] -> device [64, 2048, 64] in LX = 8388608 elems x 2B = 16777216 B  (hbm counted: 0 B)
IO     input  buf2                   torch [2048, 4096] -> device [64, 2048, 64] in LX = 8388608 elems x 2B = 16777216 B  (hbm counted: 0 B)
IO     input  arg4_1                 torch [2048, 4096] -> device [64, 2048, 64] in HBM = 8388608 elems x 2B = 16777216 B  (hbm counted: 16777216 B)
IO   op add_4
IO     output op4                    torch [2048, 4096] -> device [64, 2048, 64] in HBM = 8388608 elems x 2B = 16777216 B  (hbm counted: 16777216 B)
IO     input  buf3                   torch [2048, 4096] -> device [64, 2048, 64] in LX = 8388608 elems x 2B = 16777216 B  (hbm counted: 0 B)
IO     input  arg5_1                 torch [2048, 4096] -> device [64, 2048, 64] in HBM = 8388608 elems x 2B = 16777216 B  (hbm counted: 16777216 B)
IO   => HBM I/O total = 117440512 B  (lx 134217728 B, ~free)
MODEL -- estimate (turnaround): T = (R+W)/BW_PEAK + a*min(R,W) --
MODEL   R=100663296 B (read)   W=16777216 B (write)   loop_trip L=1
MODEL   base = (R+W)/150 = 782.94 us
MODEL   turn = a*min(R,W) = 0.00574*16777216 = 96.30 us
MODEL   => T_model = 1143.01 us
MODEL FEATS [{"name":"add","is_reduction":false,"out_elems":8388608,"cores":32,"dtype_bytes":2,"args":[{"name":"op0","role":"output","mem":"lx","elems":8388608,"broadcast":false,"dims":[64,2048,64],"logical":[2048,4096],"loop_factor":1},{"name":"arg0_1","role":"input","mem":"hbm","elems":8388608,"broadcast":false,"dims":[64,2048,64],"logical":[2048,4096],"loop_factor":1},{"name":"arg1_1","role":"input","mem":"hbm","elems":8388608,"broadcast":false,"dims":[64,2048,64],"logical":[2048,4096],"loop_factor":1}],"reduction_cores":1,"loop_trip":1,"tiles_output_dim":false,"tile_rows_per_core":0.0,"is_matmul":false,"matmul_macs":0,"matmul_rows_per_core":0.0,"matmul_cols_per_core":0.0,"matmul_a_bytes":0,"matmul_b_bytes":0,"matmul_m_split":1,"matmul_n_split":1,"hbm_pattern":""},{"name":"add_1","is_reduction":false,"out_elems":8388608,"cores":32,"dtype_bytes":2,"args":[{"name":"op1","role":"output","mem":"lx","elems":8388608,"broadcast":false,"dims":[64,2048,64],"logical":[2048,4096],"loop_factor":1},{"name":"buf0","role":"input","mem":"lx","elems":8388608,"broadcast":false,"dims":[64,2048,64],"logical":[2048,4096],"loop_factor":1},{"name":"arg2_1","role":"input","mem":"hbm","elems":8388608,"broadcast":false,"dims":[64,2048,64],"logical":[2048,4096],"loop_factor":1}],"reduction_cores":1,"loop_trip":1,"tiles_output_dim":false,"tile_rows_per_core":0.0,"is_matmul":false,"matmul_macs":0,"matmul_rows_per_core":0.0,"matmul_cols_per_core":0.0,"matmul_a_bytes":0,"matmul_b_bytes":0,"matmul_m_split":1,"matmul_n_split":1,"hbm_pattern":""},{"name":"add_2","is_reduction":false,"out_elems":8388608,"cores":32,"dtype_bytes":2,"args":[{"name":"op2","role":"output","mem":"lx","elems":8388608,"broadcast":false,"dims":[64,2048,64],"logical":[2048,4096],"loop_factor":1},{"name":"buf1","role":"input","mem":"lx","elems":8388608,"broadcast":false,"dims":[64,2048,64],"logical":[2048,4096],"loop_factor":1},{"name":"arg3_1","role":"input","mem":"hbm","elems":8388608,"broadcast":false,"dims":[64,2048,64],"logical":[2048,4096],"loop_factor":1}],"reduction_cores":1,"loop_trip":1,"tiles_output_dim":false,"tile_rows_per_core":0.0,"is_matmul":false,"matmul_macs":0,"matmul_rows_per_core":0.0,"matmul_cols_per_core":0.0,"matmul_a_bytes":0,"matmul_b_bytes":0,"matmul_m_split":1,"matmul_n_split":1,"hbm_pattern":""},{"name":"add_3","is_reduction":false,"out_elems":8388608,"cores":32,"dtype_bytes":2,"args":[{"name":"op3","role":"output","mem":"lx","elems":8388608,"broadcast":false,"dims":[64,2048,64],"logical":[2048,4096],"loop_factor":1},{"name":"buf2","role":"input","mem":"lx","elems":8388608,"broadcast":false,"dims":[64,2048,64],"logical":[2048,4096],"loop_factor":1},{"name":"arg4_1","role":"input","mem":"hbm","elems":8388608,"broadcast":false,"dims":[64,2048,64],"logical":[2048,4096],"loop_factor":1}],"reduction_cores":1,"loop_trip":1,"tiles_output_dim":false,"tile_rows_per_core":0.0,"is_matmul":false,"matmul_macs":0,"matmul_rows_per_core":0.0,"matmul_cols_per_core":0.0,"matmul_a_bytes":0,"matmul_b_bytes":0,"matmul_m_split":1,"matmul_n_split":1,"hbm_pattern":""},{"name":"add_4","is_reduction":false,"out_elems":8388608,"cores":32,"dtype_bytes":2,"args":[{"name":"op4","role":"output","mem":"hbm","elems":8388608,"broadcast":false,"dims":[64,2048,64],"logical":[2048,4096],"loop_factor":1},{"name":"buf3","role":"input","mem":"lx","elems":8388608,"broadcast":false,"dims":[64,2048,64],"logical":[2048,4096],"loop_factor":1},{"name":"arg5_1","role":"input","mem":"hbm","elems":8388608,"broadcast":false,"dims":[64,2048,64],"logical":[2048,4096],"loop_factor":1}],"reduction_cores":1,"loop_trip":1,"tiles_output_dim":false,"tile_rows_per_core":0.0,"is_matmul":false,"matmul_macs":0,"matmul_rows_per_core":0.0,"matmul_cols_per_core":0.0,"matmul_a_bytes":0,"matmul_b_bytes":0,"matmul_m_split":1,"matmul_n_split":1,"hbm_pattern":""}]
SUMMARY op=add6 rows=2048 cols=4096 cores=32 tiles=0 lx=1 io_hbm_bytes=117440512 kernel_us=963.748 pred_us=1143.009 err_pct=+18.6 bw_gbps=121.9 memset_us=315.424 other_dev_us=929.780 total_dev_us=2208.952
-- add_indep2 [2048,4096] lx=1
  op_it_space_splits={d0: 32, d1: 1}
  op_it_space_splits={d0: 32, d1: 1}
IO -- device-layout I/O (cost model, stick-padded) --
IO   op add
IO     output op0                    torch [2048, 4096] -> device [64, 2048, 64] in HBM = 8388608 elems x 2B = 16777216 B  (hbm counted: 16777216 B)
IO     input  arg0_1                 torch [2048, 4096] -> device [64, 2048, 64] in HBM = 8388608 elems x 2B = 16777216 B  (hbm counted: 16777216 B)
IO     input  arg1_1                 torch [2048, 4096] -> device [64, 2048, 64] in HBM = 8388608 elems x 2B = 16777216 B  (hbm counted: 16777216 B)
IO   op add_1
IO     output op1                    torch [2048, 4096] -> device [64, 2048, 64] in HBM = 8388608 elems x 2B = 16777216 B  (hbm counted: 16777216 B)
IO     input  arg2_1                 torch [2048, 4096] -> device [64, 2048, 64] in HBM = 8388608 elems x 2B = 16777216 B  (hbm counted: 16777216 B)
IO     input  arg3_1                 torch [2048, 4096] -> device [64, 2048, 64] in HBM = 8388608 elems x 2B = 16777216 B  (hbm counted: 16777216 B)
IO   => HBM I/O total = 100663296 B  (lx 0 B, ~free)
MODEL -- estimate (turnaround): T = (R+W)/BW_PEAK + a*min(R,W) --
MODEL   R=67108864 B (read)   W=33554432 B (write)   loop_trip L=1
MODEL   base = (R+W)/150 = 671.09 us
MODEL   turn = a*min(R,W) = 0.00574*33554432 = 192.60 us
MODEL   => T_model = 928.47 us
MODEL FEATS [{"name":"add","is_reduction":false,"out_elems":8388608,"cores":32,"dtype_bytes":2,"args":[{"name":"op0","role":"output","mem":"hbm","elems":8388608,"broadcast":false,"dims":[64,2048,64],"logical":[2048,4096],"loop_factor":1},{"name":"arg0_1","role":"input","mem":"hbm","elems":8388608,"broadcast":false,"dims":[64,2048,64],"logical":[2048,4096],"loop_factor":1},{"name":"arg1_1","role":"input","mem":"hbm","elems":8388608,"broadcast":false,"dims":[64,2048,64],"logical":[2048,4096],"loop_factor":1}],"reduction_cores":1,"loop_trip":1,"tiles_output_dim":false,"tile_rows_per_core":0.0,"is_matmul":false,"matmul_macs":0,"matmul_rows_per_core":0.0,"matmul_cols_per_core":0.0,"matmul_a_bytes":0,"matmul_b_bytes":0,"matmul_m_split":1,"matmul_n_split":1,"hbm_pattern":""},{"name":"add_1","is_reduction":false,"out_elems":8388608,"cores":32,"dtype_bytes":2,"args":[{"name":"op1","role":"output","mem":"hbm","elems":8388608,"broadcast":false,"dims":[64,2048,64],"logical":[2048,4096],"loop_factor":1},{"name":"arg2_1","role":"input","mem":"hbm","elems":8388608,"broadcast":false,"dims":[64,2048,64],"logical":[2048,4096],"loop_factor":1},{"name":"arg3_1","role":"input","mem":"hbm","elems":8388608,"broadcast":false,"dims":[64,2048,64],"logical":[2048,4096],"loop_factor":1}],"reduction_cores":1,"loop_trip":1,"tiles_output_dim":false,"tile_rows_per_core":0.0,"is_matmul":false,"matmul_macs":0,"matmul_rows_per_core":0.0,"matmul_cols_per_core":0.0,"matmul_a_bytes":0,"matmul_b_bytes":0,"matmul_m_split":1,"matmul_n_split":1,"hbm_pattern":""}]
SUMMARY op=add_indep2 rows=2048 cols=4096 cores=32 tiles=0 lx=1 io_hbm_bytes=100663296 kernel_us=871.693 pred_us=928.468 err_pct=+6.5 bw_gbps=115.5 memset_us=525.851 other_dev_us=1617.807 total_dev_us=3015.351
-- add3_sep [2048,4096] lx=1
  op_it_space_splits={d0: 32, d1: 1}
IO -- device-layout I/O (cost model, stick-padded) --
IO   op add
IO     output op0                    torch [2048, 4096] -> device [64, 2048, 64] in HBM = 8388608 elems x 2B = 16777216 B  (hbm counted: 16777216 B)
IO     input  arg0_1                 torch [2048, 4096] -> device [64, 2048, 64] in HBM = 8388608 elems x 2B = 16777216 B  (hbm counted: 16777216 B)
IO     input  arg1_1                 torch [2048, 4096] -> device [64, 2048, 64] in HBM = 8388608 elems x 2B = 16777216 B  (hbm counted: 16777216 B)
IO   => HBM I/O total = 50331648 B  (lx 0 B, ~free)
MODEL -- estimate (turnaround): T = (R+W)/BW_PEAK + a*min(R,W) --
MODEL   R=33554432 B (read)   W=16777216 B (write)   loop_trip L=1
MODEL   base = (R+W)/150 = 335.54 us
MODEL   turn = a*min(R,W) = 0.00574*16777216 = 96.30 us
MODEL   => T_model = 431.85 us
MODEL FEATS [{"name":"add","is_reduction":false,"out_elems":8388608,"cores":32,"dtype_bytes":2,"args":[{"name":"op0","role":"output","mem":"hbm","elems":8388608,"broadcast":false,"dims":[64,2048,64],"logical":[2048,4096],"loop_factor":1},{"name":"arg0_1","role":"input","mem":"hbm","elems":8388608,"broadcast":false,"dims":[64,2048,64],"logical":[2048,4096],"loop_factor":1},{"name":"arg1_1","role":"input","mem":"hbm","elems":8388608,"broadcast":false,"dims":[64,2048,64],"logical":[2048,4096],"loop_factor":1}],"reduction_cores":1,"loop_trip":1,"tiles_output_dim":false,"tile_rows_per_core":0.0,"is_matmul":false,"matmul_macs":0,"matmul_rows_per_core":0.0,"matmul_cols_per_core":0.0,"matmul_a_bytes":0,"matmul_b_bytes":0,"matmul_m_split":1,"matmul_n_split":1,"hbm_pattern":""}]
SUMMARY op=add3_sep rows=2048 cols=4096 cores=32 tiles=0 lx=1 io_hbm_bytes=50331648 kernel_us=932.979 pred_us=431.846 err_pct=-53.7 bw_gbps=53.9 memset_us=316.771 other_dev_us=929.728 total_dev_us=2179.478
-- add4_sep [2048,4096] lx=1
  op_it_space_splits={d0: 32, d1: 1}
IO -- device-layout I/O (cost model, stick-padded) --
IO   op add
IO     output op0                    torch [2048, 4096] -> device [64, 2048, 64] in HBM = 8388608 elems x 2B = 16777216 B  (hbm counted: 16777216 B)
IO     input  arg0_1                 torch [2048, 4096] -> device [64, 2048, 64] in HBM = 8388608 elems x 2B = 16777216 B  (hbm counted: 16777216 B)
IO     input  arg1_1                 torch [2048, 4096] -> device [64, 2048, 64] in HBM = 8388608 elems x 2B = 16777216 B  (hbm counted: 16777216 B)
IO   => HBM I/O total = 50331648 B  (lx 0 B, ~free)
MODEL -- estimate (turnaround): T = (R+W)/BW_PEAK + a*min(R,W) --
MODEL   R=33554432 B (read)   W=16777216 B (write)   loop_trip L=1
MODEL   base = (R+W)/150 = 335.54 us
MODEL   turn = a*min(R,W) = 0.00574*16777216 = 96.30 us
MODEL   => T_model = 431.85 us
MODEL FEATS [{"name":"add","is_reduction":false,"out_elems":8388608,"cores":32,"dtype_bytes":2,"args":[{"name":"op0","role":"output","mem":"hbm","elems":8388608,"broadcast":false,"dims":[64,2048,64],"logical":[2048,4096],"loop_factor":1},{"name":"arg0_1","role":"input","mem":"hbm","elems":8388608,"broadcast":false,"dims":[64,2048,64],"logical":[2048,4096],"loop_factor":1},{"name":"arg1_1","role":"input","mem":"hbm","elems":8388608,"broadcast":false,"dims":[64,2048,64],"logical":[2048,4096],"loop_factor":1}],"reduction_cores":1,"loop_trip":1,"tiles_output_dim":false,"tile_rows_per_core":0.0,"is_matmul":false,"matmul_macs":0,"matmul_rows_per_core":0.0,"matmul_cols_per_core":0.0,"matmul_a_bytes":0,"matmul_b_bytes":0,"matmul_m_split":1,"matmul_n_split":1,"hbm_pattern":""}]
SUMMARY op=add4_sep rows=2048 cols=4096 cores=32 tiles=0 lx=1 io_hbm_bytes=50331648 kernel_us=1385.305 pred_us=431.846 err_pct=-68.8 bw_gbps=36.3 memset_us=311.644 other_dev_us=860.508 total_dev_us=2557.457
-- add [2048,16384] lx=1
  op_it_space_splits={d0: 32, d1: 1}
IO -- device-layout I/O (cost model, stick-padded) --
IO   op add
IO     output op0                    torch [2048, 16384] -> device [256, 2048, 64] in HBM = 33554432 elems x 2B = 67108864 B  (hbm counted: 67108864 B)
IO     input  arg0_1                 torch [2048, 16384] -> device [256, 2048, 64] in HBM = 33554432 elems x 2B = 67108864 B  (hbm counted: 67108864 B)
IO     input  arg1_1                 torch [2048, 16384] -> device [256, 2048, 64] in HBM = 33554432 elems x 2B = 67108864 B  (hbm counted: 67108864 B)
IO   => HBM I/O total = 201326592 B  (lx 0 B, ~free)
MODEL -- estimate (turnaround): T = (R+W)/BW_PEAK + a*min(R,W) --
MODEL   R=134217728 B (read)   W=67108864 B (write)   loop_trip L=1
MODEL   base = (R+W)/150 = 1342.18 us
MODEL   turn = a*min(R,W) = 0.00574*67108864 = 385.20 us
MODEL   => T_model = 1727.38 us
MODEL FEATS [{"name":"add","is_reduction":false,"out_elems":33554432,"cores":32,"dtype_bytes":2,"args":[{"name":"op0","role":"output","mem":"hbm","elems":33554432,"broadcast":false,"dims":[256,2048,64],"logical":[2048,16384],"loop_factor":1},{"name":"arg0_1","role":"input","mem":"hbm","elems":33554432,"broadcast":false,"dims":[256,2048,64],"logical":[2048,16384],"loop_factor":1},{"name":"arg1_1","role":"input","mem":"hbm","elems":33554432,"broadcast":false,"dims":[256,2048,64],"logical":[2048,16384],"loop_factor":1}],"reduction_cores":1,"loop_trip":1,"tiles_output_dim":false,"tile_rows_per_core":0.0,"is_matmul":false,"matmul_macs":0,"matmul_rows_per_core":0.0,"matmul_cols_per_core":0.0,"matmul_a_bytes":0,"matmul_b_bytes":0,"matmul_m_split":1,"matmul_n_split":1,"hbm_pattern":""}]
SUMMARY op=add rows=2048 cols=16384 cores=32 tiles=0 lx=1 io_hbm_bytes=201326592 kernel_us=1752.276 pred_us=1727.382 err_pct=-1.4 bw_gbps=114.9 memset_us=1116.303 other_dev_us=5407.264 total_dev_us=8275.843
-- add3 [2048,16384] lx=1
  op_it_space_splits={d0: 32, d1: 1}
  op_it_space_splits={d0: 32, d1: 1}
IO -- device-layout I/O (cost model, stick-padded) --
IO   op add
IO     output op0                    torch [2048, 16384] -> device [256, 2048, 64] in HBM = 33554432 elems x 2B = 67108864 B  (hbm counted: 67108864 B)
IO     input  arg0_1                 torch [2048, 16384] -> device [256, 2048, 64] in HBM = 33554432 elems x 2B = 67108864 B  (hbm counted: 67108864 B)
IO     input  arg1_1                 torch [2048, 16384] -> device [256, 2048, 64] in HBM = 33554432 elems x 2B = 67108864 B  (hbm counted: 67108864 B)
IO   op add_1
IO     output op1                    torch [2048, 16384] -> device [256, 2048, 64] in HBM = 33554432 elems x 2B = 67108864 B  (hbm counted: 67108864 B)
IO     input  buf0                   torch [2048, 16384] -> device [256, 2048, 64] in HBM = 33554432 elems x 2B = 67108864 B  (hbm counted: 67108864 B)
IO     input  arg2_1                 torch [2048, 16384] -> device [256, 2048, 64] in HBM = 33554432 elems x 2B = 67108864 B  (hbm counted: 67108864 B)
IO   => HBM I/O total = 402653184 B  (lx 0 B, ~free)
MODEL -- estimate (turnaround): T = (R+W)/BW_PEAK + a*min(R,W) --
MODEL   R=268435456 B (read)   W=134217728 B (write)   loop_trip L=1
MODEL   base = (R+W)/150 = 2684.35 us
MODEL   turn = a*min(R,W) = 0.00574*134217728 = 770.41 us
MODEL   => T_model = 3713.87 us
MODEL FEATS [{"name":"add","is_reduction":false,"out_elems":33554432,"cores":32,"dtype_bytes":2,"args":[{"name":"op0","role":"output","mem":"hbm","elems":33554432,"broadcast":false,"dims":[256,2048,64],"logical":[2048,16384],"loop_factor":1},{"name":"arg0_1","role":"input","mem":"hbm","elems":33554432,"broadcast":false,"dims":[256,2048,64],"logical":[2048,16384],"loop_factor":1},{"name":"arg1_1","role":"input","mem":"hbm","elems":33554432,"broadcast":false,"dims":[256,2048,64],"logical":[2048,16384],"loop_factor":1}],"reduction_cores":1,"loop_trip":1,"tiles_output_dim":false,"tile_rows_per_core":0.0,"is_matmul":false,"matmul_macs":0,"matmul_rows_per_core":0.0,"matmul_cols_per_core":0.0,"matmul_a_bytes":0,"matmul_b_bytes":0,"matmul_m_split":1,"matmul_n_split":1,"hbm_pattern":""},{"name":"add_1","is_reduction":false,"out_elems":33554432,"cores":32,"dtype_bytes":2,"args":[{"name":"op1","role":"output","mem":"hbm","elems":33554432,"broadcast":false,"dims":[256,2048,64],"logical":[2048,16384],"loop_factor":1},{"name":"buf0","role":"input","mem":"hbm","elems":33554432,"broadcast":false,"dims":[256,2048,64],"logical":[2048,16384],"loop_factor":1},{"name":"arg2_1","role":"input","mem":"hbm","elems":33554432,"broadcast":false,"dims":[256,2048,64],"logical":[2048,16384],"loop_factor":1}],"reduction_cores":1,"loop_trip":1,"tiles_output_dim":false,"tile_rows_per_core":0.0,"is_matmul":false,"matmul_macs":0,"matmul_rows_per_core":0.0,"matmul_cols_per_core":0.0,"matmul_a_bytes":0,"matmul_b_bytes":0,"matmul_m_split":1,"matmul_n_split":1,"hbm_pattern":""}]
SUMMARY op=add3 rows=2048 cols=16384 cores=32 tiles=0 lx=1 io_hbm_bytes=402653184 kernel_us=3736.203 pred_us=3713.872 err_pct=-0.6 bw_gbps=107.8 memset_us=1080.041 other_dev_us=6062.034 total_dev_us=10878.278
-- add4 [2048,16384] lx=1
  op_it_space_splits={d0: 32, d1: 1}
  op_it_space_splits={d0: 32, d1: 1}
  op_it_space_splits={d0: 32, d1: 1}
IO -- device-layout I/O (cost model, stick-padded) --
IO   op add
IO     output op0                    torch [2048, 16384] -> device [256, 2048, 64] in HBM = 33554432 elems x 2B = 67108864 B  (hbm counted: 67108864 B)
IO     input  arg0_1                 torch [2048, 16384] -> device [256, 2048, 64] in HBM = 33554432 elems x 2B = 67108864 B  (hbm counted: 67108864 B)
IO     input  arg1_1                 torch [2048, 16384] -> device [256, 2048, 64] in HBM = 33554432 elems x 2B = 67108864 B  (hbm counted: 67108864 B)
IO   op add_1
IO     output op1                    torch [2048, 16384] -> device [256, 2048, 64] in HBM = 33554432 elems x 2B = 67108864 B  (hbm counted: 67108864 B)
IO     input  buf0                   torch [2048, 16384] -> device [256, 2048, 64] in HBM = 33554432 elems x 2B = 67108864 B  (hbm counted: 67108864 B)
IO     input  arg2_1                 torch [2048, 16384] -> device [256, 2048, 64] in HBM = 33554432 elems x 2B = 67108864 B  (hbm counted: 67108864 B)
IO   op add_2
IO     output op2                    torch [2048, 16384] -> device [256, 2048, 64] in HBM = 33554432 elems x 2B = 67108864 B  (hbm counted: 67108864 B)
IO     input  buf1                   torch [2048, 16384] -> device [256, 2048, 64] in HBM = 33554432 elems x 2B = 67108864 B  (hbm counted: 67108864 B)
IO     input  arg3_1                 torch [2048, 16384] -> device [256, 2048, 64] in HBM = 33554432 elems x 2B = 67108864 B  (hbm counted: 67108864 B)
IO   => HBM I/O total = 603979776 B  (lx 0 B, ~free)
MODEL -- estimate (turnaround): T = (R+W)/BW_PEAK + a*min(R,W) --
MODEL   R=402653184 B (read)   W=201326592 B (write)   loop_trip L=1
MODEL   base = (R+W)/150 = 4026.53 us
MODEL   turn = a*min(R,W) = 0.00574*201326592 = 1155.61 us
MODEL   => T_model = 5959.47 us
MODEL FEATS [{"name":"add","is_reduction":false,"out_elems":33554432,"cores":32,"dtype_bytes":2,"args":[{"name":"op0","role":"output","mem":"hbm","elems":33554432,"broadcast":false,"dims":[256,2048,64],"logical":[2048,16384],"loop_factor":1},{"name":"arg0_1","role":"input","mem":"hbm","elems":33554432,"broadcast":false,"dims":[256,2048,64],"logical":[2048,16384],"loop_factor":1},{"name":"arg1_1","role":"input","mem":"hbm","elems":33554432,"broadcast":false,"dims":[256,2048,64],"logical":[2048,16384],"loop_factor":1}],"reduction_cores":1,"loop_trip":1,"tiles_output_dim":false,"tile_rows_per_core":0.0,"is_matmul":false,"matmul_macs":0,"matmul_rows_per_core":0.0,"matmul_cols_per_core":0.0,"matmul_a_bytes":0,"matmul_b_bytes":0,"matmul_m_split":1,"matmul_n_split":1,"hbm_pattern":""},{"name":"add_1","is_reduction":false,"out_elems":33554432,"cores":32,"dtype_bytes":2,"args":[{"name":"op1","role":"output","mem":"hbm","elems":33554432,"broadcast":false,"dims":[256,2048,64],"logical":[2048,16384],"loop_factor":1},{"name":"buf0","role":"input","mem":"hbm","elems":33554432,"broadcast":false,"dims":[256,2048,64],"logical":[2048,16384],"loop_factor":1},{"name":"arg2_1","role":"input","mem":"hbm","elems":33554432,"broadcast":false,"dims":[256,2048,64],"logical":[2048,16384],"loop_factor":1}],"reduction_cores":1,"loop_trip":1,"tiles_output_dim":false,"tile_rows_per_core":0.0,"is_matmul":false,"matmul_macs":0,"matmul_rows_per_core":0.0,"matmul_cols_per_core":0.0,"matmul_a_bytes":0,"matmul_b_bytes":0,"matmul_m_split":1,"matmul_n_split":1,"hbm_pattern":""},{"name":"add_2","is_reduction":false,"out_elems":33554432,"cores":32,"dtype_bytes":2,"args":[{"name":"op2","role":"output","mem":"hbm","elems":33554432,"broadcast":false,"dims":[256,2048,64],"logical":[2048,16384],"loop_factor":1},{"name":"buf1","role":"input","mem":"hbm","elems":33554432,"broadcast":false,"dims":[256,2048,64],"logical":[2048,16384],"loop_factor":1},{"name":"arg3_1","role":"input","mem":"hbm","elems":33554432,"broadcast":false,"dims":[256,2048,64],"logical":[2048,16384],"loop_factor":1}],"reduction_cores":1,"loop_trip":1,"tiles_output_dim":false,"tile_rows_per_core":0.0,"is_matmul":false,"matmul_macs":0,"matmul_rows_per_core":0.0,"matmul_cols_per_core":0.0,"matmul_a_bytes":0,"matmul_b_bytes":0,"matmul_m_split":1,"matmul_n_split":1,"hbm_pattern":""}]
SUMMARY op=add4 rows=2048 cols=16384 cores=32 tiles=0 lx=1 io_hbm_bytes=603979776 kernel_us=6138.738 pred_us=5959.468 err_pct=-2.9 bw_gbps=98.4 memset_us=1095.011 other_dev_us=6223.825 total_dev_us=13457.574
-- add5 [2048,16384] lx=1
  op_it_space_splits={d0: 32, d1: 1}
  op_it_space_splits={d0: 32, d1: 1}
  op_it_space_splits={d0: 32, d1: 1}
  op_it_space_splits={d0: 32, d1: 1}
IO -- device-layout I/O (cost model, stick-padded) --
IO   op add
IO     output op0                    torch [2048, 16384] -> device [256, 2048, 64] in HBM = 33554432 elems x 2B = 67108864 B  (hbm counted: 67108864 B)
IO     input  arg0_1                 torch [2048, 16384] -> device [256, 2048, 64] in HBM = 33554432 elems x 2B = 67108864 B  (hbm counted: 67108864 B)
IO     input  arg1_1                 torch [2048, 16384] -> device [256, 2048, 64] in HBM = 33554432 elems x 2B = 67108864 B  (hbm counted: 67108864 B)
IO   op add_1
IO     output op1                    torch [2048, 16384] -> device [256, 2048, 64] in HBM = 33554432 elems x 2B = 67108864 B  (hbm counted: 67108864 B)
IO     input  buf0                   torch [2048, 16384] -> device [256, 2048, 64] in HBM = 33554432 elems x 2B = 67108864 B  (hbm counted: 67108864 B)
IO     input  arg2_1                 torch [2048, 16384] -> device [256, 2048, 64] in HBM = 33554432 elems x 2B = 67108864 B  (hbm counted: 67108864 B)
IO   op add_2
IO     output op2                    torch [2048, 16384] -> device [256, 2048, 64] in HBM = 33554432 elems x 2B = 67108864 B  (hbm counted: 67108864 B)
IO     input  buf1                   torch [2048, 16384] -> device [256, 2048, 64] in HBM = 33554432 elems x 2B = 67108864 B  (hbm counted: 67108864 B)
IO     input  arg3_1                 torch [2048, 16384] -> device [256, 2048, 64] in HBM = 33554432 elems x 2B = 67108864 B  (hbm counted: 67108864 B)
IO   op add_3
IO     output op3                    torch [2048, 16384] -> device [256, 2048, 64] in HBM = 33554432 elems x 2B = 67108864 B  (hbm counted: 67108864 B)
IO     input  buf2                   torch [2048, 16384] -> device [256, 2048, 64] in HBM = 33554432 elems x 2B = 67108864 B  (hbm counted: 67108864 B)
IO     input  arg4_1                 torch [2048, 16384] -> device [256, 2048, 64] in HBM = 33554432 elems x 2B = 67108864 B  (hbm counted: 67108864 B)
IO   => HBM I/O total = 805306368 B  (lx 0 B, ~free)
MODEL -- estimate (turnaround): T = (R+W)/BW_PEAK + a*min(R,W) --
MODEL   R=536870912 B (read)   W=268435456 B (write)   loop_trip L=1
MODEL   base = (R+W)/150 = 5368.71 us
MODEL   turn = a*min(R,W) = 0.00574*268435456 = 1540.82 us
MODEL   => T_model = 8464.17 us
MODEL FEATS [{"name":"add","is_reduction":false,"out_elems":33554432,"cores":32,"dtype_bytes":2,"args":[{"name":"op0","role":"output","mem":"hbm","elems":33554432,"broadcast":false,"dims":[256,2048,64],"logical":[2048,16384],"loop_factor":1},{"name":"arg0_1","role":"input","mem":"hbm","elems":33554432,"broadcast":false,"dims":[256,2048,64],"logical":[2048,16384],"loop_factor":1},{"name":"arg1_1","role":"input","mem":"hbm","elems":33554432,"broadcast":false,"dims":[256,2048,64],"logical":[2048,16384],"loop_factor":1}],"reduction_cores":1,"loop_trip":1,"tiles_output_dim":false,"tile_rows_per_core":0.0,"is_matmul":false,"matmul_macs":0,"matmul_rows_per_core":0.0,"matmul_cols_per_core":0.0,"matmul_a_bytes":0,"matmul_b_bytes":0,"matmul_m_split":1,"matmul_n_split":1,"hbm_pattern":""},{"name":"add_1","is_reduction":false,"out_elems":33554432,"cores":32,"dtype_bytes":2,"args":[{"name":"op1","role":"output","mem":"hbm","elems":33554432,"broadcast":false,"dims":[256,2048,64],"logical":[2048,16384],"loop_factor":1},{"name":"buf0","role":"input","mem":"hbm","elems":33554432,"broadcast":false,"dims":[256,2048,64],"logical":[2048,16384],"loop_factor":1},{"name":"arg2_1","role":"input","mem":"hbm","elems":33554432,"broadcast":false,"dims":[256,2048,64],"logical":[2048,16384],"loop_factor":1}],"reduction_cores":1,"loop_trip":1,"tiles_output_dim":false,"tile_rows_per_core":0.0,"is_matmul":false,"matmul_macs":0,"matmul_rows_per_core":0.0,"matmul_cols_per_core":0.0,"matmul_a_bytes":0,"matmul_b_bytes":0,"matmul_m_split":1,"matmul_n_split":1,"hbm_pattern":""},{"name":"add_2","is_reduction":false,"out_elems":33554432,"cores":32,"dtype_bytes":2,"args":[{"name":"op2","role":"output","mem":"hbm","elems":33554432,"broadcast":false,"dims":[256,2048,64],"logical":[2048,16384],"loop_factor":1},{"name":"buf1","role":"input","mem":"hbm","elems":33554432,"broadcast":false,"dims":[256,2048,64],"logical":[2048,16384],"loop_factor":1},{"name":"arg3_1","role":"input","mem":"hbm","elems":33554432,"broadcast":false,"dims":[256,2048,64],"logical":[2048,16384],"loop_factor":1}],"reduction_cores":1,"loop_trip":1,"tiles_output_dim":false,"tile_rows_per_core":0.0,"is_matmul":false,"matmul_macs":0,"matmul_rows_per_core":0.0,"matmul_cols_per_core":0.0,"matmul_a_bytes":0,"matmul_b_bytes":0,"matmul_m_split":1,"matmul_n_split":1,"hbm_pattern":""},{"name":"add_3","is_reduction":false,"out_elems":33554432,"cores":32,"dtype_bytes":2,"args":[{"name":"op3","role":"output","mem":"hbm","elems":33554432,"broadcast":false,"dims":[256,2048,64],"logical":[2048,16384],"loop_factor":1},{"name":"buf2","role":"input","mem":"hbm","elems":33554432,"broadcast":false,"dims":[256,2048,64],"logical":[2048,16384],"loop_factor":1},{"name":"arg4_1","role":"input","mem":"hbm","elems":33554432,"broadcast":false,"dims":[256,2048,64],"logical":[2048,16384],"loop_factor":1}],"reduction_cores":1,"loop_trip":1,"tiles_output_dim":false,"tile_rows_per_core":0.0,"is_matmul":false,"matmul_macs":0,"matmul_rows_per_core":0.0,"matmul_cols_per_core":0.0,"matmul_a_bytes":0,"matmul_b_bytes":0,"matmul_m_split":1,"matmul_n_split":1,"hbm_pattern":""}]
SUMMARY op=add5 rows=2048 cols=16384 cores=32 tiles=0 lx=1 io_hbm_bytes=805306368 kernel_us=8168.360 pred_us=8464.173 err_pct=+3.6 bw_gbps=98.6 memset_us=1171.255 other_dev_us=5574.754 total_dev_us=14914.369
-- add6 [2048,16384] lx=1
  op_it_space_splits={d0: 32, d1: 1}
  op_it_space_splits={d0: 32, d1: 1}
  op_it_space_splits={d0: 32, d1: 1}
  op_it_space_splits={d0: 32, d1: 1}
  op_it_space_splits={d0: 32, d1: 1}
IO -- device-layout I/O (cost model, stick-padded) --
IO   op add
IO     output op0                    torch [2048, 16384] -> device [256, 2048, 64] in HBM = 33554432 elems x 2B = 67108864 B  (hbm counted: 67108864 B)
IO     input  arg0_1                 torch [2048, 16384] -> device [256, 2048, 64] in HBM = 33554432 elems x 2B = 67108864 B  (hbm counted: 67108864 B)
IO     input  arg1_1                 torch [2048, 16384] -> device [256, 2048, 64] in HBM = 33554432 elems x 2B = 67108864 B  (hbm counted: 67108864 B)
IO   op add_1
IO     output op1                    torch [2048, 16384] -> device [256, 2048, 64] in HBM = 33554432 elems x 2B = 67108864 B  (hbm counted: 67108864 B)
IO     input  buf0                   torch [2048, 16384] -> device [256, 2048, 64] in HBM = 33554432 elems x 2B = 67108864 B  (hbm counted: 67108864 B)
IO     input  arg2_1                 torch [2048, 16384] -> device [256, 2048, 64] in HBM = 33554432 elems x 2B = 67108864 B  (hbm counted: 67108864 B)
IO   op add_2
IO     output op2                    torch [2048, 16384] -> device [256, 2048, 64] in HBM = 33554432 elems x 2B = 67108864 B  (hbm counted: 67108864 B)
IO     input  buf1                   torch [2048, 16384] -> device [256, 2048, 64] in HBM = 33554432 elems x 2B = 67108864 B  (hbm counted: 67108864 B)
IO     input  arg3_1                 torch [2048, 16384] -> device [256, 2048, 64] in HBM = 33554432 elems x 2B = 67108864 B  (hbm counted: 67108864 B)
IO   op add_3
IO     output op3                    torch [2048, 16384] -> device [256, 2048, 64] in HBM = 33554432 elems x 2B = 67108864 B  (hbm counted: 67108864 B)
IO     input  buf2                   torch [2048, 16384] -> device [256, 2048, 64] in HBM = 33554432 elems x 2B = 67108864 B  (hbm counted: 67108864 B)
IO     input  arg4_1                 torch [2048, 16384] -> device [256, 2048, 64] in HBM = 33554432 elems x 2B = 67108864 B  (hbm counted: 67108864 B)
IO   op add_4
IO     output op4                    torch [2048, 16384] -> device [256, 2048, 64] in HBM = 33554432 elems x 2B = 67108864 B  (hbm counted: 67108864 B)
IO     input  buf3                   torch [2048, 16384] -> device [256, 2048, 64] in HBM = 33554432 elems x 2B = 67108864 B  (hbm counted: 67108864 B)
IO     input  arg5_1                 torch [2048, 16384] -> device [256, 2048, 64] in HBM = 33554432 elems x 2B = 67108864 B  (hbm counted: 67108864 B)
IO   => HBM I/O total = 1006632960 B  (lx 0 B, ~free)
MODEL -- estimate (turnaround): T = (R+W)/BW_PEAK + a*min(R,W) --
MODEL   R=671088640 B (read)   W=335544320 B (write)   loop_trip L=1
MODEL   base = (R+W)/150 = 6710.89 us
MODEL   turn = a*min(R,W) = 0.00574*335544320 = 1926.02 us
MODEL   => T_model = 11227.98 us
MODEL FEATS [{"name":"add","is_reduction":false,"out_elems":33554432,"cores":32,"dtype_bytes":2,"args":[{"name":"op0","role":"output","mem":"hbm","elems":33554432,"broadcast":false,"dims":[256,2048,64],"logical":[2048,16384],"loop_factor":1},{"name":"arg0_1","role":"input","mem":"hbm","elems":33554432,"broadcast":false,"dims":[256,2048,64],"logical":[2048,16384],"loop_factor":1},{"name":"arg1_1","role":"input","mem":"hbm","elems":33554432,"broadcast":false,"dims":[256,2048,64],"logical":[2048,16384],"loop_factor":1}],"reduction_cores":1,"loop_trip":1,"tiles_output_dim":false,"tile_rows_per_core":0.0,"is_matmul":false,"matmul_macs":0,"matmul_rows_per_core":0.0,"matmul_cols_per_core":0.0,"matmul_a_bytes":0,"matmul_b_bytes":0,"matmul_m_split":1,"matmul_n_split":1,"hbm_pattern":""},{"name":"add_1","is_reduction":false,"out_elems":33554432,"cores":32,"dtype_bytes":2,"args":[{"name":"op1","role":"output","mem":"hbm","elems":33554432,"broadcast":false,"dims":[256,2048,64],"logical":[2048,16384],"loop_factor":1},{"name":"buf0","role":"input","mem":"hbm","elems":33554432,"broadcast":false,"dims":[256,2048,64],"logical":[2048,16384],"loop_factor":1},{"name":"arg2_1","role":"input","mem":"hbm","elems":33554432,"broadcast":false,"dims":[256,2048,64],"logical":[2048,16384],"loop_factor":1}],"reduction_cores":1,"loop_trip":1,"tiles_output_dim":false,"tile_rows_per_core":0.0,"is_matmul":false,"matmul_macs":0,"matmul_rows_per_core":0.0,"matmul_cols_per_core":0.0,"matmul_a_bytes":0,"matmul_b_bytes":0,"matmul_m_split":1,"matmul_n_split":1,"hbm_pattern":""},{"name":"add_2","is_reduction":false,"out_elems":33554432,"cores":32,"dtype_bytes":2,"args":[{"name":"op2","role":"output","mem":"hbm","elems":33554432,"broadcast":false,"dims":[256,2048,64],"logical":[2048,16384],"loop_factor":1},{"name":"buf1","role":"input","mem":"hbm","elems":33554432,"broadcast":false,"dims":[256,2048,64],"logical":[2048,16384],"loop_factor":1},{"name":"arg3_1","role":"input","mem":"hbm","elems":33554432,"broadcast":false,"dims":[256,2048,64],"logical":[2048,16384],"loop_factor":1}],"reduction_cores":1,"loop_trip":1,"tiles_output_dim":false,"tile_rows_per_core":0.0,"is_matmul":false,"matmul_macs":0,"matmul_rows_per_core":0.0,"matmul_cols_per_core":0.0,"matmul_a_bytes":0,"matmul_b_bytes":0,"matmul_m_split":1,"matmul_n_split":1,"hbm_pattern":""},{"name":"add_3","is_reduction":false,"out_elems":33554432,"cores":32,"dtype_bytes":2,"args":[{"name":"op3","role":"output","mem":"hbm","elems":33554432,"broadcast":false,"dims":[256,2048,64],"logical":[2048,16384],"loop_factor":1},{"name":"buf2","role":"input","mem":"hbm","elems":33554432,"broadcast":false,"dims":[256,2048,64],"logical":[2048,16384],"loop_factor":1},{"name":"arg4_1","role":"input","mem":"hbm","elems":33554432,"broadcast":false,"dims":[256,2048,64],"logical":[2048,16384],"loop_factor":1}],"reduction_cores":1,"loop_trip":1,"tiles_output_dim":false,"tile_rows_per_core":0.0,"is_matmul":false,"matmul_macs":0,"matmul_rows_per_core":0.0,"matmul_cols_per_core":0.0,"matmul_a_bytes":0,"matmul_b_bytes":0,"matmul_m_split":1,"matmul_n_split":1,"hbm_pattern":""},{"name":"add_4","is_reduction":false,"out_elems":33554432,"cores":32,"dtype_bytes":2,"args":[{"name":"op4","role":"output","mem":"hbm","elems":33554432,"broadcast":false,"dims":[256,2048,64],"logical":[2048,16384],"loop_factor":1},{"name":"buf3","role":"input","mem":"hbm","elems":33554432,"broadcast":false,"dims":[256,2048,64],"logical":[2048,16384],"loop_factor":1},{"name":"arg5_1","role":"input","mem":"hbm","elems":33554432,"broadcast":false,"dims":[256,2048,64],"logical":[2048,16384],"loop_factor":1}],"reduction_cores":1,"loop_trip":1,"tiles_output_dim":false,"tile_rows_per_core":0.0,"is_matmul":false,"matmul_macs":0,"matmul_rows_per_core":0.0,"matmul_cols_per_core":0.0,"matmul_a_bytes":0,"matmul_b_bytes":0,"matmul_m_split":1,"matmul_n_split":1,"hbm_pattern":""}]
SUMMARY op=add6 rows=2048 cols=16384 cores=32 tiles=0 lx=1 io_hbm_bytes=1006632960 kernel_us=10201.442 pred_us=11227.984 err_pct=+10.1 bw_gbps=98.7 memset_us=1081.196 other_dev_us=6430.561 total_dev_us=17713.199
-- add_indep2 [2048,16384] lx=1
  op_it_space_splits={d0: 32, d1: 1}
  op_it_space_splits={d0: 32, d1: 1}
IO -- device-layout I/O (cost model, stick-padded) --
IO   op add
IO     output op0                    torch [2048, 16384] -> device [256, 2048, 64] in HBM = 33554432 elems x 2B = 67108864 B  (hbm counted: 67108864 B)
IO     input  arg0_1                 torch [2048, 16384] -> device [256, 2048, 64] in HBM = 33554432 elems x 2B = 67108864 B  (hbm counted: 67108864 B)
IO     input  arg1_1                 torch [2048, 16384] -> device [256, 2048, 64] in HBM = 33554432 elems x 2B = 67108864 B  (hbm counted: 67108864 B)
IO   op add_1
IO     output op1                    torch [2048, 16384] -> device [256, 2048, 64] in HBM = 33554432 elems x 2B = 67108864 B  (hbm counted: 67108864 B)
IO     input  arg2_1                 torch [2048, 16384] -> device [256, 2048, 64] in HBM = 33554432 elems x 2B = 67108864 B  (hbm counted: 67108864 B)
IO     input  arg3_1                 torch [2048, 16384] -> device [256, 2048, 64] in HBM = 33554432 elems x 2B = 67108864 B  (hbm counted: 67108864 B)
IO   => HBM I/O total = 402653184 B  (lx 0 B, ~free)
MODEL -- estimate (turnaround): T = (R+W)/BW_PEAK + a*min(R,W) --
MODEL   R=268435456 B (read)   W=134217728 B (write)   loop_trip L=1
MODEL   base = (R+W)/150 = 2684.35 us
MODEL   turn = a*min(R,W) = 0.00574*134217728 = 770.41 us
MODEL   => T_model = 3713.87 us
MODEL FEATS [{"name":"add","is_reduction":false,"out_elems":33554432,"cores":32,"dtype_bytes":2,"args":[{"name":"op0","role":"output","mem":"hbm","elems":33554432,"broadcast":false,"dims":[256,2048,64],"logical":[2048,16384],"loop_factor":1},{"name":"arg0_1","role":"input","mem":"hbm","elems":33554432,"broadcast":false,"dims":[256,2048,64],"logical":[2048,16384],"loop_factor":1},{"name":"arg1_1","role":"input","mem":"hbm","elems":33554432,"broadcast":false,"dims":[256,2048,64],"logical":[2048,16384],"loop_factor":1}],"reduction_cores":1,"loop_trip":1,"tiles_output_dim":false,"tile_rows_per_core":0.0,"is_matmul":false,"matmul_macs":0,"matmul_rows_per_core":0.0,"matmul_cols_per_core":0.0,"matmul_a_bytes":0,"matmul_b_bytes":0,"matmul_m_split":1,"matmul_n_split":1,"hbm_pattern":""},{"name":"add_1","is_reduction":false,"out_elems":33554432,"cores":32,"dtype_bytes":2,"args":[{"name":"op1","role":"output","mem":"hbm","elems":33554432,"broadcast":false,"dims":[256,2048,64],"logical":[2048,16384],"loop_factor":1},{"name":"arg2_1","role":"input","mem":"hbm","elems":33554432,"broadcast":false,"dims":[256,2048,64],"logical":[2048,16384],"loop_factor":1},{"name":"arg3_1","role":"input","mem":"hbm","elems":33554432,"broadcast":false,"dims":[256,2048,64],"logical":[2048,16384],"loop_factor":1}],"reduction_cores":1,"loop_trip":1,"tiles_output_dim":false,"tile_rows_per_core":0.0,"is_matmul":false,"matmul_macs":0,"matmul_rows_per_core":0.0,"matmul_cols_per_core":0.0,"matmul_a_bytes":0,"matmul_b_bytes":0,"matmul_m_split":1,"matmul_n_split":1,"hbm_pattern":""}]
SUMMARY op=add_indep2 rows=2048 cols=16384 cores=32 tiles=0 lx=1 io_hbm_bytes=402653184 kernel_us=3504.222 pred_us=3713.872 err_pct=+6.0 bw_gbps=114.9 memset_us=2179.077 other_dev_us=12156.122 total_dev_us=17839.421
-- add3_sep [2048,16384] lx=1
  op_it_space_splits={d0: 32, d1: 1}
IO -- device-layout I/O (cost model, stick-padded) --
IO   op add
IO     output op0                    torch [2048, 16384] -> device [256, 2048, 64] in HBM = 33554432 elems x 2B = 67108864 B  (hbm counted: 67108864 B)
IO     input  arg0_1                 torch [2048, 16384] -> device [256, 2048, 64] in HBM = 33554432 elems x 2B = 67108864 B  (hbm counted: 67108864 B)
IO     input  arg1_1                 torch [2048, 16384] -> device [256, 2048, 64] in HBM = 33554432 elems x 2B = 67108864 B  (hbm counted: 67108864 B)
IO   => HBM I/O total = 201326592 B  (lx 0 B, ~free)
MODEL -- estimate (turnaround): T = (R+W)/BW_PEAK + a*min(R,W) --
MODEL   R=134217728 B (read)   W=67108864 B (write)   loop_trip L=1
MODEL   base = (R+W)/150 = 1342.18 us
MODEL   turn = a*min(R,W) = 0.00574*67108864 = 385.20 us
MODEL   => T_model = 1727.38 us
MODEL FEATS [{"name":"add","is_reduction":false,"out_elems":33554432,"cores":32,"dtype_bytes":2,"args":[{"name":"op0","role":"output","mem":"hbm","elems":33554432,"broadcast":false,"dims":[256,2048,64],"logical":[2048,16384],"loop_factor":1},{"name":"arg0_1","role":"input","mem":"hbm","elems":33554432,"broadcast":false,"dims":[256,2048,64],"logical":[2048,16384],"loop_factor":1},{"name":"arg1_1","role":"input","mem":"hbm","elems":33554432,"broadcast":false,"dims":[256,2048,64],"logical":[2048,16384],"loop_factor":1}],"reduction_cores":1,"loop_trip":1,"tiles_output_dim":false,"tile_rows_per_core":0.0,"is_matmul":false,"matmul_macs":0,"matmul_rows_per_core":0.0,"matmul_cols_per_core":0.0,"matmul_a_bytes":0,"matmul_b_bytes":0,"matmul_m_split":1,"matmul_n_split":1,"hbm_pattern":""}]
SUMMARY op=add3_sep rows=2048 cols=16384 cores=32 tiles=0 lx=1 io_hbm_bytes=201326592 kernel_us=3727.788 pred_us=1727.382 err_pct=-53.7 bw_gbps=54.0 memset_us=1110.351 other_dev_us=6468.834 total_dev_us=11306.973
-- add4_sep [2048,16384] lx=1
  op_it_space_splits={d0: 32, d1: 1}
IO -- device-layout I/O (cost model, stick-padded) --
IO   op add
IO     output op0                    torch [2048, 16384] -> device [256, 2048, 64] in HBM = 33554432 elems x 2B = 67108864 B  (hbm counted: 67108864 B)
IO     input  arg0_1                 torch [2048, 16384] -> device [256, 2048, 64] in HBM = 33554432 elems x 2B = 67108864 B  (hbm counted: 67108864 B)
IO     input  arg1_1                 torch [2048, 16384] -> device [256, 2048, 64] in HBM = 33554432 elems x 2B = 67108864 B  (hbm counted: 67108864 B)
IO   => HBM I/O total = 201326592 B  (lx 0 B, ~free)
MODEL -- estimate (turnaround): T = (R+W)/BW_PEAK + a*min(R,W) --
MODEL   R=134217728 B (read)   W=67108864 B (write)   loop_trip L=1
MODEL   base = (R+W)/150 = 1342.18 us
MODEL   turn = a*min(R,W) = 0.00574*67108864 = 385.20 us
MODEL   => T_model = 1727.38 us
MODEL FEATS [{"name":"add","is_reduction":false,"out_elems":33554432,"cores":32,"dtype_bytes":2,"args":[{"name":"op0","role":"output","mem":"hbm","elems":33554432,"broadcast":false,"dims":[256,2048,64],"logical":[2048,16384],"loop_factor":1},{"name":"arg0_1","role":"input","mem":"hbm","elems":33554432,"broadcast":false,"dims":[256,2048,64],"logical":[2048,16384],"loop_factor":1},{"name":"arg1_1","role":"input","mem":"hbm","elems":33554432,"broadcast":false,"dims":[256,2048,64],"logical":[2048,16384],"loop_factor":1}],"reduction_cores":1,"loop_trip":1,"tiles_output_dim":false,"tile_rows_per_core":0.0,"is_matmul":false,"matmul_macs":0,"matmul_rows_per_core":0.0,"matmul_cols_per_core":0.0,"matmul_a_bytes":0,"matmul_b_bytes":0,"matmul_m_split":1,"matmul_n_split":1,"hbm_pattern":""}]
SUMMARY op=add4_sep rows=2048 cols=16384 cores=32 tiles=0 lx=1 io_hbm_bytes=201326592 kernel_us=5558.240 pred_us=1727.382 err_pct=-68.9 bw_gbps=36.2 memset_us=1101.197 other_dev_us=6227.154 total_dev_us=12886.591
==== runs DONE -> parsing haoyang_logs/new_experiments_20260721_194728.log into notes/sweep_records.{json,csv} ====
==== new-experiments sweep COMPLETE -- forward haoyang_logs/new_experiments_20260721_194728.log + notes/sweep_records.* ====
