==== new-experiments sweep Tue Jul 21 05:22:22 UTC 2026 ====
git: f869494  sections: GAMMA BWCORES ARITY THINK TINY MSPLIT BMM COARSE
## GAMMA γ(cores): 2048³ & 4096×2048×2048 at cores {4,8,16,32}
-- mmwd M=2048 K=2048 N=2048 split m=2 n=2 k=1 (cores=4 M/m=1024 N/n=1024)
  op_it_space_splits={d0: 2, d1: 2, d2: 1}
  op_it_space_splits={d0: 2, d1: 2, d2: 1}
  op_it_space_splits={d0: 2, d1: 2, d2: 1}
  op_it_space_splits={d0: 2, d1: 2, d2: 1}
  op_it_space_splits={d0: 2, d1: 2, d2: 1}
  op_it_space_splits={d0: 2, d1: 2, d2: 1}
IO -- device-layout I/O (cost model, stick-padded) --
IO   op mm [reduction]
IO     output op0                    torch [2048, 2048] -> device [32, 2048, 64] in HBM = 4194304 elems x 2B = 8388608 B  (hbm counted: 8388608 B)
IO     input  arg0_1                 torch [2048, 2048] -> device [32, 2048, 64] in HBM = 4194304 elems x 2B = 8388608 B  (hbm counted: 8388608 B)
IO     input  arg1_1                 torch [2048, 2048] -> device [32, 2048, 64] in HBM = 4194304 elems x 2B = 8388608 B  (hbm counted: 8388608 B)
IO   => HBM I/O total = 25165824 B  (lx 0 B, ~free)
MODEL -- estimate (turnaround): T = compute + (R+W)/BW_PEAK + a*min(R,W) --
MODEL   R=16777216 B (read)   W=8388608 B (write)   loop_trip L=1
MODEL   compute = MACs/cores/(mac_peak*pt_eff) = 8589934592/4/(1140*1.000) = 1883.76 us  (M/m=1024, pt_eff=1.000)
MODEL   base = R/150+W/150 = 167.77 us
MODEL   turn = a*min(R,W) = 0.00574*8388608 = 48.15 us
MODEL   => T_model = 2090.95 us
MODEL FEATS [{"name":"mm","is_reduction":true,"out_elems":4194304,"cores":4,"dtype_bytes":2,"args":[{"name":"op0","role":"output","mem":"hbm","elems":4194304,"broadcast":false,"dims":[32,2048,64],"logical":[2048,2048],"loop_factor":1},{"name":"arg0_1","role":"input","mem":"hbm","elems":4194304,"broadcast":false,"dims":[32,2048,64],"logical":[2048,2048],"loop_factor":1},{"name":"arg1_1","role":"input","mem":"hbm","elems":4194304,"broadcast":false,"dims":[32,2048,64],"logical":[2048,2048],"loop_factor":1}],"reduction_cores":1,"loop_trip":1,"tiles_output_dim":false,"tile_rows_per_core":0.0,"is_matmul":true,"matmul_macs":8589934592,"matmul_rows_per_core":1024.0,"matmul_cols_per_core":1024.0,"matmul_a_bytes":8388608,"matmul_b_bytes":8388608,"matmul_m_split":2,"matmul_n_split":2,"hbm_pattern":""}]
SUMMARY op=mmwd rows=2048 cols=2048 cores=4 tiles=0 lx=1 io_hbm_bytes=25165824 kernel_us=2018.655 pred_us=2090.953 err_pct=+3.6 bw_gbps=12.5 memset_us=225.193 other_dev_us=303.110 total_dev_us=2546.958
-- mmwd M=2048 K=2048 N=2048 split m=2 n=4 k=1 (cores=8 M/m=1024 N/n=512)
  op_it_space_splits={d0: 2, d1: 4, d2: 1}
  op_it_space_splits={d0: 2, d1: 4, d2: 1}
  op_it_space_splits={d0: 2, d1: 4, d2: 1}
  op_it_space_splits={d0: 2, d1: 4, d2: 1}
  op_it_space_splits={d0: 2, d1: 4, d2: 1}
  op_it_space_splits={d0: 2, d1: 4, d2: 1}
IO -- device-layout I/O (cost model, stick-padded) --
IO   op mm [reduction]
IO     output op0                    torch [2048, 2048] -> device [32, 2048, 64] in HBM = 4194304 elems x 2B = 8388608 B  (hbm counted: 8388608 B)
IO     input  arg0_1                 torch [2048, 2048] -> device [32, 2048, 64] in HBM = 4194304 elems x 2B = 8388608 B  (hbm counted: 8388608 B)
IO     input  arg1_1                 torch [2048, 2048] -> device [32, 2048, 64] in HBM = 4194304 elems x 2B = 8388608 B  (hbm counted: 8388608 B)
IO   => HBM I/O total = 25165824 B  (lx 0 B, ~free)
MODEL -- estimate (turnaround): T = compute + (R+W)/BW_PEAK + a*min(R,W) --
MODEL   R=16777216 B (read)   W=8388608 B (write)   loop_trip L=1
MODEL   compute = MACs/cores/(mac_peak*pt_eff) = 8589934592/8/(1140*1.000) = 941.88 us  (M/m=1024, pt_eff=1.000)
MODEL   base = R/150+W/150 = 167.77 us
MODEL   turn = a*min(R,W) = 0.00574*8388608 = 48.15 us
MODEL   => T_model = 1140.01 us
MODEL FEATS [{"name":"mm","is_reduction":true,"out_elems":4194304,"cores":8,"dtype_bytes":2,"args":[{"name":"op0","role":"output","mem":"hbm","elems":4194304,"broadcast":false,"dims":[32,2048,64],"logical":[2048,2048],"loop_factor":1},{"name":"arg0_1","role":"input","mem":"hbm","elems":4194304,"broadcast":false,"dims":[32,2048,64],"logical":[2048,2048],"loop_factor":1},{"name":"arg1_1","role":"input","mem":"hbm","elems":4194304,"broadcast":false,"dims":[32,2048,64],"logical":[2048,2048],"loop_factor":1}],"reduction_cores":1,"loop_trip":1,"tiles_output_dim":false,"tile_rows_per_core":0.0,"is_matmul":true,"matmul_macs":8589934592,"matmul_rows_per_core":1024.0,"matmul_cols_per_core":512.0,"matmul_a_bytes":8388608,"matmul_b_bytes":8388608,"matmul_m_split":2,"matmul_n_split":4,"hbm_pattern":""}]
SUMMARY op=mmwd rows=2048 cols=2048 cores=8 tiles=0 lx=1 io_hbm_bytes=25165824 kernel_us=1097.782 pred_us=1140.014 err_pct=+3.8 bw_gbps=22.9 memset_us=235.969 other_dev_us=699.610 total_dev_us=2033.361
-- mmwd M=2048 K=2048 N=2048 split m=4 n=4 k=1 (cores=16 M/m=512 N/n=512)
  op_it_space_splits={d0: 4, d1: 4, d2: 1}
  op_it_space_splits={d0: 4, d1: 4, d2: 1}
  op_it_space_splits={d0: 4, d1: 4, d2: 1}
  op_it_space_splits={d0: 4, d1: 4, d2: 1}
  op_it_space_splits={d0: 4, d1: 4, d2: 1}
  op_it_space_splits={d0: 4, d1: 4, d2: 1}
IO -- device-layout I/O (cost model, stick-padded) --
IO   op mm [reduction]
IO     output op0                    torch [2048, 2048] -> device [32, 2048, 64] in HBM = 4194304 elems x 2B = 8388608 B  (hbm counted: 8388608 B)
IO     input  arg0_1                 torch [2048, 2048] -> device [32, 2048, 64] in HBM = 4194304 elems x 2B = 8388608 B  (hbm counted: 8388608 B)
IO     input  arg1_1                 torch [2048, 2048] -> device [32, 2048, 64] in HBM = 4194304 elems x 2B = 8388608 B  (hbm counted: 8388608 B)
IO   => HBM I/O total = 25165824 B  (lx 0 B, ~free)
MODEL -- estimate (turnaround): T = compute + (R+W)/BW_PEAK + a*min(R,W) --
MODEL   R=16777216 B (read)   W=8388608 B (write)   loop_trip L=1
MODEL   compute = MACs/cores/(mac_peak*pt_eff) = 8589934592/16/(1140*1.000) = 470.94 us  (M/m=512, pt_eff=1.000)
MODEL   base = R/150+W/150 = 167.77 us
MODEL   turn = a*min(R,W) = 0.00574*8388608 = 48.15 us
MODEL   => T_model = 641.90 us
MODEL FEATS [{"name":"mm","is_reduction":true,"out_elems":4194304,"cores":16,"dtype_bytes":2,"args":[{"name":"op0","role":"output","mem":"hbm","elems":4194304,"broadcast":false,"dims":[32,2048,64],"logical":[2048,2048],"loop_factor":1},{"name":"arg0_1","role":"input","mem":"hbm","elems":4194304,"broadcast":false,"dims":[32,2048,64],"logical":[2048,2048],"loop_factor":1},{"name":"arg1_1","role":"input","mem":"hbm","elems":4194304,"broadcast":false,"dims":[32,2048,64],"logical":[2048,2048],"loop_factor":1}],"reduction_cores":1,"loop_trip":1,"tiles_output_dim":false,"tile_rows_per_core":0.0,"is_matmul":true,"matmul_macs":8589934592,"matmul_rows_per_core":512.0,"matmul_cols_per_core":512.0,"matmul_a_bytes":8388608,"matmul_b_bytes":8388608,"matmul_m_split":4,"matmul_n_split":4,"hbm_pattern":""}]
SUMMARY op=mmwd rows=2048 cols=2048 cores=16 tiles=0 lx=1 io_hbm_bytes=25165824 kernel_us=587.444 pred_us=641.896 err_pct=+9.3 bw_gbps=42.8 memset_us=235.499 other_dev_us=695.326 total_dev_us=1518.269
-- mmwd M=2048 K=2048 N=2048 split m=4 n=8 k=1 (cores=32 M/m=512 N/n=256)
  op_it_space_splits={d0: 4, d1: 8, d2: 1}
  op_it_space_splits={d0: 4, d1: 8, d2: 1}
  op_it_space_splits={d0: 4, d1: 8, d2: 1}
  op_it_space_splits={d0: 4, d1: 8, d2: 1}
  op_it_space_splits={d0: 4, d1: 8, d2: 1}
  op_it_space_splits={d0: 4, d1: 8, d2: 1}
IO -- device-layout I/O (cost model, stick-padded) --
IO   op mm [reduction]
IO     output op0                    torch [2048, 2048] -> device [32, 2048, 64] in HBM = 4194304 elems x 2B = 8388608 B  (hbm counted: 8388608 B)
IO     input  arg0_1                 torch [2048, 2048] -> device [32, 2048, 64] in HBM = 4194304 elems x 2B = 8388608 B  (hbm counted: 8388608 B)
IO     input  arg1_1                 torch [2048, 2048] -> device [32, 2048, 64] in HBM = 4194304 elems x 2B = 8388608 B  (hbm counted: 8388608 B)
IO   => HBM I/O total = 25165824 B  (lx 0 B, ~free)
MODEL -- estimate (turnaround): T = compute + (R+W)/BW_PEAK + a*min(R,W) --
MODEL   R=16777216 B (read)   W=8388608 B (write)   loop_trip L=1
MODEL   compute = MACs/cores/(mac_peak*pt_eff) = 8589934592/32/(1140*1.000) = 235.47 us  (M/m=512, pt_eff=1.000)
MODEL   base = R/150+W/150 = 167.77 us
MODEL   turn = a*min(R,W) = 0.00574*8388608 = 48.15 us
MODEL   => T_model = 393.41 us
MODEL FEATS [{"name":"mm","is_reduction":true,"out_elems":4194304,"cores":32,"dtype_bytes":2,"args":[{"name":"op0","role":"output","mem":"hbm","elems":4194304,"broadcast":false,"dims":[32,2048,64],"logical":[2048,2048],"loop_factor":1},{"name":"arg0_1","role":"input","mem":"hbm","elems":4194304,"broadcast":false,"dims":[32,2048,64],"logical":[2048,2048],"loop_factor":1},{"name":"arg1_1","role":"input","mem":"hbm","elems":4194304,"broadcast":false,"dims":[32,2048,64],"logical":[2048,2048],"loop_factor":1}],"reduction_cores":1,"loop_trip":1,"tiles_output_dim":false,"tile_rows_per_core":0.0,"is_matmul":true,"matmul_macs":8589934592,"matmul_rows_per_core":512.0,"matmul_cols_per_core":256.0,"matmul_a_bytes":8388608,"matmul_b_bytes":8388608,"matmul_m_split":4,"matmul_n_split":8,"hbm_pattern":""}]
SUMMARY op=mmwd rows=2048 cols=2048 cores=32 tiles=0 lx=1 io_hbm_bytes=25165824 kernel_us=382.624 pred_us=393.408 err_pct=+2.8 bw_gbps=65.8 memset_us=215.980 other_dev_us=720.334 total_dev_us=1318.938
-- mmwd M=4096 K=2048 N=2048 split m=2 n=2 k=1 (cores=4 M/m=2048 N/n=1024)
  op_it_space_splits={d0: 2, d1: 2, d2: 1}
  op_it_space_splits={d0: 2, d1: 2, d2: 1}
  op_it_space_splits={d0: 2, d1: 2, d2: 1}
  op_it_space_splits={d0: 2, d1: 2, d2: 1}
  op_it_space_splits={d0: 2, d1: 2, d2: 1}
  op_it_space_splits={d0: 2, d1: 2, d2: 1}
IO -- device-layout I/O (cost model, stick-padded) --
IO   op mm [reduction]
IO     output op0                    torch [4096, 2048] -> device [32, 4096, 64] in HBM = 8388608 elems x 2B = 16777216 B  (hbm counted: 16777216 B)
IO     input  arg0_1                 torch [4096, 2048] -> device [32, 4096, 64] in HBM = 8388608 elems x 2B = 16777216 B  (hbm counted: 16777216 B)
IO     input  arg1_1                 torch [2048, 2048] -> device [32, 2048, 64] in HBM = 4194304 elems x 2B = 8388608 B  (hbm counted: 8388608 B)
IO   => HBM I/O total = 41943040 B  (lx 0 B, ~free)
MODEL -- estimate (turnaround): T = compute + (R+W)/BW_PEAK + a*min(R,W) --
MODEL   R=25165824 B (read)   W=16777216 B (write)   loop_trip L=1
MODEL   compute = MACs/cores/(mac_peak*pt_eff) = 17179869184/4/(1140*1.000) = 3767.52 us  (M/m=2048, pt_eff=1.000)
MODEL   base = R/150+W/150 = 279.62 us
MODEL   turn = a*min(R,W) = 0.00574*16777216 = 96.30 us
MODEL   => T_model = 4106.41 us
MODEL FEATS [{"name":"mm","is_reduction":true,"out_elems":8388608,"cores":4,"dtype_bytes":2,"args":[{"name":"op0","role":"output","mem":"hbm","elems":8388608,"broadcast":false,"dims":[32,4096,64],"logical":[4096,2048],"loop_factor":1},{"name":"arg0_1","role":"input","mem":"hbm","elems":8388608,"broadcast":false,"dims":[32,4096,64],"logical":[4096,2048],"loop_factor":1},{"name":"arg1_1","role":"input","mem":"hbm","elems":4194304,"broadcast":false,"dims":[32,2048,64],"logical":[2048,2048],"loop_factor":1}],"reduction_cores":1,"loop_trip":1,"tiles_output_dim":false,"tile_rows_per_core":0.0,"is_matmul":true,"matmul_macs":17179869184,"matmul_rows_per_core":2048.0,"matmul_cols_per_core":1024.0,"matmul_a_bytes":16777216,"matmul_b_bytes":8388608,"matmul_m_split":2,"matmul_n_split":2,"hbm_pattern":""}]
SUMMARY op=mmwd rows=4096 cols=2048 cores=4 tiles=0 lx=1 io_hbm_bytes=41943040 kernel_us=4030.634 pred_us=4106.408 err_pct=+1.9 bw_gbps=10.4 memset_us=247.570 other_dev_us=774.676 total_dev_us=5052.880
-- mmwd M=4096 K=2048 N=2048 split m=2 n=4 k=1 (cores=8 M/m=2048 N/n=512)
  op_it_space_splits={d0: 2, d1: 4, d2: 1}
  op_it_space_splits={d0: 2, d1: 4, d2: 1}
  op_it_space_splits={d0: 2, d1: 4, d2: 1}
  op_it_space_splits={d0: 2, d1: 4, d2: 1}
  op_it_space_splits={d0: 2, d1: 4, d2: 1}
  op_it_space_splits={d0: 2, d1: 4, d2: 1}
IO -- device-layout I/O (cost model, stick-padded) --
IO   op mm [reduction]
IO     output op0                    torch [4096, 2048] -> device [32, 4096, 64] in HBM = 8388608 elems x 2B = 16777216 B  (hbm counted: 16777216 B)
IO     input  arg0_1                 torch [4096, 2048] -> device [32, 4096, 64] in HBM = 8388608 elems x 2B = 16777216 B  (hbm counted: 16777216 B)
IO     input  arg1_1                 torch [2048, 2048] -> device [32, 2048, 64] in HBM = 4194304 elems x 2B = 8388608 B  (hbm counted: 8388608 B)
IO   => HBM I/O total = 41943040 B  (lx 0 B, ~free)
MODEL -- estimate (turnaround): T = compute + (R+W)/BW_PEAK + a*min(R,W) --
MODEL   R=25165824 B (read)   W=16777216 B (write)   loop_trip L=1
MODEL   compute = MACs/cores/(mac_peak*pt_eff) = 17179869184/8/(1140*1.000) = 1883.76 us  (M/m=2048, pt_eff=1.000)
MODEL   base = R/150+W/150 = 279.62 us
MODEL   turn = a*min(R,W) = 0.00574*16777216 = 96.30 us
MODEL   => T_model = 2222.65 us
MODEL FEATS [{"name":"mm","is_reduction":true,"out_elems":8388608,"cores":8,"dtype_bytes":2,"args":[{"name":"op0","role":"output","mem":"hbm","elems":8388608,"broadcast":false,"dims":[32,4096,64],"logical":[4096,2048],"loop_factor":1},{"name":"arg0_1","role":"input","mem":"hbm","elems":8388608,"broadcast":false,"dims":[32,4096,64],"logical":[4096,2048],"loop_factor":1},{"name":"arg1_1","role":"input","mem":"hbm","elems":4194304,"broadcast":false,"dims":[32,2048,64],"logical":[2048,2048],"loop_factor":1}],"reduction_cores":1,"loop_trip":1,"tiles_output_dim":false,"tile_rows_per_core":0.0,"is_matmul":true,"matmul_macs":17179869184,"matmul_rows_per_core":2048.0,"matmul_cols_per_core":512.0,"matmul_a_bytes":16777216,"matmul_b_bytes":8388608,"matmul_m_split":2,"matmul_n_split":4,"hbm_pattern":""}]
SUMMARY op=mmwd rows=4096 cols=2048 cores=8 tiles=0 lx=1 io_hbm_bytes=41943040 kernel_us=2183.984 pred_us=2222.651 err_pct=+1.8 bw_gbps=19.2 memset_us=336.146 other_dev_us=676.385 total_dev_us=3196.515
-- mmwd M=4096 K=2048 N=2048 split m=4 n=4 k=1 (cores=16 M/m=1024 N/n=512)
  op_it_space_splits={d0: 4, d1: 4, d2: 1}
  op_it_space_splits={d0: 4, d1: 4, d2: 1}
  op_it_space_splits={d0: 4, d1: 4, d2: 1}
  op_it_space_splits={d0: 4, d1: 4, d2: 1}
  op_it_space_splits={d0: 4, d1: 4, d2: 1}
  op_it_space_splits={d0: 4, d1: 4, d2: 1}
IO -- device-layout I/O (cost model, stick-padded) --
IO   op mm [reduction]
IO     output op0                    torch [4096, 2048] -> device [32, 4096, 64] in HBM = 8388608 elems x 2B = 16777216 B  (hbm counted: 16777216 B)
IO     input  arg0_1                 torch [4096, 2048] -> device [32, 4096, 64] in HBM = 8388608 elems x 2B = 16777216 B  (hbm counted: 16777216 B)
IO     input  arg1_1                 torch [2048, 2048] -> device [32, 2048, 64] in HBM = 4194304 elems x 2B = 8388608 B  (hbm counted: 8388608 B)
IO   => HBM I/O total = 41943040 B  (lx 0 B, ~free)
MODEL -- estimate (turnaround): T = compute + (R+W)/BW_PEAK + a*min(R,W) --
MODEL   R=25165824 B (read)   W=16777216 B (write)   loop_trip L=1
MODEL   compute = MACs/cores/(mac_peak*pt_eff) = 17179869184/16/(1140*1.000) = 941.88 us  (M/m=1024, pt_eff=1.000)
MODEL   base = R/150+W/150 = 279.62 us
MODEL   turn = a*min(R,W) = 0.00574*16777216 = 96.30 us
MODEL   => T_model = 1267.18 us
MODEL FEATS [{"name":"mm","is_reduction":true,"out_elems":8388608,"cores":16,"dtype_bytes":2,"args":[{"name":"op0","role":"output","mem":"hbm","elems":8388608,"broadcast":false,"dims":[32,4096,64],"logical":[4096,2048],"loop_factor":1},{"name":"arg0_1","role":"input","mem":"hbm","elems":8388608,"broadcast":false,"dims":[32,4096,64],"logical":[4096,2048],"loop_factor":1},{"name":"arg1_1","role":"input","mem":"hbm","elems":4194304,"broadcast":false,"dims":[32,2048,64],"logical":[2048,2048],"loop_factor":1}],"reduction_cores":1,"loop_trip":1,"tiles_output_dim":false,"tile_rows_per_core":0.0,"is_matmul":true,"matmul_macs":17179869184,"matmul_rows_per_core":1024.0,"matmul_cols_per_core":512.0,"matmul_a_bytes":16777216,"matmul_b_bytes":8388608,"matmul_m_split":4,"matmul_n_split":4,"hbm_pattern":""}]
SUMMARY op=mmwd rows=4096 cols=2048 cores=16 tiles=0 lx=1 io_hbm_bytes=41943040 kernel_us=1178.023 pred_us=1267.182 err_pct=+7.6 bw_gbps=35.6 memset_us=346.186 other_dev_us=781.020 total_dev_us=2305.229
-- mmwd M=4096 K=2048 N=2048 split m=4 n=8 k=1 (cores=32 M/m=1024 N/n=256)
  op_it_space_splits={d0: 4, d1: 8, d2: 1}
  op_it_space_splits={d0: 4, d1: 8, d2: 1}
  op_it_space_splits={d0: 4, d1: 8, d2: 1}
  op_it_space_splits={d0: 4, d1: 8, d2: 1}
  op_it_space_splits={d0: 4, d1: 8, d2: 1}
  op_it_space_splits={d0: 4, d1: 8, d2: 1}
IO -- device-layout I/O (cost model, stick-padded) --
IO   op mm [reduction]
IO     output op0                    torch [4096, 2048] -> device [32, 4096, 64] in HBM = 8388608 elems x 2B = 16777216 B  (hbm counted: 16777216 B)
IO     input  arg0_1                 torch [4096, 2048] -> device [32, 4096, 64] in HBM = 8388608 elems x 2B = 16777216 B  (hbm counted: 16777216 B)
IO     input  arg1_1                 torch [2048, 2048] -> device [32, 2048, 64] in HBM = 4194304 elems x 2B = 8388608 B  (hbm counted: 8388608 B)
IO   => HBM I/O total = 41943040 B  (lx 0 B, ~free)
MODEL -- estimate (turnaround): T = compute + (R+W)/BW_PEAK + a*min(R,W) --
MODEL   R=25165824 B (read)   W=16777216 B (write)   loop_trip L=1
MODEL   compute = MACs/cores/(mac_peak*pt_eff) = 17179869184/32/(1140*1.000) = 470.94 us  (M/m=1024, pt_eff=1.000)
MODEL   base = R/150+W/150 = 279.62 us
MODEL   turn = a*min(R,W) = 0.00574*16777216 = 96.30 us
MODEL   => T_model = 781.22 us
MODEL FEATS [{"name":"mm","is_reduction":true,"out_elems":8388608,"cores":32,"dtype_bytes":2,"args":[{"name":"op0","role":"output","mem":"hbm","elems":8388608,"broadcast":false,"dims":[32,4096,64],"logical":[4096,2048],"loop_factor":1},{"name":"arg0_1","role":"input","mem":"hbm","elems":8388608,"broadcast":false,"dims":[32,4096,64],"logical":[4096,2048],"loop_factor":1},{"name":"arg1_1","role":"input","mem":"hbm","elems":4194304,"broadcast":false,"dims":[32,2048,64],"logical":[2048,2048],"loop_factor":1}],"reduction_cores":1,"loop_trip":1,"tiles_output_dim":false,"tile_rows_per_core":0.0,"is_matmul":true,"matmul_macs":17179869184,"matmul_rows_per_core":1024.0,"matmul_cols_per_core":256.0,"matmul_a_bytes":16777216,"matmul_b_bytes":8388608,"matmul_m_split":4,"matmul_n_split":8,"hbm_pattern":""}]
SUMMARY op=mmwd rows=4096 cols=2048 cores=32 tiles=0 lx=1 io_hbm_bytes=41943040 kernel_us=803.514 pred_us=781.224 err_pct=-2.8 bw_gbps=52.2 memset_us=338.135 other_dev_us=782.071 total_dev_us=1923.720
-- mmwd M=2048 K=4096 N=2048 split m=2 n=2 k=1 (cores=4 M/m=1024 N/n=1024)
  op_it_space_splits={d0: 2, d1: 2, d2: 1}
  op_it_space_splits={d0: 2, d1: 2, d2: 1}
  op_it_space_splits={d0: 2, d1: 2, d2: 1}
  op_it_space_splits={d0: 2, d1: 2, d2: 1}
  op_it_space_splits={d0: 2, d1: 2, d2: 1}
  op_it_space_splits={d0: 2, d1: 2, d2: 1}
IO -- device-layout I/O (cost model, stick-padded) --
IO   op mm [reduction]
IO     output op0                    torch [2048, 2048] -> device [32, 2048, 64] in HBM = 4194304 elems x 2B = 8388608 B  (hbm counted: 8388608 B)
IO     input  arg0_1                 torch [2048, 4096] -> device [64, 2048, 64] in HBM = 8388608 elems x 2B = 16777216 B  (hbm counted: 16777216 B)
IO     input  arg1_1                 torch [4096, 2048] -> device [32, 4096, 64] in HBM = 8388608 elems x 2B = 16777216 B  (hbm counted: 16777216 B)
IO   => HBM I/O total = 41943040 B  (lx 0 B, ~free)
MODEL -- estimate (turnaround): T = compute + (R+W)/BW_PEAK + a*min(R,W) --
MODEL   R=33554432 B (read)   W=8388608 B (write)   loop_trip L=1
MODEL   compute = MACs/cores/(mac_peak*pt_eff) = 17179869184/4/(1140*1.000) = 3767.52 us  (M/m=1024, pt_eff=1.000)
MODEL   base = R/150+W/150 = 279.62 us
MODEL   turn = a*min(R,W) = 0.00574*8388608 = 48.15 us
MODEL   => T_model = 4125.71 us
MODEL FEATS [{"name":"mm","is_reduction":true,"out_elems":4194304,"cores":4,"dtype_bytes":2,"args":[{"name":"op0","role":"output","mem":"hbm","elems":4194304,"broadcast":false,"dims":[32,2048,64],"logical":[2048,2048],"loop_factor":1},{"name":"arg0_1","role":"input","mem":"hbm","elems":8388608,"broadcast":false,"dims":[64,2048,64],"logical":[2048,4096],"loop_factor":1},{"name":"arg1_1","role":"input","mem":"hbm","elems":8388608,"broadcast":false,"dims":[32,4096,64],"logical":[4096,2048],"loop_factor":1}],"reduction_cores":1,"loop_trip":1,"tiles_output_dim":false,"tile_rows_per_core":0.0,"is_matmul":true,"matmul_macs":17179869184,"matmul_rows_per_core":1024.0,"matmul_cols_per_core":1024.0,"matmul_a_bytes":16777216,"matmul_b_bytes":16777216,"matmul_m_split":2,"matmul_n_split":2,"hbm_pattern":""}]
SUMMARY op=mmwd rows=2048 cols=4096 cores=4 tiles=0 lx=1 io_hbm_bytes=41943040 kernel_us=4018.905 pred_us=4125.705 err_pct=+2.7 bw_gbps=10.4 memset_us=240.984 other_dev_us=275.946 total_dev_us=4535.835
-- mmwd M=2048 K=4096 N=2048 split m=2 n=4 k=1 (cores=8 M/m=1024 N/n=512)
  op_it_space_splits={d0: 2, d1: 4, d2: 1}
  op_it_space_splits={d0: 2, d1: 4, d2: 1}
  op_it_space_splits={d0: 2, d1: 4, d2: 1}
  op_it_space_splits={d0: 2, d1: 4, d2: 1}
  op_it_space_splits={d0: 2, d1: 4, d2: 1}
  op_it_space_splits={d0: 2, d1: 4, d2: 1}
IO -- device-layout I/O (cost model, stick-padded) --
IO   op mm [reduction]
IO     output op0                    torch [2048, 2048] -> device [32, 2048, 64] in HBM = 4194304 elems x 2B = 8388608 B  (hbm counted: 8388608 B)
IO     input  arg0_1                 torch [2048, 4096] -> device [64, 2048, 64] in HBM = 8388608 elems x 2B = 16777216 B  (hbm counted: 16777216 B)
IO     input  arg1_1                 torch [4096, 2048] -> device [32, 4096, 64] in HBM = 8388608 elems x 2B = 16777216 B  (hbm counted: 16777216 B)
IO   => HBM I/O total = 41943040 B  (lx 0 B, ~free)
MODEL -- estimate (turnaround): T = compute + (R+W)/BW_PEAK + a*min(R,W) --
MODEL   R=33554432 B (read)   W=8388608 B (write)   loop_trip L=1
MODEL   compute = MACs/cores/(mac_peak*pt_eff) = 17179869184/8/(1140*1.000) = 1883.76 us  (M/m=1024, pt_eff=1.000)
MODEL   base = R/150+W/150 = 279.62 us
MODEL   turn = a*min(R,W) = 0.00574*8388608 = 48.15 us
MODEL   => T_model = 2223.83 us
MODEL FEATS [{"name":"mm","is_reduction":true,"out_elems":4194304,"cores":8,"dtype_bytes":2,"args":[{"name":"op0","role":"output","mem":"hbm","elems":4194304,"broadcast":false,"dims":[32,2048,64],"logical":[2048,2048],"loop_factor":1},{"name":"arg0_1","role":"input","mem":"hbm","elems":8388608,"broadcast":false,"dims":[64,2048,64],"logical":[2048,4096],"loop_factor":1},{"name":"arg1_1","role":"input","mem":"hbm","elems":8388608,"broadcast":false,"dims":[32,4096,64],"logical":[4096,2048],"loop_factor":1}],"reduction_cores":1,"loop_trip":1,"tiles_output_dim":false,"tile_rows_per_core":0.0,"is_matmul":true,"matmul_macs":17179869184,"matmul_rows_per_core":1024.0,"matmul_cols_per_core":512.0,"matmul_a_bytes":16777216,"matmul_b_bytes":16777216,"matmul_m_split":2,"matmul_n_split":4,"hbm_pattern":""}]
SUMMARY op=mmwd rows=2048 cols=4096 cores=8 tiles=0 lx=1 io_hbm_bytes=41943040 kernel_us=2126.308 pred_us=2223.828 err_pct=+4.6 bw_gbps=19.7 memset_us=222.656 other_dev_us=481.061 total_dev_us=2830.025
-- mmwd M=2048 K=4096 N=2048 split m=4 n=4 k=1 (cores=16 M/m=512 N/n=512)
  op_it_space_splits={d0: 4, d1: 4, d2: 1}
  op_it_space_splits={d0: 4, d1: 4, d2: 1}
  op_it_space_splits={d0: 4, d1: 4, d2: 1}
  op_it_space_splits={d0: 4, d1: 4, d2: 1}
  op_it_space_splits={d0: 4, d1: 4, d2: 1}
  op_it_space_splits={d0: 4, d1: 4, d2: 1}
IO -- device-layout I/O (cost model, stick-padded) --
IO   op mm [reduction]
IO     output op0                    torch [2048, 2048] -> device [32, 2048, 64] in HBM = 4194304 elems x 2B = 8388608 B  (hbm counted: 8388608 B)
IO     input  arg0_1                 torch [2048, 4096] -> device [64, 2048, 64] in HBM = 8388608 elems x 2B = 16777216 B  (hbm counted: 16777216 B)
IO     input  arg1_1                 torch [4096, 2048] -> device [32, 4096, 64] in HBM = 8388608 elems x 2B = 16777216 B  (hbm counted: 16777216 B)
IO   => HBM I/O total = 41943040 B  (lx 0 B, ~free)
MODEL -- estimate (turnaround): T = compute + (R+W)/BW_PEAK + a*min(R,W) --
MODEL   R=33554432 B (read)   W=8388608 B (write)   loop_trip L=1
MODEL   compute = MACs/cores/(mac_peak*pt_eff) = 17179869184/16/(1140*1.000) = 941.88 us  (M/m=512, pt_eff=1.000)
MODEL   base = R/150+W/150 = 279.62 us
MODEL   turn = a*min(R,W) = 0.00574*8388608 = 48.15 us
MODEL   => T_model = 1227.59 us
MODEL FEATS [{"name":"mm","is_reduction":true,"out_elems":4194304,"cores":16,"dtype_bytes":2,"args":[{"name":"op0","role":"output","mem":"hbm","elems":4194304,"broadcast":false,"dims":[32,2048,64],"logical":[2048,2048],"loop_factor":1},{"name":"arg0_1","role":"input","mem":"hbm","elems":8388608,"broadcast":false,"dims":[64,2048,64],"logical":[2048,4096],"loop_factor":1},{"name":"arg1_1","role":"input","mem":"hbm","elems":8388608,"broadcast":false,"dims":[32,4096,64],"logical":[4096,2048],"loop_factor":1}],"reduction_cores":1,"loop_trip":1,"tiles_output_dim":false,"tile_rows_per_core":0.0,"is_matmul":true,"matmul_macs":17179869184,"matmul_rows_per_core":512.0,"matmul_cols_per_core":512.0,"matmul_a_bytes":16777216,"matmul_b_bytes":16777216,"matmul_m_split":4,"matmul_n_split":4,"hbm_pattern":""}]
SUMMARY op=mmwd rows=2048 cols=4096 cores=16 tiles=0 lx=1 io_hbm_bytes=41943040 kernel_us=1087.741 pred_us=1227.591 err_pct=+12.9 bw_gbps=38.6 memset_us=212.384 other_dev_us=450.458 total_dev_us=1750.583
-- mmwd M=2048 K=4096 N=2048 split m=4 n=8 k=1 (cores=32 M/m=512 N/n=256)
  op_it_space_splits={d0: 4, d1: 8, d2: 1}
  op_it_space_splits={d0: 4, d1: 8, d2: 1}
  op_it_space_splits={d0: 4, d1: 8, d2: 1}
  op_it_space_splits={d0: 4, d1: 8, d2: 1}
  op_it_space_splits={d0: 4, d1: 8, d2: 1}
  op_it_space_splits={d0: 4, d1: 8, d2: 1}
IO -- device-layout I/O (cost model, stick-padded) --
IO   op mm [reduction]
IO     output op0                    torch [2048, 2048] -> device [32, 2048, 64] in HBM = 4194304 elems x 2B = 8388608 B  (hbm counted: 8388608 B)
IO     input  arg0_1                 torch [2048, 4096] -> device [64, 2048, 64] in HBM = 8388608 elems x 2B = 16777216 B  (hbm counted: 16777216 B)
IO     input  arg1_1                 torch [4096, 2048] -> device [32, 4096, 64] in HBM = 8388608 elems x 2B = 16777216 B  (hbm counted: 16777216 B)
IO   => HBM I/O total = 41943040 B  (lx 0 B, ~free)
MODEL -- estimate (turnaround): T = compute + (R+W)/BW_PEAK + a*min(R,W) --
MODEL   R=33554432 B (read)   W=8388608 B (write)   loop_trip L=1
MODEL   compute = MACs/cores/(mac_peak*pt_eff) = 17179869184/32/(1140*1.000) = 470.94 us  (M/m=512, pt_eff=1.000)
MODEL   base = R/150+W/150 = 279.62 us
MODEL   turn = a*min(R,W) = 0.00574*8388608 = 48.15 us
MODEL   => T_model = 702.29 us
MODEL FEATS [{"name":"mm","is_reduction":true,"out_elems":4194304,"cores":32,"dtype_bytes":2,"args":[{"name":"op0","role":"output","mem":"hbm","elems":4194304,"broadcast":false,"dims":[32,2048,64],"logical":[2048,2048],"loop_factor":1},{"name":"arg0_1","role":"input","mem":"hbm","elems":8388608,"broadcast":false,"dims":[64,2048,64],"logical":[2048,4096],"loop_factor":1},{"name":"arg1_1","role":"input","mem":"hbm","elems":8388608,"broadcast":false,"dims":[32,4096,64],"logical":[4096,2048],"loop_factor":1}],"reduction_cores":1,"loop_trip":1,"tiles_output_dim":false,"tile_rows_per_core":0.0,"is_matmul":true,"matmul_macs":17179869184,"matmul_rows_per_core":512.0,"matmul_cols_per_core":256.0,"matmul_a_bytes":16777216,"matmul_b_bytes":16777216,"matmul_m_split":4,"matmul_n_split":8,"hbm_pattern":""}]
SUMMARY op=mmwd rows=2048 cols=4096 cores=32 tiles=0 lx=1 io_hbm_bytes=41943040 kernel_us=671.488 pred_us=702.294 err_pct=+4.6 bw_gbps=62.5 memset_us=260.464 other_dev_us=512.551 total_dev_us=1444.503
## BWCORES memory-bound op at SENCORES {1,2,4,8,16,32}
-- neg [8192,2048] sencores=1 tiles=1
IO -- device-layout I/O (cost model, stick-padded) --
IO   op neg
IO     output op0                    torch [8192, 2048] -> device [32, 8192, 64] in HBM = 16777216 elems x 2B = 33554432 B  (hbm counted: 33554432 B)
IO     input  arg0_1                 torch [8192, 2048] -> device [32, 8192, 64] in HBM = 16777216 elems x 2B = 33554432 B  (hbm counted: 33554432 B)
IO   => HBM I/O total = 67108864 B  (lx 0 B, ~free)
MODEL -- estimate (turnaround): T = (R+W)/BW_PEAK + a*min(R,W) --
MODEL   R=33554432 B (read)   W=33554432 B (write)   loop_trip L=1
MODEL   base = (R+W)/150 = 447.39 us
MODEL   turn = a*min(R,W) = 0.00574*33554432 = 192.60 us
MODEL   => T_model = 639.99 us
MODEL FEATS [{"name":"neg","is_reduction":false,"out_elems":16777216,"cores":1,"dtype_bytes":2,"args":[{"name":"op0","role":"output","mem":"hbm","elems":16777216,"broadcast":false,"dims":[32,8192,64],"logical":[8192,2048],"loop_factor":1},{"name":"arg0_1","role":"input","mem":"hbm","elems":16777216,"broadcast":false,"dims":[32,8192,64],"logical":[8192,2048],"loop_factor":1}],"reduction_cores":1,"loop_trip":1,"tiles_output_dim":false,"tile_rows_per_core":0.0,"is_matmul":false,"matmul_macs":0,"matmul_rows_per_core":0.0,"matmul_cols_per_core":0.0,"matmul_a_bytes":0,"matmul_b_bytes":0,"matmul_m_split":1,"matmul_n_split":1,"hbm_pattern":""}]
SUMMARY op=neg rows=8192 cols=2048 cores=1 tiles=1 lx=1 io_hbm_bytes=67108864 kernel_us=992.761 pred_us=639.995 err_pct=-35.5 bw_gbps=67.6 memset_us=432.300 other_dev_us=2176.141 total_dev_us=3601.202
-- neg [8192,2048] sencores=2 tiles=1
  op_it_space_splits={d0: 2, d1: 1}
IO -- device-layout I/O (cost model, stick-padded) --
IO   op neg
IO     output op0                    torch [8192, 2048] -> device [32, 8192, 64] in HBM = 16777216 elems x 2B = 33554432 B  (hbm counted: 33554432 B)
IO     input  arg0_1                 torch [8192, 2048] -> device [32, 8192, 64] in HBM = 16777216 elems x 2B = 33554432 B  (hbm counted: 33554432 B)
IO   => HBM I/O total = 67108864 B  (lx 0 B, ~free)
MODEL -- estimate (turnaround): T = (R+W)/BW_PEAK + a*min(R,W) --
MODEL   R=33554432 B (read)   W=33554432 B (write)   loop_trip L=1
MODEL   base = (R+W)/150 = 447.39 us
MODEL   turn = a*min(R,W) = 0.00574*33554432 = 192.60 us
MODEL   => T_model = 639.99 us
MODEL FEATS [{"name":"neg","is_reduction":false,"out_elems":16777216,"cores":2,"dtype_bytes":2,"args":[{"name":"op0","role":"output","mem":"hbm","elems":16777216,"broadcast":false,"dims":[32,8192,64],"logical":[8192,2048],"loop_factor":1},{"name":"arg0_1","role":"input","mem":"hbm","elems":16777216,"broadcast":false,"dims":[32,8192,64],"logical":[8192,2048],"loop_factor":1}],"reduction_cores":1,"loop_trip":1,"tiles_output_dim":false,"tile_rows_per_core":0.0,"is_matmul":false,"matmul_macs":0,"matmul_rows_per_core":0.0,"matmul_cols_per_core":0.0,"matmul_a_bytes":0,"matmul_b_bytes":0,"matmul_m_split":1,"matmul_n_split":1,"hbm_pattern":""}]
SUMMARY op=neg rows=8192 cols=2048 cores=2 tiles=1 lx=1 io_hbm_bytes=67108864 kernel_us=777.703 pred_us=639.995 err_pct=-17.7 bw_gbps=86.3 memset_us=437.230 other_dev_us=2053.314 total_dev_us=3268.247
-- neg [8192,2048] sencores=4 tiles=1
  op_it_space_splits={d0: 4, d1: 1}
IO -- device-layout I/O (cost model, stick-padded) --
IO   op neg
IO     output op0                    torch [8192, 2048] -> device [32, 8192, 64] in HBM = 16777216 elems x 2B = 33554432 B  (hbm counted: 33554432 B)
IO     input  arg0_1                 torch [8192, 2048] -> device [32, 8192, 64] in HBM = 16777216 elems x 2B = 33554432 B  (hbm counted: 33554432 B)
IO   => HBM I/O total = 67108864 B  (lx 0 B, ~free)
MODEL -- estimate (turnaround): T = (R+W)/BW_PEAK + a*min(R,W) --
MODEL   R=33554432 B (read)   W=33554432 B (write)   loop_trip L=1
MODEL   base = (R+W)/150 = 447.39 us
MODEL   turn = a*min(R,W) = 0.00574*33554432 = 192.60 us
MODEL   => T_model = 639.99 us
MODEL FEATS [{"name":"neg","is_reduction":false,"out_elems":16777216,"cores":4,"dtype_bytes":2,"args":[{"name":"op0","role":"output","mem":"hbm","elems":16777216,"broadcast":false,"dims":[32,8192,64],"logical":[8192,2048],"loop_factor":1},{"name":"arg0_1","role":"input","mem":"hbm","elems":16777216,"broadcast":false,"dims":[32,8192,64],"logical":[8192,2048],"loop_factor":1}],"reduction_cores":1,"loop_trip":1,"tiles_output_dim":false,"tile_rows_per_core":0.0,"is_matmul":false,"matmul_macs":0,"matmul_rows_per_core":0.0,"matmul_cols_per_core":0.0,"matmul_a_bytes":0,"matmul_b_bytes":0,"matmul_m_split":1,"matmul_n_split":1,"hbm_pattern":""}]
SUMMARY op=neg rows=8192 cols=2048 cores=4 tiles=1 lx=1 io_hbm_bytes=67108864 kernel_us=738.423 pred_us=639.995 err_pct=-13.3 bw_gbps=90.9 memset_us=438.104 other_dev_us=2114.764 total_dev_us=3291.291
-- neg [8192,2048] sencores=8 tiles=1
  op_it_space_splits={d0: 8, d1: 1}
IO -- device-layout I/O (cost model, stick-padded) --
IO   op neg
IO     output op0                    torch [8192, 2048] -> device [32, 8192, 64] in HBM = 16777216 elems x 2B = 33554432 B  (hbm counted: 33554432 B)
IO     input  arg0_1                 torch [8192, 2048] -> device [32, 8192, 64] in HBM = 16777216 elems x 2B = 33554432 B  (hbm counted: 33554432 B)
IO   => HBM I/O total = 67108864 B  (lx 0 B, ~free)
MODEL -- estimate (turnaround): T = (R+W)/BW_PEAK + a*min(R,W) --
MODEL   R=33554432 B (read)   W=33554432 B (write)   loop_trip L=1
MODEL   base = (R+W)/150 = 447.39 us
MODEL   turn = a*min(R,W) = 0.00574*33554432 = 192.60 us
MODEL   => T_model = 639.99 us
MODEL FEATS [{"name":"neg","is_reduction":false,"out_elems":16777216,"cores":8,"dtype_bytes":2,"args":[{"name":"op0","role":"output","mem":"hbm","elems":16777216,"broadcast":false,"dims":[32,8192,64],"logical":[8192,2048],"loop_factor":1},{"name":"arg0_1","role":"input","mem":"hbm","elems":16777216,"broadcast":false,"dims":[32,8192,64],"logical":[8192,2048],"loop_factor":1}],"reduction_cores":1,"loop_trip":1,"tiles_output_dim":false,"tile_rows_per_core":0.0,"is_matmul":false,"matmul_macs":0,"matmul_rows_per_core":0.0,"matmul_cols_per_core":0.0,"matmul_a_bytes":0,"matmul_b_bytes":0,"matmul_m_split":1,"matmul_n_split":1,"hbm_pattern":""}]
SUMMARY op=neg rows=8192 cols=2048 cores=8 tiles=1 lx=1 io_hbm_bytes=67108864 kernel_us=736.137 pred_us=639.995 err_pct=-13.1 bw_gbps=91.2 memset_us=432.097 other_dev_us=2076.759 total_dev_us=3244.993
-- neg [8192,2048] sencores=16 tiles=1
  op_it_space_splits={d0: 16, d1: 1}
IO -- device-layout I/O (cost model, stick-padded) --
IO   op neg
IO     output op0                    torch [8192, 2048] -> device [32, 8192, 64] in HBM = 16777216 elems x 2B = 33554432 B  (hbm counted: 33554432 B)
IO     input  arg0_1                 torch [8192, 2048] -> device [32, 8192, 64] in HBM = 16777216 elems x 2B = 33554432 B  (hbm counted: 33554432 B)
IO   => HBM I/O total = 67108864 B  (lx 0 B, ~free)
MODEL -- estimate (turnaround): T = (R+W)/BW_PEAK + a*min(R,W) --
MODEL   R=33554432 B (read)   W=33554432 B (write)   loop_trip L=1
MODEL   base = (R+W)/150 = 447.39 us
MODEL   turn = a*min(R,W) = 0.00574*33554432 = 192.60 us
MODEL   => T_model = 639.99 us
MODEL FEATS [{"name":"neg","is_reduction":false,"out_elems":16777216,"cores":16,"dtype_bytes":2,"args":[{"name":"op0","role":"output","mem":"hbm","elems":16777216,"broadcast":false,"dims":[32,8192,64],"logical":[8192,2048],"loop_factor":1},{"name":"arg0_1","role":"input","mem":"hbm","elems":16777216,"broadcast":false,"dims":[32,8192,64],"logical":[8192,2048],"loop_factor":1}],"reduction_cores":1,"loop_trip":1,"tiles_output_dim":false,"tile_rows_per_core":0.0,"is_matmul":false,"matmul_macs":0,"matmul_rows_per_core":0.0,"matmul_cols_per_core":0.0,"matmul_a_bytes":0,"matmul_b_bytes":0,"matmul_m_split":1,"matmul_n_split":1,"hbm_pattern":""}]
SUMMARY op=neg rows=8192 cols=2048 cores=16 tiles=1 lx=1 io_hbm_bytes=67108864 kernel_us=737.233 pred_us=639.995 err_pct=-13.2 bw_gbps=91.0 memset_us=435.771 other_dev_us=2163.936 total_dev_us=3336.940
-- neg [8192,2048] sencores=32 tiles=1
  op_it_space_splits={d0: 32, d1: 1}
IO -- device-layout I/O (cost model, stick-padded) --
IO   op neg
IO     output op0                    torch [8192, 2048] -> device [32, 8192, 64] in HBM = 16777216 elems x 2B = 33554432 B  (hbm counted: 33554432 B)
IO     input  arg0_1                 torch [8192, 2048] -> device [32, 8192, 64] in HBM = 16777216 elems x 2B = 33554432 B  (hbm counted: 33554432 B)
IO   => HBM I/O total = 67108864 B  (lx 0 B, ~free)
MODEL -- estimate (turnaround): T = (R+W)/BW_PEAK + a*min(R,W) --
MODEL   R=33554432 B (read)   W=33554432 B (write)   loop_trip L=1
MODEL   base = (R+W)/150 = 447.39 us
MODEL   turn = a*min(R,W) = 0.00574*33554432 = 192.60 us
MODEL   => T_model = 639.99 us
MODEL FEATS [{"name":"neg","is_reduction":false,"out_elems":16777216,"cores":32,"dtype_bytes":2,"args":[{"name":"op0","role":"output","mem":"hbm","elems":16777216,"broadcast":false,"dims":[32,8192,64],"logical":[8192,2048],"loop_factor":1},{"name":"arg0_1","role":"input","mem":"hbm","elems":16777216,"broadcast":false,"dims":[32,8192,64],"logical":[8192,2048],"loop_factor":1}],"reduction_cores":1,"loop_trip":1,"tiles_output_dim":false,"tile_rows_per_core":0.0,"is_matmul":false,"matmul_macs":0,"matmul_rows_per_core":0.0,"matmul_cols_per_core":0.0,"matmul_a_bytes":0,"matmul_b_bytes":0,"matmul_m_split":1,"matmul_n_split":1,"hbm_pattern":""}]
SUMMARY op=neg rows=8192 cols=2048 cores=32 tiles=1 lx=1 io_hbm_bytes=67108864 kernel_us=654.757 pred_us=639.995 err_pct=-2.3 bw_gbps=102.5 memset_us=435.650 other_dev_us=2167.654 total_dev_us=3258.061
-- read [8192,2048] sencores=1 tiles=1
IO -- device-layout I/O (cost model, stick-padded) --
IO   op sum_1 [reduction]
IO     output op0                    torch [8192] -> device [1, 8192, 64] in HBM = 524288 elems x 2B = 1048576 B  (hbm counted: 1048576 B)
IO     input  arg0_1                 torch [8192, 2048] -> device [32, 8192, 64] in HBM = 16777216 elems x 2B = 33554432 B  (hbm counted: 33554432 B)
IO   => HBM I/O total = 34603008 B  (lx 0 B, ~free)
MODEL -- estimate (turnaround): T = (R+W)/BW_PEAK + a*min(R,W) --
MODEL   R=33554432 B (read)   W=1048576 B (write)   loop_trip L=1
MODEL   base = (R+W)/150 = 230.69 us
MODEL   turn = a*min(R,W) = 0.00574*1048576 = 6.02 us
MODEL   => T_model = 286.77 us
MODEL FEATS [{"name":"sum_1","is_reduction":true,"out_elems":524288,"cores":1,"dtype_bytes":2,"args":[{"name":"op0","role":"output","mem":"hbm","elems":524288,"broadcast":false,"dims":[1,8192,64],"logical":[8192],"loop_factor":1},{"name":"arg0_1","role":"input","mem":"hbm","elems":16777216,"broadcast":false,"dims":[32,8192,64],"logical":[8192,2048],"loop_factor":1}],"reduction_cores":1,"loop_trip":1,"tiles_output_dim":false,"tile_rows_per_core":0.0,"is_matmul":false,"matmul_macs":0,"matmul_rows_per_core":0.0,"matmul_cols_per_core":0.0,"matmul_a_bytes":0,"matmul_b_bytes":0,"matmul_m_split":1,"matmul_n_split":1,"hbm_pattern":""}]
SUMMARY op=read rows=8192 cols=2048 cores=1 tiles=1 lx=1 io_hbm_bytes=34603008 kernel_us=2390.183 pred_us=286.770 err_pct=-88.0 bw_gbps=14.5 memset_us=52.587 other_dev_us=180.544 total_dev_us=2623.314
-- read [8192,2048] sencores=2 tiles=1
  op_it_space_splits={d0: 2, d1: 1}
IO -- device-layout I/O (cost model, stick-padded) --
IO   op sum_1 [reduction]
IO     output op0                    torch [8192] -> device [1, 8192, 64] in HBM = 524288 elems x 2B = 1048576 B  (hbm counted: 1048576 B)
IO     input  arg0_1                 torch [8192, 2048] -> device [32, 8192, 64] in HBM = 16777216 elems x 2B = 33554432 B  (hbm counted: 33554432 B)
IO   => HBM I/O total = 34603008 B  (lx 0 B, ~free)
MODEL -- estimate (turnaround): T = (R+W)/BW_PEAK + a*min(R,W) --
MODEL   R=33554432 B (read)   W=1048576 B (write)   loop_trip L=1
MODEL   base = (R+W)/150 = 230.69 us
MODEL   turn = a*min(R,W) = 0.00574*1048576 = 6.02 us
MODEL   => T_model = 286.77 us
MODEL FEATS [{"name":"sum_1","is_reduction":true,"out_elems":524288,"cores":2,"dtype_bytes":2,"args":[{"name":"op0","role":"output","mem":"hbm","elems":524288,"broadcast":false,"dims":[1,8192,64],"logical":[8192],"loop_factor":1},{"name":"arg0_1","role":"input","mem":"hbm","elems":16777216,"broadcast":false,"dims":[32,8192,64],"logical":[8192,2048],"loop_factor":1}],"reduction_cores":1,"loop_trip":1,"tiles_output_dim":false,"tile_rows_per_core":0.0,"is_matmul":false,"matmul_macs":0,"matmul_rows_per_core":0.0,"matmul_cols_per_core":0.0,"matmul_a_bytes":0,"matmul_b_bytes":0,"matmul_m_split":1,"matmul_n_split":1,"hbm_pattern":""}]
SUMMARY op=read rows=8192 cols=2048 cores=2 tiles=1 lx=1 io_hbm_bytes=34603008 kernel_us=1195.020 pred_us=286.770 err_pct=-76.0 bw_gbps=29.0 memset_us=55.777 other_dev_us=173.883 total_dev_us=1424.680
-- read [8192,2048] sencores=4 tiles=1
  op_it_space_splits={d0: 4, d1: 1}
IO -- device-layout I/O (cost model, stick-padded) --
IO   op sum_1 [reduction]
IO     output op0                    torch [8192] -> device [1, 8192, 64] in HBM = 524288 elems x 2B = 1048576 B  (hbm counted: 1048576 B)
IO     input  arg0_1                 torch [8192, 2048] -> device [32, 8192, 64] in HBM = 16777216 elems x 2B = 33554432 B  (hbm counted: 33554432 B)
IO   => HBM I/O total = 34603008 B  (lx 0 B, ~free)
MODEL -- estimate (turnaround): T = (R+W)/BW_PEAK + a*min(R,W) --
MODEL   R=33554432 B (read)   W=1048576 B (write)   loop_trip L=1
MODEL   base = (R+W)/150 = 230.69 us
MODEL   turn = a*min(R,W) = 0.00574*1048576 = 6.02 us
MODEL   => T_model = 286.77 us
MODEL FEATS [{"name":"sum_1","is_reduction":true,"out_elems":524288,"cores":4,"dtype_bytes":2,"args":[{"name":"op0","role":"output","mem":"hbm","elems":524288,"broadcast":false,"dims":[1,8192,64],"logical":[8192],"loop_factor":1},{"name":"arg0_1","role":"input","mem":"hbm","elems":16777216,"broadcast":false,"dims":[32,8192,64],"logical":[8192,2048],"loop_factor":1}],"reduction_cores":1,"loop_trip":1,"tiles_output_dim":false,"tile_rows_per_core":0.0,"is_matmul":false,"matmul_macs":0,"matmul_rows_per_core":0.0,"matmul_cols_per_core":0.0,"matmul_a_bytes":0,"matmul_b_bytes":0,"matmul_m_split":1,"matmul_n_split":1,"hbm_pattern":""}]
SUMMARY op=read rows=8192 cols=2048 cores=4 tiles=1 lx=1 io_hbm_bytes=34603008 kernel_us=584.431 pred_us=286.770 err_pct=-50.9 bw_gbps=59.2 memset_us=67.565 other_dev_us=124.566 total_dev_us=776.562
-- read [8192,2048] sencores=8 tiles=1
  op_it_space_splits={d0: 8, d1: 1}
IO -- device-layout I/O (cost model, stick-padded) --
IO   op sum_1 [reduction]
IO     output op0                    torch [8192] -> device [1, 8192, 64] in HBM = 524288 elems x 2B = 1048576 B  (hbm counted: 1048576 B)
IO     input  arg0_1                 torch [8192, 2048] -> device [32, 8192, 64] in HBM = 16777216 elems x 2B = 33554432 B  (hbm counted: 33554432 B)
IO   => HBM I/O total = 34603008 B  (lx 0 B, ~free)
MODEL -- estimate (turnaround): T = (R+W)/BW_PEAK + a*min(R,W) --
MODEL   R=33554432 B (read)   W=1048576 B (write)   loop_trip L=1
MODEL   base = (R+W)/150 = 230.69 us
MODEL   turn = a*min(R,W) = 0.00574*1048576 = 6.02 us
MODEL   => T_model = 286.77 us
MODEL FEATS [{"name":"sum_1","is_reduction":true,"out_elems":524288,"cores":8,"dtype_bytes":2,"args":[{"name":"op0","role":"output","mem":"hbm","elems":524288,"broadcast":false,"dims":[1,8192,64],"logical":[8192],"loop_factor":1},{"name":"arg0_1","role":"input","mem":"hbm","elems":16777216,"broadcast":false,"dims":[32,8192,64],"logical":[8192,2048],"loop_factor":1}],"reduction_cores":1,"loop_trip":1,"tiles_output_dim":false,"tile_rows_per_core":0.0,"is_matmul":false,"matmul_macs":0,"matmul_rows_per_core":0.0,"matmul_cols_per_core":0.0,"matmul_a_bytes":0,"matmul_b_bytes":0,"matmul_m_split":1,"matmul_n_split":1,"hbm_pattern":""}]
SUMMARY op=read rows=8192 cols=2048 cores=8 tiles=1 lx=1 io_hbm_bytes=34603008 kernel_us=446.715 pred_us=286.770 err_pct=-35.8 bw_gbps=77.5 memset_us=120.019 other_dev_us=107.129 total_dev_us=673.863
-- read [8192,2048] sencores=16 tiles=1
  op_it_space_splits={d0: 16, d1: 1}
IO -- device-layout I/O (cost model, stick-padded) --
IO   op sum_1 [reduction]
IO     output op0                    torch [8192] -> device [1, 8192, 64] in HBM = 524288 elems x 2B = 1048576 B  (hbm counted: 1048576 B)
IO     input  arg0_1                 torch [8192, 2048] -> device [32, 8192, 64] in HBM = 16777216 elems x 2B = 33554432 B  (hbm counted: 33554432 B)
IO   => HBM I/O total = 34603008 B  (lx 0 B, ~free)
MODEL -- estimate (turnaround): T = (R+W)/BW_PEAK + a*min(R,W) --
MODEL   R=33554432 B (read)   W=1048576 B (write)   loop_trip L=1
MODEL   base = (R+W)/150 = 230.69 us
MODEL   turn = a*min(R,W) = 0.00574*1048576 = 6.02 us
MODEL   => T_model = 286.77 us
MODEL FEATS [{"name":"sum_1","is_reduction":true,"out_elems":524288,"cores":16,"dtype_bytes":2,"args":[{"name":"op0","role":"output","mem":"hbm","elems":524288,"broadcast":false,"dims":[1,8192,64],"logical":[8192],"loop_factor":1},{"name":"arg0_1","role":"input","mem":"hbm","elems":16777216,"broadcast":false,"dims":[32,8192,64],"logical":[8192,2048],"loop_factor":1}],"reduction_cores":1,"loop_trip":1,"tiles_output_dim":false,"tile_rows_per_core":0.0,"is_matmul":false,"matmul_macs":0,"matmul_rows_per_core":0.0,"matmul_cols_per_core":0.0,"matmul_a_bytes":0,"matmul_b_bytes":0,"matmul_m_split":1,"matmul_n_split":1,"hbm_pattern":""}]
SUMMARY op=read rows=8192 cols=2048 cores=16 tiles=1 lx=1 io_hbm_bytes=34603008 kernel_us=461.018 pred_us=286.770 err_pct=-37.8 bw_gbps=75.1 memset_us=57.230 other_dev_us=183.098 total_dev_us=701.346
-- read [8192,2048] sencores=32 tiles=1
  op_it_space_splits={d0: 32, d1: 1}
IO -- device-layout I/O (cost model, stick-padded) --
IO   op sum_1 [reduction]
IO     output op0                    torch [8192] -> device [1, 8192, 64] in HBM = 524288 elems x 2B = 1048576 B  (hbm counted: 1048576 B)
IO     input  arg0_1                 torch [8192, 2048] -> device [32, 8192, 64] in HBM = 16777216 elems x 2B = 33554432 B  (hbm counted: 33554432 B)
IO   => HBM I/O total = 34603008 B  (lx 0 B, ~free)
MODEL -- estimate (turnaround): T = (R+W)/BW_PEAK + a*min(R,W) --
MODEL   R=33554432 B (read)   W=1048576 B (write)   loop_trip L=1
MODEL   base = (R+W)/150 = 230.69 us
MODEL   turn = a*min(R,W) = 0.00574*1048576 = 6.02 us
MODEL   => T_model = 286.77 us
MODEL FEATS [{"name":"sum_1","is_reduction":true,"out_elems":524288,"cores":32,"dtype_bytes":2,"args":[{"name":"op0","role":"output","mem":"hbm","elems":524288,"broadcast":false,"dims":[1,8192,64],"logical":[8192],"loop_factor":1},{"name":"arg0_1","role":"input","mem":"hbm","elems":16777216,"broadcast":false,"dims":[32,8192,64],"logical":[8192,2048],"loop_factor":1}],"reduction_cores":1,"loop_trip":1,"tiles_output_dim":false,"tile_rows_per_core":0.0,"is_matmul":false,"matmul_macs":0,"matmul_rows_per_core":0.0,"matmul_cols_per_core":0.0,"matmul_a_bytes":0,"matmul_b_bytes":0,"matmul_m_split":1,"matmul_n_split":1,"hbm_pattern":""}]
SUMMARY op=read rows=8192 cols=2048 cores=32 tiles=1 lx=1 io_hbm_bytes=34603008 kernel_us=276.506 pred_us=286.770 err_pct=+3.7 bw_gbps=125.1 memset_us=58.623 other_dev_us=172.913 total_dev_us=508.042
-- softmax_row_tiling [8192,2048] sencores=1 tiles=8
IO -- device-layout I/O (cost model, stick-padded) --
IO   op amax [reduction]
IO     output op0                    torch [1024, 1] -> device [1, 1, 1024, 64] in LX = 65536 elems x 2B = 131072 B  (hbm counted: 0 B)
IO     input  arg0_1                 torch [8192, 2048] -> device [32, 8192, 64] in HBM = 16777216 elems x 2B = 33554432 B  (hbm counted: 33554432 B)
IO   op sub
IO     output op1                    torch [1024, 2048] -> device [32, 1024, 64] in HBM = 2097152 elems x 2B = 4194304 B  (hbm counted: 4194304 B)
IO     input  arg0_1                 torch [8192, 2048] -> device [32, 8192, 64] in HBM = 16777216 elems x 2B = 33554432 B  (hbm counted: 33554432 B)
IO     input  buf0                   torch [1024, 1] -> device [1, 1, 1024, 64] in LX = 65536 elems x 2B = 131072 B  (hbm counted: 0 B) broadcast (loaded once)
IO   op exp
IO     output op2                    torch [1024, 2048] -> device [32, 1024, 64] in HBM = 2097152 elems x 2B = 4194304 B  (hbm counted: 4194304 B)
IO     input  buf1                   torch [1024, 2048] -> device [32, 1024, 64] in HBM = 2097152 elems x 2B = 4194304 B  (hbm counted: 4194304 B)
IO   op sum_1 [reduction]
IO     output op3                    torch [1024, 1] -> device [1, 1, 1024, 64] in LX = 65536 elems x 2B = 131072 B  (hbm counted: 0 B)
IO     input  buf2                   torch [1024, 2048] -> device [32, 1024, 64] in HBM = 2097152 elems x 2B = 4194304 B  (hbm counted: 4194304 B)
IO   op div
IO     output op4                    torch [8192, 2048] -> device [8192, 2048] in HBM = 16777216 elems x 2B = 33554432 B  (hbm counted: 33554432 B)
IO     input  buf2                   torch [1024, 2048] -> device [32, 1024, 64] in HBM = 2097152 elems x 2B = 4194304 B  (hbm counted: 4194304 B)
IO     input  buf3                   torch [1024, 1] -> device [1, 1, 1024, 64] in LX = 65536 elems x 2B = 131072 B  (hbm counted: 0 B) broadcast (loaded once)
IO   => HBM I/O total = 121634816 B  (lx 524288 B, ~free)
MODEL -- estimate (turnaround): T = [(R+W)/BW_PEAK + a*min(R,W)] / eff_underfill --
MODEL   R=46137344 B (read)   W=41943040 B (write)   loop_trip L=8
MODEL   base = (R+W)/150 = 587.20 us
MODEL   turn = a*min(R,W) = 0.00574*41943040 = 240.75 us
MODEL   eff_underfill = min(0.95,(1024.0/13)**0.68) = 0.950 -> (base+turn)/eff = 871.53 us
MODEL   => T_model = 1321.00 us
MODEL FEATS [{"name":"amax","is_reduction":true,"out_elems":65536,"cores":1,"dtype_bytes":2,"args":[{"name":"op0","role":"output","mem":"lx","elems":65536,"broadcast":false,"dims":[1,1,1024,64],"logical":[1024,1],"loop_factor":1},{"name":"arg0_1","role":"input","mem":"hbm","elems":16777216,"broadcast":false,"dims":[32,8192,64],"logical":[8192,2048],"loop_factor":1}],"reduction_cores":1,"loop_trip":8,"tiles_output_dim":true,"tile_rows_per_core":1024.0,"is_matmul":false,"matmul_macs":0,"matmul_rows_per_core":0.0,"matmul_cols_per_core":0.0,"matmul_a_bytes":0,"matmul_b_bytes":0,"matmul_m_split":1,"matmul_n_split":1,"hbm_pattern":""},{"name":"sub","is_reduction":false,"out_elems":2097152,"cores":1,"dtype_bytes":2,"args":[{"name":"op1","role":"output","mem":"hbm","elems":2097152,"broadcast":false,"dims":[32,1024,64],"logical":[1024,2048],"loop_factor":1},{"name":"arg0_1","role":"input","mem":"hbm","elems":16777216,"broadcast":false,"dims":[32,8192,64],"logical":[8192,2048],"loop_factor":1},{"name":"buf0","role":"input","mem":"lx","elems":65536,"broadcast":true,"dims":[1,1,1024,64],"logical":[1024,1],"loop_factor":1}],"reduction_cores":1,"loop_trip":8,"tiles_output_dim":true,"tile_rows_per_core":128.0,"is_matmul":false,"matmul_macs":0,"matmul_rows_per_core":0.0,"matmul_cols_per_core":0.0,"matmul_a_bytes":0,"matmul_b_bytes":0,"matmul_m_split":1,"matmul_n_split":1,"hbm_pattern":""},{"name":"exp","is_reduction":false,"out_elems":2097152,"cores":1,"dtype_bytes":2,"args":[{"name":"op2","role":"output","mem":"hbm","elems":2097152,"broadcast":false,"dims":[32,1024,64],"logical":[1024,2048],"loop_factor":1},{"name":"buf1","role":"input","mem":"hbm","elems":2097152,"broadcast":false,"dims":[32,1024,64],"logical":[1024,2048],"loop_factor":1}],"reduction_cores":1,"loop_trip":8,"tiles_output_dim":true,"tile_rows_per_core":128.0,"is_matmul":false,"matmul_macs":0,"matmul_rows_per_core":0.0,"matmul_cols_per_core":0.0,"matmul_a_bytes":0,"matmul_b_bytes":0,"matmul_m_split":1,"matmul_n_split":1,"hbm_pattern":""},{"name":"sum_1","is_reduction":true,"out_elems":65536,"cores":1,"dtype_bytes":2,"args":[{"name":"op3","role":"output","mem":"lx","elems":65536,"broadcast":false,"dims":[1,1,1024,64],"logical":[1024,1],"loop_factor":1},{"name":"buf2","role":"input","mem":"hbm","elems":2097152,"broadcast":false,"dims":[32,1024,64],"logical":[1024,2048],"loop_factor":1}],"reduction_cores":1,"loop_trip":8,"tiles_output_dim":true,"tile_rows_per_core":1024.0,"is_matmul":false,"matmul_macs":0,"matmul_rows_per_core":0.0,"matmul_cols_per_core":0.0,"matmul_a_bytes":0,"matmul_b_bytes":0,"matmul_m_split":1,"matmul_n_split":1,"hbm_pattern":""},{"name":"div","is_reduction":false,"out_elems":16777216,"cores":1,"dtype_bytes":2,"args":[{"name":"op4","role":"output","mem":"hbm","elems":16777216,"broadcast":false,"dims":[8192,2048],"logical":[8192,2048],"loop_factor":1},{"name":"buf2","role":"input","mem":"hbm","elems":2097152,"broadcast":false,"dims":[32,1024,64],"logical":[1024,2048],"loop_factor":1},{"name":"buf3","role":"input","mem":"lx","elems":65536,"broadcast":true,"dims":[1,1,1024,64],"logical":[1024,1],"loop_factor":1}],"reduction_cores":1,"loop_trip":8,"tiles_output_dim":true,"tile_rows_per_core":1024,"is_matmul":false,"matmul_macs":0,"matmul_rows_per_core":0.0,"matmul_cols_per_core":0.0,"matmul_a_bytes":0,"matmul_b_bytes":0,"matmul_m_split":1,"matmul_n_split":1,"hbm_pattern":""}]
SUMMARY op=softmax_row_tiling rows=8192 cols=2048 cores=1 tiles=8 lx=1 io_hbm_bytes=121634816 kernel_us=10846.780 pred_us=1320.996 err_pct=-87.8 bw_gbps=11.2 memset_us=492.293 other_dev_us=2197.463 total_dev_us=13536.536
-- softmax_row_tiling [8192,2048] sencores=2 tiles=8
  op_it_space_splits={d0: 2, d1: 1}
  op_it_space_splits={d0: 2, d1: 1}
  op_it_space_splits={d0: 2, d1: 1}
  op_it_space_splits={d0: 2, d1: 1}
  op_it_space_splits={d0: 2, d1: 1}
  op_it_space_splits={d0: 2, d1: 1}
  op_it_space_splits={d0: 2, d1: 1}
  op_it_space_splits={d0: 2, d1: 1}
  op_it_space_splits={d0: 2, d1: 1}
  op_it_space_splits={d0: 2, d1: 1}
  op_it_space_splits={d0: 2, d1: 1}
  op_it_space_splits={d0: 2, d1: 1}
  op_it_space_splits={d0: 2, d1: 1}
  op_it_space_splits={d0: 2, d1: 1}
  op_it_space_splits={d0: 2, d1: 1}
  op_it_space_splits={d0: 2, d1: 1}
  op_it_space_splits={d0: 2, d1: 1}
  op_it_space_splits={d0: 2, d1: 1}
  op_it_space_splits={d0: 2, d1: 1}
  op_it_space_splits={d0: 2, d1: 1}
  op_it_space_splits={d0: 2, d1: 1}
  op_it_space_splits={d0: 2, d1: 1}
  op_it_space_splits={d0: 2, d1: 1}
  op_it_space_splits={d0: 2, d1: 1}
  op_it_space_splits={d0: 2, d1: 1}
  op_it_space_splits={d0: 2, d1: 1}
  op_it_space_splits={d0: 2, d1: 1}
  op_it_space_splits={d0: 2, d1: 1}
  op_it_space_splits={d0: 2, d1: 1}
  op_it_space_splits={d0: 2, d1: 1}
IO -- device-layout I/O (cost model, stick-padded) --
IO   op amax [reduction]
IO     output op0                    torch [1024, 1] -> device [1, 1, 1024, 64] in LX = 65536 elems x 2B = 131072 B  (hbm counted: 0 B)
IO     input  arg0_1                 torch [8192, 2048] -> device [32, 8192, 64] in HBM = 16777216 elems x 2B = 33554432 B  (hbm counted: 33554432 B)
IO   op sub
IO     output op1                    torch [1024, 2048] -> device [32, 1024, 64] in HBM = 2097152 elems x 2B = 4194304 B  (hbm counted: 4194304 B)
IO     input  arg0_1                 torch [8192, 2048] -> device [32, 8192, 64] in HBM = 16777216 elems x 2B = 33554432 B  (hbm counted: 33554432 B)
IO     input  buf0                   torch [1024, 1] -> device [1, 1, 1024, 64] in LX = 65536 elems x 2B = 131072 B  (hbm counted: 0 B) broadcast (loaded once)
IO   op exp
IO     output op2                    torch [1024, 2048] -> device [32, 1024, 64] in HBM = 2097152 elems x 2B = 4194304 B  (hbm counted: 4194304 B)
IO     input  buf1                   torch [1024, 2048] -> device [32, 1024, 64] in HBM = 2097152 elems x 2B = 4194304 B  (hbm counted: 4194304 B)
IO   op sum_1 [reduction]
IO     output op3                    torch [1024, 1] -> device [1, 1, 1024, 64] in LX = 65536 elems x 2B = 131072 B  (hbm counted: 0 B)
IO     input  buf2                   torch [1024, 2048] -> device [32, 1024, 64] in HBM = 2097152 elems x 2B = 4194304 B  (hbm counted: 4194304 B)
IO   op div
IO     output op4                    torch [8192, 2048] -> device [8192, 2048] in HBM = 16777216 elems x 2B = 33554432 B  (hbm counted: 33554432 B)
IO     input  buf2                   torch [1024, 2048] -> device [32, 1024, 64] in HBM = 2097152 elems x 2B = 4194304 B  (hbm counted: 4194304 B)
IO     input  buf3                   torch [1024, 1] -> device [1, 1, 1024, 64] in LX = 65536 elems x 2B = 131072 B  (hbm counted: 0 B) broadcast (loaded once)
IO   => HBM I/O total = 121634816 B  (lx 524288 B, ~free)
MODEL -- estimate (turnaround): T = [(R+W)/BW_PEAK + a*min(R,W)] / eff_underfill --
MODEL   R=46137344 B (read)   W=41943040 B (write)   loop_trip L=8
MODEL   base = (R+W)/150 = 587.20 us
MODEL   turn = a*min(R,W) = 0.00574*41943040 = 240.75 us
MODEL   eff_underfill = min(0.95,(512.0/13)**0.68) = 0.950 -> (base+turn)/eff = 871.53 us
MODEL   => T_model = 1190.55 us
MODEL FEATS [{"name":"amax","is_reduction":true,"out_elems":65536,"cores":2,"dtype_bytes":2,"args":[{"name":"op0","role":"output","mem":"lx","elems":65536,"broadcast":false,"dims":[1,1,1024,64],"logical":[1024,1],"loop_factor":1},{"name":"arg0_1","role":"input","mem":"hbm","elems":16777216,"broadcast":false,"dims":[32,8192,64],"logical":[8192,2048],"loop_factor":1}],"reduction_cores":1,"loop_trip":8,"tiles_output_dim":true,"tile_rows_per_core":512.0,"is_matmul":false,"matmul_macs":0,"matmul_rows_per_core":0.0,"matmul_cols_per_core":0.0,"matmul_a_bytes":0,"matmul_b_bytes":0,"matmul_m_split":1,"matmul_n_split":1,"hbm_pattern":""},{"name":"sub","is_reduction":false,"out_elems":2097152,"cores":2,"dtype_bytes":2,"args":[{"name":"op1","role":"output","mem":"hbm","elems":2097152,"broadcast":false,"dims":[32,1024,64],"logical":[1024,2048],"loop_factor":1},{"name":"arg0_1","role":"input","mem":"hbm","elems":16777216,"broadcast":false,"dims":[32,8192,64],"logical":[8192,2048],"loop_factor":1},{"name":"buf0","role":"input","mem":"lx","elems":65536,"broadcast":true,"dims":[1,1,1024,64],"logical":[1024,1],"loop_factor":1}],"reduction_cores":1,"loop_trip":8,"tiles_output_dim":true,"tile_rows_per_core":64.0,"is_matmul":false,"matmul_macs":0,"matmul_rows_per_core":0.0,"matmul_cols_per_core":0.0,"matmul_a_bytes":0,"matmul_b_bytes":0,"matmul_m_split":1,"matmul_n_split":1,"hbm_pattern":""},{"name":"exp","is_reduction":false,"out_elems":2097152,"cores":2,"dtype_bytes":2,"args":[{"name":"op2","role":"output","mem":"hbm","elems":2097152,"broadcast":false,"dims":[32,1024,64],"logical":[1024,2048],"loop_factor":1},{"name":"buf1","role":"input","mem":"hbm","elems":2097152,"broadcast":false,"dims":[32,1024,64],"logical":[1024,2048],"loop_factor":1}],"reduction_cores":1,"loop_trip":8,"tiles_output_dim":true,"tile_rows_per_core":64.0,"is_matmul":false,"matmul_macs":0,"matmul_rows_per_core":0.0,"matmul_cols_per_core":0.0,"matmul_a_bytes":0,"matmul_b_bytes":0,"matmul_m_split":1,"matmul_n_split":1,"hbm_pattern":""},{"name":"sum_1","is_reduction":true,"out_elems":65536,"cores":2,"dtype_bytes":2,"args":[{"name":"op3","role":"output","mem":"lx","elems":65536,"broadcast":false,"dims":[1,1,1024,64],"logical":[1024,1],"loop_factor":1},{"name":"buf2","role":"input","mem":"hbm","elems":2097152,"broadcast":false,"dims":[32,1024,64],"logical":[1024,2048],"loop_factor":1}],"reduction_cores":1,"loop_trip":8,"tiles_output_dim":true,"tile_rows_per_core":512.0,"is_matmul":false,"matmul_macs":0,"matmul_rows_per_core":0.0,"matmul_cols_per_core":0.0,"matmul_a_bytes":0,"matmul_b_bytes":0,"matmul_m_split":1,"matmul_n_split":1,"hbm_pattern":""},{"name":"div","is_reduction":false,"out_elems":16777216,"cores":2,"dtype_bytes":2,"args":[{"name":"op4","role":"output","mem":"hbm","elems":16777216,"broadcast":false,"dims":[8192,2048],"logical":[8192,2048],"loop_factor":1},{"name":"buf2","role":"input","mem":"hbm","elems":2097152,"broadcast":false,"dims":[32,1024,64],"logical":[1024,2048],"loop_factor":1},{"name":"buf3","role":"input","mem":"lx","elems":65536,"broadcast":true,"dims":[1,1,1024,64],"logical":[1024,1],"loop_factor":1}],"reduction_cores":1,"loop_trip":8,"tiles_output_dim":true,"tile_rows_per_core":512,"is_matmul":false,"matmul_macs":0,"matmul_rows_per_core":0.0,"matmul_cols_per_core":0.0,"matmul_a_bytes":0,"matmul_b_bytes":0,"matmul_m_split":1,"matmul_n_split":1,"hbm_pattern":""}]
SUMMARY op=softmax_row_tiling rows=8192 cols=2048 cores=2 tiles=8 lx=1 io_hbm_bytes=121634816 kernel_us=5635.667 pred_us=1190.548 err_pct=-78.9 bw_gbps=21.6 memset_us=480.097 other_dev_us=2429.959 total_dev_us=8545.723
-- softmax_row_tiling [8192,2048] sencores=4 tiles=8
  op_it_space_splits={d0: 4, d1: 1}
  op_it_space_splits={d0: 4, d1: 1}
  op_it_space_splits={d0: 4, d1: 1}
  op_it_space_splits={d0: 4, d1: 1}
  op_it_space_splits={d0: 4, d1: 1}
  op_it_space_splits={d0: 4, d1: 1}
  op_it_space_splits={d0: 4, d1: 1}
  op_it_space_splits={d0: 4, d1: 1}
  op_it_space_splits={d0: 4, d1: 1}
  op_it_space_splits={d0: 4, d1: 1}
  op_it_space_splits={d0: 4, d1: 1}
  op_it_space_splits={d0: 4, d1: 1}
  op_it_space_splits={d0: 4, d1: 1}
  op_it_space_splits={d0: 4, d1: 1}
  op_it_space_splits={d0: 4, d1: 1}
  op_it_space_splits={d0: 4, d1: 1}
  op_it_space_splits={d0: 4, d1: 1}
  op_it_space_splits={d0: 4, d1: 1}
  op_it_space_splits={d0: 4, d1: 1}
  op_it_space_splits={d0: 4, d1: 1}
  op_it_space_splits={d0: 4, d1: 1}
  op_it_space_splits={d0: 4, d1: 1}
  op_it_space_splits={d0: 4, d1: 1}
  op_it_space_splits={d0: 4, d1: 1}
  op_it_space_splits={d0: 4, d1: 1}
  op_it_space_splits={d0: 4, d1: 1}
  op_it_space_splits={d0: 4, d1: 1}
  op_it_space_splits={d0: 4, d1: 1}
  op_it_space_splits={d0: 4, d1: 1}
  op_it_space_splits={d0: 4, d1: 1}
IO -- device-layout I/O (cost model, stick-padded) --
IO   op amax [reduction]
IO     output op0                    torch [1024, 1] -> device [1, 1, 1024, 64] in LX = 65536 elems x 2B = 131072 B  (hbm counted: 0 B)
IO     input  arg0_1                 torch [8192, 2048] -> device [32, 8192, 64] in HBM = 16777216 elems x 2B = 33554432 B  (hbm counted: 33554432 B)
IO   op sub
IO     output op1                    torch [1024, 2048] -> device [32, 1024, 64] in LX = 2097152 elems x 2B = 4194304 B  (hbm counted: 0 B)
IO     input  arg0_1                 torch [8192, 2048] -> device [32, 8192, 64] in HBM = 16777216 elems x 2B = 33554432 B  (hbm counted: 33554432 B)
IO     input  buf0                   torch [1024, 1] -> device [1, 1, 1024, 64] in LX = 65536 elems x 2B = 131072 B  (hbm counted: 0 B) broadcast (loaded once)
IO   op exp
IO     output op2                    torch [1024, 2048] -> device [32, 1024, 64] in LX = 2097152 elems x 2B = 4194304 B  (hbm counted: 0 B)
IO     input  buf1                   torch [1024, 2048] -> device [32, 1024, 64] in LX = 2097152 elems x 2B = 4194304 B  (hbm counted: 0 B)
IO   op sum_1 [reduction]
IO     output op3                    torch [1024, 1] -> device [1, 1, 1024, 64] in LX = 65536 elems x 2B = 131072 B  (hbm counted: 0 B)
IO     input  buf2                   torch [1024, 2048] -> device [32, 1024, 64] in LX = 2097152 elems x 2B = 4194304 B  (hbm counted: 0 B)
IO   op div
IO     output op4                    torch [8192, 2048] -> device [8192, 2048] in HBM = 16777216 elems x 2B = 33554432 B  (hbm counted: 33554432 B)
IO     input  buf2                   torch [1024, 2048] -> device [32, 1024, 64] in LX = 2097152 elems x 2B = 4194304 B  (hbm counted: 0 B)
IO     input  buf3                   torch [1024, 1] -> device [1, 1, 1024, 64] in LX = 65536 elems x 2B = 131072 B  (hbm counted: 0 B) broadcast (loaded once)
IO   => HBM I/O total = 100663296 B  (lx 21495808 B, ~free)
MODEL -- estimate (turnaround): T = [(R+W)/BW_PEAK + a*min(R,W)] / eff_underfill --
MODEL   R=33554432 B (read)   W=33554432 B (write)   loop_trip L=8
MODEL   base = (R+W)/150 = 447.39 us
MODEL   turn = a*min(R,W) = 0.00574*33554432 = 192.60 us
MODEL   eff_underfill = min(0.95,(256.0/13)**0.68) = 0.950 -> (base+turn)/eff = 673.68 us
MODEL   => T_model = 829.40 us
MODEL FEATS [{"name":"amax","is_reduction":true,"out_elems":65536,"cores":4,"dtype_bytes":2,"args":[{"name":"op0","role":"output","mem":"lx","elems":65536,"broadcast":false,"dims":[1,1,1024,64],"logical":[1024,1],"loop_factor":1},{"name":"arg0_1","role":"input","mem":"hbm","elems":16777216,"broadcast":false,"dims":[32,8192,64],"logical":[8192,2048],"loop_factor":1}],"reduction_cores":1,"loop_trip":8,"tiles_output_dim":true,"tile_rows_per_core":256.0,"is_matmul":false,"matmul_macs":0,"matmul_rows_per_core":0.0,"matmul_cols_per_core":0.0,"matmul_a_bytes":0,"matmul_b_bytes":0,"matmul_m_split":1,"matmul_n_split":1,"hbm_pattern":""},{"name":"sub","is_reduction":false,"out_elems":2097152,"cores":4,"dtype_bytes":2,"args":[{"name":"op1","role":"output","mem":"lx","elems":2097152,"broadcast":false,"dims":[32,1024,64],"logical":[1024,2048],"loop_factor":1},{"name":"arg0_1","role":"input","mem":"hbm","elems":16777216,"broadcast":false,"dims":[32,8192,64],"logical":[8192,2048],"loop_factor":1},{"name":"buf0","role":"input","mem":"lx","elems":65536,"broadcast":true,"dims":[1,1,1024,64],"logical":[1024,1],"loop_factor":1}],"reduction_cores":1,"loop_trip":8,"tiles_output_dim":true,"tile_rows_per_core":256.0,"is_matmul":false,"matmul_macs":0,"matmul_rows_per_core":0.0,"matmul_cols_per_core":0.0,"matmul_a_bytes":0,"matmul_b_bytes":0,"matmul_m_split":1,"matmul_n_split":1,"hbm_pattern":""},{"name":"exp","is_reduction":false,"out_elems":2097152,"cores":4,"dtype_bytes":2,"args":[{"name":"op2","role":"output","mem":"lx","elems":2097152,"broadcast":false,"dims":[32,1024,64],"logical":[1024,2048],"loop_factor":1},{"name":"buf1","role":"input","mem":"lx","elems":2097152,"broadcast":false,"dims":[32,1024,64],"logical":[1024,2048],"loop_factor":1}],"reduction_cores":1,"loop_trip":8,"tiles_output_dim":true,"tile_rows_per_core":256.0,"is_matmul":false,"matmul_macs":0,"matmul_rows_per_core":0.0,"matmul_cols_per_core":0.0,"matmul_a_bytes":0,"matmul_b_bytes":0,"matmul_m_split":1,"matmul_n_split":1,"hbm_pattern":""},{"name":"sum_1","is_reduction":true,"out_elems":65536,"cores":4,"dtype_bytes":2,"args":[{"name":"op3","role":"output","mem":"lx","elems":65536,"broadcast":false,"dims":[1,1,1024,64],"logical":[1024,1],"loop_factor":1},{"name":"buf2","role":"input","mem":"lx","elems":2097152,"broadcast":false,"dims":[32,1024,64],"logical":[1024,2048],"loop_factor":1}],"reduction_cores":1,"loop_trip":8,"tiles_output_dim":true,"tile_rows_per_core":256.0,"is_matmul":false,"matmul_macs":0,"matmul_rows_per_core":0.0,"matmul_cols_per_core":0.0,"matmul_a_bytes":0,"matmul_b_bytes":0,"matmul_m_split":1,"matmul_n_split":1,"hbm_pattern":""},{"name":"div","is_reduction":false,"out_elems":16777216,"cores":4,"dtype_bytes":2,"args":[{"name":"op4","role":"output","mem":"hbm","elems":16777216,"broadcast":false,"dims":[8192,2048],"logical":[8192,2048],"loop_factor":1},{"name":"buf2","role":"input","mem":"lx","elems":2097152,"broadcast":false,"dims":[32,1024,64],"logical":[1024,2048],"loop_factor":1},{"name":"buf3","role":"input","mem":"lx","elems":65536,"broadcast":true,"dims":[1,1,1024,64],"logical":[1024,1],"loop_factor":1}],"reduction_cores":1,"loop_trip":8,"tiles_output_dim":true,"tile_rows_per_core":256,"is_matmul":false,"matmul_macs":0,"matmul_rows_per_core":0.0,"matmul_cols_per_core":0.0,"matmul_a_bytes":0,"matmul_b_bytes":0,"matmul_m_split":1,"matmul_n_split":1,"hbm_pattern":""}]
SUMMARY op=softmax_row_tiling rows=8192 cols=2048 cores=4 tiles=8 lx=1 io_hbm_bytes=100663296 kernel_us=2306.403 pred_us=829.396 err_pct=-64.0 bw_gbps=43.6 memset_us=631.077 other_dev_us=1507.367 total_dev_us=4444.847
-- softmax_row_tiling [8192,2048] sencores=8 tiles=8
  op_it_space_splits={d0: 8, d1: 1}
  op_it_space_splits={d0: 8, d1: 1}
  op_it_space_splits={d0: 8, d1: 1}
  op_it_space_splits={d0: 8, d1: 1}
  op_it_space_splits={d0: 8, d1: 1}
  op_it_space_splits={d0: 8, d1: 1}
  op_it_space_splits={d0: 8, d1: 1}
  op_it_space_splits={d0: 8, d1: 1}
  op_it_space_splits={d0: 8, d1: 1}
  op_it_space_splits={d0: 8, d1: 1}
  op_it_space_splits={d0: 8, d1: 1}
  op_it_space_splits={d0: 8, d1: 1}
  op_it_space_splits={d0: 8, d1: 1}
  op_it_space_splits={d0: 8, d1: 1}
  op_it_space_splits={d0: 8, d1: 1}
  op_it_space_splits={d0: 8, d1: 1}
  op_it_space_splits={d0: 8, d1: 1}
  op_it_space_splits={d0: 8, d1: 1}
  op_it_space_splits={d0: 8, d1: 1}
  op_it_space_splits={d0: 8, d1: 1}
  op_it_space_splits={d0: 8, d1: 1}
  op_it_space_splits={d0: 8, d1: 1}
  op_it_space_splits={d0: 8, d1: 1}
  op_it_space_splits={d0: 8, d1: 1}
  op_it_space_splits={d0: 8, d1: 1}
  op_it_space_splits={d0: 8, d1: 1}
  op_it_space_splits={d0: 8, d1: 1}
  op_it_space_splits={d0: 8, d1: 1}
  op_it_space_splits={d0: 8, d1: 1}
  op_it_space_splits={d0: 8, d1: 1}
IO -- device-layout I/O (cost model, stick-padded) --
IO   op amax [reduction]
IO     output op0                    torch [1024, 1] -> device [1, 1, 1024, 64] in LX = 65536 elems x 2B = 131072 B  (hbm counted: 0 B)
IO     input  arg0_1                 torch [8192, 2048] -> device [32, 8192, 64] in HBM = 16777216 elems x 2B = 33554432 B  (hbm counted: 33554432 B)
IO   op sub
IO     output op1                    torch [1024, 2048] -> device [32, 1024, 64] in LX = 2097152 elems x 2B = 4194304 B  (hbm counted: 0 B)
IO     input  arg0_1                 torch [8192, 2048] -> device [32, 8192, 64] in HBM = 16777216 elems x 2B = 33554432 B  (hbm counted: 33554432 B)
IO     input  buf0                   torch [1024, 1] -> device [1, 1, 1024, 64] in LX = 65536 elems x 2B = 131072 B  (hbm counted: 0 B) broadcast (loaded once)
IO   op exp
IO     output op2                    torch [1024, 2048] -> device [32, 1024, 64] in LX = 2097152 elems x 2B = 4194304 B  (hbm counted: 0 B)
IO     input  buf1                   torch [1024, 2048] -> device [32, 1024, 64] in LX = 2097152 elems x 2B = 4194304 B  (hbm counted: 0 B)
IO   op sum_1 [reduction]
IO     output op3                    torch [1024, 1] -> device [1, 1, 1024, 64] in LX = 65536 elems x 2B = 131072 B  (hbm counted: 0 B)
IO     input  buf2                   torch [1024, 2048] -> device [32, 1024, 64] in LX = 2097152 elems x 2B = 4194304 B  (hbm counted: 0 B)
IO   op div
IO     output op4                    torch [8192, 2048] -> device [8192, 2048] in HBM = 16777216 elems x 2B = 33554432 B  (hbm counted: 33554432 B)
IO     input  buf2                   torch [1024, 2048] -> device [32, 1024, 64] in LX = 2097152 elems x 2B = 4194304 B  (hbm counted: 0 B)
IO     input  buf3                   torch [1024, 1] -> device [1, 1, 1024, 64] in LX = 65536 elems x 2B = 131072 B  (hbm counted: 0 B) broadcast (loaded once)
IO   => HBM I/O total = 100663296 B  (lx 21495808 B, ~free)
MODEL -- estimate (turnaround): T = [(R+W)/BW_PEAK + a*min(R,W)] / eff_underfill --
MODEL   R=33554432 B (read)   W=33554432 B (write)   loop_trip L=8
MODEL   base = (R+W)/150 = 447.39 us
MODEL   turn = a*min(R,W) = 0.00574*33554432 = 192.60 us
MODEL   eff_underfill = min(0.95,(128.0/13)**0.68) = 0.950 -> (base+turn)/eff = 673.68 us
MODEL   => T_model = 747.49 us
MODEL FEATS [{"name":"amax","is_reduction":true,"out_elems":65536,"cores":8,"dtype_bytes":2,"args":[{"name":"op0","role":"output","mem":"lx","elems":65536,"broadcast":false,"dims":[1,1,1024,64],"logical":[1024,1],"loop_factor":1},{"name":"arg0_1","role":"input","mem":"hbm","elems":16777216,"broadcast":false,"dims":[32,8192,64],"logical":[8192,2048],"loop_factor":1}],"reduction_cores":1,"loop_trip":8,"tiles_output_dim":true,"tile_rows_per_core":128.0,"is_matmul":false,"matmul_macs":0,"matmul_rows_per_core":0.0,"matmul_cols_per_core":0.0,"matmul_a_bytes":0,"matmul_b_bytes":0,"matmul_m_split":1,"matmul_n_split":1,"hbm_pattern":""},{"name":"sub","is_reduction":false,"out_elems":2097152,"cores":8,"dtype_bytes":2,"args":[{"name":"op1","role":"output","mem":"lx","elems":2097152,"broadcast":false,"dims":[32,1024,64],"logical":[1024,2048],"loop_factor":1},{"name":"arg0_1","role":"input","mem":"hbm","elems":16777216,"broadcast":false,"dims":[32,8192,64],"logical":[8192,2048],"loop_factor":1},{"name":"buf0","role":"input","mem":"lx","elems":65536,"broadcast":true,"dims":[1,1,1024,64],"logical":[1024,1],"loop_factor":1}],"reduction_cores":1,"loop_trip":8,"tiles_output_dim":true,"tile_rows_per_core":128.0,"is_matmul":false,"matmul_macs":0,"matmul_rows_per_core":0.0,"matmul_cols_per_core":0.0,"matmul_a_bytes":0,"matmul_b_bytes":0,"matmul_m_split":1,"matmul_n_split":1,"hbm_pattern":""},{"name":"exp","is_reduction":false,"out_elems":2097152,"cores":8,"dtype_bytes":2,"args":[{"name":"op2","role":"output","mem":"lx","elems":2097152,"broadcast":false,"dims":[32,1024,64],"logical":[1024,2048],"loop_factor":1},{"name":"buf1","role":"input","mem":"lx","elems":2097152,"broadcast":false,"dims":[32,1024,64],"logical":[1024,2048],"loop_factor":1}],"reduction_cores":1,"loop_trip":8,"tiles_output_dim":true,"tile_rows_per_core":128.0,"is_matmul":false,"matmul_macs":0,"matmul_rows_per_core":0.0,"matmul_cols_per_core":0.0,"matmul_a_bytes":0,"matmul_b_bytes":0,"matmul_m_split":1,"matmul_n_split":1,"hbm_pattern":""},{"name":"sum_1","is_reduction":true,"out_elems":65536,"cores":8,"dtype_bytes":2,"args":[{"name":"op3","role":"output","mem":"lx","elems":65536,"broadcast":false,"dims":[1,1,1024,64],"logical":[1024,1],"loop_factor":1},{"name":"buf2","role":"input","mem":"lx","elems":2097152,"broadcast":false,"dims":[32,1024,64],"logical":[1024,2048],"loop_factor":1}],"reduction_cores":1,"loop_trip":8,"tiles_output_dim":true,"tile_rows_per_core":128.0,"is_matmul":false,"matmul_macs":0,"matmul_rows_per_core":0.0,"matmul_cols_per_core":0.0,"matmul_a_bytes":0,"matmul_b_bytes":0,"matmul_m_split":1,"matmul_n_split":1,"hbm_pattern":""},{"name":"div","is_reduction":false,"out_elems":16777216,"cores":8,"dtype_bytes":2,"args":[{"name":"op4","role":"output","mem":"hbm","elems":16777216,"broadcast":false,"dims":[8192,2048],"logical":[8192,2048],"loop_factor":1},{"name":"buf2","role":"input","mem":"lx","elems":2097152,"broadcast":false,"dims":[32,1024,64],"logical":[1024,2048],"loop_factor":1},{"name":"buf3","role":"input","mem":"lx","elems":65536,"broadcast":true,"dims":[1,1,1024,64],"logical":[1024,1],"loop_factor":1}],"reduction_cores":1,"loop_trip":8,"tiles_output_dim":true,"tile_rows_per_core":128,"is_matmul":false,"matmul_macs":0,"matmul_rows_per_core":0.0,"matmul_cols_per_core":0.0,"matmul_a_bytes":0,"matmul_b_bytes":0,"matmul_m_split":1,"matmul_n_split":1,"hbm_pattern":""}]
SUMMARY op=softmax_row_tiling rows=8192 cols=2048 cores=8 tiles=8 lx=1 io_hbm_bytes=100663296 kernel_us=1393.472 pred_us=747.493 err_pct=-46.4 bw_gbps=72.2 memset_us=474.066 other_dev_us=2263.016 total_dev_us=4130.554
-- softmax_row_tiling [8192,2048] sencores=16 tiles=8
  op_it_space_splits={d0: 16, d1: 1}
  op_it_space_splits={d0: 16, d1: 1}
  op_it_space_splits={d0: 16, d1: 1}
  op_it_space_splits={d0: 16, d1: 1}
  op_it_space_splits={d0: 16, d1: 1}
  op_it_space_splits={d0: 16, d1: 1}
  op_it_space_splits={d0: 16, d1: 1}
  op_it_space_splits={d0: 16, d1: 1}
  op_it_space_splits={d0: 16, d1: 1}
  op_it_space_splits={d0: 16, d1: 1}
  op_it_space_splits={d0: 16, d1: 1}
  op_it_space_splits={d0: 16, d1: 1}
  op_it_space_splits={d0: 16, d1: 1}
  op_it_space_splits={d0: 16, d1: 1}
  op_it_space_splits={d0: 16, d1: 1}
  op_it_space_splits={d0: 16, d1: 1}
  op_it_space_splits={d0: 16, d1: 1}
  op_it_space_splits={d0: 16, d1: 1}
  op_it_space_splits={d0: 16, d1: 1}
  op_it_space_splits={d0: 16, d1: 1}
  op_it_space_splits={d0: 16, d1: 1}
  op_it_space_splits={d0: 16, d1: 1}
  op_it_space_splits={d0: 16, d1: 1}
  op_it_space_splits={d0: 16, d1: 1}
  op_it_space_splits={d0: 16, d1: 1}
  op_it_space_splits={d0: 16, d1: 1}
  op_it_space_splits={d0: 16, d1: 1}
  op_it_space_splits={d0: 16, d1: 1}
  op_it_space_splits={d0: 16, d1: 1}
  op_it_space_splits={d0: 16, d1: 1}
IO -- device-layout I/O (cost model, stick-padded) --
IO   op amax [reduction]
IO     output op0                    torch [1024, 1] -> device [1, 1, 1024, 64] in LX = 65536 elems x 2B = 131072 B  (hbm counted: 0 B)
IO     input  arg0_1                 torch [8192, 2048] -> device [32, 8192, 64] in HBM = 16777216 elems x 2B = 33554432 B  (hbm counted: 33554432 B)
IO   op sub
IO     output op1                    torch [1024, 2048] -> device [32, 1024, 64] in LX = 2097152 elems x 2B = 4194304 B  (hbm counted: 0 B)
IO     input  arg0_1                 torch [8192, 2048] -> device [32, 8192, 64] in HBM = 16777216 elems x 2B = 33554432 B  (hbm counted: 33554432 B)
IO     input  buf0                   torch [1024, 1] -> device [1, 1, 1024, 64] in LX = 65536 elems x 2B = 131072 B  (hbm counted: 0 B) broadcast (loaded once)
IO   op exp
IO     output op2                    torch [1024, 2048] -> device [32, 1024, 64] in LX = 2097152 elems x 2B = 4194304 B  (hbm counted: 0 B)
IO     input  buf1                   torch [1024, 2048] -> device [32, 1024, 64] in LX = 2097152 elems x 2B = 4194304 B  (hbm counted: 0 B)
IO   op sum_1 [reduction]
IO     output op3                    torch [1024, 1] -> device [1, 1, 1024, 64] in LX = 65536 elems x 2B = 131072 B  (hbm counted: 0 B)
IO     input  buf2                   torch [1024, 2048] -> device [32, 1024, 64] in LX = 2097152 elems x 2B = 4194304 B  (hbm counted: 0 B)
IO   op div
IO     output op4                    torch [8192, 2048] -> device [8192, 2048] in HBM = 16777216 elems x 2B = 33554432 B  (hbm counted: 33554432 B)
IO     input  buf2                   torch [1024, 2048] -> device [32, 1024, 64] in LX = 2097152 elems x 2B = 4194304 B  (hbm counted: 0 B)
IO     input  buf3                   torch [1024, 1] -> device [1, 1, 1024, 64] in LX = 65536 elems x 2B = 131072 B  (hbm counted: 0 B) broadcast (loaded once)
IO   => HBM I/O total = 100663296 B  (lx 21495808 B, ~free)
MODEL -- estimate (turnaround): T = [(R+W)/BW_PEAK + a*min(R,W)] / eff_underfill --
MODEL   R=33554432 B (read)   W=33554432 B (write)   loop_trip L=8
MODEL   base = (R+W)/150 = 447.39 us
MODEL   turn = a*min(R,W) = 0.00574*33554432 = 192.60 us
MODEL   eff_underfill = min(0.95,(64.0/13)**0.68) = 0.950 -> (base+turn)/eff = 673.68 us
MODEL   => T_model = 673.68 us
MODEL FEATS [{"name":"amax","is_reduction":true,"out_elems":65536,"cores":16,"dtype_bytes":2,"args":[{"name":"op0","role":"output","mem":"lx","elems":65536,"broadcast":false,"dims":[1,1,1024,64],"logical":[1024,1],"loop_factor":1},{"name":"arg0_1","role":"input","mem":"hbm","elems":16777216,"broadcast":false,"dims":[32,8192,64],"logical":[8192,2048],"loop_factor":1}],"reduction_cores":1,"loop_trip":8,"tiles_output_dim":true,"tile_rows_per_core":64.0,"is_matmul":false,"matmul_macs":0,"matmul_rows_per_core":0.0,"matmul_cols_per_core":0.0,"matmul_a_bytes":0,"matmul_b_bytes":0,"matmul_m_split":1,"matmul_n_split":1,"hbm_pattern":""},{"name":"sub","is_reduction":false,"out_elems":2097152,"cores":16,"dtype_bytes":2,"args":[{"name":"op1","role":"output","mem":"lx","elems":2097152,"broadcast":false,"dims":[32,1024,64],"logical":[1024,2048],"loop_factor":1},{"name":"arg0_1","role":"input","mem":"hbm","elems":16777216,"broadcast":false,"dims":[32,8192,64],"logical":[8192,2048],"loop_factor":1},{"name":"buf0","role":"input","mem":"lx","elems":65536,"broadcast":true,"dims":[1,1,1024,64],"logical":[1024,1],"loop_factor":1}],"reduction_cores":1,"loop_trip":8,"tiles_output_dim":true,"tile_rows_per_core":64.0,"is_matmul":false,"matmul_macs":0,"matmul_rows_per_core":0.0,"matmul_cols_per_core":0.0,"matmul_a_bytes":0,"matmul_b_bytes":0,"matmul_m_split":1,"matmul_n_split":1,"hbm_pattern":""},{"name":"exp","is_reduction":false,"out_elems":2097152,"cores":16,"dtype_bytes":2,"args":[{"name":"op2","role":"output","mem":"lx","elems":2097152,"broadcast":false,"dims":[32,1024,64],"logical":[1024,2048],"loop_factor":1},{"name":"buf1","role":"input","mem":"lx","elems":2097152,"broadcast":false,"dims":[32,1024,64],"logical":[1024,2048],"loop_factor":1}],"reduction_cores":1,"loop_trip":8,"tiles_output_dim":true,"tile_rows_per_core":64.0,"is_matmul":false,"matmul_macs":0,"matmul_rows_per_core":0.0,"matmul_cols_per_core":0.0,"matmul_a_bytes":0,"matmul_b_bytes":0,"matmul_m_split":1,"matmul_n_split":1,"hbm_pattern":""},{"name":"sum_1","is_reduction":true,"out_elems":65536,"cores":16,"dtype_bytes":2,"args":[{"name":"op3","role":"output","mem":"lx","elems":65536,"broadcast":false,"dims":[1,1,1024,64],"logical":[1024,1],"loop_factor":1},{"name":"buf2","role":"input","mem":"lx","elems":2097152,"broadcast":false,"dims":[32,1024,64],"logical":[1024,2048],"loop_factor":1}],"reduction_cores":1,"loop_trip":8,"tiles_output_dim":true,"tile_rows_per_core":64.0,"is_matmul":false,"matmul_macs":0,"matmul_rows_per_core":0.0,"matmul_cols_per_core":0.0,"matmul_a_bytes":0,"matmul_b_bytes":0,"matmul_m_split":1,"matmul_n_split":1,"hbm_pattern":""},{"name":"div","is_reduction":false,"out_elems":16777216,"cores":16,"dtype_bytes":2,"args":[{"name":"op4","role":"output","mem":"hbm","elems":16777216,"broadcast":false,"dims":[8192,2048],"logical":[8192,2048],"loop_factor":1},{"name":"buf2","role":"input","mem":"lx","elems":2097152,"broadcast":false,"dims":[32,1024,64],"logical":[1024,2048],"loop_factor":1},{"name":"buf3","role":"input","mem":"lx","elems":65536,"broadcast":true,"dims":[1,1,1024,64],"logical":[1024,1],"loop_factor":1}],"reduction_cores":1,"loop_trip":8,"tiles_output_dim":true,"tile_rows_per_core":64,"is_matmul":false,"matmul_macs":0,"matmul_rows_per_core":0.0,"matmul_cols_per_core":0.0,"matmul_a_bytes":0,"matmul_b_bytes":0,"matmul_m_split":1,"matmul_n_split":1,"hbm_pattern":""}]
SUMMARY op=softmax_row_tiling rows=8192 cols=2048 cores=16 tiles=8 lx=1 io_hbm_bytes=100663296 kernel_us=1069.007 pred_us=673.679 err_pct=-37.0 bw_gbps=94.2 memset_us=481.744 other_dev_us=2426.018 total_dev_us=3976.769
-- softmax_row_tiling [8192,2048] sencores=32 tiles=8
  op_it_space_splits={d0: 32, d1: 1}
  op_it_space_splits={d0: 32, d1: 1}
  op_it_space_splits={d0: 32, d1: 1}
  op_it_space_splits={d0: 32, d1: 1}
  op_it_space_splits={d0: 32, d1: 1}
  op_it_space_splits={d0: 32, d1: 1}
  op_it_space_splits={d0: 32, d1: 1}
  op_it_space_splits={d0: 32, d1: 1}
  op_it_space_splits={d0: 32, d1: 1}
  op_it_space_splits={d0: 32, d1: 1}
  op_it_space_splits={d0: 32, d1: 1}
  op_it_space_splits={d0: 32, d1: 1}
  op_it_space_splits={d0: 32, d1: 1}
  op_it_space_splits={d0: 32, d1: 1}
  op_it_space_splits={d0: 32, d1: 1}
  op_it_space_splits={d0: 32, d1: 1}
  op_it_space_splits={d0: 32, d1: 1}
  op_it_space_splits={d0: 32, d1: 1}
  op_it_space_splits={d0: 32, d1: 1}
  op_it_space_splits={d0: 32, d1: 1}
  op_it_space_splits={d0: 32, d1: 1}
  op_it_space_splits={d0: 32, d1: 1}
  op_it_space_splits={d0: 32, d1: 1}
  op_it_space_splits={d0: 32, d1: 1}
  op_it_space_splits={d0: 32, d1: 1}
  op_it_space_splits={d0: 32, d1: 1}
  op_it_space_splits={d0: 32, d1: 1}
  op_it_space_splits={d0: 32, d1: 1}
  op_it_space_splits={d0: 32, d1: 1}
  op_it_space_splits={d0: 32, d1: 1}
IO -- device-layout I/O (cost model, stick-padded) --
IO   op amax [reduction]
IO     output op0                    torch [1024, 1] -> device [1, 1, 1024, 64] in LX = 65536 elems x 2B = 131072 B  (hbm counted: 0 B)
IO     input  arg0_1                 torch [8192, 2048] -> device [32, 8192, 64] in HBM = 16777216 elems x 2B = 33554432 B  (hbm counted: 33554432 B)
IO   op sub
IO     output op1                    torch [1024, 2048] -> device [32, 1024, 64] in LX = 2097152 elems x 2B = 4194304 B  (hbm counted: 0 B)
IO     input  arg0_1                 torch [8192, 2048] -> device [32, 8192, 64] in HBM = 16777216 elems x 2B = 33554432 B  (hbm counted: 33554432 B)
IO     input  buf0                   torch [1024, 1] -> device [1, 1, 1024, 64] in LX = 65536 elems x 2B = 131072 B  (hbm counted: 0 B) broadcast (loaded once)
IO   op exp
IO     output op2                    torch [1024, 2048] -> device [32, 1024, 64] in LX = 2097152 elems x 2B = 4194304 B  (hbm counted: 0 B)
IO     input  buf1                   torch [1024, 2048] -> device [32, 1024, 64] in LX = 2097152 elems x 2B = 4194304 B  (hbm counted: 0 B)
IO   op sum_1 [reduction]
IO     output op3                    torch [1024, 1] -> device [1, 1, 1024, 64] in LX = 65536 elems x 2B = 131072 B  (hbm counted: 0 B)
IO     input  buf2                   torch [1024, 2048] -> device [32, 1024, 64] in LX = 2097152 elems x 2B = 4194304 B  (hbm counted: 0 B)
IO   op div
IO     output op4                    torch [8192, 2048] -> device [8192, 2048] in HBM = 16777216 elems x 2B = 33554432 B  (hbm counted: 33554432 B)
IO     input  buf2                   torch [1024, 2048] -> device [32, 1024, 64] in LX = 2097152 elems x 2B = 4194304 B  (hbm counted: 0 B)
IO     input  buf3                   torch [1024, 1] -> device [1, 1, 1024, 64] in LX = 65536 elems x 2B = 131072 B  (hbm counted: 0 B) broadcast (loaded once)
IO   => HBM I/O total = 100663296 B  (lx 21495808 B, ~free)
MODEL -- estimate (turnaround): T = [(R+W)/BW_PEAK + a*min(R,W)] / eff_underfill --
MODEL   R=33554432 B (read)   W=33554432 B (write)   loop_trip L=8
MODEL   base = (R+W)/150 = 447.39 us
MODEL   turn = a*min(R,W) = 0.00574*33554432 = 192.60 us
MODEL   eff_underfill = min(0.95,(32.0/13)**0.68) = 0.950 -> (base+turn)/eff = 673.68 us
MODEL   => T_model = 673.68 us
MODEL FEATS [{"name":"amax","is_reduction":true,"out_elems":65536,"cores":32,"dtype_bytes":2,"args":[{"name":"op0","role":"output","mem":"lx","elems":65536,"broadcast":false,"dims":[1,1,1024,64],"logical":[1024,1],"loop_factor":1},{"name":"arg0_1","role":"input","mem":"hbm","elems":16777216,"broadcast":false,"dims":[32,8192,64],"logical":[8192,2048],"loop_factor":1}],"reduction_cores":1,"loop_trip":8,"tiles_output_dim":true,"tile_rows_per_core":32.0,"is_matmul":false,"matmul_macs":0,"matmul_rows_per_core":0.0,"matmul_cols_per_core":0.0,"matmul_a_bytes":0,"matmul_b_bytes":0,"matmul_m_split":1,"matmul_n_split":1,"hbm_pattern":""},{"name":"sub","is_reduction":false,"out_elems":2097152,"cores":32,"dtype_bytes":2,"args":[{"name":"op1","role":"output","mem":"lx","elems":2097152,"broadcast":false,"dims":[32,1024,64],"logical":[1024,2048],"loop_factor":1},{"name":"arg0_1","role":"input","mem":"hbm","elems":16777216,"broadcast":false,"dims":[32,8192,64],"logical":[8192,2048],"loop_factor":1},{"name":"buf0","role":"input","mem":"lx","elems":65536,"broadcast":true,"dims":[1,1,1024,64],"logical":[1024,1],"loop_factor":1}],"reduction_cores":1,"loop_trip":8,"tiles_output_dim":true,"tile_rows_per_core":32.0,"is_matmul":false,"matmul_macs":0,"matmul_rows_per_core":0.0,"matmul_cols_per_core":0.0,"matmul_a_bytes":0,"matmul_b_bytes":0,"matmul_m_split":1,"matmul_n_split":1,"hbm_pattern":""},{"name":"exp","is_reduction":false,"out_elems":2097152,"cores":32,"dtype_bytes":2,"args":[{"name":"op2","role":"output","mem":"lx","elems":2097152,"broadcast":false,"dims":[32,1024,64],"logical":[1024,2048],"loop_factor":1},{"name":"buf1","role":"input","mem":"lx","elems":2097152,"broadcast":false,"dims":[32,1024,64],"logical":[1024,2048],"loop_factor":1}],"reduction_cores":1,"loop_trip":8,"tiles_output_dim":true,"tile_rows_per_core":32.0,"is_matmul":false,"matmul_macs":0,"matmul_rows_per_core":0.0,"matmul_cols_per_core":0.0,"matmul_a_bytes":0,"matmul_b_bytes":0,"matmul_m_split":1,"matmul_n_split":1,"hbm_pattern":""},{"name":"sum_1","is_reduction":true,"out_elems":65536,"cores":32,"dtype_bytes":2,"args":[{"name":"op3","role":"output","mem":"lx","elems":65536,"broadcast":false,"dims":[1,1,1024,64],"logical":[1024,1],"loop_factor":1},{"name":"buf2","role":"input","mem":"lx","elems":2097152,"broadcast":false,"dims":[32,1024,64],"logical":[1024,2048],"loop_factor":1}],"reduction_cores":1,"loop_trip":8,"tiles_output_dim":true,"tile_rows_per_core":32.0,"is_matmul":false,"matmul_macs":0,"matmul_rows_per_core":0.0,"matmul_cols_per_core":0.0,"matmul_a_bytes":0,"matmul_b_bytes":0,"matmul_m_split":1,"matmul_n_split":1,"hbm_pattern":""},{"name":"div","is_reduction":false,"out_elems":16777216,"cores":32,"dtype_bytes":2,"args":[{"name":"op4","role":"output","mem":"hbm","elems":16777216,"broadcast":false,"dims":[8192,2048],"logical":[8192,2048],"loop_factor":1},{"name":"buf2","role":"input","mem":"lx","elems":2097152,"broadcast":false,"dims":[32,1024,64],"logical":[1024,2048],"loop_factor":1},{"name":"buf3","role":"input","mem":"lx","elems":65536,"broadcast":true,"dims":[1,1,1024,64],"logical":[1024,1],"loop_factor":1}],"reduction_cores":1,"loop_trip":8,"tiles_output_dim":true,"tile_rows_per_core":32,"is_matmul":false,"matmul_macs":0,"matmul_rows_per_core":0.0,"matmul_cols_per_core":0.0,"matmul_a_bytes":0,"matmul_b_bytes":0,"matmul_m_split":1,"matmul_n_split":1,"hbm_pattern":""}]
SUMMARY op=softmax_row_tiling rows=8192 cols=2048 cores=32 tiles=8 lx=1 io_hbm_bytes=100663296 kernel_us=668.742 pred_us=673.679 err_pct=+0.7 bw_gbps=150.5 memset_us=515.481 other_dev_us=2145.388 total_dev_us=3329.611
-- neg [16384,4096] sencores=1 tiles=1
IO -- device-layout I/O (cost model, stick-padded) --
IO   op neg
IO     output op0                    torch [16384, 4096] -> device [64, 16384, 64] in HBM = 67108864 elems x 2B = 134217728 B  (hbm counted: 134217728 B)
IO     input  arg0_1                 torch [16384, 4096] -> device [64, 16384, 64] in HBM = 67108864 elems x 2B = 134217728 B  (hbm counted: 134217728 B)
IO   => HBM I/O total = 268435456 B  (lx 0 B, ~free)
MODEL -- estimate (turnaround): T = (R+W)/BW_PEAK + a*min(R,W) --
MODEL   R=134217728 B (read)   W=134217728 B (write)   loop_trip L=1
MODEL   base = (R+W)/150 = 1789.57 us
MODEL   turn = a*min(R,W) = 0.00574*134217728 = 770.41 us
MODEL   => T_model = 2559.98 us
MODEL FEATS [{"name":"neg","is_reduction":false,"out_elems":67108864,"cores":1,"dtype_bytes":2,"args":[{"name":"op0","role":"output","mem":"hbm","elems":67108864,"broadcast":false,"dims":[64,16384,64],"logical":[16384,4096],"loop_factor":1},{"name":"arg0_1","role":"input","mem":"hbm","elems":67108864,"broadcast":false,"dims":[64,16384,64],"logical":[16384,4096],"loop_factor":1}],"reduction_cores":1,"loop_trip":1,"tiles_output_dim":false,"tile_rows_per_core":0.0,"is_matmul":false,"matmul_macs":0,"matmul_rows_per_core":0.0,"matmul_cols_per_core":0.0,"matmul_a_bytes":0,"matmul_b_bytes":0,"matmul_m_split":1,"matmul_n_split":1,"hbm_pattern":""}]
SUMMARY op=neg rows=16384 cols=4096 cores=1 tiles=1 lx=1 io_hbm_bytes=268435456 kernel_us=4034.180 pred_us=2559.979 err_pct=-36.5 bw_gbps=66.5 memset_us=2532.897 other_dev_us=12402.972 total_dev_us=18970.049
-- neg [16384,4096] sencores=2 tiles=1
  op_it_space_splits={d0: 2, d1: 1}
IO -- device-layout I/O (cost model, stick-padded) --
IO   op neg
IO     output op0                    torch [16384, 4096] -> device [64, 16384, 64] in HBM = 67108864 elems x 2B = 134217728 B  (hbm counted: 134217728 B)
IO     input  arg0_1                 torch [16384, 4096] -> device [64, 16384, 64] in HBM = 67108864 elems x 2B = 134217728 B  (hbm counted: 134217728 B)
IO   => HBM I/O total = 268435456 B  (lx 0 B, ~free)
MODEL -- estimate (turnaround): T = (R+W)/BW_PEAK + a*min(R,W) --
MODEL   R=134217728 B (read)   W=134217728 B (write)   loop_trip L=1
MODEL   base = (R+W)/150 = 1789.57 us
MODEL   turn = a*min(R,W) = 0.00574*134217728 = 770.41 us
MODEL   => T_model = 2559.98 us
MODEL FEATS [{"name":"neg","is_reduction":false,"out_elems":67108864,"cores":2,"dtype_bytes":2,"args":[{"name":"op0","role":"output","mem":"hbm","elems":67108864,"broadcast":false,"dims":[64,16384,64],"logical":[16384,4096],"loop_factor":1},{"name":"arg0_1","role":"input","mem":"hbm","elems":67108864,"broadcast":false,"dims":[64,16384,64],"logical":[16384,4096],"loop_factor":1}],"reduction_cores":1,"loop_trip":1,"tiles_output_dim":false,"tile_rows_per_core":0.0,"is_matmul":false,"matmul_macs":0,"matmul_rows_per_core":0.0,"matmul_cols_per_core":0.0,"matmul_a_bytes":0,"matmul_b_bytes":0,"matmul_m_split":1,"matmul_n_split":1,"hbm_pattern":""}]
SUMMARY op=neg rows=16384 cols=4096 cores=2 tiles=1 lx=1 io_hbm_bytes=268435456 kernel_us=2992.980 pred_us=2559.979 err_pct=-14.5 bw_gbps=89.7 memset_us=2511.982 other_dev_us=12549.767 total_dev_us=18054.729
-- neg [16384,4096] sencores=4 tiles=1
  op_it_space_splits={d0: 4, d1: 1}
IO -- device-layout I/O (cost model, stick-padded) --
IO   op neg
IO     output op0                    torch [16384, 4096] -> device [64, 16384, 64] in HBM = 67108864 elems x 2B = 134217728 B  (hbm counted: 134217728 B)
IO     input  arg0_1                 torch [16384, 4096] -> device [64, 16384, 64] in HBM = 67108864 elems x 2B = 134217728 B  (hbm counted: 134217728 B)
IO   => HBM I/O total = 268435456 B  (lx 0 B, ~free)
MODEL -- estimate (turnaround): T = (R+W)/BW_PEAK + a*min(R,W) --
MODEL   R=134217728 B (read)   W=134217728 B (write)   loop_trip L=1
MODEL   base = (R+W)/150 = 1789.57 us
MODEL   turn = a*min(R,W) = 0.00574*134217728 = 770.41 us
MODEL   => T_model = 2559.98 us
MODEL FEATS [{"name":"neg","is_reduction":false,"out_elems":67108864,"cores":4,"dtype_bytes":2,"args":[{"name":"op0","role":"output","mem":"hbm","elems":67108864,"broadcast":false,"dims":[64,16384,64],"logical":[16384,4096],"loop_factor":1},{"name":"arg0_1","role":"input","mem":"hbm","elems":67108864,"broadcast":false,"dims":[64,16384,64],"logical":[16384,4096],"loop_factor":1}],"reduction_cores":1,"loop_trip":1,"tiles_output_dim":false,"tile_rows_per_core":0.0,"is_matmul":false,"matmul_macs":0,"matmul_rows_per_core":0.0,"matmul_cols_per_core":0.0,"matmul_a_bytes":0,"matmul_b_bytes":0,"matmul_m_split":1,"matmul_n_split":1,"hbm_pattern":""}]
SUMMARY op=neg rows=16384 cols=4096 cores=4 tiles=1 lx=1 io_hbm_bytes=268435456 kernel_us=2995.904 pred_us=2559.979 err_pct=-14.6 bw_gbps=89.6 memset_us=5012.063 other_dev_us=17418.175 total_dev_us=25426.142
-- neg [16384,4096] sencores=8 tiles=1
  op_it_space_splits={d0: 8, d1: 1}
IO -- device-layout I/O (cost model, stick-padded) --
IO   op neg
IO     output op0                    torch [16384, 4096] -> device [64, 16384, 64] in HBM = 67108864 elems x 2B = 134217728 B  (hbm counted: 134217728 B)
IO     input  arg0_1                 torch [16384, 4096] -> device [64, 16384, 64] in HBM = 67108864 elems x 2B = 134217728 B  (hbm counted: 134217728 B)
IO   => HBM I/O total = 268435456 B  (lx 0 B, ~free)
MODEL -- estimate (turnaround): T = (R+W)/BW_PEAK + a*min(R,W) --
MODEL   R=134217728 B (read)   W=134217728 B (write)   loop_trip L=1
MODEL   base = (R+W)/150 = 1789.57 us
MODEL   turn = a*min(R,W) = 0.00574*134217728 = 770.41 us
MODEL   => T_model = 2559.98 us
MODEL FEATS [{"name":"neg","is_reduction":false,"out_elems":67108864,"cores":8,"dtype_bytes":2,"args":[{"name":"op0","role":"output","mem":"hbm","elems":67108864,"broadcast":false,"dims":[64,16384,64],"logical":[16384,4096],"loop_factor":1},{"name":"arg0_1","role":"input","mem":"hbm","elems":67108864,"broadcast":false,"dims":[64,16384,64],"logical":[16384,4096],"loop_factor":1}],"reduction_cores":1,"loop_trip":1,"tiles_output_dim":false,"tile_rows_per_core":0.0,"is_matmul":false,"matmul_macs":0,"matmul_rows_per_core":0.0,"matmul_cols_per_core":0.0,"matmul_a_bytes":0,"matmul_b_bytes":0,"matmul_m_split":1,"matmul_n_split":1,"hbm_pattern":""}]
SUMMARY op=neg rows=16384 cols=4096 cores=8 tiles=1 lx=1 io_hbm_bytes=268435456 kernel_us=2935.704 pred_us=2559.979 err_pct=-12.8 bw_gbps=91.4 memset_us=2357.355 other_dev_us=16605.398 total_dev_us=21898.457
-- neg [16384,4096] sencores=16 tiles=1
  op_it_space_splits={d0: 16, d1: 1}
IO -- device-layout I/O (cost model, stick-padded) --
IO   op neg
IO     output op0                    torch [16384, 4096] -> device [64, 16384, 64] in HBM = 67108864 elems x 2B = 134217728 B  (hbm counted: 134217728 B)
IO     input  arg0_1                 torch [16384, 4096] -> device [64, 16384, 64] in HBM = 67108864 elems x 2B = 134217728 B  (hbm counted: 134217728 B)
IO   => HBM I/O total = 268435456 B  (lx 0 B, ~free)
MODEL -- estimate (turnaround): T = (R+W)/BW_PEAK + a*min(R,W) --
MODEL   R=134217728 B (read)   W=134217728 B (write)   loop_trip L=1
MODEL   base = (R+W)/150 = 1789.57 us
MODEL   turn = a*min(R,W) = 0.00574*134217728 = 770.41 us
MODEL   => T_model = 2559.98 us
MODEL FEATS [{"name":"neg","is_reduction":false,"out_elems":67108864,"cores":16,"dtype_bytes":2,"args":[{"name":"op0","role":"output","mem":"hbm","elems":67108864,"broadcast":false,"dims":[64,16384,64],"logical":[16384,4096],"loop_factor":1},{"name":"arg0_1","role":"input","mem":"hbm","elems":67108864,"broadcast":false,"dims":[64,16384,64],"logical":[16384,4096],"loop_factor":1}],"reduction_cores":1,"loop_trip":1,"tiles_output_dim":false,"tile_rows_per_core":0.0,"is_matmul":false,"matmul_macs":0,"matmul_rows_per_core":0.0,"matmul_cols_per_core":0.0,"matmul_a_bytes":0,"matmul_b_bytes":0,"matmul_m_split":1,"matmul_n_split":1,"hbm_pattern":""}]
SUMMARY op=neg rows=16384 cols=4096 cores=16 tiles=1 lx=1 io_hbm_bytes=268435456 kernel_us=2996.073 pred_us=2559.979 err_pct=-14.6 bw_gbps=89.6 memset_us=2346.219 other_dev_us=17331.994 total_dev_us=22674.286
-- neg [16384,4096] sencores=32 tiles=1
  op_it_space_splits={d0: 32, d1: 1}
IO -- device-layout I/O (cost model, stick-padded) --
IO   op neg
IO     output op0                    torch [16384, 4096] -> device [64, 16384, 64] in HBM = 67108864 elems x 2B = 134217728 B  (hbm counted: 134217728 B)
IO     input  arg0_1                 torch [16384, 4096] -> device [64, 16384, 64] in HBM = 67108864 elems x 2B = 134217728 B  (hbm counted: 134217728 B)
IO   => HBM I/O total = 268435456 B  (lx 0 B, ~free)
MODEL -- estimate (turnaround): T = (R+W)/BW_PEAK + a*min(R,W) --
MODEL   R=134217728 B (read)   W=134217728 B (write)   loop_trip L=1
MODEL   base = (R+W)/150 = 1789.57 us
MODEL   turn = a*min(R,W) = 0.00574*134217728 = 770.41 us
MODEL   => T_model = 2559.98 us
MODEL FEATS [{"name":"neg","is_reduction":false,"out_elems":67108864,"cores":32,"dtype_bytes":2,"args":[{"name":"op0","role":"output","mem":"hbm","elems":67108864,"broadcast":false,"dims":[64,16384,64],"logical":[16384,4096],"loop_factor":1},{"name":"arg0_1","role":"input","mem":"hbm","elems":67108864,"broadcast":false,"dims":[64,16384,64],"logical":[16384,4096],"loop_factor":1}],"reduction_cores":1,"loop_trip":1,"tiles_output_dim":false,"tile_rows_per_core":0.0,"is_matmul":false,"matmul_macs":0,"matmul_rows_per_core":0.0,"matmul_cols_per_core":0.0,"matmul_a_bytes":0,"matmul_b_bytes":0,"matmul_m_split":1,"matmul_n_split":1,"hbm_pattern":""}]
SUMMARY op=neg rows=16384 cols=4096 cores=32 tiles=1 lx=1 io_hbm_bytes=268435456 kernel_us=2635.962 pred_us=2559.979 err_pct=-2.9 bw_gbps=101.8 memset_us=2299.885 other_dev_us=16096.416 total_dev_us=21032.263
## ARITY add{,3,4,5,6}+add_indep2 at 3 shapes, LX_PLANNING 0 and 1
-- add [2048,1024] lx=0
  op_it_space_splits={d0: 32, d1: 1}
IO -- device-layout I/O (cost model, stick-padded) --
IO   op add
IO     output op0                    torch [2048, 1024] -> device [16, 2048, 64] in HBM = 2097152 elems x 2B = 4194304 B  (hbm counted: 4194304 B)
IO     input  arg0_1                 torch [2048, 1024] -> device [16, 2048, 64] in HBM = 2097152 elems x 2B = 4194304 B  (hbm counted: 4194304 B)
IO     input  arg1_1                 torch [2048, 1024] -> device [16, 2048, 64] in HBM = 2097152 elems x 2B = 4194304 B  (hbm counted: 4194304 B)
IO   => HBM I/O total = 12582912 B  (lx 0 B, ~free)
MODEL -- estimate (turnaround): T = (R+W)/BW_PEAK + a*min(R,W) --
MODEL   R=8388608 B (read)   W=4194304 B (write)   loop_trip L=1
MODEL   base = (R+W)/150 = 83.89 us
MODEL   turn = a*min(R,W) = 0.00574*4194304 = 24.08 us
MODEL   => T_model = 107.96 us
MODEL FEATS [{"name":"add","is_reduction":false,"out_elems":2097152,"cores":32,"dtype_bytes":2,"args":[{"name":"op0","role":"output","mem":"hbm","elems":2097152,"broadcast":false,"dims":[16,2048,64],"logical":[2048,1024],"loop_factor":1},{"name":"arg0_1","role":"input","mem":"hbm","elems":2097152,"broadcast":false,"dims":[16,2048,64],"logical":[2048,1024],"loop_factor":1},{"name":"arg1_1","role":"input","mem":"hbm","elems":2097152,"broadcast":false,"dims":[16,2048,64],"logical":[2048,1024],"loop_factor":1}],"reduction_cores":1,"loop_trip":1,"tiles_output_dim":false,"tile_rows_per_core":0.0,"is_matmul":false,"matmul_macs":0,"matmul_rows_per_core":0.0,"matmul_cols_per_core":0.0,"matmul_a_bytes":0,"matmul_b_bytes":0,"matmul_m_split":1,"matmul_n_split":1,"hbm_pattern":""}]
SUMMARY op=add rows=2048 cols=1024 cores=32 tiles=0 lx=0 io_hbm_bytes=12582912 kernel_us=110.345 pred_us=107.961 err_pct=-2.2 bw_gbps=114.0 memset_us=111.794 other_dev_us=403.602 total_dev_us=625.741
-- add3 [2048,1024] lx=0
  op_it_space_splits={d0: 32, d1: 1}
  op_it_space_splits={d0: 32, d1: 1}
IO -- device-layout I/O (cost model, stick-padded) --
IO   op add
IO     output op0                    torch [2048, 1024] -> device [16, 2048, 64] in HBM = 2097152 elems x 2B = 4194304 B  (hbm counted: 4194304 B)
IO     input  arg0_1                 torch [2048, 1024] -> device [16, 2048, 64] in HBM = 2097152 elems x 2B = 4194304 B  (hbm counted: 4194304 B)
IO     input  arg1_1                 torch [2048, 1024] -> device [16, 2048, 64] in HBM = 2097152 elems x 2B = 4194304 B  (hbm counted: 4194304 B)
IO   op add_1
IO     output op1                    torch [2048, 1024] -> device [16, 2048, 64] in HBM = 2097152 elems x 2B = 4194304 B  (hbm counted: 4194304 B)
IO     input  buf0                   torch [2048, 1024] -> device [16, 2048, 64] in HBM = 2097152 elems x 2B = 4194304 B  (hbm counted: 4194304 B)
IO     input  arg2_1                 torch [2048, 1024] -> device [16, 2048, 64] in HBM = 2097152 elems x 2B = 4194304 B  (hbm counted: 4194304 B)
IO   => HBM I/O total = 25165824 B  (lx 0 B, ~free)
MODEL -- estimate (turnaround): T = (R+W)/BW_PEAK + a*min(R,W) --
MODEL   R=16777216 B (read)   W=8388608 B (write)   loop_trip L=1
MODEL   base = (R+W)/150 = 167.77 us
MODEL   turn = a*min(R,W) = 0.00574*8388608 = 48.15 us
MODEL   => T_model = 232.12 us
MODEL FEATS [{"name":"add","is_reduction":false,"out_elems":2097152,"cores":32,"dtype_bytes":2,"args":[{"name":"op0","role":"output","mem":"hbm","elems":2097152,"broadcast":false,"dims":[16,2048,64],"logical":[2048,1024],"loop_factor":1},{"name":"arg0_1","role":"input","mem":"hbm","elems":2097152,"broadcast":false,"dims":[16,2048,64],"logical":[2048,1024],"loop_factor":1},{"name":"arg1_1","role":"input","mem":"hbm","elems":2097152,"broadcast":false,"dims":[16,2048,64],"logical":[2048,1024],"loop_factor":1}],"reduction_cores":1,"loop_trip":1,"tiles_output_dim":false,"tile_rows_per_core":0.0,"is_matmul":false,"matmul_macs":0,"matmul_rows_per_core":0.0,"matmul_cols_per_core":0.0,"matmul_a_bytes":0,"matmul_b_bytes":0,"matmul_m_split":1,"matmul_n_split":1,"hbm_pattern":""},{"name":"add_1","is_reduction":false,"out_elems":2097152,"cores":32,"dtype_bytes":2,"args":[{"name":"op1","role":"output","mem":"hbm","elems":2097152,"broadcast":false,"dims":[16,2048,64],"logical":[2048,1024],"loop_factor":1},{"name":"buf0","role":"input","mem":"hbm","elems":2097152,"broadcast":false,"dims":[16,2048,64],"logical":[2048,1024],"loop_factor":1},{"name":"arg2_1","role":"input","mem":"hbm","elems":2097152,"broadcast":false,"dims":[16,2048,64],"logical":[2048,1024],"loop_factor":1}],"reduction_cores":1,"loop_trip":1,"tiles_output_dim":false,"tile_rows_per_core":0.0,"is_matmul":false,"matmul_macs":0,"matmul_rows_per_core":0.0,"matmul_cols_per_core":0.0,"matmul_a_bytes":0,"matmul_b_bytes":0,"matmul_m_split":1,"matmul_n_split":1,"hbm_pattern":""}]
SUMMARY op=add3 rows=2048 cols=1024 cores=32 tiles=0 lx=0 io_hbm_bytes=25165824 kernel_us=232.708 pred_us=232.117 err_pct=-0.3 bw_gbps=108.1 memset_us=114.043 other_dev_us=349.394 total_dev_us=696.145
-- add4 [2048,1024] lx=0
  op_it_space_splits={d0: 32, d1: 1}
  op_it_space_splits={d0: 32, d1: 1}
  op_it_space_splits={d0: 32, d1: 1}
IO -- device-layout I/O (cost model, stick-padded) --
IO   op add
IO     output op0                    torch [2048, 1024] -> device [16, 2048, 64] in HBM = 2097152 elems x 2B = 4194304 B  (hbm counted: 4194304 B)
IO     input  arg0_1                 torch [2048, 1024] -> device [16, 2048, 64] in HBM = 2097152 elems x 2B = 4194304 B  (hbm counted: 4194304 B)
IO     input  arg1_1                 torch [2048, 1024] -> device [16, 2048, 64] in HBM = 2097152 elems x 2B = 4194304 B  (hbm counted: 4194304 B)
IO   op add_1
IO     output op1                    torch [2048, 1024] -> device [16, 2048, 64] in HBM = 2097152 elems x 2B = 4194304 B  (hbm counted: 4194304 B)
IO     input  buf0                   torch [2048, 1024] -> device [16, 2048, 64] in HBM = 2097152 elems x 2B = 4194304 B  (hbm counted: 4194304 B)
IO     input  arg2_1                 torch [2048, 1024] -> device [16, 2048, 64] in HBM = 2097152 elems x 2B = 4194304 B  (hbm counted: 4194304 B)
IO   op add_2
IO     output op2                    torch [2048, 1024] -> device [16, 2048, 64] in HBM = 2097152 elems x 2B = 4194304 B  (hbm counted: 4194304 B)
IO     input  buf1                   torch [2048, 1024] -> device [16, 2048, 64] in HBM = 2097152 elems x 2B = 4194304 B  (hbm counted: 4194304 B)
IO     input  arg3_1                 torch [2048, 1024] -> device [16, 2048, 64] in HBM = 2097152 elems x 2B = 4194304 B  (hbm counted: 4194304 B)
IO   => HBM I/O total = 37748736 B  (lx 0 B, ~free)
MODEL -- estimate (turnaround): T = (R+W)/BW_PEAK + a*min(R,W) --
MODEL   R=25165824 B (read)   W=12582912 B (write)   loop_trip L=1
MODEL   base = (R+W)/150 = 251.66 us
MODEL   turn = a*min(R,W) = 0.00574*12582912 = 72.23 us
MODEL   => T_model = 372.47 us
MODEL FEATS [{"name":"add","is_reduction":false,"out_elems":2097152,"cores":32,"dtype_bytes":2,"args":[{"name":"op0","role":"output","mem":"hbm","elems":2097152,"broadcast":false,"dims":[16,2048,64],"logical":[2048,1024],"loop_factor":1},{"name":"arg0_1","role":"input","mem":"hbm","elems":2097152,"broadcast":false,"dims":[16,2048,64],"logical":[2048,1024],"loop_factor":1},{"name":"arg1_1","role":"input","mem":"hbm","elems":2097152,"broadcast":false,"dims":[16,2048,64],"logical":[2048,1024],"loop_factor":1}],"reduction_cores":1,"loop_trip":1,"tiles_output_dim":false,"tile_rows_per_core":0.0,"is_matmul":false,"matmul_macs":0,"matmul_rows_per_core":0.0,"matmul_cols_per_core":0.0,"matmul_a_bytes":0,"matmul_b_bytes":0,"matmul_m_split":1,"matmul_n_split":1,"hbm_pattern":""},{"name":"add_1","is_reduction":false,"out_elems":2097152,"cores":32,"dtype_bytes":2,"args":[{"name":"op1","role":"output","mem":"hbm","elems":2097152,"broadcast":false,"dims":[16,2048,64],"logical":[2048,1024],"loop_factor":1},{"name":"buf0","role":"input","mem":"hbm","elems":2097152,"broadcast":false,"dims":[16,2048,64],"logical":[2048,1024],"loop_factor":1},{"name":"arg2_1","role":"input","mem":"hbm","elems":2097152,"broadcast":false,"dims":[16,2048,64],"logical":[2048,1024],"loop_factor":1}],"reduction_cores":1,"loop_trip":1,"tiles_output_dim":false,"tile_rows_per_core":0.0,"is_matmul":false,"matmul_macs":0,"matmul_rows_per_core":0.0,"matmul_cols_per_core":0.0,"matmul_a_bytes":0,"matmul_b_bytes":0,"matmul_m_split":1,"matmul_n_split":1,"hbm_pattern":""},{"name":"add_2","is_reduction":false,"out_elems":2097152,"cores":32,"dtype_bytes":2,"args":[{"name":"op2","role":"output","mem":"hbm","elems":2097152,"broadcast":false,"dims":[16,2048,64],"logical":[2048,1024],"loop_factor":1},{"name":"buf1","role":"input","mem":"hbm","elems":2097152,"broadcast":false,"dims":[16,2048,64],"logical":[2048,1024],"loop_factor":1},{"name":"arg3_1","role":"input","mem":"hbm","elems":2097152,"broadcast":false,"dims":[16,2048,64],"logical":[2048,1024],"loop_factor":1}],"reduction_cores":1,"loop_trip":1,"tiles_output_dim":false,"tile_rows_per_core":0.0,"is_matmul":false,"matmul_macs":0,"matmul_rows_per_core":0.0,"matmul_cols_per_core":0.0,"matmul_a_bytes":0,"matmul_b_bytes":0,"matmul_m_split":1,"matmul_n_split":1,"hbm_pattern":""}]
SUMMARY op=add4 rows=2048 cols=1024 cores=32 tiles=0 lx=0 io_hbm_bytes=37748736 kernel_us=375.603 pred_us=372.467 err_pct=-0.8 bw_gbps=100.5 memset_us=111.925 other_dev_us=392.442 total_dev_us=879.970
-- add5 [2048,1024] lx=0
  op_it_space_splits={d0: 32, d1: 1}
  op_it_space_splits={d0: 32, d1: 1}
  op_it_space_splits={d0: 32, d1: 1}
  op_it_space_splits={d0: 32, d1: 1}
IO -- device-layout I/O (cost model, stick-padded) --
IO   op add
IO     output op0                    torch [2048, 1024] -> device [16, 2048, 64] in HBM = 2097152 elems x 2B = 4194304 B  (hbm counted: 4194304 B)
IO     input  arg0_1                 torch [2048, 1024] -> device [16, 2048, 64] in HBM = 2097152 elems x 2B = 4194304 B  (hbm counted: 4194304 B)
IO     input  arg1_1                 torch [2048, 1024] -> device [16, 2048, 64] in HBM = 2097152 elems x 2B = 4194304 B  (hbm counted: 4194304 B)
IO   op add_1
IO     output op1                    torch [2048, 1024] -> device [16, 2048, 64] in HBM = 2097152 elems x 2B = 4194304 B  (hbm counted: 4194304 B)
IO     input  buf0                   torch [2048, 1024] -> device [16, 2048, 64] in HBM = 2097152 elems x 2B = 4194304 B  (hbm counted: 4194304 B)
IO     input  arg2_1                 torch [2048, 1024] -> device [16, 2048, 64] in HBM = 2097152 elems x 2B = 4194304 B  (hbm counted: 4194304 B)
IO   op add_2
IO     output op2                    torch [2048, 1024] -> device [16, 2048, 64] in HBM = 2097152 elems x 2B = 4194304 B  (hbm counted: 4194304 B)
IO     input  buf1                   torch [2048, 1024] -> device [16, 2048, 64] in HBM = 2097152 elems x 2B = 4194304 B  (hbm counted: 4194304 B)
IO     input  arg3_1                 torch [2048, 1024] -> device [16, 2048, 64] in HBM = 2097152 elems x 2B = 4194304 B  (hbm counted: 4194304 B)
IO   op add_3
IO     output op3                    torch [2048, 1024] -> device [16, 2048, 64] in HBM = 2097152 elems x 2B = 4194304 B  (hbm counted: 4194304 B)
IO     input  buf2                   torch [2048, 1024] -> device [16, 2048, 64] in HBM = 2097152 elems x 2B = 4194304 B  (hbm counted: 4194304 B)
IO     input  arg4_1                 torch [2048, 1024] -> device [16, 2048, 64] in HBM = 2097152 elems x 2B = 4194304 B  (hbm counted: 4194304 B)
IO   => HBM I/O total = 50331648 B  (lx 0 B, ~free)
MODEL -- estimate (turnaround): T = (R+W)/BW_PEAK + a*min(R,W) --
MODEL   R=33554432 B (read)   W=16777216 B (write)   loop_trip L=1
MODEL   base = (R+W)/150 = 335.54 us
MODEL   turn = a*min(R,W) = 0.00574*16777216 = 96.30 us
MODEL   => T_model = 529.01 us
MODEL FEATS [{"name":"add","is_reduction":false,"out_elems":2097152,"cores":32,"dtype_bytes":2,"args":[{"name":"op0","role":"output","mem":"hbm","elems":2097152,"broadcast":false,"dims":[16,2048,64],"logical":[2048,1024],"loop_factor":1},{"name":"arg0_1","role":"input","mem":"hbm","elems":2097152,"broadcast":false,"dims":[16,2048,64],"logical":[2048,1024],"loop_factor":1},{"name":"arg1_1","role":"input","mem":"hbm","elems":2097152,"broadcast":false,"dims":[16,2048,64],"logical":[2048,1024],"loop_factor":1}],"reduction_cores":1,"loop_trip":1,"tiles_output_dim":false,"tile_rows_per_core":0.0,"is_matmul":false,"matmul_macs":0,"matmul_rows_per_core":0.0,"matmul_cols_per_core":0.0,"matmul_a_bytes":0,"matmul_b_bytes":0,"matmul_m_split":1,"matmul_n_split":1,"hbm_pattern":""},{"name":"add_1","is_reduction":false,"out_elems":2097152,"cores":32,"dtype_bytes":2,"args":[{"name":"op1","role":"output","mem":"hbm","elems":2097152,"broadcast":false,"dims":[16,2048,64],"logical":[2048,1024],"loop_factor":1},{"name":"buf0","role":"input","mem":"hbm","elems":2097152,"broadcast":false,"dims":[16,2048,64],"logical":[2048,1024],"loop_factor":1},{"name":"arg2_1","role":"input","mem":"hbm","elems":2097152,"broadcast":false,"dims":[16,2048,64],"logical":[2048,1024],"loop_factor":1}],"reduction_cores":1,"loop_trip":1,"tiles_output_dim":false,"tile_rows_per_core":0.0,"is_matmul":false,"matmul_macs":0,"matmul_rows_per_core":0.0,"matmul_cols_per_core":0.0,"matmul_a_bytes":0,"matmul_b_bytes":0,"matmul_m_split":1,"matmul_n_split":1,"hbm_pattern":""},{"name":"add_2","is_reduction":false,"out_elems":2097152,"cores":32,"dtype_bytes":2,"args":[{"name":"op2","role":"output","mem":"hbm","elems":2097152,"broadcast":false,"dims":[16,2048,64],"logical":[2048,1024],"loop_factor":1},{"name":"buf1","role":"input","mem":"hbm","elems":2097152,"broadcast":false,"dims":[16,2048,64],"logical":[2048,1024],"loop_factor":1},{"name":"arg3_1","role":"input","mem":"hbm","elems":2097152,"broadcast":false,"dims":[16,2048,64],"logical":[2048,1024],"loop_factor":1}],"reduction_cores":1,"loop_trip":1,"tiles_output_dim":false,"tile_rows_per_core":0.0,"is_matmul":false,"matmul_macs":0,"matmul_rows_per_core":0.0,"matmul_cols_per_core":0.0,"matmul_a_bytes":0,"matmul_b_bytes":0,"matmul_m_split":1,"matmul_n_split":1,"hbm_pattern":""},{"name":"add_3","is_reduction":false,"out_elems":2097152,"cores":32,"dtype_bytes":2,"args":[{"name":"op3","role":"output","mem":"hbm","elems":2097152,"broadcast":false,"dims":[16,2048,64],"logical":[2048,1024],"loop_factor":1},{"name":"buf2","role":"input","mem":"hbm","elems":2097152,"broadcast":false,"dims":[16,2048,64],"logical":[2048,1024],"loop_factor":1},{"name":"arg4_1","role":"input","mem":"hbm","elems":2097152,"broadcast":false,"dims":[16,2048,64],"logical":[2048,1024],"loop_factor":1}],"reduction_cores":1,"loop_trip":1,"tiles_output_dim":false,"tile_rows_per_core":0.0,"is_matmul":false,"matmul_macs":0,"matmul_rows_per_core":0.0,"matmul_cols_per_core":0.0,"matmul_a_bytes":0,"matmul_b_bytes":0,"matmul_m_split":1,"matmul_n_split":1,"hbm_pattern":""}]
SUMMARY op=add5 rows=2048 cols=1024 cores=32 tiles=0 lx=0 io_hbm_bytes=50331648 kernel_us=502.597 pred_us=529.011 err_pct=+5.3 bw_gbps=100.1 memset_us=119.366 other_dev_us=418.228 total_dev_us=1040.191
-- add6 [2048,1024] lx=0
  op_it_space_splits={d0: 32, d1: 1}
  op_it_space_splits={d0: 32, d1: 1}
  op_it_space_splits={d0: 32, d1: 1}
  op_it_space_splits={d0: 32, d1: 1}
  op_it_space_splits={d0: 32, d1: 1}
IO -- device-layout I/O (cost model, stick-padded) --
IO   op add
IO     output op0                    torch [2048, 1024] -> device [16, 2048, 64] in HBM = 2097152 elems x 2B = 4194304 B  (hbm counted: 4194304 B)
IO     input  arg0_1                 torch [2048, 1024] -> device [16, 2048, 64] in HBM = 2097152 elems x 2B = 4194304 B  (hbm counted: 4194304 B)
IO     input  arg1_1                 torch [2048, 1024] -> device [16, 2048, 64] in HBM = 2097152 elems x 2B = 4194304 B  (hbm counted: 4194304 B)
IO   op add_1
IO     output op1                    torch [2048, 1024] -> device [16, 2048, 64] in HBM = 2097152 elems x 2B = 4194304 B  (hbm counted: 4194304 B)
IO     input  buf0                   torch [2048, 1024] -> device [16, 2048, 64] in HBM = 2097152 elems x 2B = 4194304 B  (hbm counted: 4194304 B)
IO     input  arg2_1                 torch [2048, 1024] -> device [16, 2048, 64] in HBM = 2097152 elems x 2B = 4194304 B  (hbm counted: 4194304 B)
IO   op add_2
IO     output op2                    torch [2048, 1024] -> device [16, 2048, 64] in HBM = 2097152 elems x 2B = 4194304 B  (hbm counted: 4194304 B)
IO     input  buf1                   torch [2048, 1024] -> device [16, 2048, 64] in HBM = 2097152 elems x 2B = 4194304 B  (hbm counted: 4194304 B)
IO     input  arg3_1                 torch [2048, 1024] -> device [16, 2048, 64] in HBM = 2097152 elems x 2B = 4194304 B  (hbm counted: 4194304 B)
IO   op add_3
IO     output op3                    torch [2048, 1024] -> device [16, 2048, 64] in HBM = 2097152 elems x 2B = 4194304 B  (hbm counted: 4194304 B)
IO     input  buf2                   torch [2048, 1024] -> device [16, 2048, 64] in HBM = 2097152 elems x 2B = 4194304 B  (hbm counted: 4194304 B)
IO     input  arg4_1                 torch [2048, 1024] -> device [16, 2048, 64] in HBM = 2097152 elems x 2B = 4194304 B  (hbm counted: 4194304 B)
IO   op add_4
IO     output op4                    torch [2048, 1024] -> device [16, 2048, 64] in HBM = 2097152 elems x 2B = 4194304 B  (hbm counted: 4194304 B)
IO     input  buf3                   torch [2048, 1024] -> device [16, 2048, 64] in HBM = 2097152 elems x 2B = 4194304 B  (hbm counted: 4194304 B)
IO     input  arg5_1                 torch [2048, 1024] -> device [16, 2048, 64] in HBM = 2097152 elems x 2B = 4194304 B  (hbm counted: 4194304 B)
IO   => HBM I/O total = 62914560 B  (lx 0 B, ~free)
MODEL -- estimate (turnaround): T = (R+W)/BW_PEAK + a*min(R,W) --
MODEL   R=41943040 B (read)   W=20971520 B (write)   loop_trip L=1
MODEL   base = (R+W)/150 = 419.43 us
MODEL   turn = a*min(R,W) = 0.00574*20971520 = 120.38 us
MODEL   => T_model = 701.75 us
MODEL FEATS [{"name":"add","is_reduction":false,"out_elems":2097152,"cores":32,"dtype_bytes":2,"args":[{"name":"op0","role":"output","mem":"hbm","elems":2097152,"broadcast":false,"dims":[16,2048,64],"logical":[2048,1024],"loop_factor":1},{"name":"arg0_1","role":"input","mem":"hbm","elems":2097152,"broadcast":false,"dims":[16,2048,64],"logical":[2048,1024],"loop_factor":1},{"name":"arg1_1","role":"input","mem":"hbm","elems":2097152,"broadcast":false,"dims":[16,2048,64],"logical":[2048,1024],"loop_factor":1}],"reduction_cores":1,"loop_trip":1,"tiles_output_dim":false,"tile_rows_per_core":0.0,"is_matmul":false,"matmul_macs":0,"matmul_rows_per_core":0.0,"matmul_cols_per_core":0.0,"matmul_a_bytes":0,"matmul_b_bytes":0,"matmul_m_split":1,"matmul_n_split":1,"hbm_pattern":""},{"name":"add_1","is_reduction":false,"out_elems":2097152,"cores":32,"dtype_bytes":2,"args":[{"name":"op1","role":"output","mem":"hbm","elems":2097152,"broadcast":false,"dims":[16,2048,64],"logical":[2048,1024],"loop_factor":1},{"name":"buf0","role":"input","mem":"hbm","elems":2097152,"broadcast":false,"dims":[16,2048,64],"logical":[2048,1024],"loop_factor":1},{"name":"arg2_1","role":"input","mem":"hbm","elems":2097152,"broadcast":false,"dims":[16,2048,64],"logical":[2048,1024],"loop_factor":1}],"reduction_cores":1,"loop_trip":1,"tiles_output_dim":false,"tile_rows_per_core":0.0,"is_matmul":false,"matmul_macs":0,"matmul_rows_per_core":0.0,"matmul_cols_per_core":0.0,"matmul_a_bytes":0,"matmul_b_bytes":0,"matmul_m_split":1,"matmul_n_split":1,"hbm_pattern":""},{"name":"add_2","is_reduction":false,"out_elems":2097152,"cores":32,"dtype_bytes":2,"args":[{"name":"op2","role":"output","mem":"hbm","elems":2097152,"broadcast":false,"dims":[16,2048,64],"logical":[2048,1024],"loop_factor":1},{"name":"buf1","role":"input","mem":"hbm","elems":2097152,"broadcast":false,"dims":[16,2048,64],"logical":[2048,1024],"loop_factor":1},{"name":"arg3_1","role":"input","mem":"hbm","elems":2097152,"broadcast":false,"dims":[16,2048,64],"logical":[2048,1024],"loop_factor":1}],"reduction_cores":1,"loop_trip":1,"tiles_output_dim":false,"tile_rows_per_core":0.0,"is_matmul":false,"matmul_macs":0,"matmul_rows_per_core":0.0,"matmul_cols_per_core":0.0,"matmul_a_bytes":0,"matmul_b_bytes":0,"matmul_m_split":1,"matmul_n_split":1,"hbm_pattern":""},{"name":"add_3","is_reduction":false,"out_elems":2097152,"cores":32,"dtype_bytes":2,"args":[{"name":"op3","role":"output","mem":"hbm","elems":2097152,"broadcast":false,"dims":[16,2048,64],"logical":[2048,1024],"loop_factor":1},{"name":"buf2","role":"input","mem":"hbm","elems":2097152,"broadcast":false,"dims":[16,2048,64],"logical":[2048,1024],"loop_factor":1},{"name":"arg4_1","role":"input","mem":"hbm","elems":2097152,"broadcast":false,"dims":[16,2048,64],"logical":[2048,1024],"loop_factor":1}],"reduction_cores":1,"loop_trip":1,"tiles_output_dim":false,"tile_rows_per_core":0.0,"is_matmul":false,"matmul_macs":0,"matmul_rows_per_core":0.0,"matmul_cols_per_core":0.0,"matmul_a_bytes":0,"matmul_b_bytes":0,"matmul_m_split":1,"matmul_n_split":1,"hbm_pattern":""},{"name":"add_4","is_reduction":false,"out_elems":2097152,"cores":32,"dtype_bytes":2,"args":[{"name":"op4","role":"output","mem":"hbm","elems":2097152,"broadcast":false,"dims":[16,2048,64],"logical":[2048,1024],"loop_factor":1},{"name":"buf3","role":"input","mem":"hbm","elems":2097152,"broadcast":false,"dims":[16,2048,64],"logical":[2048,1024],"loop_factor":1},{"name":"arg5_1","role":"input","mem":"hbm","elems":2097152,"broadcast":false,"dims":[16,2048,64],"logical":[2048,1024],"loop_factor":1}],"reduction_cores":1,"loop_trip":1,"tiles_output_dim":false,"tile_rows_per_core":0.0,"is_matmul":false,"matmul_macs":0,"matmul_rows_per_core":0.0,"matmul_cols_per_core":0.0,"matmul_a_bytes":0,"matmul_b_bytes":0,"matmul_m_split":1,"matmul_n_split":1,"hbm_pattern":""}]
SUMMARY op=add6 rows=2048 cols=1024 cores=32 tiles=0 lx=0 io_hbm_bytes=62914560 kernel_us=631.093 pred_us=701.749 err_pct=+11.2 bw_gbps=99.7 memset_us=118.530 other_dev_us=399.719 total_dev_us=1149.342
-- add_indep2 [2048,1024] lx=0
  op_it_space_splits={d0: 32, d1: 1}
  op_it_space_splits={d0: 32, d1: 1}
SUMMARY op=add_indep2 rows=2048 cols=1024 tiles=0 lx=0 FAILED reason=AttributeError: 'tuple' object has no attribute 'cpu'
-- add [2048,4096] lx=0
  op_it_space_splits={d0: 32, d1: 1}
IO -- device-layout I/O (cost model, stick-padded) --
IO   op add
IO     output op0                    torch [2048, 4096] -> device [64, 2048, 64] in HBM = 8388608 elems x 2B = 16777216 B  (hbm counted: 16777216 B)
IO     input  arg0_1                 torch [2048, 4096] -> device [64, 2048, 64] in HBM = 8388608 elems x 2B = 16777216 B  (hbm counted: 16777216 B)
IO     input  arg1_1                 torch [2048, 4096] -> device [64, 2048, 64] in HBM = 8388608 elems x 2B = 16777216 B  (hbm counted: 16777216 B)
IO   => HBM I/O total = 50331648 B  (lx 0 B, ~free)
MODEL -- estimate (turnaround): T = (R+W)/BW_PEAK + a*min(R,W) --
MODEL   R=33554432 B (read)   W=16777216 B (write)   loop_trip L=1
MODEL   base = (R+W)/150 = 335.54 us
MODEL   turn = a*min(R,W) = 0.00574*16777216 = 96.30 us
MODEL   => T_model = 431.85 us
MODEL FEATS [{"name":"add","is_reduction":false,"out_elems":8388608,"cores":32,"dtype_bytes":2,"args":[{"name":"op0","role":"output","mem":"hbm","elems":8388608,"broadcast":false,"dims":[64,2048,64],"logical":[2048,4096],"loop_factor":1},{"name":"arg0_1","role":"input","mem":"hbm","elems":8388608,"broadcast":false,"dims":[64,2048,64],"logical":[2048,4096],"loop_factor":1},{"name":"arg1_1","role":"input","mem":"hbm","elems":8388608,"broadcast":false,"dims":[64,2048,64],"logical":[2048,4096],"loop_factor":1}],"reduction_cores":1,"loop_trip":1,"tiles_output_dim":false,"tile_rows_per_core":0.0,"is_matmul":false,"matmul_macs":0,"matmul_rows_per_core":0.0,"matmul_cols_per_core":0.0,"matmul_a_bytes":0,"matmul_b_bytes":0,"matmul_m_split":1,"matmul_n_split":1,"hbm_pattern":""}]
SUMMARY op=add rows=2048 cols=4096 cores=32 tiles=0 lx=0 io_hbm_bytes=50331648 kernel_us=437.118 pred_us=431.846 err_pct=-1.2 bw_gbps=115.1 memset_us=263.839 other_dev_us=979.475 total_dev_us=1680.432
-- add3 [2048,4096] lx=0
  op_it_space_splits={d0: 32, d1: 1}
  op_it_space_splits={d0: 32, d1: 1}
IO -- device-layout I/O (cost model, stick-padded) --
IO   op add
IO     output op0                    torch [2048, 4096] -> device [64, 2048, 64] in HBM = 8388608 elems x 2B = 16777216 B  (hbm counted: 16777216 B)
IO     input  arg0_1                 torch [2048, 4096] -> device [64, 2048, 64] in HBM = 8388608 elems x 2B = 16777216 B  (hbm counted: 16777216 B)
IO     input  arg1_1                 torch [2048, 4096] -> device [64, 2048, 64] in HBM = 8388608 elems x 2B = 16777216 B  (hbm counted: 16777216 B)
IO   op add_1
IO     output op1                    torch [2048, 4096] -> device [64, 2048, 64] in HBM = 8388608 elems x 2B = 16777216 B  (hbm counted: 16777216 B)
IO     input  buf0                   torch [2048, 4096] -> device [64, 2048, 64] in HBM = 8388608 elems x 2B = 16777216 B  (hbm counted: 16777216 B)
IO     input  arg2_1                 torch [2048, 4096] -> device [64, 2048, 64] in HBM = 8388608 elems x 2B = 16777216 B  (hbm counted: 16777216 B)
IO   => HBM I/O total = 100663296 B  (lx 0 B, ~free)
MODEL -- estimate (turnaround): T = (R+W)/BW_PEAK + a*min(R,W) --
MODEL   R=67108864 B (read)   W=33554432 B (write)   loop_trip L=1
MODEL   base = (R+W)/150 = 671.09 us
MODEL   turn = a*min(R,W) = 0.00574*33554432 = 192.60 us
MODEL   => T_model = 928.47 us
MODEL FEATS [{"name":"add","is_reduction":false,"out_elems":8388608,"cores":32,"dtype_bytes":2,"args":[{"name":"op0","role":"output","mem":"hbm","elems":8388608,"broadcast":false,"dims":[64,2048,64],"logical":[2048,4096],"loop_factor":1},{"name":"arg0_1","role":"input","mem":"hbm","elems":8388608,"broadcast":false,"dims":[64,2048,64],"logical":[2048,4096],"loop_factor":1},{"name":"arg1_1","role":"input","mem":"hbm","elems":8388608,"broadcast":false,"dims":[64,2048,64],"logical":[2048,4096],"loop_factor":1}],"reduction_cores":1,"loop_trip":1,"tiles_output_dim":false,"tile_rows_per_core":0.0,"is_matmul":false,"matmul_macs":0,"matmul_rows_per_core":0.0,"matmul_cols_per_core":0.0,"matmul_a_bytes":0,"matmul_b_bytes":0,"matmul_m_split":1,"matmul_n_split":1,"hbm_pattern":""},{"name":"add_1","is_reduction":false,"out_elems":8388608,"cores":32,"dtype_bytes":2,"args":[{"name":"op1","role":"output","mem":"hbm","elems":8388608,"broadcast":false,"dims":[64,2048,64],"logical":[2048,4096],"loop_factor":1},{"name":"buf0","role":"input","mem":"hbm","elems":8388608,"broadcast":false,"dims":[64,2048,64],"logical":[2048,4096],"loop_factor":1},{"name":"arg2_1","role":"input","mem":"hbm","elems":8388608,"broadcast":false,"dims":[64,2048,64],"logical":[2048,4096],"loop_factor":1}],"reduction_cores":1,"loop_trip":1,"tiles_output_dim":false,"tile_rows_per_core":0.0,"is_matmul":false,"matmul_macs":0,"matmul_rows_per_core":0.0,"matmul_cols_per_core":0.0,"matmul_a_bytes":0,"matmul_b_bytes":0,"matmul_m_split":1,"matmul_n_split":1,"hbm_pattern":""}]
SUMMARY op=add3 rows=2048 cols=4096 cores=32 tiles=0 lx=0 io_hbm_bytes=100663296 kernel_us=935.422 pred_us=928.468 err_pct=-0.7 bw_gbps=107.6 memset_us=266.949 other_dev_us=880.510 total_dev_us=2082.881
-- add4 [2048,4096] lx=0
  op_it_space_splits={d0: 32, d1: 1}
  op_it_space_splits={d0: 32, d1: 1}
  op_it_space_splits={d0: 32, d1: 1}
IO -- device-layout I/O (cost model, stick-padded) --
IO   op add
IO     output op0                    torch [2048, 4096] -> device [64, 2048, 64] in HBM = 8388608 elems x 2B = 16777216 B  (hbm counted: 16777216 B)
IO     input  arg0_1                 torch [2048, 4096] -> device [64, 2048, 64] in HBM = 8388608 elems x 2B = 16777216 B  (hbm counted: 16777216 B)
IO     input  arg1_1                 torch [2048, 4096] -> device [64, 2048, 64] in HBM = 8388608 elems x 2B = 16777216 B  (hbm counted: 16777216 B)
IO   op add_1
IO     output op1                    torch [2048, 4096] -> device [64, 2048, 64] in HBM = 8388608 elems x 2B = 16777216 B  (hbm counted: 16777216 B)
IO     input  buf0                   torch [2048, 4096] -> device [64, 2048, 64] in HBM = 8388608 elems x 2B = 16777216 B  (hbm counted: 16777216 B)
IO     input  arg2_1                 torch [2048, 4096] -> device [64, 2048, 64] in HBM = 8388608 elems x 2B = 16777216 B  (hbm counted: 16777216 B)
IO   op add_2
IO     output op2                    torch [2048, 4096] -> device [64, 2048, 64] in HBM = 8388608 elems x 2B = 16777216 B  (hbm counted: 16777216 B)
IO     input  buf1                   torch [2048, 4096] -> device [64, 2048, 64] in HBM = 8388608 elems x 2B = 16777216 B  (hbm counted: 16777216 B)
IO     input  arg3_1                 torch [2048, 4096] -> device [64, 2048, 64] in HBM = 8388608 elems x 2B = 16777216 B  (hbm counted: 16777216 B)
IO   => HBM I/O total = 150994944 B  (lx 0 B, ~free)
MODEL -- estimate (turnaround): T = (R+W)/BW_PEAK + a*min(R,W) --
MODEL   R=100663296 B (read)   W=50331648 B (write)   loop_trip L=1
MODEL   base = (R+W)/150 = 1006.63 us
MODEL   turn = a*min(R,W) = 0.00574*50331648 = 288.90 us
MODEL   => T_model = 1489.87 us
MODEL FEATS [{"name":"add","is_reduction":false,"out_elems":8388608,"cores":32,"dtype_bytes":2,"args":[{"name":"op0","role":"output","mem":"hbm","elems":8388608,"broadcast":false,"dims":[64,2048,64],"logical":[2048,4096],"loop_factor":1},{"name":"arg0_1","role":"input","mem":"hbm","elems":8388608,"broadcast":false,"dims":[64,2048,64],"logical":[2048,4096],"loop_factor":1},{"name":"arg1_1","role":"input","mem":"hbm","elems":8388608,"broadcast":false,"dims":[64,2048,64],"logical":[2048,4096],"loop_factor":1}],"reduction_cores":1,"loop_trip":1,"tiles_output_dim":false,"tile_rows_per_core":0.0,"is_matmul":false,"matmul_macs":0,"matmul_rows_per_core":0.0,"matmul_cols_per_core":0.0,"matmul_a_bytes":0,"matmul_b_bytes":0,"matmul_m_split":1,"matmul_n_split":1,"hbm_pattern":""},{"name":"add_1","is_reduction":false,"out_elems":8388608,"cores":32,"dtype_bytes":2,"args":[{"name":"op1","role":"output","mem":"hbm","elems":8388608,"broadcast":false,"dims":[64,2048,64],"logical":[2048,4096],"loop_factor":1},{"name":"buf0","role":"input","mem":"hbm","elems":8388608,"broadcast":false,"dims":[64,2048,64],"logical":[2048,4096],"loop_factor":1},{"name":"arg2_1","role":"input","mem":"hbm","elems":8388608,"broadcast":false,"dims":[64,2048,64],"logical":[2048,4096],"loop_factor":1}],"reduction_cores":1,"loop_trip":1,"tiles_output_dim":false,"tile_rows_per_core":0.0,"is_matmul":false,"matmul_macs":0,"matmul_rows_per_core":0.0,"matmul_cols_per_core":0.0,"matmul_a_bytes":0,"matmul_b_bytes":0,"matmul_m_split":1,"matmul_n_split":1,"hbm_pattern":""},{"name":"add_2","is_reduction":false,"out_elems":8388608,"cores":32,"dtype_bytes":2,"args":[{"name":"op2","role":"output","mem":"hbm","elems":8388608,"broadcast":false,"dims":[64,2048,64],"logical":[2048,4096],"loop_factor":1},{"name":"buf1","role":"input","mem":"hbm","elems":8388608,"broadcast":false,"dims":[64,2048,64],"logical":[2048,4096],"loop_factor":1},{"name":"arg3_1","role":"input","mem":"hbm","elems":8388608,"broadcast":false,"dims":[64,2048,64],"logical":[2048,4096],"loop_factor":1}],"reduction_cores":1,"loop_trip":1,"tiles_output_dim":false,"tile_rows_per_core":0.0,"is_matmul":false,"matmul_macs":0,"matmul_rows_per_core":0.0,"matmul_cols_per_core":0.0,"matmul_a_bytes":0,"matmul_b_bytes":0,"matmul_m_split":1,"matmul_n_split":1,"hbm_pattern":""}]
SUMMARY op=add4 rows=2048 cols=4096 cores=32 tiles=0 lx=0 io_hbm_bytes=150994944 kernel_us=1521.617 pred_us=1489.867 err_pct=-2.1 bw_gbps=99.2 memset_us=265.112 other_dev_us=954.483 total_dev_us=2741.212
-- add5 [2048,4096] lx=0
  op_it_space_splits={d0: 32, d1: 1}
  op_it_space_splits={d0: 32, d1: 1}
  op_it_space_splits={d0: 32, d1: 1}
  op_it_space_splits={d0: 32, d1: 1}
IO -- device-layout I/O (cost model, stick-padded) --
IO   op add
IO     output op0                    torch [2048, 4096] -> device [64, 2048, 64] in HBM = 8388608 elems x 2B = 16777216 B  (hbm counted: 16777216 B)
IO     input  arg0_1                 torch [2048, 4096] -> device [64, 2048, 64] in HBM = 8388608 elems x 2B = 16777216 B  (hbm counted: 16777216 B)
IO     input  arg1_1                 torch [2048, 4096] -> device [64, 2048, 64] in HBM = 8388608 elems x 2B = 16777216 B  (hbm counted: 16777216 B)
IO   op add_1
IO     output op1                    torch [2048, 4096] -> device [64, 2048, 64] in HBM = 8388608 elems x 2B = 16777216 B  (hbm counted: 16777216 B)
IO     input  buf0                   torch [2048, 4096] -> device [64, 2048, 64] in HBM = 8388608 elems x 2B = 16777216 B  (hbm counted: 16777216 B)
IO     input  arg2_1                 torch [2048, 4096] -> device [64, 2048, 64] in HBM = 8388608 elems x 2B = 16777216 B  (hbm counted: 16777216 B)
IO   op add_2
IO     output op2                    torch [2048, 4096] -> device [64, 2048, 64] in HBM = 8388608 elems x 2B = 16777216 B  (hbm counted: 16777216 B)
IO     input  buf1                   torch [2048, 4096] -> device [64, 2048, 64] in HBM = 8388608 elems x 2B = 16777216 B  (hbm counted: 16777216 B)
IO     input  arg3_1                 torch [2048, 4096] -> device [64, 2048, 64] in HBM = 8388608 elems x 2B = 16777216 B  (hbm counted: 16777216 B)
IO   op add_3
IO     output op3                    torch [2048, 4096] -> device [64, 2048, 64] in HBM = 8388608 elems x 2B = 16777216 B  (hbm counted: 16777216 B)
IO     input  buf2                   torch [2048, 4096] -> device [64, 2048, 64] in HBM = 8388608 elems x 2B = 16777216 B  (hbm counted: 16777216 B)
IO     input  arg4_1                 torch [2048, 4096] -> device [64, 2048, 64] in HBM = 8388608 elems x 2B = 16777216 B  (hbm counted: 16777216 B)
IO   => HBM I/O total = 201326592 B  (lx 0 B, ~free)
MODEL -- estimate (turnaround): T = (R+W)/BW_PEAK + a*min(R,W) --
MODEL   R=134217728 B (read)   W=67108864 B (write)   loop_trip L=1
MODEL   base = (R+W)/150 = 1342.18 us
MODEL   turn = a*min(R,W) = 0.00574*67108864 = 385.20 us
MODEL   => T_model = 2116.04 us
MODEL FEATS [{"name":"add","is_reduction":false,"out_elems":8388608,"cores":32,"dtype_bytes":2,"args":[{"name":"op0","role":"output","mem":"hbm","elems":8388608,"broadcast":false,"dims":[64,2048,64],"logical":[2048,4096],"loop_factor":1},{"name":"arg0_1","role":"input","mem":"hbm","elems":8388608,"broadcast":false,"dims":[64,2048,64],"logical":[2048,4096],"loop_factor":1},{"name":"arg1_1","role":"input","mem":"hbm","elems":8388608,"broadcast":false,"dims":[64,2048,64],"logical":[2048,4096],"loop_factor":1}],"reduction_cores":1,"loop_trip":1,"tiles_output_dim":false,"tile_rows_per_core":0.0,"is_matmul":false,"matmul_macs":0,"matmul_rows_per_core":0.0,"matmul_cols_per_core":0.0,"matmul_a_bytes":0,"matmul_b_bytes":0,"matmul_m_split":1,"matmul_n_split":1,"hbm_pattern":""},{"name":"add_1","is_reduction":false,"out_elems":8388608,"cores":32,"dtype_bytes":2,"args":[{"name":"op1","role":"output","mem":"hbm","elems":8388608,"broadcast":false,"dims":[64,2048,64],"logical":[2048,4096],"loop_factor":1},{"name":"buf0","role":"input","mem":"hbm","elems":8388608,"broadcast":false,"dims":[64,2048,64],"logical":[2048,4096],"loop_factor":1},{"name":"arg2_1","role":"input","mem":"hbm","elems":8388608,"broadcast":false,"dims":[64,2048,64],"logical":[2048,4096],"loop_factor":1}],"reduction_cores":1,"loop_trip":1,"tiles_output_dim":false,"tile_rows_per_core":0.0,"is_matmul":false,"matmul_macs":0,"matmul_rows_per_core":0.0,"matmul_cols_per_core":0.0,"matmul_a_bytes":0,"matmul_b_bytes":0,"matmul_m_split":1,"matmul_n_split":1,"hbm_pattern":""},{"name":"add_2","is_reduction":false,"out_elems":8388608,"cores":32,"dtype_bytes":2,"args":[{"name":"op2","role":"output","mem":"hbm","elems":8388608,"broadcast":false,"dims":[64,2048,64],"logical":[2048,4096],"loop_factor":1},{"name":"buf1","role":"input","mem":"hbm","elems":8388608,"broadcast":false,"dims":[64,2048,64],"logical":[2048,4096],"loop_factor":1},{"name":"arg3_1","role":"input","mem":"hbm","elems":8388608,"broadcast":false,"dims":[64,2048,64],"logical":[2048,4096],"loop_factor":1}],"reduction_cores":1,"loop_trip":1,"tiles_output_dim":false,"tile_rows_per_core":0.0,"is_matmul":false,"matmul_macs":0,"matmul_rows_per_core":0.0,"matmul_cols_per_core":0.0,"matmul_a_bytes":0,"matmul_b_bytes":0,"matmul_m_split":1,"matmul_n_split":1,"hbm_pattern":""},{"name":"add_3","is_reduction":false,"out_elems":8388608,"cores":32,"dtype_bytes":2,"args":[{"name":"op3","role":"output","mem":"hbm","elems":8388608,"broadcast":false,"dims":[64,2048,64],"logical":[2048,4096],"loop_factor":1},{"name":"buf2","role":"input","mem":"hbm","elems":8388608,"broadcast":false,"dims":[64,2048,64],"logical":[2048,4096],"loop_factor":1},{"name":"arg4_1","role":"input","mem":"hbm","elems":8388608,"broadcast":false,"dims":[64,2048,64],"logical":[2048,4096],"loop_factor":1}],"reduction_cores":1,"loop_trip":1,"tiles_output_dim":false,"tile_rows_per_core":0.0,"is_matmul":false,"matmul_macs":0,"matmul_rows_per_core":0.0,"matmul_cols_per_core":0.0,"matmul_a_bytes":0,"matmul_b_bytes":0,"matmul_m_split":1,"matmul_n_split":1,"hbm_pattern":""}]
SUMMARY op=add5 rows=2048 cols=4096 cores=32 tiles=0 lx=0 io_hbm_bytes=201326592 kernel_us=2026.561 pred_us=2116.043 err_pct=+4.4 bw_gbps=99.3 memset_us=274.001 other_dev_us=989.981 total_dev_us=3290.543
-- add6 [2048,4096] lx=0
  op_it_space_splits={d0: 32, d1: 1}
  op_it_space_splits={d0: 32, d1: 1}
  op_it_space_splits={d0: 32, d1: 1}
  op_it_space_splits={d0: 32, d1: 1}
  op_it_space_splits={d0: 32, d1: 1}
IO -- device-layout I/O (cost model, stick-padded) --
IO   op add
IO     output op0                    torch [2048, 4096] -> device [64, 2048, 64] in HBM = 8388608 elems x 2B = 16777216 B  (hbm counted: 16777216 B)
IO     input  arg0_1                 torch [2048, 4096] -> device [64, 2048, 64] in HBM = 8388608 elems x 2B = 16777216 B  (hbm counted: 16777216 B)
IO     input  arg1_1                 torch [2048, 4096] -> device [64, 2048, 64] in HBM = 8388608 elems x 2B = 16777216 B  (hbm counted: 16777216 B)
IO   op add_1
IO     output op1                    torch [2048, 4096] -> device [64, 2048, 64] in HBM = 8388608 elems x 2B = 16777216 B  (hbm counted: 16777216 B)
IO     input  buf0                   torch [2048, 4096] -> device [64, 2048, 64] in HBM = 8388608 elems x 2B = 16777216 B  (hbm counted: 16777216 B)
IO     input  arg2_1                 torch [2048, 4096] -> device [64, 2048, 64] in HBM = 8388608 elems x 2B = 16777216 B  (hbm counted: 16777216 B)
IO   op add_2
IO     output op2                    torch [2048, 4096] -> device [64, 2048, 64] in HBM = 8388608 elems x 2B = 16777216 B  (hbm counted: 16777216 B)
IO     input  buf1                   torch [2048, 4096] -> device [64, 2048, 64] in HBM = 8388608 elems x 2B = 16777216 B  (hbm counted: 16777216 B)
IO     input  arg3_1                 torch [2048, 4096] -> device [64, 2048, 64] in HBM = 8388608 elems x 2B = 16777216 B  (hbm counted: 16777216 B)
IO   op add_3
IO     output op3                    torch [2048, 4096] -> device [64, 2048, 64] in HBM = 8388608 elems x 2B = 16777216 B  (hbm counted: 16777216 B)
IO     input  buf2                   torch [2048, 4096] -> device [64, 2048, 64] in HBM = 8388608 elems x 2B = 16777216 B  (hbm counted: 16777216 B)
IO     input  arg4_1                 torch [2048, 4096] -> device [64, 2048, 64] in HBM = 8388608 elems x 2B = 16777216 B  (hbm counted: 16777216 B)
IO   op add_4
IO     output op4                    torch [2048, 4096] -> device [64, 2048, 64] in HBM = 8388608 elems x 2B = 16777216 B  (hbm counted: 16777216 B)
IO     input  buf3                   torch [2048, 4096] -> device [64, 2048, 64] in HBM = 8388608 elems x 2B = 16777216 B  (hbm counted: 16777216 B)
IO     input  arg5_1                 torch [2048, 4096] -> device [64, 2048, 64] in HBM = 8388608 elems x 2B = 16777216 B  (hbm counted: 16777216 B)
IO   => HBM I/O total = 251658240 B  (lx 0 B, ~free)
MODEL -- estimate (turnaround): T = (R+W)/BW_PEAK + a*min(R,W) --
MODEL   R=167772160 B (read)   W=83886080 B (write)   loop_trip L=1
MODEL   base = (R+W)/150 = 1677.72 us
MODEL   turn = a*min(R,W) = 0.00574*83886080 = 481.51 us
MODEL   => T_model = 2807.00 us
MODEL FEATS [{"name":"add","is_reduction":false,"out_elems":8388608,"cores":32,"dtype_bytes":2,"args":[{"name":"op0","role":"output","mem":"hbm","elems":8388608,"broadcast":false,"dims":[64,2048,64],"logical":[2048,4096],"loop_factor":1},{"name":"arg0_1","role":"input","mem":"hbm","elems":8388608,"broadcast":false,"dims":[64,2048,64],"logical":[2048,4096],"loop_factor":1},{"name":"arg1_1","role":"input","mem":"hbm","elems":8388608,"broadcast":false,"dims":[64,2048,64],"logical":[2048,4096],"loop_factor":1}],"reduction_cores":1,"loop_trip":1,"tiles_output_dim":false,"tile_rows_per_core":0.0,"is_matmul":false,"matmul_macs":0,"matmul_rows_per_core":0.0,"matmul_cols_per_core":0.0,"matmul_a_bytes":0,"matmul_b_bytes":0,"matmul_m_split":1,"matmul_n_split":1,"hbm_pattern":""},{"name":"add_1","is_reduction":false,"out_elems":8388608,"cores":32,"dtype_bytes":2,"args":[{"name":"op1","role":"output","mem":"hbm","elems":8388608,"broadcast":false,"dims":[64,2048,64],"logical":[2048,4096],"loop_factor":1},{"name":"buf0","role":"input","mem":"hbm","elems":8388608,"broadcast":false,"dims":[64,2048,64],"logical":[2048,4096],"loop_factor":1},{"name":"arg2_1","role":"input","mem":"hbm","elems":8388608,"broadcast":false,"dims":[64,2048,64],"logical":[2048,4096],"loop_factor":1}],"reduction_cores":1,"loop_trip":1,"tiles_output_dim":false,"tile_rows_per_core":0.0,"is_matmul":false,"matmul_macs":0,"matmul_rows_per_core":0.0,"matmul_cols_per_core":0.0,"matmul_a_bytes":0,"matmul_b_bytes":0,"matmul_m_split":1,"matmul_n_split":1,"hbm_pattern":""},{"name":"add_2","is_reduction":false,"out_elems":8388608,"cores":32,"dtype_bytes":2,"args":[{"name":"op2","role":"output","mem":"hbm","elems":8388608,"broadcast":false,"dims":[64,2048,64],"logical":[2048,4096],"loop_factor":1},{"name":"buf1","role":"input","mem":"hbm","elems":8388608,"broadcast":false,"dims":[64,2048,64],"logical":[2048,4096],"loop_factor":1},{"name":"arg3_1","role":"input","mem":"hbm","elems":8388608,"broadcast":false,"dims":[64,2048,64],"logical":[2048,4096],"loop_factor":1}],"reduction_cores":1,"loop_trip":1,"tiles_output_dim":false,"tile_rows_per_core":0.0,"is_matmul":false,"matmul_macs":0,"matmul_rows_per_core":0.0,"matmul_cols_per_core":0.0,"matmul_a_bytes":0,"matmul_b_bytes":0,"matmul_m_split":1,"matmul_n_split":1,"hbm_pattern":""},{"name":"add_3","is_reduction":false,"out_elems":8388608,"cores":32,"dtype_bytes":2,"args":[{"name":"op3","role":"output","mem":"hbm","elems":8388608,"broadcast":false,"dims":[64,2048,64],"logical":[2048,4096],"loop_factor":1},{"name":"buf2","role":"input","mem":"hbm","elems":8388608,"broadcast":false,"dims":[64,2048,64],"logical":[2048,4096],"loop_factor":1},{"name":"arg4_1","role":"input","mem":"hbm","elems":8388608,"broadcast":false,"dims":[64,2048,64],"logical":[2048,4096],"loop_factor":1}],"reduction_cores":1,"loop_trip":1,"tiles_output_dim":false,"tile_rows_per_core":0.0,"is_matmul":false,"matmul_macs":0,"matmul_rows_per_core":0.0,"matmul_cols_per_core":0.0,"matmul_a_bytes":0,"matmul_b_bytes":0,"matmul_m_split":1,"matmul_n_split":1,"hbm_pattern":""},{"name":"add_4","is_reduction":false,"out_elems":8388608,"cores":32,"dtype_bytes":2,"args":[{"name":"op4","role":"output","mem":"hbm","elems":8388608,"broadcast":false,"dims":[64,2048,64],"logical":[2048,4096],"loop_factor":1},{"name":"buf3","role":"input","mem":"hbm","elems":8388608,"broadcast":false,"dims":[64,2048,64],"logical":[2048,4096],"loop_factor":1},{"name":"arg5_1","role":"input","mem":"hbm","elems":8388608,"broadcast":false,"dims":[64,2048,64],"logical":[2048,4096],"loop_factor":1}],"reduction_cores":1,"loop_trip":1,"tiles_output_dim":false,"tile_rows_per_core":0.0,"is_matmul":false,"matmul_macs":0,"matmul_rows_per_core":0.0,"matmul_cols_per_core":0.0,"matmul_a_bytes":0,"matmul_b_bytes":0,"matmul_m_split":1,"matmul_n_split":1,"hbm_pattern":""}]
SUMMARY op=add6 rows=2048 cols=4096 cores=32 tiles=0 lx=0 io_hbm_bytes=251658240 kernel_us=2538.293 pred_us=2806.996 err_pct=+10.6 bw_gbps=99.1 memset_us=277.407 other_dev_us=998.540 total_dev_us=3814.240
-- add_indep2 [2048,4096] lx=0
  op_it_space_splits={d0: 32, d1: 1}
  op_it_space_splits={d0: 32, d1: 1}
SUMMARY op=add_indep2 rows=2048 cols=4096 tiles=0 lx=0 FAILED reason=AttributeError: 'tuple' object has no attribute 'cpu'
-- add [2048,16384] lx=0
  op_it_space_splits={d0: 32, d1: 1}
IO -- device-layout I/O (cost model, stick-padded) --
IO   op add
IO     output op0                    torch [2048, 16384] -> device [256, 2048, 64] in HBM = 33554432 elems x 2B = 67108864 B  (hbm counted: 67108864 B)
IO     input  arg0_1                 torch [2048, 16384] -> device [256, 2048, 64] in HBM = 33554432 elems x 2B = 67108864 B  (hbm counted: 67108864 B)
IO     input  arg1_1                 torch [2048, 16384] -> device [256, 2048, 64] in HBM = 33554432 elems x 2B = 67108864 B  (hbm counted: 67108864 B)
IO   => HBM I/O total = 201326592 B  (lx 0 B, ~free)
MODEL -- estimate (turnaround): T = (R+W)/BW_PEAK + a*min(R,W) --
MODEL   R=134217728 B (read)   W=67108864 B (write)   loop_trip L=1
MODEL   base = (R+W)/150 = 1342.18 us
MODEL   turn = a*min(R,W) = 0.00574*67108864 = 385.20 us
MODEL   => T_model = 1727.38 us
MODEL FEATS [{"name":"add","is_reduction":false,"out_elems":33554432,"cores":32,"dtype_bytes":2,"args":[{"name":"op0","role":"output","mem":"hbm","elems":33554432,"broadcast":false,"dims":[256,2048,64],"logical":[2048,16384],"loop_factor":1},{"name":"arg0_1","role":"input","mem":"hbm","elems":33554432,"broadcast":false,"dims":[256,2048,64],"logical":[2048,16384],"loop_factor":1},{"name":"arg1_1","role":"input","mem":"hbm","elems":33554432,"broadcast":false,"dims":[256,2048,64],"logical":[2048,16384],"loop_factor":1}],"reduction_cores":1,"loop_trip":1,"tiles_output_dim":false,"tile_rows_per_core":0.0,"is_matmul":false,"matmul_macs":0,"matmul_rows_per_core":0.0,"matmul_cols_per_core":0.0,"matmul_a_bytes":0,"matmul_b_bytes":0,"matmul_m_split":1,"matmul_n_split":1,"hbm_pattern":""}]
SUMMARY op=add rows=2048 cols=16384 cores=32 tiles=0 lx=0 io_hbm_bytes=201326592 kernel_us=1752.579 pred_us=1727.382 err_pct=-1.4 bw_gbps=114.9 memset_us=1156.790 other_dev_us=5252.804 total_dev_us=8162.173
-- add3 [2048,16384] lx=0
  op_it_space_splits={d0: 32, d1: 1}
  op_it_space_splits={d0: 32, d1: 1}
IO -- device-layout I/O (cost model, stick-padded) --
IO   op add
IO     output op0                    torch [2048, 16384] -> device [256, 2048, 64] in HBM = 33554432 elems x 2B = 67108864 B  (hbm counted: 67108864 B)
IO     input  arg0_1                 torch [2048, 16384] -> device [256, 2048, 64] in HBM = 33554432 elems x 2B = 67108864 B  (hbm counted: 67108864 B)
IO     input  arg1_1                 torch [2048, 16384] -> device [256, 2048, 64] in HBM = 33554432 elems x 2B = 67108864 B  (hbm counted: 67108864 B)
IO   op add_1
IO     output op1                    torch [2048, 16384] -> device [256, 2048, 64] in HBM = 33554432 elems x 2B = 67108864 B  (hbm counted: 67108864 B)
IO     input  buf0                   torch [2048, 16384] -> device [256, 2048, 64] in HBM = 33554432 elems x 2B = 67108864 B  (hbm counted: 67108864 B)
IO     input  arg2_1                 torch [2048, 16384] -> device [256, 2048, 64] in HBM = 33554432 elems x 2B = 67108864 B  (hbm counted: 67108864 B)
IO   => HBM I/O total = 402653184 B  (lx 0 B, ~free)
MODEL -- estimate (turnaround): T = (R+W)/BW_PEAK + a*min(R,W) --
MODEL   R=268435456 B (read)   W=134217728 B (write)   loop_trip L=1
MODEL   base = (R+W)/150 = 2684.35 us
MODEL   turn = a*min(R,W) = 0.00574*134217728 = 770.41 us
MODEL   => T_model = 3713.87 us
MODEL FEATS [{"name":"add","is_reduction":false,"out_elems":33554432,"cores":32,"dtype_bytes":2,"args":[{"name":"op0","role":"output","mem":"hbm","elems":33554432,"broadcast":false,"dims":[256,2048,64],"logical":[2048,16384],"loop_factor":1},{"name":"arg0_1","role":"input","mem":"hbm","elems":33554432,"broadcast":false,"dims":[256,2048,64],"logical":[2048,16384],"loop_factor":1},{"name":"arg1_1","role":"input","mem":"hbm","elems":33554432,"broadcast":false,"dims":[256,2048,64],"logical":[2048,16384],"loop_factor":1}],"reduction_cores":1,"loop_trip":1,"tiles_output_dim":false,"tile_rows_per_core":0.0,"is_matmul":false,"matmul_macs":0,"matmul_rows_per_core":0.0,"matmul_cols_per_core":0.0,"matmul_a_bytes":0,"matmul_b_bytes":0,"matmul_m_split":1,"matmul_n_split":1,"hbm_pattern":""},{"name":"add_1","is_reduction":false,"out_elems":33554432,"cores":32,"dtype_bytes":2,"args":[{"name":"op1","role":"output","mem":"hbm","elems":33554432,"broadcast":false,"dims":[256,2048,64],"logical":[2048,16384],"loop_factor":1},{"name":"buf0","role":"input","mem":"hbm","elems":33554432,"broadcast":false,"dims":[256,2048,64],"logical":[2048,16384],"loop_factor":1},{"name":"arg2_1","role":"input","mem":"hbm","elems":33554432,"broadcast":false,"dims":[256,2048,64],"logical":[2048,16384],"loop_factor":1}],"reduction_cores":1,"loop_trip":1,"tiles_output_dim":false,"tile_rows_per_core":0.0,"is_matmul":false,"matmul_macs":0,"matmul_rows_per_core":0.0,"matmul_cols_per_core":0.0,"matmul_a_bytes":0,"matmul_b_bytes":0,"matmul_m_split":1,"matmul_n_split":1,"hbm_pattern":""}]
SUMMARY op=add3 rows=2048 cols=16384 cores=32 tiles=0 lx=0 io_hbm_bytes=402653184 kernel_us=3751.909 pred_us=3713.872 err_pct=-1.0 bw_gbps=107.3 memset_us=1098.828 other_dev_us=5570.303 total_dev_us=10421.040
-- add4 [2048,16384] lx=0
  op_it_space_splits={d0: 32, d1: 1}
  op_it_space_splits={d0: 32, d1: 1}
  op_it_space_splits={d0: 32, d1: 1}
IO -- device-layout I/O (cost model, stick-padded) --
IO   op add
IO     output op0                    torch [2048, 16384] -> device [256, 2048, 64] in HBM = 33554432 elems x 2B = 67108864 B  (hbm counted: 67108864 B)
IO     input  arg0_1                 torch [2048, 16384] -> device [256, 2048, 64] in HBM = 33554432 elems x 2B = 67108864 B  (hbm counted: 67108864 B)
IO     input  arg1_1                 torch [2048, 16384] -> device [256, 2048, 64] in HBM = 33554432 elems x 2B = 67108864 B  (hbm counted: 67108864 B)
IO   op add_1
IO     output op1                    torch [2048, 16384] -> device [256, 2048, 64] in HBM = 33554432 elems x 2B = 67108864 B  (hbm counted: 67108864 B)
IO     input  buf0                   torch [2048, 16384] -> device [256, 2048, 64] in HBM = 33554432 elems x 2B = 67108864 B  (hbm counted: 67108864 B)
IO     input  arg2_1                 torch [2048, 16384] -> device [256, 2048, 64] in HBM = 33554432 elems x 2B = 67108864 B  (hbm counted: 67108864 B)
IO   op add_2
IO     output op2                    torch [2048, 16384] -> device [256, 2048, 64] in HBM = 33554432 elems x 2B = 67108864 B  (hbm counted: 67108864 B)
IO     input  buf1                   torch [2048, 16384] -> device [256, 2048, 64] in HBM = 33554432 elems x 2B = 67108864 B  (hbm counted: 67108864 B)
IO     input  arg3_1                 torch [2048, 16384] -> device [256, 2048, 64] in HBM = 33554432 elems x 2B = 67108864 B  (hbm counted: 67108864 B)
IO   => HBM I/O total = 603979776 B  (lx 0 B, ~free)
MODEL -- estimate (turnaround): T = (R+W)/BW_PEAK + a*min(R,W) --
MODEL   R=402653184 B (read)   W=201326592 B (write)   loop_trip L=1
MODEL   base = (R+W)/150 = 4026.53 us
MODEL   turn = a*min(R,W) = 0.00574*201326592 = 1155.61 us
MODEL   => T_model = 5959.47 us
MODEL FEATS [{"name":"add","is_reduction":false,"out_elems":33554432,"cores":32,"dtype_bytes":2,"args":[{"name":"op0","role":"output","mem":"hbm","elems":33554432,"broadcast":false,"dims":[256,2048,64],"logical":[2048,16384],"loop_factor":1},{"name":"arg0_1","role":"input","mem":"hbm","elems":33554432,"broadcast":false,"dims":[256,2048,64],"logical":[2048,16384],"loop_factor":1},{"name":"arg1_1","role":"input","mem":"hbm","elems":33554432,"broadcast":false,"dims":[256,2048,64],"logical":[2048,16384],"loop_factor":1}],"reduction_cores":1,"loop_trip":1,"tiles_output_dim":false,"tile_rows_per_core":0.0,"is_matmul":false,"matmul_macs":0,"matmul_rows_per_core":0.0,"matmul_cols_per_core":0.0,"matmul_a_bytes":0,"matmul_b_bytes":0,"matmul_m_split":1,"matmul_n_split":1,"hbm_pattern":""},{"name":"add_1","is_reduction":false,"out_elems":33554432,"cores":32,"dtype_bytes":2,"args":[{"name":"op1","role":"output","mem":"hbm","elems":33554432,"broadcast":false,"dims":[256,2048,64],"logical":[2048,16384],"loop_factor":1},{"name":"buf0","role":"input","mem":"hbm","elems":33554432,"broadcast":false,"dims":[256,2048,64],"logical":[2048,16384],"loop_factor":1},{"name":"arg2_1","role":"input","mem":"hbm","elems":33554432,"broadcast":false,"dims":[256,2048,64],"logical":[2048,16384],"loop_factor":1}],"reduction_cores":1,"loop_trip":1,"tiles_output_dim":false,"tile_rows_per_core":0.0,"is_matmul":false,"matmul_macs":0,"matmul_rows_per_core":0.0,"matmul_cols_per_core":0.0,"matmul_a_bytes":0,"matmul_b_bytes":0,"matmul_m_split":1,"matmul_n_split":1,"hbm_pattern":""},{"name":"add_2","is_reduction":false,"out_elems":33554432,"cores":32,"dtype_bytes":2,"args":[{"name":"op2","role":"output","mem":"hbm","elems":33554432,"broadcast":false,"dims":[256,2048,64],"logical":[2048,16384],"loop_factor":1},{"name":"buf1","role":"input","mem":"hbm","elems":33554432,"broadcast":false,"dims":[256,2048,64],"logical":[2048,16384],"loop_factor":1},{"name":"arg3_1","role":"input","mem":"hbm","elems":33554432,"broadcast":false,"dims":[256,2048,64],"logical":[2048,16384],"loop_factor":1}],"reduction_cores":1,"loop_trip":1,"tiles_output_dim":false,"tile_rows_per_core":0.0,"is_matmul":false,"matmul_macs":0,"matmul_rows_per_core":0.0,"matmul_cols_per_core":0.0,"matmul_a_bytes":0,"matmul_b_bytes":0,"matmul_m_split":1,"matmul_n_split":1,"hbm_pattern":""}]
SUMMARY op=add4 rows=2048 cols=16384 cores=32 tiles=0 lx=0 io_hbm_bytes=603979776 kernel_us=6126.753 pred_us=5959.468 err_pct=-2.7 bw_gbps=98.6 memset_us=1051.000 other_dev_us=6079.725 total_dev_us=13257.478
-- add5 [2048,16384] lx=0
  op_it_space_splits={d0: 32, d1: 1}
  op_it_space_splits={d0: 32, d1: 1}
  op_it_space_splits={d0: 32, d1: 1}
  op_it_space_splits={d0: 32, d1: 1}
IO -- device-layout I/O (cost model, stick-padded) --
IO   op add
IO     output op0                    torch [2048, 16384] -> device [256, 2048, 64] in HBM = 33554432 elems x 2B = 67108864 B  (hbm counted: 67108864 B)
IO     input  arg0_1                 torch [2048, 16384] -> device [256, 2048, 64] in HBM = 33554432 elems x 2B = 67108864 B  (hbm counted: 67108864 B)
IO     input  arg1_1                 torch [2048, 16384] -> device [256, 2048, 64] in HBM = 33554432 elems x 2B = 67108864 B  (hbm counted: 67108864 B)
IO   op add_1
IO     output op1                    torch [2048, 16384] -> device [256, 2048, 64] in HBM = 33554432 elems x 2B = 67108864 B  (hbm counted: 67108864 B)
IO     input  buf0                   torch [2048, 16384] -> device [256, 2048, 64] in HBM = 33554432 elems x 2B = 67108864 B  (hbm counted: 67108864 B)
IO     input  arg2_1                 torch [2048, 16384] -> device [256, 2048, 64] in HBM = 33554432 elems x 2B = 67108864 B  (hbm counted: 67108864 B)
IO   op add_2
IO     output op2                    torch [2048, 16384] -> device [256, 2048, 64] in HBM = 33554432 elems x 2B = 67108864 B  (hbm counted: 67108864 B)
IO     input  buf1                   torch [2048, 16384] -> device [256, 2048, 64] in HBM = 33554432 elems x 2B = 67108864 B  (hbm counted: 67108864 B)
IO     input  arg3_1                 torch [2048, 16384] -> device [256, 2048, 64] in HBM = 33554432 elems x 2B = 67108864 B  (hbm counted: 67108864 B)
IO   op add_3
IO     output op3                    torch [2048, 16384] -> device [256, 2048, 64] in HBM = 33554432 elems x 2B = 67108864 B  (hbm counted: 67108864 B)
IO     input  buf2                   torch [2048, 16384] -> device [256, 2048, 64] in HBM = 33554432 elems x 2B = 67108864 B  (hbm counted: 67108864 B)
IO     input  arg4_1                 torch [2048, 16384] -> device [256, 2048, 64] in HBM = 33554432 elems x 2B = 67108864 B  (hbm counted: 67108864 B)
IO   => HBM I/O total = 805306368 B  (lx 0 B, ~free)
MODEL -- estimate (turnaround): T = (R+W)/BW_PEAK + a*min(R,W) --
MODEL   R=536870912 B (read)   W=268435456 B (write)   loop_trip L=1
MODEL   base = (R+W)/150 = 5368.71 us
MODEL   turn = a*min(R,W) = 0.00574*268435456 = 1540.82 us
MODEL   => T_model = 8464.17 us
MODEL FEATS [{"name":"add","is_reduction":false,"out_elems":33554432,"cores":32,"dtype_bytes":2,"args":[{"name":"op0","role":"output","mem":"hbm","elems":33554432,"broadcast":false,"dims":[256,2048,64],"logical":[2048,16384],"loop_factor":1},{"name":"arg0_1","role":"input","mem":"hbm","elems":33554432,"broadcast":false,"dims":[256,2048,64],"logical":[2048,16384],"loop_factor":1},{"name":"arg1_1","role":"input","mem":"hbm","elems":33554432,"broadcast":false,"dims":[256,2048,64],"logical":[2048,16384],"loop_factor":1}],"reduction_cores":1,"loop_trip":1,"tiles_output_dim":false,"tile_rows_per_core":0.0,"is_matmul":false,"matmul_macs":0,"matmul_rows_per_core":0.0,"matmul_cols_per_core":0.0,"matmul_a_bytes":0,"matmul_b_bytes":0,"matmul_m_split":1,"matmul_n_split":1,"hbm_pattern":""},{"name":"add_1","is_reduction":false,"out_elems":33554432,"cores":32,"dtype_bytes":2,"args":[{"name":"op1","role":"output","mem":"hbm","elems":33554432,"broadcast":false,"dims":[256,2048,64],"logical":[2048,16384],"loop_factor":1},{"name":"buf0","role":"input","mem":"hbm","elems":33554432,"broadcast":false,"dims":[256,2048,64],"logical":[2048,16384],"loop_factor":1},{"name":"arg2_1","role":"input","mem":"hbm","elems":33554432,"broadcast":false,"dims":[256,2048,64],"logical":[2048,16384],"loop_factor":1}],"reduction_cores":1,"loop_trip":1,"tiles_output_dim":false,"tile_rows_per_core":0.0,"is_matmul":false,"matmul_macs":0,"matmul_rows_per_core":0.0,"matmul_cols_per_core":0.0,"matmul_a_bytes":0,"matmul_b_bytes":0,"matmul_m_split":1,"matmul_n_split":1,"hbm_pattern":""},{"name":"add_2","is_reduction":false,"out_elems":33554432,"cores":32,"dtype_bytes":2,"args":[{"name":"op2","role":"output","mem":"hbm","elems":33554432,"broadcast":false,"dims":[256,2048,64],"logical":[2048,16384],"loop_factor":1},{"name":"buf1","role":"input","mem":"hbm","elems":33554432,"broadcast":false,"dims":[256,2048,64],"logical":[2048,16384],"loop_factor":1},{"name":"arg3_1","role":"input","mem":"hbm","elems":33554432,"broadcast":false,"dims":[256,2048,64],"logical":[2048,16384],"loop_factor":1}],"reduction_cores":1,"loop_trip":1,"tiles_output_dim":false,"tile_rows_per_core":0.0,"is_matmul":false,"matmul_macs":0,"matmul_rows_per_core":0.0,"matmul_cols_per_core":0.0,"matmul_a_bytes":0,"matmul_b_bytes":0,"matmul_m_split":1,"matmul_n_split":1,"hbm_pattern":""},{"name":"add_3","is_reduction":false,"out_elems":33554432,"cores":32,"dtype_bytes":2,"args":[{"name":"op3","role":"output","mem":"hbm","elems":33554432,"broadcast":false,"dims":[256,2048,64],"logical":[2048,16384],"loop_factor":1},{"name":"buf2","role":"input","mem":"hbm","elems":33554432,"broadcast":false,"dims":[256,2048,64],"logical":[2048,16384],"loop_factor":1},{"name":"arg4_1","role":"input","mem":"hbm","elems":33554432,"broadcast":false,"dims":[256,2048,64],"logical":[2048,16384],"loop_factor":1}],"reduction_cores":1,"loop_trip":1,"tiles_output_dim":false,"tile_rows_per_core":0.0,"is_matmul":false,"matmul_macs":0,"matmul_rows_per_core":0.0,"matmul_cols_per_core":0.0,"matmul_a_bytes":0,"matmul_b_bytes":0,"matmul_m_split":1,"matmul_n_split":1,"hbm_pattern":""}]
SUMMARY op=add5 rows=2048 cols=16384 cores=32 tiles=0 lx=0 io_hbm_bytes=805306368 kernel_us=8138.088 pred_us=8464.173 err_pct=+4.0 bw_gbps=99.0 memset_us=1086.827 other_dev_us=5813.205 total_dev_us=15038.120
-- add6 [2048,16384] lx=0
  op_it_space_splits={d0: 32, d1: 1}
  op_it_space_splits={d0: 32, d1: 1}
  op_it_space_splits={d0: 32, d1: 1}
  op_it_space_splits={d0: 32, d1: 1}
  op_it_space_splits={d0: 32, d1: 1}
IO -- device-layout I/O (cost model, stick-padded) --
IO   op add
IO     output op0                    torch [2048, 16384] -> device [256, 2048, 64] in HBM = 33554432 elems x 2B = 67108864 B  (hbm counted: 67108864 B)
IO     input  arg0_1                 torch [2048, 16384] -> device [256, 2048, 64] in HBM = 33554432 elems x 2B = 67108864 B  (hbm counted: 67108864 B)
IO     input  arg1_1                 torch [2048, 16384] -> device [256, 2048, 64] in HBM = 33554432 elems x 2B = 67108864 B  (hbm counted: 67108864 B)
IO   op add_1
IO     output op1                    torch [2048, 16384] -> device [256, 2048, 64] in HBM = 33554432 elems x 2B = 67108864 B  (hbm counted: 67108864 B)
IO     input  buf0                   torch [2048, 16384] -> device [256, 2048, 64] in HBM = 33554432 elems x 2B = 67108864 B  (hbm counted: 67108864 B)
IO     input  arg2_1                 torch [2048, 16384] -> device [256, 2048, 64] in HBM = 33554432 elems x 2B = 67108864 B  (hbm counted: 67108864 B)
IO   op add_2
IO     output op2                    torch [2048, 16384] -> device [256, 2048, 64] in HBM = 33554432 elems x 2B = 67108864 B  (hbm counted: 67108864 B)
IO     input  buf1                   torch [2048, 16384] -> device [256, 2048, 64] in HBM = 33554432 elems x 2B = 67108864 B  (hbm counted: 67108864 B)
IO     input  arg3_1                 torch [2048, 16384] -> device [256, 2048, 64] in HBM = 33554432 elems x 2B = 67108864 B  (hbm counted: 67108864 B)
IO   op add_3
IO     output op3                    torch [2048, 16384] -> device [256, 2048, 64] in HBM = 33554432 elems x 2B = 67108864 B  (hbm counted: 67108864 B)
IO     input  buf2                   torch [2048, 16384] -> device [256, 2048, 64] in HBM = 33554432 elems x 2B = 67108864 B  (hbm counted: 67108864 B)
IO     input  arg4_1                 torch [2048, 16384] -> device [256, 2048, 64] in HBM = 33554432 elems x 2B = 67108864 B  (hbm counted: 67108864 B)
IO   op add_4
IO     output op4                    torch [2048, 16384] -> device [256, 2048, 64] in HBM = 33554432 elems x 2B = 67108864 B  (hbm counted: 67108864 B)
IO     input  buf3                   torch [2048, 16384] -> device [256, 2048, 64] in HBM = 33554432 elems x 2B = 67108864 B  (hbm counted: 67108864 B)
IO     input  arg5_1                 torch [2048, 16384] -> device [256, 2048, 64] in HBM = 33554432 elems x 2B = 67108864 B  (hbm counted: 67108864 B)
IO   => HBM I/O total = 1006632960 B  (lx 0 B, ~free)
MODEL -- estimate (turnaround): T = (R+W)/BW_PEAK + a*min(R,W) --
MODEL   R=671088640 B (read)   W=335544320 B (write)   loop_trip L=1
MODEL   base = (R+W)/150 = 6710.89 us
MODEL   turn = a*min(R,W) = 0.00574*335544320 = 1926.02 us
MODEL   => T_model = 11227.98 us
MODEL FEATS [{"name":"add","is_reduction":false,"out_elems":33554432,"cores":32,"dtype_bytes":2,"args":[{"name":"op0","role":"output","mem":"hbm","elems":33554432,"broadcast":false,"dims":[256,2048,64],"logical":[2048,16384],"loop_factor":1},{"name":"arg0_1","role":"input","mem":"hbm","elems":33554432,"broadcast":false,"dims":[256,2048,64],"logical":[2048,16384],"loop_factor":1},{"name":"arg1_1","role":"input","mem":"hbm","elems":33554432,"broadcast":false,"dims":[256,2048,64],"logical":[2048,16384],"loop_factor":1}],"reduction_cores":1,"loop_trip":1,"tiles_output_dim":false,"tile_rows_per_core":0.0,"is_matmul":false,"matmul_macs":0,"matmul_rows_per_core":0.0,"matmul_cols_per_core":0.0,"matmul_a_bytes":0,"matmul_b_bytes":0,"matmul_m_split":1,"matmul_n_split":1,"hbm_pattern":""},{"name":"add_1","is_reduction":false,"out_elems":33554432,"cores":32,"dtype_bytes":2,"args":[{"name":"op1","role":"output","mem":"hbm","elems":33554432,"broadcast":false,"dims":[256,2048,64],"logical":[2048,16384],"loop_factor":1},{"name":"buf0","role":"input","mem":"hbm","elems":33554432,"broadcast":false,"dims":[256,2048,64],"logical":[2048,16384],"loop_factor":1},{"name":"arg2_1","role":"input","mem":"hbm","elems":33554432,"broadcast":false,"dims":[256,2048,64],"logical":[2048,16384],"loop_factor":1}],"reduction_cores":1,"loop_trip":1,"tiles_output_dim":false,"tile_rows_per_core":0.0,"is_matmul":false,"matmul_macs":0,"matmul_rows_per_core":0.0,"matmul_cols_per_core":0.0,"matmul_a_bytes":0,"matmul_b_bytes":0,"matmul_m_split":1,"matmul_n_split":1,"hbm_pattern":""},{"name":"add_2","is_reduction":false,"out_elems":33554432,"cores":32,"dtype_bytes":2,"args":[{"name":"op2","role":"output","mem":"hbm","elems":33554432,"broadcast":false,"dims":[256,2048,64],"logical":[2048,16384],"loop_factor":1},{"name":"buf1","role":"input","mem":"hbm","elems":33554432,"broadcast":false,"dims":[256,2048,64],"logical":[2048,16384],"loop_factor":1},{"name":"arg3_1","role":"input","mem":"hbm","elems":33554432,"broadcast":false,"dims":[256,2048,64],"logical":[2048,16384],"loop_factor":1}],"reduction_cores":1,"loop_trip":1,"tiles_output_dim":false,"tile_rows_per_core":0.0,"is_matmul":false,"matmul_macs":0,"matmul_rows_per_core":0.0,"matmul_cols_per_core":0.0,"matmul_a_bytes":0,"matmul_b_bytes":0,"matmul_m_split":1,"matmul_n_split":1,"hbm_pattern":""},{"name":"add_3","is_reduction":false,"out_elems":33554432,"cores":32,"dtype_bytes":2,"args":[{"name":"op3","role":"output","mem":"hbm","elems":33554432,"broadcast":false,"dims":[256,2048,64],"logical":[2048,16384],"loop_factor":1},{"name":"buf2","role":"input","mem":"hbm","elems":33554432,"broadcast":false,"dims":[256,2048,64],"logical":[2048,16384],"loop_factor":1},{"name":"arg4_1","role":"input","mem":"hbm","elems":33554432,"broadcast":false,"dims":[256,2048,64],"logical":[2048,16384],"loop_factor":1}],"reduction_cores":1,"loop_trip":1,"tiles_output_dim":false,"tile_rows_per_core":0.0,"is_matmul":false,"matmul_macs":0,"matmul_rows_per_core":0.0,"matmul_cols_per_core":0.0,"matmul_a_bytes":0,"matmul_b_bytes":0,"matmul_m_split":1,"matmul_n_split":1,"hbm_pattern":""},{"name":"add_4","is_reduction":false,"out_elems":33554432,"cores":32,"dtype_bytes":2,"args":[{"name":"op4","role":"output","mem":"hbm","elems":33554432,"broadcast":false,"dims":[256,2048,64],"logical":[2048,16384],"loop_factor":1},{"name":"buf3","role":"input","mem":"hbm","elems":33554432,"broadcast":false,"dims":[256,2048,64],"logical":[2048,16384],"loop_factor":1},{"name":"arg5_1","role":"input","mem":"hbm","elems":33554432,"broadcast":false,"dims":[256,2048,64],"logical":[2048,16384],"loop_factor":1}],"reduction_cores":1,"loop_trip":1,"tiles_output_dim":false,"tile_rows_per_core":0.0,"is_matmul":false,"matmul_macs":0,"matmul_rows_per_core":0.0,"matmul_cols_per_core":0.0,"matmul_a_bytes":0,"matmul_b_bytes":0,"matmul_m_split":1,"matmul_n_split":1,"hbm_pattern":""}]
SUMMARY op=add6 rows=2048 cols=16384 cores=32 tiles=0 lx=0 io_hbm_bytes=1006632960 kernel_us=10205.157 pred_us=11227.984 err_pct=+10.0 bw_gbps=98.6 memset_us=1067.449 other_dev_us=6166.749 total_dev_us=17439.355
-- add_indep2 [2048,16384] lx=0
  op_it_space_splits={d0: 32, d1: 1}
  op_it_space_splits={d0: 32, d1: 1}
SUMMARY op=add_indep2 rows=2048 cols=16384 tiles=0 lx=0 FAILED reason=AttributeError: 'tuple' object has no attribute 'cpu'
-- add [2048,1024] lx=1
  op_it_space_splits={d0: 32, d1: 1}
IO -- device-layout I/O (cost model, stick-padded) --
IO   op add
IO     output op0                    torch [2048, 1024] -> device [16, 2048, 64] in HBM = 2097152 elems x 2B = 4194304 B  (hbm counted: 4194304 B)
IO     input  arg0_1                 torch [2048, 1024] -> device [16, 2048, 64] in HBM = 2097152 elems x 2B = 4194304 B  (hbm counted: 4194304 B)
IO     input  arg1_1                 torch [2048, 1024] -> device [16, 2048, 64] in HBM = 2097152 elems x 2B = 4194304 B  (hbm counted: 4194304 B)
IO   => HBM I/O total = 12582912 B  (lx 0 B, ~free)
MODEL -- estimate (turnaround): T = (R+W)/BW_PEAK + a*min(R,W) --
MODEL   R=8388608 B (read)   W=4194304 B (write)   loop_trip L=1
MODEL   base = (R+W)/150 = 83.89 us
MODEL   turn = a*min(R,W) = 0.00574*4194304 = 24.08 us
MODEL   => T_model = 107.96 us
MODEL FEATS [{"name":"add","is_reduction":false,"out_elems":2097152,"cores":32,"dtype_bytes":2,"args":[{"name":"op0","role":"output","mem":"hbm","elems":2097152,"broadcast":false,"dims":[16,2048,64],"logical":[2048,1024],"loop_factor":1},{"name":"arg0_1","role":"input","mem":"hbm","elems":2097152,"broadcast":false,"dims":[16,2048,64],"logical":[2048,1024],"loop_factor":1},{"name":"arg1_1","role":"input","mem":"hbm","elems":2097152,"broadcast":false,"dims":[16,2048,64],"logical":[2048,1024],"loop_factor":1}],"reduction_cores":1,"loop_trip":1,"tiles_output_dim":false,"tile_rows_per_core":0.0,"is_matmul":false,"matmul_macs":0,"matmul_rows_per_core":0.0,"matmul_cols_per_core":0.0,"matmul_a_bytes":0,"matmul_b_bytes":0,"matmul_m_split":1,"matmul_n_split":1,"hbm_pattern":""}]
SUMMARY op=add rows=2048 cols=1024 cores=32 tiles=0 lx=1 io_hbm_bytes=12582912 kernel_us=110.036 pred_us=107.961 err_pct=-1.9 bw_gbps=114.4 memset_us=112.130 other_dev_us=383.832 total_dev_us=605.998
-- add3 [2048,1024] lx=1
  op_it_space_splits={d0: 32, d1: 1}
  op_it_space_splits={d0: 32, d1: 1}
IO -- device-layout I/O (cost model, stick-padded) --
IO   op add
IO     output op0                    torch [2048, 1024] -> device [16, 2048, 64] in LX = 2097152 elems x 2B = 4194304 B  (hbm counted: 0 B)
IO     input  arg0_1                 torch [2048, 1024] -> device [16, 2048, 64] in HBM = 2097152 elems x 2B = 4194304 B  (hbm counted: 4194304 B)
IO     input  arg1_1                 torch [2048, 1024] -> device [16, 2048, 64] in HBM = 2097152 elems x 2B = 4194304 B  (hbm counted: 4194304 B)
IO   op add_1
IO     output op1                    torch [2048, 1024] -> device [16, 2048, 64] in HBM = 2097152 elems x 2B = 4194304 B  (hbm counted: 4194304 B)
IO     input  buf0                   torch [2048, 1024] -> device [16, 2048, 64] in LX = 2097152 elems x 2B = 4194304 B  (hbm counted: 0 B)
IO     input  arg2_1                 torch [2048, 1024] -> device [16, 2048, 64] in HBM = 2097152 elems x 2B = 4194304 B  (hbm counted: 4194304 B)
IO   => HBM I/O total = 16777216 B  (lx 8388608 B, ~free)
MODEL -- estimate (turnaround): T = (R+W)/BW_PEAK + a*min(R,W) --
MODEL   R=12582912 B (read)   W=4194304 B (write)   loop_trip L=1
MODEL   base = (R+W)/150 = 111.85 us
MODEL   turn = a*min(R,W) = 0.00574*4194304 = 24.08 us
MODEL   => T_model = 146.12 us
MODEL FEATS [{"name":"add","is_reduction":false,"out_elems":2097152,"cores":32,"dtype_bytes":2,"args":[{"name":"op0","role":"output","mem":"lx","elems":2097152,"broadcast":false,"dims":[16,2048,64],"logical":[2048,1024],"loop_factor":1},{"name":"arg0_1","role":"input","mem":"hbm","elems":2097152,"broadcast":false,"dims":[16,2048,64],"logical":[2048,1024],"loop_factor":1},{"name":"arg1_1","role":"input","mem":"hbm","elems":2097152,"broadcast":false,"dims":[16,2048,64],"logical":[2048,1024],"loop_factor":1}],"reduction_cores":1,"loop_trip":1,"tiles_output_dim":false,"tile_rows_per_core":0.0,"is_matmul":false,"matmul_macs":0,"matmul_rows_per_core":0.0,"matmul_cols_per_core":0.0,"matmul_a_bytes":0,"matmul_b_bytes":0,"matmul_m_split":1,"matmul_n_split":1,"hbm_pattern":""},{"name":"add_1","is_reduction":false,"out_elems":2097152,"cores":32,"dtype_bytes":2,"args":[{"name":"op1","role":"output","mem":"hbm","elems":2097152,"broadcast":false,"dims":[16,2048,64],"logical":[2048,1024],"loop_factor":1},{"name":"buf0","role":"input","mem":"lx","elems":2097152,"broadcast":false,"dims":[16,2048,64],"logical":[2048,1024],"loop_factor":1},{"name":"arg2_1","role":"input","mem":"hbm","elems":2097152,"broadcast":false,"dims":[16,2048,64],"logical":[2048,1024],"loop_factor":1}],"reduction_cores":1,"loop_trip":1,"tiles_output_dim":false,"tile_rows_per_core":0.0,"is_matmul":false,"matmul_macs":0,"matmul_rows_per_core":0.0,"matmul_cols_per_core":0.0,"matmul_a_bytes":0,"matmul_b_bytes":0,"matmul_m_split":1,"matmul_n_split":1,"hbm_pattern":""}]
SUMMARY op=add3 rows=2048 cols=1024 cores=32 tiles=0 lx=1 io_hbm_bytes=16777216 kernel_us=143.888 pred_us=146.118 err_pct=+1.5 bw_gbps=116.6 memset_us=125.138 other_dev_us=382.693 total_dev_us=651.719
-- add4 [2048,1024] lx=1
  op_it_space_splits={d0: 32, d1: 1}
  op_it_space_splits={d0: 32, d1: 1}
  op_it_space_splits={d0: 32, d1: 1}
IO -- device-layout I/O (cost model, stick-padded) --
IO   op add
IO     output op0                    torch [2048, 1024] -> device [16, 2048, 64] in LX = 2097152 elems x 2B = 4194304 B  (hbm counted: 0 B)
IO     input  arg0_1                 torch [2048, 1024] -> device [16, 2048, 64] in HBM = 2097152 elems x 2B = 4194304 B  (hbm counted: 4194304 B)
IO     input  arg1_1                 torch [2048, 1024] -> device [16, 2048, 64] in HBM = 2097152 elems x 2B = 4194304 B  (hbm counted: 4194304 B)
IO   op add_1
IO     output op1                    torch [2048, 1024] -> device [16, 2048, 64] in LX = 2097152 elems x 2B = 4194304 B  (hbm counted: 0 B)
IO     input  buf0                   torch [2048, 1024] -> device [16, 2048, 64] in LX = 2097152 elems x 2B = 4194304 B  (hbm counted: 0 B)
IO     input  arg2_1                 torch [2048, 1024] -> device [16, 2048, 64] in HBM = 2097152 elems x 2B = 4194304 B  (hbm counted: 4194304 B)
IO   op add_2
IO     output op2                    torch [2048, 1024] -> device [16, 2048, 64] in HBM = 2097152 elems x 2B = 4194304 B  (hbm counted: 4194304 B)
IO     input  buf1                   torch [2048, 1024] -> device [16, 2048, 64] in LX = 2097152 elems x 2B = 4194304 B  (hbm counted: 0 B)
IO     input  arg3_1                 torch [2048, 1024] -> device [16, 2048, 64] in HBM = 2097152 elems x 2B = 4194304 B  (hbm counted: 4194304 B)
IO   => HBM I/O total = 20971520 B  (lx 16777216 B, ~free)
MODEL -- estimate (turnaround): T = (R+W)/BW_PEAK + a*min(R,W) --
MODEL   R=16777216 B (read)   W=4194304 B (write)   loop_trip L=1
MODEL   base = (R+W)/150 = 139.81 us
MODEL   turn = a*min(R,W) = 0.00574*4194304 = 24.08 us
MODEL   => T_model = 188.47 us
MODEL FEATS [{"name":"add","is_reduction":false,"out_elems":2097152,"cores":32,"dtype_bytes":2,"args":[{"name":"op0","role":"output","mem":"lx","elems":2097152,"broadcast":false,"dims":[16,2048,64],"logical":[2048,1024],"loop_factor":1},{"name":"arg0_1","role":"input","mem":"hbm","elems":2097152,"broadcast":false,"dims":[16,2048,64],"logical":[2048,1024],"loop_factor":1},{"name":"arg1_1","role":"input","mem":"hbm","elems":2097152,"broadcast":false,"dims":[16,2048,64],"logical":[2048,1024],"loop_factor":1}],"reduction_cores":1,"loop_trip":1,"tiles_output_dim":false,"tile_rows_per_core":0.0,"is_matmul":false,"matmul_macs":0,"matmul_rows_per_core":0.0,"matmul_cols_per_core":0.0,"matmul_a_bytes":0,"matmul_b_bytes":0,"matmul_m_split":1,"matmul_n_split":1,"hbm_pattern":""},{"name":"add_1","is_reduction":false,"out_elems":2097152,"cores":32,"dtype_bytes":2,"args":[{"name":"op1","role":"output","mem":"lx","elems":2097152,"broadcast":false,"dims":[16,2048,64],"logical":[2048,1024],"loop_factor":1},{"name":"buf0","role":"input","mem":"lx","elems":2097152,"broadcast":false,"dims":[16,2048,64],"logical":[2048,1024],"loop_factor":1},{"name":"arg2_1","role":"input","mem":"hbm","elems":2097152,"broadcast":false,"dims":[16,2048,64],"logical":[2048,1024],"loop_factor":1}],"reduction_cores":1,"loop_trip":1,"tiles_output_dim":false,"tile_rows_per_core":0.0,"is_matmul":false,"matmul_macs":0,"matmul_rows_per_core":0.0,"matmul_cols_per_core":0.0,"matmul_a_bytes":0,"matmul_b_bytes":0,"matmul_m_split":1,"matmul_n_split":1,"hbm_pattern":""},{"name":"add_2","is_reduction":false,"out_elems":2097152,"cores":32,"dtype_bytes":2,"args":[{"name":"op2","role":"output","mem":"hbm","elems":2097152,"broadcast":false,"dims":[16,2048,64],"logical":[2048,1024],"loop_factor":1},{"name":"buf1","role":"input","mem":"lx","elems":2097152,"broadcast":false,"dims":[16,2048,64],"logical":[2048,1024],"loop_factor":1},{"name":"arg3_1","role":"input","mem":"hbm","elems":2097152,"broadcast":false,"dims":[16,2048,64],"logical":[2048,1024],"loop_factor":1}],"reduction_cores":1,"loop_trip":1,"tiles_output_dim":false,"tile_rows_per_core":0.0,"is_matmul":false,"matmul_macs":0,"matmul_rows_per_core":0.0,"matmul_cols_per_core":0.0,"matmul_a_bytes":0,"matmul_b_bytes":0,"matmul_m_split":1,"matmul_n_split":1,"hbm_pattern":""}]
SUMMARY op=add4 rows=2048 cols=1024 cores=32 tiles=0 lx=1 io_hbm_bytes=20971520 kernel_us=177.543 pred_us=188.468 err_pct=+6.2 bw_gbps=118.1 memset_us=112.208 other_dev_us=396.013 total_dev_us=685.764
-- add5 [2048,1024] lx=1
  op_it_space_splits={d0: 32, d1: 1}
  op_it_space_splits={d0: 32, d1: 1}
  op_it_space_splits={d0: 32, d1: 1}
  op_it_space_splits={d0: 32, d1: 1}
IO -- device-layout I/O (cost model, stick-padded) --
IO   op add
IO     output op0                    torch [2048, 1024] -> device [16, 2048, 64] in LX = 2097152 elems x 2B = 4194304 B  (hbm counted: 0 B)
IO     input  arg0_1                 torch [2048, 1024] -> device [16, 2048, 64] in HBM = 2097152 elems x 2B = 4194304 B  (hbm counted: 4194304 B)
IO     input  arg1_1                 torch [2048, 1024] -> device [16, 2048, 64] in HBM = 2097152 elems x 2B = 4194304 B  (hbm counted: 4194304 B)
IO   op add_1
IO     output op1                    torch [2048, 1024] -> device [16, 2048, 64] in LX = 2097152 elems x 2B = 4194304 B  (hbm counted: 0 B)
IO     input  buf0                   torch [2048, 1024] -> device [16, 2048, 64] in LX = 2097152 elems x 2B = 4194304 B  (hbm counted: 0 B)
IO     input  arg2_1                 torch [2048, 1024] -> device [16, 2048, 64] in HBM = 2097152 elems x 2B = 4194304 B  (hbm counted: 4194304 B)
IO   op add_2
IO     output op2                    torch [2048, 1024] -> device [16, 2048, 64] in LX = 2097152 elems x 2B = 4194304 B  (hbm counted: 0 B)
IO     input  buf1                   torch [2048, 1024] -> device [16, 2048, 64] in LX = 2097152 elems x 2B = 4194304 B  (hbm counted: 0 B)
IO     input  arg3_1                 torch [2048, 1024] -> device [16, 2048, 64] in HBM = 2097152 elems x 2B = 4194304 B  (hbm counted: 4194304 B)
IO   op add_3
IO     output op3                    torch [2048, 1024] -> device [16, 2048, 64] in HBM = 2097152 elems x 2B = 4194304 B  (hbm counted: 4194304 B)
IO     input  buf2                   torch [2048, 1024] -> device [16, 2048, 64] in LX = 2097152 elems x 2B = 4194304 B  (hbm counted: 0 B)
IO     input  arg4_1                 torch [2048, 1024] -> device [16, 2048, 64] in HBM = 2097152 elems x 2B = 4194304 B  (hbm counted: 4194304 B)
IO   => HBM I/O total = 25165824 B  (lx 25165824 B, ~free)
MODEL -- estimate (turnaround): T = (R+W)/BW_PEAK + a*min(R,W) --
MODEL   R=20971520 B (read)   W=4194304 B (write)   loop_trip L=1
MODEL   base = (R+W)/150 = 167.77 us
MODEL   turn = a*min(R,W) = 0.00574*4194304 = 24.08 us
MODEL   => T_model = 235.01 us
MODEL FEATS [{"name":"add","is_reduction":false,"out_elems":2097152,"cores":32,"dtype_bytes":2,"args":[{"name":"op0","role":"output","mem":"lx","elems":2097152,"broadcast":false,"dims":[16,2048,64],"logical":[2048,1024],"loop_factor":1},{"name":"arg0_1","role":"input","mem":"hbm","elems":2097152,"broadcast":false,"dims":[16,2048,64],"logical":[2048,1024],"loop_factor":1},{"name":"arg1_1","role":"input","mem":"hbm","elems":2097152,"broadcast":false,"dims":[16,2048,64],"logical":[2048,1024],"loop_factor":1}],"reduction_cores":1,"loop_trip":1,"tiles_output_dim":false,"tile_rows_per_core":0.0,"is_matmul":false,"matmul_macs":0,"matmul_rows_per_core":0.0,"matmul_cols_per_core":0.0,"matmul_a_bytes":0,"matmul_b_bytes":0,"matmul_m_split":1,"matmul_n_split":1,"hbm_pattern":""},{"name":"add_1","is_reduction":false,"out_elems":2097152,"cores":32,"dtype_bytes":2,"args":[{"name":"op1","role":"output","mem":"lx","elems":2097152,"broadcast":false,"dims":[16,2048,64],"logical":[2048,1024],"loop_factor":1},{"name":"buf0","role":"input","mem":"lx","elems":2097152,"broadcast":false,"dims":[16,2048,64],"logical":[2048,1024],"loop_factor":1},{"name":"arg2_1","role":"input","mem":"hbm","elems":2097152,"broadcast":false,"dims":[16,2048,64],"logical":[2048,1024],"loop_factor":1}],"reduction_cores":1,"loop_trip":1,"tiles_output_dim":false,"tile_rows_per_core":0.0,"is_matmul":false,"matmul_macs":0,"matmul_rows_per_core":0.0,"matmul_cols_per_core":0.0,"matmul_a_bytes":0,"matmul_b_bytes":0,"matmul_m_split":1,"matmul_n_split":1,"hbm_pattern":""},{"name":"add_2","is_reduction":false,"out_elems":2097152,"cores":32,"dtype_bytes":2,"args":[{"name":"op2","role":"output","mem":"lx","elems":2097152,"broadcast":false,"dims":[16,2048,64],"logical":[2048,1024],"loop_factor":1},{"name":"buf1","role":"input","mem":"lx","elems":2097152,"broadcast":false,"dims":[16,2048,64],"logical":[2048,1024],"loop_factor":1},{"name":"arg3_1","role":"input","mem":"hbm","elems":2097152,"broadcast":false,"dims":[16,2048,64],"logical":[2048,1024],"loop_factor":1}],"reduction_cores":1,"loop_trip":1,"tiles_output_dim":false,"tile_rows_per_core":0.0,"is_matmul":false,"matmul_macs":0,"matmul_rows_per_core":0.0,"matmul_cols_per_core":0.0,"matmul_a_bytes":0,"matmul_b_bytes":0,"matmul_m_split":1,"matmul_n_split":1,"hbm_pattern":""},{"name":"add_3","is_reduction":false,"out_elems":2097152,"cores":32,"dtype_bytes":2,"args":[{"name":"op3","role":"output","mem":"hbm","elems":2097152,"broadcast":false,"dims":[16,2048,64],"logical":[2048,1024],"loop_factor":1},{"name":"buf2","role":"input","mem":"lx","elems":2097152,"broadcast":false,"dims":[16,2048,64],"logical":[2048,1024],"loop_factor":1},{"name":"arg4_1","role":"input","mem":"hbm","elems":2097152,"broadcast":false,"dims":[16,2048,64],"logical":[2048,1024],"loop_factor":1}],"reduction_cores":1,"loop_trip":1,"tiles_output_dim":false,"tile_rows_per_core":0.0,"is_matmul":false,"matmul_macs":0,"matmul_rows_per_core":0.0,"matmul_cols_per_core":0.0,"matmul_a_bytes":0,"matmul_b_bytes":0,"matmul_m_split":1,"matmul_n_split":1,"hbm_pattern":""}]
SUMMARY op=add5 rows=2048 cols=1024 cores=32 tiles=0 lx=1 io_hbm_bytes=25165824 kernel_us=193.213 pred_us=235.013 err_pct=+21.6 bw_gbps=130.2 memset_us=148.194 other_dev_us=394.632 total_dev_us=736.039
-- add6 [2048,1024] lx=1
  op_it_space_splits={d0: 32, d1: 1}
  op_it_space_splits={d0: 32, d1: 1}
  op_it_space_splits={d0: 32, d1: 1}
  op_it_space_splits={d0: 32, d1: 1}
  op_it_space_splits={d0: 32, d1: 1}
IO -- device-layout I/O (cost model, stick-padded) --
IO   op add
IO     output op0                    torch [2048, 1024] -> device [16, 2048, 64] in LX = 2097152 elems x 2B = 4194304 B  (hbm counted: 0 B)
IO     input  arg0_1                 torch [2048, 1024] -> device [16, 2048, 64] in HBM = 2097152 elems x 2B = 4194304 B  (hbm counted: 4194304 B)
IO     input  arg1_1                 torch [2048, 1024] -> device [16, 2048, 64] in HBM = 2097152 elems x 2B = 4194304 B  (hbm counted: 4194304 B)
IO   op add_1
IO     output op1                    torch [2048, 1024] -> device [16, 2048, 64] in LX = 2097152 elems x 2B = 4194304 B  (hbm counted: 0 B)
IO     input  buf0                   torch [2048, 1024] -> device [16, 2048, 64] in LX = 2097152 elems x 2B = 4194304 B  (hbm counted: 0 B)
IO     input  arg2_1                 torch [2048, 1024] -> device [16, 2048, 64] in HBM = 2097152 elems x 2B = 4194304 B  (hbm counted: 4194304 B)
IO   op add_2
IO     output op2                    torch [2048, 1024] -> device [16, 2048, 64] in LX = 2097152 elems x 2B = 4194304 B  (hbm counted: 0 B)
IO     input  buf1                   torch [2048, 1024] -> device [16, 2048, 64] in LX = 2097152 elems x 2B = 4194304 B  (hbm counted: 0 B)
IO     input  arg3_1                 torch [2048, 1024] -> device [16, 2048, 64] in HBM = 2097152 elems x 2B = 4194304 B  (hbm counted: 4194304 B)
IO   op add_3
IO     output op3                    torch [2048, 1024] -> device [16, 2048, 64] in LX = 2097152 elems x 2B = 4194304 B  (hbm counted: 0 B)
IO     input  buf2                   torch [2048, 1024] -> device [16, 2048, 64] in LX = 2097152 elems x 2B = 4194304 B  (hbm counted: 0 B)
IO     input  arg4_1                 torch [2048, 1024] -> device [16, 2048, 64] in HBM = 2097152 elems x 2B = 4194304 B  (hbm counted: 4194304 B)
IO   op add_4
IO     output op4                    torch [2048, 1024] -> device [16, 2048, 64] in HBM = 2097152 elems x 2B = 4194304 B  (hbm counted: 4194304 B)
IO     input  buf3                   torch [2048, 1024] -> device [16, 2048, 64] in LX = 2097152 elems x 2B = 4194304 B  (hbm counted: 0 B)
IO     input  arg5_1                 torch [2048, 1024] -> device [16, 2048, 64] in HBM = 2097152 elems x 2B = 4194304 B  (hbm counted: 4194304 B)
IO   => HBM I/O total = 29360128 B  (lx 33554432 B, ~free)
MODEL -- estimate (turnaround): T = (R+W)/BW_PEAK + a*min(R,W) --
MODEL   R=25165824 B (read)   W=4194304 B (write)   loop_trip L=1
MODEL   base = (R+W)/150 = 195.73 us
MODEL   turn = a*min(R,W) = 0.00574*4194304 = 24.08 us
MODEL   => T_model = 285.75 us
MODEL FEATS [{"name":"add","is_reduction":false,"out_elems":2097152,"cores":32,"dtype_bytes":2,"args":[{"name":"op0","role":"output","mem":"lx","elems":2097152,"broadcast":false,"dims":[16,2048,64],"logical":[2048,1024],"loop_factor":1},{"name":"arg0_1","role":"input","mem":"hbm","elems":2097152,"broadcast":false,"dims":[16,2048,64],"logical":[2048,1024],"loop_factor":1},{"name":"arg1_1","role":"input","mem":"hbm","elems":2097152,"broadcast":false,"dims":[16,2048,64],"logical":[2048,1024],"loop_factor":1}],"reduction_cores":1,"loop_trip":1,"tiles_output_dim":false,"tile_rows_per_core":0.0,"is_matmul":false,"matmul_macs":0,"matmul_rows_per_core":0.0,"matmul_cols_per_core":0.0,"matmul_a_bytes":0,"matmul_b_bytes":0,"matmul_m_split":1,"matmul_n_split":1,"hbm_pattern":""},{"name":"add_1","is_reduction":false,"out_elems":2097152,"cores":32,"dtype_bytes":2,"args":[{"name":"op1","role":"output","mem":"lx","elems":2097152,"broadcast":false,"dims":[16,2048,64],"logical":[2048,1024],"loop_factor":1},{"name":"buf0","role":"input","mem":"lx","elems":2097152,"broadcast":false,"dims":[16,2048,64],"logical":[2048,1024],"loop_factor":1},{"name":"arg2_1","role":"input","mem":"hbm","elems":2097152,"broadcast":false,"dims":[16,2048,64],"logical":[2048,1024],"loop_factor":1}],"reduction_cores":1,"loop_trip":1,"tiles_output_dim":false,"tile_rows_per_core":0.0,"is_matmul":false,"matmul_macs":0,"matmul_rows_per_core":0.0,"matmul_cols_per_core":0.0,"matmul_a_bytes":0,"matmul_b_bytes":0,"matmul_m_split":1,"matmul_n_split":1,"hbm_pattern":""},{"name":"add_2","is_reduction":false,"out_elems":2097152,"cores":32,"dtype_bytes":2,"args":[{"name":"op2","role":"output","mem":"lx","elems":2097152,"broadcast":false,"dims":[16,2048,64],"logical":[2048,1024],"loop_factor":1},{"name":"buf1","role":"input","mem":"lx","elems":2097152,"broadcast":false,"dims":[16,2048,64],"logical":[2048,1024],"loop_factor":1},{"name":"arg3_1","role":"input","mem":"hbm","elems":2097152,"broadcast":false,"dims":[16,2048,64],"logical":[2048,1024],"loop_factor":1}],"reduction_cores":1,"loop_trip":1,"tiles_output_dim":false,"tile_rows_per_core":0.0,"is_matmul":false,"matmul_macs":0,"matmul_rows_per_core":0.0,"matmul_cols_per_core":0.0,"matmul_a_bytes":0,"matmul_b_bytes":0,"matmul_m_split":1,"matmul_n_split":1,"hbm_pattern":""},{"name":"add_3","is_reduction":false,"out_elems":2097152,"cores":32,"dtype_bytes":2,"args":[{"name":"op3","role":"output","mem":"lx","elems":2097152,"broadcast":false,"dims":[16,2048,64],"logical":[2048,1024],"loop_factor":1},{"name":"buf2","role":"input","mem":"lx","elems":2097152,"broadcast":false,"dims":[16,2048,64],"logical":[2048,1024],"loop_factor":1},{"name":"arg4_1","role":"input","mem":"hbm","elems":2097152,"broadcast":false,"dims":[16,2048,64],"logical":[2048,1024],"loop_factor":1}],"reduction_cores":1,"loop_trip":1,"tiles_output_dim":false,"tile_rows_per_core":0.0,"is_matmul":false,"matmul_macs":0,"matmul_rows_per_core":0.0,"matmul_cols_per_core":0.0,"matmul_a_bytes":0,"matmul_b_bytes":0,"matmul_m_split":1,"matmul_n_split":1,"hbm_pattern":""},{"name":"add_4","is_reduction":false,"out_elems":2097152,"cores":32,"dtype_bytes":2,"args":[{"name":"op4","role":"output","mem":"hbm","elems":2097152,"broadcast":false,"dims":[16,2048,64],"logical":[2048,1024],"loop_factor":1},{"name":"buf3","role":"input","mem":"lx","elems":2097152,"broadcast":false,"dims":[16,2048,64],"logical":[2048,1024],"loop_factor":1},{"name":"arg5_1","role":"input","mem":"hbm","elems":2097152,"broadcast":false,"dims":[16,2048,64],"logical":[2048,1024],"loop_factor":1}],"reduction_cores":1,"loop_trip":1,"tiles_output_dim":false,"tile_rows_per_core":0.0,"is_matmul":false,"matmul_macs":0,"matmul_rows_per_core":0.0,"matmul_cols_per_core":0.0,"matmul_a_bytes":0,"matmul_b_bytes":0,"matmul_m_split":1,"matmul_n_split":1,"hbm_pattern":""}]
SUMMARY op=add6 rows=2048 cols=1024 cores=32 tiles=0 lx=1 io_hbm_bytes=29360128 kernel_us=230.082 pred_us=285.752 err_pct=+24.2 bw_gbps=127.6 memset_us=121.621 other_dev_us=407.895 total_dev_us=759.598
-- add_indep2 [2048,1024] lx=1
  op_it_space_splits={d0: 32, d1: 1}
  op_it_space_splits={d0: 32, d1: 1}
SUMMARY op=add_indep2 rows=2048 cols=1024 tiles=0 lx=1 FAILED reason=AttributeError: 'tuple' object has no attribute 'cpu'
-- add [2048,4096] lx=1
  op_it_space_splits={d0: 32, d1: 1}
IO -- device-layout I/O (cost model, stick-padded) --
IO   op add
IO     output op0                    torch [2048, 4096] -> device [64, 2048, 64] in HBM = 8388608 elems x 2B = 16777216 B  (hbm counted: 16777216 B)
IO     input  arg0_1                 torch [2048, 4096] -> device [64, 2048, 64] in HBM = 8388608 elems x 2B = 16777216 B  (hbm counted: 16777216 B)
IO     input  arg1_1                 torch [2048, 4096] -> device [64, 2048, 64] in HBM = 8388608 elems x 2B = 16777216 B  (hbm counted: 16777216 B)
IO   => HBM I/O total = 50331648 B  (lx 0 B, ~free)
MODEL -- estimate (turnaround): T = (R+W)/BW_PEAK + a*min(R,W) --
MODEL   R=33554432 B (read)   W=16777216 B (write)   loop_trip L=1
MODEL   base = (R+W)/150 = 335.54 us
MODEL   turn = a*min(R,W) = 0.00574*16777216 = 96.30 us
MODEL   => T_model = 431.85 us
MODEL FEATS [{"name":"add","is_reduction":false,"out_elems":8388608,"cores":32,"dtype_bytes":2,"args":[{"name":"op0","role":"output","mem":"hbm","elems":8388608,"broadcast":false,"dims":[64,2048,64],"logical":[2048,4096],"loop_factor":1},{"name":"arg0_1","role":"input","mem":"hbm","elems":8388608,"broadcast":false,"dims":[64,2048,64],"logical":[2048,4096],"loop_factor":1},{"name":"arg1_1","role":"input","mem":"hbm","elems":8388608,"broadcast":false,"dims":[64,2048,64],"logical":[2048,4096],"loop_factor":1}],"reduction_cores":1,"loop_trip":1,"tiles_output_dim":false,"tile_rows_per_core":0.0,"is_matmul":false,"matmul_macs":0,"matmul_rows_per_core":0.0,"matmul_cols_per_core":0.0,"matmul_a_bytes":0,"matmul_b_bytes":0,"matmul_m_split":1,"matmul_n_split":1,"hbm_pattern":""}]
SUMMARY op=add rows=2048 cols=4096 cores=32 tiles=0 lx=1 io_hbm_bytes=50331648 kernel_us=436.681 pred_us=431.846 err_pct=-1.1 bw_gbps=115.3 memset_us=272.623 other_dev_us=954.254 total_dev_us=1663.558
-- add3 [2048,4096] lx=1
  op_it_space_splits={d0: 32, d1: 1}
  op_it_space_splits={d0: 32, d1: 1}
IO -- device-layout I/O (cost model, stick-padded) --
IO   op add
IO     output op0                    torch [2048, 4096] -> device [64, 2048, 64] in LX = 8388608 elems x 2B = 16777216 B  (hbm counted: 0 B)
IO     input  arg0_1                 torch [2048, 4096] -> device [64, 2048, 64] in HBM = 8388608 elems x 2B = 16777216 B  (hbm counted: 16777216 B)
IO     input  arg1_1                 torch [2048, 4096] -> device [64, 2048, 64] in HBM = 8388608 elems x 2B = 16777216 B  (hbm counted: 16777216 B)
IO   op add_1
IO     output op1                    torch [2048, 4096] -> device [64, 2048, 64] in HBM = 8388608 elems x 2B = 16777216 B  (hbm counted: 16777216 B)
IO     input  buf0                   torch [2048, 4096] -> device [64, 2048, 64] in LX = 8388608 elems x 2B = 16777216 B  (hbm counted: 0 B)
IO     input  arg2_1                 torch [2048, 4096] -> device [64, 2048, 64] in HBM = 8388608 elems x 2B = 16777216 B  (hbm counted: 16777216 B)
IO   => HBM I/O total = 67108864 B  (lx 33554432 B, ~free)
MODEL -- estimate (turnaround): T = (R+W)/BW_PEAK + a*min(R,W) --
MODEL   R=50331648 B (read)   W=16777216 B (write)   loop_trip L=1
MODEL   base = (R+W)/150 = 447.39 us
MODEL   turn = a*min(R,W) = 0.00574*16777216 = 96.30 us
MODEL   => T_model = 584.47 us
MODEL FEATS [{"name":"add","is_reduction":false,"out_elems":8388608,"cores":32,"dtype_bytes":2,"args":[{"name":"op0","role":"output","mem":"lx","elems":8388608,"broadcast":false,"dims":[64,2048,64],"logical":[2048,4096],"loop_factor":1},{"name":"arg0_1","role":"input","mem":"hbm","elems":8388608,"broadcast":false,"dims":[64,2048,64],"logical":[2048,4096],"loop_factor":1},{"name":"arg1_1","role":"input","mem":"hbm","elems":8388608,"broadcast":false,"dims":[64,2048,64],"logical":[2048,4096],"loop_factor":1}],"reduction_cores":1,"loop_trip":1,"tiles_output_dim":false,"tile_rows_per_core":0.0,"is_matmul":false,"matmul_macs":0,"matmul_rows_per_core":0.0,"matmul_cols_per_core":0.0,"matmul_a_bytes":0,"matmul_b_bytes":0,"matmul_m_split":1,"matmul_n_split":1,"hbm_pattern":""},{"name":"add_1","is_reduction":false,"out_elems":8388608,"cores":32,"dtype_bytes":2,"args":[{"name":"op1","role":"output","mem":"hbm","elems":8388608,"broadcast":false,"dims":[64,2048,64],"logical":[2048,4096],"loop_factor":1},{"name":"buf0","role":"input","mem":"lx","elems":8388608,"broadcast":false,"dims":[64,2048,64],"logical":[2048,4096],"loop_factor":1},{"name":"arg2_1","role":"input","mem":"hbm","elems":8388608,"broadcast":false,"dims":[64,2048,64],"logical":[2048,4096],"loop_factor":1}],"reduction_cores":1,"loop_trip":1,"tiles_output_dim":false,"tile_rows_per_core":0.0,"is_matmul":false,"matmul_macs":0,"matmul_rows_per_core":0.0,"matmul_cols_per_core":0.0,"matmul_a_bytes":0,"matmul_b_bytes":0,"matmul_m_split":1,"matmul_n_split":1,"hbm_pattern":""}]
SUMMARY op=add3 rows=2048 cols=4096 cores=32 tiles=0 lx=1 io_hbm_bytes=67108864 kernel_us=592.082 pred_us=584.471 err_pct=-1.3 bw_gbps=113.3 memset_us=266.649 other_dev_us=987.615 total_dev_us=1846.346
-- add4 [2048,4096] lx=1
  op_it_space_splits={d0: 32, d1: 1}
  op_it_space_splits={d0: 32, d1: 1}
  op_it_space_splits={d0: 32, d1: 1}
IO -- device-layout I/O (cost model, stick-padded) --
IO   op add
IO     output op0                    torch [2048, 4096] -> device [64, 2048, 64] in LX = 8388608 elems x 2B = 16777216 B  (hbm counted: 0 B)
IO     input  arg0_1                 torch [2048, 4096] -> device [64, 2048, 64] in HBM = 8388608 elems x 2B = 16777216 B  (hbm counted: 16777216 B)
IO     input  arg1_1                 torch [2048, 4096] -> device [64, 2048, 64] in HBM = 8388608 elems x 2B = 16777216 B  (hbm counted: 16777216 B)
IO   op add_1
IO     output op1                    torch [2048, 4096] -> device [64, 2048, 64] in LX = 8388608 elems x 2B = 16777216 B  (hbm counted: 0 B)
IO     input  buf0                   torch [2048, 4096] -> device [64, 2048, 64] in LX = 8388608 elems x 2B = 16777216 B  (hbm counted: 0 B)
IO     input  arg2_1                 torch [2048, 4096] -> device [64, 2048, 64] in HBM = 8388608 elems x 2B = 16777216 B  (hbm counted: 16777216 B)
IO   op add_2
IO     output op2                    torch [2048, 4096] -> device [64, 2048, 64] in HBM = 8388608 elems x 2B = 16777216 B  (hbm counted: 16777216 B)
IO     input  buf1                   torch [2048, 4096] -> device [64, 2048, 64] in LX = 8388608 elems x 2B = 16777216 B  (hbm counted: 0 B)
IO     input  arg3_1                 torch [2048, 4096] -> device [64, 2048, 64] in HBM = 8388608 elems x 2B = 16777216 B  (hbm counted: 16777216 B)
IO   => HBM I/O total = 83886080 B  (lx 67108864 B, ~free)
MODEL -- estimate (turnaround): T = (R+W)/BW_PEAK + a*min(R,W) --
MODEL   R=67108864 B (read)   W=16777216 B (write)   loop_trip L=1
MODEL   base = (R+W)/150 = 559.24 us
MODEL   turn = a*min(R,W) = 0.00574*16777216 = 96.30 us
MODEL   => T_model = 753.87 us
MODEL FEATS [{"name":"add","is_reduction":false,"out_elems":8388608,"cores":32,"dtype_bytes":2,"args":[{"name":"op0","role":"output","mem":"lx","elems":8388608,"broadcast":false,"dims":[64,2048,64],"logical":[2048,4096],"loop_factor":1},{"name":"arg0_1","role":"input","mem":"hbm","elems":8388608,"broadcast":false,"dims":[64,2048,64],"logical":[2048,4096],"loop_factor":1},{"name":"arg1_1","role":"input","mem":"hbm","elems":8388608,"broadcast":false,"dims":[64,2048,64],"logical":[2048,4096],"loop_factor":1}],"reduction_cores":1,"loop_trip":1,"tiles_output_dim":false,"tile_rows_per_core":0.0,"is_matmul":false,"matmul_macs":0,"matmul_rows_per_core":0.0,"matmul_cols_per_core":0.0,"matmul_a_bytes":0,"matmul_b_bytes":0,"matmul_m_split":1,"matmul_n_split":1,"hbm_pattern":""},{"name":"add_1","is_reduction":false,"out_elems":8388608,"cores":32,"dtype_bytes":2,"args":[{"name":"op1","role":"output","mem":"lx","elems":8388608,"broadcast":false,"dims":[64,2048,64],"logical":[2048,4096],"loop_factor":1},{"name":"buf0","role":"input","mem":"lx","elems":8388608,"broadcast":false,"dims":[64,2048,64],"logical":[2048,4096],"loop_factor":1},{"name":"arg2_1","role":"input","mem":"hbm","elems":8388608,"broadcast":false,"dims":[64,2048,64],"logical":[2048,4096],"loop_factor":1}],"reduction_cores":1,"loop_trip":1,"tiles_output_dim":false,"tile_rows_per_core":0.0,"is_matmul":false,"matmul_macs":0,"matmul_rows_per_core":0.0,"matmul_cols_per_core":0.0,"matmul_a_bytes":0,"matmul_b_bytes":0,"matmul_m_split":1,"matmul_n_split":1,"hbm_pattern":""},{"name":"add_2","is_reduction":false,"out_elems":8388608,"cores":32,"dtype_bytes":2,"args":[{"name":"op2","role":"output","mem":"hbm","elems":8388608,"broadcast":false,"dims":[64,2048,64],"logical":[2048,4096],"loop_factor":1},{"name":"buf1","role":"input","mem":"lx","elems":8388608,"broadcast":false,"dims":[64,2048,64],"logical":[2048,4096],"loop_factor":1},{"name":"arg3_1","role":"input","mem":"hbm","elems":8388608,"broadcast":false,"dims":[64,2048,64],"logical":[2048,4096],"loop_factor":1}],"reduction_cores":1,"loop_trip":1,"tiles_output_dim":false,"tile_rows_per_core":0.0,"is_matmul":false,"matmul_macs":0,"matmul_rows_per_core":0.0,"matmul_cols_per_core":0.0,"matmul_a_bytes":0,"matmul_b_bytes":0,"matmul_m_split":1,"matmul_n_split":1,"hbm_pattern":""}]
SUMMARY op=add4 rows=2048 cols=4096 cores=32 tiles=0 lx=1 io_hbm_bytes=83886080 kernel_us=713.798 pred_us=753.873 err_pct=+5.6 bw_gbps=117.5 memset_us=260.123 other_dev_us=904.742 total_dev_us=1878.663
-- add5 [2048,4096] lx=1
  op_it_space_splits={d0: 32, d1: 1}
  op_it_space_splits={d0: 32, d1: 1}
  op_it_space_splits={d0: 32, d1: 1}
  op_it_space_splits={d0: 32, d1: 1}
IO -- device-layout I/O (cost model, stick-padded) --
IO   op add
IO     output op0                    torch [2048, 4096] -> device [64, 2048, 64] in LX = 8388608 elems x 2B = 16777216 B  (hbm counted: 0 B)
IO     input  arg0_1                 torch [2048, 4096] -> device [64, 2048, 64] in HBM = 8388608 elems x 2B = 16777216 B  (hbm counted: 16777216 B)
IO     input  arg1_1                 torch [2048, 4096] -> device [64, 2048, 64] in HBM = 8388608 elems x 2B = 16777216 B  (hbm counted: 16777216 B)
IO   op add_1
IO     output op1                    torch [2048, 4096] -> device [64, 2048, 64] in LX = 8388608 elems x 2B = 16777216 B  (hbm counted: 0 B)
IO     input  buf0                   torch [2048, 4096] -> device [64, 2048, 64] in LX = 8388608 elems x 2B = 16777216 B  (hbm counted: 0 B)
IO     input  arg2_1                 torch [2048, 4096] -> device [64, 2048, 64] in HBM = 8388608 elems x 2B = 16777216 B  (hbm counted: 16777216 B)
IO   op add_2
IO     output op2                    torch [2048, 4096] -> device [64, 2048, 64] in LX = 8388608 elems x 2B = 16777216 B  (hbm counted: 0 B)
IO     input  buf1                   torch [2048, 4096] -> device [64, 2048, 64] in LX = 8388608 elems x 2B = 16777216 B  (hbm counted: 0 B)
IO     input  arg3_1                 torch [2048, 4096] -> device [64, 2048, 64] in HBM = 8388608 elems x 2B = 16777216 B  (hbm counted: 16777216 B)
IO   op add_3
IO     output op3                    torch [2048, 4096] -> device [64, 2048, 64] in HBM = 8388608 elems x 2B = 16777216 B  (hbm counted: 16777216 B)
IO     input  buf2                   torch [2048, 4096] -> device [64, 2048, 64] in LX = 8388608 elems x 2B = 16777216 B  (hbm counted: 0 B)
IO     input  arg4_1                 torch [2048, 4096] -> device [64, 2048, 64] in HBM = 8388608 elems x 2B = 16777216 B  (hbm counted: 16777216 B)
IO   => HBM I/O total = 100663296 B  (lx 100663296 B, ~free)
MODEL -- estimate (turnaround): T = (R+W)/BW_PEAK + a*min(R,W) --
MODEL   R=83886080 B (read)   W=16777216 B (write)   loop_trip L=1
MODEL   base = (R+W)/150 = 671.09 us
MODEL   turn = a*min(R,W) = 0.00574*16777216 = 96.30 us
MODEL   => T_model = 940.05 us
MODEL FEATS [{"name":"add","is_reduction":false,"out_elems":8388608,"cores":32,"dtype_bytes":2,"args":[{"name":"op0","role":"output","mem":"lx","elems":8388608,"broadcast":false,"dims":[64,2048,64],"logical":[2048,4096],"loop_factor":1},{"name":"arg0_1","role":"input","mem":"hbm","elems":8388608,"broadcast":false,"dims":[64,2048,64],"logical":[2048,4096],"loop_factor":1},{"name":"arg1_1","role":"input","mem":"hbm","elems":8388608,"broadcast":false,"dims":[64,2048,64],"logical":[2048,4096],"loop_factor":1}],"reduction_cores":1,"loop_trip":1,"tiles_output_dim":false,"tile_rows_per_core":0.0,"is_matmul":false,"matmul_macs":0,"matmul_rows_per_core":0.0,"matmul_cols_per_core":0.0,"matmul_a_bytes":0,"matmul_b_bytes":0,"matmul_m_split":1,"matmul_n_split":1,"hbm_pattern":""},{"name":"add_1","is_reduction":false,"out_elems":8388608,"cores":32,"dtype_bytes":2,"args":[{"name":"op1","role":"output","mem":"lx","elems":8388608,"broadcast":false,"dims":[64,2048,64],"logical":[2048,4096],"loop_factor":1},{"name":"buf0","role":"input","mem":"lx","elems":8388608,"broadcast":false,"dims":[64,2048,64],"logical":[2048,4096],"loop_factor":1},{"name":"arg2_1","role":"input","mem":"hbm","elems":8388608,"broadcast":false,"dims":[64,2048,64],"logical":[2048,4096],"loop_factor":1}],"reduction_cores":1,"loop_trip":1,"tiles_output_dim":false,"tile_rows_per_core":0.0,"is_matmul":false,"matmul_macs":0,"matmul_rows_per_core":0.0,"matmul_cols_per_core":0.0,"matmul_a_bytes":0,"matmul_b_bytes":0,"matmul_m_split":1,"matmul_n_split":1,"hbm_pattern":""},{"name":"add_2","is_reduction":false,"out_elems":8388608,"cores":32,"dtype_bytes":2,"args":[{"name":"op2","role":"output","mem":"lx","elems":8388608,"broadcast":false,"dims":[64,2048,64],"logical":[2048,4096],"loop_factor":1},{"name":"buf1","role":"input","mem":"lx","elems":8388608,"broadcast":false,"dims":[64,2048,64],"logical":[2048,4096],"loop_factor":1},{"name":"arg3_1","role":"input","mem":"hbm","elems":8388608,"broadcast":false,"dims":[64,2048,64],"logical":[2048,4096],"loop_factor":1}],"reduction_cores":1,"loop_trip":1,"tiles_output_dim":false,"tile_rows_per_core":0.0,"is_matmul":false,"matmul_macs":0,"matmul_rows_per_core":0.0,"matmul_cols_per_core":0.0,"matmul_a_bytes":0,"matmul_b_bytes":0,"matmul_m_split":1,"matmul_n_split":1,"hbm_pattern":""},{"name":"add_3","is_reduction":false,"out_elems":8388608,"cores":32,"dtype_bytes":2,"args":[{"name":"op3","role":"output","mem":"hbm","elems":8388608,"broadcast":false,"dims":[64,2048,64],"logical":[2048,4096],"loop_factor":1},{"name":"buf2","role":"input","mem":"lx","elems":8388608,"broadcast":false,"dims":[64,2048,64],"logical":[2048,4096],"loop_factor":1},{"name":"arg4_1","role":"input","mem":"hbm","elems":8388608,"broadcast":false,"dims":[64,2048,64],"logical":[2048,4096],"loop_factor":1}],"reduction_cores":1,"loop_trip":1,"tiles_output_dim":false,"tile_rows_per_core":0.0,"is_matmul":false,"matmul_macs":0,"matmul_rows_per_core":0.0,"matmul_cols_per_core":0.0,"matmul_a_bytes":0,"matmul_b_bytes":0,"matmul_m_split":1,"matmul_n_split":1,"hbm_pattern":""}]
SUMMARY op=add5 rows=2048 cols=4096 cores=32 tiles=0 lx=1 io_hbm_bytes=100663296 kernel_us=789.858 pred_us=940.053 err_pct=+19.0 bw_gbps=127.4 memset_us=264.728 other_dev_us=947.163 total_dev_us=2001.749
-- add6 [2048,4096] lx=1
  op_it_space_splits={d0: 32, d1: 1}
  op_it_space_splits={d0: 32, d1: 1}
  op_it_space_splits={d0: 32, d1: 1}
  op_it_space_splits={d0: 32, d1: 1}
  op_it_space_splits={d0: 32, d1: 1}
IO -- device-layout I/O (cost model, stick-padded) --
IO   op add
IO     output op0                    torch [2048, 4096] -> device [64, 2048, 64] in LX = 8388608 elems x 2B = 16777216 B  (hbm counted: 0 B)
IO     input  arg0_1                 torch [2048, 4096] -> device [64, 2048, 64] in HBM = 8388608 elems x 2B = 16777216 B  (hbm counted: 16777216 B)
IO     input  arg1_1                 torch [2048, 4096] -> device [64, 2048, 64] in HBM = 8388608 elems x 2B = 16777216 B  (hbm counted: 16777216 B)
IO   op add_1
IO     output op1                    torch [2048, 4096] -> device [64, 2048, 64] in LX = 8388608 elems x 2B = 16777216 B  (hbm counted: 0 B)
IO     input  buf0                   torch [2048, 4096] -> device [64, 2048, 64] in LX = 8388608 elems x 2B = 16777216 B  (hbm counted: 0 B)
IO     input  arg2_1                 torch [2048, 4096] -> device [64, 2048, 64] in HBM = 8388608 elems x 2B = 16777216 B  (hbm counted: 16777216 B)
IO   op add_2
IO     output op2                    torch [2048, 4096] -> device [64, 2048, 64] in LX = 8388608 elems x 2B = 16777216 B  (hbm counted: 0 B)
IO     input  buf1                   torch [2048, 4096] -> device [64, 2048, 64] in LX = 8388608 elems x 2B = 16777216 B  (hbm counted: 0 B)
IO     input  arg3_1                 torch [2048, 4096] -> device [64, 2048, 64] in HBM = 8388608 elems x 2B = 16777216 B  (hbm counted: 16777216 B)
IO   op add_3
IO     output op3                    torch [2048, 4096] -> device [64, 2048, 64] in LX = 8388608 elems x 2B = 16777216 B  (hbm counted: 0 B)
IO     input  buf2                   torch [2048, 4096] -> device [64, 2048, 64] in LX = 8388608 elems x 2B = 16777216 B  (hbm counted: 0 B)
IO     input  arg4_1                 torch [2048, 4096] -> device [64, 2048, 64] in HBM = 8388608 elems x 2B = 16777216 B  (hbm counted: 16777216 B)
IO   op add_4
IO     output op4                    torch [2048, 4096] -> device [64, 2048, 64] in HBM = 8388608 elems x 2B = 16777216 B  (hbm counted: 16777216 B)
IO     input  buf3                   torch [2048, 4096] -> device [64, 2048, 64] in LX = 8388608 elems x 2B = 16777216 B  (hbm counted: 0 B)
IO     input  arg5_1                 torch [2048, 4096] -> device [64, 2048, 64] in HBM = 8388608 elems x 2B = 16777216 B  (hbm counted: 16777216 B)
IO   => HBM I/O total = 117440512 B  (lx 134217728 B, ~free)
MODEL -- estimate (turnaround): T = (R+W)/BW_PEAK + a*min(R,W) --
MODEL   R=100663296 B (read)   W=16777216 B (write)   loop_trip L=1
MODEL   base = (R+W)/150 = 782.94 us
MODEL   turn = a*min(R,W) = 0.00574*16777216 = 96.30 us
MODEL   => T_model = 1143.01 us
MODEL FEATS [{"name":"add","is_reduction":false,"out_elems":8388608,"cores":32,"dtype_bytes":2,"args":[{"name":"op0","role":"output","mem":"lx","elems":8388608,"broadcast":false,"dims":[64,2048,64],"logical":[2048,4096],"loop_factor":1},{"name":"arg0_1","role":"input","mem":"hbm","elems":8388608,"broadcast":false,"dims":[64,2048,64],"logical":[2048,4096],"loop_factor":1},{"name":"arg1_1","role":"input","mem":"hbm","elems":8388608,"broadcast":false,"dims":[64,2048,64],"logical":[2048,4096],"loop_factor":1}],"reduction_cores":1,"loop_trip":1,"tiles_output_dim":false,"tile_rows_per_core":0.0,"is_matmul":false,"matmul_macs":0,"matmul_rows_per_core":0.0,"matmul_cols_per_core":0.0,"matmul_a_bytes":0,"matmul_b_bytes":0,"matmul_m_split":1,"matmul_n_split":1,"hbm_pattern":""},{"name":"add_1","is_reduction":false,"out_elems":8388608,"cores":32,"dtype_bytes":2,"args":[{"name":"op1","role":"output","mem":"lx","elems":8388608,"broadcast":false,"dims":[64,2048,64],"logical":[2048,4096],"loop_factor":1},{"name":"buf0","role":"input","mem":"lx","elems":8388608,"broadcast":false,"dims":[64,2048,64],"logical":[2048,4096],"loop_factor":1},{"name":"arg2_1","role":"input","mem":"hbm","elems":8388608,"broadcast":false,"dims":[64,2048,64],"logical":[2048,4096],"loop_factor":1}],"reduction_cores":1,"loop_trip":1,"tiles_output_dim":false,"tile_rows_per_core":0.0,"is_matmul":false,"matmul_macs":0,"matmul_rows_per_core":0.0,"matmul_cols_per_core":0.0,"matmul_a_bytes":0,"matmul_b_bytes":0,"matmul_m_split":1,"matmul_n_split":1,"hbm_pattern":""},{"name":"add_2","is_reduction":false,"out_elems":8388608,"cores":32,"dtype_bytes":2,"args":[{"name":"op2","role":"output","mem":"lx","elems":8388608,"broadcast":false,"dims":[64,2048,64],"logical":[2048,4096],"loop_factor":1},{"name":"buf1","role":"input","mem":"lx","elems":8388608,"broadcast":false,"dims":[64,2048,64],"logical":[2048,4096],"loop_factor":1},{"name":"arg3_1","role":"input","mem":"hbm","elems":8388608,"broadcast":false,"dims":[64,2048,64],"logical":[2048,4096],"loop_factor":1}],"reduction_cores":1,"loop_trip":1,"tiles_output_dim":false,"tile_rows_per_core":0.0,"is_matmul":false,"matmul_macs":0,"matmul_rows_per_core":0.0,"matmul_cols_per_core":0.0,"matmul_a_bytes":0,"matmul_b_bytes":0,"matmul_m_split":1,"matmul_n_split":1,"hbm_pattern":""},{"name":"add_3","is_reduction":false,"out_elems":8388608,"cores":32,"dtype_bytes":2,"args":[{"name":"op3","role":"output","mem":"lx","elems":8388608,"broadcast":false,"dims":[64,2048,64],"logical":[2048,4096],"loop_factor":1},{"name":"buf2","role":"input","mem":"lx","elems":8388608,"broadcast":false,"dims":[64,2048,64],"logical":[2048,4096],"loop_factor":1},{"name":"arg4_1","role":"input","mem":"hbm","elems":8388608,"broadcast":false,"dims":[64,2048,64],"logical":[2048,4096],"loop_factor":1}],"reduction_cores":1,"loop_trip":1,"tiles_output_dim":false,"tile_rows_per_core":0.0,"is_matmul":false,"matmul_macs":0,"matmul_rows_per_core":0.0,"matmul_cols_per_core":0.0,"matmul_a_bytes":0,"matmul_b_bytes":0,"matmul_m_split":1,"matmul_n_split":1,"hbm_pattern":""},{"name":"add_4","is_reduction":false,"out_elems":8388608,"cores":32,"dtype_bytes":2,"args":[{"name":"op4","role":"output","mem":"hbm","elems":8388608,"broadcast":false,"dims":[64,2048,64],"logical":[2048,4096],"loop_factor":1},{"name":"buf3","role":"input","mem":"lx","elems":8388608,"broadcast":false,"dims":[64,2048,64],"logical":[2048,4096],"loop_factor":1},{"name":"arg5_1","role":"input","mem":"hbm","elems":8388608,"broadcast":false,"dims":[64,2048,64],"logical":[2048,4096],"loop_factor":1}],"reduction_cores":1,"loop_trip":1,"tiles_output_dim":false,"tile_rows_per_core":0.0,"is_matmul":false,"matmul_macs":0,"matmul_rows_per_core":0.0,"matmul_cols_per_core":0.0,"matmul_a_bytes":0,"matmul_b_bytes":0,"matmul_m_split":1,"matmul_n_split":1,"hbm_pattern":""}]
SUMMARY op=add6 rows=2048 cols=4096 cores=32 tiles=0 lx=1 io_hbm_bytes=117440512 kernel_us=975.139 pred_us=1143.009 err_pct=+17.2 bw_gbps=120.4 memset_us=267.486 other_dev_us=824.835 total_dev_us=2067.460
-- add_indep2 [2048,4096] lx=1
  op_it_space_splits={d0: 32, d1: 1}
  op_it_space_splits={d0: 32, d1: 1}
SUMMARY op=add_indep2 rows=2048 cols=4096 tiles=0 lx=1 FAILED reason=AttributeError: 'tuple' object has no attribute 'cpu'
-- add [2048,16384] lx=1
  op_it_space_splits={d0: 32, d1: 1}
IO -- device-layout I/O (cost model, stick-padded) --
IO   op add
IO     output op0                    torch [2048, 16384] -> device [256, 2048, 64] in HBM = 33554432 elems x 2B = 67108864 B  (hbm counted: 67108864 B)
IO     input  arg0_1                 torch [2048, 16384] -> device [256, 2048, 64] in HBM = 33554432 elems x 2B = 67108864 B  (hbm counted: 67108864 B)
IO     input  arg1_1                 torch [2048, 16384] -> device [256, 2048, 64] in HBM = 33554432 elems x 2B = 67108864 B  (hbm counted: 67108864 B)
IO   => HBM I/O total = 201326592 B  (lx 0 B, ~free)
MODEL -- estimate (turnaround): T = (R+W)/BW_PEAK + a*min(R,W) --
MODEL   R=134217728 B (read)   W=67108864 B (write)   loop_trip L=1
MODEL   base = (R+W)/150 = 1342.18 us
MODEL   turn = a*min(R,W) = 0.00574*67108864 = 385.20 us
MODEL   => T_model = 1727.38 us
MODEL FEATS [{"name":"add","is_reduction":false,"out_elems":33554432,"cores":32,"dtype_bytes":2,"args":[{"name":"op0","role":"output","mem":"hbm","elems":33554432,"broadcast":false,"dims":[256,2048,64],"logical":[2048,16384],"loop_factor":1},{"name":"arg0_1","role":"input","mem":"hbm","elems":33554432,"broadcast":false,"dims":[256,2048,64],"logical":[2048,16384],"loop_factor":1},{"name":"arg1_1","role":"input","mem":"hbm","elems":33554432,"broadcast":false,"dims":[256,2048,64],"logical":[2048,16384],"loop_factor":1}],"reduction_cores":1,"loop_trip":1,"tiles_output_dim":false,"tile_rows_per_core":0.0,"is_matmul":false,"matmul_macs":0,"matmul_rows_per_core":0.0,"matmul_cols_per_core":0.0,"matmul_a_bytes":0,"matmul_b_bytes":0,"matmul_m_split":1,"matmul_n_split":1,"hbm_pattern":""}]
SUMMARY op=add rows=2048 cols=16384 cores=32 tiles=0 lx=1 io_hbm_bytes=201326592 kernel_us=1748.679 pred_us=1727.382 err_pct=-1.2 bw_gbps=115.1 memset_us=1070.234 other_dev_us=5688.794 total_dev_us=8507.707
-- add3 [2048,16384] lx=1
  op_it_space_splits={d0: 32, d1: 1}
  op_it_space_splits={d0: 32, d1: 1}
IO -- device-layout I/O (cost model, stick-padded) --
IO   op add
IO     output op0                    torch [2048, 16384] -> device [256, 2048, 64] in HBM = 33554432 elems x 2B = 67108864 B  (hbm counted: 67108864 B)
IO     input  arg0_1                 torch [2048, 16384] -> device [256, 2048, 64] in HBM = 33554432 elems x 2B = 67108864 B  (hbm counted: 67108864 B)
IO     input  arg1_1                 torch [2048, 16384] -> device [256, 2048, 64] in HBM = 33554432 elems x 2B = 67108864 B  (hbm counted: 67108864 B)
IO   op add_1
IO     output op1                    torch [2048, 16384] -> device [256, 2048, 64] in HBM = 33554432 elems x 2B = 67108864 B  (hbm counted: 67108864 B)
IO     input  buf0                   torch [2048, 16384] -> device [256, 2048, 64] in HBM = 33554432 elems x 2B = 67108864 B  (hbm counted: 67108864 B)
IO     input  arg2_1                 torch [2048, 16384] -> device [256, 2048, 64] in HBM = 33554432 elems x 2B = 67108864 B  (hbm counted: 67108864 B)
IO   => HBM I/O total = 402653184 B  (lx 0 B, ~free)
MODEL -- estimate (turnaround): T = (R+W)/BW_PEAK + a*min(R,W) --
MODEL   R=268435456 B (read)   W=134217728 B (write)   loop_trip L=1
MODEL   base = (R+W)/150 = 2684.35 us
MODEL   turn = a*min(R,W) = 0.00574*134217728 = 770.41 us
MODEL   => T_model = 3713.87 us
MODEL FEATS [{"name":"add","is_reduction":false,"out_elems":33554432,"cores":32,"dtype_bytes":2,"args":[{"name":"op0","role":"output","mem":"hbm","elems":33554432,"broadcast":false,"dims":[256,2048,64],"logical":[2048,16384],"loop_factor":1},{"name":"arg0_1","role":"input","mem":"hbm","elems":33554432,"broadcast":false,"dims":[256,2048,64],"logical":[2048,16384],"loop_factor":1},{"name":"arg1_1","role":"input","mem":"hbm","elems":33554432,"broadcast":false,"dims":[256,2048,64],"logical":[2048,16384],"loop_factor":1}],"reduction_cores":1,"loop_trip":1,"tiles_output_dim":false,"tile_rows_per_core":0.0,"is_matmul":false,"matmul_macs":0,"matmul_rows_per_core":0.0,"matmul_cols_per_core":0.0,"matmul_a_bytes":0,"matmul_b_bytes":0,"matmul_m_split":1,"matmul_n_split":1,"hbm_pattern":""},{"name":"add_1","is_reduction":false,"out_elems":33554432,"cores":32,"dtype_bytes":2,"args":[{"name":"op1","role":"output","mem":"hbm","elems":33554432,"broadcast":false,"dims":[256,2048,64],"logical":[2048,16384],"loop_factor":1},{"name":"buf0","role":"input","mem":"hbm","elems":33554432,"broadcast":false,"dims":[256,2048,64],"logical":[2048,16384],"loop_factor":1},{"name":"arg2_1","role":"input","mem":"hbm","elems":33554432,"broadcast":false,"dims":[256,2048,64],"logical":[2048,16384],"loop_factor":1}],"reduction_cores":1,"loop_trip":1,"tiles_output_dim":false,"tile_rows_per_core":0.0,"is_matmul":false,"matmul_macs":0,"matmul_rows_per_core":0.0,"matmul_cols_per_core":0.0,"matmul_a_bytes":0,"matmul_b_bytes":0,"matmul_m_split":1,"matmul_n_split":1,"hbm_pattern":""}]
SUMMARY op=add3 rows=2048 cols=16384 cores=32 tiles=0 lx=1 io_hbm_bytes=402653184 kernel_us=3741.118 pred_us=3713.872 err_pct=-0.7 bw_gbps=107.6 memset_us=1082.431 other_dev_us=6106.926 total_dev_us=10930.475
-- add4 [2048,16384] lx=1
  op_it_space_splits={d0: 32, d1: 1}
  op_it_space_splits={d0: 32, d1: 1}
  op_it_space_splits={d0: 32, d1: 1}
IO -- device-layout I/O (cost model, stick-padded) --
IO   op add
IO     output op0                    torch [2048, 16384] -> device [256, 2048, 64] in HBM = 33554432 elems x 2B = 67108864 B  (hbm counted: 67108864 B)
IO     input  arg0_1                 torch [2048, 16384] -> device [256, 2048, 64] in HBM = 33554432 elems x 2B = 67108864 B  (hbm counted: 67108864 B)
IO     input  arg1_1                 torch [2048, 16384] -> device [256, 2048, 64] in HBM = 33554432 elems x 2B = 67108864 B  (hbm counted: 67108864 B)
IO   op add_1
IO     output op1                    torch [2048, 16384] -> device [256, 2048, 64] in HBM = 33554432 elems x 2B = 67108864 B  (hbm counted: 67108864 B)
IO     input  buf0                   torch [2048, 16384] -> device [256, 2048, 64] in HBM = 33554432 elems x 2B = 67108864 B  (hbm counted: 67108864 B)
IO     input  arg2_1                 torch [2048, 16384] -> device [256, 2048, 64] in HBM = 33554432 elems x 2B = 67108864 B  (hbm counted: 67108864 B)
IO   op add_2
IO     output op2                    torch [2048, 16384] -> device [256, 2048, 64] in HBM = 33554432 elems x 2B = 67108864 B  (hbm counted: 67108864 B)
IO     input  buf1                   torch [2048, 16384] -> device [256, 2048, 64] in HBM = 33554432 elems x 2B = 67108864 B  (hbm counted: 67108864 B)
IO     input  arg3_1                 torch [2048, 16384] -> device [256, 2048, 64] in HBM = 33554432 elems x 2B = 67108864 B  (hbm counted: 67108864 B)
IO   => HBM I/O total = 603979776 B  (lx 0 B, ~free)
MODEL -- estimate (turnaround): T = (R+W)/BW_PEAK + a*min(R,W) --
MODEL   R=402653184 B (read)   W=201326592 B (write)   loop_trip L=1
MODEL   base = (R+W)/150 = 4026.53 us
MODEL   turn = a*min(R,W) = 0.00574*201326592 = 1155.61 us
MODEL   => T_model = 5959.47 us
MODEL FEATS [{"name":"add","is_reduction":false,"out_elems":33554432,"cores":32,"dtype_bytes":2,"args":[{"name":"op0","role":"output","mem":"hbm","elems":33554432,"broadcast":false,"dims":[256,2048,64],"logical":[2048,16384],"loop_factor":1},{"name":"arg0_1","role":"input","mem":"hbm","elems":33554432,"broadcast":false,"dims":[256,2048,64],"logical":[2048,16384],"loop_factor":1},{"name":"arg1_1","role":"input","mem":"hbm","elems":33554432,"broadcast":false,"dims":[256,2048,64],"logical":[2048,16384],"loop_factor":1}],"reduction_cores":1,"loop_trip":1,"tiles_output_dim":false,"tile_rows_per_core":0.0,"is_matmul":false,"matmul_macs":0,"matmul_rows_per_core":0.0,"matmul_cols_per_core":0.0,"matmul_a_bytes":0,"matmul_b_bytes":0,"matmul_m_split":1,"matmul_n_split":1,"hbm_pattern":""},{"name":"add_1","is_reduction":false,"out_elems":33554432,"cores":32,"dtype_bytes":2,"args":[{"name":"op1","role":"output","mem":"hbm","elems":33554432,"broadcast":false,"dims":[256,2048,64],"logical":[2048,16384],"loop_factor":1},{"name":"buf0","role":"input","mem":"hbm","elems":33554432,"broadcast":false,"dims":[256,2048,64],"logical":[2048,16384],"loop_factor":1},{"name":"arg2_1","role":"input","mem":"hbm","elems":33554432,"broadcast":false,"dims":[256,2048,64],"logical":[2048,16384],"loop_factor":1}],"reduction_cores":1,"loop_trip":1,"tiles_output_dim":false,"tile_rows_per_core":0.0,"is_matmul":false,"matmul_macs":0,"matmul_rows_per_core":0.0,"matmul_cols_per_core":0.0,"matmul_a_bytes":0,"matmul_b_bytes":0,"matmul_m_split":1,"matmul_n_split":1,"hbm_pattern":""},{"name":"add_2","is_reduction":false,"out_elems":33554432,"cores":32,"dtype_bytes":2,"args":[{"name":"op2","role":"output","mem":"hbm","elems":33554432,"broadcast":false,"dims":[256,2048,64],"logical":[2048,16384],"loop_factor":1},{"name":"buf1","role":"input","mem":"hbm","elems":33554432,"broadcast":false,"dims":[256,2048,64],"logical":[2048,16384],"loop_factor":1},{"name":"arg3_1","role":"input","mem":"hbm","elems":33554432,"broadcast":false,"dims":[256,2048,64],"logical":[2048,16384],"loop_factor":1}],"reduction_cores":1,"loop_trip":1,"tiles_output_dim":false,"tile_rows_per_core":0.0,"is_matmul":false,"matmul_macs":0,"matmul_rows_per_core":0.0,"matmul_cols_per_core":0.0,"matmul_a_bytes":0,"matmul_b_bytes":0,"matmul_m_split":1,"matmul_n_split":1,"hbm_pattern":""}]
SUMMARY op=add4 rows=2048 cols=16384 cores=32 tiles=0 lx=1 io_hbm_bytes=603979776 kernel_us=6114.186 pred_us=5959.468 err_pct=-2.5 bw_gbps=98.8 memset_us=1074.883 other_dev_us=5987.760 total_dev_us=13176.829
-- add5 [2048,16384] lx=1
  op_it_space_splits={d0: 32, d1: 1}
  op_it_space_splits={d0: 32, d1: 1}
  op_it_space_splits={d0: 32, d1: 1}
  op_it_space_splits={d0: 32, d1: 1}
IO -- device-layout I/O (cost model, stick-padded) --
IO   op add
IO     output op0                    torch [2048, 16384] -> device [256, 2048, 64] in HBM = 33554432 elems x 2B = 67108864 B  (hbm counted: 67108864 B)
IO     input  arg0_1                 torch [2048, 16384] -> device [256, 2048, 64] in HBM = 33554432 elems x 2B = 67108864 B  (hbm counted: 67108864 B)
IO     input  arg1_1                 torch [2048, 16384] -> device [256, 2048, 64] in HBM = 33554432 elems x 2B = 67108864 B  (hbm counted: 67108864 B)
IO   op add_1
IO     output op1                    torch [2048, 16384] -> device [256, 2048, 64] in HBM = 33554432 elems x 2B = 67108864 B  (hbm counted: 67108864 B)
IO     input  buf0                   torch [2048, 16384] -> device [256, 2048, 64] in HBM = 33554432 elems x 2B = 67108864 B  (hbm counted: 67108864 B)
IO     input  arg2_1                 torch [2048, 16384] -> device [256, 2048, 64] in HBM = 33554432 elems x 2B = 67108864 B  (hbm counted: 67108864 B)
IO   op add_2
IO     output op2                    torch [2048, 16384] -> device [256, 2048, 64] in HBM = 33554432 elems x 2B = 67108864 B  (hbm counted: 67108864 B)
IO     input  buf1                   torch [2048, 16384] -> device [256, 2048, 64] in HBM = 33554432 elems x 2B = 67108864 B  (hbm counted: 67108864 B)
IO     input  arg3_1                 torch [2048, 16384] -> device [256, 2048, 64] in HBM = 33554432 elems x 2B = 67108864 B  (hbm counted: 67108864 B)
IO   op add_3
IO     output op3                    torch [2048, 16384] -> device [256, 2048, 64] in HBM = 33554432 elems x 2B = 67108864 B  (hbm counted: 67108864 B)
IO     input  buf2                   torch [2048, 16384] -> device [256, 2048, 64] in HBM = 33554432 elems x 2B = 67108864 B  (hbm counted: 67108864 B)
IO     input  arg4_1                 torch [2048, 16384] -> device [256, 2048, 64] in HBM = 33554432 elems x 2B = 67108864 B  (hbm counted: 67108864 B)
IO   => HBM I/O total = 805306368 B  (lx 0 B, ~free)
MODEL -- estimate (turnaround): T = (R+W)/BW_PEAK + a*min(R,W) --
MODEL   R=536870912 B (read)   W=268435456 B (write)   loop_trip L=1
MODEL   base = (R+W)/150 = 5368.71 us
MODEL   turn = a*min(R,W) = 0.00574*268435456 = 1540.82 us
MODEL   => T_model = 8464.17 us
MODEL FEATS [{"name":"add","is_reduction":false,"out_elems":33554432,"cores":32,"dtype_bytes":2,"args":[{"name":"op0","role":"output","mem":"hbm","elems":33554432,"broadcast":false,"dims":[256,2048,64],"logical":[2048,16384],"loop_factor":1},{"name":"arg0_1","role":"input","mem":"hbm","elems":33554432,"broadcast":false,"dims":[256,2048,64],"logical":[2048,16384],"loop_factor":1},{"name":"arg1_1","role":"input","mem":"hbm","elems":33554432,"broadcast":false,"dims":[256,2048,64],"logical":[2048,16384],"loop_factor":1}],"reduction_cores":1,"loop_trip":1,"tiles_output_dim":false,"tile_rows_per_core":0.0,"is_matmul":false,"matmul_macs":0,"matmul_rows_per_core":0.0,"matmul_cols_per_core":0.0,"matmul_a_bytes":0,"matmul_b_bytes":0,"matmul_m_split":1,"matmul_n_split":1,"hbm_pattern":""},{"name":"add_1","is_reduction":false,"out_elems":33554432,"cores":32,"dtype_bytes":2,"args":[{"name":"op1","role":"output","mem":"hbm","elems":33554432,"broadcast":false,"dims":[256,2048,64],"logical":[2048,16384],"loop_factor":1},{"name":"buf0","role":"input","mem":"hbm","elems":33554432,"broadcast":false,"dims":[256,2048,64],"logical":[2048,16384],"loop_factor":1},{"name":"arg2_1","role":"input","mem":"hbm","elems":33554432,"broadcast":false,"dims":[256,2048,64],"logical":[2048,16384],"loop_factor":1}],"reduction_cores":1,"loop_trip":1,"tiles_output_dim":false,"tile_rows_per_core":0.0,"is_matmul":false,"matmul_macs":0,"matmul_rows_per_core":0.0,"matmul_cols_per_core":0.0,"matmul_a_bytes":0,"matmul_b_bytes":0,"matmul_m_split":1,"matmul_n_split":1,"hbm_pattern":""},{"name":"add_2","is_reduction":false,"out_elems":33554432,"cores":32,"dtype_bytes":2,"args":[{"name":"op2","role":"output","mem":"hbm","elems":33554432,"broadcast":false,"dims":[256,2048,64],"logical":[2048,16384],"loop_factor":1},{"name":"buf1","role":"input","mem":"hbm","elems":33554432,"broadcast":false,"dims":[256,2048,64],"logical":[2048,16384],"loop_factor":1},{"name":"arg3_1","role":"input","mem":"hbm","elems":33554432,"broadcast":false,"dims":[256,2048,64],"logical":[2048,16384],"loop_factor":1}],"reduction_cores":1,"loop_trip":1,"tiles_output_dim":false,"tile_rows_per_core":0.0,"is_matmul":false,"matmul_macs":0,"matmul_rows_per_core":0.0,"matmul_cols_per_core":0.0,"matmul_a_bytes":0,"matmul_b_bytes":0,"matmul_m_split":1,"matmul_n_split":1,"hbm_pattern":""},{"name":"add_3","is_reduction":false,"out_elems":33554432,"cores":32,"dtype_bytes":2,"args":[{"name":"op3","role":"output","mem":"hbm","elems":33554432,"broadcast":false,"dims":[256,2048,64],"logical":[2048,16384],"loop_factor":1},{"name":"buf2","role":"input","mem":"hbm","elems":33554432,"broadcast":false,"dims":[256,2048,64],"logical":[2048,16384],"loop_factor":1},{"name":"arg4_1","role":"input","mem":"hbm","elems":33554432,"broadcast":false,"dims":[256,2048,64],"logical":[2048,16384],"loop_factor":1}],"reduction_cores":1,"loop_trip":1,"tiles_output_dim":false,"tile_rows_per_core":0.0,"is_matmul":false,"matmul_macs":0,"matmul_rows_per_core":0.0,"matmul_cols_per_core":0.0,"matmul_a_bytes":0,"matmul_b_bytes":0,"matmul_m_split":1,"matmul_n_split":1,"hbm_pattern":""}]
SUMMARY op=add5 rows=2048 cols=16384 cores=32 tiles=0 lx=1 io_hbm_bytes=805306368 kernel_us=8226.191 pred_us=8464.173 err_pct=+2.9 bw_gbps=97.9 memset_us=1072.379 other_dev_us=6090.042 total_dev_us=15388.612
-- add6 [2048,16384] lx=1
  op_it_space_splits={d0: 32, d1: 1}
  op_it_space_splits={d0: 32, d1: 1}
  op_it_space_splits={d0: 32, d1: 1}
  op_it_space_splits={d0: 32, d1: 1}
  op_it_space_splits={d0: 32, d1: 1}
IO -- device-layout I/O (cost model, stick-padded) --
IO   op add
IO     output op0                    torch [2048, 16384] -> device [256, 2048, 64] in HBM = 33554432 elems x 2B = 67108864 B  (hbm counted: 67108864 B)
IO     input  arg0_1                 torch [2048, 16384] -> device [256, 2048, 64] in HBM = 33554432 elems x 2B = 67108864 B  (hbm counted: 67108864 B)
IO     input  arg1_1                 torch [2048, 16384] -> device [256, 2048, 64] in HBM = 33554432 elems x 2B = 67108864 B  (hbm counted: 67108864 B)
IO   op add_1
IO     output op1                    torch [2048, 16384] -> device [256, 2048, 64] in HBM = 33554432 elems x 2B = 67108864 B  (hbm counted: 67108864 B)
IO     input  buf0                   torch [2048, 16384] -> device [256, 2048, 64] in HBM = 33554432 elems x 2B = 67108864 B  (hbm counted: 67108864 B)
IO     input  arg2_1                 torch [2048, 16384] -> device [256, 2048, 64] in HBM = 33554432 elems x 2B = 67108864 B  (hbm counted: 67108864 B)
IO   op add_2
IO     output op2                    torch [2048, 16384] -> device [256, 2048, 64] in HBM = 33554432 elems x 2B = 67108864 B  (hbm counted: 67108864 B)
IO     input  buf1                   torch [2048, 16384] -> device [256, 2048, 64] in HBM = 33554432 elems x 2B = 67108864 B  (hbm counted: 67108864 B)
IO     input  arg3_1                 torch [2048, 16384] -> device [256, 2048, 64] in HBM = 33554432 elems x 2B = 67108864 B  (hbm counted: 67108864 B)
IO   op add_3
IO     output op3                    torch [2048, 16384] -> device [256, 2048, 64] in HBM = 33554432 elems x 2B = 67108864 B  (hbm counted: 67108864 B)
IO     input  buf2                   torch [2048, 16384] -> device [256, 2048, 64] in HBM = 33554432 elems x 2B = 67108864 B  (hbm counted: 67108864 B)
IO     input  arg4_1                 torch [2048, 16384] -> device [256, 2048, 64] in HBM = 33554432 elems x 2B = 67108864 B  (hbm counted: 67108864 B)
IO   op add_4
IO     output op4                    torch [2048, 16384] -> device [256, 2048, 64] in HBM = 33554432 elems x 2B = 67108864 B  (hbm counted: 67108864 B)
IO     input  buf3                   torch [2048, 16384] -> device [256, 2048, 64] in HBM = 33554432 elems x 2B = 67108864 B  (hbm counted: 67108864 B)
IO     input  arg5_1                 torch [2048, 16384] -> device [256, 2048, 64] in HBM = 33554432 elems x 2B = 67108864 B  (hbm counted: 67108864 B)
IO   => HBM I/O total = 1006632960 B  (lx 0 B, ~free)
MODEL -- estimate (turnaround): T = (R+W)/BW_PEAK + a*min(R,W) --
MODEL   R=671088640 B (read)   W=335544320 B (write)   loop_trip L=1
MODEL   base = (R+W)/150 = 6710.89 us
MODEL   turn = a*min(R,W) = 0.00574*335544320 = 1926.02 us
MODEL   => T_model = 11227.98 us
MODEL FEATS [{"name":"add","is_reduction":false,"out_elems":33554432,"cores":32,"dtype_bytes":2,"args":[{"name":"op0","role":"output","mem":"hbm","elems":33554432,"broadcast":false,"dims":[256,2048,64],"logical":[2048,16384],"loop_factor":1},{"name":"arg0_1","role":"input","mem":"hbm","elems":33554432,"broadcast":false,"dims":[256,2048,64],"logical":[2048,16384],"loop_factor":1},{"name":"arg1_1","role":"input","mem":"hbm","elems":33554432,"broadcast":false,"dims":[256,2048,64],"logical":[2048,16384],"loop_factor":1}],"reduction_cores":1,"loop_trip":1,"tiles_output_dim":false,"tile_rows_per_core":0.0,"is_matmul":false,"matmul_macs":0,"matmul_rows_per_core":0.0,"matmul_cols_per_core":0.0,"matmul_a_bytes":0,"matmul_b_bytes":0,"matmul_m_split":1,"matmul_n_split":1,"hbm_pattern":""},{"name":"add_1","is_reduction":false,"out_elems":33554432,"cores":32,"dtype_bytes":2,"args":[{"name":"op1","role":"output","mem":"hbm","elems":33554432,"broadcast":false,"dims":[256,2048,64],"logical":[2048,16384],"loop_factor":1},{"name":"buf0","role":"input","mem":"hbm","elems":33554432,"broadcast":false,"dims":[256,2048,64],"logical":[2048,16384],"loop_factor":1},{"name":"arg2_1","role":"input","mem":"hbm","elems":33554432,"broadcast":false,"dims":[256,2048,64],"logical":[2048,16384],"loop_factor":1}],"reduction_cores":1,"loop_trip":1,"tiles_output_dim":false,"tile_rows_per_core":0.0,"is_matmul":false,"matmul_macs":0,"matmul_rows_per_core":0.0,"matmul_cols_per_core":0.0,"matmul_a_bytes":0,"matmul_b_bytes":0,"matmul_m_split":1,"matmul_n_split":1,"hbm_pattern":""},{"name":"add_2","is_reduction":false,"out_elems":33554432,"cores":32,"dtype_bytes":2,"args":[{"name":"op2","role":"output","mem":"hbm","elems":33554432,"broadcast":false,"dims":[256,2048,64],"logical":[2048,16384],"loop_factor":1},{"name":"buf1","role":"input","mem":"hbm","elems":33554432,"broadcast":false,"dims":[256,2048,64],"logical":[2048,16384],"loop_factor":1},{"name":"arg3_1","role":"input","mem":"hbm","elems":33554432,"broadcast":false,"dims":[256,2048,64],"logical":[2048,16384],"loop_factor":1}],"reduction_cores":1,"loop_trip":1,"tiles_output_dim":false,"tile_rows_per_core":0.0,"is_matmul":false,"matmul_macs":0,"matmul_rows_per_core":0.0,"matmul_cols_per_core":0.0,"matmul_a_bytes":0,"matmul_b_bytes":0,"matmul_m_split":1,"matmul_n_split":1,"hbm_pattern":""},{"name":"add_3","is_reduction":false,"out_elems":33554432,"cores":32,"dtype_bytes":2,"args":[{"name":"op3","role":"output","mem":"hbm","elems":33554432,"broadcast":false,"dims":[256,2048,64],"logical":[2048,16384],"loop_factor":1},{"name":"buf2","role":"input","mem":"hbm","elems":33554432,"broadcast":false,"dims":[256,2048,64],"logical":[2048,16384],"loop_factor":1},{"name":"arg4_1","role":"input","mem":"hbm","elems":33554432,"broadcast":false,"dims":[256,2048,64],"logical":[2048,16384],"loop_factor":1}],"reduction_cores":1,"loop_trip":1,"tiles_output_dim":false,"tile_rows_per_core":0.0,"is_matmul":false,"matmul_macs":0,"matmul_rows_per_core":0.0,"matmul_cols_per_core":0.0,"matmul_a_bytes":0,"matmul_b_bytes":0,"matmul_m_split":1,"matmul_n_split":1,"hbm_pattern":""},{"name":"add_4","is_reduction":false,"out_elems":33554432,"cores":32,"dtype_bytes":2,"args":[{"name":"op4","role":"output","mem":"hbm","elems":33554432,"broadcast":false,"dims":[256,2048,64],"logical":[2048,16384],"loop_factor":1},{"name":"buf3","role":"input","mem":"hbm","elems":33554432,"broadcast":false,"dims":[256,2048,64],"logical":[2048,16384],"loop_factor":1},{"name":"arg5_1","role":"input","mem":"hbm","elems":33554432,"broadcast":false,"dims":[256,2048,64],"logical":[2048,16384],"loop_factor":1}],"reduction_cores":1,"loop_trip":1,"tiles_output_dim":false,"tile_rows_per_core":0.0,"is_matmul":false,"matmul_macs":0,"matmul_rows_per_core":0.0,"matmul_cols_per_core":0.0,"matmul_a_bytes":0,"matmul_b_bytes":0,"matmul_m_split":1,"matmul_n_split":1,"hbm_pattern":""}]
SUMMARY op=add6 rows=2048 cols=16384 cores=32 tiles=0 lx=1 io_hbm_bytes=1006632960 kernel_us=10147.752 pred_us=11227.984 err_pct=+10.6 bw_gbps=99.2 memset_us=1053.208 other_dev_us=6407.963 total_dev_us=17608.923
-- add_indep2 [2048,16384] lx=1
  op_it_space_splits={d0: 32, d1: 1}
  op_it_space_splits={d0: 32, d1: 1}
SUMMARY op=add_indep2 rows=2048 cols=16384 tiles=0 lx=1 FAILED reason=AttributeError: 'tuple' object has no attribute 'cpu'
## THINK vary K in {16..512} at M=N=2048 & 4096, balanced 4x8
-- mmwd M=2048 K=16 N=2048 split m=4 n=8 k=1 (cores=32 M/m=512 N/n=256)
  op_it_space_splits={d0: 32, d1: 1}
  op_it_space_splits={d0: 1, d1: 32}
  op_it_space_splits={d0: 4, d1: 8, d2: 1}
  op_it_space_splits={d0: 32, d1: 1}
  op_it_space_splits={d0: 1, d1: 32}
  op_it_space_splits={d0: 4, d1: 8, d2: 1}
  op_it_space_splits={d0: 32, d1: 1}
  op_it_space_splits={d0: 1, d1: 32}
  op_it_space_splits={d0: 4, d1: 8, d2: 1}
  op_it_space_splits={d0: 32, d1: 1}
  op_it_space_splits={d0: 1, d1: 32}
  op_it_space_splits={d0: 4, d1: 8, d2: 1}
  op_it_space_splits={d0: 32, d1: 1}
  op_it_space_splits={d0: 1, d1: 32}
  op_it_space_splits={d0: 4, d1: 8, d2: 1}
  op_it_space_splits={d0: 32, d1: 1}
  op_it_space_splits={d0: 1, d1: 32}
  op_it_space_splits={d0: 4, d1: 8, d2: 1}
IO -- device-layout I/O (cost model, stick-padded) --
IO   op constant_pad_nd_default
IO     output op1                    torch [64, 2048] -> device [32, 64, 64] in HBM = 131072 elems x 2B = 262144 B  (hbm counted: 262144 B)
IO   op Pointwise
IO     output op3                    torch [64, 2048] -> device [64, 2048] in HBM = 131072 elems x 2B = 262144 B  (hbm counted: 262144 B)
IO     input  buf2                   device [1, 64] in HBM = 64 elems x 2B = 128 B  (hbm counted: 128 B) broadcast (loaded once)
IO   op Pointwise
IO     output op4                    torch [16, 2048] -> device [16, 2048] in HBM = 32768 elems x 2B = 65536 B  (hbm counted: 65536 B)
IO     input  arg1_1                 torch [16, 2048] -> device [32, 16, 64] in HBM = 32768 elems x 2B = 65536 B  (hbm counted: 65536 B)
IO   op mm [reduction]
IO     output op0                    torch [2048, 2048] -> device [32, 2048, 64] in HBM = 4194304 elems x 2B = 8388608 B  (hbm counted: 8388608 B)
IO     input  arg0_1                 torch [2048, 16] -> device [1, 2048, 64] in HBM = 131072 elems x 2B = 262144 B  (hbm counted: 262144 B)
IO     input  arg1_1                 torch [16, 2048] -> device [32, 16, 64] in HBM = 32768 elems x 2B = 65536 B  (hbm counted: 65536 B)
IO     input  buf1                   torch [64, 2048] -> device [32, 64, 64] in HBM = 131072 elems x 2B = 262144 B  (hbm counted: 262144 B)
IO   => HBM I/O total = 9633920 B  (lx 0 B, ~free)
MODEL -- estimate (turnaround): T = compute + (R+W)/BW_PEAK + a*min(R,W) --
MODEL   R=589952 B (read)   W=8978432 B (write)   loop_trip L=1
MODEL   compute = MACs/cores/(mac_peak*pt_eff) = 67108864/32/(1140*1.000) = 1.84 us  (M/m=512, pt_eff=1.000)
MODEL   base = R/150+W/150 = 63.79 us
MODEL   turn = a*min(R,W) = 0.00574*589952 = 3.39 us
MODEL   => T_model = 68.58 us
MODEL FEATS [{"name":"constant_pad_nd_default","is_reduction":false,"out_elems":131072,"cores":1,"dtype_bytes":2,"args":[{"name":"op1","role":"output","mem":"hbm","elems":131072,"broadcast":false,"dims":[32,64,64],"logical":[64,2048],"loop_factor":1}],"reduction_cores":1,"loop_trip":1,"tiles_output_dim":false,"tile_rows_per_core":0.0,"is_matmul":false,"matmul_macs":0,"matmul_rows_per_core":0.0,"matmul_cols_per_core":0.0,"matmul_a_bytes":0,"matmul_b_bytes":0,"matmul_m_split":1,"matmul_n_split":1,"hbm_pattern":""},{"name":"Pointwise","is_reduction":false,"out_elems":131072,"cores":32,"dtype_bytes":2,"args":[{"name":"op3","role":"output","mem":"hbm","elems":131072,"broadcast":false,"dims":[64,2048],"logical":[64,2048],"loop_factor":1},{"name":"buf2","role":"input","mem":"hbm","elems":64,"broadcast":true,"dims":[1,64],"logical":[],"loop_factor":1}],"reduction_cores":1,"loop_trip":1,"tiles_output_dim":false,"tile_rows_per_core":0.0,"is_matmul":false,"matmul_macs":0,"matmul_rows_per_core":0.0,"matmul_cols_per_core":0.0,"matmul_a_bytes":0,"matmul_b_bytes":0,"matmul_m_split":1,"matmul_n_split":1,"hbm_pattern":""},{"name":"Pointwise","is_reduction":false,"out_elems":32768,"cores":32,"dtype_bytes":2,"args":[{"name":"op4","role":"output","mem":"hbm","elems":32768,"broadcast":false,"dims":[16,2048],"logical":[16,2048],"loop_factor":1},{"name":"arg1_1","role":"input","mem":"hbm","elems":32768,"broadcast":false,"dims":[32,16,64],"logical":[16,2048],"loop_factor":1}],"reduction_cores":1,"loop_trip":1,"tiles_output_dim":false,"tile_rows_per_core":0.0,"is_matmul":false,"matmul_macs":0,"matmul_rows_per_core":0.0,"matmul_cols_per_core":0.0,"matmul_a_bytes":0,"matmul_b_bytes":0,"matmul_m_split":1,"matmul_n_split":1,"hbm_pattern":""},{"name":"mm","is_reduction":true,"out_elems":4194304,"cores":32,"dtype_bytes":2,"args":[{"name":"op0","role":"output","mem":"hbm","elems":4194304,"broadcast":false,"dims":[32,2048,64],"logical":[2048,2048],"loop_factor":1},{"name":"arg0_1","role":"input","mem":"hbm","elems":131072,"broadcast":false,"dims":[1,2048,64],"logical":[2048,16],"loop_factor":1},{"name":"arg1_1","role":"input","mem":"hbm","elems":32768,"broadcast":false,"dims":[32,16,64],"logical":[16,2048],"loop_factor":1},{"name":"buf1","role":"input","mem":"hbm","elems":131072,"broadcast":false,"dims":[32,64,64],"logical":[64,2048],"loop_factor":1}],"reduction_cores":1,"loop_trip":1,"tiles_output_dim":false,"tile_rows_per_core":0.0,"is_matmul":true,"matmul_macs":67108864,"matmul_rows_per_core":512.0,"matmul_cols_per_core":256.0,"matmul_a_bytes":65536,"matmul_b_bytes":65536,"matmul_m_split":4,"matmul_n_split":8,"hbm_pattern":""}]
SUMMARY op=mmwd rows=2048 cols=16 cores=32 tiles=0 lx=1 io_hbm_bytes=9633920 kernel_us=63.739 pred_us=68.584 err_pct=+7.6 bw_gbps=151.1 memset_us=252.415 other_dev_us=292.621 total_dev_us=608.775
-- mmwd M=2048 K=32 N=2048 split m=4 n=8 k=1 (cores=32 M/m=512 N/n=256)
  op_it_space_splits={d0: 32, d1: 1}
  op_it_space_splits={d0: 32, d1: 1}
  op_it_space_splits={d0: 4, d1: 8, d2: 1}
  op_it_space_splits={d0: 32, d1: 1}
  op_it_space_splits={d0: 32, d1: 1}
  op_it_space_splits={d0: 4, d1: 8, d2: 1}
  op_it_space_splits={d0: 32, d1: 1}
  op_it_space_splits={d0: 32, d1: 1}
  op_it_space_splits={d0: 4, d1: 8, d2: 1}
  op_it_space_splits={d0: 32, d1: 1}
  op_it_space_splits={d0: 32, d1: 1}
  op_it_space_splits={d0: 4, d1: 8, d2: 1}
  op_it_space_splits={d0: 32, d1: 1}
  op_it_space_splits={d0: 32, d1: 1}
  op_it_space_splits={d0: 4, d1: 8, d2: 1}
  op_it_space_splits={d0: 32, d1: 1}
  op_it_space_splits={d0: 32, d1: 1}
  op_it_space_splits={d0: 4, d1: 8, d2: 1}
IO -- device-layout I/O (cost model, stick-padded) --
IO   op constant_pad_nd_default
IO     output op1                    torch [64, 2048] -> device [32, 64, 64] in HBM = 131072 elems x 2B = 262144 B  (hbm counted: 262144 B)
IO   op Pointwise
IO     output op3                    torch [64, 2048] -> device [64, 2048] in HBM = 131072 elems x 2B = 262144 B  (hbm counted: 262144 B)
IO     input  buf2                   device [1, 64] in HBM = 64 elems x 2B = 128 B  (hbm counted: 128 B) broadcast (loaded once)
IO   op Pointwise
IO     output op4                    torch [32, 2048] -> device [32, 2048] in HBM = 65536 elems x 2B = 131072 B  (hbm counted: 131072 B)
IO     input  arg1_1                 torch [32, 2048] -> device [32, 32, 64] in HBM = 65536 elems x 2B = 131072 B  (hbm counted: 131072 B)
IO   op mm [reduction]
IO     output op0                    torch [2048, 2048] -> device [32, 2048, 64] in HBM = 4194304 elems x 2B = 8388608 B  (hbm counted: 8388608 B)
IO     input  arg0_1                 torch [2048, 32] -> device [1, 2048, 64] in HBM = 131072 elems x 2B = 262144 B  (hbm counted: 262144 B)
IO     input  arg1_1                 torch [32, 2048] -> device [32, 32, 64] in HBM = 65536 elems x 2B = 131072 B  (hbm counted: 131072 B)
IO     input  buf1                   torch [64, 2048] -> device [32, 64, 64] in HBM = 131072 elems x 2B = 262144 B  (hbm counted: 262144 B)
IO   => HBM I/O total = 9830528 B  (lx 0 B, ~free)
MODEL -- estimate (turnaround): T = compute + (R+W)/BW_PEAK + a*min(R,W) --
MODEL   R=655488 B (read)   W=9043968 B (write)   loop_trip L=1
MODEL   compute = MACs/cores/(mac_peak*pt_eff) = 134217728/32/(1140*1.000) = 3.68 us  (M/m=512, pt_eff=1.000)
MODEL   base = R/150+W/150 = 64.66 us
MODEL   turn = a*min(R,W) = 0.00574*655488 = 3.76 us
MODEL   => T_model = 71.22 us
MODEL FEATS [{"name":"constant_pad_nd_default","is_reduction":false,"out_elems":131072,"cores":1,"dtype_bytes":2,"args":[{"name":"op1","role":"output","mem":"hbm","elems":131072,"broadcast":false,"dims":[32,64,64],"logical":[64,2048],"loop_factor":1}],"reduction_cores":1,"loop_trip":1,"tiles_output_dim":false,"tile_rows_per_core":0.0,"is_matmul":false,"matmul_macs":0,"matmul_rows_per_core":0.0,"matmul_cols_per_core":0.0,"matmul_a_bytes":0,"matmul_b_bytes":0,"matmul_m_split":1,"matmul_n_split":1,"hbm_pattern":""},{"name":"Pointwise","is_reduction":false,"out_elems":131072,"cores":32,"dtype_bytes":2,"args":[{"name":"op3","role":"output","mem":"hbm","elems":131072,"broadcast":false,"dims":[64,2048],"logical":[64,2048],"loop_factor":1},{"name":"buf2","role":"input","mem":"hbm","elems":64,"broadcast":true,"dims":[1,64],"logical":[],"loop_factor":1}],"reduction_cores":1,"loop_trip":1,"tiles_output_dim":false,"tile_rows_per_core":0.0,"is_matmul":false,"matmul_macs":0,"matmul_rows_per_core":0.0,"matmul_cols_per_core":0.0,"matmul_a_bytes":0,"matmul_b_bytes":0,"matmul_m_split":1,"matmul_n_split":1,"hbm_pattern":""},{"name":"Pointwise","is_reduction":false,"out_elems":65536,"cores":32,"dtype_bytes":2,"args":[{"name":"op4","role":"output","mem":"hbm","elems":65536,"broadcast":false,"dims":[32,2048],"logical":[32,2048],"loop_factor":1},{"name":"arg1_1","role":"input","mem":"hbm","elems":65536,"broadcast":false,"dims":[32,32,64],"logical":[32,2048],"loop_factor":1}],"reduction_cores":1,"loop_trip":1,"tiles_output_dim":false,"tile_rows_per_core":0.0,"is_matmul":false,"matmul_macs":0,"matmul_rows_per_core":0.0,"matmul_cols_per_core":0.0,"matmul_a_bytes":0,"matmul_b_bytes":0,"matmul_m_split":1,"matmul_n_split":1,"hbm_pattern":""},{"name":"mm","is_reduction":true,"out_elems":4194304,"cores":32,"dtype_bytes":2,"args":[{"name":"op0","role":"output","mem":"hbm","elems":4194304,"broadcast":false,"dims":[32,2048,64],"logical":[2048,2048],"loop_factor":1},{"name":"arg0_1","role":"input","mem":"hbm","elems":131072,"broadcast":false,"dims":[1,2048,64],"logical":[2048,32],"loop_factor":1},{"name":"arg1_1","role":"input","mem":"hbm","elems":65536,"broadcast":false,"dims":[32,32,64],"logical":[32,2048],"loop_factor":1},{"name":"buf1","role":"input","mem":"hbm","elems":131072,"broadcast":false,"dims":[32,64,64],"logical":[64,2048],"loop_factor":1}],"reduction_cores":1,"loop_trip":1,"tiles_output_dim":false,"tile_rows_per_core":0.0,"is_matmul":true,"matmul_macs":134217728,"matmul_rows_per_core":512.0,"matmul_cols_per_core":256.0,"matmul_a_bytes":131072,"matmul_b_bytes":131072,"matmul_m_split":4,"matmul_n_split":8,"hbm_pattern":""}]
SUMMARY op=mmwd rows=2048 cols=32 cores=32 tiles=0 lx=1 io_hbm_bytes=9830528 kernel_us=72.606 pred_us=71.220 err_pct=-1.9 bw_gbps=135.4 memset_us=218.835 other_dev_us=472.441 total_dev_us=763.882
-- mmwd M=2048 K=64 N=2048 split m=4 n=8 k=1 (cores=32 M/m=512 N/n=256)
  op_it_space_splits={d0: 4, d1: 8, d2: 1}
  op_it_space_splits={d0: 4, d1: 8, d2: 1}
  op_it_space_splits={d0: 4, d1: 8, d2: 1}
  op_it_space_splits={d0: 4, d1: 8, d2: 1}
  op_it_space_splits={d0: 4, d1: 8, d2: 1}
  op_it_space_splits={d0: 4, d1: 8, d2: 1}
IO -- device-layout I/O (cost model, stick-padded) --
IO   op mm [reduction]
IO     output op0                    torch [2048, 2048] -> device [32, 2048, 64] in HBM = 4194304 elems x 2B = 8388608 B  (hbm counted: 8388608 B)
IO     input  arg0_1                 torch [2048, 64] -> device [1, 2048, 64] in HBM = 131072 elems x 2B = 262144 B  (hbm counted: 262144 B)
IO     input  arg1_1                 torch [64, 2048] -> device [32, 64, 64] in HBM = 131072 elems x 2B = 262144 B  (hbm counted: 262144 B)
IO   => HBM I/O total = 8912896 B  (lx 0 B, ~free)
MODEL -- estimate (turnaround): T = compute + (R+W)/BW_PEAK + a*min(R,W) --
MODEL   R=524288 B (read)   W=8388608 B (write)   loop_trip L=1
MODEL   compute = MACs/cores/(mac_peak*pt_eff) = 268435456/32/(1140*1.000) = 7.36 us  (M/m=512, pt_eff=1.000)
MODEL   base = R/150+W/150 = 59.42 us
MODEL   turn = a*min(R,W) = 0.00574*524288 = 3.01 us
MODEL   => T_model = 67.98 us
MODEL FEATS [{"name":"mm","is_reduction":true,"out_elems":4194304,"cores":32,"dtype_bytes":2,"args":[{"name":"op0","role":"output","mem":"hbm","elems":4194304,"broadcast":false,"dims":[32,2048,64],"logical":[2048,2048],"loop_factor":1},{"name":"arg0_1","role":"input","mem":"hbm","elems":131072,"broadcast":false,"dims":[1,2048,64],"logical":[2048,64],"loop_factor":1},{"name":"arg1_1","role":"input","mem":"hbm","elems":131072,"broadcast":false,"dims":[32,64,64],"logical":[64,2048],"loop_factor":1}],"reduction_cores":1,"loop_trip":1,"tiles_output_dim":false,"tile_rows_per_core":0.0,"is_matmul":true,"matmul_macs":268435456,"matmul_rows_per_core":512.0,"matmul_cols_per_core":256.0,"matmul_a_bytes":262144,"matmul_b_bytes":262144,"matmul_m_split":4,"matmul_n_split":8,"hbm_pattern":""}]
SUMMARY op=mmwd rows=2048 cols=64 cores=32 tiles=0 lx=1 io_hbm_bytes=8912896 kernel_us=58.352 pred_us=67.975 err_pct=+16.5 bw_gbps=152.7 memset_us=174.195 other_dev_us=343.472 total_dev_us=576.019
-- mmwd M=2048 K=128 N=2048 split m=4 n=8 k=1 (cores=32 M/m=512 N/n=256)
  op_it_space_splits={d0: 4, d1: 8, d2: 1}
  op_it_space_splits={d0: 4, d1: 8, d2: 1}
  op_it_space_splits={d0: 4, d1: 8, d2: 1}
  op_it_space_splits={d0: 4, d1: 8, d2: 1}
  op_it_space_splits={d0: 4, d1: 8, d2: 1}
  op_it_space_splits={d0: 4, d1: 8, d2: 1}
IO -- device-layout I/O (cost model, stick-padded) --
IO   op mm [reduction]
IO     output op0                    torch [2048, 2048] -> device [32, 2048, 64] in HBM = 4194304 elems x 2B = 8388608 B  (hbm counted: 8388608 B)
IO     input  arg0_1                 torch [2048, 128] -> device [2, 2048, 64] in HBM = 262144 elems x 2B = 524288 B  (hbm counted: 524288 B)
IO     input  arg1_1                 torch [128, 2048] -> device [32, 128, 64] in HBM = 262144 elems x 2B = 524288 B  (hbm counted: 524288 B)
IO   => HBM I/O total = 9437184 B  (lx 0 B, ~free)
MODEL -- estimate (turnaround): T = compute + (R+W)/BW_PEAK + a*min(R,W) --
MODEL   R=1048576 B (read)   W=8388608 B (write)   loop_trip L=1
MODEL   compute = MACs/cores/(mac_peak*pt_eff) = 536870912/32/(1140*1.000) = 14.72 us  (M/m=512, pt_eff=1.000)
MODEL   base = R/150+W/150 = 62.91 us
MODEL   turn = a*min(R,W) = 0.00574*1048576 = 6.02 us
MODEL   => T_model = 80.03 us
MODEL FEATS [{"name":"mm","is_reduction":true,"out_elems":4194304,"cores":32,"dtype_bytes":2,"args":[{"name":"op0","role":"output","mem":"hbm","elems":4194304,"broadcast":false,"dims":[32,2048,64],"logical":[2048,2048],"loop_factor":1},{"name":"arg0_1","role":"input","mem":"hbm","elems":262144,"broadcast":false,"dims":[2,2048,64],"logical":[2048,128],"loop_factor":1},{"name":"arg1_1","role":"input","mem":"hbm","elems":262144,"broadcast":false,"dims":[32,128,64],"logical":[128,2048],"loop_factor":1}],"reduction_cores":1,"loop_trip":1,"tiles_output_dim":false,"tile_rows_per_core":0.0,"is_matmul":true,"matmul_macs":536870912,"matmul_rows_per_core":512.0,"matmul_cols_per_core":256.0,"matmul_a_bytes":524288,"matmul_b_bytes":524288,"matmul_m_split":4,"matmul_n_split":8,"hbm_pattern":""}]
SUMMARY op=mmwd rows=2048 cols=128 cores=32 tiles=0 lx=1 io_hbm_bytes=9437184 kernel_us=73.455 pred_us=80.026 err_pct=+8.9 bw_gbps=128.5 memset_us=162.904 other_dev_us=589.785 total_dev_us=826.144
-- mmwd M=2048 K=256 N=2048 split m=4 n=8 k=1 (cores=32 M/m=512 N/n=256)
  op_it_space_splits={d0: 4, d1: 8, d2: 1}
  op_it_space_splits={d0: 4, d1: 8, d2: 1}
  op_it_space_splits={d0: 4, d1: 8, d2: 1}
  op_it_space_splits={d0: 4, d1: 8, d2: 1}
  op_it_space_splits={d0: 4, d1: 8, d2: 1}
  op_it_space_splits={d0: 4, d1: 8, d2: 1}
IO -- device-layout I/O (cost model, stick-padded) --
IO   op mm [reduction]
IO     output op0                    torch [2048, 2048] -> device [32, 2048, 64] in HBM = 4194304 elems x 2B = 8388608 B  (hbm counted: 8388608 B)
IO     input  arg0_1                 torch [2048, 256] -> device [4, 2048, 64] in HBM = 524288 elems x 2B = 1048576 B  (hbm counted: 1048576 B)
IO     input  arg1_1                 torch [256, 2048] -> device [32, 256, 64] in HBM = 524288 elems x 2B = 1048576 B  (hbm counted: 1048576 B)
IO   => HBM I/O total = 10485760 B  (lx 0 B, ~free)
MODEL -- estimate (turnaround): T = compute + (R+W)/BW_PEAK + a*min(R,W) --
MODEL   R=2097152 B (read)   W=8388608 B (write)   loop_trip L=1
MODEL   compute = MACs/cores/(mac_peak*pt_eff) = 1073741824/32/(1140*1.000) = 29.43 us  (M/m=512, pt_eff=1.000)
MODEL   base = R/150+W/150 = 69.91 us
MODEL   turn = a*min(R,W) = 0.00574*2097152 = 12.04 us
MODEL   => T_model = 104.13 us
MODEL FEATS [{"name":"mm","is_reduction":true,"out_elems":4194304,"cores":32,"dtype_bytes":2,"args":[{"name":"op0","role":"output","mem":"hbm","elems":4194304,"broadcast":false,"dims":[32,2048,64],"logical":[2048,2048],"loop_factor":1},{"name":"arg0_1","role":"input","mem":"hbm","elems":524288,"broadcast":false,"dims":[4,2048,64],"logical":[2048,256],"loop_factor":1},{"name":"arg1_1","role":"input","mem":"hbm","elems":524288,"broadcast":false,"dims":[32,256,64],"logical":[256,2048],"loop_factor":1}],"reduction_cores":1,"loop_trip":1,"tiles_output_dim":false,"tile_rows_per_core":0.0,"is_matmul":true,"matmul_macs":1073741824,"matmul_rows_per_core":512.0,"matmul_cols_per_core":256.0,"matmul_a_bytes":1048576,"matmul_b_bytes":1048576,"matmul_m_split":4,"matmul_n_split":8,"hbm_pattern":""}]
SUMMARY op=mmwd rows=2048 cols=256 cores=32 tiles=0 lx=1 io_hbm_bytes=10485760 kernel_us=99.266 pred_us=104.128 err_pct=+4.9 bw_gbps=105.6 memset_us=260.484 other_dev_us=383.126 total_dev_us=742.876
-- mmwd M=2048 K=512 N=2048 split m=4 n=8 k=1 (cores=32 M/m=512 N/n=256)
  op_it_space_splits={d0: 4, d1: 8, d2: 1}
  op_it_space_splits={d0: 4, d1: 8, d2: 1}
  op_it_space_splits={d0: 4, d1: 8, d2: 1}
  op_it_space_splits={d0: 4, d1: 8, d2: 1}
  op_it_space_splits={d0: 4, d1: 8, d2: 1}
  op_it_space_splits={d0: 4, d1: 8, d2: 1}
IO -- device-layout I/O (cost model, stick-padded) --
IO   op mm [reduction]
IO     output op0                    torch [2048, 2048] -> device [32, 2048, 64] in HBM = 4194304 elems x 2B = 8388608 B  (hbm counted: 8388608 B)
IO     input  arg0_1                 torch [2048, 512] -> device [8, 2048, 64] in HBM = 1048576 elems x 2B = 2097152 B  (hbm counted: 2097152 B)
IO     input  arg1_1                 torch [512, 2048] -> device [32, 512, 64] in HBM = 1048576 elems x 2B = 2097152 B  (hbm counted: 2097152 B)
IO   => HBM I/O total = 12582912 B  (lx 0 B, ~free)
MODEL -- estimate (turnaround): T = compute + (R+W)/BW_PEAK + a*min(R,W) --
MODEL   R=4194304 B (read)   W=8388608 B (write)   loop_trip L=1
MODEL   compute = MACs/cores/(mac_peak*pt_eff) = 2147483648/32/(1140*1.000) = 58.87 us  (M/m=512, pt_eff=1.000)
MODEL   base = R/150+W/150 = 83.89 us
MODEL   turn = a*min(R,W) = 0.00574*4194304 = 24.08 us
MODEL   => T_model = 152.33 us
MODEL FEATS [{"name":"mm","is_reduction":true,"out_elems":4194304,"cores":32,"dtype_bytes":2,"args":[{"name":"op0","role":"output","mem":"hbm","elems":4194304,"broadcast":false,"dims":[32,2048,64],"logical":[2048,2048],"loop_factor":1},{"name":"arg0_1","role":"input","mem":"hbm","elems":1048576,"broadcast":false,"dims":[8,2048,64],"logical":[2048,512],"loop_factor":1},{"name":"arg1_1","role":"input","mem":"hbm","elems":1048576,"broadcast":false,"dims":[32,512,64],"logical":[512,2048],"loop_factor":1}],"reduction_cores":1,"loop_trip":1,"tiles_output_dim":false,"tile_rows_per_core":0.0,"is_matmul":true,"matmul_macs":2147483648,"matmul_rows_per_core":512.0,"matmul_cols_per_core":256.0,"matmul_a_bytes":2097152,"matmul_b_bytes":2097152,"matmul_m_split":4,"matmul_n_split":8,"hbm_pattern":""}]
SUMMARY op=mmwd rows=2048 cols=512 cores=32 tiles=0 lx=1 io_hbm_bytes=12582912 kernel_us=141.986 pred_us=152.333 err_pct=+7.3 bw_gbps=88.6 memset_us=253.562 other_dev_us=395.317 total_dev_us=790.865
-- mmwd M=4096 K=16 N=4096 split m=4 n=8 k=1 (cores=32 M/m=1024 N/n=512)
  op_it_space_splits={d0: 32, d1: 1}
  op_it_space_splits={d0: 1, d1: 32}
  op_it_space_splits={d0: 4, d1: 8, d2: 1}
  op_it_space_splits={d0: 32, d1: 1}
  op_it_space_splits={d0: 1, d1: 32}
  op_it_space_splits={d0: 4, d1: 8, d2: 1}
  op_it_space_splits={d0: 32, d1: 1}
  op_it_space_splits={d0: 1, d1: 32}
  op_it_space_splits={d0: 4, d1: 8, d2: 1}
  op_it_space_splits={d0: 32, d1: 1}
  op_it_space_splits={d0: 1, d1: 32}
  op_it_space_splits={d0: 4, d1: 8, d2: 1}
  op_it_space_splits={d0: 32, d1: 1}
  op_it_space_splits={d0: 1, d1: 32}
  op_it_space_splits={d0: 4, d1: 8, d2: 1}
  op_it_space_splits={d0: 32, d1: 1}
  op_it_space_splits={d0: 1, d1: 32}
  op_it_space_splits={d0: 4, d1: 8, d2: 1}
IO -- device-layout I/O (cost model, stick-padded) --
IO   op constant_pad_nd_default
IO     output op1                    torch [64, 4096] -> device [64, 64, 64] in HBM = 262144 elems x 2B = 524288 B  (hbm counted: 524288 B)
IO   op Pointwise
IO     output op3                    torch [64, 4096] -> device [64, 4096] in HBM = 262144 elems x 2B = 524288 B  (hbm counted: 524288 B)
IO     input  buf2                   device [1, 64] in HBM = 64 elems x 2B = 128 B  (hbm counted: 128 B) broadcast (loaded once)
IO   op Pointwise
IO     output op4                    torch [16, 4096] -> device [16, 4096] in HBM = 65536 elems x 2B = 131072 B  (hbm counted: 131072 B)
IO     input  arg1_1                 torch [16, 4096] -> device [64, 16, 64] in HBM = 65536 elems x 2B = 131072 B  (hbm counted: 131072 B)
IO   op mm [reduction]
IO     output op0                    torch [4096, 4096] -> device [64, 4096, 64] in HBM = 16777216 elems x 2B = 33554432 B  (hbm counted: 33554432 B)
IO     input  arg0_1                 torch [4096, 16] -> device [1, 4096, 64] in HBM = 262144 elems x 2B = 524288 B  (hbm counted: 524288 B)
IO     input  arg1_1                 torch [16, 4096] -> device [64, 16, 64] in HBM = 65536 elems x 2B = 131072 B  (hbm counted: 131072 B)
IO     input  buf1                   torch [64, 4096] -> device [64, 64, 64] in HBM = 262144 elems x 2B = 524288 B  (hbm counted: 524288 B)
IO   => HBM I/O total = 36044928 B  (lx 0 B, ~free)
MODEL -- estimate (turnaround): T = compute + (R+W)/BW_PEAK + a*min(R,W) --
MODEL   R=1179776 B (read)   W=34734080 B (write)   loop_trip L=1
MODEL   compute = MACs/cores/(mac_peak*pt_eff) = 268435456/32/(1140*1.000) = 7.36 us  (M/m=1024, pt_eff=1.000)
MODEL   base = R/150+W/150 = 239.43 us
MODEL   turn = a*min(R,W) = 0.00574*1179776 = 6.77 us
MODEL   => T_model = 252.63 us
MODEL FEATS [{"name":"constant_pad_nd_default","is_reduction":false,"out_elems":262144,"cores":1,"dtype_bytes":2,"args":[{"name":"op1","role":"output","mem":"hbm","elems":262144,"broadcast":false,"dims":[64,64,64],"logical":[64,4096],"loop_factor":1}],"reduction_cores":1,"loop_trip":1,"tiles_output_dim":false,"tile_rows_per_core":0.0,"is_matmul":false,"matmul_macs":0,"matmul_rows_per_core":0.0,"matmul_cols_per_core":0.0,"matmul_a_bytes":0,"matmul_b_bytes":0,"matmul_m_split":1,"matmul_n_split":1,"hbm_pattern":""},{"name":"Pointwise","is_reduction":false,"out_elems":262144,"cores":32,"dtype_bytes":2,"args":[{"name":"op3","role":"output","mem":"hbm","elems":262144,"broadcast":false,"dims":[64,4096],"logical":[64,4096],"loop_factor":1},{"name":"buf2","role":"input","mem":"hbm","elems":64,"broadcast":true,"dims":[1,64],"logical":[],"loop_factor":1}],"reduction_cores":1,"loop_trip":1,"tiles_output_dim":false,"tile_rows_per_core":0.0,"is_matmul":false,"matmul_macs":0,"matmul_rows_per_core":0.0,"matmul_cols_per_core":0.0,"matmul_a_bytes":0,"matmul_b_bytes":0,"matmul_m_split":1,"matmul_n_split":1,"hbm_pattern":""},{"name":"Pointwise","is_reduction":false,"out_elems":65536,"cores":32,"dtype_bytes":2,"args":[{"name":"op4","role":"output","mem":"hbm","elems":65536,"broadcast":false,"dims":[16,4096],"logical":[16,4096],"loop_factor":1},{"name":"arg1_1","role":"input","mem":"hbm","elems":65536,"broadcast":false,"dims":[64,16,64],"logical":[16,4096],"loop_factor":1}],"reduction_cores":1,"loop_trip":1,"tiles_output_dim":false,"tile_rows_per_core":0.0,"is_matmul":false,"matmul_macs":0,"matmul_rows_per_core":0.0,"matmul_cols_per_core":0.0,"matmul_a_bytes":0,"matmul_b_bytes":0,"matmul_m_split":1,"matmul_n_split":1,"hbm_pattern":""},{"name":"mm","is_reduction":true,"out_elems":16777216,"cores":32,"dtype_bytes":2,"args":[{"name":"op0","role":"output","mem":"hbm","elems":16777216,"broadcast":false,"dims":[64,4096,64],"logical":[4096,4096],"loop_factor":1},{"name":"arg0_1","role":"input","mem":"hbm","elems":262144,"broadcast":false,"dims":[1,4096,64],"logical":[4096,16],"loop_factor":1},{"name":"arg1_1","role":"input","mem":"hbm","elems":65536,"broadcast":false,"dims":[64,16,64],"logical":[16,4096],"loop_factor":1},{"name":"buf1","role":"input","mem":"hbm","elems":262144,"broadcast":false,"dims":[64,64,64],"logical":[64,4096],"loop_factor":1}],"reduction_cores":1,"loop_trip":1,"tiles_output_dim":false,"tile_rows_per_core":0.0,"is_matmul":true,"matmul_macs":268435456,"matmul_rows_per_core":1024.0,"matmul_cols_per_core":512.0,"matmul_a_bytes":131072,"matmul_b_bytes":131072,"matmul_m_split":4,"matmul_n_split":8,"hbm_pattern":""}]
SUMMARY op=mmwd rows=4096 cols=16 cores=32 tiles=0 lx=1 io_hbm_bytes=36044928 kernel_us=256.071 pred_us=252.629 err_pct=-1.3 bw_gbps=140.8 memset_us=423.523 other_dev_us=2245.054 total_dev_us=2924.648
-- mmwd M=4096 K=32 N=4096 split m=4 n=8 k=1 (cores=32 M/m=1024 N/n=512)
  op_it_space_splits={d0: 32, d1: 1}
  op_it_space_splits={d0: 1, d1: 32}
  op_it_space_splits={d0: 4, d1: 8, d2: 1}
  op_it_space_splits={d0: 32, d1: 1}
  op_it_space_splits={d0: 1, d1: 32}
  op_it_space_splits={d0: 4, d1: 8, d2: 1}
  op_it_space_splits={d0: 32, d1: 1}
  op_it_space_splits={d0: 1, d1: 32}
  op_it_space_splits={d0: 4, d1: 8, d2: 1}
  op_it_space_splits={d0: 32, d1: 1}
  op_it_space_splits={d0: 1, d1: 32}
  op_it_space_splits={d0: 4, d1: 8, d2: 1}
  op_it_space_splits={d0: 32, d1: 1}
  op_it_space_splits={d0: 1, d1: 32}
  op_it_space_splits={d0: 4, d1: 8, d2: 1}
  op_it_space_splits={d0: 32, d1: 1}
  op_it_space_splits={d0: 1, d1: 32}
  op_it_space_splits={d0: 4, d1: 8, d2: 1}
IO -- device-layout I/O (cost model, stick-padded) --
IO   op constant_pad_nd_default
IO     output op1                    torch [64, 4096] -> device [64, 64, 64] in HBM = 262144 elems x 2B = 524288 B  (hbm counted: 524288 B)
IO   op Pointwise
IO     output op3                    torch [64, 4096] -> device [64, 4096] in HBM = 262144 elems x 2B = 524288 B  (hbm counted: 524288 B)
IO     input  buf2                   device [1, 64] in HBM = 64 elems x 2B = 128 B  (hbm counted: 128 B) broadcast (loaded once)
IO   op Pointwise
IO     output op4                    torch [32, 4096] -> device [32, 4096] in HBM = 131072 elems x 2B = 262144 B  (hbm counted: 262144 B)
IO     input  arg1_1                 torch [32, 4096] -> device [64, 32, 64] in HBM = 131072 elems x 2B = 262144 B  (hbm counted: 262144 B)
IO   op mm [reduction]
IO     output op0                    torch [4096, 4096] -> device [64, 4096, 64] in HBM = 16777216 elems x 2B = 33554432 B  (hbm counted: 33554432 B)
IO     input  arg0_1                 torch [4096, 32] -> device [1, 4096, 64] in HBM = 262144 elems x 2B = 524288 B  (hbm counted: 524288 B)
IO     input  arg1_1                 torch [32, 4096] -> device [64, 32, 64] in HBM = 131072 elems x 2B = 262144 B  (hbm counted: 262144 B)
IO     input  buf1                   torch [64, 4096] -> device [64, 64, 64] in HBM = 262144 elems x 2B = 524288 B  (hbm counted: 524288 B)
IO   => HBM I/O total = 36438144 B  (lx 0 B, ~free)
MODEL -- estimate (turnaround): T = compute + (R+W)/BW_PEAK + a*min(R,W) --
MODEL   R=1310848 B (read)   W=34865152 B (write)   loop_trip L=1
MODEL   compute = MACs/cores/(mac_peak*pt_eff) = 536870912/32/(1140*1.000) = 14.72 us  (M/m=1024, pt_eff=1.000)
MODEL   base = R/150+W/150 = 241.17 us
MODEL   turn = a*min(R,W) = 0.00574*1310848 = 7.52 us
MODEL   => T_model = 261.46 us
MODEL FEATS [{"name":"constant_pad_nd_default","is_reduction":false,"out_elems":262144,"cores":1,"dtype_bytes":2,"args":[{"name":"op1","role":"output","mem":"hbm","elems":262144,"broadcast":false,"dims":[64,64,64],"logical":[64,4096],"loop_factor":1}],"reduction_cores":1,"loop_trip":1,"tiles_output_dim":false,"tile_rows_per_core":0.0,"is_matmul":false,"matmul_macs":0,"matmul_rows_per_core":0.0,"matmul_cols_per_core":0.0,"matmul_a_bytes":0,"matmul_b_bytes":0,"matmul_m_split":1,"matmul_n_split":1,"hbm_pattern":""},{"name":"Pointwise","is_reduction":false,"out_elems":262144,"cores":32,"dtype_bytes":2,"args":[{"name":"op3","role":"output","mem":"hbm","elems":262144,"broadcast":false,"dims":[64,4096],"logical":[64,4096],"loop_factor":1},{"name":"buf2","role":"input","mem":"hbm","elems":64,"broadcast":true,"dims":[1,64],"logical":[],"loop_factor":1}],"reduction_cores":1,"loop_trip":1,"tiles_output_dim":false,"tile_rows_per_core":0.0,"is_matmul":false,"matmul_macs":0,"matmul_rows_per_core":0.0,"matmul_cols_per_core":0.0,"matmul_a_bytes":0,"matmul_b_bytes":0,"matmul_m_split":1,"matmul_n_split":1,"hbm_pattern":""},{"name":"Pointwise","is_reduction":false,"out_elems":131072,"cores":32,"dtype_bytes":2,"args":[{"name":"op4","role":"output","mem":"hbm","elems":131072,"broadcast":false,"dims":[32,4096],"logical":[32,4096],"loop_factor":1},{"name":"arg1_1","role":"input","mem":"hbm","elems":131072,"broadcast":false,"dims":[64,32,64],"logical":[32,4096],"loop_factor":1}],"reduction_cores":1,"loop_trip":1,"tiles_output_dim":false,"tile_rows_per_core":0.0,"is_matmul":false,"matmul_macs":0,"matmul_rows_per_core":0.0,"matmul_cols_per_core":0.0,"matmul_a_bytes":0,"matmul_b_bytes":0,"matmul_m_split":1,"matmul_n_split":1,"hbm_pattern":""},{"name":"mm","is_reduction":true,"out_elems":16777216,"cores":32,"dtype_bytes":2,"args":[{"name":"op0","role":"output","mem":"hbm","elems":16777216,"broadcast":false,"dims":[64,4096,64],"logical":[4096,4096],"loop_factor":1},{"name":"arg0_1","role":"input","mem":"hbm","elems":262144,"broadcast":false,"dims":[1,4096,64],"logical":[4096,32],"loop_factor":1},{"name":"arg1_1","role":"input","mem":"hbm","elems":131072,"broadcast":false,"dims":[64,32,64],"logical":[32,4096],"loop_factor":1},{"name":"buf1","role":"input","mem":"hbm","elems":262144,"broadcast":false,"dims":[64,64,64],"logical":[64,4096],"loop_factor":1}],"reduction_cores":1,"loop_trip":1,"tiles_output_dim":false,"tile_rows_per_core":0.0,"is_matmul":true,"matmul_macs":536870912,"matmul_rows_per_core":1024.0,"matmul_cols_per_core":512.0,"matmul_a_bytes":262144,"matmul_b_bytes":262144,"matmul_m_split":4,"matmul_n_split":8,"hbm_pattern":""}]
SUMMARY op=mmwd rows=4096 cols=32 cores=32 tiles=0 lx=1 io_hbm_bytes=36438144 kernel_us=257.362 pred_us=261.462 err_pct=+1.6 bw_gbps=141.6 memset_us=492.682 other_dev_us=2156.724 total_dev_us=2906.768
-- mmwd M=4096 K=64 N=4096 split m=4 n=8 k=1 (cores=32 M/m=1024 N/n=512)
  op_it_space_splits={d0: 4, d1: 8, d2: 1}
  op_it_space_splits={d0: 4, d1: 8, d2: 1}
  op_it_space_splits={d0: 4, d1: 8, d2: 1}
  op_it_space_splits={d0: 4, d1: 8, d2: 1}
  op_it_space_splits={d0: 4, d1: 8, d2: 1}
  op_it_space_splits={d0: 4, d1: 8, d2: 1}
IO -- device-layout I/O (cost model, stick-padded) --
IO   op mm [reduction]
IO     output op0                    torch [4096, 4096] -> device [64, 4096, 64] in HBM = 16777216 elems x 2B = 33554432 B  (hbm counted: 33554432 B)
IO     input  arg0_1                 torch [4096, 64] -> device [1, 4096, 64] in HBM = 262144 elems x 2B = 524288 B  (hbm counted: 524288 B)
IO     input  arg1_1                 torch [64, 4096] -> device [64, 64, 64] in HBM = 262144 elems x 2B = 524288 B  (hbm counted: 524288 B)
IO   => HBM I/O total = 34603008 B  (lx 0 B, ~free)
MODEL -- estimate (turnaround): T = compute + (R+W)/BW_PEAK + a*min(R,W) --
MODEL   R=1048576 B (read)   W=33554432 B (write)   loop_trip L=1
MODEL   compute = MACs/cores/(mac_peak*pt_eff) = 1073741824/32/(1140*1.000) = 29.43 us  (M/m=1024, pt_eff=1.000)
MODEL   base = R/150+W/150 = 230.69 us
MODEL   turn = a*min(R,W) = 0.00574*1048576 = 6.02 us
MODEL   => T_model = 262.04 us
MODEL FEATS [{"name":"mm","is_reduction":true,"out_elems":16777216,"cores":32,"dtype_bytes":2,"args":[{"name":"op0","role":"output","mem":"hbm","elems":16777216,"broadcast":false,"dims":[64,4096,64],"logical":[4096,4096],"loop_factor":1},{"name":"arg0_1","role":"input","mem":"hbm","elems":262144,"broadcast":false,"dims":[1,4096,64],"logical":[4096,64],"loop_factor":1},{"name":"arg1_1","role":"input","mem":"hbm","elems":262144,"broadcast":false,"dims":[64,64,64],"logical":[64,4096],"loop_factor":1}],"reduction_cores":1,"loop_trip":1,"tiles_output_dim":false,"tile_rows_per_core":0.0,"is_matmul":true,"matmul_macs":1073741824,"matmul_rows_per_core":1024.0,"matmul_cols_per_core":512.0,"matmul_a_bytes":524288,"matmul_b_bytes":524288,"matmul_m_split":4,"matmul_n_split":8,"hbm_pattern":""}]
SUMMARY op=mmwd rows=4096 cols=64 cores=32 tiles=0 lx=1 io_hbm_bytes=34603008 kernel_us=246.994 pred_us=262.037 err_pct=+6.1 bw_gbps=140.1 memset_us=471.410 other_dev_us=2293.960 total_dev_us=3012.364
-- mmwd M=4096 K=128 N=4096 split m=4 n=8 k=1 (cores=32 M/m=1024 N/n=512)
  op_it_space_splits={d0: 4, d1: 8, d2: 1}
  op_it_space_splits={d0: 4, d1: 8, d2: 1}
  op_it_space_splits={d0: 4, d1: 8, d2: 1}
  op_it_space_splits={d0: 4, d1: 8, d2: 1}
  op_it_space_splits={d0: 4, d1: 8, d2: 1}
  op_it_space_splits={d0: 4, d1: 8, d2: 1}
IO -- device-layout I/O (cost model, stick-padded) --
IO   op mm [reduction]
IO     output op0                    torch [4096, 4096] -> device [64, 4096, 64] in HBM = 16777216 elems x 2B = 33554432 B  (hbm counted: 33554432 B)
IO     input  arg0_1                 torch [4096, 128] -> device [2, 4096, 64] in HBM = 524288 elems x 2B = 1048576 B  (hbm counted: 1048576 B)
IO     input  arg1_1                 torch [128, 4096] -> device [64, 128, 64] in HBM = 524288 elems x 2B = 1048576 B  (hbm counted: 1048576 B)
IO   => HBM I/O total = 35651584 B  (lx 0 B, ~free)
MODEL -- estimate (turnaround): T = compute + (R+W)/BW_PEAK + a*min(R,W) --
MODEL   R=2097152 B (read)   W=33554432 B (write)   loop_trip L=1
MODEL   compute = MACs/cores/(mac_peak*pt_eff) = 2147483648/32/(1140*1.000) = 58.87 us  (M/m=1024, pt_eff=1.000)
MODEL   base = R/150+W/150 = 237.68 us
MODEL   turn = a*min(R,W) = 0.00574*2097152 = 12.04 us
MODEL   => T_model = 300.38 us
MODEL FEATS [{"name":"mm","is_reduction":true,"out_elems":16777216,"cores":32,"dtype_bytes":2,"args":[{"name":"op0","role":"output","mem":"hbm","elems":16777216,"broadcast":false,"dims":[64,4096,64],"logical":[4096,4096],"loop_factor":1},{"name":"arg0_1","role":"input","mem":"hbm","elems":524288,"broadcast":false,"dims":[2,4096,64],"logical":[4096,128],"loop_factor":1},{"name":"arg1_1","role":"input","mem":"hbm","elems":524288,"broadcast":false,"dims":[64,128,64],"logical":[128,4096],"loop_factor":1}],"reduction_cores":1,"loop_trip":1,"tiles_output_dim":false,"tile_rows_per_core":0.0,"is_matmul":true,"matmul_macs":2147483648,"matmul_rows_per_core":1024.0,"matmul_cols_per_core":512.0,"matmul_a_bytes":1048576,"matmul_b_bytes":1048576,"matmul_m_split":4,"matmul_n_split":8,"hbm_pattern":""}]
SUMMARY op=mmwd rows=4096 cols=128 cores=32 tiles=0 lx=1 io_hbm_bytes=35651584 kernel_us=313.291 pred_us=300.378 err_pct=-4.1 bw_gbps=113.8 memset_us=486.042 other_dev_us=2203.980 total_dev_us=3003.313
-- mmwd M=4096 K=256 N=4096 split m=4 n=8 k=1 (cores=32 M/m=1024 N/n=512)
  op_it_space_splits={d0: 4, d1: 8, d2: 1}
  op_it_space_splits={d0: 4, d1: 8, d2: 1}
  op_it_space_splits={d0: 4, d1: 8, d2: 1}
  op_it_space_splits={d0: 4, d1: 8, d2: 1}
  op_it_space_splits={d0: 4, d1: 8, d2: 1}
  op_it_space_splits={d0: 4, d1: 8, d2: 1}
IO -- device-layout I/O (cost model, stick-padded) --
IO   op mm [reduction]
IO     output op0                    torch [4096, 4096] -> device [64, 4096, 64] in HBM = 16777216 elems x 2B = 33554432 B  (hbm counted: 33554432 B)
IO     input  arg0_1                 torch [4096, 256] -> device [4, 4096, 64] in HBM = 1048576 elems x 2B = 2097152 B  (hbm counted: 2097152 B)
IO     input  arg1_1                 torch [256, 4096] -> device [64, 256, 64] in HBM = 1048576 elems x 2B = 2097152 B  (hbm counted: 2097152 B)
IO   => HBM I/O total = 37748736 B  (lx 0 B, ~free)
MODEL -- estimate (turnaround): T = compute + (R+W)/BW_PEAK + a*min(R,W) --
MODEL   R=4194304 B (read)   W=33554432 B (write)   loop_trip L=1
MODEL   compute = MACs/cores/(mac_peak*pt_eff) = 4294967296/32/(1140*1.000) = 117.73 us  (M/m=1024, pt_eff=1.000)
MODEL   base = R/150+W/150 = 251.66 us
MODEL   turn = a*min(R,W) = 0.00574*4194304 = 24.08 us
MODEL   => T_model = 377.06 us
MODEL FEATS [{"name":"mm","is_reduction":true,"out_elems":16777216,"cores":32,"dtype_bytes":2,"args":[{"name":"op0","role":"output","mem":"hbm","elems":16777216,"broadcast":false,"dims":[64,4096,64],"logical":[4096,4096],"loop_factor":1},{"name":"arg0_1","role":"input","mem":"hbm","elems":1048576,"broadcast":false,"dims":[4,4096,64],"logical":[4096,256],"loop_factor":1},{"name":"arg1_1","role":"input","mem":"hbm","elems":1048576,"broadcast":false,"dims":[64,256,64],"logical":[256,4096],"loop_factor":1}],"reduction_cores":1,"loop_trip":1,"tiles_output_dim":false,"tile_rows_per_core":0.0,"is_matmul":true,"matmul_macs":4294967296,"matmul_rows_per_core":1024.0,"matmul_cols_per_core":512.0,"matmul_a_bytes":2097152,"matmul_b_bytes":2097152,"matmul_m_split":4,"matmul_n_split":8,"hbm_pattern":""}]
SUMMARY op=mmwd rows=4096 cols=256 cores=32 tiles=0 lx=1 io_hbm_bytes=37748736 kernel_us=435.123 pred_us=377.059 err_pct=-13.3 bw_gbps=86.8 memset_us=477.537 other_dev_us=2257.628 total_dev_us=3170.288
-- mmwd M=4096 K=512 N=4096 split m=4 n=8 k=1 (cores=32 M/m=1024 N/n=512)
  op_it_space_splits={d0: 4, d1: 8, d2: 1}
  op_it_space_splits={d0: 4, d1: 8, d2: 1}
  op_it_space_splits={d0: 4, d1: 8, d2: 1}
  op_it_space_splits={d0: 4, d1: 8, d2: 1}
  op_it_space_splits={d0: 4, d1: 8, d2: 1}
  op_it_space_splits={d0: 4, d1: 8, d2: 1}
IO -- device-layout I/O (cost model, stick-padded) --
IO   op mm [reduction]
IO     output op0                    torch [4096, 4096] -> device [64, 4096, 64] in HBM = 16777216 elems x 2B = 33554432 B  (hbm counted: 33554432 B)
IO     input  arg0_1                 torch [4096, 512] -> device [8, 4096, 64] in HBM = 2097152 elems x 2B = 4194304 B  (hbm counted: 4194304 B)
IO     input  arg1_1                 torch [512, 4096] -> device [64, 512, 64] in HBM = 2097152 elems x 2B = 4194304 B  (hbm counted: 4194304 B)
IO   => HBM I/O total = 41943040 B  (lx 0 B, ~free)
MODEL -- estimate (turnaround): T = compute + (R+W)/BW_PEAK + a*min(R,W) --
MODEL   R=8388608 B (read)   W=33554432 B (write)   loop_trip L=1
MODEL   compute = MACs/cores/(mac_peak*pt_eff) = 8589934592/32/(1140*1.000) = 235.47 us  (M/m=1024, pt_eff=1.000)
MODEL   base = R/150+W/150 = 279.62 us
MODEL   turn = a*min(R,W) = 0.00574*8388608 = 48.15 us
MODEL   => T_model = 530.42 us
MODEL FEATS [{"name":"mm","is_reduction":true,"out_elems":16777216,"cores":32,"dtype_bytes":2,"args":[{"name":"op0","role":"output","mem":"hbm","elems":16777216,"broadcast":false,"dims":[64,4096,64],"logical":[4096,4096],"loop_factor":1},{"name":"arg0_1","role":"input","mem":"hbm","elems":2097152,"broadcast":false,"dims":[8,4096,64],"logical":[4096,512],"loop_factor":1},{"name":"arg1_1","role":"input","mem":"hbm","elems":2097152,"broadcast":false,"dims":[64,512,64],"logical":[512,4096],"loop_factor":1}],"reduction_cores":1,"loop_trip":1,"tiles_output_dim":false,"tile_rows_per_core":0.0,"is_matmul":true,"matmul_macs":8589934592,"matmul_rows_per_core":1024.0,"matmul_cols_per_core":512.0,"matmul_a_bytes":4194304,"matmul_b_bytes":4194304,"matmul_m_split":4,"matmul_n_split":8,"hbm_pattern":""}]
SUMMARY op=mmwd rows=4096 cols=512 cores=32 tiles=0 lx=1 io_hbm_bytes=41943040 kernel_us=661.545 pred_us=530.422 err_pct=-19.8 bw_gbps=63.4 memset_us=500.379 other_dev_us=2361.558 total_dev_us=3523.482
## TINY M=N in {128..2048} at K=2048, balanced 4x8
-- mmwd M=128 K=2048 N=128 split m=4 n=8 k=1 (cores=32 M/m=32 N/n=16)
SUMMARY op=mmwd rows=128 cols=2048 tiles=0 lx=1 FAILED reason=InductorError: Unsupported: Spyre backend does not support: work_division_hint: buf0 dim d1 size=2 is not evenly divisible by split=8.
-- mmwd M=256 K=2048 N=256 split m=4 n=8 k=1 (cores=32 M/m=64 N/n=32)
SUMMARY op=mmwd rows=256 cols=2048 tiles=0 lx=1 FAILED reason=InductorError: Unsupported: Spyre backend does not support: work_division_hint: buf0 dim d1 size=4 is not evenly divisible by split=8.
-- mmwd M=512 K=2048 N=512 split m=4 n=8 k=1 (cores=32 M/m=128 N/n=64)
  op_it_space_splits={d0: 4, d1: 8, d2: 1}
  op_it_space_splits={d0: 4, d1: 8, d2: 1}
  op_it_space_splits={d0: 4, d1: 8, d2: 1}
  op_it_space_splits={d0: 4, d1: 8, d2: 1}
  op_it_space_splits={d0: 4, d1: 8, d2: 1}
  op_it_space_splits={d0: 4, d1: 8, d2: 1}
IO -- device-layout I/O (cost model, stick-padded) --
IO   op mm [reduction]
IO     output op0                    torch [512, 512] -> device [8, 512, 64] in HBM = 262144 elems x 2B = 524288 B  (hbm counted: 524288 B)
IO     input  arg0_1                 torch [512, 2048] -> device [32, 512, 64] in HBM = 1048576 elems x 2B = 2097152 B  (hbm counted: 2097152 B)
IO     input  arg1_1                 torch [2048, 512] -> device [8, 2048, 64] in HBM = 1048576 elems x 2B = 2097152 B  (hbm counted: 2097152 B)
IO   => HBM I/O total = 4718592 B  (lx 0 B, ~free)
MODEL -- estimate (turnaround): T = compute + (R+W)/BW_PEAK + a*min(R,W) --
MODEL   R=4194304 B (read)   W=524288 B (write)   loop_trip L=1
MODEL   compute = MACs/cores/(mac_peak*pt_eff) = 536870912/32/(1140*1.000) = 14.72 us  (M/m=128, pt_eff=1.000)
MODEL   base = R/150+W/150 = 31.46 us
MODEL   turn = a*min(R,W) = 0.00574*524288 = 3.01 us
MODEL   => T_model = 42.41 us
MODEL FEATS [{"name":"mm","is_reduction":true,"out_elems":262144,"cores":32,"dtype_bytes":2,"args":[{"name":"op0","role":"output","mem":"hbm","elems":262144,"broadcast":false,"dims":[8,512,64],"logical":[512,512],"loop_factor":1},{"name":"arg0_1","role":"input","mem":"hbm","elems":1048576,"broadcast":false,"dims":[32,512,64],"logical":[512,2048],"loop_factor":1},{"name":"arg1_1","role":"input","mem":"hbm","elems":1048576,"broadcast":false,"dims":[8,2048,64],"logical":[2048,512],"loop_factor":1}],"reduction_cores":1,"loop_trip":1,"tiles_output_dim":false,"tile_rows_per_core":0.0,"is_matmul":true,"matmul_macs":536870912,"matmul_rows_per_core":128.0,"matmul_cols_per_core":64.0,"matmul_a_bytes":2097152,"matmul_b_bytes":2097152,"matmul_m_split":4,"matmul_n_split":8,"hbm_pattern":""}]
SUMMARY op=mmwd rows=512 cols=2048 cores=32 tiles=0 lx=1 io_hbm_bytes=4718592 kernel_us=34.500 pred_us=42.414 err_pct=+22.9 bw_gbps=136.8 memset_us=93.836 other_dev_us=261.725 total_dev_us=390.061
-- mmwd M=1024 K=2048 N=1024 split m=4 n=8 k=1 (cores=32 M/m=256 N/n=128)
  op_it_space_splits={d0: 4, d1: 8, d2: 1}
  op_it_space_splits={d0: 4, d1: 8, d2: 1}
  op_it_space_splits={d0: 4, d1: 8, d2: 1}
  op_it_space_splits={d0: 4, d1: 8, d2: 1}
  op_it_space_splits={d0: 4, d1: 8, d2: 1}
  op_it_space_splits={d0: 4, d1: 8, d2: 1}
IO -- device-layout I/O (cost model, stick-padded) --
IO   op mm [reduction]
IO     output op0                    torch [1024, 1024] -> device [16, 1024, 64] in HBM = 1048576 elems x 2B = 2097152 B  (hbm counted: 2097152 B)
IO     input  arg0_1                 torch [1024, 2048] -> device [32, 1024, 64] in HBM = 2097152 elems x 2B = 4194304 B  (hbm counted: 4194304 B)
IO     input  arg1_1                 torch [2048, 1024] -> device [16, 2048, 64] in HBM = 2097152 elems x 2B = 4194304 B  (hbm counted: 4194304 B)
IO   => HBM I/O total = 10485760 B  (lx 0 B, ~free)
MODEL -- estimate (turnaround): T = compute + (R+W)/BW_PEAK + a*min(R,W) --
MODEL   R=8388608 B (read)   W=2097152 B (write)   loop_trip L=1
MODEL   compute = MACs/cores/(mac_peak*pt_eff) = 2147483648/32/(1140*1.000) = 58.87 us  (M/m=256, pt_eff=1.000)
MODEL   base = R/150+W/150 = 69.91 us
MODEL   turn = a*min(R,W) = 0.00574*2097152 = 12.04 us
MODEL   => T_model = 113.73 us
MODEL FEATS [{"name":"mm","is_reduction":true,"out_elems":1048576,"cores":32,"dtype_bytes":2,"args":[{"name":"op0","role":"output","mem":"hbm","elems":1048576,"broadcast":false,"dims":[16,1024,64],"logical":[1024,1024],"loop_factor":1},{"name":"arg0_1","role":"input","mem":"hbm","elems":2097152,"broadcast":false,"dims":[32,1024,64],"logical":[1024,2048],"loop_factor":1},{"name":"arg1_1","role":"input","mem":"hbm","elems":2097152,"broadcast":false,"dims":[16,2048,64],"logical":[2048,1024],"loop_factor":1}],"reduction_cores":1,"loop_trip":1,"tiles_output_dim":false,"tile_rows_per_core":0.0,"is_matmul":true,"matmul_macs":2147483648,"matmul_rows_per_core":256.0,"matmul_cols_per_core":128.0,"matmul_a_bytes":4194304,"matmul_b_bytes":4194304,"matmul_m_split":4,"matmul_n_split":8,"hbm_pattern":""}]
SUMMARY op=mmwd rows=1024 cols=2048 cores=32 tiles=0 lx=1 io_hbm_bytes=10485760 kernel_us=105.645 pred_us=113.731 err_pct=+7.7 bw_gbps=99.3 memset_us=143.993 other_dev_us=116.378 total_dev_us=366.016
-- mmwd M=2048 K=2048 N=2048 split m=4 n=8 k=1 (cores=32 M/m=512 N/n=256)
  op_it_space_splits={d0: 4, d1: 8, d2: 1}
  op_it_space_splits={d0: 4, d1: 8, d2: 1}
  op_it_space_splits={d0: 4, d1: 8, d2: 1}
  op_it_space_splits={d0: 4, d1: 8, d2: 1}
  op_it_space_splits={d0: 4, d1: 8, d2: 1}
  op_it_space_splits={d0: 4, d1: 8, d2: 1}
IO -- device-layout I/O (cost model, stick-padded) --
IO   op mm [reduction]
IO     output op0                    torch [2048, 2048] -> device [32, 2048, 64] in HBM = 4194304 elems x 2B = 8388608 B  (hbm counted: 8388608 B)
IO     input  arg0_1                 torch [2048, 2048] -> device [32, 2048, 64] in HBM = 4194304 elems x 2B = 8388608 B  (hbm counted: 8388608 B)
IO     input  arg1_1                 torch [2048, 2048] -> device [32, 2048, 64] in HBM = 4194304 elems x 2B = 8388608 B  (hbm counted: 8388608 B)
IO   => HBM I/O total = 25165824 B  (lx 0 B, ~free)
MODEL -- estimate (turnaround): T = compute + (R+W)/BW_PEAK + a*min(R,W) --
MODEL   R=16777216 B (read)   W=8388608 B (write)   loop_trip L=1
MODEL   compute = MACs/cores/(mac_peak*pt_eff) = 8589934592/32/(1140*1.000) = 235.47 us  (M/m=512, pt_eff=1.000)
MODEL   base = R/150+W/150 = 167.77 us
MODEL   turn = a*min(R,W) = 0.00574*8388608 = 48.15 us
MODEL   => T_model = 393.41 us
MODEL FEATS [{"name":"mm","is_reduction":true,"out_elems":4194304,"cores":32,"dtype_bytes":2,"args":[{"name":"op0","role":"output","mem":"hbm","elems":4194304,"broadcast":false,"dims":[32,2048,64],"logical":[2048,2048],"loop_factor":1},{"name":"arg0_1","role":"input","mem":"hbm","elems":4194304,"broadcast":false,"dims":[32,2048,64],"logical":[2048,2048],"loop_factor":1},{"name":"arg1_1","role":"input","mem":"hbm","elems":4194304,"broadcast":false,"dims":[32,2048,64],"logical":[2048,2048],"loop_factor":1}],"reduction_cores":1,"loop_trip":1,"tiles_output_dim":false,"tile_rows_per_core":0.0,"is_matmul":true,"matmul_macs":8589934592,"matmul_rows_per_core":512.0,"matmul_cols_per_core":256.0,"matmul_a_bytes":8388608,"matmul_b_bytes":8388608,"matmul_m_split":4,"matmul_n_split":8,"hbm_pattern":""}]
SUMMARY op=mmwd rows=2048 cols=2048 cores=32 tiles=0 lx=1 io_hbm_bytes=25165824 kernel_us=393.173 pred_us=393.408 err_pct=+0.1 bw_gbps=64.0 memset_us=224.435 other_dev_us=374.850 total_dev_us=992.458
-- mmwd M=256 K=4096 N=256 split m=4 n=8 k=1 (cores=32 M/m=64 N/n=32)
SUMMARY op=mmwd rows=256 cols=4096 tiles=0 lx=1 FAILED reason=InductorError: Unsupported: Spyre backend does not support: work_division_hint: buf0 dim d1 size=4 is not evenly divisible by split=8.
-- mmwd M=512 K=4096 N=512 split m=4 n=8 k=1 (cores=32 M/m=128 N/n=64)
  op_it_space_splits={d0: 4, d1: 8, d2: 1}
  op_it_space_splits={d0: 4, d1: 8, d2: 1}
  op_it_space_splits={d0: 4, d1: 8, d2: 1}
  op_it_space_splits={d0: 4, d1: 8, d2: 1}
  op_it_space_splits={d0: 4, d1: 8, d2: 1}
  op_it_space_splits={d0: 4, d1: 8, d2: 1}
IO -- device-layout I/O (cost model, stick-padded) --
IO   op mm [reduction]
IO     output op0                    torch [512, 512] -> device [8, 512, 64] in HBM = 262144 elems x 2B = 524288 B  (hbm counted: 524288 B)
IO     input  arg0_1                 torch [512, 4096] -> device [64, 512, 64] in HBM = 2097152 elems x 2B = 4194304 B  (hbm counted: 4194304 B)
IO     input  arg1_1                 torch [4096, 512] -> device [8, 4096, 64] in HBM = 2097152 elems x 2B = 4194304 B  (hbm counted: 4194304 B)
IO   => HBM I/O total = 8912896 B  (lx 0 B, ~free)
MODEL -- estimate (turnaround): T = compute + (R+W)/BW_PEAK + a*min(R,W) --
MODEL   R=8388608 B (read)   W=524288 B (write)   loop_trip L=1
MODEL   compute = MACs/cores/(mac_peak*pt_eff) = 1073741824/32/(1140*1.000) = 29.43 us  (M/m=128, pt_eff=1.000)
MODEL   base = R/150+W/150 = 59.42 us
MODEL   turn = a*min(R,W) = 0.00574*524288 = 3.01 us
MODEL   => T_model = 78.32 us
MODEL FEATS [{"name":"mm","is_reduction":true,"out_elems":262144,"cores":32,"dtype_bytes":2,"args":[{"name":"op0","role":"output","mem":"hbm","elems":262144,"broadcast":false,"dims":[8,512,64],"logical":[512,512],"loop_factor":1},{"name":"arg0_1","role":"input","mem":"hbm","elems":2097152,"broadcast":false,"dims":[64,512,64],"logical":[512,4096],"loop_factor":1},{"name":"arg1_1","role":"input","mem":"hbm","elems":2097152,"broadcast":false,"dims":[8,4096,64],"logical":[4096,512],"loop_factor":1}],"reduction_cores":1,"loop_trip":1,"tiles_output_dim":false,"tile_rows_per_core":0.0,"is_matmul":true,"matmul_macs":1073741824,"matmul_rows_per_core":128.0,"matmul_cols_per_core":64.0,"matmul_a_bytes":4194304,"matmul_b_bytes":4194304,"matmul_m_split":4,"matmul_n_split":8,"hbm_pattern":""}]
SUMMARY op=mmwd rows=512 cols=4096 cores=32 tiles=0 lx=1 io_hbm_bytes=8912896 kernel_us=60.324 pred_us=78.323 err_pct=+29.8 bw_gbps=147.8 memset_us=85.248 other_dev_us=275.676 total_dev_us=421.248
-- mmwd M=1024 K=4096 N=1024 split m=4 n=8 k=1 (cores=32 M/m=256 N/n=128)
  op_it_space_splits={d0: 4, d1: 8, d2: 1}
  op_it_space_splits={d0: 4, d1: 8, d2: 1}
  op_it_space_splits={d0: 4, d1: 8, d2: 1}
  op_it_space_splits={d0: 4, d1: 8, d2: 1}
  op_it_space_splits={d0: 4, d1: 8, d2: 1}
  op_it_space_splits={d0: 4, d1: 8, d2: 1}
IO -- device-layout I/O (cost model, stick-padded) --
IO   op mm [reduction]
IO     output op0                    torch [1024, 1024] -> device [16, 1024, 64] in HBM = 1048576 elems x 2B = 2097152 B  (hbm counted: 2097152 B)
IO     input  arg0_1                 torch [1024, 4096] -> device [64, 1024, 64] in HBM = 4194304 elems x 2B = 8388608 B  (hbm counted: 8388608 B)
IO     input  arg1_1                 torch [4096, 1024] -> device [16, 4096, 64] in HBM = 4194304 elems x 2B = 8388608 B  (hbm counted: 8388608 B)
IO   => HBM I/O total = 18874368 B  (lx 0 B, ~free)
MODEL -- estimate (turnaround): T = compute + (R+W)/BW_PEAK + a*min(R,W) --
MODEL   R=16777216 B (read)   W=2097152 B (write)   loop_trip L=1
MODEL   compute = MACs/cores/(mac_peak*pt_eff) = 4294967296/32/(1140*1.000) = 117.73 us  (M/m=256, pt_eff=1.000)
MODEL   base = R/150+W/150 = 125.83 us
MODEL   turn = a*min(R,W) = 0.00574*2097152 = 12.04 us
MODEL   => T_model = 201.44 us
MODEL FEATS [{"name":"mm","is_reduction":true,"out_elems":1048576,"cores":32,"dtype_bytes":2,"args":[{"name":"op0","role":"output","mem":"hbm","elems":1048576,"broadcast":false,"dims":[16,1024,64],"logical":[1024,1024],"loop_factor":1},{"name":"arg0_1","role":"input","mem":"hbm","elems":4194304,"broadcast":false,"dims":[64,1024,64],"logical":[1024,4096],"loop_factor":1},{"name":"arg1_1","role":"input","mem":"hbm","elems":4194304,"broadcast":false,"dims":[16,4096,64],"logical":[4096,1024],"loop_factor":1}],"reduction_cores":1,"loop_trip":1,"tiles_output_dim":false,"tile_rows_per_core":0.0,"is_matmul":true,"matmul_macs":4294967296,"matmul_rows_per_core":256.0,"matmul_cols_per_core":128.0,"matmul_a_bytes":8388608,"matmul_b_bytes":8388608,"matmul_m_split":4,"matmul_n_split":8,"hbm_pattern":""}]
SUMMARY op=mmwd rows=1024 cols=4096 cores=32 tiles=0 lx=1 io_hbm_bytes=18874368 kernel_us=192.407 pred_us=201.444 err_pct=+4.7 bw_gbps=98.1 memset_us=132.356 other_dev_us=208.871 total_dev_us=533.634
## MSPLIT {32x1,1x32,16x2,2x16,8x4} at 3 base shapes
-- mmwd M=2048 K=4096 N=2048 split m=32 n=1 k=1 (cores=32 M/m=64 N/n=2048)
  op_it_space_splits={d0: 32, d1: 1, d2: 1}
  op_it_space_splits={d0: 32, d1: 1, d2: 1}
  op_it_space_splits={d0: 32, d1: 1, d2: 1}
  op_it_space_splits={d0: 32, d1: 1, d2: 1}
  op_it_space_splits={d0: 32, d1: 1, d2: 1}
  op_it_space_splits={d0: 32, d1: 1, d2: 1}
IO -- device-layout I/O (cost model, stick-padded) --
IO   op mm [reduction]
IO     output op0                    torch [2048, 2048] -> device [32, 2048, 64] in HBM = 4194304 elems x 2B = 8388608 B  (hbm counted: 8388608 B)
IO     input  arg0_1                 torch [2048, 4096] -> device [64, 2048, 64] in HBM = 8388608 elems x 2B = 16777216 B  (hbm counted: 16777216 B)
IO     input  arg1_1                 torch [4096, 2048] -> device [32, 4096, 64] in HBM = 8388608 elems x 2B = 16777216 B  (hbm counted: 16777216 B)
IO   => HBM I/O total = 41943040 B  (lx 0 B, ~free)
MODEL -- estimate (turnaround): T = compute + (R+W)/BW_PEAK + a*min(R,W) --
MODEL   R=33554432 B (read)   W=8388608 B (write)   loop_trip L=1
MODEL   compute = MACs/cores/(mac_peak*pt_eff) = 17179869184/32/(1140*1.000) = 470.94 us  (M/m=64, pt_eff=1.000)
MODEL   base = R/150+W/150 = 279.62 us
MODEL   turn = a*min(R,W) = 0.00574*8388608 = 48.15 us
MODEL   => T_model = 702.29 us
MODEL FEATS [{"name":"mm","is_reduction":true,"out_elems":4194304,"cores":32,"dtype_bytes":2,"args":[{"name":"op0","role":"output","mem":"hbm","elems":4194304,"broadcast":false,"dims":[32,2048,64],"logical":[2048,2048],"loop_factor":1},{"name":"arg0_1","role":"input","mem":"hbm","elems":8388608,"broadcast":false,"dims":[64,2048,64],"logical":[2048,4096],"loop_factor":1},{"name":"arg1_1","role":"input","mem":"hbm","elems":8388608,"broadcast":false,"dims":[32,4096,64],"logical":[4096,2048],"loop_factor":1}],"reduction_cores":1,"loop_trip":1,"tiles_output_dim":false,"tile_rows_per_core":0.0,"is_matmul":true,"matmul_macs":17179869184,"matmul_rows_per_core":64.0,"matmul_cols_per_core":2048.0,"matmul_a_bytes":16777216,"matmul_b_bytes":16777216,"matmul_m_split":32,"matmul_n_split":1,"hbm_pattern":""}]
SUMMARY op=mmwd rows=2048 cols=4096 cores=32 tiles=0 lx=1 io_hbm_bytes=41943040 kernel_us=1176.797 pred_us=702.294 err_pct=-40.3 bw_gbps=35.6 memset_us=219.758 other_dev_us=454.487 total_dev_us=1851.042
-- mmwd M=2048 K=4096 N=2048 split m=1 n=32 k=1 (cores=32 M/m=2048 N/n=64)
  op_it_space_splits={d0: 1, d1: 32, d2: 1}
  op_it_space_splits={d0: 1, d1: 32, d2: 1}
  op_it_space_splits={d0: 1, d1: 32, d2: 1}
  op_it_space_splits={d0: 1, d1: 32, d2: 1}
  op_it_space_splits={d0: 1, d1: 32, d2: 1}
  op_it_space_splits={d0: 1, d1: 32, d2: 1}
IO -- device-layout I/O (cost model, stick-padded) --
IO   op mm [reduction]
IO     output op0                    torch [2048, 2048] -> device [32, 2048, 64] in HBM = 4194304 elems x 2B = 8388608 B  (hbm counted: 8388608 B)
IO     input  arg0_1                 torch [2048, 4096] -> device [64, 2048, 64] in HBM = 8388608 elems x 2B = 16777216 B  (hbm counted: 16777216 B)
IO     input  arg1_1                 torch [4096, 2048] -> device [32, 4096, 64] in HBM = 8388608 elems x 2B = 16777216 B  (hbm counted: 16777216 B)
IO   => HBM I/O total = 41943040 B  (lx 0 B, ~free)
MODEL -- estimate (turnaround): T = compute + (R+W)/BW_PEAK + a*min(R,W) --
MODEL   R=33554432 B (read)   W=8388608 B (write)   loop_trip L=1
MODEL   compute = MACs/cores/(mac_peak*pt_eff) = 17179869184/32/(1140*1.000) = 470.94 us  (M/m=2048, pt_eff=1.000)
MODEL   base = R/150+W/150 = 279.62 us
MODEL   turn = a*min(R,W) = 0.00574*8388608 = 48.15 us
MODEL   => T_model = 702.29 us
MODEL FEATS [{"name":"mm","is_reduction":true,"out_elems":4194304,"cores":32,"dtype_bytes":2,"args":[{"name":"op0","role":"output","mem":"hbm","elems":4194304,"broadcast":false,"dims":[32,2048,64],"logical":[2048,2048],"loop_factor":1},{"name":"arg0_1","role":"input","mem":"hbm","elems":8388608,"broadcast":false,"dims":[64,2048,64],"logical":[2048,4096],"loop_factor":1},{"name":"arg1_1","role":"input","mem":"hbm","elems":8388608,"broadcast":false,"dims":[32,4096,64],"logical":[4096,2048],"loop_factor":1}],"reduction_cores":1,"loop_trip":1,"tiles_output_dim":false,"tile_rows_per_core":0.0,"is_matmul":true,"matmul_macs":17179869184,"matmul_rows_per_core":2048.0,"matmul_cols_per_core":64.0,"matmul_a_bytes":16777216,"matmul_b_bytes":16777216,"matmul_m_split":1,"matmul_n_split":32,"hbm_pattern":""}]
SUMMARY op=mmwd rows=2048 cols=4096 cores=32 tiles=0 lx=1 io_hbm_bytes=41943040 kernel_us=1286.167 pred_us=702.294 err_pct=-45.4 bw_gbps=32.6 memset_us=161.425 other_dev_us=346.588 total_dev_us=1794.180
-- mmwd M=2048 K=4096 N=2048 split m=16 n=2 k=1 (cores=32 M/m=128 N/n=1024)
  op_it_space_splits={d0: 16, d1: 2, d2: 1}
  op_it_space_splits={d0: 16, d1: 2, d2: 1}
  op_it_space_splits={d0: 16, d1: 2, d2: 1}
  op_it_space_splits={d0: 16, d1: 2, d2: 1}
  op_it_space_splits={d0: 16, d1: 2, d2: 1}
  op_it_space_splits={d0: 16, d1: 2, d2: 1}
IO -- device-layout I/O (cost model, stick-padded) --
IO   op mm [reduction]
IO     output op0                    torch [2048, 2048] -> device [32, 2048, 64] in HBM = 4194304 elems x 2B = 8388608 B  (hbm counted: 8388608 B)
IO     input  arg0_1                 torch [2048, 4096] -> device [64, 2048, 64] in HBM = 8388608 elems x 2B = 16777216 B  (hbm counted: 16777216 B)
IO     input  arg1_1                 torch [4096, 2048] -> device [32, 4096, 64] in HBM = 8388608 elems x 2B = 16777216 B  (hbm counted: 16777216 B)
IO   => HBM I/O total = 41943040 B  (lx 0 B, ~free)
MODEL -- estimate (turnaround): T = compute + (R+W)/BW_PEAK + a*min(R,W) --
MODEL   R=33554432 B (read)   W=8388608 B (write)   loop_trip L=1
MODEL   compute = MACs/cores/(mac_peak*pt_eff) = 17179869184/32/(1140*1.000) = 470.94 us  (M/m=128, pt_eff=1.000)
MODEL   base = R/150+W/150 = 279.62 us
MODEL   turn = a*min(R,W) = 0.00574*8388608 = 48.15 us
MODEL   => T_model = 702.29 us
MODEL FEATS [{"name":"mm","is_reduction":true,"out_elems":4194304,"cores":32,"dtype_bytes":2,"args":[{"name":"op0","role":"output","mem":"hbm","elems":4194304,"broadcast":false,"dims":[32,2048,64],"logical":[2048,2048],"loop_factor":1},{"name":"arg0_1","role":"input","mem":"hbm","elems":8388608,"broadcast":false,"dims":[64,2048,64],"logical":[2048,4096],"loop_factor":1},{"name":"arg1_1","role":"input","mem":"hbm","elems":8388608,"broadcast":false,"dims":[32,4096,64],"logical":[4096,2048],"loop_factor":1}],"reduction_cores":1,"loop_trip":1,"tiles_output_dim":false,"tile_rows_per_core":0.0,"is_matmul":true,"matmul_macs":17179869184,"matmul_rows_per_core":128.0,"matmul_cols_per_core":1024.0,"matmul_a_bytes":16777216,"matmul_b_bytes":16777216,"matmul_m_split":16,"matmul_n_split":2,"hbm_pattern":""}]
SUMMARY op=mmwd rows=2048 cols=4096 cores=32 tiles=0 lx=1 io_hbm_bytes=41943040 kernel_us=674.577 pred_us=702.294 err_pct=+4.1 bw_gbps=62.2 memset_us=253.623 other_dev_us=305.155 total_dev_us=1233.355
-- mmwd M=2048 K=4096 N=2048 split m=2 n=16 k=1 (cores=32 M/m=1024 N/n=128)
  op_it_space_splits={d0: 2, d1: 16, d2: 1}
  op_it_space_splits={d0: 2, d1: 16, d2: 1}
  op_it_space_splits={d0: 2, d1: 16, d2: 1}
  op_it_space_splits={d0: 2, d1: 16, d2: 1}
  op_it_space_splits={d0: 2, d1: 16, d2: 1}
  op_it_space_splits={d0: 2, d1: 16, d2: 1}
IO -- device-layout I/O (cost model, stick-padded) --
IO   op mm [reduction]
IO     output op0                    torch [2048, 2048] -> device [32, 2048, 64] in HBM = 4194304 elems x 2B = 8388608 B  (hbm counted: 8388608 B)
IO     input  arg0_1                 torch [2048, 4096] -> device [64, 2048, 64] in HBM = 8388608 elems x 2B = 16777216 B  (hbm counted: 16777216 B)
IO     input  arg1_1                 torch [4096, 2048] -> device [32, 4096, 64] in HBM = 8388608 elems x 2B = 16777216 B  (hbm counted: 16777216 B)
IO   => HBM I/O total = 41943040 B  (lx 0 B, ~free)
MODEL -- estimate (turnaround): T = compute + (R+W)/BW_PEAK + a*min(R,W) --
MODEL   R=33554432 B (read)   W=8388608 B (write)   loop_trip L=1
MODEL   compute = MACs/cores/(mac_peak*pt_eff) = 17179869184/32/(1140*1.000) = 470.94 us  (M/m=1024, pt_eff=1.000)
MODEL   base = R/150+W/150 = 279.62 us
MODEL   turn = a*min(R,W) = 0.00574*8388608 = 48.15 us
MODEL   => T_model = 702.29 us
MODEL FEATS [{"name":"mm","is_reduction":true,"out_elems":4194304,"cores":32,"dtype_bytes":2,"args":[{"name":"op0","role":"output","mem":"hbm","elems":4194304,"broadcast":false,"dims":[32,2048,64],"logical":[2048,2048],"loop_factor":1},{"name":"arg0_1","role":"input","mem":"hbm","elems":8388608,"broadcast":false,"dims":[64,2048,64],"logical":[2048,4096],"loop_factor":1},{"name":"arg1_1","role":"input","mem":"hbm","elems":8388608,"broadcast":false,"dims":[32,4096,64],"logical":[4096,2048],"loop_factor":1}],"reduction_cores":1,"loop_trip":1,"tiles_output_dim":false,"tile_rows_per_core":0.0,"is_matmul":true,"matmul_macs":17179869184,"matmul_rows_per_core":1024.0,"matmul_cols_per_core":128.0,"matmul_a_bytes":16777216,"matmul_b_bytes":16777216,"matmul_m_split":2,"matmul_n_split":16,"hbm_pattern":""}]
SUMMARY op=mmwd rows=2048 cols=4096 cores=32 tiles=0 lx=1 io_hbm_bytes=41943040 kernel_us=704.942 pred_us=702.294 err_pct=-0.4 bw_gbps=59.5 memset_us=295.484 other_dev_us=287.936 total_dev_us=1288.362
-- mmwd M=2048 K=4096 N=2048 split m=8 n=4 k=1 (cores=32 M/m=256 N/n=512)
  op_it_space_splits={d0: 8, d1: 4, d2: 1}
  op_it_space_splits={d0: 8, d1: 4, d2: 1}
  op_it_space_splits={d0: 8, d1: 4, d2: 1}
  op_it_space_splits={d0: 8, d1: 4, d2: 1}
  op_it_space_splits={d0: 8, d1: 4, d2: 1}
  op_it_space_splits={d0: 8, d1: 4, d2: 1}
IO -- device-layout I/O (cost model, stick-padded) --
IO   op mm [reduction]
IO     output op0                    torch [2048, 2048] -> device [32, 2048, 64] in HBM = 4194304 elems x 2B = 8388608 B  (hbm counted: 8388608 B)
IO     input  arg0_1                 torch [2048, 4096] -> device [64, 2048, 64] in HBM = 8388608 elems x 2B = 16777216 B  (hbm counted: 16777216 B)
IO     input  arg1_1                 torch [4096, 2048] -> device [32, 4096, 64] in HBM = 8388608 elems x 2B = 16777216 B  (hbm counted: 16777216 B)
IO   => HBM I/O total = 41943040 B  (lx 0 B, ~free)
MODEL -- estimate (turnaround): T = compute + (R+W)/BW_PEAK + a*min(R,W) --
MODEL   R=33554432 B (read)   W=8388608 B (write)   loop_trip L=1
MODEL   compute = MACs/cores/(mac_peak*pt_eff) = 17179869184/32/(1140*1.000) = 470.94 us  (M/m=256, pt_eff=1.000)
MODEL   base = R/150+W/150 = 279.62 us
MODEL   turn = a*min(R,W) = 0.00574*8388608 = 48.15 us
MODEL   => T_model = 702.29 us
MODEL FEATS [{"name":"mm","is_reduction":true,"out_elems":4194304,"cores":32,"dtype_bytes":2,"args":[{"name":"op0","role":"output","mem":"hbm","elems":4194304,"broadcast":false,"dims":[32,2048,64],"logical":[2048,2048],"loop_factor":1},{"name":"arg0_1","role":"input","mem":"hbm","elems":8388608,"broadcast":false,"dims":[64,2048,64],"logical":[2048,4096],"loop_factor":1},{"name":"arg1_1","role":"input","mem":"hbm","elems":8388608,"broadcast":false,"dims":[32,4096,64],"logical":[4096,2048],"loop_factor":1}],"reduction_cores":1,"loop_trip":1,"tiles_output_dim":false,"tile_rows_per_core":0.0,"is_matmul":true,"matmul_macs":17179869184,"matmul_rows_per_core":256.0,"matmul_cols_per_core":512.0,"matmul_a_bytes":16777216,"matmul_b_bytes":16777216,"matmul_m_split":8,"matmul_n_split":4,"hbm_pattern":""}]
SUMMARY op=mmwd rows=2048 cols=4096 cores=32 tiles=0 lx=1 io_hbm_bytes=41943040 kernel_us=667.082 pred_us=702.294 err_pct=+5.3 bw_gbps=62.9 memset_us=222.438 other_dev_us=716.427 total_dev_us=1605.947
-- mmwd M=6144 K=2048 N=2048 split m=32 n=1 k=1 (cores=32 M/m=192 N/n=2048)
  op_it_space_splits={d0: 32, d1: 1, d2: 1}
  op_it_space_splits={d0: 32, d1: 1, d2: 1}
  op_it_space_splits={d0: 32, d1: 1, d2: 1}
  op_it_space_splits={d0: 32, d1: 1, d2: 1}
  op_it_space_splits={d0: 32, d1: 1, d2: 1}
  op_it_space_splits={d0: 32, d1: 1, d2: 1}
IO -- device-layout I/O (cost model, stick-padded) --
IO   op mm [reduction]
IO     output op0                    torch [6144, 2048] -> device [32, 6144, 64] in HBM = 12582912 elems x 2B = 25165824 B  (hbm counted: 25165824 B)
IO     input  arg0_1                 torch [6144, 2048] -> device [32, 6144, 64] in HBM = 12582912 elems x 2B = 25165824 B  (hbm counted: 25165824 B)
IO     input  arg1_1                 torch [2048, 2048] -> device [32, 2048, 64] in HBM = 4194304 elems x 2B = 8388608 B  (hbm counted: 8388608 B)
IO   => HBM I/O total = 58720256 B  (lx 0 B, ~free)
MODEL -- estimate (turnaround): T = compute + (R+W)/BW_PEAK + a*min(R,W) --
MODEL   R=33554432 B (read)   W=25165824 B (write)   loop_trip L=1
MODEL   compute = MACs/cores/(mac_peak*pt_eff) = 25769803776/32/(1140*1.000) = 706.41 us  (M/m=192, pt_eff=1.000)
MODEL   base = R/150+W/150 = 391.47 us
MODEL   turn = a*min(R,W) = 0.00574*25165824 = 144.45 us
MODEL   => T_model = 2551.23 us
MODEL FEATS [{"name":"mm","is_reduction":true,"out_elems":12582912,"cores":32,"dtype_bytes":2,"args":[{"name":"op0","role":"output","mem":"hbm","elems":12582912,"broadcast":false,"dims":[32,6144,64],"logical":[6144,2048],"loop_factor":1},{"name":"arg0_1","role":"input","mem":"hbm","elems":12582912,"broadcast":false,"dims":[32,6144,64],"logical":[6144,2048],"loop_factor":1},{"name":"arg1_1","role":"input","mem":"hbm","elems":4194304,"broadcast":false,"dims":[32,2048,64],"logical":[2048,2048],"loop_factor":1}],"reduction_cores":1,"loop_trip":1,"tiles_output_dim":false,"tile_rows_per_core":0.0,"is_matmul":true,"matmul_macs":25769803776,"matmul_rows_per_core":192.0,"matmul_cols_per_core":2048.0,"matmul_a_bytes":25165824,"matmul_b_bytes":8388608,"matmul_m_split":32,"matmul_n_split":1,"hbm_pattern":""}]
SUMMARY op=mmwd rows=6144 cols=2048 cores=32 tiles=0 lx=1 io_hbm_bytes=58720256 kernel_us=3026.637 pred_us=2551.227 err_pct=-15.7 bw_gbps=19.4 memset_us=430.996 other_dev_us=1475.499 total_dev_us=4933.132
-- mmwd M=6144 K=2048 N=2048 split m=1 n=32 k=1 (cores=32 M/m=6144 N/n=64)
  op_it_space_splits={d0: 1, d1: 32, d2: 1}
  op_it_space_splits={d0: 1, d1: 32, d2: 1}
  op_it_space_splits={d0: 1, d1: 32, d2: 1}
  op_it_space_splits={d0: 1, d1: 32, d2: 1}
  op_it_space_splits={d0: 1, d1: 32, d2: 1}
  op_it_space_splits={d0: 1, d1: 32, d2: 1}
IO -- device-layout I/O (cost model, stick-padded) --
IO   op mm [reduction]
IO     output op0                    torch [6144, 2048] -> device [32, 6144, 64] in HBM = 12582912 elems x 2B = 25165824 B  (hbm counted: 25165824 B)
IO     input  arg0_1                 torch [6144, 2048] -> device [32, 6144, 64] in HBM = 12582912 elems x 2B = 25165824 B  (hbm counted: 25165824 B)
IO     input  arg1_1                 torch [2048, 2048] -> device [32, 2048, 64] in HBM = 4194304 elems x 2B = 8388608 B  (hbm counted: 8388608 B)
IO   => HBM I/O total = 58720256 B  (lx 0 B, ~free)
MODEL -- estimate (turnaround): T = compute + (R+W)/BW_PEAK + a*min(R,W) --
MODEL   R=33554432 B (read)   W=25165824 B (write)   loop_trip L=1
MODEL   compute = MACs/cores/(mac_peak*pt_eff) = 25769803776/32/(1140*1.000) = 706.41 us  (M/m=6144, pt_eff=1.000)
MODEL   base = R/150+W/150 = 391.47 us
MODEL   turn = a*min(R,W) = 0.00574*25165824 = 144.45 us
MODEL   => T_model = 1932.57 us
MODEL FEATS [{"name":"mm","is_reduction":true,"out_elems":12582912,"cores":32,"dtype_bytes":2,"args":[{"name":"op0","role":"output","mem":"hbm","elems":12582912,"broadcast":false,"dims":[32,6144,64],"logical":[6144,2048],"loop_factor":1},{"name":"arg0_1","role":"input","mem":"hbm","elems":12582912,"broadcast":false,"dims":[32,6144,64],"logical":[6144,2048],"loop_factor":1},{"name":"arg1_1","role":"input","mem":"hbm","elems":4194304,"broadcast":false,"dims":[32,2048,64],"logical":[2048,2048],"loop_factor":1}],"reduction_cores":1,"loop_trip":1,"tiles_output_dim":false,"tile_rows_per_core":0.0,"is_matmul":true,"matmul_macs":25769803776,"matmul_rows_per_core":6144.0,"matmul_cols_per_core":64.0,"matmul_a_bytes":25165824,"matmul_b_bytes":8388608,"matmul_m_split":1,"matmul_n_split":32,"hbm_pattern":""}]
SUMMARY op=mmwd rows=6144 cols=2048 cores=32 tiles=0 lx=1 io_hbm_bytes=58720256 kernel_us=1575.976 pred_us=1932.567 err_pct=+22.6 bw_gbps=37.3 memset_us=404.258 other_dev_us=1558.272 total_dev_us=3538.506
-- mmwd M=6144 K=2048 N=2048 split m=16 n=2 k=1 (cores=32 M/m=384 N/n=1024)
  op_it_space_splits={d0: 16, d1: 2, d2: 1}
  op_it_space_splits={d0: 16, d1: 2, d2: 1}
  op_it_space_splits={d0: 16, d1: 2, d2: 1}
  op_it_space_splits={d0: 16, d1: 2, d2: 1}
  op_it_space_splits={d0: 16, d1: 2, d2: 1}
  op_it_space_splits={d0: 16, d1: 2, d2: 1}
IO -- device-layout I/O (cost model, stick-padded) --
IO   op mm [reduction]
IO     output op0                    torch [6144, 2048] -> device [32, 6144, 64] in HBM = 12582912 elems x 2B = 25165824 B  (hbm counted: 25165824 B)
IO     input  arg0_1                 torch [6144, 2048] -> device [32, 6144, 64] in HBM = 12582912 elems x 2B = 25165824 B  (hbm counted: 25165824 B)
IO     input  arg1_1                 torch [2048, 2048] -> device [32, 2048, 64] in HBM = 4194304 elems x 2B = 8388608 B  (hbm counted: 8388608 B)
IO   => HBM I/O total = 58720256 B  (lx 0 B, ~free)
MODEL -- estimate (turnaround): T = compute + (R+W)/BW_PEAK + a*min(R,W) --
MODEL   R=33554432 B (read)   W=25165824 B (write)   loop_trip L=1
MODEL   compute = MACs/cores/(mac_peak*pt_eff) = 25769803776/32/(1140*1.000) = 706.41 us  (M/m=384, pt_eff=1.000)
MODEL   base = R/150+W/150 = 391.47 us
MODEL   turn = a*min(R,W) = 0.00574*25165824 = 144.45 us
MODEL   => T_model = 1864.41 us
MODEL FEATS [{"name":"mm","is_reduction":true,"out_elems":12582912,"cores":32,"dtype_bytes":2,"args":[{"name":"op0","role":"output","mem":"hbm","elems":12582912,"broadcast":false,"dims":[32,6144,64],"logical":[6144,2048],"loop_factor":1},{"name":"arg0_1","role":"input","mem":"hbm","elems":12582912,"broadcast":false,"dims":[32,6144,64],"logical":[6144,2048],"loop_factor":1},{"name":"arg1_1","role":"input","mem":"hbm","elems":4194304,"broadcast":false,"dims":[32,2048,64],"logical":[2048,2048],"loop_factor":1}],"reduction_cores":1,"loop_trip":1,"tiles_output_dim":false,"tile_rows_per_core":0.0,"is_matmul":true,"matmul_macs":25769803776,"matmul_rows_per_core":384.0,"matmul_cols_per_core":1024.0,"matmul_a_bytes":25165824,"matmul_b_bytes":8388608,"matmul_m_split":16,"matmul_n_split":2,"hbm_pattern":""}]
SUMMARY op=mmwd rows=6144 cols=2048 cores=32 tiles=0 lx=1 io_hbm_bytes=58720256 kernel_us=1948.814 pred_us=1864.409 err_pct=-4.3 bw_gbps=30.1 memset_us=346.010 other_dev_us=1387.240 total_dev_us=3682.064
-- mmwd M=6144 K=2048 N=2048 split m=2 n=16 k=1 (cores=32 M/m=3072 N/n=128)
  op_it_space_splits={d0: 2, d1: 16, d2: 1}
  op_it_space_splits={d0: 2, d1: 16, d2: 1}
  op_it_space_splits={d0: 2, d1: 16, d2: 1}
  op_it_space_splits={d0: 2, d1: 16, d2: 1}
  op_it_space_splits={d0: 2, d1: 16, d2: 1}
  op_it_space_splits={d0: 2, d1: 16, d2: 1}
-- mmwd M=6144 K=2048 N=2048 split m=8 n=4 k=1 (cores=32 M/m=768 N/n=512)
  op_it_space_splits={d0: 8, d1: 4, d2: 1}
  op_it_space_splits={d0: 8, d1: 4, d2: 1}
  op_it_space_splits={d0: 8, d1: 4, d2: 1}
  op_it_space_splits={d0: 8, d1: 4, d2: 1}
  op_it_space_splits={d0: 8, d1: 4, d2: 1}
  op_it_space_splits={d0: 8, d1: 4, d2: 1}
IO -- device-layout I/O (cost model, stick-padded) --
IO   op mm [reduction]
IO     output op0                    torch [6144, 2048] -> device [32, 6144, 64] in HBM = 12582912 elems x 2B = 25165824 B  (hbm counted: 25165824 B)
IO     input  arg0_1                 torch [6144, 2048] -> device [32, 6144, 64] in HBM = 12582912 elems x 2B = 25165824 B  (hbm counted: 25165824 B)
IO     input  arg1_1                 torch [2048, 2048] -> device [32, 2048, 64] in HBM = 4194304 elems x 2B = 8388608 B  (hbm counted: 8388608 B)
IO   => HBM I/O total = 58720256 B  (lx 0 B, ~free)
MODEL -- estimate (turnaround): T = compute + (R+W)/BW_PEAK + a*min(R,W) --
MODEL   R=33554432 B (read)   W=25165824 B (write)   loop_trip L=1
MODEL   compute = MACs/cores/(mac_peak*pt_eff) = 25769803776/32/(1140*1.000) = 706.41 us  (M/m=768, pt_eff=1.000)
MODEL   base = R/150+W/150 = 391.47 us
MODEL   turn = a*min(R,W) = 0.00574*25165824 = 144.45 us
MODEL   => T_model = 1177.59 us
MODEL FEATS [{"name":"mm","is_reduction":true,"out_elems":12582912,"cores":32,"dtype_bytes":2,"args":[{"name":"op0","role":"output","mem":"hbm","elems":12582912,"broadcast":false,"dims":[32,6144,64],"logical":[6144,2048],"loop_factor":1},{"name":"arg0_1","role":"input","mem":"hbm","elems":12582912,"broadcast":false,"dims":[32,6144,64],"logical":[6144,2048],"loop_factor":1},{"name":"arg1_1","role":"input","mem":"hbm","elems":4194304,"broadcast":false,"dims":[32,2048,64],"logical":[2048,2048],"loop_factor":1}],"reduction_cores":1,"loop_trip":1,"tiles_output_dim":false,"tile_rows_per_core":0.0,"is_matmul":true,"matmul_macs":25769803776,"matmul_rows_per_core":768.0,"matmul_cols_per_core":512.0,"matmul_a_bytes":25165824,"matmul_b_bytes":8388608,"matmul_m_split":8,"matmul_n_split":4,"hbm_pattern":""}]
SUMMARY op=mmwd rows=6144 cols=2048 cores=32 tiles=0 lx=1 io_hbm_bytes=58720256 kernel_us=1218.065 pred_us=1177.592 err_pct=-3.3 bw_gbps=48.2 memset_us=582.962 other_dev_us=964.176 total_dev_us=2765.203
-- mmwd M=4096 K=4096 N=2048 split m=32 n=1 k=1 (cores=32 M/m=128 N/n=2048)
  op_it_space_splits={d0: 32, d1: 1, d2: 1}
  op_it_space_splits={d0: 32, d1: 1, d2: 1}
  op_it_space_splits={d0: 32, d1: 1, d2: 1}
  op_it_space_splits={d0: 32, d1: 1, d2: 1}
  op_it_space_splits={d0: 32, d1: 1, d2: 1}
  op_it_space_splits={d0: 32, d1: 1, d2: 1}
IO -- device-layout I/O (cost model, stick-padded) --
IO   op mm [reduction]
IO     output op0                    torch [4096, 2048] -> device [32, 4096, 64] in HBM = 8388608 elems x 2B = 16777216 B  (hbm counted: 16777216 B)
IO     input  arg0_1                 torch [4096, 4096] -> device [64, 4096, 64] in HBM = 16777216 elems x 2B = 33554432 B  (hbm counted: 33554432 B)
IO     input  arg1_1                 torch [4096, 2048] -> device [32, 4096, 64] in HBM = 8388608 elems x 2B = 16777216 B  (hbm counted: 16777216 B)
IO   => HBM I/O total = 67108864 B  (lx 0 B, ~free)
MODEL -- estimate (turnaround): T = compute + (R+W)/BW_PEAK + a*min(R,W) --
MODEL   R=50331648 B (read)   W=16777216 B (write)   loop_trip L=1
MODEL   compute = MACs/cores/(mac_peak*pt_eff) = 34359738368/32/(1140*1.000) = 941.88 us  (M/m=128, pt_eff=1.000)
MODEL   base = R/150+W/150 = 447.39 us
MODEL   turn = a*min(R,W) = 0.00574*16777216 = 96.30 us
MODEL   => T_model = 2085.37 us
MODEL FEATS [{"name":"mm","is_reduction":true,"out_elems":8388608,"cores":32,"dtype_bytes":2,"args":[{"name":"op0","role":"output","mem":"hbm","elems":8388608,"broadcast":false,"dims":[32,4096,64],"logical":[4096,2048],"loop_factor":1},{"name":"arg0_1","role":"input","mem":"hbm","elems":16777216,"broadcast":false,"dims":[64,4096,64],"logical":[4096,4096],"loop_factor":1},{"name":"arg1_1","role":"input","mem":"hbm","elems":8388608,"broadcast":false,"dims":[32,4096,64],"logical":[4096,2048],"loop_factor":1}],"reduction_cores":1,"loop_trip":1,"tiles_output_dim":false,"tile_rows_per_core":0.0,"is_matmul":true,"matmul_macs":34359738368,"matmul_rows_per_core":128.0,"matmul_cols_per_core":2048.0,"matmul_a_bytes":33554432,"matmul_b_bytes":16777216,"matmul_m_split":32,"matmul_n_split":1,"hbm_pattern":""}]
SUMMARY op=mmwd rows=4096 cols=4096 cores=32 tiles=0 lx=1 io_hbm_bytes=67108864 kernel_us=2170.971 pred_us=2085.365 err_pct=-3.9 bw_gbps=30.9 memset_us=340.696 other_dev_us=764.156 total_dev_us=3275.823
-- mmwd M=4096 K=4096 N=2048 split m=1 n=32 k=1 (cores=32 M/m=4096 N/n=64)
  op_it_space_splits={d0: 1, d1: 32, d2: 1}
  op_it_space_splits={d0: 1, d1: 32, d2: 1}
  op_it_space_splits={d0: 1, d1: 32, d2: 1}
  op_it_space_splits={d0: 1, d1: 32, d2: 1}
  op_it_space_splits={d0: 1, d1: 32, d2: 1}
  op_it_space_splits={d0: 1, d1: 32, d2: 1}
IO -- device-layout I/O (cost model, stick-padded) --
IO   op mm [reduction]
IO     output op0                    torch [4096, 2048] -> device [32, 4096, 64] in HBM = 8388608 elems x 2B = 16777216 B  (hbm counted: 16777216 B)
IO     input  arg0_1                 torch [4096, 4096] -> device [64, 4096, 64] in HBM = 16777216 elems x 2B = 33554432 B  (hbm counted: 33554432 B)
IO     input  arg1_1                 torch [4096, 2048] -> device [32, 4096, 64] in HBM = 8388608 elems x 2B = 16777216 B  (hbm counted: 16777216 B)
IO   => HBM I/O total = 67108864 B  (lx 0 B, ~free)
MODEL -- estimate (turnaround): T = compute + (R+W)/BW_PEAK + a*min(R,W) --
MODEL   R=50331648 B (read)   W=16777216 B (write)   loop_trip L=1
MODEL   compute = MACs/cores/(mac_peak*pt_eff) = 34359738368/32/(1140*1.000) = 941.88 us  (M/m=4096, pt_eff=1.000)
MODEL   base = R/150+W/150 = 447.39 us
MODEL   turn = a*min(R,W) = 0.00574*16777216 = 96.30 us
MODEL   => T_model = 1776.04 us
MODEL FEATS [{"name":"mm","is_reduction":true,"out_elems":8388608,"cores":32,"dtype_bytes":2,"args":[{"name":"op0","role":"output","mem":"hbm","elems":8388608,"broadcast":false,"dims":[32,4096,64],"logical":[4096,2048],"loop_factor":1},{"name":"arg0_1","role":"input","mem":"hbm","elems":16777216,"broadcast":false,"dims":[64,4096,64],"logical":[4096,4096],"loop_factor":1},{"name":"arg1_1","role":"input","mem":"hbm","elems":8388608,"broadcast":false,"dims":[32,4096,64],"logical":[4096,2048],"loop_factor":1}],"reduction_cores":1,"loop_trip":1,"tiles_output_dim":false,"tile_rows_per_core":0.0,"is_matmul":true,"matmul_macs":34359738368,"matmul_rows_per_core":4096.0,"matmul_cols_per_core":64.0,"matmul_a_bytes":33554432,"matmul_b_bytes":16777216,"matmul_m_split":1,"matmul_n_split":32,"hbm_pattern":""}]
SUMMARY op=mmwd rows=4096 cols=4096 cores=32 tiles=0 lx=1 io_hbm_bytes=67108864 kernel_us=2526.237 pred_us=1776.035 err_pct=-29.7 bw_gbps=26.6 memset_us=328.171 other_dev_us=876.035 total_dev_us=3730.443
-- mmwd M=4096 K=4096 N=2048 split m=16 n=2 k=1 (cores=32 M/m=256 N/n=1024)
  op_it_space_splits={d0: 16, d1: 2, d2: 1}
  op_it_space_splits={d0: 16, d1: 2, d2: 1}
  op_it_space_splits={d0: 16, d1: 2, d2: 1}
  op_it_space_splits={d0: 16, d1: 2, d2: 1}
  op_it_space_splits={d0: 16, d1: 2, d2: 1}
  op_it_space_splits={d0: 16, d1: 2, d2: 1}
-- mmwd M=4096 K=4096 N=2048 split m=2 n=16 k=1 (cores=32 M/m=2048 N/n=128)
  op_it_space_splits={d0: 2, d1: 16, d2: 1}
  op_it_space_splits={d0: 2, d1: 16, d2: 1}
  op_it_space_splits={d0: 2, d1: 16, d2: 1}
  op_it_space_splits={d0: 2, d1: 16, d2: 1}
  op_it_space_splits={d0: 2, d1: 16, d2: 1}
  op_it_space_splits={d0: 2, d1: 16, d2: 1}
IO -- device-layout I/O (cost model, stick-padded) --
IO   op mm [reduction]
IO     output op0                    torch [4096, 2048] -> device [32, 4096, 64] in HBM = 8388608 elems x 2B = 16777216 B  (hbm counted: 16777216 B)
IO     input  arg0_1                 torch [4096, 4096] -> device [64, 4096, 64] in HBM = 16777216 elems x 2B = 33554432 B  (hbm counted: 33554432 B)
IO     input  arg1_1                 torch [4096, 2048] -> device [32, 4096, 64] in HBM = 8388608 elems x 2B = 16777216 B  (hbm counted: 16777216 B)
IO   => HBM I/O total = 67108864 B  (lx 0 B, ~free)
MODEL -- estimate (turnaround): T = compute + (R+W)/BW_PEAK + a*min(R,W) --
MODEL   R=50331648 B (read)   W=16777216 B (write)   loop_trip L=1
MODEL   compute = MACs/cores/(mac_peak*pt_eff) = 34359738368/32/(1140*1.000) = 941.88 us  (M/m=2048, pt_eff=1.000)
MODEL   base = R/150+W/150 = 447.39 us
MODEL   turn = a*min(R,W) = 0.00574*16777216 = 96.30 us
MODEL   => T_model = 1398.55 us
MODEL FEATS [{"name":"mm","is_reduction":true,"out_elems":8388608,"cores":32,"dtype_bytes":2,"args":[{"name":"op0","role":"output","mem":"hbm","elems":8388608,"broadcast":false,"dims":[32,4096,64],"logical":[4096,2048],"loop_factor":1},{"name":"arg0_1","role":"input","mem":"hbm","elems":16777216,"broadcast":false,"dims":[64,4096,64],"logical":[4096,4096],"loop_factor":1},{"name":"arg1_1","role":"input","mem":"hbm","elems":8388608,"broadcast":false,"dims":[32,4096,64],"logical":[4096,2048],"loop_factor":1}],"reduction_cores":1,"loop_trip":1,"tiles_output_dim":false,"tile_rows_per_core":0.0,"is_matmul":true,"matmul_macs":34359738368,"matmul_rows_per_core":2048.0,"matmul_cols_per_core":128.0,"matmul_a_bytes":33554432,"matmul_b_bytes":16777216,"matmul_m_split":2,"matmul_n_split":16,"hbm_pattern":""}]
SUMMARY op=mmwd rows=4096 cols=4096 cores=32 tiles=0 lx=1 io_hbm_bytes=67108864 kernel_us=1405.791 pred_us=1398.548 err_pct=-0.5 bw_gbps=47.7 memset_us=264.238 other_dev_us=947.090 total_dev_us=2617.119
-- mmwd M=4096 K=4096 N=2048 split m=8 n=4 k=1 (cores=32 M/m=512 N/n=512)
  op_it_space_splits={d0: 8, d1: 4, d2: 1}
  op_it_space_splits={d0: 8, d1: 4, d2: 1}
  op_it_space_splits={d0: 8, d1: 4, d2: 1}
  op_it_space_splits={d0: 8, d1: 4, d2: 1}
  op_it_space_splits={d0: 8, d1: 4, d2: 1}
  op_it_space_splits={d0: 8, d1: 4, d2: 1}
IO -- device-layout I/O (cost model, stick-padded) --
IO   op mm [reduction]
IO     output op0                    torch [4096, 2048] -> device [32, 4096, 64] in HBM = 8388608 elems x 2B = 16777216 B  (hbm counted: 16777216 B)
IO     input  arg0_1                 torch [4096, 4096] -> device [64, 4096, 64] in HBM = 16777216 elems x 2B = 33554432 B  (hbm counted: 33554432 B)
IO     input  arg1_1                 torch [4096, 2048] -> device [32, 4096, 64] in HBM = 8388608 elems x 2B = 16777216 B  (hbm counted: 16777216 B)
IO   => HBM I/O total = 67108864 B  (lx 0 B, ~free)
MODEL -- estimate (turnaround): T = compute + (R+W)/BW_PEAK + a*min(R,W) --
MODEL   R=50331648 B (read)   W=16777216 B (write)   loop_trip L=1
MODEL   compute = MACs/cores/(mac_peak*pt_eff) = 34359738368/32/(1140*1.000) = 941.88 us  (M/m=512, pt_eff=1.000)
MODEL   base = R/150+W/150 = 447.39 us
MODEL   turn = a*min(R,W) = 0.00574*16777216 = 96.30 us
MODEL   => T_model = 1398.55 us
MODEL FEATS [{"name":"mm","is_reduction":true,"out_elems":8388608,"cores":32,"dtype_bytes":2,"args":[{"name":"op0","role":"output","mem":"hbm","elems":8388608,"broadcast":false,"dims":[32,4096,64],"logical":[4096,2048],"loop_factor":1},{"name":"arg0_1","role":"input","mem":"hbm","elems":16777216,"broadcast":false,"dims":[64,4096,64],"logical":[4096,4096],"loop_factor":1},{"name":"arg1_1","role":"input","mem":"hbm","elems":8388608,"broadcast":false,"dims":[32,4096,64],"logical":[4096,2048],"loop_factor":1}],"reduction_cores":1,"loop_trip":1,"tiles_output_dim":false,"tile_rows_per_core":0.0,"is_matmul":true,"matmul_macs":34359738368,"matmul_rows_per_core":512.0,"matmul_cols_per_core":512.0,"matmul_a_bytes":33554432,"matmul_b_bytes":16777216,"matmul_m_split":8,"matmul_n_split":4,"hbm_pattern":""}]
SUMMARY op=mmwd rows=4096 cols=4096 cores=32 tiles=0 lx=1 io_hbm_bytes=67108864 kernel_us=1473.612 pred_us=1398.548 err_pct=-5.1 bw_gbps=45.5 memset_us=333.733 other_dev_us=865.918 total_dev_us=2673.263
## BMM full-vs-3d2d, balanced 4x8 b=1, sweep B then K
-- bmm_wd B=2 M=1024 K=2048 N=1024 b=1 m=4 n=8 k=1 (cores=32)
  op_it_space_splits={d0: 1, d1: 4, d2: 8, d3: 1}
  op_it_space_splits={d0: 1, d1: 4, d2: 8, d3: 1}
  op_it_space_splits={d0: 1, d1: 4, d2: 8, d3: 1}
  op_it_space_splits={d0: 1, d1: 4, d2: 8, d3: 1}
  op_it_space_splits={d0: 1, d1: 4, d2: 8, d3: 1}
  op_it_space_splits={d0: 1, d1: 4, d2: 8, d3: 1}
IO -- device-layout I/O (cost model, stick-padded) --
IO   op bmm [reduction]
IO     output op0                    torch [2, 1024, 1024] -> device [1024, 16, 2, 64] in HBM = 2097152 elems x 2B = 4194304 B  (hbm counted: 4194304 B)
IO     input  arg0_1                 torch [2, 1024, 2048] -> device [1024, 32, 2, 64] in HBM = 4194304 elems x 2B = 8388608 B  (hbm counted: 8388608 B)
IO     input  arg1_1                 torch [2, 2048, 1024] -> device [2048, 16, 2, 64] in HBM = 4194304 elems x 2B = 8388608 B  (hbm counted: 8388608 B)
IO   => HBM I/O total = 20971520 B  (lx 0 B, ~free)
MODEL -- estimate (turnaround): T = compute + (R+W)/BW_PEAK + a*min(R,W) --
MODEL   R=16777216 B (read)   W=4194304 B (write)   loop_trip L=1
MODEL   compute = MACs/cores/(mac_peak*pt_eff) = 4294967296/32/(1140*1.000) = 117.73 us  (M/m=256, pt_eff=1.000)
MODEL   base = R/150+W/150 = 139.81 us
MODEL   turn = a*min(R,W) = 0.00574*4194304 = 24.08 us
MODEL   => T_model = 227.46 us
MODEL FEATS [{"name":"bmm","is_reduction":true,"out_elems":2097152,"cores":32,"dtype_bytes":2,"args":[{"name":"op0","role":"output","mem":"hbm","elems":2097152,"broadcast":false,"dims":[1024,16,2,64],"logical":[2,1024,1024],"loop_factor":1},{"name":"arg0_1","role":"input","mem":"hbm","elems":4194304,"broadcast":false,"dims":[1024,32,2,64],"logical":[2,1024,2048],"loop_factor":1},{"name":"arg1_1","role":"input","mem":"hbm","elems":4194304,"broadcast":false,"dims":[2048,16,2,64],"logical":[2,2048,1024],"loop_factor":1}],"reduction_cores":1,"loop_trip":1,"tiles_output_dim":false,"tile_rows_per_core":0.0,"is_matmul":true,"matmul_macs":4294967296,"matmul_rows_per_core":256.0,"matmul_cols_per_core":128.0,"matmul_a_bytes":4194304,"matmul_b_bytes":4194304,"matmul_m_split":4,"matmul_n_split":8,"hbm_pattern":""}]
SUMMARY op=bmm_wd rows=1024 cols=2048 cores=32 tiles=0 lx=1 io_hbm_bytes=20971520 kernel_us=469.703 pred_us=227.462 err_pct=-51.6 bw_gbps=44.6 memset_us=158.366 other_dev_us=645.097 total_dev_us=1273.166
-- bmm_wd_3d2d B=2 M=1024 K=2048 N=1024 b=1 m=4 n=8 k=1 (cores=32)
  op_it_space_splits={d0: 1, d1: 4, d2: 8, d3: 1}
  op_it_space_splits={d0: 1, d1: 4, d2: 8, d3: 1}
  op_it_space_splits={d0: 1, d1: 4, d2: 8, d3: 1}
  op_it_space_splits={d0: 1, d1: 4, d2: 8, d3: 1}
  op_it_space_splits={d0: 1, d1: 4, d2: 8, d3: 1}
  op_it_space_splits={d0: 1, d1: 4, d2: 8, d3: 1}
IO -- device-layout I/O (cost model, stick-padded) --
IO   op bmm_default [reduction]
IO     output op0                    torch [2, 1024, 1024] -> device [1024, 16, 2, 64] in HBM = 2097152 elems x 2B = 4194304 B  (hbm counted: 4194304 B)
IO     input  arg0_1                 torch [2, 1024, 2048] -> device [1024, 32, 2, 64] in HBM = 4194304 elems x 2B = 8388608 B  (hbm counted: 8388608 B)
IO     input  arg1_1                 torch [2048, 1024] -> device [16, 2048, 64] in HBM = 2097152 elems x 2B = 4194304 B  (hbm counted: 4194304 B) broadcast (loaded once)
IO   => HBM I/O total = 16777216 B  (lx 0 B, ~free)
MODEL -- estimate (turnaround): T = compute + (R+W)/BW_PEAK + a*min(R,W) --
MODEL   R=12582912 B (read)   W=4194304 B (write)   loop_trip L=1
MODEL   compute = MACs/cores/(mac_peak*pt_eff) = 4294967296/32/(1140*1.000) = 117.73 us  (M/m=256, pt_eff=1.000)
MODEL   base = R/150+W/150 = 111.85 us
MODEL   turn = a*min(R,W) = 0.00574*4194304 = 24.08 us
MODEL   => T_model = 199.50 us
MODEL FEATS [{"name":"bmm_default","is_reduction":true,"out_elems":2097152,"cores":32,"dtype_bytes":2,"args":[{"name":"op0","role":"output","mem":"hbm","elems":2097152,"broadcast":false,"dims":[1024,16,2,64],"logical":[2,1024,1024],"loop_factor":1},{"name":"arg0_1","role":"input","mem":"hbm","elems":4194304,"broadcast":false,"dims":[1024,32,2,64],"logical":[2,1024,2048],"loop_factor":1},{"name":"arg1_1","role":"input","mem":"hbm","elems":2097152,"broadcast":true,"dims":[16,2048,64],"logical":[2048,1024],"loop_factor":1}],"reduction_cores":1,"loop_trip":1,"tiles_output_dim":false,"tile_rows_per_core":0.0,"is_matmul":true,"matmul_macs":4294967296,"matmul_rows_per_core":256.0,"matmul_cols_per_core":128.0,"matmul_a_bytes":4194304,"matmul_b_bytes":4194304,"matmul_m_split":4,"matmul_n_split":8,"hbm_pattern":""}]
SUMMARY op=bmm_wd_3d2d rows=1024 cols=2048 cores=32 tiles=0 lx=1 io_hbm_bytes=16777216 kernel_us=279.159 pred_us=199.500 err_pct=-28.5 bw_gbps=60.1 memset_us=176.600 other_dev_us=273.900 total_dev_us=729.659
-- bmm_wd B=4 M=1024 K=2048 N=1024 b=1 m=4 n=8 k=1 (cores=32)
  op_it_space_splits={d0: 1, d1: 4, d2: 8, d3: 1}
  op_it_space_splits={d0: 1, d1: 4, d2: 8, d3: 1}
  op_it_space_splits={d0: 1, d1: 4, d2: 8, d3: 1}
  op_it_space_splits={d0: 1, d1: 4, d2: 8, d3: 1}
  op_it_space_splits={d0: 1, d1: 4, d2: 8, d3: 1}
  op_it_space_splits={d0: 1, d1: 4, d2: 8, d3: 1}
IO -- device-layout I/O (cost model, stick-padded) --
IO   op bmm [reduction]
IO     output op0                    torch [4, 1024, 1024] -> device [1024, 16, 4, 64] in HBM = 4194304 elems x 2B = 8388608 B  (hbm counted: 8388608 B)
IO     input  arg0_1                 torch [4, 1024, 2048] -> device [1024, 32, 4, 64] in HBM = 8388608 elems x 2B = 16777216 B  (hbm counted: 16777216 B)
IO     input  arg1_1                 torch [4, 2048, 1024] -> device [2048, 16, 4, 64] in HBM = 8388608 elems x 2B = 16777216 B  (hbm counted: 16777216 B)
IO   => HBM I/O total = 41943040 B  (lx 0 B, ~free)
MODEL -- estimate (turnaround): T = compute + (R+W)/BW_PEAK + a*min(R,W) --
MODEL   R=33554432 B (read)   W=8388608 B (write)   loop_trip L=1
MODEL   compute = MACs/cores/(mac_peak*pt_eff) = 8589934592/32/(1140*1.000) = 235.47 us  (M/m=256, pt_eff=1.000)
MODEL   base = R/150+W/150 = 279.62 us
MODEL   turn = a*min(R,W) = 0.00574*8388608 = 48.15 us
MODEL   => T_model = 454.92 us
MODEL FEATS [{"name":"bmm","is_reduction":true,"out_elems":4194304,"cores":32,"dtype_bytes":2,"args":[{"name":"op0","role":"output","mem":"hbm","elems":4194304,"broadcast":false,"dims":[1024,16,4,64],"logical":[4,1024,1024],"loop_factor":1},{"name":"arg0_1","role":"input","mem":"hbm","elems":8388608,"broadcast":false,"dims":[1024,32,4,64],"logical":[4,1024,2048],"loop_factor":1},{"name":"arg1_1","role":"input","mem":"hbm","elems":8388608,"broadcast":false,"dims":[2048,16,4,64],"logical":[4,2048,1024],"loop_factor":1}],"reduction_cores":1,"loop_trip":1,"tiles_output_dim":false,"tile_rows_per_core":0.0,"is_matmul":true,"matmul_macs":8589934592,"matmul_rows_per_core":256.0,"matmul_cols_per_core":128.0,"matmul_a_bytes":4194304,"matmul_b_bytes":4194304,"matmul_m_split":4,"matmul_n_split":8,"hbm_pattern":""}]
SUMMARY op=bmm_wd rows=1024 cols=2048 cores=32 tiles=0 lx=1 io_hbm_bytes=41943040 kernel_us=1841.154 pred_us=454.925 err_pct=-75.3 bw_gbps=22.8 memset_us=244.162 other_dev_us=348.931 total_dev_us=2434.247
-- bmm_wd_3d2d B=4 M=1024 K=2048 N=1024 b=1 m=4 n=8 k=1 (cores=32)
  op_it_space_splits={d0: 1, d1: 4, d2: 8, d3: 1}
  op_it_space_splits={d0: 1, d1: 4, d2: 8, d3: 1}
  op_it_space_splits={d0: 1, d1: 4, d2: 8, d3: 1}
  op_it_space_splits={d0: 1, d1: 4, d2: 8, d3: 1}
  op_it_space_splits={d0: 1, d1: 4, d2: 8, d3: 1}
  op_it_space_splits={d0: 1, d1: 4, d2: 8, d3: 1}
IO -- device-layout I/O (cost model, stick-padded) --
IO   op bmm_default [reduction]
IO     output op0                    torch [4, 1024, 1024] -> device [1024, 16, 4, 64] in HBM = 4194304 elems x 2B = 8388608 B  (hbm counted: 8388608 B)
IO     input  arg0_1                 torch [4, 1024, 2048] -> device [1024, 32, 4, 64] in HBM = 8388608 elems x 2B = 16777216 B  (hbm counted: 16777216 B)
IO     input  arg1_1                 torch [2048, 1024] -> device [16, 2048, 64] in HBM = 2097152 elems x 2B = 4194304 B  (hbm counted: 4194304 B) broadcast (loaded once)
IO   => HBM I/O total = 29360128 B  (lx 0 B, ~free)
MODEL -- estimate (turnaround): T = compute + (R+W)/BW_PEAK + a*min(R,W) --
MODEL   R=20971520 B (read)   W=8388608 B (write)   loop_trip L=1
MODEL   compute = MACs/cores/(mac_peak*pt_eff) = 8589934592/32/(1140*1.000) = 235.47 us  (M/m=256, pt_eff=1.000)
MODEL   base = R/150+W/150 = 195.73 us
MODEL   turn = a*min(R,W) = 0.00574*8388608 = 48.15 us
MODEL   => T_model = 371.04 us
MODEL FEATS [{"name":"bmm_default","is_reduction":true,"out_elems":4194304,"cores":32,"dtype_bytes":2,"args":[{"name":"op0","role":"output","mem":"hbm","elems":4194304,"broadcast":false,"dims":[1024,16,4,64],"logical":[4,1024,1024],"loop_factor":1},{"name":"arg0_1","role":"input","mem":"hbm","elems":8388608,"broadcast":false,"dims":[1024,32,4,64],"logical":[4,1024,2048],"loop_factor":1},{"name":"arg1_1","role":"input","mem":"hbm","elems":2097152,"broadcast":true,"dims":[16,2048,64],"logical":[2048,1024],"loop_factor":1}],"reduction_cores":1,"loop_trip":1,"tiles_output_dim":false,"tile_rows_per_core":0.0,"is_matmul":true,"matmul_macs":8589934592,"matmul_rows_per_core":256.0,"matmul_cols_per_core":128.0,"matmul_a_bytes":4194304,"matmul_b_bytes":4194304,"matmul_m_split":4,"matmul_n_split":8,"hbm_pattern":""}]
SUMMARY op=bmm_wd_3d2d rows=1024 cols=2048 cores=32 tiles=0 lx=1 io_hbm_bytes=29360128 kernel_us=488.777 pred_us=371.038 err_pct=-24.1 bw_gbps=60.1 memset_us=215.113 other_dev_us=414.177 total_dev_us=1118.067
-- bmm_wd B=8 M=1024 K=2048 N=1024 b=1 m=4 n=8 k=1 (cores=32)
  op_it_space_splits={d0: 1, d1: 4, d2: 8, d3: 1}
  op_it_space_splits={d0: 1, d1: 4, d2: 8, d3: 1}
  op_it_space_splits={d0: 1, d1: 4, d2: 8, d3: 1}
  op_it_space_splits={d0: 1, d1: 4, d2: 8, d3: 1}
  op_it_space_splits={d0: 1, d1: 4, d2: 8, d3: 1}
  op_it_space_splits={d0: 1, d1: 4, d2: 8, d3: 1}
IO -- device-layout I/O (cost model, stick-padded) --
IO   op bmm [reduction]
IO     output op0                    torch [8, 1024, 1024] -> device [1024, 16, 8, 64] in HBM = 8388608 elems x 2B = 16777216 B  (hbm counted: 16777216 B)
IO     input  arg0_1                 torch [8, 1024, 2048] -> device [1024, 32, 8, 64] in HBM = 16777216 elems x 2B = 33554432 B  (hbm counted: 33554432 B)
IO     input  arg1_1                 torch [8, 2048, 1024] -> device [2048, 16, 8, 64] in HBM = 16777216 elems x 2B = 33554432 B  (hbm counted: 33554432 B)
IO   => HBM I/O total = 83886080 B  (lx 0 B, ~free)
MODEL -- estimate (turnaround): T = compute + (R+W)/BW_PEAK + a*min(R,W) --
MODEL   R=67108864 B (read)   W=16777216 B (write)   loop_trip L=1
MODEL   compute = MACs/cores/(mac_peak*pt_eff) = 17179869184/32/(1140*1.000) = 470.94 us  (M/m=256, pt_eff=1.000)
MODEL   base = R/150+W/150 = 559.24 us
MODEL   turn = a*min(R,W) = 0.00574*16777216 = 96.30 us
MODEL   => T_model = 909.85 us
MODEL FEATS [{"name":"bmm","is_reduction":true,"out_elems":8388608,"cores":32,"dtype_bytes":2,"args":[{"name":"op0","role":"output","mem":"hbm","elems":8388608,"broadcast":false,"dims":[1024,16,8,64],"logical":[8,1024,1024],"loop_factor":1},{"name":"arg0_1","role":"input","mem":"hbm","elems":16777216,"broadcast":false,"dims":[1024,32,8,64],"logical":[8,1024,2048],"loop_factor":1},{"name":"arg1_1","role":"input","mem":"hbm","elems":16777216,"broadcast":false,"dims":[2048,16,8,64],"logical":[8,2048,1024],"loop_factor":1}],"reduction_cores":1,"loop_trip":1,"tiles_output_dim":false,"tile_rows_per_core":0.0,"is_matmul":true,"matmul_macs":17179869184,"matmul_rows_per_core":256.0,"matmul_cols_per_core":128.0,"matmul_a_bytes":4194304,"matmul_b_bytes":4194304,"matmul_m_split":4,"matmul_n_split":8,"hbm_pattern":""}]
SUMMARY op=bmm_wd rows=1024 cols=2048 cores=32 tiles=0 lx=1 io_hbm_bytes=83886080 kernel_us=3670.959 pred_us=909.849 err_pct=-75.2 bw_gbps=22.9 memset_us=319.415 other_dev_us=915.833 total_dev_us=4906.207
-- bmm_wd_3d2d B=8 M=1024 K=2048 N=1024 b=1 m=4 n=8 k=1 (cores=32)
  op_it_space_splits={d0: 1, d1: 4, d2: 8, d3: 1}
  op_it_space_splits={d0: 1, d1: 4, d2: 8, d3: 1}
  op_it_space_splits={d0: 1, d1: 4, d2: 8, d3: 1}
  op_it_space_splits={d0: 1, d1: 4, d2: 8, d3: 1}
  op_it_space_splits={d0: 1, d1: 4, d2: 8, d3: 1}
  op_it_space_splits={d0: 1, d1: 4, d2: 8, d3: 1}
IO -- device-layout I/O (cost model, stick-padded) --
IO   op bmm_default [reduction]
IO     output op0                    torch [8, 1024, 1024] -> device [1024, 16, 8, 64] in HBM = 8388608 elems x 2B = 16777216 B  (hbm counted: 16777216 B)
IO     input  arg0_1                 torch [8, 1024, 2048] -> device [1024, 32, 8, 64] in HBM = 16777216 elems x 2B = 33554432 B  (hbm counted: 33554432 B)
IO     input  arg1_1                 torch [2048, 1024] -> device [16, 2048, 64] in HBM = 2097152 elems x 2B = 4194304 B  (hbm counted: 4194304 B) broadcast (loaded once)
IO   => HBM I/O total = 54525952 B  (lx 0 B, ~free)
MODEL -- estimate (turnaround): T = compute + (R+W)/BW_PEAK + a*min(R,W) --
MODEL   R=37748736 B (read)   W=16777216 B (write)   loop_trip L=1
MODEL   compute = MACs/cores/(mac_peak*pt_eff) = 17179869184/32/(1140*1.000) = 470.94 us  (M/m=256, pt_eff=1.000)
MODEL   base = R/150+W/150 = 363.51 us
MODEL   turn = a*min(R,W) = 0.00574*16777216 = 96.30 us
MODEL   => T_model = 719.24 us
MODEL FEATS [{"name":"bmm_default","is_reduction":true,"out_elems":8388608,"cores":32,"dtype_bytes":2,"args":[{"name":"op0","role":"output","mem":"hbm","elems":8388608,"broadcast":false,"dims":[1024,16,8,64],"logical":[8,1024,1024],"loop_factor":1},{"name":"arg0_1","role":"input","mem":"hbm","elems":16777216,"broadcast":false,"dims":[1024,32,8,64],"logical":[8,1024,2048],"loop_factor":1},{"name":"arg1_1","role":"input","mem":"hbm","elems":2097152,"broadcast":true,"dims":[16,2048,64],"logical":[2048,1024],"loop_factor":1}],"reduction_cores":1,"loop_trip":1,"tiles_output_dim":false,"tile_rows_per_core":0.0,"is_matmul":true,"matmul_macs":17179869184,"matmul_rows_per_core":256.0,"matmul_cols_per_core":128.0,"matmul_a_bytes":4194304,"matmul_b_bytes":4194304,"matmul_m_split":4,"matmul_n_split":8,"hbm_pattern":""}]
SUMMARY op=bmm_wd_3d2d rows=1024 cols=2048 cores=32 tiles=0 lx=1 io_hbm_bytes=54525952 kernel_us=1374.599 pred_us=719.235 err_pct=-47.7 bw_gbps=39.7 memset_us=632.869 other_dev_us=673.093 total_dev_us=2680.561
-- bmm_wd B=16 M=1024 K=2048 N=1024 b=1 m=4 n=8 k=1 (cores=32)
  op_it_space_splits={d0: 1, d1: 4, d2: 8, d3: 1}
  op_it_space_splits={d0: 1, d1: 4, d2: 8, d3: 1}
  op_it_space_splits={d0: 1, d1: 4, d2: 8, d3: 1}
  op_it_space_splits={d0: 1, d1: 4, d2: 8, d3: 1}
  op_it_space_splits={d0: 1, d1: 4, d2: 8, d3: 1}
  op_it_space_splits={d0: 1, d1: 4, d2: 8, d3: 1}
IO -- device-layout I/O (cost model, stick-padded) --
IO   op bmm [reduction]
IO     output op0                    torch [16, 1024, 1024] -> device [1024, 16, 16, 64] in HBM = 16777216 elems x 2B = 33554432 B  (hbm counted: 33554432 B)
IO     input  arg0_1                 torch [16, 1024, 2048] -> device [1024, 32, 16, 64] in HBM = 33554432 elems x 2B = 67108864 B  (hbm counted: 67108864 B)
IO     input  arg1_1                 torch [16, 2048, 1024] -> device [2048, 16, 16, 64] in HBM = 33554432 elems x 2B = 67108864 B  (hbm counted: 67108864 B)
IO   => HBM I/O total = 167772160 B  (lx 0 B, ~free)
MODEL -- estimate (turnaround): T = compute + (R+W)/BW_PEAK + a*min(R,W) --
MODEL   R=134217728 B (read)   W=33554432 B (write)   loop_trip L=1
MODEL   compute = MACs/cores/(mac_peak*pt_eff) = 34359738368/32/(1140*1.000) = 941.88 us  (M/m=256, pt_eff=1.000)
MODEL   base = R/150+W/150 = 1118.48 us
MODEL   turn = a*min(R,W) = 0.00574*33554432 = 192.60 us
MODEL   => T_model = 1819.70 us
MODEL FEATS [{"name":"bmm","is_reduction":true,"out_elems":16777216,"cores":32,"dtype_bytes":2,"args":[{"name":"op0","role":"output","mem":"hbm","elems":16777216,"broadcast":false,"dims":[1024,16,16,64],"logical":[16,1024,1024],"loop_factor":1},{"name":"arg0_1","role":"input","mem":"hbm","elems":33554432,"broadcast":false,"dims":[1024,32,16,64],"logical":[16,1024,2048],"loop_factor":1},{"name":"arg1_1","role":"input","mem":"hbm","elems":33554432,"broadcast":false,"dims":[2048,16,16,64],"logical":[16,2048,1024],"loop_factor":1}],"reduction_cores":1,"loop_trip":1,"tiles_output_dim":false,"tile_rows_per_core":0.0,"is_matmul":true,"matmul_macs":34359738368,"matmul_rows_per_core":256.0,"matmul_cols_per_core":128.0,"matmul_a_bytes":4194304,"matmul_b_bytes":4194304,"matmul_m_split":4,"matmul_n_split":8,"hbm_pattern":""}]
SUMMARY op=bmm_wd rows=1024 cols=2048 cores=32 tiles=0 lx=1 io_hbm_bytes=167772160 kernel_us=7288.720 pred_us=1819.698 err_pct=-75.0 bw_gbps=23.0 memset_us=453.143 other_dev_us=2396.014 total_dev_us=10137.877
-- bmm_wd_3d2d B=16 M=1024 K=2048 N=1024 b=1 m=4 n=8 k=1 (cores=32)
  op_it_space_splits={d0: 1, d1: 4, d2: 8, d3: 1}
  op_it_space_splits={d0: 1, d1: 4, d2: 8, d3: 1}
  op_it_space_splits={d0: 1, d1: 4, d2: 8, d3: 1}
  op_it_space_splits={d0: 1, d1: 4, d2: 8, d3: 1}
  op_it_space_splits={d0: 1, d1: 4, d2: 8, d3: 1}
  op_it_space_splits={d0: 1, d1: 4, d2: 8, d3: 1}
IO -- device-layout I/O (cost model, stick-padded) --
IO   op bmm_default [reduction]
IO     output op0                    torch [16, 1024, 1024] -> device [1024, 16, 16, 64] in HBM = 16777216 elems x 2B = 33554432 B  (hbm counted: 33554432 B)
IO     input  arg0_1                 torch [16, 1024, 2048] -> device [1024, 32, 16, 64] in HBM = 33554432 elems x 2B = 67108864 B  (hbm counted: 67108864 B)
IO     input  arg1_1                 torch [2048, 1024] -> device [16, 2048, 64] in HBM = 2097152 elems x 2B = 4194304 B  (hbm counted: 4194304 B) broadcast (loaded once)
IO   => HBM I/O total = 104857600 B  (lx 0 B, ~free)
MODEL -- estimate (turnaround): T = compute + (R+W)/BW_PEAK + a*min(R,W) --
MODEL   R=71303168 B (read)   W=33554432 B (write)   loop_trip L=1
MODEL   compute = MACs/cores/(mac_peak*pt_eff) = 34359738368/32/(1140*1.000) = 941.88 us  (M/m=256, pt_eff=1.000)
MODEL   base = R/150+W/150 = 699.05 us
MODEL   turn = a*min(R,W) = 0.00574*33554432 = 192.60 us
MODEL   => T_model = 1423.37 us
MODEL FEATS [{"name":"bmm_default","is_reduction":true,"out_elems":16777216,"cores":32,"dtype_bytes":2,"args":[{"name":"op0","role":"output","mem":"hbm","elems":16777216,"broadcast":false,"dims":[1024,16,16,64],"logical":[16,1024,1024],"loop_factor":1},{"name":"arg0_1","role":"input","mem":"hbm","elems":33554432,"broadcast":false,"dims":[1024,32,16,64],"logical":[16,1024,2048],"loop_factor":1},{"name":"arg1_1","role":"input","mem":"hbm","elems":2097152,"broadcast":true,"dims":[16,2048,64],"logical":[2048,1024],"loop_factor":1}],"reduction_cores":1,"loop_trip":1,"tiles_output_dim":false,"tile_rows_per_core":0.0,"is_matmul":true,"matmul_macs":34359738368,"matmul_rows_per_core":256.0,"matmul_cols_per_core":128.0,"matmul_a_bytes":4194304,"matmul_b_bytes":4194304,"matmul_m_split":4,"matmul_n_split":8,"hbm_pattern":""}]
SUMMARY op=bmm_wd_3d2d rows=1024 cols=2048 cores=32 tiles=0 lx=1 io_hbm_bytes=104857600 kernel_us=2760.899 pred_us=1423.371 err_pct=-48.4 bw_gbps=38.0 memset_us=521.196 other_dev_us=2248.503 total_dev_us=5530.598
-- bmm_wd B=8 M=1024 K=256 N=1024 b=1 m=4 n=8 k=1 (cores=32)
  op_it_space_splits={d0: 1, d1: 4, d2: 8, d3: 1}
  op_it_space_splits={d0: 1, d1: 4, d2: 8, d3: 1}
  op_it_space_splits={d0: 1, d1: 4, d2: 8, d3: 1}
  op_it_space_splits={d0: 1, d1: 4, d2: 8, d3: 1}
  op_it_space_splits={d0: 1, d1: 4, d2: 8, d3: 1}
  op_it_space_splits={d0: 1, d1: 4, d2: 8, d3: 1}
IO -- device-layout I/O (cost model, stick-padded) --
IO   op bmm [reduction]
IO     output op0                    torch [8, 1024, 1024] -> device [1024, 16, 8, 64] in HBM = 8388608 elems x 2B = 16777216 B  (hbm counted: 16777216 B)
IO     input  arg0_1                 torch [8, 1024, 256] -> device [1024, 4, 8, 64] in HBM = 2097152 elems x 2B = 4194304 B  (hbm counted: 4194304 B)
IO     input  arg1_1                 torch [8, 256, 1024] -> device [256, 16, 8, 64] in HBM = 2097152 elems x 2B = 4194304 B  (hbm counted: 4194304 B)
IO   => HBM I/O total = 25165824 B  (lx 0 B, ~free)
MODEL -- estimate (turnaround): T = compute + (R+W)/BW_PEAK + a*min(R,W) --
MODEL   R=8388608 B (read)   W=16777216 B (write)   loop_trip L=1
MODEL   compute = MACs/cores/(mac_peak*pt_eff) = 2147483648/32/(1140*1.000) = 58.87 us  (M/m=256, pt_eff=1.000)
MODEL   base = R/150+W/150 = 167.77 us
MODEL   turn = a*min(R,W) = 0.00574*8388608 = 48.15 us
MODEL   => T_model = 247.71 us
MODEL FEATS [{"name":"bmm","is_reduction":true,"out_elems":8388608,"cores":32,"dtype_bytes":2,"args":[{"name":"op0","role":"output","mem":"hbm","elems":8388608,"broadcast":false,"dims":[1024,16,8,64],"logical":[8,1024,1024],"loop_factor":1},{"name":"arg0_1","role":"input","mem":"hbm","elems":2097152,"broadcast":false,"dims":[1024,4,8,64],"logical":[8,1024,256],"loop_factor":1},{"name":"arg1_1","role":"input","mem":"hbm","elems":2097152,"broadcast":false,"dims":[256,16,8,64],"logical":[8,256,1024],"loop_factor":1}],"reduction_cores":1,"loop_trip":1,"tiles_output_dim":false,"tile_rows_per_core":0.0,"is_matmul":true,"matmul_macs":2147483648,"matmul_rows_per_core":256.0,"matmul_cols_per_core":128.0,"matmul_a_bytes":524288,"matmul_b_bytes":524288,"matmul_m_split":4,"matmul_n_split":8,"hbm_pattern":""}]
SUMMARY op=bmm_wd rows=1024 cols=256 cores=32 tiles=0 lx=1 io_hbm_bytes=25165824 kernel_us=666.461 pred_us=247.711 err_pct=-62.8 bw_gbps=37.8 memset_us=275.989 other_dev_us=894.963 total_dev_us=1837.413
-- bmm_wd_3d2d B=8 M=1024 K=256 N=1024 b=1 m=4 n=8 k=1 (cores=32)
  op_it_space_splits={d0: 1, d1: 4, d2: 8, d3: 1}
  op_it_space_splits={d0: 1, d1: 4, d2: 8, d3: 1}
  op_it_space_splits={d0: 1, d1: 4, d2: 8, d3: 1}
  op_it_space_splits={d0: 1, d1: 4, d2: 8, d3: 1}
  op_it_space_splits={d0: 1, d1: 4, d2: 8, d3: 1}
  op_it_space_splits={d0: 1, d1: 4, d2: 8, d3: 1}
IO -- device-layout I/O (cost model, stick-padded) --
IO   op bmm_default [reduction]
IO     output op0                    torch [8, 1024, 1024] -> device [1024, 16, 8, 64] in HBM = 8388608 elems x 2B = 16777216 B  (hbm counted: 16777216 B)
IO     input  arg0_1                 torch [8, 1024, 256] -> device [1024, 4, 8, 64] in HBM = 2097152 elems x 2B = 4194304 B  (hbm counted: 4194304 B)
IO     input  arg1_1                 torch [256, 1024] -> device [16, 256, 64] in HBM = 262144 elems x 2B = 524288 B  (hbm counted: 524288 B) broadcast (loaded once)
IO   => HBM I/O total = 21495808 B  (lx 0 B, ~free)
MODEL -- estimate (turnaround): T = compute + (R+W)/BW_PEAK + a*min(R,W) --
MODEL   R=4718592 B (read)   W=16777216 B (write)   loop_trip L=1
MODEL   compute = MACs/cores/(mac_peak*pt_eff) = 2147483648/32/(1140*1.000) = 58.87 us  (M/m=256, pt_eff=1.000)
MODEL   base = R/150+W/150 = 143.31 us
MODEL   turn = a*min(R,W) = 0.00574*4718592 = 27.08 us
MODEL   => T_model = 202.18 us
MODEL FEATS [{"name":"bmm_default","is_reduction":true,"out_elems":8388608,"cores":32,"dtype_bytes":2,"args":[{"name":"op0","role":"output","mem":"hbm","elems":8388608,"broadcast":false,"dims":[1024,16,8,64],"logical":[8,1024,1024],"loop_factor":1},{"name":"arg0_1","role":"input","mem":"hbm","elems":2097152,"broadcast":false,"dims":[1024,4,8,64],"logical":[8,1024,256],"loop_factor":1},{"name":"arg1_1","role":"input","mem":"hbm","elems":262144,"broadcast":true,"dims":[16,256,64],"logical":[256,1024],"loop_factor":1}],"reduction_cores":1,"loop_trip":1,"tiles_output_dim":false,"tile_rows_per_core":0.0,"is_matmul":true,"matmul_macs":2147483648,"matmul_rows_per_core":256.0,"matmul_cols_per_core":128.0,"matmul_a_bytes":524288,"matmul_b_bytes":524288,"matmul_m_split":4,"matmul_n_split":8,"hbm_pattern":""}]
SUMMARY op=bmm_wd_3d2d rows=1024 cols=256 cores=32 tiles=0 lx=1 io_hbm_bytes=21495808 kernel_us=332.919 pred_us=202.179 err_pct=-39.3 bw_gbps=64.6 memset_us=330.921 other_dev_us=887.852 total_dev_us=1551.692
-- bmm_wd B=8 M=1024 K=1024 N=1024 b=1 m=4 n=8 k=1 (cores=32)
  op_it_space_splits={d0: 1, d1: 4, d2: 8, d3: 1}
  op_it_space_splits={d0: 1, d1: 4, d2: 8, d3: 1}
  op_it_space_splits={d0: 1, d1: 4, d2: 8, d3: 1}
  op_it_space_splits={d0: 1, d1: 4, d2: 8, d3: 1}
  op_it_space_splits={d0: 1, d1: 4, d2: 8, d3: 1}
  op_it_space_splits={d0: 1, d1: 4, d2: 8, d3: 1}
IO -- device-layout I/O (cost model, stick-padded) --
IO   op bmm [reduction]
IO     output op0                    torch [8, 1024, 1024] -> device [1024, 16, 8, 64] in HBM = 8388608 elems x 2B = 16777216 B  (hbm counted: 16777216 B)
IO     input  arg0_1                 torch [8, 1024, 1024] -> device [1024, 16, 8, 64] in HBM = 8388608 elems x 2B = 16777216 B  (hbm counted: 16777216 B)
IO     input  arg1_1                 torch [8, 1024, 1024] -> device [1024, 16, 8, 64] in HBM = 8388608 elems x 2B = 16777216 B  (hbm counted: 16777216 B)
IO   => HBM I/O total = 50331648 B  (lx 0 B, ~free)
MODEL -- estimate (turnaround): T = compute + (R+W)/BW_PEAK + a*min(R,W) --
MODEL   R=33554432 B (read)   W=16777216 B (write)   loop_trip L=1
MODEL   compute = MACs/cores/(mac_peak*pt_eff) = 8589934592/32/(1140*1.000) = 235.47 us  (M/m=256, pt_eff=1.000)
MODEL   base = R/150+W/150 = 335.54 us
MODEL   turn = a*min(R,W) = 0.00574*16777216 = 96.30 us
MODEL   => T_model = 559.00 us
MODEL FEATS [{"name":"bmm","is_reduction":true,"out_elems":8388608,"cores":32,"dtype_bytes":2,"args":[{"name":"op0","role":"output","mem":"hbm","elems":8388608,"broadcast":false,"dims":[1024,16,8,64],"logical":[8,1024,1024],"loop_factor":1},{"name":"arg0_1","role":"input","mem":"hbm","elems":8388608,"broadcast":false,"dims":[1024,16,8,64],"logical":[8,1024,1024],"loop_factor":1},{"name":"arg1_1","role":"input","mem":"hbm","elems":8388608,"broadcast":false,"dims":[1024,16,8,64],"logical":[8,1024,1024],"loop_factor":1}],"reduction_cores":1,"loop_trip":1,"tiles_output_dim":false,"tile_rows_per_core":0.0,"is_matmul":true,"matmul_macs":8589934592,"matmul_rows_per_core":256.0,"matmul_cols_per_core":128.0,"matmul_a_bytes":2097152,"matmul_b_bytes":2097152,"matmul_m_split":4,"matmul_n_split":8,"hbm_pattern":""}]
SUMMARY op=bmm_wd rows=1024 cols=1024 cores=32 tiles=0 lx=1 io_hbm_bytes=50331648 kernel_us=1964.587 pred_us=558.999 err_pct=-71.5 bw_gbps=25.6 memset_us=363.732 other_dev_us=778.736 total_dev_us=3107.055
-- bmm_wd_3d2d B=8 M=1024 K=1024 N=1024 b=1 m=4 n=8 k=1 (cores=32)
  op_it_space_splits={d0: 1, d1: 4, d2: 8, d3: 1}
  op_it_space_splits={d0: 1, d1: 4, d2: 8, d3: 1}
  op_it_space_splits={d0: 1, d1: 4, d2: 8, d3: 1}
  op_it_space_splits={d0: 1, d1: 4, d2: 8, d3: 1}
  op_it_space_splits={d0: 1, d1: 4, d2: 8, d3: 1}
  op_it_space_splits={d0: 1, d1: 4, d2: 8, d3: 1}
IO -- device-layout I/O (cost model, stick-padded) --
IO   op bmm_default [reduction]
IO     output op0                    torch [8, 1024, 1024] -> device [1024, 16, 8, 64] in HBM = 8388608 elems x 2B = 16777216 B  (hbm counted: 16777216 B)
IO     input  arg0_1                 torch [8, 1024, 1024] -> device [1024, 16, 8, 64] in HBM = 8388608 elems x 2B = 16777216 B  (hbm counted: 16777216 B)
IO     input  arg1_1                 torch [1024, 1024] -> device [16, 1024, 64] in HBM = 1048576 elems x 2B = 2097152 B  (hbm counted: 2097152 B) broadcast (loaded once)
IO   => HBM I/O total = 35651584 B  (lx 0 B, ~free)
MODEL -- estimate (turnaround): T = compute + (R+W)/BW_PEAK + a*min(R,W) --
MODEL   R=18874368 B (read)   W=16777216 B (write)   loop_trip L=1
MODEL   compute = MACs/cores/(mac_peak*pt_eff) = 8589934592/32/(1140*1.000) = 235.47 us  (M/m=256, pt_eff=1.000)
MODEL   base = R/150+W/150 = 237.68 us
MODEL   turn = a*min(R,W) = 0.00574*16777216 = 96.30 us
MODEL   => T_model = 461.13 us
MODEL FEATS [{"name":"bmm_default","is_reduction":true,"out_elems":8388608,"cores":32,"dtype_bytes":2,"args":[{"name":"op0","role":"output","mem":"hbm","elems":8388608,"broadcast":false,"dims":[1024,16,8,64],"logical":[8,1024,1024],"loop_factor":1},{"name":"arg0_1","role":"input","mem":"hbm","elems":8388608,"broadcast":false,"dims":[1024,16,8,64],"logical":[8,1024,1024],"loop_factor":1},{"name":"arg1_1","role":"input","mem":"hbm","elems":1048576,"broadcast":true,"dims":[16,1024,64],"logical":[1024,1024],"loop_factor":1}],"reduction_cores":1,"loop_trip":1,"tiles_output_dim":false,"tile_rows_per_core":0.0,"is_matmul":true,"matmul_macs":8589934592,"matmul_rows_per_core":256.0,"matmul_cols_per_core":128.0,"matmul_a_bytes":2097152,"matmul_b_bytes":2097152,"matmul_m_split":4,"matmul_n_split":8,"hbm_pattern":""}]
SUMMARY op=bmm_wd_3d2d rows=1024 cols=1024 cores=32 tiles=0 lx=1 io_hbm_bytes=35651584 kernel_us=781.013 pred_us=461.132 err_pct=-41.0 bw_gbps=45.6 memset_us=254.095 other_dev_us=1182.087 total_dev_us=2217.195
-- bmm_wd B=8 M=1024 K=4096 N=1024 b=1 m=4 n=8 k=1 (cores=32)
  op_it_space_splits={d0: 1, d1: 4, d2: 8, d3: 1}
  op_it_space_splits={d0: 1, d1: 4, d2: 8, d3: 1}
  op_it_space_splits={d0: 1, d1: 4, d2: 8, d3: 1}
  op_it_space_splits={d0: 1, d1: 4, d2: 8, d3: 1}
  op_it_space_splits={d0: 1, d1: 4, d2: 8, d3: 1}
  op_it_space_splits={d0: 1, d1: 4, d2: 8, d3: 1}
IO -- device-layout I/O (cost model, stick-padded) --
IO   op bmm [reduction]
IO     output op0                    torch [8, 1024, 1024] -> device [1024, 16, 8, 64] in HBM = 8388608 elems x 2B = 16777216 B  (hbm counted: 16777216 B)
IO     input  arg0_1                 torch [8, 1024, 4096] -> device [1024, 64, 8, 64] in HBM = 33554432 elems x 2B = 67108864 B  (hbm counted: 67108864 B)
IO     input  arg1_1                 torch [8, 4096, 1024] -> device [4096, 16, 8, 64] in HBM = 33554432 elems x 2B = 67108864 B  (hbm counted: 67108864 B)
IO   => HBM I/O total = 150994944 B  (lx 0 B, ~free)
MODEL -- estimate (turnaround): T = compute + (R+W)/BW_PEAK + a*min(R,W) --
MODEL   R=134217728 B (read)   W=16777216 B (write)   loop_trip L=1
MODEL   compute = MACs/cores/(mac_peak*pt_eff) = 34359738368/32/(1140*1.000) = 941.88 us  (M/m=256, pt_eff=1.000)
MODEL   base = R/150+W/150 = 1006.63 us
MODEL   turn = a*min(R,W) = 0.00574*16777216 = 96.30 us
MODEL   => T_model = 1611.55 us
MODEL FEATS [{"name":"bmm","is_reduction":true,"out_elems":8388608,"cores":32,"dtype_bytes":2,"args":[{"name":"op0","role":"output","mem":"hbm","elems":8388608,"broadcast":false,"dims":[1024,16,8,64],"logical":[8,1024,1024],"loop_factor":1},{"name":"arg0_1","role":"input","mem":"hbm","elems":33554432,"broadcast":false,"dims":[1024,64,8,64],"logical":[8,1024,4096],"loop_factor":1},{"name":"arg1_1","role":"input","mem":"hbm","elems":33554432,"broadcast":false,"dims":[4096,16,8,64],"logical":[8,4096,1024],"loop_factor":1}],"reduction_cores":1,"loop_trip":1,"tiles_output_dim":false,"tile_rows_per_core":0.0,"is_matmul":true,"matmul_macs":34359738368,"matmul_rows_per_core":256.0,"matmul_cols_per_core":128.0,"matmul_a_bytes":8388608,"matmul_b_bytes":8388608,"matmul_m_split":4,"matmul_n_split":8,"hbm_pattern":""}]
SUMMARY op=bmm_wd rows=1024 cols=4096 cores=32 tiles=0 lx=1 io_hbm_bytes=150994944 kernel_us=7110.845 pred_us=1611.549 err_pct=-77.3 bw_gbps=21.2 memset_us=420.940 other_dev_us=582.609 total_dev_us=8114.394
-- bmm_wd_3d2d B=8 M=1024 K=4096 N=1024 b=1 m=4 n=8 k=1 (cores=32)
  op_it_space_splits={d0: 1, d1: 4, d2: 8, d3: 1}
  op_it_space_splits={d0: 1, d1: 4, d2: 8, d3: 1}
  op_it_space_splits={d0: 1, d1: 4, d2: 8, d3: 1}
  op_it_space_splits={d0: 1, d1: 4, d2: 8, d3: 1}
  op_it_space_splits={d0: 1, d1: 4, d2: 8, d3: 1}
  op_it_space_splits={d0: 1, d1: 4, d2: 8, d3: 1}
IO -- device-layout I/O (cost model, stick-padded) --
IO   op bmm_default [reduction]
IO     output op0                    torch [8, 1024, 1024] -> device [1024, 16, 8, 64] in HBM = 8388608 elems x 2B = 16777216 B  (hbm counted: 16777216 B)
IO     input  arg0_1                 torch [8, 1024, 4096] -> device [1024, 64, 8, 64] in HBM = 33554432 elems x 2B = 67108864 B  (hbm counted: 67108864 B)
IO     input  arg1_1                 torch [4096, 1024] -> device [16, 4096, 64] in HBM = 4194304 elems x 2B = 8388608 B  (hbm counted: 8388608 B) broadcast (loaded once)
IO   => HBM I/O total = 92274688 B  (lx 0 B, ~free)
MODEL -- estimate (turnaround): T = compute + (R+W)/BW_PEAK + a*min(R,W) --
MODEL   R=75497472 B (read)   W=16777216 B (write)   loop_trip L=1
MODEL   compute = MACs/cores/(mac_peak*pt_eff) = 34359738368/32/(1140*1.000) = 941.88 us  (M/m=256, pt_eff=1.000)
MODEL   base = R/150+W/150 = 615.16 us
MODEL   turn = a*min(R,W) = 0.00574*16777216 = 96.30 us
MODEL   => T_model = 1326.07 us
MODEL FEATS [{"name":"bmm_default","is_reduction":true,"out_elems":8388608,"cores":32,"dtype_bytes":2,"args":[{"name":"op0","role":"output","mem":"hbm","elems":8388608,"broadcast":false,"dims":[1024,16,8,64],"logical":[8,1024,1024],"loop_factor":1},{"name":"arg0_1","role":"input","mem":"hbm","elems":33554432,"broadcast":false,"dims":[1024,64,8,64],"logical":[8,1024,4096],"loop_factor":1},{"name":"arg1_1","role":"input","mem":"hbm","elems":4194304,"broadcast":true,"dims":[16,4096,64],"logical":[4096,1024],"loop_factor":1}],"reduction_cores":1,"loop_trip":1,"tiles_output_dim":false,"tile_rows_per_core":0.0,"is_matmul":true,"matmul_macs":34359738368,"matmul_rows_per_core":256.0,"matmul_cols_per_core":128.0,"matmul_a_bytes":8388608,"matmul_b_bytes":8388608,"matmul_m_split":4,"matmul_n_split":8,"hbm_pattern":""}]
SUMMARY op=bmm_wd_3d2d rows=1024 cols=4096 cores=32 tiles=0 lx=1 io_hbm_bytes=92274688 kernel_us=2662.087 pred_us=1326.070 err_pct=-50.2 bw_gbps=34.7 memset_us=334.446 other_dev_us=890.466 total_dev_us=3886.999
-- bmm_wd B=2 M=1024 K=2048 N=1024 b=2 m=2 n=2 k=1 (cores=8)
  op_it_space_splits={d0: 2, d1: 2, d2: 2, d3: 1}
  op_it_space_splits={d0: 2, d1: 2, d2: 2, d3: 1}
  op_it_space_splits={d0: 2, d1: 2, d2: 2, d3: 1}
  op_it_space_splits={d0: 2, d1: 2, d2: 2, d3: 1}
  op_it_space_splits={d0: 2, d1: 2, d2: 2, d3: 1}
  op_it_space_splits={d0: 2, d1: 2, d2: 2, d3: 1}
IO -- device-layout I/O (cost model, stick-padded) --
IO   op bmm [reduction]
IO     output op0                    torch [2, 1024, 1024] -> device [1024, 16, 2, 64] in HBM = 2097152 elems x 2B = 4194304 B  (hbm counted: 4194304 B)
IO     input  arg0_1                 torch [2, 1024, 2048] -> device [1024, 32, 2, 64] in HBM = 4194304 elems x 2B = 8388608 B  (hbm counted: 8388608 B)
IO     input  arg1_1                 torch [2, 2048, 1024] -> device [2048, 16, 2, 64] in HBM = 4194304 elems x 2B = 8388608 B  (hbm counted: 8388608 B)
IO   => HBM I/O total = 20971520 B  (lx 0 B, ~free)
MODEL -- estimate (turnaround): T = compute + (R+W)/BW_PEAK + a*min(R,W) --
MODEL   R=16777216 B (read)   W=4194304 B (write)   loop_trip L=1
MODEL   compute = MACs/cores/(mac_peak*pt_eff) = 4294967296/8/(1140*1.000) = 470.94 us  (M/m=512, pt_eff=1.000)
MODEL   base = R/150+W/150 = 139.81 us
MODEL   turn = a*min(R,W) = 0.00574*4194304 = 24.08 us
MODEL   => T_model = 586.62 us
MODEL FEATS [{"name":"bmm","is_reduction":true,"out_elems":2097152,"cores":8,"dtype_bytes":2,"args":[{"name":"op0","role":"output","mem":"hbm","elems":2097152,"broadcast":false,"dims":[1024,16,2,64],"logical":[2,1024,1024],"loop_factor":1},{"name":"arg0_1","role":"input","mem":"hbm","elems":4194304,"broadcast":false,"dims":[1024,32,2,64],"logical":[2,1024,2048],"loop_factor":1},{"name":"arg1_1","role":"input","mem":"hbm","elems":4194304,"broadcast":false,"dims":[2048,16,2,64],"logical":[2,2048,1024],"loop_factor":1}],"reduction_cores":1,"loop_trip":1,"tiles_output_dim":false,"tile_rows_per_core":0.0,"is_matmul":true,"matmul_macs":4294967296,"matmul_rows_per_core":512.0,"matmul_cols_per_core":512.0,"matmul_a_bytes":4194304,"matmul_b_bytes":4194304,"matmul_m_split":2,"matmul_n_split":2,"hbm_pattern":""}]
SUMMARY op=bmm_wd rows=1024 cols=2048 cores=8 tiles=0 lx=1 io_hbm_bytes=20971520 kernel_us=7306.204 pred_us=586.617 err_pct=-92.0 bw_gbps=2.9 memset_us=181.507 other_dev_us=251.508 total_dev_us=7739.219
-- bmm_wd B=4 M=1024 K=2048 N=1024 b=4 m=2 n=2 k=1 (cores=16)
  op_it_space_splits={d0: 4, d1: 2, d2: 2, d3: 1}
  op_it_space_splits={d0: 4, d1: 2, d2: 2, d3: 1}
  op_it_space_splits={d0: 4, d1: 2, d2: 2, d3: 1}
  op_it_space_splits={d0: 4, d1: 2, d2: 2, d3: 1}
  op_it_space_splits={d0: 4, d1: 2, d2: 2, d3: 1}
  op_it_space_splits={d0: 4, d1: 2, d2: 2, d3: 1}
IO -- device-layout I/O (cost model, stick-padded) --
IO   op bmm [reduction]
IO     output op0                    torch [4, 1024, 1024] -> device [1024, 16, 4, 64] in HBM = 4194304 elems x 2B = 8388608 B  (hbm counted: 8388608 B)
IO     input  arg0_1                 torch [4, 1024, 2048] -> device [1024, 32, 4, 64] in HBM = 8388608 elems x 2B = 16777216 B  (hbm counted: 16777216 B)
IO     input  arg1_1                 torch [4, 2048, 1024] -> device [2048, 16, 4, 64] in HBM = 8388608 elems x 2B = 16777216 B  (hbm counted: 16777216 B)
IO   => HBM I/O total = 41943040 B  (lx 0 B, ~free)
MODEL -- estimate (turnaround): T = compute + (R+W)/BW_PEAK + a*min(R,W) --
MODEL   R=33554432 B (read)   W=8388608 B (write)   loop_trip L=1
MODEL   compute = MACs/cores/(mac_peak*pt_eff) = 8589934592/16/(1140*1.000) = 470.94 us  (M/m=512, pt_eff=1.000)
MODEL   base = R/150+W/150 = 279.62 us
MODEL   turn = a*min(R,W) = 0.00574*8388608 = 48.15 us
MODEL   => T_model = 675.11 us
MODEL FEATS [{"name":"bmm","is_reduction":true,"out_elems":4194304,"cores":16,"dtype_bytes":2,"args":[{"name":"op0","role":"output","mem":"hbm","elems":4194304,"broadcast":false,"dims":[1024,16,4,64],"logical":[4,1024,1024],"loop_factor":1},{"name":"arg0_1","role":"input","mem":"hbm","elems":8388608,"broadcast":false,"dims":[1024,32,4,64],"logical":[4,1024,2048],"loop_factor":1},{"name":"arg1_1","role":"input","mem":"hbm","elems":8388608,"broadcast":false,"dims":[2048,16,4,64],"logical":[4,2048,1024],"loop_factor":1}],"reduction_cores":1,"loop_trip":1,"tiles_output_dim":false,"tile_rows_per_core":0.0,"is_matmul":true,"matmul_macs":8589934592,"matmul_rows_per_core":512.0,"matmul_cols_per_core":512.0,"matmul_a_bytes":4194304,"matmul_b_bytes":4194304,"matmul_m_split":2,"matmul_n_split":2,"hbm_pattern":""}]
SUMMARY op=bmm_wd rows=1024 cols=2048 cores=16 tiles=0 lx=1 io_hbm_bytes=41943040 kernel_us=7415.222 pred_us=675.115 err_pct=-90.9 bw_gbps=5.7 memset_us=203.867 other_dev_us=387.013 total_dev_us=8006.102
-- bmm_wd B=8 M=1024 K=2048 N=1024 b=8 m=2 n=2 k=1 (cores=32)
  op_it_space_splits={d0: 8, d1: 2, d2: 2, d3: 1}
  op_it_space_splits={d0: 8, d1: 2, d2: 2, d3: 1}
  op_it_space_splits={d0: 8, d1: 2, d2: 2, d3: 1}
  op_it_space_splits={d0: 8, d1: 2, d2: 2, d3: 1}
  op_it_space_splits={d0: 8, d1: 2, d2: 2, d3: 1}
  op_it_space_splits={d0: 8, d1: 2, d2: 2, d3: 1}
IO -- device-layout I/O (cost model, stick-padded) --
IO   op bmm [reduction]
IO     output op0                    torch [8, 1024, 1024] -> device [1024, 16, 8, 64] in HBM = 8388608 elems x 2B = 16777216 B  (hbm counted: 16777216 B)
IO     input  arg0_1                 torch [8, 1024, 2048] -> device [1024, 32, 8, 64] in HBM = 16777216 elems x 2B = 33554432 B  (hbm counted: 33554432 B)
IO     input  arg1_1                 torch [8, 2048, 1024] -> device [2048, 16, 8, 64] in HBM = 16777216 elems x 2B = 33554432 B  (hbm counted: 33554432 B)
IO   => HBM I/O total = 83886080 B  (lx 0 B, ~free)
MODEL -- estimate (turnaround): T = compute + (R+W)/BW_PEAK + a*min(R,W) --
MODEL   R=67108864 B (read)   W=16777216 B (write)   loop_trip L=1
MODEL   compute = MACs/cores/(mac_peak*pt_eff) = 17179869184/32/(1140*1.000) = 470.94 us  (M/m=512, pt_eff=1.000)
MODEL   base = R/150+W/150 = 559.24 us
MODEL   turn = a*min(R,W) = 0.00574*16777216 = 96.30 us
MODEL   => T_model = 960.18 us
MODEL FEATS [{"name":"bmm","is_reduction":true,"out_elems":8388608,"cores":32,"dtype_bytes":2,"args":[{"name":"op0","role":"output","mem":"hbm","elems":8388608,"broadcast":false,"dims":[1024,16,8,64],"logical":[8,1024,1024],"loop_factor":1},{"name":"arg0_1","role":"input","mem":"hbm","elems":16777216,"broadcast":false,"dims":[1024,32,8,64],"logical":[8,1024,2048],"loop_factor":1},{"name":"arg1_1","role":"input","mem":"hbm","elems":16777216,"broadcast":false,"dims":[2048,16,8,64],"logical":[8,2048,1024],"loop_factor":1}],"reduction_cores":1,"loop_trip":1,"tiles_output_dim":false,"tile_rows_per_core":0.0,"is_matmul":true,"matmul_macs":17179869184,"matmul_rows_per_core":512.0,"matmul_cols_per_core":512.0,"matmul_a_bytes":4194304,"matmul_b_bytes":4194304,"matmul_m_split":2,"matmul_n_split":2,"hbm_pattern":""}]
SUMMARY op=bmm_wd rows=1024 cols=2048 cores=32 tiles=0 lx=1 io_hbm_bytes=83886080 kernel_us=11084.694 pred_us=960.181 err_pct=-91.3 bw_gbps=7.6 memset_us=386.759 other_dev_us=799.109 total_dev_us=12270.562
## COARSE matmul_row tiles{1,2,4,8,16}x3 + mm_nested + k-tiling control
-- matmul_row_tiling M=2048 K=2048 N=2048 tiles=1
  op_it_space_splits={d0: 8, d1: 4, d2: 1}
IO -- device-layout I/O (cost model, stick-padded) --
IO   op mm [reduction]
IO     output op0                    torch [2048, 2048] -> device [32, 2048, 64] in HBM = 4194304 elems x 2B = 8388608 B  (hbm counted: 8388608 B)
IO     input  arg0_1                 torch [2048, 2048] -> device [32, 2048, 64] in HBM = 4194304 elems x 2B = 8388608 B  (hbm counted: 8388608 B)
IO     input  arg1_1                 torch [2048, 2048] -> device [32, 2048, 64] in HBM = 4194304 elems x 2B = 8388608 B  (hbm counted: 8388608 B)
IO   => HBM I/O total = 25165824 B  (lx 0 B, ~free)
MODEL -- estimate (turnaround): T = compute + (R+W)/BW_PEAK + a*min(R,W) --
MODEL   R=16777216 B (read)   W=8388608 B (write)   loop_trip L=1
MODEL   compute = MACs/cores/(mac_peak*pt_eff) = 8589934592/32/(1140*1.000) = 235.47 us  (M/m=256, pt_eff=1.000)
MODEL   base = R/150+W/150 = 167.77 us
MODEL   turn = a*min(R,W) = 0.00574*8388608 = 48.15 us
MODEL   => T_model = 393.41 us
MODEL FEATS [{"name":"mm","is_reduction":true,"out_elems":4194304,"cores":32,"dtype_bytes":2,"args":[{"name":"op0","role":"output","mem":"hbm","elems":4194304,"broadcast":false,"dims":[32,2048,64],"logical":[2048,2048],"loop_factor":1},{"name":"arg0_1","role":"input","mem":"hbm","elems":4194304,"broadcast":false,"dims":[32,2048,64],"logical":[2048,2048],"loop_factor":1},{"name":"arg1_1","role":"input","mem":"hbm","elems":4194304,"broadcast":false,"dims":[32,2048,64],"logical":[2048,2048],"loop_factor":1}],"reduction_cores":1,"loop_trip":1,"tiles_output_dim":false,"tile_rows_per_core":0.0,"is_matmul":true,"matmul_macs":8589934592,"matmul_rows_per_core":256.0,"matmul_cols_per_core":512.0,"matmul_a_bytes":8388608,"matmul_b_bytes":8388608,"matmul_m_split":8,"matmul_n_split":4,"hbm_pattern":""}]
SUMMARY op=matmul_row_tiling rows=2048 cols=2048 cores=32 tiles=1 lx=1 io_hbm_bytes=25165824 kernel_us=387.189 pred_us=393.408 err_pct=+1.6 bw_gbps=65.0 memset_us=163.471 other_dev_us=507.155 total_dev_us=1057.815
-- matmul_row_tiling M=2048 K=2048 N=2048 tiles=2
  op_it_space_splits={d0: 8, d1: 4, d2: 1}
  op_it_space_splits={d0: 8, d1: 4, d2: 1}
  op_it_space_splits={d0: 8, d1: 4, d2: 1}
  op_it_space_splits={d0: 8, d1: 4, d2: 1}
  op_it_space_splits={d0: 8, d1: 4, d2: 1}
  op_it_space_splits={d0: 8, d1: 4, d2: 1}
IO -- device-layout I/O (cost model, stick-padded) --
IO   op mm [reduction]
IO     output op0                    torch [2048, 2048] -> device [2048, 2048] in HBM = 4194304 elems x 2B = 8388608 B  (hbm counted: 8388608 B)
IO     input  arg0_1                 torch [2048, 2048] -> device [32, 2048, 64] in HBM = 4194304 elems x 2B = 8388608 B  (hbm counted: 8388608 B)
IO     input  arg1_1                 torch [2048, 2048] -> device [32, 2048, 64] in HBM = 4194304 elems x 2B = 8388608 B  (hbm counted: 8388608 B)
IO   => HBM I/O total = 25165824 B  (lx 0 B, ~free)
MODEL -- estimate (turnaround): T = compute + [(R+W)/BW_PEAK + a*min(R,W)] / eff_underfill --
MODEL   R=16777216 B (read)   W=8388608 B (write)   loop_trip L=2
MODEL   compute = MACs/cores/(mac_peak*pt_eff) = 8589934592/32/(1140*1.000) = 235.47 us  (M/m=128, pt_eff=1.000)
MODEL   base = R/150+W/150 = 167.77 us
MODEL   turn = a*min(R,W) = 0.00574*8388608 = 48.15 us
MODEL   eff_underfill = min(0.95,(128.0/13)**0.68) = 0.950 -> (base+turn)/eff = 227.29 us
MODEL   => T_model = 358.20 us
MODEL FEATS [{"name":"mm","is_reduction":true,"out_elems":4194304,"cores":32,"dtype_bytes":2,"args":[{"name":"op0","role":"output","mem":"hbm","elems":4194304,"broadcast":false,"dims":[2048,2048],"logical":[2048,2048],"loop_factor":1},{"name":"arg0_1","role":"input","mem":"hbm","elems":4194304,"broadcast":false,"dims":[32,2048,64],"logical":[2048,2048],"loop_factor":1},{"name":"arg1_1","role":"input","mem":"hbm","elems":4194304,"broadcast":false,"dims":[32,2048,64],"logical":[2048,2048],"loop_factor":1}],"reduction_cores":1,"loop_trip":2,"tiles_output_dim":true,"tile_rows_per_core":128,"is_matmul":true,"matmul_macs":8589934592,"matmul_rows_per_core":128.0,"matmul_cols_per_core":512.0,"matmul_a_bytes":4194304,"matmul_b_bytes":8388608,"matmul_m_split":8,"matmul_n_split":4,"hbm_pattern":""}]
SUMMARY op=matmul_row_tiling rows=2048 cols=2048 cores=32 tiles=2 lx=1 io_hbm_bytes=25165824 kernel_us=335.029 pred_us=358.205 err_pct=+6.9 bw_gbps=75.1 memset_us=230.268 other_dev_us=469.066 total_dev_us=1034.363
-- matmul_row_tiling M=2048 K=2048 N=2048 tiles=4
  op_it_space_splits={d0: 8, d1: 4, d2: 1}
  op_it_space_splits={d0: 8, d1: 4, d2: 1}
  op_it_space_splits={d0: 8, d1: 4, d2: 1}
  op_it_space_splits={d0: 8, d1: 4, d2: 1}
  op_it_space_splits={d0: 8, d1: 4, d2: 1}
  op_it_space_splits={d0: 8, d1: 4, d2: 1}
IO -- device-layout I/O (cost model, stick-padded) --
IO   op mm [reduction]
IO     output op0                    torch [2048, 2048] -> device [2048, 2048] in HBM = 4194304 elems x 2B = 8388608 B  (hbm counted: 8388608 B)
IO     input  arg0_1                 torch [2048, 2048] -> device [32, 2048, 64] in HBM = 4194304 elems x 2B = 8388608 B  (hbm counted: 8388608 B)
IO     input  arg1_1                 torch [2048, 2048] -> device [32, 2048, 64] in HBM = 4194304 elems x 2B = 8388608 B  (hbm counted: 8388608 B)
IO   => HBM I/O total = 25165824 B  (lx 0 B, ~free)
MODEL -- estimate (turnaround): T = compute + [(R+W)/BW_PEAK + a*min(R,W)] / eff_underfill --
MODEL   R=16777216 B (read)   W=8388608 B (write)   loop_trip L=4
MODEL   compute = MACs/cores/(mac_peak*pt_eff) = 8589934592/32/(1140*1.000) = 235.47 us  (M/m=64, pt_eff=1.000)
MODEL   base = R/150+W/150 = 167.77 us
MODEL   turn = a*min(R,W) = 0.00574*8388608 = 48.15 us
MODEL   eff_underfill = min(0.95,(64.0/13)**0.68) = 0.950 -> (base+turn)/eff = 227.29 us
MODEL   => T_model = 358.20 us
MODEL FEATS [{"name":"mm","is_reduction":true,"out_elems":4194304,"cores":32,"dtype_bytes":2,"args":[{"name":"op0","role":"output","mem":"hbm","elems":4194304,"broadcast":false,"dims":[2048,2048],"logical":[2048,2048],"loop_factor":1},{"name":"arg0_1","role":"input","mem":"hbm","elems":4194304,"broadcast":false,"dims":[32,2048,64],"logical":[2048,2048],"loop_factor":1},{"name":"arg1_1","role":"input","mem":"hbm","elems":4194304,"broadcast":false,"dims":[32,2048,64],"logical":[2048,2048],"loop_factor":1}],"reduction_cores":1,"loop_trip":4,"tiles_output_dim":true,"tile_rows_per_core":64,"is_matmul":true,"matmul_macs":8589934592,"matmul_rows_per_core":64.0,"matmul_cols_per_core":512.0,"matmul_a_bytes":2097152,"matmul_b_bytes":8388608,"matmul_m_split":8,"matmul_n_split":4,"hbm_pattern":""}]
SUMMARY op=matmul_row_tiling rows=2048 cols=2048 cores=32 tiles=4 lx=1 io_hbm_bytes=25165824 kernel_us=434.210 pred_us=358.205 err_pct=-17.5 bw_gbps=58.0 memset_us=243.954 other_dev_us=383.890 total_dev_us=1062.054
-- matmul_row_tiling M=2048 K=2048 N=2048 tiles=8
  op_it_space_splits={d0: 8, d1: 4, d2: 1}
  op_it_space_splits={d0: 8, d1: 4, d2: 1}
  op_it_space_splits={d0: 8, d1: 4, d2: 1}
  op_it_space_splits={d0: 8, d1: 4, d2: 1}
  op_it_space_splits={d0: 8, d1: 4, d2: 1}
  op_it_space_splits={d0: 8, d1: 4, d2: 1}
IO -- device-layout I/O (cost model, stick-padded) --
IO   op mm [reduction]
IO     output op0                    torch [2048, 2048] -> device [2048, 2048] in HBM = 4194304 elems x 2B = 8388608 B  (hbm counted: 8388608 B)
IO     input  arg0_1                 torch [2048, 2048] -> device [32, 2048, 64] in HBM = 4194304 elems x 2B = 8388608 B  (hbm counted: 8388608 B)
IO     input  arg1_1                 torch [2048, 2048] -> device [32, 2048, 64] in HBM = 4194304 elems x 2B = 8388608 B  (hbm counted: 8388608 B)
IO   => HBM I/O total = 25165824 B  (lx 0 B, ~free)
MODEL -- estimate (turnaround): T = compute + [(R+W)/BW_PEAK + a*min(R,W)] / eff_underfill --
MODEL   R=16777216 B (read)   W=8388608 B (write)   loop_trip L=8
MODEL   compute = MACs/cores/(mac_peak*pt_eff) = 8589934592/32/(1140*0.785) = 300.12 us  (M/m=32, pt_eff=0.785)
MODEL   base = R/150+W/150 = 167.77 us
MODEL   turn = a*min(R,W) = 0.00574*8388608 = 48.15 us
MODEL   eff_underfill = min(0.95,(32.0/13)**0.68) = 0.950 -> (base+turn)/eff = 227.29 us
MODEL   => T_model = 358.20 us
MODEL FEATS [{"name":"mm","is_reduction":true,"out_elems":4194304,"cores":32,"dtype_bytes":2,"args":[{"name":"op0","role":"output","mem":"hbm","elems":4194304,"broadcast":false,"dims":[2048,2048],"logical":[2048,2048],"loop_factor":1},{"name":"arg0_1","role":"input","mem":"hbm","elems":4194304,"broadcast":false,"dims":[32,2048,64],"logical":[2048,2048],"loop_factor":1},{"name":"arg1_1","role":"input","mem":"hbm","elems":4194304,"broadcast":false,"dims":[32,2048,64],"logical":[2048,2048],"loop_factor":1}],"reduction_cores":1,"loop_trip":8,"tiles_output_dim":true,"tile_rows_per_core":32,"is_matmul":true,"matmul_macs":8589934592,"matmul_rows_per_core":32.0,"matmul_cols_per_core":512.0,"matmul_a_bytes":1048576,"matmul_b_bytes":8388608,"matmul_m_split":8,"matmul_n_split":4,"hbm_pattern":""}]
SUMMARY op=matmul_row_tiling rows=2048 cols=2048 cores=32 tiles=8 lx=1 io_hbm_bytes=25165824 kernel_us=653.418 pred_us=358.205 err_pct=-45.2 bw_gbps=38.5 memset_us=263.682 other_dev_us=289.799 total_dev_us=1206.899
-- matmul_row_tiling M=2048 K=2048 N=2048 tiles=16
  op_it_space_splits={d0: 4, d1: 8, d2: 1}
  op_it_space_splits={d0: 4, d1: 8, d2: 1}
  op_it_space_splits={d0: 4, d1: 8, d2: 1}
  op_it_space_splits={d0: 4, d1: 8, d2: 1}
  op_it_space_splits={d0: 4, d1: 8, d2: 1}
  op_it_space_splits={d0: 4, d1: 8, d2: 1}
IO -- device-layout I/O (cost model, stick-padded) --
IO   op mm [reduction]
IO     output op0                    torch [2048, 2048] -> device [2048, 2048] in HBM = 4194304 elems x 2B = 8388608 B  (hbm counted: 8388608 B)
IO     input  arg0_1                 torch [2048, 2048] -> device [32, 2048, 64] in HBM = 4194304 elems x 2B = 8388608 B  (hbm counted: 8388608 B)
IO     input  arg1_1                 torch [2048, 2048] -> device [32, 2048, 64] in HBM = 4194304 elems x 2B = 8388608 B  (hbm counted: 8388608 B)
IO   => HBM I/O total = 25165824 B  (lx 0 B, ~free)
MODEL -- estimate (turnaround): T = compute + [(R+W)/BW_PEAK + a*min(R,W)] / eff_underfill --
MODEL   R=16777216 B (read)   W=8388608 B (write)   loop_trip L=16
MODEL   compute = MACs/cores/(mac_peak*pt_eff) = 8589934592/32/(1140*0.785) = 300.12 us  (M/m=32, pt_eff=0.785)
MODEL   base = R/150+W/150 = 167.77 us
MODEL   turn = a*min(R,W) = 0.00574*8388608 = 48.15 us
MODEL   eff_underfill = min(0.95,(32.0/13)**0.68) = 0.950 -> (base+turn)/eff = 227.29 us
MODEL   => T_model = 358.20 us
MODEL FEATS [{"name":"mm","is_reduction":true,"out_elems":4194304,"cores":32,"dtype_bytes":2,"args":[{"name":"op0","role":"output","mem":"hbm","elems":4194304,"broadcast":false,"dims":[2048,2048],"logical":[2048,2048],"loop_factor":1},{"name":"arg0_1","role":"input","mem":"hbm","elems":4194304,"broadcast":false,"dims":[32,2048,64],"logical":[2048,2048],"loop_factor":1},{"name":"arg1_1","role":"input","mem":"hbm","elems":4194304,"broadcast":false,"dims":[32,2048,64],"logical":[2048,2048],"loop_factor":1}],"reduction_cores":1,"loop_trip":16,"tiles_output_dim":true,"tile_rows_per_core":32,"is_matmul":true,"matmul_macs":8589934592,"matmul_rows_per_core":32.0,"matmul_cols_per_core":256.0,"matmul_a_bytes":524288,"matmul_b_bytes":8388608,"matmul_m_split":4,"matmul_n_split":8,"hbm_pattern":""}]
SUMMARY op=matmul_row_tiling rows=2048 cols=2048 cores=32 tiles=16 lx=1 io_hbm_bytes=25165824 kernel_us=998.860 pred_us=358.205 err_pct=-64.1 bw_gbps=25.2 memset_us=249.702 other_dev_us=300.105 total_dev_us=1548.667
-- matmul_row_tiling M=4096 K=2048 N=2048 tiles=1
  op_it_space_splits={d0: 8, d1: 4, d2: 1}
IO -- device-layout I/O (cost model, stick-padded) --
IO   op mm [reduction]
IO     output op0                    torch [4096, 2048] -> device [32, 4096, 64] in HBM = 8388608 elems x 2B = 16777216 B  (hbm counted: 16777216 B)
IO     input  arg0_1                 torch [4096, 2048] -> device [32, 4096, 64] in HBM = 8388608 elems x 2B = 16777216 B  (hbm counted: 16777216 B)
IO     input  arg1_1                 torch [2048, 2048] -> device [32, 2048, 64] in HBM = 4194304 elems x 2B = 8388608 B  (hbm counted: 8388608 B)
IO   => HBM I/O total = 41943040 B  (lx 0 B, ~free)
MODEL -- estimate (turnaround): T = compute + (R+W)/BW_PEAK + a*min(R,W) --
MODEL   R=25165824 B (read)   W=16777216 B (write)   loop_trip L=1
MODEL   compute = MACs/cores/(mac_peak*pt_eff) = 17179869184/32/(1140*1.000) = 470.94 us  (M/m=512, pt_eff=1.000)
MODEL   base = R/150+W/150 = 279.62 us
MODEL   turn = a*min(R,W) = 0.00574*16777216 = 96.30 us
MODEL   => T_model = 781.22 us
MODEL FEATS [{"name":"mm","is_reduction":true,"out_elems":8388608,"cores":32,"dtype_bytes":2,"args":[{"name":"op0","role":"output","mem":"hbm","elems":8388608,"broadcast":false,"dims":[32,4096,64],"logical":[4096,2048],"loop_factor":1},{"name":"arg0_1","role":"input","mem":"hbm","elems":8388608,"broadcast":false,"dims":[32,4096,64],"logical":[4096,2048],"loop_factor":1},{"name":"arg1_1","role":"input","mem":"hbm","elems":4194304,"broadcast":false,"dims":[32,2048,64],"logical":[2048,2048],"loop_factor":1}],"reduction_cores":1,"loop_trip":1,"tiles_output_dim":false,"tile_rows_per_core":0.0,"is_matmul":true,"matmul_macs":17179869184,"matmul_rows_per_core":512.0,"matmul_cols_per_core":512.0,"matmul_a_bytes":16777216,"matmul_b_bytes":8388608,"matmul_m_split":8,"matmul_n_split":4,"hbm_pattern":""}]
SUMMARY op=matmul_row_tiling rows=4096 cols=2048 cores=32 tiles=1 lx=1 io_hbm_bytes=41943040 kernel_us=835.026 pred_us=781.224 err_pct=-6.4 bw_gbps=50.2 memset_us=264.685 other_dev_us=818.448 total_dev_us=1918.159
-- matmul_row_tiling M=4096 K=2048 N=2048 tiles=2
  op_it_space_splits={d0: 8, d1: 4, d2: 1}
  op_it_space_splits={d0: 8, d1: 4, d2: 1}
  op_it_space_splits={d0: 8, d1: 4, d2: 1}
  op_it_space_splits={d0: 8, d1: 4, d2: 1}
  op_it_space_splits={d0: 8, d1: 4, d2: 1}
  op_it_space_splits={d0: 8, d1: 4, d2: 1}
IO -- device-layout I/O (cost model, stick-padded) --
IO   op mm [reduction]
IO     output op0                    torch [4096, 2048] -> device [4096, 2048] in HBM = 8388608 elems x 2B = 16777216 B  (hbm counted: 16777216 B)
IO     input  arg0_1                 torch [4096, 2048] -> device [32, 4096, 64] in HBM = 8388608 elems x 2B = 16777216 B  (hbm counted: 16777216 B)
IO     input  arg1_1                 torch [2048, 2048] -> device [32, 2048, 64] in HBM = 4194304 elems x 2B = 8388608 B  (hbm counted: 8388608 B)
IO   => HBM I/O total = 41943040 B  (lx 0 B, ~free)
MODEL -- estimate (turnaround): T = compute + [(R+W)/BW_PEAK + a*min(R,W)] / eff_underfill --
MODEL   R=25165824 B (read)   W=16777216 B (write)   loop_trip L=2
MODEL   compute = MACs/cores/(mac_peak*pt_eff) = 17179869184/32/(1140*1.000) = 470.94 us  (M/m=256, pt_eff=1.000)
MODEL   base = R/150+W/150 = 279.62 us
MODEL   turn = a*min(R,W) = 0.00574*16777216 = 96.30 us
MODEL   eff_underfill = min(0.95,(256.0/13)**0.68) = 0.950 -> (base+turn)/eff = 395.71 us
MODEL   => T_model = 713.23 us
MODEL FEATS [{"name":"mm","is_reduction":true,"out_elems":8388608,"cores":32,"dtype_bytes":2,"args":[{"name":"op0","role":"output","mem":"hbm","elems":8388608,"broadcast":false,"dims":[4096,2048],"logical":[4096,2048],"loop_factor":1},{"name":"arg0_1","role":"input","mem":"hbm","elems":8388608,"broadcast":false,"dims":[32,4096,64],"logical":[4096,2048],"loop_factor":1},{"name":"arg1_1","role":"input","mem":"hbm","elems":4194304,"broadcast":false,"dims":[32,2048,64],"logical":[2048,2048],"loop_factor":1}],"reduction_cores":1,"loop_trip":2,"tiles_output_dim":true,"tile_rows_per_core":256,"is_matmul":true,"matmul_macs":17179869184,"matmul_rows_per_core":256.0,"matmul_cols_per_core":512.0,"matmul_a_bytes":8388608,"matmul_b_bytes":8388608,"matmul_m_split":8,"matmul_n_split":4,"hbm_pattern":""}]
SUMMARY op=matmul_row_tiling rows=4096 cols=2048 cores=32 tiles=2 lx=1 io_hbm_bytes=41943040 kernel_us=774.173 pred_us=713.231 err_pct=-7.9 bw_gbps=54.2 memset_us=255.025 other_dev_us=949.685 total_dev_us=1978.883
-- matmul_row_tiling M=4096 K=2048 N=2048 tiles=4
  op_it_space_splits={d0: 8, d1: 4, d2: 1}
  op_it_space_splits={d0: 8, d1: 4, d2: 1}
  op_it_space_splits={d0: 8, d1: 4, d2: 1}
  op_it_space_splits={d0: 8, d1: 4, d2: 1}
  op_it_space_splits={d0: 8, d1: 4, d2: 1}
  op_it_space_splits={d0: 8, d1: 4, d2: 1}
IO -- device-layout I/O (cost model, stick-padded) --
IO   op mm [reduction]
IO     output op0                    torch [4096, 2048] -> device [4096, 2048] in HBM = 8388608 elems x 2B = 16777216 B  (hbm counted: 16777216 B)
IO     input  arg0_1                 torch [4096, 2048] -> device [32, 4096, 64] in HBM = 8388608 elems x 2B = 16777216 B  (hbm counted: 16777216 B)
IO     input  arg1_1                 torch [2048, 2048] -> device [32, 2048, 64] in HBM = 4194304 elems x 2B = 8388608 B  (hbm counted: 8388608 B)
IO   => HBM I/O total = 41943040 B  (lx 0 B, ~free)
MODEL -- estimate (turnaround): T = compute + [(R+W)/BW_PEAK + a*min(R,W)] / eff_underfill --
MODEL   R=25165824 B (read)   W=16777216 B (write)   loop_trip L=4
MODEL   compute = MACs/cores/(mac_peak*pt_eff) = 17179869184/32/(1140*1.000) = 470.94 us  (M/m=128, pt_eff=1.000)
MODEL   base = R/150+W/150 = 279.62 us
MODEL   turn = a*min(R,W) = 0.00574*16777216 = 96.30 us
MODEL   eff_underfill = min(0.95,(128.0/13)**0.68) = 0.950 -> (base+turn)/eff = 395.71 us
MODEL   => T_model = 684.62 us
MODEL FEATS [{"name":"mm","is_reduction":true,"out_elems":8388608,"cores":32,"dtype_bytes":2,"args":[{"name":"op0","role":"output","mem":"hbm","elems":8388608,"broadcast":false,"dims":[4096,2048],"logical":[4096,2048],"loop_factor":1},{"name":"arg0_1","role":"input","mem":"hbm","elems":8388608,"broadcast":false,"dims":[32,4096,64],"logical":[4096,2048],"loop_factor":1},{"name":"arg1_1","role":"input","mem":"hbm","elems":4194304,"broadcast":false,"dims":[32,2048,64],"logical":[2048,2048],"loop_factor":1}],"reduction_cores":1,"loop_trip":4,"tiles_output_dim":true,"tile_rows_per_core":128,"is_matmul":true,"matmul_macs":17179869184,"matmul_rows_per_core":128.0,"matmul_cols_per_core":512.0,"matmul_a_bytes":4194304,"matmul_b_bytes":8388608,"matmul_m_split":8,"matmul_n_split":4,"hbm_pattern":""}]
SUMMARY op=matmul_row_tiling rows=4096 cols=2048 cores=32 tiles=4 lx=1 io_hbm_bytes=41943040 kernel_us=677.669 pred_us=684.621 err_pct=+1.0 bw_gbps=61.9 memset_us=345.500 other_dev_us=1056.205 total_dev_us=2079.374
-- matmul_row_tiling M=4096 K=2048 N=2048 tiles=8
  op_it_space_splits={d0: 8, d1: 4, d2: 1}
  op_it_space_splits={d0: 8, d1: 4, d2: 1}
  op_it_space_splits={d0: 8, d1: 4, d2: 1}
  op_it_space_splits={d0: 8, d1: 4, d2: 1}
  op_it_space_splits={d0: 8, d1: 4, d2: 1}
  op_it_space_splits={d0: 8, d1: 4, d2: 1}
IO -- device-layout I/O (cost model, stick-padded) --
IO   op mm [reduction]
IO     output op0                    torch [4096, 2048] -> device [4096, 2048] in HBM = 8388608 elems x 2B = 16777216 B  (hbm counted: 16777216 B)
IO     input  arg0_1                 torch [4096, 2048] -> device [32, 4096, 64] in HBM = 8388608 elems x 2B = 16777216 B  (hbm counted: 16777216 B)
IO     input  arg1_1                 torch [2048, 2048] -> device [32, 2048, 64] in HBM = 4194304 elems x 2B = 8388608 B  (hbm counted: 8388608 B)
IO   => HBM I/O total = 41943040 B  (lx 0 B, ~free)
MODEL -- estimate (turnaround): T = compute + [(R+W)/BW_PEAK + a*min(R,W)] / eff_underfill --
MODEL   R=25165824 B (read)   W=16777216 B (write)   loop_trip L=8
MODEL   compute = MACs/cores/(mac_peak*pt_eff) = 17179869184/32/(1140*1.000) = 470.94 us  (M/m=64, pt_eff=1.000)
MODEL   base = R/150+W/150 = 279.62 us
MODEL   turn = a*min(R,W) = 0.00574*16777216 = 96.30 us
MODEL   eff_underfill = min(0.95,(64.0/13)**0.68) = 0.950 -> (base+turn)/eff = 395.71 us
MODEL   => T_model = 684.62 us
MODEL FEATS [{"name":"mm","is_reduction":true,"out_elems":8388608,"cores":32,"dtype_bytes":2,"args":[{"name":"op0","role":"output","mem":"hbm","elems":8388608,"broadcast":false,"dims":[4096,2048],"logical":[4096,2048],"loop_factor":1},{"name":"arg0_1","role":"input","mem":"hbm","elems":8388608,"broadcast":false,"dims":[32,4096,64],"logical":[4096,2048],"loop_factor":1},{"name":"arg1_1","role":"input","mem":"hbm","elems":4194304,"broadcast":false,"dims":[32,2048,64],"logical":[2048,2048],"loop_factor":1}],"reduction_cores":1,"loop_trip":8,"tiles_output_dim":true,"tile_rows_per_core":64,"is_matmul":true,"matmul_macs":17179869184,"matmul_rows_per_core":64.0,"matmul_cols_per_core":512.0,"matmul_a_bytes":2097152,"matmul_b_bytes":8388608,"matmul_m_split":8,"matmul_n_split":4,"hbm_pattern":""}]
SUMMARY op=matmul_row_tiling rows=4096 cols=2048 cores=32 tiles=8 lx=1 io_hbm_bytes=41943040 kernel_us=871.694 pred_us=684.621 err_pct=-21.5 bw_gbps=48.1 memset_us=306.545 other_dev_us=802.048 total_dev_us=1980.287
-- matmul_row_tiling M=4096 K=2048 N=2048 tiles=16
  op_it_space_splits={d0: 8, d1: 4, d2: 1}
  op_it_space_splits={d0: 8, d1: 4, d2: 1}
  op_it_space_splits={d0: 8, d1: 4, d2: 1}
  op_it_space_splits={d0: 8, d1: 4, d2: 1}
  op_it_space_splits={d0: 8, d1: 4, d2: 1}
  op_it_space_splits={d0: 8, d1: 4, d2: 1}
IO -- device-layout I/O (cost model, stick-padded) --
IO   op mm [reduction]
IO     output op0                    torch [4096, 2048] -> device [4096, 2048] in HBM = 8388608 elems x 2B = 16777216 B  (hbm counted: 16777216 B)
IO     input  arg0_1                 torch [4096, 2048] -> device [32, 4096, 64] in HBM = 8388608 elems x 2B = 16777216 B  (hbm counted: 16777216 B)
IO     input  arg1_1                 torch [2048, 2048] -> device [32, 2048, 64] in HBM = 4194304 elems x 2B = 8388608 B  (hbm counted: 8388608 B)
IO   => HBM I/O total = 41943040 B  (lx 0 B, ~free)
MODEL -- estimate (turnaround): T = compute + [(R+W)/BW_PEAK + a*min(R,W)] / eff_underfill --
MODEL   R=25165824 B (read)   W=16777216 B (write)   loop_trip L=16
MODEL   compute = MACs/cores/(mac_peak*pt_eff) = 17179869184/32/(1140*0.785) = 600.24 us  (M/m=32, pt_eff=0.785)
MODEL   base = R/150+W/150 = 279.62 us
MODEL   turn = a*min(R,W) = 0.00574*16777216 = 96.30 us
MODEL   eff_underfill = min(0.95,(32.0/13)**0.68) = 0.950 -> (base+turn)/eff = 395.71 us
MODEL   => T_model = 684.62 us
MODEL FEATS [{"name":"mm","is_reduction":true,"out_elems":8388608,"cores":32,"dtype_bytes":2,"args":[{"name":"op0","role":"output","mem":"hbm","elems":8388608,"broadcast":false,"dims":[4096,2048],"logical":[4096,2048],"loop_factor":1},{"name":"arg0_1","role":"input","mem":"hbm","elems":8388608,"broadcast":false,"dims":[32,4096,64],"logical":[4096,2048],"loop_factor":1},{"name":"arg1_1","role":"input","mem":"hbm","elems":4194304,"broadcast":false,"dims":[32,2048,64],"logical":[2048,2048],"loop_factor":1}],"reduction_cores":1,"loop_trip":16,"tiles_output_dim":true,"tile_rows_per_core":32,"is_matmul":true,"matmul_macs":17179869184,"matmul_rows_per_core":32.0,"matmul_cols_per_core":512.0,"matmul_a_bytes":1048576,"matmul_b_bytes":8388608,"matmul_m_split":8,"matmul_n_split":4,"hbm_pattern":""}]
SUMMARY op=matmul_row_tiling rows=4096 cols=2048 cores=32 tiles=16 lx=1 io_hbm_bytes=41943040 kernel_us=1308.651 pred_us=684.621 err_pct=-47.7 bw_gbps=32.1 memset_us=394.546 other_dev_us=716.522 total_dev_us=2419.719
-- mm_nested_m_k M=2048 K=2048 N=2048 tiles=1
  op_it_space_splits={d0: 8, d1: 4, d2: 1}
IO -- device-layout I/O (cost model, stick-padded) --
IO   op mm [reduction]
IO     output op0                    torch [2048, 2048] -> device [32, 2048, 64] in HBM = 4194304 elems x 2B = 8388608 B  (hbm counted: 8388608 B)
IO     input  arg0_1                 torch [2048, 2048] -> device [32, 2048, 64] in HBM = 4194304 elems x 2B = 8388608 B  (hbm counted: 8388608 B)
IO     input  arg1_1                 torch [2048, 2048] -> device [32, 2048, 64] in HBM = 4194304 elems x 2B = 8388608 B  (hbm counted: 8388608 B)
IO   => HBM I/O total = 25165824 B  (lx 0 B, ~free)
MODEL -- estimate (turnaround): T = compute + (R+W)/BW_PEAK + a*min(R,W) --
MODEL   R=16777216 B (read)   W=8388608 B (write)   loop_trip L=1
MODEL   compute = MACs/cores/(mac_peak*pt_eff) = 8589934592/32/(1140*1.000) = 235.47 us  (M/m=256, pt_eff=1.000)
MODEL   base = R/150+W/150 = 167.77 us
MODEL   turn = a*min(R,W) = 0.00574*8388608 = 48.15 us
MODEL   => T_model = 393.41 us
MODEL FEATS [{"name":"mm","is_reduction":true,"out_elems":4194304,"cores":32,"dtype_bytes":2,"args":[{"name":"op0","role":"output","mem":"hbm","elems":4194304,"broadcast":false,"dims":[32,2048,64],"logical":[2048,2048],"loop_factor":1},{"name":"arg0_1","role":"input","mem":"hbm","elems":4194304,"broadcast":false,"dims":[32,2048,64],"logical":[2048,2048],"loop_factor":1},{"name":"arg1_1","role":"input","mem":"hbm","elems":4194304,"broadcast":false,"dims":[32,2048,64],"logical":[2048,2048],"loop_factor":1}],"reduction_cores":1,"loop_trip":1,"tiles_output_dim":false,"tile_rows_per_core":0.0,"is_matmul":true,"matmul_macs":8589934592,"matmul_rows_per_core":256.0,"matmul_cols_per_core":512.0,"matmul_a_bytes":8388608,"matmul_b_bytes":8388608,"matmul_m_split":8,"matmul_n_split":4,"hbm_pattern":""}]
SUMMARY op=mm_nested_m_k rows=2048 cols=2048 cores=32 tiles=1 lx=1 io_hbm_bytes=25165824 kernel_us=382.237 pred_us=393.408 err_pct=+2.9 bw_gbps=65.8 memset_us=166.410 other_dev_us=499.183 total_dev_us=1047.830
-- mm_nested_m_k M=2048 K=2048 N=2048 tiles=2
  op_it_space_splits={d0: 32, d1: 1}
  op_it_space_splits={d0: 8, d1: 4, d2: 1}
  op_it_space_splits={d0: 32, d1: 1}
  op_it_space_splits={d0: 32, d1: 1}
  op_it_space_splits={d0: 32, d1: 1}
  op_it_space_splits={d0: 8, d1: 4, d2: 1}
  op_it_space_splits={d0: 32, d1: 1}
  op_it_space_splits={d0: 32, d1: 1}
  op_it_space_splits={d0: 32, d1: 1}
  op_it_space_splits={d0: 8, d1: 4, d2: 1}
  op_it_space_splits={d0: 32, d1: 1}
  op_it_space_splits={d0: 32, d1: 1}
  op_it_space_splits={d0: 32, d1: 1}
  op_it_space_splits={d0: 8, d1: 4, d2: 1}
  op_it_space_splits={d0: 32, d1: 1}
  op_it_space_splits={d0: 32, d1: 1}
  op_it_space_splits={d0: 32, d1: 1}
  op_it_space_splits={d0: 8, d1: 4, d2: 1}
  op_it_space_splits={d0: 32, d1: 1}
  op_it_space_splits={d0: 32, d1: 1}
  op_it_space_splits={d0: 32, d1: 1}
  op_it_space_splits={d0: 8, d1: 4, d2: 1}
  op_it_space_splits={d0: 32, d1: 1}
  op_it_space_splits={d0: 32, d1: 1}
IO -- device-layout I/O (cost model, stick-padded) --
IO   op Pointwise
IO     output coarse_tile_fill_buf0  torch [1024, 2048] -> device [1024, 2048] in HBM = 2097152 elems x 2B = 4194304 B  (hbm counted: 4194304 B)
IO     input  buf3                   device [1, 64] in HBM = 64 elems x 2B = 128 B  (hbm counted: 128 B) broadcast (loaded once)
IO   op mm [reduction]
IO     output op0                    torch [1024, 2048] -> device [32, 1024, 64] in HBM = 2097152 elems x 2B = 4194304 B  (hbm counted: 4194304 B)
IO     input  arg0_1                 torch [2048, 2048] -> device [32, 2048, 64] in HBM = 4194304 elems x 2B = 8388608 B  (hbm counted: 8388608 B)
IO     input  arg1_1                 torch [2048, 2048] -> device [32, 2048, 64] in HBM = 4194304 elems x 2B = 8388608 B  (hbm counted: 8388608 B)
IO   op Pointwise
IO     output coarse_tile_combine_buf0 torch [1024, 2048] -> device [1024, 2048] in HBM = 2097152 elems x 2B = 4194304 B  (hbm counted: 4194304 B)
IO     input  buf0                   torch [1024, 2048] -> device [32, 1024, 64] in HBM = 2097152 elems x 2B = 4194304 B  (hbm counted: 4194304 B)
IO     input  buf2                   torch [1024, 2048] -> device [32, 1024, 64] in HBM = 2097152 elems x 2B = 4194304 B  (hbm counted: 4194304 B)
IO   op Pointwise
IO     output coarse_tile_reduce_copy_buf0 torch [2048, 2048] -> device [2048, 2048] in HBM = 4194304 elems x 2B = 8388608 B  (hbm counted: 8388608 B)
IO     input  buf2                   torch [1024, 2048] -> device [32, 1024, 64] in HBM = 2097152 elems x 2B = 4194304 B  (hbm counted: 4194304 B)
IO   => HBM I/O total = 50331776 B  (lx 0 B, ~free)
MODEL -- estimate (turnaround): T = compute + [(R+W)/BW_PEAK + a*min(R,W)] / eff_underfill --
MODEL   R=29360256 B (read)   W=20971520 B (write)   loop_trip L=4
MODEL   compute = MACs/cores/(mac_peak*pt_eff) = 2147483648/32/(1140*1.000) = 58.87 us  (M/m=128, pt_eff=1.000)
MODEL   base = R/150+W/150 = 335.55 us
MODEL   turn = a*min(R,W) = 0.00574*20971520 = 120.38 us
MODEL   eff_underfill = min(0.95,(8.0/13)**0.68) = 0.719 -> (base+turn)/eff = 634.26 us
MODEL   => T_model = 668.57 us
MODEL FEATS [{"name":"Pointwise","is_reduction":false,"out_elems":2097152,"cores":32,"dtype_bytes":2,"args":[{"name":"coarse_tile_fill_buf0","role":"output","mem":"hbm","elems":2097152,"broadcast":false,"dims":[1024,2048],"logical":[1024,2048],"loop_factor":1},{"name":"buf3","role":"input","mem":"hbm","elems":64,"broadcast":true,"dims":[1,64],"logical":[],"loop_factor":1}],"reduction_cores":1,"loop_trip":2,"tiles_output_dim":true,"tile_rows_per_core":16,"is_matmul":false,"matmul_macs":0,"matmul_rows_per_core":0.0,"matmul_cols_per_core":0.0,"matmul_a_bytes":0,"matmul_b_bytes":0,"matmul_m_split":1,"matmul_n_split":1,"hbm_pattern":""},{"name":"mm","is_reduction":true,"out_elems":2097152,"cores":32,"dtype_bytes":2,"args":[{"name":"op0","role":"output","mem":"hbm","elems":2097152,"broadcast":false,"dims":[32,1024,64],"logical":[1024,2048],"loop_factor":1},{"name":"arg0_1","role":"input","mem":"hbm","elems":4194304,"broadcast":false,"dims":[32,2048,64],"logical":[2048,2048],"loop_factor":1},{"name":"arg1_1","role":"input","mem":"hbm","elems":4194304,"broadcast":false,"dims":[32,2048,64],"logical":[2048,2048],"loop_factor":1}],"reduction_cores":1,"loop_trip":4,"tiles_output_dim":true,"tile_rows_per_core":32.0,"is_matmul":true,"matmul_macs":2147483648,"matmul_rows_per_core":128.0,"matmul_cols_per_core":512.0,"matmul_a_bytes":2097152,"matmul_b_bytes":4194304,"matmul_m_split":8,"matmul_n_split":4,"hbm_pattern":""},{"name":"Pointwise","is_reduction":false,"out_elems":2097152,"cores":32,"dtype_bytes":2,"args":[{"name":"coarse_tile_combine_buf0","role":"output","mem":"hbm","elems":2097152,"broadcast":false,"dims":[1024,2048],"logical":[1024,2048],"loop_factor":1},{"name":"buf0","role":"input","mem":"hbm","elems":2097152,"broadcast":false,"dims":[32,1024,64],"logical":[1024,2048],"loop_factor":1},{"name":"buf2","role":"input","mem":"hbm","elems":2097152,"broadcast":false,"dims":[32,1024,64],"logical":[1024,2048],"loop_factor":1}],"reduction_cores":1,"loop_trip":4,"tiles_output_dim":true,"tile_rows_per_core":8,"is_matmul":false,"matmul_macs":0,"matmul_rows_per_core":0.0,"matmul_cols_per_core":0.0,"matmul_a_bytes":0,"matmul_b_bytes":0,"matmul_m_split":1,"matmul_n_split":1,"hbm_pattern":""},{"name":"Pointwise","is_reduction":false,"out_elems":4194304,"cores":32,"dtype_bytes":2,"args":[{"name":"coarse_tile_reduce_copy_buf0","role":"output","mem":"hbm","elems":4194304,"broadcast":false,"dims":[2048,2048],"logical":[2048,2048],"loop_factor":1},{"name":"buf2","role":"input","mem":"hbm","elems":2097152,"broadcast":false,"dims":[32,1024,64],"logical":[1024,2048],"loop_factor":1}],"reduction_cores":1,"loop_trip":2,"tiles_output_dim":true,"tile_rows_per_core":32,"is_matmul":false,"matmul_macs":0,"matmul_rows_per_core":0.0,"matmul_cols_per_core":0.0,"matmul_a_bytes":0,"matmul_b_bytes":0,"matmul_m_split":1,"matmul_n_split":1,"hbm_pattern":""}]
SUMMARY op=mm_nested_m_k rows=2048 cols=2048 cores=32 tiles=2 lx=1 io_hbm_bytes=50331776 kernel_us=1106.232 pred_us=668.569 err_pct=-39.6 bw_gbps=45.5 memset_us=244.611 other_dev_us=415.140 total_dev_us=1765.983
-- mm_nested_m_k M=2048 K=2048 N=2048 tiles=4
  op_it_space_splits={d0: 32, d1: 1}
  op_it_space_splits={d0: 8, d1: 4, d2: 1}
  op_it_space_splits={d0: 32, d1: 1}
  op_it_space_splits={d0: 32, d1: 1}
  op_it_space_splits={d0: 32, d1: 1}
  op_it_space_splits={d0: 8, d1: 4, d2: 1}
  op_it_space_splits={d0: 32, d1: 1}
  op_it_space_splits={d0: 32, d1: 1}
  op_it_space_splits={d0: 32, d1: 1}
  op_it_space_splits={d0: 8, d1: 4, d2: 1}
  op_it_space_splits={d0: 32, d1: 1}
  op_it_space_splits={d0: 32, d1: 1}
  op_it_space_splits={d0: 32, d1: 1}
  op_it_space_splits={d0: 8, d1: 4, d2: 1}
  op_it_space_splits={d0: 32, d1: 1}
  op_it_space_splits={d0: 32, d1: 1}
  op_it_space_splits={d0: 32, d1: 1}
  op_it_space_splits={d0: 8, d1: 4, d2: 1}
  op_it_space_splits={d0: 32, d1: 1}
  op_it_space_splits={d0: 32, d1: 1}
  op_it_space_splits={d0: 32, d1: 1}
  op_it_space_splits={d0: 8, d1: 4, d2: 1}
  op_it_space_splits={d0: 32, d1: 1}
  op_it_space_splits={d0: 32, d1: 1}
IO -- device-layout I/O (cost model, stick-padded) --
IO   op Pointwise
IO     output coarse_tile_fill_buf0  torch [1024, 2048] -> device [1024, 2048] in HBM = 2097152 elems x 2B = 4194304 B  (hbm counted: 4194304 B)
IO     input  buf3                   device [1, 64] in HBM = 64 elems x 2B = 128 B  (hbm counted: 128 B) broadcast (loaded once)
IO   op mm [reduction]
IO     output op0                    torch [1024, 2048] -> device [32, 1024, 64] in HBM = 2097152 elems x 2B = 4194304 B  (hbm counted: 4194304 B)
IO     input  arg0_1                 torch [2048, 2048] -> device [32, 2048, 64] in HBM = 4194304 elems x 2B = 8388608 B  (hbm counted: 8388608 B)
IO     input  arg1_1                 torch [2048, 2048] -> device [32, 2048, 64] in HBM = 4194304 elems x 2B = 8388608 B  (hbm counted: 8388608 B)
IO   op Pointwise
IO     output coarse_tile_combine_buf0 torch [1024, 2048] -> device [1024, 2048] in HBM = 2097152 elems x 2B = 4194304 B  (hbm counted: 4194304 B)
IO     input  buf0                   torch [1024, 2048] -> device [32, 1024, 64] in HBM = 2097152 elems x 2B = 4194304 B  (hbm counted: 4194304 B)
IO     input  buf2                   torch [1024, 2048] -> device [32, 1024, 64] in HBM = 2097152 elems x 2B = 4194304 B  (hbm counted: 4194304 B)
IO   op Pointwise
IO     output coarse_tile_reduce_copy_buf0 torch [2048, 2048] -> device [2048, 2048] in HBM = 4194304 elems x 2B = 8388608 B  (hbm counted: 8388608 B)
IO     input  buf2                   torch [1024, 2048] -> device [32, 1024, 64] in HBM = 2097152 elems x 2B = 4194304 B  (hbm counted: 4194304 B)
IO   => HBM I/O total = 50331776 B  (lx 0 B, ~free)
MODEL -- estimate (turnaround): T = compute + [(R+W)/BW_PEAK + a*min(R,W)] / eff_underfill --
MODEL   R=29360256 B (read)   W=20971520 B (write)   loop_trip L=8
MODEL   compute = MACs/cores/(mac_peak*pt_eff) = 1073741824/32/(1140*1.000) = 29.43 us  (M/m=128, pt_eff=1.000)
MODEL   base = R/150+W/150 = 335.55 us
MODEL   turn = a*min(R,W) = 0.00574*20971520 = 120.38 us
MODEL   eff_underfill = min(0.95,(4.0/13)**0.68) = 0.449 -> (base+turn)/eff = 1016.18 us
MODEL   => T_model = 1036.11 us
MODEL FEATS [{"name":"Pointwise","is_reduction":false,"out_elems":2097152,"cores":32,"dtype_bytes":2,"args":[{"name":"coarse_tile_fill_buf0","role":"output","mem":"hbm","elems":2097152,"broadcast":false,"dims":[1024,2048],"logical":[1024,2048],"loop_factor":1},{"name":"buf3","role":"input","mem":"hbm","elems":64,"broadcast":true,"dims":[1,64],"logical":[],"loop_factor":1}],"reduction_cores":1,"loop_trip":2,"tiles_output_dim":true,"tile_rows_per_core":16,"is_matmul":false,"matmul_macs":0,"matmul_rows_per_core":0.0,"matmul_cols_per_core":0.0,"matmul_a_bytes":0,"matmul_b_bytes":0,"matmul_m_split":1,"matmul_n_split":1,"hbm_pattern":""},{"name":"mm","is_reduction":true,"out_elems":2097152,"cores":32,"dtype_bytes":2,"args":[{"name":"op0","role":"output","mem":"hbm","elems":2097152,"broadcast":false,"dims":[32,1024,64],"logical":[1024,2048],"loop_factor":1},{"name":"arg0_1","role":"input","mem":"hbm","elems":4194304,"broadcast":false,"dims":[32,2048,64],"logical":[2048,2048],"loop_factor":1},{"name":"arg1_1","role":"input","mem":"hbm","elems":4194304,"broadcast":false,"dims":[32,2048,64],"logical":[2048,2048],"loop_factor":1}],"reduction_cores":1,"loop_trip":8,"tiles_output_dim":true,"tile_rows_per_core":16.0,"is_matmul":true,"matmul_macs":1073741824,"matmul_rows_per_core":128.0,"matmul_cols_per_core":512.0,"matmul_a_bytes":1048576,"matmul_b_bytes":2097152,"matmul_m_split":8,"matmul_n_split":4,"hbm_pattern":""},{"name":"Pointwise","is_reduction":false,"out_elems":2097152,"cores":32,"dtype_bytes":2,"args":[{"name":"coarse_tile_combine_buf0","role":"output","mem":"hbm","elems":2097152,"broadcast":false,"dims":[1024,2048],"logical":[1024,2048],"loop_factor":1},{"name":"buf0","role":"input","mem":"hbm","elems":2097152,"broadcast":false,"dims":[32,1024,64],"logical":[1024,2048],"loop_factor":1},{"name":"buf2","role":"input","mem":"hbm","elems":2097152,"broadcast":false,"dims":[32,1024,64],"logical":[1024,2048],"loop_factor":1}],"reduction_cores":1,"loop_trip":8,"tiles_output_dim":true,"tile_rows_per_core":4,"is_matmul":false,"matmul_macs":0,"matmul_rows_per_core":0.0,"matmul_cols_per_core":0.0,"matmul_a_bytes":0,"matmul_b_bytes":0,"matmul_m_split":1,"matmul_n_split":1,"hbm_pattern":""},{"name":"Pointwise","is_reduction":false,"out_elems":4194304,"cores":32,"dtype_bytes":2,"args":[{"name":"coarse_tile_reduce_copy_buf0","role":"output","mem":"hbm","elems":4194304,"broadcast":false,"dims":[2048,2048],"logical":[2048,2048],"loop_factor":1},{"name":"buf2","role":"input","mem":"hbm","elems":2097152,"broadcast":false,"dims":[32,1024,64],"logical":[1024,2048],"loop_factor":1}],"reduction_cores":1,"loop_trip":2,"tiles_output_dim":true,"tile_rows_per_core":32,"is_matmul":false,"matmul_macs":0,"matmul_rows_per_core":0.0,"matmul_cols_per_core":0.0,"matmul_a_bytes":0,"matmul_b_bytes":0,"matmul_m_split":1,"matmul_n_split":1,"hbm_pattern":""}]
SUMMARY op=mm_nested_m_k rows=2048 cols=2048 cores=32 tiles=4 lx=1 io_hbm_bytes=50331776 kernel_us=1718.217 pred_us=1036.106 err_pct=-39.7 bw_gbps=29.3 memset_us=209.458 other_dev_us=402.714 total_dev_us=2330.389
-- mm_nested_m_k M=2048 K=2048 N=2048 tiles=8
  op_it_space_splits={d0: 32, d1: 1}
  op_it_space_splits={d0: 8, d1: 4, d2: 1}
  op_it_space_splits={d0: 32, d1: 1}
  op_it_space_splits={d0: 32, d1: 1}
  op_it_space_splits={d0: 32, d1: 1}
  op_it_space_splits={d0: 8, d1: 4, d2: 1}
  op_it_space_splits={d0: 32, d1: 1}
  op_it_space_splits={d0: 32, d1: 1}
  op_it_space_splits={d0: 32, d1: 1}
  op_it_space_splits={d0: 8, d1: 4, d2: 1}
  op_it_space_splits={d0: 32, d1: 1}
  op_it_space_splits={d0: 32, d1: 1}
  op_it_space_splits={d0: 32, d1: 1}
  op_it_space_splits={d0: 8, d1: 4, d2: 1}
  op_it_space_splits={d0: 32, d1: 1}
  op_it_space_splits={d0: 32, d1: 1}
  op_it_space_splits={d0: 32, d1: 1}
  op_it_space_splits={d0: 8, d1: 4, d2: 1}
  op_it_space_splits={d0: 32, d1: 1}
  op_it_space_splits={d0: 32, d1: 1}
  op_it_space_splits={d0: 32, d1: 1}
  op_it_space_splits={d0: 8, d1: 4, d2: 1}
  op_it_space_splits={d0: 32, d1: 1}
  op_it_space_splits={d0: 32, d1: 1}
IO -- device-layout I/O (cost model, stick-padded) --
IO   op Pointwise
IO     output coarse_tile_fill_buf0  torch [1024, 2048] -> device [1024, 2048] in HBM = 2097152 elems x 2B = 4194304 B  (hbm counted: 4194304 B)
IO     input  buf3                   device [1, 64] in HBM = 64 elems x 2B = 128 B  (hbm counted: 128 B) broadcast (loaded once)
IO   op mm [reduction]
IO     output op0                    torch [1024, 2048] -> device [32, 1024, 64] in HBM = 2097152 elems x 2B = 4194304 B  (hbm counted: 4194304 B)
IO     input  arg0_1                 torch [2048, 2048] -> device [32, 2048, 64] in HBM = 4194304 elems x 2B = 8388608 B  (hbm counted: 8388608 B)
IO     input  arg1_1                 torch [2048, 2048] -> device [32, 2048, 64] in HBM = 4194304 elems x 2B = 8388608 B  (hbm counted: 8388608 B)
IO   op Pointwise
IO     output coarse_tile_combine_buf0 torch [1024, 2048] -> device [1024, 2048] in HBM = 2097152 elems x 2B = 4194304 B  (hbm counted: 4194304 B)
IO     input  buf0                   torch [1024, 2048] -> device [32, 1024, 64] in HBM = 2097152 elems x 2B = 4194304 B  (hbm counted: 4194304 B)
IO     input  buf2                   torch [1024, 2048] -> device [32, 1024, 64] in HBM = 2097152 elems x 2B = 4194304 B  (hbm counted: 4194304 B)
IO   op Pointwise
IO     output coarse_tile_reduce_copy_buf0 torch [2048, 2048] -> device [2048, 2048] in HBM = 4194304 elems x 2B = 8388608 B  (hbm counted: 8388608 B)
IO     input  buf2                   torch [1024, 2048] -> device [32, 1024, 64] in HBM = 2097152 elems x 2B = 4194304 B  (hbm counted: 4194304 B)
IO   => HBM I/O total = 50331776 B  (lx 0 B, ~free)
MODEL -- estimate (turnaround): T = compute + [(R+W)/BW_PEAK + a*min(R,W)] / eff_underfill --
MODEL   R=29360256 B (read)   W=20971520 B (write)   loop_trip L=16
MODEL   compute = MACs/cores/(mac_peak*pt_eff) = 536870912/32/(1140*1.000) = 14.72 us  (M/m=128, pt_eff=1.000)
MODEL   base = R/150+W/150 = 335.55 us
MODEL   turn = a*min(R,W) = 0.00574*20971520 = 120.38 us
MODEL   eff_underfill = min(0.95,(2.0/13)**0.68) = 0.280 -> (base+turn)/eff = 1628.06 us
MODEL   => T_model = 1642.47 us
MODEL FEATS [{"name":"Pointwise","is_reduction":false,"out_elems":2097152,"cores":32,"dtype_bytes":2,"args":[{"name":"coarse_tile_fill_buf0","role":"output","mem":"hbm","elems":2097152,"broadcast":false,"dims":[1024,2048],"logical":[1024,2048],"loop_factor":1},{"name":"buf3","role":"input","mem":"hbm","elems":64,"broadcast":true,"dims":[1,64],"logical":[],"loop_factor":1}],"reduction_cores":1,"loop_trip":2,"tiles_output_dim":true,"tile_rows_per_core":16,"is_matmul":false,"matmul_macs":0,"matmul_rows_per_core":0.0,"matmul_cols_per_core":0.0,"matmul_a_bytes":0,"matmul_b_bytes":0,"matmul_m_split":1,"matmul_n_split":1,"hbm_pattern":""},{"name":"mm","is_reduction":true,"out_elems":2097152,"cores":32,"dtype_bytes":2,"args":[{"name":"op0","role":"output","mem":"hbm","elems":2097152,"broadcast":false,"dims":[32,1024,64],"logical":[1024,2048],"loop_factor":1},{"name":"arg0_1","role":"input","mem":"hbm","elems":4194304,"broadcast":false,"dims":[32,2048,64],"logical":[2048,2048],"loop_factor":1},{"name":"arg1_1","role":"input","mem":"hbm","elems":4194304,"broadcast":false,"dims":[32,2048,64],"logical":[2048,2048],"loop_factor":1}],"reduction_cores":1,"loop_trip":16,"tiles_output_dim":true,"tile_rows_per_core":8.0,"is_matmul":true,"matmul_macs":536870912,"matmul_rows_per_core":128.0,"matmul_cols_per_core":512.0,"matmul_a_bytes":524288,"matmul_b_bytes":1048576,"matmul_m_split":8,"matmul_n_split":4,"hbm_pattern":""},{"name":"Pointwise","is_reduction":false,"out_elems":2097152,"cores":32,"dtype_bytes":2,"args":[{"name":"coarse_tile_combine_buf0","role":"output","mem":"hbm","elems":2097152,"broadcast":false,"dims":[1024,2048],"logical":[1024,2048],"loop_factor":1},{"name":"buf0","role":"input","mem":"hbm","elems":2097152,"broadcast":false,"dims":[32,1024,64],"logical":[1024,2048],"loop_factor":1},{"name":"buf2","role":"input","mem":"hbm","elems":2097152,"broadcast":false,"dims":[32,1024,64],"logical":[1024,2048],"loop_factor":1}],"reduction_cores":1,"loop_trip":16,"tiles_output_dim":true,"tile_rows_per_core":2,"is_matmul":false,"matmul_macs":0,"matmul_rows_per_core":0.0,"matmul_cols_per_core":0.0,"matmul_a_bytes":0,"matmul_b_bytes":0,"matmul_m_split":1,"matmul_n_split":1,"hbm_pattern":""},{"name":"Pointwise","is_reduction":false,"out_elems":4194304,"cores":32,"dtype_bytes":2,"args":[{"name":"coarse_tile_reduce_copy_buf0","role":"output","mem":"hbm","elems":4194304,"broadcast":false,"dims":[2048,2048],"logical":[2048,2048],"loop_factor":1},{"name":"buf2","role":"input","mem":"hbm","elems":2097152,"broadcast":false,"dims":[32,1024,64],"logical":[1024,2048],"loop_factor":1}],"reduction_cores":1,"loop_trip":2,"tiles_output_dim":true,"tile_rows_per_core":32,"is_matmul":false,"matmul_macs":0,"matmul_rows_per_core":0.0,"matmul_cols_per_core":0.0,"matmul_a_bytes":0,"matmul_b_bytes":0,"matmul_m_split":1,"matmul_n_split":1,"hbm_pattern":""}]
SUMMARY op=mm_nested_m_k rows=2048 cols=2048 cores=32 tiles=8 lx=1 io_hbm_bytes=50331776 kernel_us=2840.570 pred_us=1642.469 err_pct=-42.2 bw_gbps=17.7 memset_us=621.671 other_dev_us=477.019 total_dev_us=3939.260
-- matmul_k_tiling M=2048 K=2048 N=2048 tiles=1
  op_it_space_splits={d0: 8, d1: 4, d2: 1}
IO -- device-layout I/O (cost model, stick-padded) --
IO   op mm [reduction]
IO     output op0                    torch [2048, 2048] -> device [32, 2048, 64] in HBM = 4194304 elems x 2B = 8388608 B  (hbm counted: 8388608 B)
IO     input  arg0_1                 torch [2048, 2048] -> device [32, 2048, 64] in HBM = 4194304 elems x 2B = 8388608 B  (hbm counted: 8388608 B)
IO     input  arg1_1                 torch [2048, 2048] -> device [32, 2048, 64] in HBM = 4194304 elems x 2B = 8388608 B  (hbm counted: 8388608 B)
IO   => HBM I/O total = 25165824 B  (lx 0 B, ~free)
MODEL -- estimate (turnaround): T = compute + (R+W)/BW_PEAK + a*min(R,W) --
MODEL   R=16777216 B (read)   W=8388608 B (write)   loop_trip L=1
MODEL   compute = MACs/cores/(mac_peak*pt_eff) = 8589934592/32/(1140*1.000) = 235.47 us  (M/m=256, pt_eff=1.000)
MODEL   base = R/150+W/150 = 167.77 us
MODEL   turn = a*min(R,W) = 0.00574*8388608 = 48.15 us
MODEL   => T_model = 393.41 us
MODEL FEATS [{"name":"mm","is_reduction":true,"out_elems":4194304,"cores":32,"dtype_bytes":2,"args":[{"name":"op0","role":"output","mem":"hbm","elems":4194304,"broadcast":false,"dims":[32,2048,64],"logical":[2048,2048],"loop_factor":1},{"name":"arg0_1","role":"input","mem":"hbm","elems":4194304,"broadcast":false,"dims":[32,2048,64],"logical":[2048,2048],"loop_factor":1},{"name":"arg1_1","role":"input","mem":"hbm","elems":4194304,"broadcast":false,"dims":[32,2048,64],"logical":[2048,2048],"loop_factor":1}],"reduction_cores":1,"loop_trip":1,"tiles_output_dim":false,"tile_rows_per_core":0.0,"is_matmul":true,"matmul_macs":8589934592,"matmul_rows_per_core":256.0,"matmul_cols_per_core":512.0,"matmul_a_bytes":8388608,"matmul_b_bytes":8388608,"matmul_m_split":8,"matmul_n_split":4,"hbm_pattern":""}]
SUMMARY op=matmul_k_tiling rows=2048 cols=2048 cores=32 tiles=1 lx=1 io_hbm_bytes=25165824 kernel_us=383.331 pred_us=393.408 err_pct=+2.6 bw_gbps=65.7 memset_us=202.063 other_dev_us=487.768 total_dev_us=1073.162
-- matmul_k_tiling M=2048 K=2048 N=2048 tiles=2
  op_it_space_splits={d0: 32, d1: 1}
  op_it_space_splits={d0: 8, d1: 4, d2: 1}
  op_it_space_splits={d0: 32, d1: 1}
  op_it_space_splits={d0: 32, d1: 1}
  op_it_space_splits={d0: 8, d1: 4, d2: 1}
  op_it_space_splits={d0: 32, d1: 1}
  op_it_space_splits={d0: 32, d1: 1}
  op_it_space_splits={d0: 8, d1: 4, d2: 1}
  op_it_space_splits={d0: 32, d1: 1}
  op_it_space_splits={d0: 32, d1: 1}
  op_it_space_splits={d0: 8, d1: 4, d2: 1}
  op_it_space_splits={d0: 32, d1: 1}
  op_it_space_splits={d0: 32, d1: 1}
  op_it_space_splits={d0: 8, d1: 4, d2: 1}
  op_it_space_splits={d0: 32, d1: 1}
  op_it_space_splits={d0: 32, d1: 1}
  op_it_space_splits={d0: 8, d1: 4, d2: 1}
  op_it_space_splits={d0: 32, d1: 1}
IO -- device-layout I/O (cost model, stick-padded) --
IO   op Pointwise
IO     output coarse_tile_fill_buf0  torch [2048, 2048] -> device [2048, 2048] in HBM = 4194304 elems x 2B = 8388608 B  (hbm counted: 8388608 B)
IO     input  buf2                   device [1, 64] in HBM = 64 elems x 2B = 128 B  (hbm counted: 128 B) broadcast (loaded once)
IO   op mm [reduction]
IO     output op0                    torch [2048, 2048] -> device [32, 2048, 64] in HBM = 4194304 elems x 2B = 8388608 B  (hbm counted: 16777216 B) xL=2
IO     input  arg0_1                 torch [2048, 2048] -> device [32, 2048, 64] in HBM = 4194304 elems x 2B = 8388608 B  (hbm counted: 8388608 B)
IO     input  arg1_1                 torch [2048, 2048] -> device [32, 2048, 64] in HBM = 4194304 elems x 2B = 8388608 B  (hbm counted: 8388608 B)
IO   op Pointwise
IO     output coarse_tile_combine_buf0 torch [2048, 2048] -> device [2048, 2048] in HBM = 4194304 elems x 2B = 8388608 B  (hbm counted: 16777216 B) xL=2
IO     input  buf0                   torch [2048, 2048] -> device [32, 2048, 64] in HBM = 4194304 elems x 2B = 8388608 B  (hbm counted: 16777216 B) xL=2
IO     input  buf1                   torch [2048, 2048] -> device [32, 2048, 64] in HBM = 4194304 elems x 2B = 8388608 B  (hbm counted: 16777216 B) xL=2
IO   => HBM I/O total = 92274816 B  (lx 0 B, ~free)
MODEL -- estimate (turnaround): T = compute + (R+W)/BW_PEAK + a*min(R,W) --
MODEL   R=50331776 B (read)   W=41943040 B (write)   loop_trip L=2
MODEL   compute = MACs/cores/(mac_peak*pt_eff) = 4294967296/32/(1140*1.000) = 117.73 us  (M/m=256, pt_eff=1.000)
MODEL   base = R/150+W/150 = 615.17 us
MODEL   turn = a*min(R,W) = 0.00574*41943040 = 240.75 us
MODEL   => T_model = 950.14 us
MODEL FEATS [{"name":"Pointwise","is_reduction":false,"out_elems":4194304,"cores":32,"dtype_bytes":2,"args":[{"name":"coarse_tile_fill_buf0","role":"output","mem":"hbm","elems":4194304,"broadcast":false,"dims":[2048,2048],"logical":[2048,2048],"loop_factor":1},{"name":"buf2","role":"input","mem":"hbm","elems":64,"broadcast":true,"dims":[1,64],"logical":[],"loop_factor":1}],"reduction_cores":1,"loop_trip":1,"tiles_output_dim":false,"tile_rows_per_core":0.0,"is_matmul":false,"matmul_macs":0,"matmul_rows_per_core":0.0,"matmul_cols_per_core":0.0,"matmul_a_bytes":0,"matmul_b_bytes":0,"matmul_m_split":1,"matmul_n_split":1,"hbm_pattern":""},{"name":"mm","is_reduction":true,"out_elems":4194304,"cores":32,"dtype_bytes":2,"args":[{"name":"op0","role":"output","mem":"hbm","elems":4194304,"broadcast":false,"dims":[32,2048,64],"logical":[2048,2048],"loop_factor":2},{"name":"arg0_1","role":"input","mem":"hbm","elems":4194304,"broadcast":false,"dims":[32,2048,64],"logical":[2048,2048],"loop_factor":1},{"name":"arg1_1","role":"input","mem":"hbm","elems":4194304,"broadcast":false,"dims":[32,2048,64],"logical":[2048,2048],"loop_factor":1}],"reduction_cores":1,"loop_trip":2,"tiles_output_dim":false,"tile_rows_per_core":0.0,"is_matmul":true,"matmul_macs":4294967296,"matmul_rows_per_core":256.0,"matmul_cols_per_core":512.0,"matmul_a_bytes":4194304,"matmul_b_bytes":4194304,"matmul_m_split":8,"matmul_n_split":4,"hbm_pattern":""},{"name":"Pointwise","is_reduction":false,"out_elems":4194304,"cores":32,"dtype_bytes":2,"args":[{"name":"coarse_tile_combine_buf0","role":"output","mem":"hbm","elems":4194304,"broadcast":false,"dims":[2048,2048],"logical":[2048,2048],"loop_factor":2},{"name":"buf0","role":"input","mem":"hbm","elems":4194304,"broadcast":false,"dims":[32,2048,64],"logical":[2048,2048],"loop_factor":2},{"name":"buf1","role":"input","mem":"hbm","elems":4194304,"broadcast":false,"dims":[32,2048,64],"logical":[2048,2048],"loop_factor":2}],"reduction_cores":1,"loop_trip":2,"tiles_output_dim":false,"tile_rows_per_core":0.0,"is_matmul":false,"matmul_macs":0,"matmul_rows_per_core":0.0,"matmul_cols_per_core":0.0,"matmul_a_bytes":0,"matmul_b_bytes":0,"matmul_m_split":1,"matmul_n_split":1,"hbm_pattern":""}]
SUMMARY op=matmul_k_tiling rows=2048 cols=2048 cores=32 tiles=2 lx=1 io_hbm_bytes=92274816 kernel_us=1027.727 pred_us=950.144 err_pct=-7.5 bw_gbps=89.8 memset_us=223.458 other_dev_us=839.700 total_dev_us=2090.885
-- matmul_k_tiling M=2048 K=2048 N=2048 tiles=4
  op_it_space_splits={d0: 32, d1: 1}
  op_it_space_splits={d0: 8, d1: 4, d2: 1}
  op_it_space_splits={d0: 32, d1: 1}
  op_it_space_splits={d0: 32, d1: 1}
  op_it_space_splits={d0: 8, d1: 4, d2: 1}
  op_it_space_splits={d0: 32, d1: 1}
  op_it_space_splits={d0: 32, d1: 1}
  op_it_space_splits={d0: 8, d1: 4, d2: 1}
  op_it_space_splits={d0: 32, d1: 1}
  op_it_space_splits={d0: 32, d1: 1}
  op_it_space_splits={d0: 8, d1: 4, d2: 1}
  op_it_space_splits={d0: 32, d1: 1}
  op_it_space_splits={d0: 32, d1: 1}
  op_it_space_splits={d0: 8, d1: 4, d2: 1}
  op_it_space_splits={d0: 32, d1: 1}
  op_it_space_splits={d0: 32, d1: 1}
  op_it_space_splits={d0: 8, d1: 4, d2: 1}
  op_it_space_splits={d0: 32, d1: 1}
IO -- device-layout I/O (cost model, stick-padded) --
IO   op Pointwise
IO     output coarse_tile_fill_buf0  torch [2048, 2048] -> device [2048, 2048] in HBM = 4194304 elems x 2B = 8388608 B  (hbm counted: 8388608 B)
IO     input  buf2                   device [1, 64] in HBM = 64 elems x 2B = 128 B  (hbm counted: 128 B) broadcast (loaded once)
IO   op mm [reduction]
IO     output op0                    torch [2048, 2048] -> device [32, 2048, 64] in HBM = 4194304 elems x 2B = 8388608 B  (hbm counted: 33554432 B) xL=4
IO     input  arg0_1                 torch [2048, 2048] -> device [32, 2048, 64] in HBM = 4194304 elems x 2B = 8388608 B  (hbm counted: 8388608 B)
IO     input  arg1_1                 torch [2048, 2048] -> device [32, 2048, 64] in HBM = 4194304 elems x 2B = 8388608 B  (hbm counted: 8388608 B)
IO   op Pointwise
IO     output coarse_tile_combine_buf0 torch [2048, 2048] -> device [2048, 2048] in HBM = 4194304 elems x 2B = 8388608 B  (hbm counted: 33554432 B) xL=4
IO     input  buf0                   torch [2048, 2048] -> device [32, 2048, 64] in HBM = 4194304 elems x 2B = 8388608 B  (hbm counted: 33554432 B) xL=4
IO     input  buf1                   torch [2048, 2048] -> device [32, 2048, 64] in HBM = 4194304 elems x 2B = 8388608 B  (hbm counted: 33554432 B) xL=4
IO   => HBM I/O total = 159383680 B  (lx 0 B, ~free)
MODEL -- estimate (turnaround): T = compute + (R+W)/BW_PEAK + a*min(R,W) --
MODEL   R=83886208 B (read)   W=75497472 B (write)   loop_trip L=4
MODEL   compute = MACs/cores/(mac_peak*pt_eff) = 2147483648/32/(1140*1.000) = 58.87 us  (M/m=256, pt_eff=1.000)
MODEL   base = R/150+W/150 = 1062.56 us
MODEL   turn = a*min(R,W) = 0.00574*75497472 = 433.36 us
MODEL   => T_model = 1545.77 us
MODEL FEATS [{"name":"Pointwise","is_reduction":false,"out_elems":4194304,"cores":32,"dtype_bytes":2,"args":[{"name":"coarse_tile_fill_buf0","role":"output","mem":"hbm","elems":4194304,"broadcast":false,"dims":[2048,2048],"logical":[2048,2048],"loop_factor":1},{"name":"buf2","role":"input","mem":"hbm","elems":64,"broadcast":true,"dims":[1,64],"logical":[],"loop_factor":1}],"reduction_cores":1,"loop_trip":1,"tiles_output_dim":false,"tile_rows_per_core":0.0,"is_matmul":false,"matmul_macs":0,"matmul_rows_per_core":0.0,"matmul_cols_per_core":0.0,"matmul_a_bytes":0,"matmul_b_bytes":0,"matmul_m_split":1,"matmul_n_split":1,"hbm_pattern":""},{"name":"mm","is_reduction":true,"out_elems":4194304,"cores":32,"dtype_bytes":2,"args":[{"name":"op0","role":"output","mem":"hbm","elems":4194304,"broadcast":false,"dims":[32,2048,64],"logical":[2048,2048],"loop_factor":4},{"name":"arg0_1","role":"input","mem":"hbm","elems":4194304,"broadcast":false,"dims":[32,2048,64],"logical":[2048,2048],"loop_factor":1},{"name":"arg1_1","role":"input","mem":"hbm","elems":4194304,"broadcast":false,"dims":[32,2048,64],"logical":[2048,2048],"loop_factor":1}],"reduction_cores":1,"loop_trip":4,"tiles_output_dim":false,"tile_rows_per_core":0.0,"is_matmul":true,"matmul_macs":2147483648,"matmul_rows_per_core":256.0,"matmul_cols_per_core":512.0,"matmul_a_bytes":2097152,"matmul_b_bytes":2097152,"matmul_m_split":8,"matmul_n_split":4,"hbm_pattern":""},{"name":"Pointwise","is_reduction":false,"out_elems":4194304,"cores":32,"dtype_bytes":2,"args":[{"name":"coarse_tile_combine_buf0","role":"output","mem":"hbm","elems":4194304,"broadcast":false,"dims":[2048,2048],"logical":[2048,2048],"loop_factor":4},{"name":"buf0","role":"input","mem":"hbm","elems":4194304,"broadcast":false,"dims":[32,2048,64],"logical":[2048,2048],"loop_factor":4},{"name":"buf1","role":"input","mem":"hbm","elems":4194304,"broadcast":false,"dims":[32,2048,64],"logical":[2048,2048],"loop_factor":4}],"reduction_cores":1,"loop_trip":4,"tiles_output_dim":false,"tile_rows_per_core":0.0,"is_matmul":false,"matmul_macs":0,"matmul_rows_per_core":0.0,"matmul_cols_per_core":0.0,"matmul_a_bytes":0,"matmul_b_bytes":0,"matmul_m_split":1,"matmul_n_split":1,"hbm_pattern":""}]
SUMMARY op=matmul_k_tiling rows=2048 cols=2048 cores=32 tiles=4 lx=1 io_hbm_bytes=159383680 kernel_us=1689.507 pred_us=1545.767 err_pct=-8.5 bw_gbps=94.3 memset_us=261.384 other_dev_us=534.747 total_dev_us=2485.638
-- matmul_k_tiling M=2048 K=2048 N=2048 tiles=8
  op_it_space_splits={d0: 32, d1: 1}
  op_it_space_splits={d0: 8, d1: 4, d2: 1}
  op_it_space_splits={d0: 32, d1: 1}
  op_it_space_splits={d0: 32, d1: 1}
  op_it_space_splits={d0: 8, d1: 4, d2: 1}
  op_it_space_splits={d0: 32, d1: 1}
  op_it_space_splits={d0: 32, d1: 1}
  op_it_space_splits={d0: 8, d1: 4, d2: 1}
  op_it_space_splits={d0: 32, d1: 1}
  op_it_space_splits={d0: 32, d1: 1}
  op_it_space_splits={d0: 8, d1: 4, d2: 1}
  op_it_space_splits={d0: 32, d1: 1}
  op_it_space_splits={d0: 32, d1: 1}
  op_it_space_splits={d0: 8, d1: 4, d2: 1}
  op_it_space_splits={d0: 32, d1: 1}
  op_it_space_splits={d0: 32, d1: 1}
  op_it_space_splits={d0: 8, d1: 4, d2: 1}
  op_it_space_splits={d0: 32, d1: 1}
IO -- device-layout I/O (cost model, stick-padded) --
IO   op Pointwise
IO     output coarse_tile_fill_buf0  torch [2048, 2048] -> device [2048, 2048] in HBM = 4194304 elems x 2B = 8388608 B  (hbm counted: 8388608 B)
IO     input  buf2                   device [1, 64] in HBM = 64 elems x 2B = 128 B  (hbm counted: 128 B) broadcast (loaded once)
IO   op mm [reduction]
IO     output op0                    torch [2048, 2048] -> device [32, 2048, 64] in HBM = 4194304 elems x 2B = 8388608 B  (hbm counted: 67108864 B) xL=8
IO     input  arg0_1                 torch [2048, 2048] -> device [32, 2048, 64] in HBM = 4194304 elems x 2B = 8388608 B  (hbm counted: 8388608 B)
IO     input  arg1_1                 torch [2048, 2048] -> device [32, 2048, 64] in HBM = 4194304 elems x 2B = 8388608 B  (hbm counted: 8388608 B)
IO   op Pointwise
IO     output coarse_tile_combine_buf0 torch [2048, 2048] -> device [2048, 2048] in HBM = 4194304 elems x 2B = 8388608 B  (hbm counted: 67108864 B) xL=8
IO     input  buf0                   torch [2048, 2048] -> device [32, 2048, 64] in HBM = 4194304 elems x 2B = 8388608 B  (hbm counted: 67108864 B) xL=8
IO     input  buf1                   torch [2048, 2048] -> device [32, 2048, 64] in HBM = 4194304 elems x 2B = 8388608 B  (hbm counted: 67108864 B) xL=8
IO   => HBM I/O total = 293601408 B  (lx 0 B, ~free)
MODEL -- estimate (turnaround): T = compute + (R+W)/BW_PEAK + a*min(R,W) --
MODEL   R=150995072 B (read)   W=142606336 B (write)   loop_trip L=8
MODEL   compute = MACs/cores/(mac_peak*pt_eff) = 1073741824/32/(1140*1.000) = 29.43 us  (M/m=256, pt_eff=1.000)
MODEL   base = R/150+W/150 = 1957.34 us
MODEL   turn = a*min(R,W) = 0.00574*142606336 = 818.56 us
MODEL   => T_model = 2803.57 us
MODEL FEATS [{"name":"Pointwise","is_reduction":false,"out_elems":4194304,"cores":32,"dtype_bytes":2,"args":[{"name":"coarse_tile_fill_buf0","role":"output","mem":"hbm","elems":4194304,"broadcast":false,"dims":[2048,2048],"logical":[2048,2048],"loop_factor":1},{"name":"buf2","role":"input","mem":"hbm","elems":64,"broadcast":true,"dims":[1,64],"logical":[],"loop_factor":1}],"reduction_cores":1,"loop_trip":1,"tiles_output_dim":false,"tile_rows_per_core":0.0,"is_matmul":false,"matmul_macs":0,"matmul_rows_per_core":0.0,"matmul_cols_per_core":0.0,"matmul_a_bytes":0,"matmul_b_bytes":0,"matmul_m_split":1,"matmul_n_split":1,"hbm_pattern":""},{"name":"mm","is_reduction":true,"out_elems":4194304,"cores":32,"dtype_bytes":2,"args":[{"name":"op0","role":"output","mem":"hbm","elems":4194304,"broadcast":false,"dims":[32,2048,64],"logical":[2048,2048],"loop_factor":8},{"name":"arg0_1","role":"input","mem":"hbm","elems":4194304,"broadcast":false,"dims":[32,2048,64],"logical":[2048,2048],"loop_factor":1},{"name":"arg1_1","role":"input","mem":"hbm","elems":4194304,"broadcast":false,"dims":[32,2048,64],"logical":[2048,2048],"loop_factor":1}],"reduction_cores":1,"loop_trip":8,"tiles_output_dim":false,"tile_rows_per_core":0.0,"is_matmul":true,"matmul_macs":1073741824,"matmul_rows_per_core":256.0,"matmul_cols_per_core":512.0,"matmul_a_bytes":1048576,"matmul_b_bytes":1048576,"matmul_m_split":8,"matmul_n_split":4,"hbm_pattern":""},{"name":"Pointwise","is_reduction":false,"out_elems":4194304,"cores":32,"dtype_bytes":2,"args":[{"name":"coarse_tile_combine_buf0","role":"output","mem":"hbm","elems":4194304,"broadcast":false,"dims":[2048,2048],"logical":[2048,2048],"loop_factor":8},{"name":"buf0","role":"input","mem":"hbm","elems":4194304,"broadcast":false,"dims":[32,2048,64],"logical":[2048,2048],"loop_factor":8},{"name":"buf1","role":"input","mem":"hbm","elems":4194304,"broadcast":false,"dims":[32,2048,64],"logical":[2048,2048],"loop_factor":8}],"reduction_cores":1,"loop_trip":8,"tiles_output_dim":false,"tile_rows_per_core":0.0,"is_matmul":false,"matmul_macs":0,"matmul_rows_per_core":0.0,"matmul_cols_per_core":0.0,"matmul_a_bytes":0,"matmul_b_bytes":0,"matmul_m_split":1,"matmul_n_split":1,"hbm_pattern":""}]
SUMMARY op=matmul_k_tiling rows=2048 cols=2048 cores=32 tiles=8 lx=1 io_hbm_bytes=293601408 kernel_us=2864.858 pred_us=2803.571 err_pct=-2.1 bw_gbps=102.5 memset_us=338.591 other_dev_us=604.593 total_dev_us=3808.042
-- matmul_k_tiling M=2048 K=2048 N=2048 tiles=16
  op_it_space_splits={d0: 32, d1: 1}
  op_it_space_splits={d0: 8, d1: 4, d2: 1}
  op_it_space_splits={d0: 32, d1: 1}
  op_it_space_splits={d0: 32, d1: 1}
  op_it_space_splits={d0: 8, d1: 4, d2: 1}
  op_it_space_splits={d0: 32, d1: 1}
  op_it_space_splits={d0: 32, d1: 1}
  op_it_space_splits={d0: 8, d1: 4, d2: 1}
  op_it_space_splits={d0: 32, d1: 1}
  op_it_space_splits={d0: 32, d1: 1}
  op_it_space_splits={d0: 8, d1: 4, d2: 1}
  op_it_space_splits={d0: 32, d1: 1}
  op_it_space_splits={d0: 32, d1: 1}
  op_it_space_splits={d0: 8, d1: 4, d2: 1}
  op_it_space_splits={d0: 32, d1: 1}
  op_it_space_splits={d0: 32, d1: 1}
  op_it_space_splits={d0: 8, d1: 4, d2: 1}
  op_it_space_splits={d0: 32, d1: 1}
IO -- device-layout I/O (cost model, stick-padded) --
IO   op Pointwise
IO     output coarse_tile_fill_buf0  torch [2048, 2048] -> device [2048, 2048] in HBM = 4194304 elems x 2B = 8388608 B  (hbm counted: 8388608 B)
IO     input  buf2                   device [1, 64] in HBM = 64 elems x 2B = 128 B  (hbm counted: 128 B) broadcast (loaded once)
IO   op mm [reduction]
IO     output op0                    torch [2048, 2048] -> device [32, 2048, 64] in HBM = 4194304 elems x 2B = 8388608 B  (hbm counted: 134217728 B) xL=16
IO     input  arg0_1                 torch [2048, 2048] -> device [32, 2048, 64] in HBM = 4194304 elems x 2B = 8388608 B  (hbm counted: 8388608 B)
IO     input  arg1_1                 torch [2048, 2048] -> device [32, 2048, 64] in HBM = 4194304 elems x 2B = 8388608 B  (hbm counted: 8388608 B)
IO   op Pointwise
IO     output coarse_tile_combine_buf0 torch [2048, 2048] -> device [2048, 2048] in HBM = 4194304 elems x 2B = 8388608 B  (hbm counted: 134217728 B) xL=16
IO     input  buf0                   torch [2048, 2048] -> device [32, 2048, 64] in HBM = 4194304 elems x 2B = 8388608 B  (hbm counted: 134217728 B) xL=16
IO     input  buf1                   torch [2048, 2048] -> device [32, 2048, 64] in HBM = 4194304 elems x 2B = 8388608 B  (hbm counted: 134217728 B) xL=16
IO   => HBM I/O total = 562036864 B  (lx 0 B, ~free)
MODEL -- estimate (turnaround): T = compute + (R+W)/BW_PEAK + a*min(R,W) --
MODEL   R=285212800 B (read)   W=276824064 B (write)   loop_trip L=16
MODEL   compute = MACs/cores/(mac_peak*pt_eff) = 536870912/32/(1140*1.000) = 14.72 us  (M/m=256, pt_eff=1.000)
MODEL   base = R/150+W/150 = 3746.91 us
MODEL   turn = a*min(R,W) = 0.00574*276824064 = 1588.97 us
MODEL   => T_model = 5352.46 us
MODEL FEATS [{"name":"Pointwise","is_reduction":false,"out_elems":4194304,"cores":32,"dtype_bytes":2,"args":[{"name":"coarse_tile_fill_buf0","role":"output","mem":"hbm","elems":4194304,"broadcast":false,"dims":[2048,2048],"logical":[2048,2048],"loop_factor":1},{"name":"buf2","role":"input","mem":"hbm","elems":64,"broadcast":true,"dims":[1,64],"logical":[],"loop_factor":1}],"reduction_cores":1,"loop_trip":1,"tiles_output_dim":false,"tile_rows_per_core":0.0,"is_matmul":false,"matmul_macs":0,"matmul_rows_per_core":0.0,"matmul_cols_per_core":0.0,"matmul_a_bytes":0,"matmul_b_bytes":0,"matmul_m_split":1,"matmul_n_split":1,"hbm_pattern":""},{"name":"mm","is_reduction":true,"out_elems":4194304,"cores":32,"dtype_bytes":2,"args":[{"name":"op0","role":"output","mem":"hbm","elems":4194304,"broadcast":false,"dims":[32,2048,64],"logical":[2048,2048],"loop_factor":16},{"name":"arg0_1","role":"input","mem":"hbm","elems":4194304,"broadcast":false,"dims":[32,2048,64],"logical":[2048,2048],"loop_factor":1},{"name":"arg1_1","role":"input","mem":"hbm","elems":4194304,"broadcast":false,"dims":[32,2048,64],"logical":[2048,2048],"loop_factor":1}],"reduction_cores":1,"loop_trip":16,"tiles_output_dim":false,"tile_rows_per_core":0.0,"is_matmul":true,"matmul_macs":536870912,"matmul_rows_per_core":256.0,"matmul_cols_per_core":512.0,"matmul_a_bytes":524288,"matmul_b_bytes":524288,"matmul_m_split":8,"matmul_n_split":4,"hbm_pattern":""},{"name":"Pointwise","is_reduction":false,"out_elems":4194304,"cores":32,"dtype_bytes":2,"args":[{"name":"coarse_tile_combine_buf0","role":"output","mem":"hbm","elems":4194304,"broadcast":false,"dims":[2048,2048],"logical":[2048,2048],"loop_factor":16},{"name":"buf0","role":"input","mem":"hbm","elems":4194304,"broadcast":false,"dims":[32,2048,64],"logical":[2048,2048],"loop_factor":16},{"name":"buf1","role":"input","mem":"hbm","elems":4194304,"broadcast":false,"dims":[32,2048,64],"logical":[2048,2048],"loop_factor":16}],"reduction_cores":1,"loop_trip":16,"tiles_output_dim":false,"tile_rows_per_core":0.0,"is_matmul":false,"matmul_macs":0,"matmul_rows_per_core":0.0,"matmul_cols_per_core":0.0,"matmul_a_bytes":0,"matmul_b_bytes":0,"matmul_m_split":1,"matmul_n_split":1,"hbm_pattern":""}]
SUMMARY op=matmul_k_tiling rows=2048 cols=2048 cores=32 tiles=16 lx=1 io_hbm_bytes=562036864 kernel_us=5134.627 pred_us=5352.458 err_pct=+4.2 bw_gbps=109.5 memset_us=615.374 other_dev_us=479.153 total_dev_us=6229.154
==== runs DONE -> parsing haoyang_logs/new_experiments_20260721_052221.log into notes/sweep_records.{json,csv} ====
==== new-experiments sweep COMPLETE -- forward haoyang_logs/new_experiments_20260721_052221.log + notes/sweep_records.* ====
