==== overnight sweep Fri Jul 17 06:30:13 UTC 2026 ====
git: f321503  sections: BF1 BF2 BF3 BF4 BS BP BN CB1 CB2 CB3 CB4 CR CN CK
## BF1 full bmm b=1 balanced, sweep B (B=1 = single-matmul anchor), 5 configs
-- bmm_wd B=1 M=1024 K=2048 N=1024 b=1 m=4 n=8 k=1 (cores=32 M/m=256 N/n=128)
  op_it_space_splits={d0: 1, d1: 8, d2: 1}
  op_it_space_splits={d0: 1, d1: 8, d2: 1}
  op_it_space_splits={d0: 1, d1: 8, d2: 1}
  op_it_space_splits={d0: 1, d1: 8, d2: 1}
  op_it_space_splits={d0: 1, d1: 8, d2: 1}
  op_it_space_splits={d0: 1, d1: 8, d2: 1}
IO -- device-layout I/O (cost model, stick-padded) --
IO   op bmm [reduction]
IO     output op0                    torch [1, 1024, 1024] -> device [1024, 16, 1, 64] in HBM = 1048576 elems x 2B = 2097152 B  (hbm counted: 2097152 B)
IO     input  arg0_1                 torch [1, 1024, 2048] -> device [1024, 32, 1, 64] in HBM = 2097152 elems x 2B = 4194304 B  (hbm counted: 4194304 B) broadcast (loaded once)
IO     input  arg1_1                 torch [1, 2048, 1024] -> device [2048, 16, 1, 64] in HBM = 2097152 elems x 2B = 4194304 B  (hbm counted: 4194304 B) broadcast (loaded once)
IO   => HBM I/O total = 10485760 B  (lx 0 B, ~free)
MODEL -- estimate (turnaround): T = compute + (R+W)/BW_PEAK + a*min(R,W) --
MODEL   R=8388608 B (read)   W=2097152 B (write)   loop_trip L=1
MODEL   compute = MACs/cores/(mac_peak*pt_eff) = 2147483648/8/(1140*1.000) = 235.47 us  (M/m=1024, pt_eff=1.000)
MODEL   base = R/150+W/150 = 69.91 us
MODEL   turn = a*min(R,W) = 0.00574*2097152 = 12.04 us
MODEL   => T_model = 293.31 us
MODEL FEATS [{"name":"bmm","is_reduction":true,"out_elems":1048576,"cores":8,"dtype_bytes":2,"args":[{"name":"op0","role":"output","mem":"hbm","elems":1048576,"broadcast":false,"dims":[1024,16,1,64],"logical":[1,1024,1024],"loop_factor":1},{"name":"arg0_1","role":"input","mem":"hbm","elems":2097152,"broadcast":true,"dims":[1024,32,1,64],"logical":[1,1024,2048],"loop_factor":1},{"name":"arg1_1","role":"input","mem":"hbm","elems":2097152,"broadcast":true,"dims":[2048,16,1,64],"logical":[1,2048,1024],"loop_factor":1}],"reduction_cores":1,"loop_trip":1,"tiles_output_dim":false,"tile_rows_per_core":0.0,"is_matmul":true,"matmul_macs":2147483648,"matmul_rows_per_core":1024.0,"matmul_cols_per_core":128.0,"matmul_a_bytes":4194304,"matmul_b_bytes":4194304,"matmul_m_split":1,"matmul_n_split":8,"hbm_pattern":""}]
SUMMARY op=bmm_wd rows=1024 cols=2048 cores=8 tiles=0 lx=1 io_hbm_bytes=10485760 kernel_us=623.768 pred_us=293.308 err_pct=-53.0 bw_gbps=16.8 memset_us=187.395 other_dev_us=382.094 total_dev_us=1193.257
-- bmm_wd B=2 M=1024 K=2048 N=1024 b=1 m=4 n=8 k=1 (cores=32 M/m=256 N/n=128)
  op_it_space_splits={d0: 1, d1: 4, d2: 8, d3: 1}
  op_it_space_splits={d0: 1, d1: 4, d2: 8, d3: 1}
  op_it_space_splits={d0: 1, d1: 4, d2: 8, d3: 1}
  op_it_space_splits={d0: 1, d1: 4, d2: 8, d3: 1}
  op_it_space_splits={d0: 1, d1: 4, d2: 8, d3: 1}
  op_it_space_splits={d0: 1, d1: 4, d2: 8, d3: 1}
IO -- device-layout I/O (cost model, stick-padded) --
IO   op bmm [reduction]
IO     output op0                    torch [2, 1024, 1024] -> device [1024, 16, 2, 64] in HBM = 2097152 elems x 2B = 4194304 B  (hbm counted: 4194304 B)
IO     input  arg0_1                 torch [2, 1024, 2048] -> device [1024, 32, 2, 64] in HBM = 4194304 elems x 2B = 8388608 B  (hbm counted: 8388608 B)
IO     input  arg1_1                 torch [2, 2048, 1024] -> device [2048, 16, 2, 64] in HBM = 4194304 elems x 2B = 8388608 B  (hbm counted: 8388608 B)
IO   => HBM I/O total = 20971520 B  (lx 0 B, ~free)
MODEL -- estimate (turnaround): T = compute + (R+W)/BW_PEAK + a*min(R,W) --
MODEL   R=16777216 B (read)   W=4194304 B (write)   loop_trip L=1
MODEL   compute = MACs/cores/(mac_peak*pt_eff) = 4294967296/32/(1140*1.000) = 117.73 us  (M/m=256, pt_eff=1.000)
MODEL   base = R/150+W/150 = 139.81 us
MODEL   turn = a*min(R,W) = 0.00574*4194304 = 24.08 us
MODEL   => T_model = 227.46 us
MODEL FEATS [{"name":"bmm","is_reduction":true,"out_elems":2097152,"cores":32,"dtype_bytes":2,"args":[{"name":"op0","role":"output","mem":"hbm","elems":2097152,"broadcast":false,"dims":[1024,16,2,64],"logical":[2,1024,1024],"loop_factor":1},{"name":"arg0_1","role":"input","mem":"hbm","elems":4194304,"broadcast":false,"dims":[1024,32,2,64],"logical":[2,1024,2048],"loop_factor":1},{"name":"arg1_1","role":"input","mem":"hbm","elems":4194304,"broadcast":false,"dims":[2048,16,2,64],"logical":[2,2048,1024],"loop_factor":1}],"reduction_cores":1,"loop_trip":1,"tiles_output_dim":false,"tile_rows_per_core":0.0,"is_matmul":true,"matmul_macs":4294967296,"matmul_rows_per_core":256.0,"matmul_cols_per_core":128.0,"matmul_a_bytes":4194304,"matmul_b_bytes":4194304,"matmul_m_split":4,"matmul_n_split":8,"hbm_pattern":""}]
SUMMARY op=bmm_wd rows=1024 cols=2048 cores=32 tiles=0 lx=1 io_hbm_bytes=20971520 kernel_us=470.214 pred_us=227.462 err_pct=-51.6 bw_gbps=44.6 memset_us=171.983 other_dev_us=265.425 total_dev_us=907.622
-- bmm_wd B=4 M=1024 K=2048 N=1024 b=1 m=4 n=8 k=1 (cores=32 M/m=256 N/n=128)
  op_it_space_splits={d0: 1, d1: 4, d2: 8, d3: 1}
  op_it_space_splits={d0: 1, d1: 4, d2: 8, d3: 1}
  op_it_space_splits={d0: 1, d1: 4, d2: 8, d3: 1}
  op_it_space_splits={d0: 1, d1: 4, d2: 8, d3: 1}
  op_it_space_splits={d0: 1, d1: 4, d2: 8, d3: 1}
  op_it_space_splits={d0: 1, d1: 4, d2: 8, d3: 1}
IO -- device-layout I/O (cost model, stick-padded) --
IO   op bmm [reduction]
IO     output op0                    torch [4, 1024, 1024] -> device [1024, 16, 4, 64] in HBM = 4194304 elems x 2B = 8388608 B  (hbm counted: 8388608 B)
IO     input  arg0_1                 torch [4, 1024, 2048] -> device [1024, 32, 4, 64] in HBM = 8388608 elems x 2B = 16777216 B  (hbm counted: 16777216 B)
IO     input  arg1_1                 torch [4, 2048, 1024] -> device [2048, 16, 4, 64] in HBM = 8388608 elems x 2B = 16777216 B  (hbm counted: 16777216 B)
IO   => HBM I/O total = 41943040 B  (lx 0 B, ~free)
MODEL -- estimate (turnaround): T = compute + (R+W)/BW_PEAK + a*min(R,W) --
MODEL   R=33554432 B (read)   W=8388608 B (write)   loop_trip L=1
MODEL   compute = MACs/cores/(mac_peak*pt_eff) = 8589934592/32/(1140*1.000) = 235.47 us  (M/m=256, pt_eff=1.000)
MODEL   base = R/150+W/150 = 279.62 us
MODEL   turn = a*min(R,W) = 0.00574*8388608 = 48.15 us
MODEL   => T_model = 454.92 us
MODEL FEATS [{"name":"bmm","is_reduction":true,"out_elems":4194304,"cores":32,"dtype_bytes":2,"args":[{"name":"op0","role":"output","mem":"hbm","elems":4194304,"broadcast":false,"dims":[1024,16,4,64],"logical":[4,1024,1024],"loop_factor":1},{"name":"arg0_1","role":"input","mem":"hbm","elems":8388608,"broadcast":false,"dims":[1024,32,4,64],"logical":[4,1024,2048],"loop_factor":1},{"name":"arg1_1","role":"input","mem":"hbm","elems":8388608,"broadcast":false,"dims":[2048,16,4,64],"logical":[4,2048,1024],"loop_factor":1}],"reduction_cores":1,"loop_trip":1,"tiles_output_dim":false,"tile_rows_per_core":0.0,"is_matmul":true,"matmul_macs":8589934592,"matmul_rows_per_core":256.0,"matmul_cols_per_core":128.0,"matmul_a_bytes":4194304,"matmul_b_bytes":4194304,"matmul_m_split":4,"matmul_n_split":8,"hbm_pattern":""}]
SUMMARY op=bmm_wd rows=1024 cols=2048 cores=32 tiles=0 lx=1 io_hbm_bytes=41943040 kernel_us=1843.531 pred_us=454.925 err_pct=-75.3 bw_gbps=22.8 memset_us=239.055 other_dev_us=380.969 total_dev_us=2463.555
-- bmm_wd B=8 M=1024 K=2048 N=1024 b=1 m=4 n=8 k=1 (cores=32 M/m=256 N/n=128)
  op_it_space_splits={d0: 1, d1: 4, d2: 8, d3: 1}
  op_it_space_splits={d0: 1, d1: 4, d2: 8, d3: 1}
  op_it_space_splits={d0: 1, d1: 4, d2: 8, d3: 1}
  op_it_space_splits={d0: 1, d1: 4, d2: 8, d3: 1}
  op_it_space_splits={d0: 1, d1: 4, d2: 8, d3: 1}
  op_it_space_splits={d0: 1, d1: 4, d2: 8, d3: 1}
IO -- device-layout I/O (cost model, stick-padded) --
IO   op bmm [reduction]
IO     output op0                    torch [8, 1024, 1024] -> device [1024, 16, 8, 64] in HBM = 8388608 elems x 2B = 16777216 B  (hbm counted: 16777216 B)
IO     input  arg0_1                 torch [8, 1024, 2048] -> device [1024, 32, 8, 64] in HBM = 16777216 elems x 2B = 33554432 B  (hbm counted: 33554432 B)
IO     input  arg1_1                 torch [8, 2048, 1024] -> device [2048, 16, 8, 64] in HBM = 16777216 elems x 2B = 33554432 B  (hbm counted: 33554432 B)
IO   => HBM I/O total = 83886080 B  (lx 0 B, ~free)
MODEL -- estimate (turnaround): T = compute + (R+W)/BW_PEAK + a*min(R,W) --
MODEL   R=67108864 B (read)   W=16777216 B (write)   loop_trip L=1
MODEL   compute = MACs/cores/(mac_peak*pt_eff) = 17179869184/32/(1140*1.000) = 470.94 us  (M/m=256, pt_eff=1.000)
MODEL   base = R/150+W/150 = 559.24 us
MODEL   turn = a*min(R,W) = 0.00574*16777216 = 96.30 us
MODEL   => T_model = 909.85 us
MODEL FEATS [{"name":"bmm","is_reduction":true,"out_elems":8388608,"cores":32,"dtype_bytes":2,"args":[{"name":"op0","role":"output","mem":"hbm","elems":8388608,"broadcast":false,"dims":[1024,16,8,64],"logical":[8,1024,1024],"loop_factor":1},{"name":"arg0_1","role":"input","mem":"hbm","elems":16777216,"broadcast":false,"dims":[1024,32,8,64],"logical":[8,1024,2048],"loop_factor":1},{"name":"arg1_1","role":"input","mem":"hbm","elems":16777216,"broadcast":false,"dims":[2048,16,8,64],"logical":[8,2048,1024],"loop_factor":1}],"reduction_cores":1,"loop_trip":1,"tiles_output_dim":false,"tile_rows_per_core":0.0,"is_matmul":true,"matmul_macs":17179869184,"matmul_rows_per_core":256.0,"matmul_cols_per_core":128.0,"matmul_a_bytes":4194304,"matmul_b_bytes":4194304,"matmul_m_split":4,"matmul_n_split":8,"hbm_pattern":""}]
SUMMARY op=bmm_wd rows=1024 cols=2048 cores=32 tiles=0 lx=1 io_hbm_bytes=83886080 kernel_us=3666.539 pred_us=909.849 err_pct=-75.2 bw_gbps=22.9 memset_us=246.071 other_dev_us=866.011 total_dev_us=4778.621
-- bmm_wd B=16 M=1024 K=2048 N=1024 b=1 m=4 n=8 k=1 (cores=32 M/m=256 N/n=128)
  op_it_space_splits={d0: 1, d1: 4, d2: 8, d3: 1}
  op_it_space_splits={d0: 1, d1: 4, d2: 8, d3: 1}
  op_it_space_splits={d0: 1, d1: 4, d2: 8, d3: 1}
  op_it_space_splits={d0: 1, d1: 4, d2: 8, d3: 1}
  op_it_space_splits={d0: 1, d1: 4, d2: 8, d3: 1}
  op_it_space_splits={d0: 1, d1: 4, d2: 8, d3: 1}
IO -- device-layout I/O (cost model, stick-padded) --
IO   op bmm [reduction]
IO     output op0                    torch [16, 1024, 1024] -> device [1024, 16, 16, 64] in HBM = 16777216 elems x 2B = 33554432 B  (hbm counted: 33554432 B)
IO     input  arg0_1                 torch [16, 1024, 2048] -> device [1024, 32, 16, 64] in HBM = 33554432 elems x 2B = 67108864 B  (hbm counted: 67108864 B)
IO     input  arg1_1                 torch [16, 2048, 1024] -> device [2048, 16, 16, 64] in HBM = 33554432 elems x 2B = 67108864 B  (hbm counted: 67108864 B)
IO   => HBM I/O total = 167772160 B  (lx 0 B, ~free)
MODEL -- estimate (turnaround): T = compute + (R+W)/BW_PEAK + a*min(R,W) --
MODEL   R=134217728 B (read)   W=33554432 B (write)   loop_trip L=1
MODEL   compute = MACs/cores/(mac_peak*pt_eff) = 34359738368/32/(1140*1.000) = 941.88 us  (M/m=256, pt_eff=1.000)
MODEL   base = R/150+W/150 = 1118.48 us
MODEL   turn = a*min(R,W) = 0.00574*33554432 = 192.60 us
MODEL   => T_model = 1819.70 us
MODEL FEATS [{"name":"bmm","is_reduction":true,"out_elems":16777216,"cores":32,"dtype_bytes":2,"args":[{"name":"op0","role":"output","mem":"hbm","elems":16777216,"broadcast":false,"dims":[1024,16,16,64],"logical":[16,1024,1024],"loop_factor":1},{"name":"arg0_1","role":"input","mem":"hbm","elems":33554432,"broadcast":false,"dims":[1024,32,16,64],"logical":[16,1024,2048],"loop_factor":1},{"name":"arg1_1","role":"input","mem":"hbm","elems":33554432,"broadcast":false,"dims":[2048,16,16,64],"logical":[16,2048,1024],"loop_factor":1}],"reduction_cores":1,"loop_trip":1,"tiles_output_dim":false,"tile_rows_per_core":0.0,"is_matmul":true,"matmul_macs":34359738368,"matmul_rows_per_core":256.0,"matmul_cols_per_core":128.0,"matmul_a_bytes":4194304,"matmul_b_bytes":4194304,"matmul_m_split":4,"matmul_n_split":8,"hbm_pattern":""}]
SUMMARY op=bmm_wd rows=1024 cols=2048 cores=32 tiles=0 lx=1 io_hbm_bytes=167772160 kernel_us=7339.968 pred_us=1819.698 err_pct=-75.2 bw_gbps=22.9 memset_us=489.010 other_dev_us=2229.945 total_dev_us=10058.923
-- bmm_wd B=1 M=1024 K=2048 N=1024 b=1 m=2 n=2 k=1 (cores=4 M/m=512 N/n=512)
  op_it_space_splits={d0: 1, d1: 2, d2: 1}
  op_it_space_splits={d0: 1, d1: 2, d2: 1}
  op_it_space_splits={d0: 1, d1: 2, d2: 1}
  op_it_space_splits={d0: 1, d1: 2, d2: 1}
  op_it_space_splits={d0: 1, d1: 2, d2: 1}
  op_it_space_splits={d0: 1, d1: 2, d2: 1}
IO -- device-layout I/O (cost model, stick-padded) --
IO   op bmm [reduction]
IO     output op0                    torch [1, 1024, 1024] -> device [1024, 16, 1, 64] in HBM = 1048576 elems x 2B = 2097152 B  (hbm counted: 2097152 B)
IO     input  arg0_1                 torch [1, 1024, 2048] -> device [1024, 32, 1, 64] in HBM = 2097152 elems x 2B = 4194304 B  (hbm counted: 4194304 B) broadcast (loaded once)
IO     input  arg1_1                 torch [1, 2048, 1024] -> device [2048, 16, 1, 64] in HBM = 2097152 elems x 2B = 4194304 B  (hbm counted: 4194304 B) broadcast (loaded once)
IO   => HBM I/O total = 10485760 B  (lx 0 B, ~free)
MODEL -- estimate (turnaround): T = compute + (R+W)/BW_PEAK + a*min(R,W) --
MODEL   R=8388608 B (read)   W=2097152 B (write)   loop_trip L=1
MODEL   compute = MACs/cores/(mac_peak*pt_eff) = 2147483648/2/(1140*1.000) = 941.88 us  (M/m=1024, pt_eff=1.000)
MODEL   base = R/150+W/150 = 69.91 us
MODEL   turn = a*min(R,W) = 0.00574*2097152 = 12.04 us
MODEL   => T_model = 1026.90 us
MODEL FEATS [{"name":"bmm","is_reduction":true,"out_elems":1048576,"cores":2,"dtype_bytes":2,"args":[{"name":"op0","role":"output","mem":"hbm","elems":1048576,"broadcast":false,"dims":[1024,16,1,64],"logical":[1,1024,1024],"loop_factor":1},{"name":"arg0_1","role":"input","mem":"hbm","elems":2097152,"broadcast":true,"dims":[1024,32,1,64],"logical":[1,1024,2048],"loop_factor":1},{"name":"arg1_1","role":"input","mem":"hbm","elems":2097152,"broadcast":true,"dims":[2048,16,1,64],"logical":[1,2048,1024],"loop_factor":1}],"reduction_cores":1,"loop_trip":1,"tiles_output_dim":false,"tile_rows_per_core":0.0,"is_matmul":true,"matmul_macs":2147483648,"matmul_rows_per_core":1024.0,"matmul_cols_per_core":512.0,"matmul_a_bytes":4194304,"matmul_b_bytes":4194304,"matmul_m_split":1,"matmul_n_split":2,"hbm_pattern":""}]
SUMMARY op=bmm_wd rows=1024 cols=2048 cores=2 tiles=0 lx=1 io_hbm_bytes=10485760 kernel_us=1012.966 pred_us=1026.896 err_pct=+1.4 bw_gbps=10.4 memset_us=135.548 other_dev_us=305.622 total_dev_us=1454.136
-- bmm_wd B=2 M=1024 K=2048 N=1024 b=1 m=2 n=2 k=1 (cores=4 M/m=512 N/n=512)
  op_it_space_splits={d0: 1, d1: 2, d2: 2, d3: 1}
  op_it_space_splits={d0: 1, d1: 2, d2: 2, d3: 1}
  op_it_space_splits={d0: 1, d1: 2, d2: 2, d3: 1}
  op_it_space_splits={d0: 1, d1: 2, d2: 2, d3: 1}
  op_it_space_splits={d0: 1, d1: 2, d2: 2, d3: 1}
  op_it_space_splits={d0: 1, d1: 2, d2: 2, d3: 1}
IO -- device-layout I/O (cost model, stick-padded) --
IO   op bmm [reduction]
IO     output op0                    torch [2, 1024, 1024] -> device [1024, 16, 2, 64] in HBM = 2097152 elems x 2B = 4194304 B  (hbm counted: 4194304 B)
IO     input  arg0_1                 torch [2, 1024, 2048] -> device [1024, 32, 2, 64] in HBM = 4194304 elems x 2B = 8388608 B  (hbm counted: 8388608 B)
IO     input  arg1_1                 torch [2, 2048, 1024] -> device [2048, 16, 2, 64] in HBM = 4194304 elems x 2B = 8388608 B  (hbm counted: 8388608 B)
IO   => HBM I/O total = 20971520 B  (lx 0 B, ~free)
MODEL -- estimate (turnaround): T = compute + (R+W)/BW_PEAK + a*min(R,W) --
MODEL   R=16777216 B (read)   W=4194304 B (write)   loop_trip L=1
MODEL   compute = MACs/cores/(mac_peak*pt_eff) = 4294967296/4/(1140*1.000) = 941.88 us  (M/m=512, pt_eff=1.000)
MODEL   base = R/150+W/150 = 139.81 us
MODEL   turn = a*min(R,W) = 0.00574*4194304 = 24.08 us
MODEL   => T_model = 1057.56 us
MODEL FEATS [{"name":"bmm","is_reduction":true,"out_elems":2097152,"cores":4,"dtype_bytes":2,"args":[{"name":"op0","role":"output","mem":"hbm","elems":2097152,"broadcast":false,"dims":[1024,16,2,64],"logical":[2,1024,1024],"loop_factor":1},{"name":"arg0_1","role":"input","mem":"hbm","elems":4194304,"broadcast":false,"dims":[1024,32,2,64],"logical":[2,1024,2048],"loop_factor":1},{"name":"arg1_1","role":"input","mem":"hbm","elems":4194304,"broadcast":false,"dims":[2048,16,2,64],"logical":[2,2048,1024],"loop_factor":1}],"reduction_cores":1,"loop_trip":1,"tiles_output_dim":false,"tile_rows_per_core":0.0,"is_matmul":true,"matmul_macs":4294967296,"matmul_rows_per_core":512.0,"matmul_cols_per_core":512.0,"matmul_a_bytes":4194304,"matmul_b_bytes":4194304,"matmul_m_split":2,"matmul_n_split":2,"hbm_pattern":""}]
SUMMARY op=bmm_wd rows=1024 cols=2048 cores=4 tiles=0 lx=1 io_hbm_bytes=20971520 kernel_us=3389.495 pred_us=1057.556 err_pct=-68.8 bw_gbps=6.2 memset_us=155.817 other_dev_us=179.953 total_dev_us=3725.265
-- bmm_wd B=4 M=1024 K=2048 N=1024 b=1 m=2 n=2 k=1 (cores=4 M/m=512 N/n=512)
  op_it_space_splits={d0: 1, d1: 2, d2: 2, d3: 1}
  op_it_space_splits={d0: 1, d1: 2, d2: 2, d3: 1}
  op_it_space_splits={d0: 1, d1: 2, d2: 2, d3: 1}
  op_it_space_splits={d0: 1, d1: 2, d2: 2, d3: 1}
  op_it_space_splits={d0: 1, d1: 2, d2: 2, d3: 1}
  op_it_space_splits={d0: 1, d1: 2, d2: 2, d3: 1}
IO -- device-layout I/O (cost model, stick-padded) --
IO   op bmm [reduction]
IO     output op0                    torch [4, 1024, 1024] -> device [1024, 16, 4, 64] in HBM = 4194304 elems x 2B = 8388608 B  (hbm counted: 8388608 B)
IO     input  arg0_1                 torch [4, 1024, 2048] -> device [1024, 32, 4, 64] in HBM = 8388608 elems x 2B = 16777216 B  (hbm counted: 16777216 B)
IO     input  arg1_1                 torch [4, 2048, 1024] -> device [2048, 16, 4, 64] in HBM = 8388608 elems x 2B = 16777216 B  (hbm counted: 16777216 B)
IO   => HBM I/O total = 41943040 B  (lx 0 B, ~free)
MODEL -- estimate (turnaround): T = compute + (R+W)/BW_PEAK + a*min(R,W) --
MODEL   R=33554432 B (read)   W=8388608 B (write)   loop_trip L=1
MODEL   compute = MACs/cores/(mac_peak*pt_eff) = 8589934592/4/(1140*1.000) = 1883.76 us  (M/m=512, pt_eff=1.000)
MODEL   base = R/150+W/150 = 279.62 us
MODEL   turn = a*min(R,W) = 0.00574*8388608 = 48.15 us
MODEL   => T_model = 2087.93 us
MODEL FEATS [{"name":"bmm","is_reduction":true,"out_elems":4194304,"cores":4,"dtype_bytes":2,"args":[{"name":"op0","role":"output","mem":"hbm","elems":4194304,"broadcast":false,"dims":[1024,16,4,64],"logical":[4,1024,1024],"loop_factor":1},{"name":"arg0_1","role":"input","mem":"hbm","elems":8388608,"broadcast":false,"dims":[1024,32,4,64],"logical":[4,1024,2048],"loop_factor":1},{"name":"arg1_1","role":"input","mem":"hbm","elems":8388608,"broadcast":false,"dims":[2048,16,4,64],"logical":[4,2048,1024],"loop_factor":1}],"reduction_cores":1,"loop_trip":1,"tiles_output_dim":false,"tile_rows_per_core":0.0,"is_matmul":true,"matmul_macs":8589934592,"matmul_rows_per_core":512.0,"matmul_cols_per_core":512.0,"matmul_a_bytes":4194304,"matmul_b_bytes":4194304,"matmul_m_split":2,"matmul_n_split":2,"hbm_pattern":""}]
SUMMARY op=bmm_wd rows=1024 cols=2048 cores=4 tiles=0 lx=1 io_hbm_bytes=41943040 kernel_us=12837.244 pred_us=2087.933 err_pct=-83.7 bw_gbps=3.3 memset_us=226.907 other_dev_us=501.220 total_dev_us=13565.371
-- bmm_wd B=8 M=1024 K=2048 N=1024 b=1 m=2 n=2 k=1 (cores=4 M/m=512 N/n=512)
  op_it_space_splits={d0: 1, d1: 2, d2: 2, d3: 1}
  op_it_space_splits={d0: 1, d1: 2, d2: 2, d3: 1}
  op_it_space_splits={d0: 1, d1: 2, d2: 2, d3: 1}
  op_it_space_splits={d0: 1, d1: 2, d2: 2, d3: 1}
  op_it_space_splits={d0: 1, d1: 2, d2: 2, d3: 1}
  op_it_space_splits={d0: 1, d1: 2, d2: 2, d3: 1}
IO -- device-layout I/O (cost model, stick-padded) --
IO   op bmm [reduction]
IO     output op0                    torch [8, 1024, 1024] -> device [1024, 16, 8, 64] in HBM = 8388608 elems x 2B = 16777216 B  (hbm counted: 16777216 B)
IO     input  arg0_1                 torch [8, 1024, 2048] -> device [1024, 32, 8, 64] in HBM = 16777216 elems x 2B = 33554432 B  (hbm counted: 33554432 B)
IO     input  arg1_1                 torch [8, 2048, 1024] -> device [2048, 16, 8, 64] in HBM = 16777216 elems x 2B = 33554432 B  (hbm counted: 33554432 B)
IO   => HBM I/O total = 83886080 B  (lx 0 B, ~free)
MODEL -- estimate (turnaround): T = compute + (R+W)/BW_PEAK + a*min(R,W) --
MODEL   R=67108864 B (read)   W=16777216 B (write)   loop_trip L=1
MODEL   compute = MACs/cores/(mac_peak*pt_eff) = 17179869184/4/(1140*1.000) = 3767.52 us  (M/m=512, pt_eff=1.000)
MODEL   base = R/150+W/150 = 559.24 us
MODEL   turn = a*min(R,W) = 0.00574*16777216 = 96.30 us
MODEL   => T_model = 4148.69 us
MODEL FEATS [{"name":"bmm","is_reduction":true,"out_elems":8388608,"cores":4,"dtype_bytes":2,"args":[{"name":"op0","role":"output","mem":"hbm","elems":8388608,"broadcast":false,"dims":[1024,16,8,64],"logical":[8,1024,1024],"loop_factor":1},{"name":"arg0_1","role":"input","mem":"hbm","elems":16777216,"broadcast":false,"dims":[1024,32,8,64],"logical":[8,1024,2048],"loop_factor":1},{"name":"arg1_1","role":"input","mem":"hbm","elems":16777216,"broadcast":false,"dims":[2048,16,8,64],"logical":[8,2048,1024],"loop_factor":1}],"reduction_cores":1,"loop_trip":1,"tiles_output_dim":false,"tile_rows_per_core":0.0,"is_matmul":true,"matmul_macs":17179869184,"matmul_rows_per_core":512.0,"matmul_cols_per_core":512.0,"matmul_a_bytes":4194304,"matmul_b_bytes":4194304,"matmul_m_split":2,"matmul_n_split":2,"hbm_pattern":""}]
SUMMARY op=bmm_wd rows=1024 cols=2048 cores=4 tiles=0 lx=1 io_hbm_bytes=83886080 kernel_us=26395.879 pred_us=4148.687 err_pct=-84.3 bw_gbps=3.2 memset_us=322.527 other_dev_us=825.956 total_dev_us=27544.362
-- bmm_wd B=16 M=1024 K=2048 N=1024 b=1 m=2 n=2 k=1 (cores=4 M/m=512 N/n=512)
  op_it_space_splits={d0: 1, d1: 2, d2: 2, d3: 1}
  op_it_space_splits={d0: 1, d1: 2, d2: 2, d3: 1}
  op_it_space_splits={d0: 1, d1: 2, d2: 2, d3: 1}
  op_it_space_splits={d0: 1, d1: 2, d2: 2, d3: 1}
  op_it_space_splits={d0: 1, d1: 2, d2: 2, d3: 1}
  op_it_space_splits={d0: 1, d1: 2, d2: 2, d3: 1}
IO -- device-layout I/O (cost model, stick-padded) --
IO   op bmm [reduction]
IO     output op0                    torch [16, 1024, 1024] -> device [1024, 16, 16, 64] in HBM = 16777216 elems x 2B = 33554432 B  (hbm counted: 33554432 B)
IO     input  arg0_1                 torch [16, 1024, 2048] -> device [1024, 32, 16, 64] in HBM = 33554432 elems x 2B = 67108864 B  (hbm counted: 67108864 B)
IO     input  arg1_1                 torch [16, 2048, 1024] -> device [2048, 16, 16, 64] in HBM = 33554432 elems x 2B = 67108864 B  (hbm counted: 67108864 B)
IO   => HBM I/O total = 167772160 B  (lx 0 B, ~free)
MODEL -- estimate (turnaround): T = compute + (R+W)/BW_PEAK + a*min(R,W) --
MODEL   R=134217728 B (read)   W=33554432 B (write)   loop_trip L=1
MODEL   compute = MACs/cores/(mac_peak*pt_eff) = 34359738368/4/(1140*1.000) = 7535.03 us  (M/m=512, pt_eff=1.000)
MODEL   base = R/150+W/150 = 1118.48 us
MODEL   turn = a*min(R,W) = 0.00574*33554432 = 192.60 us
MODEL   => T_model = 8270.19 us
MODEL FEATS [{"name":"bmm","is_reduction":true,"out_elems":16777216,"cores":4,"dtype_bytes":2,"args":[{"name":"op0","role":"output","mem":"hbm","elems":16777216,"broadcast":false,"dims":[1024,16,16,64],"logical":[16,1024,1024],"loop_factor":1},{"name":"arg0_1","role":"input","mem":"hbm","elems":33554432,"broadcast":false,"dims":[1024,32,16,64],"logical":[16,1024,2048],"loop_factor":1},{"name":"arg1_1","role":"input","mem":"hbm","elems":33554432,"broadcast":false,"dims":[2048,16,16,64],"logical":[16,2048,1024],"loop_factor":1}],"reduction_cores":1,"loop_trip":1,"tiles_output_dim":false,"tile_rows_per_core":0.0,"is_matmul":true,"matmul_macs":34359738368,"matmul_rows_per_core":512.0,"matmul_cols_per_core":512.0,"matmul_a_bytes":4194304,"matmul_b_bytes":4194304,"matmul_m_split":2,"matmul_n_split":2,"hbm_pattern":""}]
SUMMARY op=bmm_wd rows=1024 cols=2048 cores=4 tiles=0 lx=1 io_hbm_bytes=167772160 kernel_us=54248.043 pred_us=8270.195 err_pct=-84.8 bw_gbps=3.1 memset_us=606.023 other_dev_us=1688.636 total_dev_us=56542.702
-- bmm_wd B=1 M=2048 K=2048 N=1024 b=1 m=4 n=8 k=1 (cores=32 M/m=512 N/n=128)
  op_it_space_splits={d0: 1, d1: 8, d2: 1}
  op_it_space_splits={d0: 1, d1: 8, d2: 1}
  op_it_space_splits={d0: 1, d1: 8, d2: 1}
  op_it_space_splits={d0: 1, d1: 8, d2: 1}
  op_it_space_splits={d0: 1, d1: 8, d2: 1}
  op_it_space_splits={d0: 1, d1: 8, d2: 1}
IO -- device-layout I/O (cost model, stick-padded) --
IO   op bmm [reduction]
IO     output op0                    torch [1, 2048, 1024] -> device [2048, 16, 1, 64] in HBM = 2097152 elems x 2B = 4194304 B  (hbm counted: 4194304 B)
IO     input  arg0_1                 torch [1, 2048, 2048] -> device [2048, 32, 1, 64] in HBM = 4194304 elems x 2B = 8388608 B  (hbm counted: 8388608 B) broadcast (loaded once)
IO     input  arg1_1                 torch [1, 2048, 1024] -> device [2048, 16, 1, 64] in HBM = 2097152 elems x 2B = 4194304 B  (hbm counted: 4194304 B) broadcast (loaded once)
IO   => HBM I/O total = 16777216 B  (lx 0 B, ~free)
MODEL -- estimate (turnaround): T = compute + (R+W)/BW_PEAK + a*min(R,W) --
MODEL   R=12582912 B (read)   W=4194304 B (write)   loop_trip L=1
MODEL   compute = MACs/cores/(mac_peak*pt_eff) = 4294967296/8/(1140*1.000) = 470.94 us  (M/m=2048, pt_eff=1.000)
MODEL   base = R/150+W/150 = 111.85 us
MODEL   turn = a*min(R,W) = 0.00574*4194304 = 24.08 us
MODEL   => T_model = 585.11 us
MODEL FEATS [{"name":"bmm","is_reduction":true,"out_elems":2097152,"cores":8,"dtype_bytes":2,"args":[{"name":"op0","role":"output","mem":"hbm","elems":2097152,"broadcast":false,"dims":[2048,16,1,64],"logical":[1,2048,1024],"loop_factor":1},{"name":"arg0_1","role":"input","mem":"hbm","elems":4194304,"broadcast":true,"dims":[2048,32,1,64],"logical":[1,2048,2048],"loop_factor":1},{"name":"arg1_1","role":"input","mem":"hbm","elems":2097152,"broadcast":true,"dims":[2048,16,1,64],"logical":[1,2048,1024],"loop_factor":1}],"reduction_cores":1,"loop_trip":1,"tiles_output_dim":false,"tile_rows_per_core":0.0,"is_matmul":true,"matmul_macs":4294967296,"matmul_rows_per_core":2048.0,"matmul_cols_per_core":128.0,"matmul_a_bytes":8388608,"matmul_b_bytes":4194304,"matmul_m_split":1,"matmul_n_split":8,"hbm_pattern":""}]
SUMMARY op=bmm_wd rows=2048 cols=2048 cores=8 tiles=0 lx=1 io_hbm_bytes=16777216 kernel_us=1238.788 pred_us=585.107 err_pct=-52.8 bw_gbps=13.5 memset_us=155.844 other_dev_us=484.553 total_dev_us=1879.185
-- bmm_wd B=2 M=2048 K=2048 N=1024 b=1 m=4 n=8 k=1 (cores=32 M/m=512 N/n=128)
  op_it_space_splits={d0: 1, d1: 4, d2: 8, d3: 1}
  op_it_space_splits={d0: 1, d1: 4, d2: 8, d3: 1}
  op_it_space_splits={d0: 1, d1: 4, d2: 8, d3: 1}
  op_it_space_splits={d0: 1, d1: 4, d2: 8, d3: 1}
  op_it_space_splits={d0: 1, d1: 4, d2: 8, d3: 1}
  op_it_space_splits={d0: 1, d1: 4, d2: 8, d3: 1}
IO -- device-layout I/O (cost model, stick-padded) --
IO   op bmm [reduction]
IO     output op0                    torch [2, 2048, 1024] -> device [2048, 16, 2, 64] in HBM = 4194304 elems x 2B = 8388608 B  (hbm counted: 8388608 B)
IO     input  arg0_1                 torch [2, 2048, 2048] -> device [2048, 32, 2, 64] in HBM = 8388608 elems x 2B = 16777216 B  (hbm counted: 16777216 B)
IO     input  arg1_1                 torch [2, 2048, 1024] -> device [2048, 16, 2, 64] in HBM = 4194304 elems x 2B = 8388608 B  (hbm counted: 8388608 B)
IO   => HBM I/O total = 33554432 B  (lx 0 B, ~free)
MODEL -- estimate (turnaround): T = compute + (R+W)/BW_PEAK + a*min(R,W) --
MODEL   R=25165824 B (read)   W=8388608 B (write)   loop_trip L=1
MODEL   compute = MACs/cores/(mac_peak*pt_eff) = 8589934592/32/(1140*1.000) = 235.47 us  (M/m=512, pt_eff=1.000)
MODEL   base = R/150+W/150 = 223.70 us
MODEL   turn = a*min(R,W) = 0.00574*8388608 = 48.15 us
MODEL   => T_model = 399.00 us
MODEL FEATS [{"name":"bmm","is_reduction":true,"out_elems":4194304,"cores":32,"dtype_bytes":2,"args":[{"name":"op0","role":"output","mem":"hbm","elems":4194304,"broadcast":false,"dims":[2048,16,2,64],"logical":[2,2048,1024],"loop_factor":1},{"name":"arg0_1","role":"input","mem":"hbm","elems":8388608,"broadcast":false,"dims":[2048,32,2,64],"logical":[2,2048,2048],"loop_factor":1},{"name":"arg1_1","role":"input","mem":"hbm","elems":4194304,"broadcast":false,"dims":[2048,16,2,64],"logical":[2,2048,1024],"loop_factor":1}],"reduction_cores":1,"loop_trip":1,"tiles_output_dim":false,"tile_rows_per_core":0.0,"is_matmul":true,"matmul_macs":8589934592,"matmul_rows_per_core":512.0,"matmul_cols_per_core":128.0,"matmul_a_bytes":8388608,"matmul_b_bytes":4194304,"matmul_m_split":4,"matmul_n_split":8,"hbm_pattern":""}]
SUMMARY op=bmm_wd rows=2048 cols=2048 cores=32 tiles=0 lx=1 io_hbm_bytes=33554432 kernel_us=936.601 pred_us=399.000 err_pct=-57.4 bw_gbps=35.8 memset_us=248.793 other_dev_us=499.621 total_dev_us=1685.015
-- bmm_wd B=4 M=2048 K=2048 N=1024 b=1 m=4 n=8 k=1 (cores=32 M/m=512 N/n=128)
  op_it_space_splits={d0: 1, d1: 4, d2: 8, d3: 1}
  op_it_space_splits={d0: 1, d1: 4, d2: 8, d3: 1}
  op_it_space_splits={d0: 1, d1: 4, d2: 8, d3: 1}
  op_it_space_splits={d0: 1, d1: 4, d2: 8, d3: 1}
  op_it_space_splits={d0: 1, d1: 4, d2: 8, d3: 1}
  op_it_space_splits={d0: 1, d1: 4, d2: 8, d3: 1}
IO -- device-layout I/O (cost model, stick-padded) --
IO   op bmm [reduction]
IO     output op0                    torch [4, 2048, 1024] -> device [2048, 16, 4, 64] in HBM = 8388608 elems x 2B = 16777216 B  (hbm counted: 16777216 B)
IO     input  arg0_1                 torch [4, 2048, 2048] -> device [2048, 32, 4, 64] in HBM = 16777216 elems x 2B = 33554432 B  (hbm counted: 33554432 B)
IO     input  arg1_1                 torch [4, 2048, 1024] -> device [2048, 16, 4, 64] in HBM = 8388608 elems x 2B = 16777216 B  (hbm counted: 16777216 B)
IO   => HBM I/O total = 67108864 B  (lx 0 B, ~free)
MODEL -- estimate (turnaround): T = compute + (R+W)/BW_PEAK + a*min(R,W) --
MODEL   R=50331648 B (read)   W=16777216 B (write)   loop_trip L=1
MODEL   compute = MACs/cores/(mac_peak*pt_eff) = 17179869184/32/(1140*1.000) = 470.94 us  (M/m=512, pt_eff=1.000)
MODEL   base = R/150+W/150 = 447.39 us
MODEL   turn = a*min(R,W) = 0.00574*16777216 = 96.30 us
MODEL   => T_model = 798.00 us
MODEL FEATS [{"name":"bmm","is_reduction":true,"out_elems":8388608,"cores":32,"dtype_bytes":2,"args":[{"name":"op0","role":"output","mem":"hbm","elems":8388608,"broadcast":false,"dims":[2048,16,4,64],"logical":[4,2048,1024],"loop_factor":1},{"name":"arg0_1","role":"input","mem":"hbm","elems":16777216,"broadcast":false,"dims":[2048,32,4,64],"logical":[4,2048,2048],"loop_factor":1},{"name":"arg1_1","role":"input","mem":"hbm","elems":8388608,"broadcast":false,"dims":[2048,16,4,64],"logical":[4,2048,1024],"loop_factor":1}],"reduction_cores":1,"loop_trip":1,"tiles_output_dim":false,"tile_rows_per_core":0.0,"is_matmul":true,"matmul_macs":17179869184,"matmul_rows_per_core":512.0,"matmul_cols_per_core":128.0,"matmul_a_bytes":8388608,"matmul_b_bytes":4194304,"matmul_m_split":4,"matmul_n_split":8,"hbm_pattern":""}]
SUMMARY op=bmm_wd rows=2048 cols=2048 cores=32 tiles=0 lx=1 io_hbm_bytes=67108864 kernel_us=3702.553 pred_us=798.001 err_pct=-78.4 bw_gbps=18.1 memset_us=308.965 other_dev_us=832.021 total_dev_us=4843.539
-- bmm_wd B=8 M=2048 K=2048 N=1024 b=1 m=4 n=8 k=1 (cores=32 M/m=512 N/n=128)
  op_it_space_splits={d0: 1, d1: 4, d2: 8, d3: 1}
  op_it_space_splits={d0: 1, d1: 4, d2: 8, d3: 1}
  op_it_space_splits={d0: 1, d1: 4, d2: 8, d3: 1}
  op_it_space_splits={d0: 1, d1: 4, d2: 8, d3: 1}
  op_it_space_splits={d0: 1, d1: 4, d2: 8, d3: 1}
  op_it_space_splits={d0: 1, d1: 4, d2: 8, d3: 1}
IO -- device-layout I/O (cost model, stick-padded) --
IO   op bmm [reduction]
IO     output op0                    torch [8, 2048, 1024] -> device [2048, 16, 8, 64] in HBM = 16777216 elems x 2B = 33554432 B  (hbm counted: 33554432 B)
IO     input  arg0_1                 torch [8, 2048, 2048] -> device [2048, 32, 8, 64] in HBM = 33554432 elems x 2B = 67108864 B  (hbm counted: 67108864 B)
IO     input  arg1_1                 torch [8, 2048, 1024] -> device [2048, 16, 8, 64] in HBM = 16777216 elems x 2B = 33554432 B  (hbm counted: 33554432 B)
IO   => HBM I/O total = 134217728 B  (lx 0 B, ~free)
MODEL -- estimate (turnaround): T = compute + (R+W)/BW_PEAK + a*min(R,W) --
MODEL   R=100663296 B (read)   W=33554432 B (write)   loop_trip L=1
MODEL   compute = MACs/cores/(mac_peak*pt_eff) = 34359738368/32/(1140*1.000) = 941.88 us  (M/m=512, pt_eff=1.000)
MODEL   base = R/150+W/150 = 894.78 us
MODEL   turn = a*min(R,W) = 0.00574*33554432 = 192.60 us
MODEL   => T_model = 1596.00 us
MODEL FEATS [{"name":"bmm","is_reduction":true,"out_elems":16777216,"cores":32,"dtype_bytes":2,"args":[{"name":"op0","role":"output","mem":"hbm","elems":16777216,"broadcast":false,"dims":[2048,16,8,64],"logical":[8,2048,1024],"loop_factor":1},{"name":"arg0_1","role":"input","mem":"hbm","elems":33554432,"broadcast":false,"dims":[2048,32,8,64],"logical":[8,2048,2048],"loop_factor":1},{"name":"arg1_1","role":"input","mem":"hbm","elems":16777216,"broadcast":false,"dims":[2048,16,8,64],"logical":[8,2048,1024],"loop_factor":1}],"reduction_cores":1,"loop_trip":1,"tiles_output_dim":false,"tile_rows_per_core":0.0,"is_matmul":true,"matmul_macs":34359738368,"matmul_rows_per_core":512.0,"matmul_cols_per_core":128.0,"matmul_a_bytes":8388608,"matmul_b_bytes":4194304,"matmul_m_split":4,"matmul_n_split":8,"hbm_pattern":""}]
SUMMARY op=bmm_wd rows=2048 cols=2048 cores=32 tiles=0 lx=1 io_hbm_bytes=134217728 kernel_us=7437.850 pred_us=1596.002 err_pct=-78.5 bw_gbps=18.0 memset_us=499.719 other_dev_us=2298.129 total_dev_us=10235.698
-- bmm_wd B=1 M=1024 K=1024 N=1024 b=1 m=4 n=8 k=1 (cores=32 M/m=256 N/n=128)
  op_it_space_splits={d0: 1, d1: 8, d2: 1}
  op_it_space_splits={d0: 1, d1: 8, d2: 1}
  op_it_space_splits={d0: 1, d1: 8, d2: 1}
  op_it_space_splits={d0: 1, d1: 8, d2: 1}
  op_it_space_splits={d0: 1, d1: 8, d2: 1}
  op_it_space_splits={d0: 1, d1: 8, d2: 1}
IO -- device-layout I/O (cost model, stick-padded) --
IO   op bmm [reduction]
IO     output op0                    torch [1, 1024, 1024] -> device [1024, 16, 1, 64] in HBM = 1048576 elems x 2B = 2097152 B  (hbm counted: 2097152 B)
IO     input  arg0_1                 torch [1, 1024, 1024] -> device [1024, 16, 1, 64] in HBM = 1048576 elems x 2B = 2097152 B  (hbm counted: 2097152 B) broadcast (loaded once)
IO     input  arg1_1                 torch [1, 1024, 1024] -> device [1024, 16, 1, 64] in HBM = 1048576 elems x 2B = 2097152 B  (hbm counted: 2097152 B) broadcast (loaded once)
IO   => HBM I/O total = 6291456 B  (lx 0 B, ~free)
MODEL -- estimate (turnaround): T = compute + (R+W)/BW_PEAK + a*min(R,W) --
MODEL   R=4194304 B (read)   W=2097152 B (write)   loop_trip L=1
MODEL   compute = MACs/cores/(mac_peak*pt_eff) = 1073741824/8/(1140*1.000) = 117.73 us  (M/m=1024, pt_eff=1.000)
MODEL   base = R/150+W/150 = 41.94 us
MODEL   turn = a*min(R,W) = 0.00574*2097152 = 12.04 us
MODEL   => T_model = 153.68 us
MODEL FEATS [{"name":"bmm","is_reduction":true,"out_elems":1048576,"cores":8,"dtype_bytes":2,"args":[{"name":"op0","role":"output","mem":"hbm","elems":1048576,"broadcast":false,"dims":[1024,16,1,64],"logical":[1,1024,1024],"loop_factor":1},{"name":"arg0_1","role":"input","mem":"hbm","elems":1048576,"broadcast":true,"dims":[1024,16,1,64],"logical":[1,1024,1024],"loop_factor":1},{"name":"arg1_1","role":"input","mem":"hbm","elems":1048576,"broadcast":true,"dims":[1024,16,1,64],"logical":[1,1024,1024],"loop_factor":1}],"reduction_cores":1,"loop_trip":1,"tiles_output_dim":false,"tile_rows_per_core":0.0,"is_matmul":true,"matmul_macs":1073741824,"matmul_rows_per_core":1024.0,"matmul_cols_per_core":128.0,"matmul_a_bytes":2097152,"matmul_b_bytes":2097152,"matmul_m_split":1,"matmul_n_split":8,"hbm_pattern":""}]
SUMMARY op=bmm_wd rows=1024 cols=1024 cores=8 tiles=0 lx=1 io_hbm_bytes=6291456 kernel_us=320.786 pred_us=153.679 err_pct=-52.1 bw_gbps=19.6 memset_us=142.494 other_dev_us=358.309 total_dev_us=821.589
-- bmm_wd B=2 M=1024 K=1024 N=1024 b=1 m=4 n=8 k=1 (cores=32 M/m=256 N/n=128)
  op_it_space_splits={d0: 1, d1: 4, d2: 8, d3: 1}
  op_it_space_splits={d0: 1, d1: 4, d2: 8, d3: 1}
  op_it_space_splits={d0: 1, d1: 4, d2: 8, d3: 1}
  op_it_space_splits={d0: 1, d1: 4, d2: 8, d3: 1}
  op_it_space_splits={d0: 1, d1: 4, d2: 8, d3: 1}
  op_it_space_splits={d0: 1, d1: 4, d2: 8, d3: 1}
IO -- device-layout I/O (cost model, stick-padded) --
IO   op bmm [reduction]
IO     output op0                    torch [2, 1024, 1024] -> device [1024, 16, 2, 64] in HBM = 2097152 elems x 2B = 4194304 B  (hbm counted: 4194304 B)
IO     input  arg0_1                 torch [2, 1024, 1024] -> device [1024, 16, 2, 64] in HBM = 2097152 elems x 2B = 4194304 B  (hbm counted: 4194304 B)
IO     input  arg1_1                 torch [2, 1024, 1024] -> device [1024, 16, 2, 64] in HBM = 2097152 elems x 2B = 4194304 B  (hbm counted: 4194304 B)
IO   => HBM I/O total = 12582912 B  (lx 0 B, ~free)
MODEL -- estimate (turnaround): T = compute + (R+W)/BW_PEAK + a*min(R,W) --
MODEL   R=8388608 B (read)   W=4194304 B (write)   loop_trip L=1
MODEL   compute = MACs/cores/(mac_peak*pt_eff) = 2147483648/32/(1140*1.000) = 58.87 us  (M/m=256, pt_eff=1.000)
MODEL   base = R/150+W/150 = 83.89 us
MODEL   turn = a*min(R,W) = 0.00574*4194304 = 24.08 us
MODEL   => T_model = 139.75 us
MODEL FEATS [{"name":"bmm","is_reduction":true,"out_elems":2097152,"cores":32,"dtype_bytes":2,"args":[{"name":"op0","role":"output","mem":"hbm","elems":2097152,"broadcast":false,"dims":[1024,16,2,64],"logical":[2,1024,1024],"loop_factor":1},{"name":"arg0_1","role":"input","mem":"hbm","elems":2097152,"broadcast":false,"dims":[1024,16,2,64],"logical":[2,1024,1024],"loop_factor":1},{"name":"arg1_1","role":"input","mem":"hbm","elems":2097152,"broadcast":false,"dims":[1024,16,2,64],"logical":[2,1024,1024],"loop_factor":1}],"reduction_cores":1,"loop_trip":1,"tiles_output_dim":false,"tile_rows_per_core":0.0,"is_matmul":true,"matmul_macs":2147483648,"matmul_rows_per_core":256.0,"matmul_cols_per_core":128.0,"matmul_a_bytes":2097152,"matmul_b_bytes":2097152,"matmul_m_split":4,"matmul_n_split":8,"hbm_pattern":""}]
SUMMARY op=bmm_wd rows=1024 cols=1024 cores=32 tiles=0 lx=1 io_hbm_bytes=12582912 kernel_us=252.254 pred_us=139.750 err_pct=-44.6 bw_gbps=49.9 memset_us=202.536 other_dev_us=347.029 total_dev_us=801.819
-- bmm_wd B=4 M=1024 K=1024 N=1024 b=1 m=4 n=8 k=1 (cores=32 M/m=256 N/n=128)
  op_it_space_splits={d0: 1, d1: 4, d2: 8, d3: 1}
  op_it_space_splits={d0: 1, d1: 4, d2: 8, d3: 1}
  op_it_space_splits={d0: 1, d1: 4, d2: 8, d3: 1}
  op_it_space_splits={d0: 1, d1: 4, d2: 8, d3: 1}
  op_it_space_splits={d0: 1, d1: 4, d2: 8, d3: 1}
  op_it_space_splits={d0: 1, d1: 4, d2: 8, d3: 1}
IO -- device-layout I/O (cost model, stick-padded) --
IO   op bmm [reduction]
IO     output op0                    torch [4, 1024, 1024] -> device [1024, 16, 4, 64] in HBM = 4194304 elems x 2B = 8388608 B  (hbm counted: 8388608 B)
IO     input  arg0_1                 torch [4, 1024, 1024] -> device [1024, 16, 4, 64] in HBM = 4194304 elems x 2B = 8388608 B  (hbm counted: 8388608 B)
IO     input  arg1_1                 torch [4, 1024, 1024] -> device [1024, 16, 4, 64] in HBM = 4194304 elems x 2B = 8388608 B  (hbm counted: 8388608 B)
IO   => HBM I/O total = 25165824 B  (lx 0 B, ~free)
MODEL -- estimate (turnaround): T = compute + (R+W)/BW_PEAK + a*min(R,W) --
MODEL   R=16777216 B (read)   W=8388608 B (write)   loop_trip L=1
MODEL   compute = MACs/cores/(mac_peak*pt_eff) = 4294967296/32/(1140*1.000) = 117.73 us  (M/m=256, pt_eff=1.000)
MODEL   base = R/150+W/150 = 167.77 us
MODEL   turn = a*min(R,W) = 0.00574*8388608 = 48.15 us
MODEL   => T_model = 279.50 us
MODEL FEATS [{"name":"bmm","is_reduction":true,"out_elems":4194304,"cores":32,"dtype_bytes":2,"args":[{"name":"op0","role":"output","mem":"hbm","elems":4194304,"broadcast":false,"dims":[1024,16,4,64],"logical":[4,1024,1024],"loop_factor":1},{"name":"arg0_1","role":"input","mem":"hbm","elems":4194304,"broadcast":false,"dims":[1024,16,4,64],"logical":[4,1024,1024],"loop_factor":1},{"name":"arg1_1","role":"input","mem":"hbm","elems":4194304,"broadcast":false,"dims":[1024,16,4,64],"logical":[4,1024,1024],"loop_factor":1}],"reduction_cores":1,"loop_trip":1,"tiles_output_dim":false,"tile_rows_per_core":0.0,"is_matmul":true,"matmul_macs":4294967296,"matmul_rows_per_core":256.0,"matmul_cols_per_core":128.0,"matmul_a_bytes":2097152,"matmul_b_bytes":2097152,"matmul_m_split":4,"matmul_n_split":8,"hbm_pattern":""}]
SUMMARY op=bmm_wd rows=1024 cols=1024 cores=32 tiles=0 lx=1 io_hbm_bytes=25165824 kernel_us=969.221 pred_us=279.500 err_pct=-71.2 bw_gbps=26.0 memset_us=235.371 other_dev_us=566.489 total_dev_us=1771.081
-- bmm_wd B=8 M=1024 K=1024 N=1024 b=1 m=4 n=8 k=1 (cores=32 M/m=256 N/n=128)
  op_it_space_splits={d0: 1, d1: 4, d2: 8, d3: 1}
  op_it_space_splits={d0: 1, d1: 4, d2: 8, d3: 1}
  op_it_space_splits={d0: 1, d1: 4, d2: 8, d3: 1}
  op_it_space_splits={d0: 1, d1: 4, d2: 8, d3: 1}
  op_it_space_splits={d0: 1, d1: 4, d2: 8, d3: 1}
  op_it_space_splits={d0: 1, d1: 4, d2: 8, d3: 1}
IO -- device-layout I/O (cost model, stick-padded) --
IO   op bmm [reduction]
IO     output op0                    torch [8, 1024, 1024] -> device [1024, 16, 8, 64] in HBM = 8388608 elems x 2B = 16777216 B  (hbm counted: 16777216 B)
IO     input  arg0_1                 torch [8, 1024, 1024] -> device [1024, 16, 8, 64] in HBM = 8388608 elems x 2B = 16777216 B  (hbm counted: 16777216 B)
IO     input  arg1_1                 torch [8, 1024, 1024] -> device [1024, 16, 8, 64] in HBM = 8388608 elems x 2B = 16777216 B  (hbm counted: 16777216 B)
IO   => HBM I/O total = 50331648 B  (lx 0 B, ~free)
MODEL -- estimate (turnaround): T = compute + (R+W)/BW_PEAK + a*min(R,W) --
MODEL   R=33554432 B (read)   W=16777216 B (write)   loop_trip L=1
MODEL   compute = MACs/cores/(mac_peak*pt_eff) = 8589934592/32/(1140*1.000) = 235.47 us  (M/m=256, pt_eff=1.000)
MODEL   base = R/150+W/150 = 335.54 us
MODEL   turn = a*min(R,W) = 0.00574*16777216 = 96.30 us
MODEL   => T_model = 559.00 us
MODEL FEATS [{"name":"bmm","is_reduction":true,"out_elems":8388608,"cores":32,"dtype_bytes":2,"args":[{"name":"op0","role":"output","mem":"hbm","elems":8388608,"broadcast":false,"dims":[1024,16,8,64],"logical":[8,1024,1024],"loop_factor":1},{"name":"arg0_1","role":"input","mem":"hbm","elems":8388608,"broadcast":false,"dims":[1024,16,8,64],"logical":[8,1024,1024],"loop_factor":1},{"name":"arg1_1","role":"input","mem":"hbm","elems":8388608,"broadcast":false,"dims":[1024,16,8,64],"logical":[8,1024,1024],"loop_factor":1}],"reduction_cores":1,"loop_trip":1,"tiles_output_dim":false,"tile_rows_per_core":0.0,"is_matmul":true,"matmul_macs":8589934592,"matmul_rows_per_core":256.0,"matmul_cols_per_core":128.0,"matmul_a_bytes":2097152,"matmul_b_bytes":2097152,"matmul_m_split":4,"matmul_n_split":8,"hbm_pattern":""}]
SUMMARY op=bmm_wd rows=1024 cols=1024 cores=32 tiles=0 lx=1 io_hbm_bytes=50331648 kernel_us=1980.107 pred_us=558.999 err_pct=-71.8 bw_gbps=25.4 memset_us=305.801 other_dev_us=823.680 total_dev_us=3109.588
-- bmm_wd B=16 M=1024 K=1024 N=1024 b=1 m=4 n=8 k=1 (cores=32 M/m=256 N/n=128)
  op_it_space_splits={d0: 1, d1: 4, d2: 8, d3: 1}
  op_it_space_splits={d0: 1, d1: 4, d2: 8, d3: 1}
  op_it_space_splits={d0: 1, d1: 4, d2: 8, d3: 1}
  op_it_space_splits={d0: 1, d1: 4, d2: 8, d3: 1}
  op_it_space_splits={d0: 1, d1: 4, d2: 8, d3: 1}
  op_it_space_splits={d0: 1, d1: 4, d2: 8, d3: 1}
IO -- device-layout I/O (cost model, stick-padded) --
IO   op bmm [reduction]
IO     output op0                    torch [16, 1024, 1024] -> device [1024, 16, 16, 64] in HBM = 16777216 elems x 2B = 33554432 B  (hbm counted: 33554432 B)
IO     input  arg0_1                 torch [16, 1024, 1024] -> device [1024, 16, 16, 64] in HBM = 16777216 elems x 2B = 33554432 B  (hbm counted: 33554432 B)
IO     input  arg1_1                 torch [16, 1024, 1024] -> device [1024, 16, 16, 64] in HBM = 16777216 elems x 2B = 33554432 B  (hbm counted: 33554432 B)
IO   => HBM I/O total = 100663296 B  (lx 0 B, ~free)
MODEL -- estimate (turnaround): T = compute + (R+W)/BW_PEAK + a*min(R,W) --
MODEL   R=67108864 B (read)   W=33554432 B (write)   loop_trip L=1
MODEL   compute = MACs/cores/(mac_peak*pt_eff) = 17179869184/32/(1140*1.000) = 470.94 us  (M/m=256, pt_eff=1.000)
MODEL   base = R/150+W/150 = 671.09 us
MODEL   turn = a*min(R,W) = 0.00574*33554432 = 192.60 us
MODEL   => T_model = 1118.00 us
MODEL FEATS [{"name":"bmm","is_reduction":true,"out_elems":16777216,"cores":32,"dtype_bytes":2,"args":[{"name":"op0","role":"output","mem":"hbm","elems":16777216,"broadcast":false,"dims":[1024,16,16,64],"logical":[16,1024,1024],"loop_factor":1},{"name":"arg0_1","role":"input","mem":"hbm","elems":16777216,"broadcast":false,"dims":[1024,16,16,64],"logical":[16,1024,1024],"loop_factor":1},{"name":"arg1_1","role":"input","mem":"hbm","elems":16777216,"broadcast":false,"dims":[1024,16,16,64],"logical":[16,1024,1024],"loop_factor":1}],"reduction_cores":1,"loop_trip":1,"tiles_output_dim":false,"tile_rows_per_core":0.0,"is_matmul":true,"matmul_macs":17179869184,"matmul_rows_per_core":256.0,"matmul_cols_per_core":128.0,"matmul_a_bytes":2097152,"matmul_b_bytes":2097152,"matmul_m_split":4,"matmul_n_split":8,"hbm_pattern":""}]
SUMMARY op=bmm_wd rows=1024 cols=1024 cores=32 tiles=0 lx=1 io_hbm_bytes=100663296 kernel_us=3842.463 pred_us=1117.998 err_pct=-70.9 bw_gbps=26.2 memset_us=472.563 other_dev_us=2292.922 total_dev_us=6607.948
-- bmm_wd B=1 M=512 K=2048 N=512 b=1 m=4 n=8 k=1 (cores=32 M/m=128 N/n=64)
  op_it_space_splits={d0: 1, d1: 8, d2: 1}
  op_it_space_splits={d0: 1, d1: 8, d2: 1}
  op_it_space_splits={d0: 1, d1: 8, d2: 1}
  op_it_space_splits={d0: 1, d1: 8, d2: 1}
  op_it_space_splits={d0: 1, d1: 8, d2: 1}
  op_it_space_splits={d0: 1, d1: 8, d2: 1}
IO -- device-layout I/O (cost model, stick-padded) --
IO   op bmm [reduction]
IO     output op0                    torch [1, 512, 512] -> device [512, 8, 1, 64] in HBM = 262144 elems x 2B = 524288 B  (hbm counted: 524288 B)
IO     input  arg0_1                 torch [1, 512, 2048] -> device [512, 32, 1, 64] in HBM = 1048576 elems x 2B = 2097152 B  (hbm counted: 2097152 B) broadcast (loaded once)
IO     input  arg1_1                 torch [1, 2048, 512] -> device [2048, 8, 1, 64] in HBM = 1048576 elems x 2B = 2097152 B  (hbm counted: 2097152 B) broadcast (loaded once)
IO   => HBM I/O total = 4718592 B  (lx 0 B, ~free)
MODEL -- estimate (turnaround): T = compute + (R+W)/BW_PEAK + a*min(R,W) --
MODEL   R=4194304 B (read)   W=524288 B (write)   loop_trip L=1
MODEL   compute = MACs/cores/(mac_peak*pt_eff) = 536870912/8/(1140*1.000) = 58.87 us  (M/m=512, pt_eff=1.000)
MODEL   base = R/150+W/150 = 31.46 us
MODEL   turn = a*min(R,W) = 0.00574*524288 = 3.01 us
MODEL   => T_model = 77.48 us
MODEL FEATS [{"name":"bmm","is_reduction":true,"out_elems":262144,"cores":8,"dtype_bytes":2,"args":[{"name":"op0","role":"output","mem":"hbm","elems":262144,"broadcast":false,"dims":[512,8,1,64],"logical":[1,512,512],"loop_factor":1},{"name":"arg0_1","role":"input","mem":"hbm","elems":1048576,"broadcast":true,"dims":[512,32,1,64],"logical":[1,512,2048],"loop_factor":1},{"name":"arg1_1","role":"input","mem":"hbm","elems":1048576,"broadcast":true,"dims":[2048,8,1,64],"logical":[1,2048,512],"loop_factor":1}],"reduction_cores":1,"loop_trip":1,"tiles_output_dim":false,"tile_rows_per_core":0.0,"is_matmul":true,"matmul_macs":536870912,"matmul_rows_per_core":512.0,"matmul_cols_per_core":64.0,"matmul_a_bytes":2097152,"matmul_b_bytes":2097152,"matmul_m_split":1,"matmul_n_split":8,"hbm_pattern":""}]
SUMMARY op=bmm_wd rows=512 cols=2048 cores=8 tiles=0 lx=1 io_hbm_bytes=4718592 kernel_us=305.154 pred_us=77.479 err_pct=-74.6 bw_gbps=15.5 memset_us=90.793 other_dev_us=71.767 total_dev_us=467.714
-- bmm_wd B=2 M=512 K=2048 N=512 b=1 m=4 n=8 k=1 (cores=32 M/m=128 N/n=64)
  op_it_space_splits={d0: 1, d1: 4, d2: 8, d3: 1}
  op_it_space_splits={d0: 1, d1: 4, d2: 8, d3: 1}
  op_it_space_splits={d0: 1, d1: 4, d2: 8, d3: 1}
  op_it_space_splits={d0: 1, d1: 4, d2: 8, d3: 1}
  op_it_space_splits={d0: 1, d1: 4, d2: 8, d3: 1}
  op_it_space_splits={d0: 1, d1: 4, d2: 8, d3: 1}
IO -- device-layout I/O (cost model, stick-padded) --
IO   op bmm [reduction]
IO     output op0                    torch [2, 512, 512] -> device [512, 8, 2, 64] in HBM = 524288 elems x 2B = 1048576 B  (hbm counted: 1048576 B)
IO     input  arg0_1                 torch [2, 512, 2048] -> device [512, 32, 2, 64] in HBM = 2097152 elems x 2B = 4194304 B  (hbm counted: 4194304 B)
IO     input  arg1_1                 torch [2, 2048, 512] -> device [2048, 8, 2, 64] in HBM = 2097152 elems x 2B = 4194304 B  (hbm counted: 4194304 B)
IO   => HBM I/O total = 9437184 B  (lx 0 B, ~free)
MODEL -- estimate (turnaround): T = compute + (R+W)/BW_PEAK + a*min(R,W) --
MODEL   R=8388608 B (read)   W=1048576 B (write)   loop_trip L=1
MODEL   compute = MACs/cores/(mac_peak*pt_eff) = 1073741824/32/(1140*1.000) = 29.43 us  (M/m=128, pt_eff=1.000)
MODEL   base = R/150+W/150 = 62.91 us
MODEL   turn = a*min(R,W) = 0.00574*1048576 = 6.02 us
MODEL   => T_model = 84.83 us
MODEL FEATS [{"name":"bmm","is_reduction":true,"out_elems":524288,"cores":32,"dtype_bytes":2,"args":[{"name":"op0","role":"output","mem":"hbm","elems":524288,"broadcast":false,"dims":[512,8,2,64],"logical":[2,512,512],"loop_factor":1},{"name":"arg0_1","role":"input","mem":"hbm","elems":2097152,"broadcast":false,"dims":[512,32,2,64],"logical":[2,512,2048],"loop_factor":1},{"name":"arg1_1","role":"input","mem":"hbm","elems":2097152,"broadcast":false,"dims":[2048,8,2,64],"logical":[2,2048,512],"loop_factor":1}],"reduction_cores":1,"loop_trip":1,"tiles_output_dim":false,"tile_rows_per_core":0.0,"is_matmul":true,"matmul_macs":1073741824,"matmul_rows_per_core":128.0,"matmul_cols_per_core":64.0,"matmul_a_bytes":2097152,"matmul_b_bytes":2097152,"matmul_m_split":4,"matmul_n_split":8,"hbm_pattern":""}]
SUMMARY op=bmm_wd rows=512 cols=2048 cores=32 tiles=0 lx=1 io_hbm_bytes=9437184 kernel_us=267.946 pred_us=84.828 err_pct=-68.3 bw_gbps=35.2 memset_us=119.722 other_dev_us=263.355 total_dev_us=651.023
-- bmm_wd B=4 M=512 K=2048 N=512 b=1 m=4 n=8 k=1 (cores=32 M/m=128 N/n=64)
  op_it_space_splits={d0: 1, d1: 4, d2: 8, d3: 1}
  op_it_space_splits={d0: 1, d1: 4, d2: 8, d3: 1}
  op_it_space_splits={d0: 1, d1: 4, d2: 8, d3: 1}
  op_it_space_splits={d0: 1, d1: 4, d2: 8, d3: 1}
  op_it_space_splits={d0: 1, d1: 4, d2: 8, d3: 1}
  op_it_space_splits={d0: 1, d1: 4, d2: 8, d3: 1}
IO -- device-layout I/O (cost model, stick-padded) --
IO   op bmm [reduction]
IO     output op0                    torch [4, 512, 512] -> device [512, 8, 4, 64] in HBM = 1048576 elems x 2B = 2097152 B  (hbm counted: 2097152 B)
IO     input  arg0_1                 torch [4, 512, 2048] -> device [512, 32, 4, 64] in HBM = 4194304 elems x 2B = 8388608 B  (hbm counted: 8388608 B)
IO     input  arg1_1                 torch [4, 2048, 512] -> device [2048, 8, 4, 64] in HBM = 4194304 elems x 2B = 8388608 B  (hbm counted: 8388608 B)
IO   => HBM I/O total = 18874368 B  (lx 0 B, ~free)
MODEL -- estimate (turnaround): T = compute + (R+W)/BW_PEAK + a*min(R,W) --
MODEL   R=16777216 B (read)   W=2097152 B (write)   loop_trip L=1
MODEL   compute = MACs/cores/(mac_peak*pt_eff) = 2147483648/32/(1140*1.000) = 58.87 us  (M/m=128, pt_eff=1.000)
MODEL   base = R/150+W/150 = 125.83 us
MODEL   turn = a*min(R,W) = 0.00574*2097152 = 12.04 us
MODEL   => T_model = 169.66 us
MODEL FEATS [{"name":"bmm","is_reduction":true,"out_elems":1048576,"cores":32,"dtype_bytes":2,"args":[{"name":"op0","role":"output","mem":"hbm","elems":1048576,"broadcast":false,"dims":[512,8,4,64],"logical":[4,512,512],"loop_factor":1},{"name":"arg0_1","role":"input","mem":"hbm","elems":4194304,"broadcast":false,"dims":[512,32,4,64],"logical":[4,512,2048],"loop_factor":1},{"name":"arg1_1","role":"input","mem":"hbm","elems":4194304,"broadcast":false,"dims":[2048,8,4,64],"logical":[4,2048,512],"loop_factor":1}],"reduction_cores":1,"loop_trip":1,"tiles_output_dim":false,"tile_rows_per_core":0.0,"is_matmul":true,"matmul_macs":2147483648,"matmul_rows_per_core":128.0,"matmul_cols_per_core":64.0,"matmul_a_bytes":2097152,"matmul_b_bytes":2097152,"matmul_m_split":4,"matmul_n_split":8,"hbm_pattern":""}]
SUMMARY op=bmm_wd rows=512 cols=2048 cores=32 tiles=0 lx=1 io_hbm_bytes=18874368 kernel_us=351.191 pred_us=169.655 err_pct=-51.7 bw_gbps=53.7 memset_us=138.750 other_dev_us=464.087 total_dev_us=954.028
-- bmm_wd B=8 M=512 K=2048 N=512 b=1 m=4 n=8 k=1 (cores=32 M/m=128 N/n=64)
  op_it_space_splits={d0: 1, d1: 4, d2: 8, d3: 1}
  op_it_space_splits={d0: 1, d1: 4, d2: 8, d3: 1}
  op_it_space_splits={d0: 1, d1: 4, d2: 8, d3: 1}
  op_it_space_splits={d0: 1, d1: 4, d2: 8, d3: 1}
  op_it_space_splits={d0: 1, d1: 4, d2: 8, d3: 1}
  op_it_space_splits={d0: 1, d1: 4, d2: 8, d3: 1}
IO -- device-layout I/O (cost model, stick-padded) --
IO   op bmm [reduction]
IO     output op0                    torch [8, 512, 512] -> device [512, 8, 8, 64] in HBM = 2097152 elems x 2B = 4194304 B  (hbm counted: 4194304 B)
IO     input  arg0_1                 torch [8, 512, 2048] -> device [512, 32, 8, 64] in HBM = 8388608 elems x 2B = 16777216 B  (hbm counted: 16777216 B)
IO     input  arg1_1                 torch [8, 2048, 512] -> device [2048, 8, 8, 64] in HBM = 8388608 elems x 2B = 16777216 B  (hbm counted: 16777216 B)
IO   => HBM I/O total = 37748736 B  (lx 0 B, ~free)
MODEL -- estimate (turnaround): T = compute + (R+W)/BW_PEAK + a*min(R,W) --
MODEL   R=33554432 B (read)   W=4194304 B (write)   loop_trip L=1
MODEL   compute = MACs/cores/(mac_peak*pt_eff) = 4294967296/32/(1140*1.000) = 117.73 us  (M/m=128, pt_eff=1.000)
MODEL   base = R/150+W/150 = 251.66 us
MODEL   turn = a*min(R,W) = 0.00574*4194304 = 24.08 us
MODEL   => T_model = 339.31 us
MODEL FEATS [{"name":"bmm","is_reduction":true,"out_elems":2097152,"cores":32,"dtype_bytes":2,"args":[{"name":"op0","role":"output","mem":"hbm","elems":2097152,"broadcast":false,"dims":[512,8,8,64],"logical":[8,512,512],"loop_factor":1},{"name":"arg0_1","role":"input","mem":"hbm","elems":8388608,"broadcast":false,"dims":[512,32,8,64],"logical":[8,512,2048],"loop_factor":1},{"name":"arg1_1","role":"input","mem":"hbm","elems":8388608,"broadcast":false,"dims":[2048,8,8,64],"logical":[8,2048,512],"loop_factor":1}],"reduction_cores":1,"loop_trip":1,"tiles_output_dim":false,"tile_rows_per_core":0.0,"is_matmul":true,"matmul_macs":4294967296,"matmul_rows_per_core":128.0,"matmul_cols_per_core":64.0,"matmul_a_bytes":2097152,"matmul_b_bytes":2097152,"matmul_m_split":4,"matmul_n_split":8,"hbm_pattern":""}]
SUMMARY op=bmm_wd rows=512 cols=2048 cores=32 tiles=0 lx=1 io_hbm_bytes=37748736 kernel_us=938.816 pred_us=339.310 err_pct=-63.9 bw_gbps=40.2 memset_us=103.467 other_dev_us=350.379 total_dev_us=1392.662
-- bmm_wd B=16 M=512 K=2048 N=512 b=1 m=4 n=8 k=1 (cores=32 M/m=128 N/n=64)
  op_it_space_splits={d0: 1, d1: 4, d2: 8, d3: 1}
  op_it_space_splits={d0: 1, d1: 4, d2: 8, d3: 1}
  op_it_space_splits={d0: 1, d1: 4, d2: 8, d3: 1}
  op_it_space_splits={d0: 1, d1: 4, d2: 8, d3: 1}
  op_it_space_splits={d0: 1, d1: 4, d2: 8, d3: 1}
  op_it_space_splits={d0: 1, d1: 4, d2: 8, d3: 1}
IO -- device-layout I/O (cost model, stick-padded) --
IO   op bmm [reduction]
IO     output op0                    torch [16, 512, 512] -> device [512, 8, 16, 64] in HBM = 4194304 elems x 2B = 8388608 B  (hbm counted: 8388608 B)
IO     input  arg0_1                 torch [16, 512, 2048] -> device [512, 32, 16, 64] in HBM = 16777216 elems x 2B = 33554432 B  (hbm counted: 33554432 B)
IO     input  arg1_1                 torch [16, 2048, 512] -> device [2048, 8, 16, 64] in HBM = 16777216 elems x 2B = 33554432 B  (hbm counted: 33554432 B)
IO   => HBM I/O total = 75497472 B  (lx 0 B, ~free)
MODEL -- estimate (turnaround): T = compute + (R+W)/BW_PEAK + a*min(R,W) --
MODEL   R=67108864 B (read)   W=8388608 B (write)   loop_trip L=1
MODEL   compute = MACs/cores/(mac_peak*pt_eff) = 8589934592/32/(1140*1.000) = 235.47 us  (M/m=128, pt_eff=1.000)
MODEL   base = R/150+W/150 = 503.32 us
MODEL   turn = a*min(R,W) = 0.00574*8388608 = 48.15 us
MODEL   => T_model = 678.62 us
MODEL FEATS [{"name":"bmm","is_reduction":true,"out_elems":4194304,"cores":32,"dtype_bytes":2,"args":[{"name":"op0","role":"output","mem":"hbm","elems":4194304,"broadcast":false,"dims":[512,8,16,64],"logical":[16,512,512],"loop_factor":1},{"name":"arg0_1","role":"input","mem":"hbm","elems":16777216,"broadcast":false,"dims":[512,32,16,64],"logical":[16,512,2048],"loop_factor":1},{"name":"arg1_1","role":"input","mem":"hbm","elems":16777216,"broadcast":false,"dims":[2048,8,16,64],"logical":[16,2048,512],"loop_factor":1}],"reduction_cores":1,"loop_trip":1,"tiles_output_dim":false,"tile_rows_per_core":0.0,"is_matmul":true,"matmul_macs":8589934592,"matmul_rows_per_core":128.0,"matmul_cols_per_core":64.0,"matmul_a_bytes":2097152,"matmul_b_bytes":2097152,"matmul_m_split":4,"matmul_n_split":8,"hbm_pattern":""}]
SUMMARY op=bmm_wd rows=512 cols=2048 cores=32 tiles=0 lx=1 io_hbm_bytes=75497472 kernel_us=1868.334 pred_us=678.621 err_pct=-63.7 bw_gbps=40.4 memset_us=246.258 other_dev_us=672.987 total_dev_us=2787.579
-- bmm_wd B=32 M=512 K=2048 N=512 b=1 m=4 n=8 k=1 (cores=32 M/m=128 N/n=64)
  op_it_space_splits={d0: 1, d1: 4, d2: 8, d3: 1}
  op_it_space_splits={d0: 1, d1: 4, d2: 8, d3: 1}
  op_it_space_splits={d0: 1, d1: 4, d2: 8, d3: 1}
  op_it_space_splits={d0: 1, d1: 4, d2: 8, d3: 1}
  op_it_space_splits={d0: 1, d1: 4, d2: 8, d3: 1}
  op_it_space_splits={d0: 1, d1: 4, d2: 8, d3: 1}
IO -- device-layout I/O (cost model, stick-padded) --
IO   op bmm [reduction]
IO     output op0                    torch [32, 512, 512] -> device [512, 8, 32, 64] in HBM = 8388608 elems x 2B = 16777216 B  (hbm counted: 16777216 B)
IO     input  arg0_1                 torch [32, 512, 2048] -> device [512, 32, 32, 64] in HBM = 33554432 elems x 2B = 67108864 B  (hbm counted: 67108864 B)
IO     input  arg1_1                 torch [32, 2048, 512] -> device [2048, 8, 32, 64] in HBM = 33554432 elems x 2B = 67108864 B  (hbm counted: 67108864 B)
IO   => HBM I/O total = 150994944 B  (lx 0 B, ~free)
MODEL -- estimate (turnaround): T = compute + (R+W)/BW_PEAK + a*min(R,W) --
MODEL   R=134217728 B (read)   W=16777216 B (write)   loop_trip L=1
MODEL   compute = MACs/cores/(mac_peak*pt_eff) = 17179869184/32/(1140*1.000) = 470.94 us  (M/m=128, pt_eff=1.000)
MODEL   base = R/150+W/150 = 1006.63 us
MODEL   turn = a*min(R,W) = 0.00574*16777216 = 96.30 us
MODEL   => T_model = 1357.24 us
MODEL FEATS [{"name":"bmm","is_reduction":true,"out_elems":8388608,"cores":32,"dtype_bytes":2,"args":[{"name":"op0","role":"output","mem":"hbm","elems":8388608,"broadcast":false,"dims":[512,8,32,64],"logical":[32,512,512],"loop_factor":1},{"name":"arg0_1","role":"input","mem":"hbm","elems":33554432,"broadcast":false,"dims":[512,32,32,64],"logical":[32,512,2048],"loop_factor":1},{"name":"arg1_1","role":"input","mem":"hbm","elems":33554432,"broadcast":false,"dims":[2048,8,32,64],"logical":[32,2048,512],"loop_factor":1}],"reduction_cores":1,"loop_trip":1,"tiles_output_dim":false,"tile_rows_per_core":0.0,"is_matmul":true,"matmul_macs":17179869184,"matmul_rows_per_core":128.0,"matmul_cols_per_core":64.0,"matmul_a_bytes":2097152,"matmul_b_bytes":2097152,"matmul_m_split":4,"matmul_n_split":8,"hbm_pattern":""}]
SUMMARY op=bmm_wd rows=512 cols=2048 cores=32 tiles=0 lx=1 io_hbm_bytes=150994944 kernel_us=4002.157 pred_us=1357.241 err_pct=-66.1 bw_gbps=37.7 memset_us=427.569 other_dev_us=580.799 total_dev_us=5010.525
## BF2 3d2d (shared weight) b=1 4x8, matched to BF1 -> per-batch weight-reload delta
-- bmm_wd_3d2d B=1 M=1024 K=2048 N=1024 b=1 m=4 n=8 k=1 (cores=32 M/m=256 N/n=128)
  op_it_space_splits={d0: 1, d1: 8, d2: 1}
  op_it_space_splits={d0: 1, d1: 8, d2: 1}
  op_it_space_splits={d0: 1, d1: 8, d2: 1}
  op_it_space_splits={d0: 1, d1: 8, d2: 1}
  op_it_space_splits={d0: 1, d1: 8, d2: 1}
  op_it_space_splits={d0: 1, d1: 8, d2: 1}
IO -- device-layout I/O (cost model, stick-padded) --
IO   op bmm_default [reduction]
IO     output op0                    torch [1, 1024, 1024] -> device [1024, 16, 1, 64] in HBM = 1048576 elems x 2B = 2097152 B  (hbm counted: 2097152 B)
IO     input  arg0_1                 torch [1, 1024, 2048] -> device [1024, 32, 1, 64] in HBM = 2097152 elems x 2B = 4194304 B  (hbm counted: 4194304 B) broadcast (loaded once)
IO     input  arg1_1                 torch [2048, 1024] -> device [16, 2048, 64] in HBM = 2097152 elems x 2B = 4194304 B  (hbm counted: 4194304 B) broadcast (loaded once)
IO   => HBM I/O total = 10485760 B  (lx 0 B, ~free)
MODEL -- estimate (turnaround): T = compute + (R+W)/BW_PEAK + a*min(R,W) --
MODEL   R=8388608 B (read)   W=2097152 B (write)   loop_trip L=1
MODEL   compute = MACs/cores/(mac_peak*pt_eff) = 2147483648/8/(1140*1.000) = 235.47 us  (M/m=1024, pt_eff=1.000)
MODEL   base = R/150+W/150 = 69.91 us
MODEL   turn = a*min(R,W) = 0.00574*2097152 = 12.04 us
MODEL   => T_model = 293.31 us
MODEL FEATS [{"name":"bmm_default","is_reduction":true,"out_elems":1048576,"cores":8,"dtype_bytes":2,"args":[{"name":"op0","role":"output","mem":"hbm","elems":1048576,"broadcast":false,"dims":[1024,16,1,64],"logical":[1,1024,1024],"loop_factor":1},{"name":"arg0_1","role":"input","mem":"hbm","elems":2097152,"broadcast":true,"dims":[1024,32,1,64],"logical":[1,1024,2048],"loop_factor":1},{"name":"arg1_1","role":"input","mem":"hbm","elems":2097152,"broadcast":true,"dims":[16,2048,64],"logical":[2048,1024],"loop_factor":1}],"reduction_cores":1,"loop_trip":1,"tiles_output_dim":false,"tile_rows_per_core":0.0,"is_matmul":true,"matmul_macs":2147483648,"matmul_rows_per_core":1024.0,"matmul_cols_per_core":128.0,"matmul_a_bytes":4194304,"matmul_b_bytes":4194304,"matmul_m_split":1,"matmul_n_split":8,"hbm_pattern":""}]
SUMMARY op=bmm_wd_3d2d rows=1024 cols=2048 cores=8 tiles=0 lx=1 io_hbm_bytes=10485760 kernel_us=277.499 pred_us=293.308 err_pct=+5.7 bw_gbps=37.8 memset_us=133.673 other_dev_us=299.813 total_dev_us=710.985
-- bmm_wd_3d2d B=2 M=1024 K=2048 N=1024 b=1 m=4 n=8 k=1 (cores=32 M/m=256 N/n=128)
  op_it_space_splits={d0: 1, d1: 4, d2: 8, d3: 1}
  op_it_space_splits={d0: 1, d1: 4, d2: 8, d3: 1}
  op_it_space_splits={d0: 1, d1: 4, d2: 8, d3: 1}
  op_it_space_splits={d0: 1, d1: 4, d2: 8, d3: 1}
  op_it_space_splits={d0: 1, d1: 4, d2: 8, d3: 1}
  op_it_space_splits={d0: 1, d1: 4, d2: 8, d3: 1}
IO -- device-layout I/O (cost model, stick-padded) --
IO   op bmm_default [reduction]
IO     output op0                    torch [2, 1024, 1024] -> device [1024, 16, 2, 64] in HBM = 2097152 elems x 2B = 4194304 B  (hbm counted: 4194304 B)
IO     input  arg0_1                 torch [2, 1024, 2048] -> device [1024, 32, 2, 64] in HBM = 4194304 elems x 2B = 8388608 B  (hbm counted: 8388608 B)
IO     input  arg1_1                 torch [2048, 1024] -> device [16, 2048, 64] in HBM = 2097152 elems x 2B = 4194304 B  (hbm counted: 4194304 B) broadcast (loaded once)
IO   => HBM I/O total = 16777216 B  (lx 0 B, ~free)
MODEL -- estimate (turnaround): T = compute + (R+W)/BW_PEAK + a*min(R,W) --
MODEL   R=12582912 B (read)   W=4194304 B (write)   loop_trip L=1
MODEL   compute = MACs/cores/(mac_peak*pt_eff) = 4294967296/32/(1140*1.000) = 117.73 us  (M/m=256, pt_eff=1.000)
MODEL   base = R/150+W/150 = 111.85 us
MODEL   turn = a*min(R,W) = 0.00574*4194304 = 24.08 us
MODEL   => T_model = 199.50 us
MODEL FEATS [{"name":"bmm_default","is_reduction":true,"out_elems":2097152,"cores":32,"dtype_bytes":2,"args":[{"name":"op0","role":"output","mem":"hbm","elems":2097152,"broadcast":false,"dims":[1024,16,2,64],"logical":[2,1024,1024],"loop_factor":1},{"name":"arg0_1","role":"input","mem":"hbm","elems":4194304,"broadcast":false,"dims":[1024,32,2,64],"logical":[2,1024,2048],"loop_factor":1},{"name":"arg1_1","role":"input","mem":"hbm","elems":2097152,"broadcast":true,"dims":[16,2048,64],"logical":[2048,1024],"loop_factor":1}],"reduction_cores":1,"loop_trip":1,"tiles_output_dim":false,"tile_rows_per_core":0.0,"is_matmul":true,"matmul_macs":4294967296,"matmul_rows_per_core":256.0,"matmul_cols_per_core":128.0,"matmul_a_bytes":4194304,"matmul_b_bytes":4194304,"matmul_m_split":4,"matmul_n_split":8,"hbm_pattern":""}]
SUMMARY op=bmm_wd_3d2d rows=1024 cols=2048 cores=32 tiles=0 lx=1 io_hbm_bytes=16777216 kernel_us=279.445 pred_us=199.500 err_pct=-28.6 bw_gbps=60.0 memset_us=193.670 other_dev_us=348.148 total_dev_us=821.263
-- bmm_wd_3d2d B=4 M=1024 K=2048 N=1024 b=1 m=4 n=8 k=1 (cores=32 M/m=256 N/n=128)
  op_it_space_splits={d0: 1, d1: 4, d2: 8, d3: 1}
  op_it_space_splits={d0: 1, d1: 4, d2: 8, d3: 1}
  op_it_space_splits={d0: 1, d1: 4, d2: 8, d3: 1}
  op_it_space_splits={d0: 1, d1: 4, d2: 8, d3: 1}
  op_it_space_splits={d0: 1, d1: 4, d2: 8, d3: 1}
  op_it_space_splits={d0: 1, d1: 4, d2: 8, d3: 1}
IO -- device-layout I/O (cost model, stick-padded) --
IO   op bmm_default [reduction]
IO     output op0                    torch [4, 1024, 1024] -> device [1024, 16, 4, 64] in HBM = 4194304 elems x 2B = 8388608 B  (hbm counted: 8388608 B)
IO     input  arg0_1                 torch [4, 1024, 2048] -> device [1024, 32, 4, 64] in HBM = 8388608 elems x 2B = 16777216 B  (hbm counted: 16777216 B)
IO     input  arg1_1                 torch [2048, 1024] -> device [16, 2048, 64] in HBM = 2097152 elems x 2B = 4194304 B  (hbm counted: 4194304 B) broadcast (loaded once)
IO   => HBM I/O total = 29360128 B  (lx 0 B, ~free)
MODEL -- estimate (turnaround): T = compute + (R+W)/BW_PEAK + a*min(R,W) --
MODEL   R=20971520 B (read)   W=8388608 B (write)   loop_trip L=1
MODEL   compute = MACs/cores/(mac_peak*pt_eff) = 8589934592/32/(1140*1.000) = 235.47 us  (M/m=256, pt_eff=1.000)
MODEL   base = R/150+W/150 = 195.73 us
MODEL   turn = a*min(R,W) = 0.00574*8388608 = 48.15 us
MODEL   => T_model = 371.04 us
MODEL FEATS [{"name":"bmm_default","is_reduction":true,"out_elems":4194304,"cores":32,"dtype_bytes":2,"args":[{"name":"op0","role":"output","mem":"hbm","elems":4194304,"broadcast":false,"dims":[1024,16,4,64],"logical":[4,1024,1024],"loop_factor":1},{"name":"arg0_1","role":"input","mem":"hbm","elems":8388608,"broadcast":false,"dims":[1024,32,4,64],"logical":[4,1024,2048],"loop_factor":1},{"name":"arg1_1","role":"input","mem":"hbm","elems":2097152,"broadcast":true,"dims":[16,2048,64],"logical":[2048,1024],"loop_factor":1}],"reduction_cores":1,"loop_trip":1,"tiles_output_dim":false,"tile_rows_per_core":0.0,"is_matmul":true,"matmul_macs":8589934592,"matmul_rows_per_core":256.0,"matmul_cols_per_core":128.0,"matmul_a_bytes":4194304,"matmul_b_bytes":4194304,"matmul_m_split":4,"matmul_n_split":8,"hbm_pattern":""}]
SUMMARY op=bmm_wd_3d2d rows=1024 cols=2048 cores=32 tiles=0 lx=1 io_hbm_bytes=29360128 kernel_us=486.671 pred_us=371.038 err_pct=-23.8 bw_gbps=60.3 memset_us=236.301 other_dev_us=325.931 total_dev_us=1048.903
-- bmm_wd_3d2d B=8 M=1024 K=2048 N=1024 b=1 m=4 n=8 k=1 (cores=32 M/m=256 N/n=128)
  op_it_space_splits={d0: 1, d1: 4, d2: 8, d3: 1}
  op_it_space_splits={d0: 1, d1: 4, d2: 8, d3: 1}
  op_it_space_splits={d0: 1, d1: 4, d2: 8, d3: 1}
  op_it_space_splits={d0: 1, d1: 4, d2: 8, d3: 1}
  op_it_space_splits={d0: 1, d1: 4, d2: 8, d3: 1}
  op_it_space_splits={d0: 1, d1: 4, d2: 8, d3: 1}
IO -- device-layout I/O (cost model, stick-padded) --
IO   op bmm_default [reduction]
IO     output op0                    torch [8, 1024, 1024] -> device [1024, 16, 8, 64] in HBM = 8388608 elems x 2B = 16777216 B  (hbm counted: 16777216 B)
IO     input  arg0_1                 torch [8, 1024, 2048] -> device [1024, 32, 8, 64] in HBM = 16777216 elems x 2B = 33554432 B  (hbm counted: 33554432 B)
IO     input  arg1_1                 torch [2048, 1024] -> device [16, 2048, 64] in HBM = 2097152 elems x 2B = 4194304 B  (hbm counted: 4194304 B) broadcast (loaded once)
IO   => HBM I/O total = 54525952 B  (lx 0 B, ~free)
MODEL -- estimate (turnaround): T = compute + (R+W)/BW_PEAK + a*min(R,W) --
MODEL   R=37748736 B (read)   W=16777216 B (write)   loop_trip L=1
MODEL   compute = MACs/cores/(mac_peak*pt_eff) = 17179869184/32/(1140*1.000) = 470.94 us  (M/m=256, pt_eff=1.000)
MODEL   base = R/150+W/150 = 363.51 us
MODEL   turn = a*min(R,W) = 0.00574*16777216 = 96.30 us
MODEL   => T_model = 719.24 us
MODEL FEATS [{"name":"bmm_default","is_reduction":true,"out_elems":8388608,"cores":32,"dtype_bytes":2,"args":[{"name":"op0","role":"output","mem":"hbm","elems":8388608,"broadcast":false,"dims":[1024,16,8,64],"logical":[8,1024,1024],"loop_factor":1},{"name":"arg0_1","role":"input","mem":"hbm","elems":16777216,"broadcast":false,"dims":[1024,32,8,64],"logical":[8,1024,2048],"loop_factor":1},{"name":"arg1_1","role":"input","mem":"hbm","elems":2097152,"broadcast":true,"dims":[16,2048,64],"logical":[2048,1024],"loop_factor":1}],"reduction_cores":1,"loop_trip":1,"tiles_output_dim":false,"tile_rows_per_core":0.0,"is_matmul":true,"matmul_macs":17179869184,"matmul_rows_per_core":256.0,"matmul_cols_per_core":128.0,"matmul_a_bytes":4194304,"matmul_b_bytes":4194304,"matmul_m_split":4,"matmul_n_split":8,"hbm_pattern":""}]
SUMMARY op=bmm_wd_3d2d rows=1024 cols=2048 cores=32 tiles=0 lx=1 io_hbm_bytes=54525952 kernel_us=1396.864 pred_us=719.235 err_pct=-48.5 bw_gbps=39.0 memset_us=330.175 other_dev_us=873.903 total_dev_us=2600.942
-- bmm_wd_3d2d B=16 M=1024 K=2048 N=1024 b=1 m=4 n=8 k=1 (cores=32 M/m=256 N/n=128)
  op_it_space_splits={d0: 1, d1: 4, d2: 8, d3: 1}
  op_it_space_splits={d0: 1, d1: 4, d2: 8, d3: 1}
  op_it_space_splits={d0: 1, d1: 4, d2: 8, d3: 1}
  op_it_space_splits={d0: 1, d1: 4, d2: 8, d3: 1}
  op_it_space_splits={d0: 1, d1: 4, d2: 8, d3: 1}
  op_it_space_splits={d0: 1, d1: 4, d2: 8, d3: 1}
IO -- device-layout I/O (cost model, stick-padded) --
IO   op bmm_default [reduction]
IO     output op0                    torch [16, 1024, 1024] -> device [1024, 16, 16, 64] in HBM = 16777216 elems x 2B = 33554432 B  (hbm counted: 33554432 B)
IO     input  arg0_1                 torch [16, 1024, 2048] -> device [1024, 32, 16, 64] in HBM = 33554432 elems x 2B = 67108864 B  (hbm counted: 67108864 B)
IO     input  arg1_1                 torch [2048, 1024] -> device [16, 2048, 64] in HBM = 2097152 elems x 2B = 4194304 B  (hbm counted: 4194304 B) broadcast (loaded once)
IO   => HBM I/O total = 104857600 B  (lx 0 B, ~free)
MODEL -- estimate (turnaround): T = compute + (R+W)/BW_PEAK + a*min(R,W) --
MODEL   R=71303168 B (read)   W=33554432 B (write)   loop_trip L=1
MODEL   compute = MACs/cores/(mac_peak*pt_eff) = 34359738368/32/(1140*1.000) = 941.88 us  (M/m=256, pt_eff=1.000)
MODEL   base = R/150+W/150 = 699.05 us
MODEL   turn = a*min(R,W) = 0.00574*33554432 = 192.60 us
MODEL   => T_model = 1423.37 us
MODEL FEATS [{"name":"bmm_default","is_reduction":true,"out_elems":16777216,"cores":32,"dtype_bytes":2,"args":[{"name":"op0","role":"output","mem":"hbm","elems":16777216,"broadcast":false,"dims":[1024,16,16,64],"logical":[16,1024,1024],"loop_factor":1},{"name":"arg0_1","role":"input","mem":"hbm","elems":33554432,"broadcast":false,"dims":[1024,32,16,64],"logical":[16,1024,2048],"loop_factor":1},{"name":"arg1_1","role":"input","mem":"hbm","elems":2097152,"broadcast":true,"dims":[16,2048,64],"logical":[2048,1024],"loop_factor":1}],"reduction_cores":1,"loop_trip":1,"tiles_output_dim":false,"tile_rows_per_core":0.0,"is_matmul":true,"matmul_macs":34359738368,"matmul_rows_per_core":256.0,"matmul_cols_per_core":128.0,"matmul_a_bytes":4194304,"matmul_b_bytes":4194304,"matmul_m_split":4,"matmul_n_split":8,"hbm_pattern":""}]
SUMMARY op=bmm_wd_3d2d rows=1024 cols=2048 cores=32 tiles=0 lx=1 io_hbm_bytes=104857600 kernel_us=2755.363 pred_us=1423.371 err_pct=-48.3 bw_gbps=38.1 memset_us=506.496 other_dev_us=2318.738 total_dev_us=5580.597
-- bmm_wd_3d2d B=1 M=2048 K=2048 N=1024 b=1 m=4 n=8 k=1 (cores=32 M/m=512 N/n=128)
  op_it_space_splits={d0: 1, d1: 8, d2: 1}
  op_it_space_splits={d0: 1, d1: 8, d2: 1}
  op_it_space_splits={d0: 1, d1: 8, d2: 1}
  op_it_space_splits={d0: 1, d1: 8, d2: 1}
  op_it_space_splits={d0: 1, d1: 8, d2: 1}
  op_it_space_splits={d0: 1, d1: 8, d2: 1}
IO -- device-layout I/O (cost model, stick-padded) --
IO   op bmm_default [reduction]
IO     output op0                    torch [1, 2048, 1024] -> device [2048, 16, 1, 64] in HBM = 2097152 elems x 2B = 4194304 B  (hbm counted: 4194304 B)
IO     input  arg0_1                 torch [1, 2048, 2048] -> device [2048, 32, 1, 64] in HBM = 4194304 elems x 2B = 8388608 B  (hbm counted: 8388608 B) broadcast (loaded once)
IO     input  arg1_1                 torch [2048, 1024] -> device [16, 2048, 64] in HBM = 2097152 elems x 2B = 4194304 B  (hbm counted: 4194304 B) broadcast (loaded once)
IO   => HBM I/O total = 16777216 B  (lx 0 B, ~free)
MODEL -- estimate (turnaround): T = compute + (R+W)/BW_PEAK + a*min(R,W) --
MODEL   R=12582912 B (read)   W=4194304 B (write)   loop_trip L=1
MODEL   compute = MACs/cores/(mac_peak*pt_eff) = 4294967296/8/(1140*1.000) = 470.94 us  (M/m=2048, pt_eff=1.000)
MODEL   base = R/150+W/150 = 111.85 us
MODEL   turn = a*min(R,W) = 0.00574*4194304 = 24.08 us
MODEL   => T_model = 585.11 us
MODEL FEATS [{"name":"bmm_default","is_reduction":true,"out_elems":2097152,"cores":8,"dtype_bytes":2,"args":[{"name":"op0","role":"output","mem":"hbm","elems":2097152,"broadcast":false,"dims":[2048,16,1,64],"logical":[1,2048,1024],"loop_factor":1},{"name":"arg0_1","role":"input","mem":"hbm","elems":4194304,"broadcast":true,"dims":[2048,32,1,64],"logical":[1,2048,2048],"loop_factor":1},{"name":"arg1_1","role":"input","mem":"hbm","elems":2097152,"broadcast":true,"dims":[16,2048,64],"logical":[2048,1024],"loop_factor":1}],"reduction_cores":1,"loop_trip":1,"tiles_output_dim":false,"tile_rows_per_core":0.0,"is_matmul":true,"matmul_macs":4294967296,"matmul_rows_per_core":2048.0,"matmul_cols_per_core":128.0,"matmul_a_bytes":8388608,"matmul_b_bytes":4194304,"matmul_m_split":1,"matmul_n_split":8,"hbm_pattern":""}]
SUMMARY op=bmm_wd_3d2d rows=2048 cols=2048 cores=8 tiles=0 lx=1 io_hbm_bytes=16777216 kernel_us=553.030 pred_us=585.107 err_pct=+5.8 bw_gbps=30.3 memset_us=163.597 other_dev_us=194.799 total_dev_us=911.426
-- bmm_wd_3d2d B=2 M=2048 K=2048 N=1024 b=1 m=4 n=8 k=1 (cores=32 M/m=512 N/n=128)
  op_it_space_splits={d0: 1, d1: 4, d2: 8, d3: 1}
  op_it_space_splits={d0: 1, d1: 4, d2: 8, d3: 1}
  op_it_space_splits={d0: 1, d1: 4, d2: 8, d3: 1}
  op_it_space_splits={d0: 1, d1: 4, d2: 8, d3: 1}
  op_it_space_splits={d0: 1, d1: 4, d2: 8, d3: 1}
  op_it_space_splits={d0: 1, d1: 4, d2: 8, d3: 1}
IO -- device-layout I/O (cost model, stick-padded) --
IO   op bmm_default [reduction]
IO     output op0                    torch [2, 2048, 1024] -> device [2048, 16, 2, 64] in HBM = 4194304 elems x 2B = 8388608 B  (hbm counted: 8388608 B)
IO     input  arg0_1                 torch [2, 2048, 2048] -> device [2048, 32, 2, 64] in HBM = 8388608 elems x 2B = 16777216 B  (hbm counted: 16777216 B)
IO     input  arg1_1                 torch [2048, 1024] -> device [16, 2048, 64] in HBM = 2097152 elems x 2B = 4194304 B  (hbm counted: 4194304 B) broadcast (loaded once)
IO   => HBM I/O total = 29360128 B  (lx 0 B, ~free)
MODEL -- estimate (turnaround): T = compute + (R+W)/BW_PEAK + a*min(R,W) --
MODEL   R=20971520 B (read)   W=8388608 B (write)   loop_trip L=1
MODEL   compute = MACs/cores/(mac_peak*pt_eff) = 8589934592/32/(1140*1.000) = 235.47 us  (M/m=512, pt_eff=1.000)
MODEL   base = R/150+W/150 = 195.73 us
MODEL   turn = a*min(R,W) = 0.00574*8388608 = 48.15 us
MODEL   => T_model = 371.04 us
MODEL FEATS [{"name":"bmm_default","is_reduction":true,"out_elems":4194304,"cores":32,"dtype_bytes":2,"args":[{"name":"op0","role":"output","mem":"hbm","elems":4194304,"broadcast":false,"dims":[2048,16,2,64],"logical":[2,2048,1024],"loop_factor":1},{"name":"arg0_1","role":"input","mem":"hbm","elems":8388608,"broadcast":false,"dims":[2048,32,2,64],"logical":[2,2048,2048],"loop_factor":1},{"name":"arg1_1","role":"input","mem":"hbm","elems":2097152,"broadcast":true,"dims":[16,2048,64],"logical":[2048,1024],"loop_factor":1}],"reduction_cores":1,"loop_trip":1,"tiles_output_dim":false,"tile_rows_per_core":0.0,"is_matmul":true,"matmul_macs":8589934592,"matmul_rows_per_core":512.0,"matmul_cols_per_core":128.0,"matmul_a_bytes":8388608,"matmul_b_bytes":4194304,"matmul_m_split":4,"matmul_n_split":8,"hbm_pattern":""}]
SUMMARY op=bmm_wd_3d2d rows=2048 cols=2048 cores=32 tiles=0 lx=1 io_hbm_bytes=29360128 kernel_us=548.801 pred_us=371.038 err_pct=-32.4 bw_gbps=53.5 memset_us=276.617 other_dev_us=396.172 total_dev_us=1221.590
-- bmm_wd_3d2d B=4 M=2048 K=2048 N=1024 b=1 m=4 n=8 k=1 (cores=32 M/m=512 N/n=128)
  op_it_space_splits={d0: 1, d1: 4, d2: 8, d3: 1}
  op_it_space_splits={d0: 1, d1: 4, d2: 8, d3: 1}
  op_it_space_splits={d0: 1, d1: 4, d2: 8, d3: 1}
  op_it_space_splits={d0: 1, d1: 4, d2: 8, d3: 1}
  op_it_space_splits={d0: 1, d1: 4, d2: 8, d3: 1}
  op_it_space_splits={d0: 1, d1: 4, d2: 8, d3: 1}
IO -- device-layout I/O (cost model, stick-padded) --
IO   op bmm_default [reduction]
IO     output op0                    torch [4, 2048, 1024] -> device [2048, 16, 4, 64] in HBM = 8388608 elems x 2B = 16777216 B  (hbm counted: 16777216 B)
IO     input  arg0_1                 torch [4, 2048, 2048] -> device [2048, 32, 4, 64] in HBM = 16777216 elems x 2B = 33554432 B  (hbm counted: 33554432 B)
IO     input  arg1_1                 torch [2048, 1024] -> device [16, 2048, 64] in HBM = 2097152 elems x 2B = 4194304 B  (hbm counted: 4194304 B) broadcast (loaded once)
IO   => HBM I/O total = 54525952 B  (lx 0 B, ~free)
MODEL -- estimate (turnaround): T = compute + (R+W)/BW_PEAK + a*min(R,W) --
MODEL   R=37748736 B (read)   W=16777216 B (write)   loop_trip L=1
MODEL   compute = MACs/cores/(mac_peak*pt_eff) = 17179869184/32/(1140*1.000) = 470.94 us  (M/m=512, pt_eff=1.000)
MODEL   base = R/150+W/150 = 363.51 us
MODEL   turn = a*min(R,W) = 0.00574*16777216 = 96.30 us
MODEL   => T_model = 719.24 us
MODEL FEATS [{"name":"bmm_default","is_reduction":true,"out_elems":8388608,"cores":32,"dtype_bytes":2,"args":[{"name":"op0","role":"output","mem":"hbm","elems":8388608,"broadcast":false,"dims":[2048,16,4,64],"logical":[4,2048,1024],"loop_factor":1},{"name":"arg0_1","role":"input","mem":"hbm","elems":16777216,"broadcast":false,"dims":[2048,32,4,64],"logical":[4,2048,2048],"loop_factor":1},{"name":"arg1_1","role":"input","mem":"hbm","elems":2097152,"broadcast":true,"dims":[16,2048,64],"logical":[2048,1024],"loop_factor":1}],"reduction_cores":1,"loop_trip":1,"tiles_output_dim":false,"tile_rows_per_core":0.0,"is_matmul":true,"matmul_macs":17179869184,"matmul_rows_per_core":512.0,"matmul_cols_per_core":128.0,"matmul_a_bytes":8388608,"matmul_b_bytes":4194304,"matmul_m_split":4,"matmul_n_split":8,"hbm_pattern":""}]
SUMMARY op=bmm_wd_3d2d rows=2048 cols=2048 cores=32 tiles=0 lx=1 io_hbm_bytes=54525952 kernel_us=999.881 pred_us=719.235 err_pct=-28.1 bw_gbps=54.5 memset_us=330.631 other_dev_us=771.785 total_dev_us=2102.297
-- bmm_wd_3d2d B=8 M=2048 K=2048 N=1024 b=1 m=4 n=8 k=1 (cores=32 M/m=512 N/n=128)
  op_it_space_splits={d0: 1, d1: 4, d2: 8, d3: 1}
  op_it_space_splits={d0: 1, d1: 4, d2: 8, d3: 1}
  op_it_space_splits={d0: 1, d1: 4, d2: 8, d3: 1}
  op_it_space_splits={d0: 1, d1: 4, d2: 8, d3: 1}
  op_it_space_splits={d0: 1, d1: 4, d2: 8, d3: 1}
  op_it_space_splits={d0: 1, d1: 4, d2: 8, d3: 1}
IO -- device-layout I/O (cost model, stick-padded) --
IO   op bmm_default [reduction]
IO     output op0                    torch [8, 2048, 1024] -> device [2048, 16, 8, 64] in HBM = 16777216 elems x 2B = 33554432 B  (hbm counted: 33554432 B)
IO     input  arg0_1                 torch [8, 2048, 2048] -> device [2048, 32, 8, 64] in HBM = 33554432 elems x 2B = 67108864 B  (hbm counted: 67108864 B)
IO     input  arg1_1                 torch [2048, 1024] -> device [16, 2048, 64] in HBM = 2097152 elems x 2B = 4194304 B  (hbm counted: 4194304 B) broadcast (loaded once)
IO   => HBM I/O total = 104857600 B  (lx 0 B, ~free)
MODEL -- estimate (turnaround): T = compute + (R+W)/BW_PEAK + a*min(R,W) --
MODEL   R=71303168 B (read)   W=33554432 B (write)   loop_trip L=1
MODEL   compute = MACs/cores/(mac_peak*pt_eff) = 34359738368/32/(1140*1.000) = 941.88 us  (M/m=512, pt_eff=1.000)
MODEL   base = R/150+W/150 = 699.05 us
MODEL   turn = a*min(R,W) = 0.00574*33554432 = 192.60 us
MODEL   => T_model = 1423.37 us
MODEL FEATS [{"name":"bmm_default","is_reduction":true,"out_elems":16777216,"cores":32,"dtype_bytes":2,"args":[{"name":"op0","role":"output","mem":"hbm","elems":16777216,"broadcast":false,"dims":[2048,16,8,64],"logical":[8,2048,1024],"loop_factor":1},{"name":"arg0_1","role":"input","mem":"hbm","elems":33554432,"broadcast":false,"dims":[2048,32,8,64],"logical":[8,2048,2048],"loop_factor":1},{"name":"arg1_1","role":"input","mem":"hbm","elems":2097152,"broadcast":true,"dims":[16,2048,64],"logical":[2048,1024],"loop_factor":1}],"reduction_cores":1,"loop_trip":1,"tiles_output_dim":false,"tile_rows_per_core":0.0,"is_matmul":true,"matmul_macs":34359738368,"matmul_rows_per_core":512.0,"matmul_cols_per_core":128.0,"matmul_a_bytes":8388608,"matmul_b_bytes":4194304,"matmul_m_split":4,"matmul_n_split":8,"hbm_pattern":""}]
SUMMARY op=bmm_wd_3d2d rows=2048 cols=2048 cores=32 tiles=0 lx=1 io_hbm_bytes=104857600 kernel_us=2706.429 pred_us=1423.371 err_pct=-47.4 bw_gbps=38.7 memset_us=432.144 other_dev_us=2463.544 total_dev_us=5602.117
-- bmm_wd_3d2d B=1 M=1024 K=1024 N=1024 b=1 m=4 n=8 k=1 (cores=32 M/m=256 N/n=128)
  op_it_space_splits={d0: 1, d1: 8, d2: 1}
  op_it_space_splits={d0: 1, d1: 8, d2: 1}
  op_it_space_splits={d0: 1, d1: 8, d2: 1}
  op_it_space_splits={d0: 1, d1: 8, d2: 1}
  op_it_space_splits={d0: 1, d1: 8, d2: 1}
  op_it_space_splits={d0: 1, d1: 8, d2: 1}
IO -- device-layout I/O (cost model, stick-padded) --
IO   op bmm_default [reduction]
IO     output op0                    torch [1, 1024, 1024] -> device [1024, 16, 1, 64] in HBM = 1048576 elems x 2B = 2097152 B  (hbm counted: 2097152 B)
IO     input  arg0_1                 torch [1, 1024, 1024] -> device [1024, 16, 1, 64] in HBM = 1048576 elems x 2B = 2097152 B  (hbm counted: 2097152 B) broadcast (loaded once)
IO     input  arg1_1                 torch [1024, 1024] -> device [16, 1024, 64] in HBM = 1048576 elems x 2B = 2097152 B  (hbm counted: 2097152 B) broadcast (loaded once)
IO   => HBM I/O total = 6291456 B  (lx 0 B, ~free)
MODEL -- estimate (turnaround): T = compute + (R+W)/BW_PEAK + a*min(R,W) --
MODEL   R=4194304 B (read)   W=2097152 B (write)   loop_trip L=1
MODEL   compute = MACs/cores/(mac_peak*pt_eff) = 1073741824/8/(1140*1.000) = 117.73 us  (M/m=1024, pt_eff=1.000)
MODEL   base = R/150+W/150 = 41.94 us
MODEL   turn = a*min(R,W) = 0.00574*2097152 = 12.04 us
MODEL   => T_model = 153.68 us
MODEL FEATS [{"name":"bmm_default","is_reduction":true,"out_elems":1048576,"cores":8,"dtype_bytes":2,"args":[{"name":"op0","role":"output","mem":"hbm","elems":1048576,"broadcast":false,"dims":[1024,16,1,64],"logical":[1,1024,1024],"loop_factor":1},{"name":"arg0_1","role":"input","mem":"hbm","elems":1048576,"broadcast":true,"dims":[1024,16,1,64],"logical":[1,1024,1024],"loop_factor":1},{"name":"arg1_1","role":"input","mem":"hbm","elems":1048576,"broadcast":true,"dims":[16,1024,64],"logical":[1024,1024],"loop_factor":1}],"reduction_cores":1,"loop_trip":1,"tiles_output_dim":false,"tile_rows_per_core":0.0,"is_matmul":true,"matmul_macs":1073741824,"matmul_rows_per_core":1024.0,"matmul_cols_per_core":128.0,"matmul_a_bytes":2097152,"matmul_b_bytes":2097152,"matmul_m_split":1,"matmul_n_split":8,"hbm_pattern":""}]
SUMMARY op=bmm_wd_3d2d rows=1024 cols=1024 cores=8 tiles=0 lx=1 io_hbm_bytes=6291456 kernel_us=146.241 pred_us=153.679 err_pct=+5.1 bw_gbps=43.0 memset_us=120.777 other_dev_us=507.543 total_dev_us=774.561
-- bmm_wd_3d2d B=2 M=1024 K=1024 N=1024 b=1 m=4 n=8 k=1 (cores=32 M/m=256 N/n=128)
  op_it_space_splits={d0: 1, d1: 4, d2: 8, d3: 1}
  op_it_space_splits={d0: 1, d1: 4, d2: 8, d3: 1}
  op_it_space_splits={d0: 1, d1: 4, d2: 8, d3: 1}
  op_it_space_splits={d0: 1, d1: 4, d2: 8, d3: 1}
  op_it_space_splits={d0: 1, d1: 4, d2: 8, d3: 1}
  op_it_space_splits={d0: 1, d1: 4, d2: 8, d3: 1}
IO -- device-layout I/O (cost model, stick-padded) --
IO   op bmm_default [reduction]
IO     output op0                    torch [2, 1024, 1024] -> device [1024, 16, 2, 64] in HBM = 2097152 elems x 2B = 4194304 B  (hbm counted: 4194304 B)
IO     input  arg0_1                 torch [2, 1024, 1024] -> device [1024, 16, 2, 64] in HBM = 2097152 elems x 2B = 4194304 B  (hbm counted: 4194304 B)
IO     input  arg1_1                 torch [1024, 1024] -> device [16, 1024, 64] in HBM = 1048576 elems x 2B = 2097152 B  (hbm counted: 2097152 B) broadcast (loaded once)
IO   => HBM I/O total = 10485760 B  (lx 0 B, ~free)
MODEL -- estimate (turnaround): T = compute + (R+W)/BW_PEAK + a*min(R,W) --
MODEL   R=6291456 B (read)   W=4194304 B (write)   loop_trip L=1
MODEL   compute = MACs/cores/(mac_peak*pt_eff) = 2147483648/32/(1140*1.000) = 58.87 us  (M/m=256, pt_eff=1.000)
MODEL   base = R/150+W/150 = 69.91 us
MODEL   turn = a*min(R,W) = 0.00574*4194304 = 24.08 us
MODEL   => T_model = 125.77 us
MODEL FEATS [{"name":"bmm_default","is_reduction":true,"out_elems":2097152,"cores":32,"dtype_bytes":2,"args":[{"name":"op0","role":"output","mem":"hbm","elems":2097152,"broadcast":false,"dims":[1024,16,2,64],"logical":[2,1024,1024],"loop_factor":1},{"name":"arg0_1","role":"input","mem":"hbm","elems":2097152,"broadcast":false,"dims":[1024,16,2,64],"logical":[2,1024,1024],"loop_factor":1},{"name":"arg1_1","role":"input","mem":"hbm","elems":1048576,"broadcast":true,"dims":[16,1024,64],"logical":[1024,1024],"loop_factor":1}],"reduction_cores":1,"loop_trip":1,"tiles_output_dim":false,"tile_rows_per_core":0.0,"is_matmul":true,"matmul_macs":2147483648,"matmul_rows_per_core":256.0,"matmul_cols_per_core":128.0,"matmul_a_bytes":2097152,"matmul_b_bytes":2097152,"matmul_m_split":4,"matmul_n_split":8,"hbm_pattern":""}]
SUMMARY op=bmm_wd_3d2d rows=1024 cols=1024 cores=32 tiles=0 lx=1 io_hbm_bytes=10485760 kernel_us=162.895 pred_us=125.769 err_pct=-22.8 bw_gbps=64.4 memset_us=156.208 other_dev_us=345.800 total_dev_us=664.903
-- bmm_wd_3d2d B=4 M=1024 K=1024 N=1024 b=1 m=4 n=8 k=1 (cores=32 M/m=256 N/n=128)
  op_it_space_splits={d0: 1, d1: 4, d2: 8, d3: 1}
  op_it_space_splits={d0: 1, d1: 4, d2: 8, d3: 1}
  op_it_space_splits={d0: 1, d1: 4, d2: 8, d3: 1}
  op_it_space_splits={d0: 1, d1: 4, d2: 8, d3: 1}
  op_it_space_splits={d0: 1, d1: 4, d2: 8, d3: 1}
  op_it_space_splits={d0: 1, d1: 4, d2: 8, d3: 1}
IO -- device-layout I/O (cost model, stick-padded) --
IO   op bmm_default [reduction]
IO     output op0                    torch [4, 1024, 1024] -> device [1024, 16, 4, 64] in HBM = 4194304 elems x 2B = 8388608 B  (hbm counted: 8388608 B)
IO     input  arg0_1                 torch [4, 1024, 1024] -> device [1024, 16, 4, 64] in HBM = 4194304 elems x 2B = 8388608 B  (hbm counted: 8388608 B)
IO     input  arg1_1                 torch [1024, 1024] -> device [16, 1024, 64] in HBM = 1048576 elems x 2B = 2097152 B  (hbm counted: 2097152 B) broadcast (loaded once)
IO   => HBM I/O total = 18874368 B  (lx 0 B, ~free)
MODEL -- estimate (turnaround): T = compute + (R+W)/BW_PEAK + a*min(R,W) --
MODEL   R=10485760 B (read)   W=8388608 B (write)   loop_trip L=1
MODEL   compute = MACs/cores/(mac_peak*pt_eff) = 4294967296/32/(1140*1.000) = 117.73 us  (M/m=256, pt_eff=1.000)
MODEL   base = R/150+W/150 = 125.83 us
MODEL   turn = a*min(R,W) = 0.00574*8388608 = 48.15 us
MODEL   => T_model = 237.56 us
MODEL FEATS [{"name":"bmm_default","is_reduction":true,"out_elems":4194304,"cores":32,"dtype_bytes":2,"args":[{"name":"op0","role":"output","mem":"hbm","elems":4194304,"broadcast":false,"dims":[1024,16,4,64],"logical":[4,1024,1024],"loop_factor":1},{"name":"arg0_1","role":"input","mem":"hbm","elems":4194304,"broadcast":false,"dims":[1024,16,4,64],"logical":[4,1024,1024],"loop_factor":1},{"name":"arg1_1","role":"input","mem":"hbm","elems":1048576,"broadcast":true,"dims":[16,1024,64],"logical":[1024,1024],"loop_factor":1}],"reduction_cores":1,"loop_trip":1,"tiles_output_dim":false,"tile_rows_per_core":0.0,"is_matmul":true,"matmul_macs":4294967296,"matmul_rows_per_core":256.0,"matmul_cols_per_core":128.0,"matmul_a_bytes":2097152,"matmul_b_bytes":2097152,"matmul_m_split":4,"matmul_n_split":8,"hbm_pattern":""}]
SUMMARY op=bmm_wd_3d2d rows=1024 cols=1024 cores=32 tiles=0 lx=1 io_hbm_bytes=18874368 kernel_us=286.866 pred_us=237.557 err_pct=-17.2 bw_gbps=65.8 memset_us=246.004 other_dev_us=465.314 total_dev_us=998.184
-- bmm_wd_3d2d B=8 M=1024 K=1024 N=1024 b=1 m=4 n=8 k=1 (cores=32 M/m=256 N/n=128)
  op_it_space_splits={d0: 1, d1: 4, d2: 8, d3: 1}
  op_it_space_splits={d0: 1, d1: 4, d2: 8, d3: 1}
  op_it_space_splits={d0: 1, d1: 4, d2: 8, d3: 1}
  op_it_space_splits={d0: 1, d1: 4, d2: 8, d3: 1}
  op_it_space_splits={d0: 1, d1: 4, d2: 8, d3: 1}
  op_it_space_splits={d0: 1, d1: 4, d2: 8, d3: 1}
IO -- device-layout I/O (cost model, stick-padded) --
IO   op bmm_default [reduction]
IO     output op0                    torch [8, 1024, 1024] -> device [1024, 16, 8, 64] in HBM = 8388608 elems x 2B = 16777216 B  (hbm counted: 16777216 B)
IO     input  arg0_1                 torch [8, 1024, 1024] -> device [1024, 16, 8, 64] in HBM = 8388608 elems x 2B = 16777216 B  (hbm counted: 16777216 B)
IO     input  arg1_1                 torch [1024, 1024] -> device [16, 1024, 64] in HBM = 1048576 elems x 2B = 2097152 B  (hbm counted: 2097152 B) broadcast (loaded once)
IO   => HBM I/O total = 35651584 B  (lx 0 B, ~free)
MODEL -- estimate (turnaround): T = compute + (R+W)/BW_PEAK + a*min(R,W) --
MODEL   R=18874368 B (read)   W=16777216 B (write)   loop_trip L=1
MODEL   compute = MACs/cores/(mac_peak*pt_eff) = 8589934592/32/(1140*1.000) = 235.47 us  (M/m=256, pt_eff=1.000)
MODEL   base = R/150+W/150 = 237.68 us
MODEL   turn = a*min(R,W) = 0.00574*16777216 = 96.30 us
MODEL   => T_model = 461.13 us
MODEL FEATS [{"name":"bmm_default","is_reduction":true,"out_elems":8388608,"cores":32,"dtype_bytes":2,"args":[{"name":"op0","role":"output","mem":"hbm","elems":8388608,"broadcast":false,"dims":[1024,16,8,64],"logical":[8,1024,1024],"loop_factor":1},{"name":"arg0_1","role":"input","mem":"hbm","elems":8388608,"broadcast":false,"dims":[1024,16,8,64],"logical":[8,1024,1024],"loop_factor":1},{"name":"arg1_1","role":"input","mem":"hbm","elems":1048576,"broadcast":true,"dims":[16,1024,64],"logical":[1024,1024],"loop_factor":1}],"reduction_cores":1,"loop_trip":1,"tiles_output_dim":false,"tile_rows_per_core":0.0,"is_matmul":true,"matmul_macs":8589934592,"matmul_rows_per_core":256.0,"matmul_cols_per_core":128.0,"matmul_a_bytes":2097152,"matmul_b_bytes":2097152,"matmul_m_split":4,"matmul_n_split":8,"hbm_pattern":""}]
SUMMARY op=bmm_wd_3d2d rows=1024 cols=1024 cores=32 tiles=0 lx=1 io_hbm_bytes=35651584 kernel_us=769.583 pred_us=461.132 err_pct=-40.1 bw_gbps=46.3 memset_us=244.177 other_dev_us=1115.648 total_dev_us=2129.408
-- bmm_wd_3d2d B=16 M=1024 K=1024 N=1024 b=1 m=4 n=8 k=1 (cores=32 M/m=256 N/n=128)
  op_it_space_splits={d0: 1, d1: 4, d2: 8, d3: 1}
  op_it_space_splits={d0: 1, d1: 4, d2: 8, d3: 1}
  op_it_space_splits={d0: 1, d1: 4, d2: 8, d3: 1}
  op_it_space_splits={d0: 1, d1: 4, d2: 8, d3: 1}
  op_it_space_splits={d0: 1, d1: 4, d2: 8, d3: 1}
  op_it_space_splits={d0: 1, d1: 4, d2: 8, d3: 1}
IO -- device-layout I/O (cost model, stick-padded) --
IO   op bmm_default [reduction]
IO     output op0                    torch [16, 1024, 1024] -> device [1024, 16, 16, 64] in HBM = 16777216 elems x 2B = 33554432 B  (hbm counted: 33554432 B)
IO     input  arg0_1                 torch [16, 1024, 1024] -> device [1024, 16, 16, 64] in HBM = 16777216 elems x 2B = 33554432 B  (hbm counted: 33554432 B)
IO     input  arg1_1                 torch [1024, 1024] -> device [16, 1024, 64] in HBM = 1048576 elems x 2B = 2097152 B  (hbm counted: 2097152 B) broadcast (loaded once)
IO   => HBM I/O total = 69206016 B  (lx 0 B, ~free)
MODEL -- estimate (turnaround): T = compute + (R+W)/BW_PEAK + a*min(R,W) --
MODEL   R=35651584 B (read)   W=33554432 B (write)   loop_trip L=1
MODEL   compute = MACs/cores/(mac_peak*pt_eff) = 17179869184/32/(1140*1.000) = 470.94 us  (M/m=256, pt_eff=1.000)
MODEL   base = R/150+W/150 = 461.37 us
MODEL   turn = a*min(R,W) = 0.00574*33554432 = 192.60 us
MODEL   => T_model = 908.28 us
MODEL FEATS [{"name":"bmm_default","is_reduction":true,"out_elems":16777216,"cores":32,"dtype_bytes":2,"args":[{"name":"op0","role":"output","mem":"hbm","elems":16777216,"broadcast":false,"dims":[1024,16,16,64],"logical":[16,1024,1024],"loop_factor":1},{"name":"arg0_1","role":"input","mem":"hbm","elems":16777216,"broadcast":false,"dims":[1024,16,16,64],"logical":[16,1024,1024],"loop_factor":1},{"name":"arg1_1","role":"input","mem":"hbm","elems":1048576,"broadcast":true,"dims":[16,1024,64],"logical":[1024,1024],"loop_factor":1}],"reduction_cores":1,"loop_trip":1,"tiles_output_dim":false,"tile_rows_per_core":0.0,"is_matmul":true,"matmul_macs":17179869184,"matmul_rows_per_core":256.0,"matmul_cols_per_core":128.0,"matmul_a_bytes":2097152,"matmul_b_bytes":2097152,"matmul_m_split":4,"matmul_n_split":8,"hbm_pattern":""}]
SUMMARY op=bmm_wd_3d2d rows=1024 cols=1024 cores=32 tiles=0 lx=1 io_hbm_bytes=69206016 kernel_us=1587.631 pred_us=908.283 err_pct=-42.8 bw_gbps=43.6 memset_us=470.550 other_dev_us=2194.993 total_dev_us=4253.174
## BF3 full bmm b=1 4x8, sweep K -> does the floor grow with |weight|=K*N?
-- bmm_wd B=8 M=1024 K=256 N=1024 b=1 m=4 n=8 k=1 (cores=32 M/m=256 N/n=128)
  op_it_space_splits={d0: 1, d1: 4, d2: 8, d3: 1}
  op_it_space_splits={d0: 1, d1: 4, d2: 8, d3: 1}
  op_it_space_splits={d0: 1, d1: 4, d2: 8, d3: 1}
  op_it_space_splits={d0: 1, d1: 4, d2: 8, d3: 1}
  op_it_space_splits={d0: 1, d1: 4, d2: 8, d3: 1}
  op_it_space_splits={d0: 1, d1: 4, d2: 8, d3: 1}
IO -- device-layout I/O (cost model, stick-padded) --
IO   op bmm [reduction]
IO     output op0                    torch [8, 1024, 1024] -> device [1024, 16, 8, 64] in HBM = 8388608 elems x 2B = 16777216 B  (hbm counted: 16777216 B)
IO     input  arg0_1                 torch [8, 1024, 256] -> device [1024, 4, 8, 64] in HBM = 2097152 elems x 2B = 4194304 B  (hbm counted: 4194304 B)
IO     input  arg1_1                 torch [8, 256, 1024] -> device [256, 16, 8, 64] in HBM = 2097152 elems x 2B = 4194304 B  (hbm counted: 4194304 B)
IO   => HBM I/O total = 25165824 B  (lx 0 B, ~free)
MODEL -- estimate (turnaround): T = compute + (R+W)/BW_PEAK + a*min(R,W) --
MODEL   R=8388608 B (read)   W=16777216 B (write)   loop_trip L=1
MODEL   compute = MACs/cores/(mac_peak*pt_eff) = 2147483648/32/(1140*1.000) = 58.87 us  (M/m=256, pt_eff=1.000)
MODEL   base = R/150+W/150 = 167.77 us
MODEL   turn = a*min(R,W) = 0.00574*8388608 = 48.15 us
MODEL   => T_model = 247.71 us
MODEL FEATS [{"name":"bmm","is_reduction":true,"out_elems":8388608,"cores":32,"dtype_bytes":2,"args":[{"name":"op0","role":"output","mem":"hbm","elems":8388608,"broadcast":false,"dims":[1024,16,8,64],"logical":[8,1024,1024],"loop_factor":1},{"name":"arg0_1","role":"input","mem":"hbm","elems":2097152,"broadcast":false,"dims":[1024,4,8,64],"logical":[8,1024,256],"loop_factor":1},{"name":"arg1_1","role":"input","mem":"hbm","elems":2097152,"broadcast":false,"dims":[256,16,8,64],"logical":[8,256,1024],"loop_factor":1}],"reduction_cores":1,"loop_trip":1,"tiles_output_dim":false,"tile_rows_per_core":0.0,"is_matmul":true,"matmul_macs":2147483648,"matmul_rows_per_core":256.0,"matmul_cols_per_core":128.0,"matmul_a_bytes":524288,"matmul_b_bytes":524288,"matmul_m_split":4,"matmul_n_split":8,"hbm_pattern":""}]
SUMMARY op=bmm_wd rows=1024 cols=256 cores=32 tiles=0 lx=1 io_hbm_bytes=25165824 kernel_us=658.932 pred_us=247.711 err_pct=-62.4 bw_gbps=38.2 memset_us=292.929 other_dev_us=905.958 total_dev_us=1857.819
-- bmm_wd B=8 M=1024 K=512 N=1024 b=1 m=4 n=8 k=1 (cores=32 M/m=256 N/n=128)
  op_it_space_splits={d0: 1, d1: 4, d2: 8, d3: 1}
  op_it_space_splits={d0: 1, d1: 4, d2: 8, d3: 1}
  op_it_space_splits={d0: 1, d1: 4, d2: 8, d3: 1}
  op_it_space_splits={d0: 1, d1: 4, d2: 8, d3: 1}
  op_it_space_splits={d0: 1, d1: 4, d2: 8, d3: 1}
  op_it_space_splits={d0: 1, d1: 4, d2: 8, d3: 1}
IO -- device-layout I/O (cost model, stick-padded) --
IO   op bmm [reduction]
IO     output op0                    torch [8, 1024, 1024] -> device [1024, 16, 8, 64] in HBM = 8388608 elems x 2B = 16777216 B  (hbm counted: 16777216 B)
IO     input  arg0_1                 torch [8, 1024, 512] -> device [1024, 8, 8, 64] in HBM = 4194304 elems x 2B = 8388608 B  (hbm counted: 8388608 B)
IO     input  arg1_1                 torch [8, 512, 1024] -> device [512, 16, 8, 64] in HBM = 4194304 elems x 2B = 8388608 B  (hbm counted: 8388608 B)
IO   => HBM I/O total = 33554432 B  (lx 0 B, ~free)
MODEL -- estimate (turnaround): T = compute + (R+W)/BW_PEAK + a*min(R,W) --
MODEL   R=16777216 B (read)   W=16777216 B (write)   loop_trip L=1
MODEL   compute = MACs/cores/(mac_peak*pt_eff) = 4294967296/32/(1140*1.000) = 117.73 us  (M/m=256, pt_eff=1.000)
MODEL   base = R/150+W/150 = 223.70 us
MODEL   turn = a*min(R,W) = 0.00574*16777216 = 96.30 us
MODEL   => T_model = 383.57 us
MODEL FEATS [{"name":"bmm","is_reduction":true,"out_elems":8388608,"cores":32,"dtype_bytes":2,"args":[{"name":"op0","role":"output","mem":"hbm","elems":8388608,"broadcast":false,"dims":[1024,16,8,64],"logical":[8,1024,1024],"loop_factor":1},{"name":"arg0_1","role":"input","mem":"hbm","elems":4194304,"broadcast":false,"dims":[1024,8,8,64],"logical":[8,1024,512],"loop_factor":1},{"name":"arg1_1","role":"input","mem":"hbm","elems":4194304,"broadcast":false,"dims":[512,16,8,64],"logical":[8,512,1024],"loop_factor":1}],"reduction_cores":1,"loop_trip":1,"tiles_output_dim":false,"tile_rows_per_core":0.0,"is_matmul":true,"matmul_macs":4294967296,"matmul_rows_per_core":256.0,"matmul_cols_per_core":128.0,"matmul_a_bytes":1048576,"matmul_b_bytes":1048576,"matmul_m_split":4,"matmul_n_split":8,"hbm_pattern":""}]
SUMMARY op=bmm_wd rows=1024 cols=512 cores=32 tiles=0 lx=1 io_hbm_bytes=33554432 kernel_us=1105.903 pred_us=383.574 err_pct=-65.3 bw_gbps=30.3 memset_us=348.994 other_dev_us=908.322 total_dev_us=2363.219
-- bmm_wd B=8 M=1024 K=1024 N=1024 b=1 m=4 n=8 k=1 (cores=32 M/m=256 N/n=128)
  op_it_space_splits={d0: 1, d1: 4, d2: 8, d3: 1}
  op_it_space_splits={d0: 1, d1: 4, d2: 8, d3: 1}
  op_it_space_splits={d0: 1, d1: 4, d2: 8, d3: 1}
  op_it_space_splits={d0: 1, d1: 4, d2: 8, d3: 1}
  op_it_space_splits={d0: 1, d1: 4, d2: 8, d3: 1}
  op_it_space_splits={d0: 1, d1: 4, d2: 8, d3: 1}
IO -- device-layout I/O (cost model, stick-padded) --
IO   op bmm [reduction]
IO     output op0                    torch [8, 1024, 1024] -> device [1024, 16, 8, 64] in HBM = 8388608 elems x 2B = 16777216 B  (hbm counted: 16777216 B)
IO     input  arg0_1                 torch [8, 1024, 1024] -> device [1024, 16, 8, 64] in HBM = 8388608 elems x 2B = 16777216 B  (hbm counted: 16777216 B)
IO     input  arg1_1                 torch [8, 1024, 1024] -> device [1024, 16, 8, 64] in HBM = 8388608 elems x 2B = 16777216 B  (hbm counted: 16777216 B)
IO   => HBM I/O total = 50331648 B  (lx 0 B, ~free)
MODEL -- estimate (turnaround): T = compute + (R+W)/BW_PEAK + a*min(R,W) --
MODEL   R=33554432 B (read)   W=16777216 B (write)   loop_trip L=1
MODEL   compute = MACs/cores/(mac_peak*pt_eff) = 8589934592/32/(1140*1.000) = 235.47 us  (M/m=256, pt_eff=1.000)
MODEL   base = R/150+W/150 = 335.54 us
MODEL   turn = a*min(R,W) = 0.00574*16777216 = 96.30 us
MODEL   => T_model = 559.00 us
MODEL FEATS [{"name":"bmm","is_reduction":true,"out_elems":8388608,"cores":32,"dtype_bytes":2,"args":[{"name":"op0","role":"output","mem":"hbm","elems":8388608,"broadcast":false,"dims":[1024,16,8,64],"logical":[8,1024,1024],"loop_factor":1},{"name":"arg0_1","role":"input","mem":"hbm","elems":8388608,"broadcast":false,"dims":[1024,16,8,64],"logical":[8,1024,1024],"loop_factor":1},{"name":"arg1_1","role":"input","mem":"hbm","elems":8388608,"broadcast":false,"dims":[1024,16,8,64],"logical":[8,1024,1024],"loop_factor":1}],"reduction_cores":1,"loop_trip":1,"tiles_output_dim":false,"tile_rows_per_core":0.0,"is_matmul":true,"matmul_macs":8589934592,"matmul_rows_per_core":256.0,"matmul_cols_per_core":128.0,"matmul_a_bytes":2097152,"matmul_b_bytes":2097152,"matmul_m_split":4,"matmul_n_split":8,"hbm_pattern":""}]
SUMMARY op=bmm_wd rows=1024 cols=1024 cores=32 tiles=0 lx=1 io_hbm_bytes=50331648 kernel_us=1971.097 pred_us=558.999 err_pct=-71.6 bw_gbps=25.5 memset_us=336.553 other_dev_us=1065.362 total_dev_us=3373.012
-- bmm_wd B=8 M=1024 K=2048 N=1024 b=1 m=4 n=8 k=1 (cores=32 M/m=256 N/n=128)
  op_it_space_splits={d0: 1, d1: 4, d2: 8, d3: 1}
  op_it_space_splits={d0: 1, d1: 4, d2: 8, d3: 1}
  op_it_space_splits={d0: 1, d1: 4, d2: 8, d3: 1}
  op_it_space_splits={d0: 1, d1: 4, d2: 8, d3: 1}
  op_it_space_splits={d0: 1, d1: 4, d2: 8, d3: 1}
  op_it_space_splits={d0: 1, d1: 4, d2: 8, d3: 1}
IO -- device-layout I/O (cost model, stick-padded) --
IO   op bmm [reduction]
IO     output op0                    torch [8, 1024, 1024] -> device [1024, 16, 8, 64] in HBM = 8388608 elems x 2B = 16777216 B  (hbm counted: 16777216 B)
IO     input  arg0_1                 torch [8, 1024, 2048] -> device [1024, 32, 8, 64] in HBM = 16777216 elems x 2B = 33554432 B  (hbm counted: 33554432 B)
IO     input  arg1_1                 torch [8, 2048, 1024] -> device [2048, 16, 8, 64] in HBM = 16777216 elems x 2B = 33554432 B  (hbm counted: 33554432 B)
IO   => HBM I/O total = 83886080 B  (lx 0 B, ~free)
MODEL -- estimate (turnaround): T = compute + (R+W)/BW_PEAK + a*min(R,W) --
MODEL   R=67108864 B (read)   W=16777216 B (write)   loop_trip L=1
MODEL   compute = MACs/cores/(mac_peak*pt_eff) = 17179869184/32/(1140*1.000) = 470.94 us  (M/m=256, pt_eff=1.000)
MODEL   base = R/150+W/150 = 559.24 us
MODEL   turn = a*min(R,W) = 0.00574*16777216 = 96.30 us
MODEL   => T_model = 909.85 us
MODEL FEATS [{"name":"bmm","is_reduction":true,"out_elems":8388608,"cores":32,"dtype_bytes":2,"args":[{"name":"op0","role":"output","mem":"hbm","elems":8388608,"broadcast":false,"dims":[1024,16,8,64],"logical":[8,1024,1024],"loop_factor":1},{"name":"arg0_1","role":"input","mem":"hbm","elems":16777216,"broadcast":false,"dims":[1024,32,8,64],"logical":[8,1024,2048],"loop_factor":1},{"name":"arg1_1","role":"input","mem":"hbm","elems":16777216,"broadcast":false,"dims":[2048,16,8,64],"logical":[8,2048,1024],"loop_factor":1}],"reduction_cores":1,"loop_trip":1,"tiles_output_dim":false,"tile_rows_per_core":0.0,"is_matmul":true,"matmul_macs":17179869184,"matmul_rows_per_core":256.0,"matmul_cols_per_core":128.0,"matmul_a_bytes":4194304,"matmul_b_bytes":4194304,"matmul_m_split":4,"matmul_n_split":8,"hbm_pattern":""}]
SUMMARY op=bmm_wd rows=1024 cols=2048 cores=32 tiles=0 lx=1 io_hbm_bytes=83886080 kernel_us=3660.616 pred_us=909.849 err_pct=-75.1 bw_gbps=22.9 memset_us=321.160 other_dev_us=815.210 total_dev_us=4796.986
-- bmm_wd B=8 M=1024 K=4096 N=1024 b=1 m=4 n=8 k=1 (cores=32 M/m=256 N/n=128)
  op_it_space_splits={d0: 1, d1: 4, d2: 8, d3: 1}
  op_it_space_splits={d0: 1, d1: 4, d2: 8, d3: 1}
  op_it_space_splits={d0: 1, d1: 4, d2: 8, d3: 1}
  op_it_space_splits={d0: 1, d1: 4, d2: 8, d3: 1}
  op_it_space_splits={d0: 1, d1: 4, d2: 8, d3: 1}
  op_it_space_splits={d0: 1, d1: 4, d2: 8, d3: 1}
IO -- device-layout I/O (cost model, stick-padded) --
IO   op bmm [reduction]
IO     output op0                    torch [8, 1024, 1024] -> device [1024, 16, 8, 64] in HBM = 8388608 elems x 2B = 16777216 B  (hbm counted: 16777216 B)
IO     input  arg0_1                 torch [8, 1024, 4096] -> device [1024, 64, 8, 64] in HBM = 33554432 elems x 2B = 67108864 B  (hbm counted: 67108864 B)
IO     input  arg1_1                 torch [8, 4096, 1024] -> device [4096, 16, 8, 64] in HBM = 33554432 elems x 2B = 67108864 B  (hbm counted: 67108864 B)
IO   => HBM I/O total = 150994944 B  (lx 0 B, ~free)
MODEL -- estimate (turnaround): T = compute + (R+W)/BW_PEAK + a*min(R,W) --
MODEL   R=134217728 B (read)   W=16777216 B (write)   loop_trip L=1
MODEL   compute = MACs/cores/(mac_peak*pt_eff) = 34359738368/32/(1140*1.000) = 941.88 us  (M/m=256, pt_eff=1.000)
MODEL   base = R/150+W/150 = 1006.63 us
MODEL   turn = a*min(R,W) = 0.00574*16777216 = 96.30 us
MODEL   => T_model = 1611.55 us
MODEL FEATS [{"name":"bmm","is_reduction":true,"out_elems":8388608,"cores":32,"dtype_bytes":2,"args":[{"name":"op0","role":"output","mem":"hbm","elems":8388608,"broadcast":false,"dims":[1024,16,8,64],"logical":[8,1024,1024],"loop_factor":1},{"name":"arg0_1","role":"input","mem":"hbm","elems":33554432,"broadcast":false,"dims":[1024,64,8,64],"logical":[8,1024,4096],"loop_factor":1},{"name":"arg1_1","role":"input","mem":"hbm","elems":33554432,"broadcast":false,"dims":[4096,16,8,64],"logical":[8,4096,1024],"loop_factor":1}],"reduction_cores":1,"loop_trip":1,"tiles_output_dim":false,"tile_rows_per_core":0.0,"is_matmul":true,"matmul_macs":34359738368,"matmul_rows_per_core":256.0,"matmul_cols_per_core":128.0,"matmul_a_bytes":8388608,"matmul_b_bytes":8388608,"matmul_m_split":4,"matmul_n_split":8,"hbm_pattern":""}]
SUMMARY op=bmm_wd rows=1024 cols=4096 cores=32 tiles=0 lx=1 io_hbm_bytes=150994944 kernel_us=7120.676 pred_us=1611.549 err_pct=-77.4 bw_gbps=21.2 memset_us=336.046 other_dev_us=676.475 total_dev_us=8133.197
-- bmm_wd B=4 M=1024 K=512 N=1024 b=1 m=4 n=8 k=1 (cores=32 M/m=256 N/n=128)
  op_it_space_splits={d0: 1, d1: 4, d2: 8, d3: 1}
  op_it_space_splits={d0: 1, d1: 4, d2: 8, d3: 1}
  op_it_space_splits={d0: 1, d1: 4, d2: 8, d3: 1}
  op_it_space_splits={d0: 1, d1: 4, d2: 8, d3: 1}
  op_it_space_splits={d0: 1, d1: 4, d2: 8, d3: 1}
  op_it_space_splits={d0: 1, d1: 4, d2: 8, d3: 1}
IO -- device-layout I/O (cost model, stick-padded) --
IO   op bmm [reduction]
IO     output op0                    torch [4, 1024, 1024] -> device [1024, 16, 4, 64] in HBM = 4194304 elems x 2B = 8388608 B  (hbm counted: 8388608 B)
IO     input  arg0_1                 torch [4, 1024, 512] -> device [1024, 8, 4, 64] in HBM = 2097152 elems x 2B = 4194304 B  (hbm counted: 4194304 B)
IO     input  arg1_1                 torch [4, 512, 1024] -> device [512, 16, 4, 64] in HBM = 2097152 elems x 2B = 4194304 B  (hbm counted: 4194304 B)
IO   => HBM I/O total = 16777216 B  (lx 0 B, ~free)
MODEL -- estimate (turnaround): T = compute + (R+W)/BW_PEAK + a*min(R,W) --
MODEL   R=8388608 B (read)   W=8388608 B (write)   loop_trip L=1
MODEL   compute = MACs/cores/(mac_peak*pt_eff) = 2147483648/32/(1140*1.000) = 58.87 us  (M/m=256, pt_eff=1.000)
MODEL   base = R/150+W/150 = 111.85 us
MODEL   turn = a*min(R,W) = 0.00574*8388608 = 48.15 us
MODEL   => T_model = 191.79 us
MODEL FEATS [{"name":"bmm","is_reduction":true,"out_elems":4194304,"cores":32,"dtype_bytes":2,"args":[{"name":"op0","role":"output","mem":"hbm","elems":4194304,"broadcast":false,"dims":[1024,16,4,64],"logical":[4,1024,1024],"loop_factor":1},{"name":"arg0_1","role":"input","mem":"hbm","elems":2097152,"broadcast":false,"dims":[1024,8,4,64],"logical":[4,1024,512],"loop_factor":1},{"name":"arg1_1","role":"input","mem":"hbm","elems":2097152,"broadcast":false,"dims":[512,16,4,64],"logical":[4,512,1024],"loop_factor":1}],"reduction_cores":1,"loop_trip":1,"tiles_output_dim":false,"tile_rows_per_core":0.0,"is_matmul":true,"matmul_macs":2147483648,"matmul_rows_per_core":256.0,"matmul_cols_per_core":128.0,"matmul_a_bytes":1048576,"matmul_b_bytes":1048576,"matmul_m_split":4,"matmul_n_split":8,"hbm_pattern":""}]
SUMMARY op=bmm_wd rows=1024 cols=512 cores=32 tiles=0 lx=1 io_hbm_bytes=16777216 kernel_us=557.503 pred_us=191.787 err_pct=-65.6 bw_gbps=30.1 memset_us=257.628 other_dev_us=299.281 total_dev_us=1114.412
-- bmm_wd B=4 M=1024 K=1024 N=1024 b=1 m=4 n=8 k=1 (cores=32 M/m=256 N/n=128)
  op_it_space_splits={d0: 1, d1: 4, d2: 8, d3: 1}
  op_it_space_splits={d0: 1, d1: 4, d2: 8, d3: 1}
  op_it_space_splits={d0: 1, d1: 4, d2: 8, d3: 1}
  op_it_space_splits={d0: 1, d1: 4, d2: 8, d3: 1}
  op_it_space_splits={d0: 1, d1: 4, d2: 8, d3: 1}
  op_it_space_splits={d0: 1, d1: 4, d2: 8, d3: 1}
IO -- device-layout I/O (cost model, stick-padded) --
IO   op bmm [reduction]
IO     output op0                    torch [4, 1024, 1024] -> device [1024, 16, 4, 64] in HBM = 4194304 elems x 2B = 8388608 B  (hbm counted: 8388608 B)
IO     input  arg0_1                 torch [4, 1024, 1024] -> device [1024, 16, 4, 64] in HBM = 4194304 elems x 2B = 8388608 B  (hbm counted: 8388608 B)
IO     input  arg1_1                 torch [4, 1024, 1024] -> device [1024, 16, 4, 64] in HBM = 4194304 elems x 2B = 8388608 B  (hbm counted: 8388608 B)
IO   => HBM I/O total = 25165824 B  (lx 0 B, ~free)
MODEL -- estimate (turnaround): T = compute + (R+W)/BW_PEAK + a*min(R,W) --
MODEL   R=16777216 B (read)   W=8388608 B (write)   loop_trip L=1
MODEL   compute = MACs/cores/(mac_peak*pt_eff) = 4294967296/32/(1140*1.000) = 117.73 us  (M/m=256, pt_eff=1.000)
MODEL   base = R/150+W/150 = 167.77 us
MODEL   turn = a*min(R,W) = 0.00574*8388608 = 48.15 us
MODEL   => T_model = 279.50 us
MODEL FEATS [{"name":"bmm","is_reduction":true,"out_elems":4194304,"cores":32,"dtype_bytes":2,"args":[{"name":"op0","role":"output","mem":"hbm","elems":4194304,"broadcast":false,"dims":[1024,16,4,64],"logical":[4,1024,1024],"loop_factor":1},{"name":"arg0_1","role":"input","mem":"hbm","elems":4194304,"broadcast":false,"dims":[1024,16,4,64],"logical":[4,1024,1024],"loop_factor":1},{"name":"arg1_1","role":"input","mem":"hbm","elems":4194304,"broadcast":false,"dims":[1024,16,4,64],"logical":[4,1024,1024],"loop_factor":1}],"reduction_cores":1,"loop_trip":1,"tiles_output_dim":false,"tile_rows_per_core":0.0,"is_matmul":true,"matmul_macs":4294967296,"matmul_rows_per_core":256.0,"matmul_cols_per_core":128.0,"matmul_a_bytes":2097152,"matmul_b_bytes":2097152,"matmul_m_split":4,"matmul_n_split":8,"hbm_pattern":""}]
SUMMARY op=bmm_wd rows=1024 cols=1024 cores=32 tiles=0 lx=1 io_hbm_bytes=25165824 kernel_us=963.336 pred_us=279.500 err_pct=-71.0 bw_gbps=26.1 memset_us=234.384 other_dev_us=531.554 total_dev_us=1729.274
-- bmm_wd B=4 M=1024 K=2048 N=1024 b=1 m=4 n=8 k=1 (cores=32 M/m=256 N/n=128)
  op_it_space_splits={d0: 1, d1: 4, d2: 8, d3: 1}
  op_it_space_splits={d0: 1, d1: 4, d2: 8, d3: 1}
  op_it_space_splits={d0: 1, d1: 4, d2: 8, d3: 1}
  op_it_space_splits={d0: 1, d1: 4, d2: 8, d3: 1}
  op_it_space_splits={d0: 1, d1: 4, d2: 8, d3: 1}
  op_it_space_splits={d0: 1, d1: 4, d2: 8, d3: 1}
IO -- device-layout I/O (cost model, stick-padded) --
IO   op bmm [reduction]
IO     output op0                    torch [4, 1024, 1024] -> device [1024, 16, 4, 64] in HBM = 4194304 elems x 2B = 8388608 B  (hbm counted: 8388608 B)
IO     input  arg0_1                 torch [4, 1024, 2048] -> device [1024, 32, 4, 64] in HBM = 8388608 elems x 2B = 16777216 B  (hbm counted: 16777216 B)
IO     input  arg1_1                 torch [4, 2048, 1024] -> device [2048, 16, 4, 64] in HBM = 8388608 elems x 2B = 16777216 B  (hbm counted: 16777216 B)
IO   => HBM I/O total = 41943040 B  (lx 0 B, ~free)
MODEL -- estimate (turnaround): T = compute + (R+W)/BW_PEAK + a*min(R,W) --
MODEL   R=33554432 B (read)   W=8388608 B (write)   loop_trip L=1
MODEL   compute = MACs/cores/(mac_peak*pt_eff) = 8589934592/32/(1140*1.000) = 235.47 us  (M/m=256, pt_eff=1.000)
MODEL   base = R/150+W/150 = 279.62 us
MODEL   turn = a*min(R,W) = 0.00574*8388608 = 48.15 us
MODEL   => T_model = 454.92 us
MODEL FEATS [{"name":"bmm","is_reduction":true,"out_elems":4194304,"cores":32,"dtype_bytes":2,"args":[{"name":"op0","role":"output","mem":"hbm","elems":4194304,"broadcast":false,"dims":[1024,16,4,64],"logical":[4,1024,1024],"loop_factor":1},{"name":"arg0_1","role":"input","mem":"hbm","elems":8388608,"broadcast":false,"dims":[1024,32,4,64],"logical":[4,1024,2048],"loop_factor":1},{"name":"arg1_1","role":"input","mem":"hbm","elems":8388608,"broadcast":false,"dims":[2048,16,4,64],"logical":[4,2048,1024],"loop_factor":1}],"reduction_cores":1,"loop_trip":1,"tiles_output_dim":false,"tile_rows_per_core":0.0,"is_matmul":true,"matmul_macs":8589934592,"matmul_rows_per_core":256.0,"matmul_cols_per_core":128.0,"matmul_a_bytes":4194304,"matmul_b_bytes":4194304,"matmul_m_split":4,"matmul_n_split":8,"hbm_pattern":""}]
SUMMARY op=bmm_wd rows=1024 cols=2048 cores=32 tiles=0 lx=1 io_hbm_bytes=41943040 kernel_us=1845.430 pred_us=454.925 err_pct=-75.3 bw_gbps=22.7 memset_us=158.211 other_dev_us=667.818 total_dev_us=2671.459
-- bmm_wd B=4 M=1024 K=4096 N=1024 b=1 m=4 n=8 k=1 (cores=32 M/m=256 N/n=128)
  op_it_space_splits={d0: 1, d1: 4, d2: 8, d3: 1}
  op_it_space_splits={d0: 1, d1: 4, d2: 8, d3: 1}
  op_it_space_splits={d0: 1, d1: 4, d2: 8, d3: 1}
  op_it_space_splits={d0: 1, d1: 4, d2: 8, d3: 1}
  op_it_space_splits={d0: 1, d1: 4, d2: 8, d3: 1}
  op_it_space_splits={d0: 1, d1: 4, d2: 8, d3: 1}
IO -- device-layout I/O (cost model, stick-padded) --
IO   op bmm [reduction]
IO     output op0                    torch [4, 1024, 1024] -> device [1024, 16, 4, 64] in HBM = 4194304 elems x 2B = 8388608 B  (hbm counted: 8388608 B)
IO     input  arg0_1                 torch [4, 1024, 4096] -> device [1024, 64, 4, 64] in HBM = 16777216 elems x 2B = 33554432 B  (hbm counted: 33554432 B)
IO     input  arg1_1                 torch [4, 4096, 1024] -> device [4096, 16, 4, 64] in HBM = 16777216 elems x 2B = 33554432 B  (hbm counted: 33554432 B)
IO   => HBM I/O total = 75497472 B  (lx 0 B, ~free)
MODEL -- estimate (turnaround): T = compute + (R+W)/BW_PEAK + a*min(R,W) --
MODEL   R=67108864 B (read)   W=8388608 B (write)   loop_trip L=1
MODEL   compute = MACs/cores/(mac_peak*pt_eff) = 17179869184/32/(1140*1.000) = 470.94 us  (M/m=256, pt_eff=1.000)
MODEL   base = R/150+W/150 = 503.32 us
MODEL   turn = a*min(R,W) = 0.00574*8388608 = 48.15 us
MODEL   => T_model = 805.77 us
MODEL FEATS [{"name":"bmm","is_reduction":true,"out_elems":4194304,"cores":32,"dtype_bytes":2,"args":[{"name":"op0","role":"output","mem":"hbm","elems":4194304,"broadcast":false,"dims":[1024,16,4,64],"logical":[4,1024,1024],"loop_factor":1},{"name":"arg0_1","role":"input","mem":"hbm","elems":16777216,"broadcast":false,"dims":[1024,64,4,64],"logical":[4,1024,4096],"loop_factor":1},{"name":"arg1_1","role":"input","mem":"hbm","elems":16777216,"broadcast":false,"dims":[4096,16,4,64],"logical":[4,4096,1024],"loop_factor":1}],"reduction_cores":1,"loop_trip":1,"tiles_output_dim":false,"tile_rows_per_core":0.0,"is_matmul":true,"matmul_macs":17179869184,"matmul_rows_per_core":256.0,"matmul_cols_per_core":128.0,"matmul_a_bytes":8388608,"matmul_b_bytes":8388608,"matmul_m_split":4,"matmul_n_split":8,"hbm_pattern":""}]
SUMMARY op=bmm_wd rows=1024 cols=4096 cores=32 tiles=0 lx=1 io_hbm_bytes=75497472 kernel_us=3522.955 pred_us=805.774 err_pct=-77.1 bw_gbps=21.4 memset_us=164.484 other_dev_us=497.713 total_dev_us=4185.152
-- bmm_wd B=4 M=1024 K=8192 N=1024 b=1 m=4 n=8 k=1 (cores=32 M/m=256 N/n=128)
  op_it_space_splits={d0: 1, d1: 4, d2: 8, d3: 1}
  op_it_space_splits={d0: 1, d1: 4, d2: 8, d3: 1}
  op_it_space_splits={d0: 1, d1: 4, d2: 8, d3: 1}
  op_it_space_splits={d0: 1, d1: 4, d2: 8, d3: 1}
  op_it_space_splits={d0: 1, d1: 4, d2: 8, d3: 1}
  op_it_space_splits={d0: 1, d1: 4, d2: 8, d3: 1}
IO -- device-layout I/O (cost model, stick-padded) --
IO   op bmm [reduction]
IO     output op0                    torch [4, 1024, 1024] -> device [1024, 16, 4, 64] in HBM = 4194304 elems x 2B = 8388608 B  (hbm counted: 8388608 B)
IO     input  arg0_1                 torch [4, 1024, 8192] -> device [1024, 128, 4, 64] in HBM = 33554432 elems x 2B = 67108864 B  (hbm counted: 67108864 B)
IO     input  arg1_1                 torch [4, 8192, 1024] -> device [8192, 16, 4, 64] in HBM = 33554432 elems x 2B = 67108864 B  (hbm counted: 67108864 B)
IO   => HBM I/O total = 142606336 B  (lx 0 B, ~free)
MODEL -- estimate (turnaround): T = compute + (R+W)/BW_PEAK + a*min(R,W) --
MODEL   R=134217728 B (read)   W=8388608 B (write)   loop_trip L=1
MODEL   compute = MACs/cores/(mac_peak*pt_eff) = 34359738368/32/(1140*1.000) = 941.88 us  (M/m=256, pt_eff=1.000)
MODEL   base = R/150+W/150 = 950.71 us
MODEL   turn = a*min(R,W) = 0.00574*8388608 = 48.15 us
MODEL   => T_model = 1507.47 us
MODEL FEATS [{"name":"bmm","is_reduction":true,"out_elems":4194304,"cores":32,"dtype_bytes":2,"args":[{"name":"op0","role":"output","mem":"hbm","elems":4194304,"broadcast":false,"dims":[1024,16,4,64],"logical":[4,1024,1024],"loop_factor":1},{"name":"arg0_1","role":"input","mem":"hbm","elems":33554432,"broadcast":false,"dims":[1024,128,4,64],"logical":[4,1024,8192],"loop_factor":1},{"name":"arg1_1","role":"input","mem":"hbm","elems":33554432,"broadcast":false,"dims":[8192,16,4,64],"logical":[4,8192,1024],"loop_factor":1}],"reduction_cores":1,"loop_trip":1,"tiles_output_dim":false,"tile_rows_per_core":0.0,"is_matmul":true,"matmul_macs":34359738368,"matmul_rows_per_core":256.0,"matmul_cols_per_core":128.0,"matmul_a_bytes":16777216,"matmul_b_bytes":16777216,"matmul_m_split":4,"matmul_n_split":8,"hbm_pattern":""}]
SUMMARY op=bmm_wd rows=1024 cols=8192 cores=32 tiles=0 lx=1 io_hbm_bytes=142606336 kernel_us=6974.546 pred_us=1507.474 err_pct=-78.4 bw_gbps=20.4 memset_us=236.326 other_dev_us=367.807 total_dev_us=7578.679
## BF4 full bmm b=1 4x8 B=8, vary M (fixed K,N) then N -> floor vs output size
-- bmm_wd B=8 M=512 K=2048 N=1024 b=1 m=4 n=8 k=1 (cores=32 M/m=128 N/n=128)
  op_it_space_splits={d0: 1, d1: 4, d2: 8, d3: 1}
  op_it_space_splits={d0: 1, d1: 4, d2: 8, d3: 1}
  op_it_space_splits={d0: 1, d1: 4, d2: 8, d3: 1}
  op_it_space_splits={d0: 1, d1: 4, d2: 8, d3: 1}
  op_it_space_splits={d0: 1, d1: 4, d2: 8, d3: 1}
  op_it_space_splits={d0: 1, d1: 4, d2: 8, d3: 1}
IO -- device-layout I/O (cost model, stick-padded) --
IO   op bmm [reduction]
IO     output op0                    torch [8, 512, 1024] -> device [512, 16, 8, 64] in HBM = 4194304 elems x 2B = 8388608 B  (hbm counted: 8388608 B)
IO     input  arg0_1                 torch [8, 512, 2048] -> device [512, 32, 8, 64] in HBM = 8388608 elems x 2B = 16777216 B  (hbm counted: 16777216 B)
IO     input  arg1_1                 torch [8, 2048, 1024] -> device [2048, 16, 8, 64] in HBM = 16777216 elems x 2B = 33554432 B  (hbm counted: 33554432 B)
IO   => HBM I/O total = 58720256 B  (lx 0 B, ~free)
MODEL -- estimate (turnaround): T = compute + (R+W)/BW_PEAK + a*min(R,W) --
MODEL   R=50331648 B (read)   W=8388608 B (write)   loop_trip L=1
MODEL   compute = MACs/cores/(mac_peak*pt_eff) = 8589934592/32/(1140*1.000) = 235.47 us  (M/m=128, pt_eff=1.000)
MODEL   base = R/150+W/150 = 391.47 us
MODEL   turn = a*min(R,W) = 0.00574*8388608 = 48.15 us
MODEL   => T_model = 566.77 us
MODEL FEATS [{"name":"bmm","is_reduction":true,"out_elems":4194304,"cores":32,"dtype_bytes":2,"args":[{"name":"op0","role":"output","mem":"hbm","elems":4194304,"broadcast":false,"dims":[512,16,8,64],"logical":[8,512,1024],"loop_factor":1},{"name":"arg0_1","role":"input","mem":"hbm","elems":8388608,"broadcast":false,"dims":[512,32,8,64],"logical":[8,512,2048],"loop_factor":1},{"name":"arg1_1","role":"input","mem":"hbm","elems":16777216,"broadcast":false,"dims":[2048,16,8,64],"logical":[8,2048,1024],"loop_factor":1}],"reduction_cores":1,"loop_trip":1,"tiles_output_dim":false,"tile_rows_per_core":0.0,"is_matmul":true,"matmul_macs":8589934592,"matmul_rows_per_core":128.0,"matmul_cols_per_core":128.0,"matmul_a_bytes":2097152,"matmul_b_bytes":4194304,"matmul_m_split":4,"matmul_n_split":8,"hbm_pattern":""}]
SUMMARY op=bmm_wd rows=512 cols=2048 cores=32 tiles=0 lx=1 io_hbm_bytes=58720256 kernel_us=1736.293 pred_us=566.773 err_pct=-67.4 bw_gbps=33.8 memset_us=255.844 other_dev_us=388.115 total_dev_us=2380.252
-- bmm_wd B=8 M=1024 K=2048 N=1024 b=1 m=4 n=8 k=1 (cores=32 M/m=256 N/n=128)
  op_it_space_splits={d0: 1, d1: 4, d2: 8, d3: 1}
  op_it_space_splits={d0: 1, d1: 4, d2: 8, d3: 1}
  op_it_space_splits={d0: 1, d1: 4, d2: 8, d3: 1}
  op_it_space_splits={d0: 1, d1: 4, d2: 8, d3: 1}
  op_it_space_splits={d0: 1, d1: 4, d2: 8, d3: 1}
  op_it_space_splits={d0: 1, d1: 4, d2: 8, d3: 1}
IO -- device-layout I/O (cost model, stick-padded) --
IO   op bmm [reduction]
IO     output op0                    torch [8, 1024, 1024] -> device [1024, 16, 8, 64] in HBM = 8388608 elems x 2B = 16777216 B  (hbm counted: 16777216 B)
IO     input  arg0_1                 torch [8, 1024, 2048] -> device [1024, 32, 8, 64] in HBM = 16777216 elems x 2B = 33554432 B  (hbm counted: 33554432 B)
IO     input  arg1_1                 torch [8, 2048, 1024] -> device [2048, 16, 8, 64] in HBM = 16777216 elems x 2B = 33554432 B  (hbm counted: 33554432 B)
IO   => HBM I/O total = 83886080 B  (lx 0 B, ~free)
MODEL -- estimate (turnaround): T = compute + (R+W)/BW_PEAK + a*min(R,W) --
MODEL   R=67108864 B (read)   W=16777216 B (write)   loop_trip L=1
MODEL   compute = MACs/cores/(mac_peak*pt_eff) = 17179869184/32/(1140*1.000) = 470.94 us  (M/m=256, pt_eff=1.000)
MODEL   base = R/150+W/150 = 559.24 us
MODEL   turn = a*min(R,W) = 0.00574*16777216 = 96.30 us
MODEL   => T_model = 909.85 us
MODEL FEATS [{"name":"bmm","is_reduction":true,"out_elems":8388608,"cores":32,"dtype_bytes":2,"args":[{"name":"op0","role":"output","mem":"hbm","elems":8388608,"broadcast":false,"dims":[1024,16,8,64],"logical":[8,1024,1024],"loop_factor":1},{"name":"arg0_1","role":"input","mem":"hbm","elems":16777216,"broadcast":false,"dims":[1024,32,8,64],"logical":[8,1024,2048],"loop_factor":1},{"name":"arg1_1","role":"input","mem":"hbm","elems":16777216,"broadcast":false,"dims":[2048,16,8,64],"logical":[8,2048,1024],"loop_factor":1}],"reduction_cores":1,"loop_trip":1,"tiles_output_dim":false,"tile_rows_per_core":0.0,"is_matmul":true,"matmul_macs":17179869184,"matmul_rows_per_core":256.0,"matmul_cols_per_core":128.0,"matmul_a_bytes":4194304,"matmul_b_bytes":4194304,"matmul_m_split":4,"matmul_n_split":8,"hbm_pattern":""}]
SUMMARY op=bmm_wd rows=1024 cols=2048 cores=32 tiles=0 lx=1 io_hbm_bytes=83886080 kernel_us=3671.406 pred_us=909.849 err_pct=-75.2 bw_gbps=22.8 memset_us=340.436 other_dev_us=788.722 total_dev_us=4800.564
-- bmm_wd B=8 M=2048 K=2048 N=1024 b=1 m=4 n=8 k=1 (cores=32 M/m=512 N/n=128)
  op_it_space_splits={d0: 1, d1: 4, d2: 8, d3: 1}
  op_it_space_splits={d0: 1, d1: 4, d2: 8, d3: 1}
  op_it_space_splits={d0: 1, d1: 4, d2: 8, d3: 1}
  op_it_space_splits={d0: 1, d1: 4, d2: 8, d3: 1}
  op_it_space_splits={d0: 1, d1: 4, d2: 8, d3: 1}
  op_it_space_splits={d0: 1, d1: 4, d2: 8, d3: 1}
IO -- device-layout I/O (cost model, stick-padded) --
IO   op bmm [reduction]
IO     output op0                    torch [8, 2048, 1024] -> device [2048, 16, 8, 64] in HBM = 16777216 elems x 2B = 33554432 B  (hbm counted: 33554432 B)
IO     input  arg0_1                 torch [8, 2048, 2048] -> device [2048, 32, 8, 64] in HBM = 33554432 elems x 2B = 67108864 B  (hbm counted: 67108864 B)
IO     input  arg1_1                 torch [8, 2048, 1024] -> device [2048, 16, 8, 64] in HBM = 16777216 elems x 2B = 33554432 B  (hbm counted: 33554432 B)
IO   => HBM I/O total = 134217728 B  (lx 0 B, ~free)
MODEL -- estimate (turnaround): T = compute + (R+W)/BW_PEAK + a*min(R,W) --
MODEL   R=100663296 B (read)   W=33554432 B (write)   loop_trip L=1
MODEL   compute = MACs/cores/(mac_peak*pt_eff) = 34359738368/32/(1140*1.000) = 941.88 us  (M/m=512, pt_eff=1.000)
MODEL   base = R/150+W/150 = 894.78 us
MODEL   turn = a*min(R,W) = 0.00574*33554432 = 192.60 us
MODEL   => T_model = 1596.00 us
MODEL FEATS [{"name":"bmm","is_reduction":true,"out_elems":16777216,"cores":32,"dtype_bytes":2,"args":[{"name":"op0","role":"output","mem":"hbm","elems":16777216,"broadcast":false,"dims":[2048,16,8,64],"logical":[8,2048,1024],"loop_factor":1},{"name":"arg0_1","role":"input","mem":"hbm","elems":33554432,"broadcast":false,"dims":[2048,32,8,64],"logical":[8,2048,2048],"loop_factor":1},{"name":"arg1_1","role":"input","mem":"hbm","elems":16777216,"broadcast":false,"dims":[2048,16,8,64],"logical":[8,2048,1024],"loop_factor":1}],"reduction_cores":1,"loop_trip":1,"tiles_output_dim":false,"tile_rows_per_core":0.0,"is_matmul":true,"matmul_macs":34359738368,"matmul_rows_per_core":512.0,"matmul_cols_per_core":128.0,"matmul_a_bytes":8388608,"matmul_b_bytes":4194304,"matmul_m_split":4,"matmul_n_split":8,"hbm_pattern":""}]
SUMMARY op=bmm_wd rows=2048 cols=2048 cores=32 tiles=0 lx=1 io_hbm_bytes=134217728 kernel_us=7408.384 pred_us=1596.002 err_pct=-78.5 bw_gbps=18.1 memset_us=472.919 other_dev_us=2313.848 total_dev_us=10195.151
-- bmm_wd B=8 M=1024 K=2048 N=512 b=1 m=4 n=8 k=1 (cores=32 M/m=256 N/n=64)
  op_it_space_splits={d0: 1, d1: 4, d2: 8, d3: 1}
  op_it_space_splits={d0: 1, d1: 4, d2: 8, d3: 1}
  op_it_space_splits={d0: 1, d1: 4, d2: 8, d3: 1}
  op_it_space_splits={d0: 1, d1: 4, d2: 8, d3: 1}
  op_it_space_splits={d0: 1, d1: 4, d2: 8, d3: 1}
  op_it_space_splits={d0: 1, d1: 4, d2: 8, d3: 1}
IO -- device-layout I/O (cost model, stick-padded) --
IO   op bmm [reduction]
IO     output op0                    torch [8, 1024, 512] -> device [1024, 8, 8, 64] in HBM = 4194304 elems x 2B = 8388608 B  (hbm counted: 8388608 B)
IO     input  arg0_1                 torch [8, 1024, 2048] -> device [1024, 32, 8, 64] in HBM = 16777216 elems x 2B = 33554432 B  (hbm counted: 33554432 B)
IO     input  arg1_1                 torch [8, 2048, 512] -> device [2048, 8, 8, 64] in HBM = 8388608 elems x 2B = 16777216 B  (hbm counted: 16777216 B)
IO   => HBM I/O total = 58720256 B  (lx 0 B, ~free)
MODEL -- estimate (turnaround): T = compute + (R+W)/BW_PEAK + a*min(R,W) --
MODEL   R=50331648 B (read)   W=8388608 B (write)   loop_trip L=1
MODEL   compute = MACs/cores/(mac_peak*pt_eff) = 8589934592/32/(1140*1.000) = 235.47 us  (M/m=256, pt_eff=1.000)
MODEL   base = R/150+W/150 = 391.47 us
MODEL   turn = a*min(R,W) = 0.00574*8388608 = 48.15 us
MODEL   => T_model = 566.77 us
MODEL FEATS [{"name":"bmm","is_reduction":true,"out_elems":4194304,"cores":32,"dtype_bytes":2,"args":[{"name":"op0","role":"output","mem":"hbm","elems":4194304,"broadcast":false,"dims":[1024,8,8,64],"logical":[8,1024,512],"loop_factor":1},{"name":"arg0_1","role":"input","mem":"hbm","elems":16777216,"broadcast":false,"dims":[1024,32,8,64],"logical":[8,1024,2048],"loop_factor":1},{"name":"arg1_1","role":"input","mem":"hbm","elems":8388608,"broadcast":false,"dims":[2048,8,8,64],"logical":[8,2048,512],"loop_factor":1}],"reduction_cores":1,"loop_trip":1,"tiles_output_dim":false,"tile_rows_per_core":0.0,"is_matmul":true,"matmul_macs":8589934592,"matmul_rows_per_core":256.0,"matmul_cols_per_core":64.0,"matmul_a_bytes":4194304,"matmul_b_bytes":2097152,"matmul_m_split":4,"matmul_n_split":8,"hbm_pattern":""}]
SUMMARY op=bmm_wd rows=1024 cols=2048 cores=32 tiles=0 lx=1 io_hbm_bytes=58720256 kernel_us=1833.396 pred_us=566.773 err_pct=-69.1 bw_gbps=32.0 memset_us=267.171 other_dev_us=417.319 total_dev_us=2517.886
-- bmm_wd B=8 M=1024 K=2048 N=1024 b=1 m=4 n=8 k=1 (cores=32 M/m=256 N/n=128)
  op_it_space_splits={d0: 1, d1: 4, d2: 8, d3: 1}
  op_it_space_splits={d0: 1, d1: 4, d2: 8, d3: 1}
  op_it_space_splits={d0: 1, d1: 4, d2: 8, d3: 1}
  op_it_space_splits={d0: 1, d1: 4, d2: 8, d3: 1}
  op_it_space_splits={d0: 1, d1: 4, d2: 8, d3: 1}
  op_it_space_splits={d0: 1, d1: 4, d2: 8, d3: 1}
IO -- device-layout I/O (cost model, stick-padded) --
IO   op bmm [reduction]
IO     output op0                    torch [8, 1024, 1024] -> device [1024, 16, 8, 64] in HBM = 8388608 elems x 2B = 16777216 B  (hbm counted: 16777216 B)
IO     input  arg0_1                 torch [8, 1024, 2048] -> device [1024, 32, 8, 64] in HBM = 16777216 elems x 2B = 33554432 B  (hbm counted: 33554432 B)
IO     input  arg1_1                 torch [8, 2048, 1024] -> device [2048, 16, 8, 64] in HBM = 16777216 elems x 2B = 33554432 B  (hbm counted: 33554432 B)
IO   => HBM I/O total = 83886080 B  (lx 0 B, ~free)
MODEL -- estimate (turnaround): T = compute + (R+W)/BW_PEAK + a*min(R,W) --
MODEL   R=67108864 B (read)   W=16777216 B (write)   loop_trip L=1
MODEL   compute = MACs/cores/(mac_peak*pt_eff) = 17179869184/32/(1140*1.000) = 470.94 us  (M/m=256, pt_eff=1.000)
MODEL   base = R/150+W/150 = 559.24 us
MODEL   turn = a*min(R,W) = 0.00574*16777216 = 96.30 us
MODEL   => T_model = 909.85 us
MODEL FEATS [{"name":"bmm","is_reduction":true,"out_elems":8388608,"cores":32,"dtype_bytes":2,"args":[{"name":"op0","role":"output","mem":"hbm","elems":8388608,"broadcast":false,"dims":[1024,16,8,64],"logical":[8,1024,1024],"loop_factor":1},{"name":"arg0_1","role":"input","mem":"hbm","elems":16777216,"broadcast":false,"dims":[1024,32,8,64],"logical":[8,1024,2048],"loop_factor":1},{"name":"arg1_1","role":"input","mem":"hbm","elems":16777216,"broadcast":false,"dims":[2048,16,8,64],"logical":[8,2048,1024],"loop_factor":1}],"reduction_cores":1,"loop_trip":1,"tiles_output_dim":false,"tile_rows_per_core":0.0,"is_matmul":true,"matmul_macs":17179869184,"matmul_rows_per_core":256.0,"matmul_cols_per_core":128.0,"matmul_a_bytes":4194304,"matmul_b_bytes":4194304,"matmul_m_split":4,"matmul_n_split":8,"hbm_pattern":""}]
SUMMARY op=bmm_wd rows=1024 cols=2048 cores=32 tiles=0 lx=1 io_hbm_bytes=83886080 kernel_us=3659.649 pred_us=909.849 err_pct=-75.1 bw_gbps=22.9 memset_us=346.180 other_dev_us=708.179 total_dev_us=4714.008
-- bmm_wd B=8 M=1024 K=2048 N=2048 b=1 m=4 n=8 k=1 (cores=32 M/m=256 N/n=256)
  op_it_space_splits={d0: 1, d1: 4, d2: 8, d3: 1}
  op_it_space_splits={d0: 1, d1: 4, d2: 8, d3: 1}
  op_it_space_splits={d0: 1, d1: 4, d2: 8, d3: 1}
  op_it_space_splits={d0: 1, d1: 4, d2: 8, d3: 1}
  op_it_space_splits={d0: 1, d1: 4, d2: 8, d3: 1}
  op_it_space_splits={d0: 1, d1: 4, d2: 8, d3: 1}
IO -- device-layout I/O (cost model, stick-padded) --
IO   op bmm [reduction]
IO     output op0                    torch [8, 1024, 2048] -> device [1024, 32, 8, 64] in HBM = 16777216 elems x 2B = 33554432 B  (hbm counted: 33554432 B)
IO     input  arg0_1                 torch [8, 1024, 2048] -> device [1024, 32, 8, 64] in HBM = 16777216 elems x 2B = 33554432 B  (hbm counted: 33554432 B)
IO     input  arg1_1                 torch [8, 2048, 2048] -> device [2048, 32, 8, 64] in HBM = 33554432 elems x 2B = 67108864 B  (hbm counted: 67108864 B)
IO   => HBM I/O total = 134217728 B  (lx 0 B, ~free)
MODEL -- estimate (turnaround): T = compute + (R+W)/BW_PEAK + a*min(R,W) --
MODEL   R=100663296 B (read)   W=33554432 B (write)   loop_trip L=1
MODEL   compute = MACs/cores/(mac_peak*pt_eff) = 34359738368/32/(1140*1.000) = 941.88 us  (M/m=256, pt_eff=1.000)
MODEL   base = R/150+W/150 = 894.78 us
MODEL   turn = a*min(R,W) = 0.00574*33554432 = 192.60 us
MODEL   => T_model = 1596.00 us
MODEL FEATS [{"name":"bmm","is_reduction":true,"out_elems":16777216,"cores":32,"dtype_bytes":2,"args":[{"name":"op0","role":"output","mem":"hbm","elems":16777216,"broadcast":false,"dims":[1024,32,8,64],"logical":[8,1024,2048],"loop_factor":1},{"name":"arg0_1","role":"input","mem":"hbm","elems":16777216,"broadcast":false,"dims":[1024,32,8,64],"logical":[8,1024,2048],"loop_factor":1},{"name":"arg1_1","role":"input","mem":"hbm","elems":33554432,"broadcast":false,"dims":[2048,32,8,64],"logical":[8,2048,2048],"loop_factor":1}],"reduction_cores":1,"loop_trip":1,"tiles_output_dim":false,"tile_rows_per_core":0.0,"is_matmul":true,"matmul_macs":34359738368,"matmul_rows_per_core":256.0,"matmul_cols_per_core":256.0,"matmul_a_bytes":4194304,"matmul_b_bytes":8388608,"matmul_m_split":4,"matmul_n_split":8,"hbm_pattern":""}]
SUMMARY op=bmm_wd rows=1024 cols=2048 cores=32 tiles=0 lx=1 io_hbm_bytes=134217728 kernel_us=7244.945 pred_us=1596.002 err_pct=-78.0 bw_gbps=18.5 memset_us=510.258 other_dev_us=2420.614 total_dev_us=10175.817
## BS split-shape carry (b=1): m-ladder at M>N, N>M, M=N -> does §12a carry to bmm?
-- bmm_wd B=4 M=2048 K=2048 N=1024 b=1 m=2 n=16 k=1 (cores=32 M/m=1024 N/n=64)
  op_it_space_splits={d0: 1, d1: 2, d2: 16, d3: 1}
  op_it_space_splits={d0: 1, d1: 2, d2: 16, d3: 1}
  op_it_space_splits={d0: 1, d1: 2, d2: 16, d3: 1}
  op_it_space_splits={d0: 1, d1: 2, d2: 16, d3: 1}
  op_it_space_splits={d0: 1, d1: 2, d2: 16, d3: 1}
  op_it_space_splits={d0: 1, d1: 2, d2: 16, d3: 1}
IO -- device-layout I/O (cost model, stick-padded) --
IO   op bmm [reduction]
IO     output op0                    torch [4, 2048, 1024] -> device [2048, 16, 4, 64] in HBM = 8388608 elems x 2B = 16777216 B  (hbm counted: 16777216 B)
IO     input  arg0_1                 torch [4, 2048, 2048] -> device [2048, 32, 4, 64] in HBM = 16777216 elems x 2B = 33554432 B  (hbm counted: 33554432 B)
IO     input  arg1_1                 torch [4, 2048, 1024] -> device [2048, 16, 4, 64] in HBM = 8388608 elems x 2B = 16777216 B  (hbm counted: 16777216 B)
IO   => HBM I/O total = 67108864 B  (lx 0 B, ~free)
MODEL -- estimate (turnaround): T = compute + (R+W)/BW_PEAK + a*min(R,W) --
MODEL   R=50331648 B (read)   W=16777216 B (write)   loop_trip L=1
MODEL   compute = MACs/cores/(mac_peak*pt_eff) = 17179869184/32/(1140*1.000) = 470.94 us  (M/m=1024, pt_eff=1.000)
MODEL   base = R/150+W/150 = 447.39 us
MODEL   turn = a*min(R,W) = 0.00574*16777216 = 96.30 us
MODEL   => T_model = 798.00 us
MODEL FEATS [{"name":"bmm","is_reduction":true,"out_elems":8388608,"cores":32,"dtype_bytes":2,"args":[{"name":"op0","role":"output","mem":"hbm","elems":8388608,"broadcast":false,"dims":[2048,16,4,64],"logical":[4,2048,1024],"loop_factor":1},{"name":"arg0_1","role":"input","mem":"hbm","elems":16777216,"broadcast":false,"dims":[2048,32,4,64],"logical":[4,2048,2048],"loop_factor":1},{"name":"arg1_1","role":"input","mem":"hbm","elems":8388608,"broadcast":false,"dims":[2048,16,4,64],"logical":[4,2048,1024],"loop_factor":1}],"reduction_cores":1,"loop_trip":1,"tiles_output_dim":false,"tile_rows_per_core":0.0,"is_matmul":true,"matmul_macs":17179869184,"matmul_rows_per_core":1024.0,"matmul_cols_per_core":64.0,"matmul_a_bytes":8388608,"matmul_b_bytes":4194304,"matmul_m_split":2,"matmul_n_split":16,"hbm_pattern":""}]
SUMMARY op=bmm_wd rows=2048 cols=2048 cores=32 tiles=0 lx=1 io_hbm_bytes=67108864 kernel_us=3686.509 pred_us=798.001 err_pct=-78.4 bw_gbps=18.2 memset_us=329.045 other_dev_us=875.976 total_dev_us=4891.530
-- bmm_wd B=4 M=2048 K=2048 N=1024 b=1 m=4 n=8 k=1 (cores=32 M/m=512 N/n=128)
  op_it_space_splits={d0: 1, d1: 4, d2: 8, d3: 1}
  op_it_space_splits={d0: 1, d1: 4, d2: 8, d3: 1}
  op_it_space_splits={d0: 1, d1: 4, d2: 8, d3: 1}
  op_it_space_splits={d0: 1, d1: 4, d2: 8, d3: 1}
  op_it_space_splits={d0: 1, d1: 4, d2: 8, d3: 1}
  op_it_space_splits={d0: 1, d1: 4, d2: 8, d3: 1}
IO -- device-layout I/O (cost model, stick-padded) --
IO   op bmm [reduction]
IO     output op0                    torch [4, 2048, 1024] -> device [2048, 16, 4, 64] in HBM = 8388608 elems x 2B = 16777216 B  (hbm counted: 16777216 B)
IO     input  arg0_1                 torch [4, 2048, 2048] -> device [2048, 32, 4, 64] in HBM = 16777216 elems x 2B = 33554432 B  (hbm counted: 33554432 B)
IO     input  arg1_1                 torch [4, 2048, 1024] -> device [2048, 16, 4, 64] in HBM = 8388608 elems x 2B = 16777216 B  (hbm counted: 16777216 B)
IO   => HBM I/O total = 67108864 B  (lx 0 B, ~free)
MODEL -- estimate (turnaround): T = compute + (R+W)/BW_PEAK + a*min(R,W) --
MODEL   R=50331648 B (read)   W=16777216 B (write)   loop_trip L=1
MODEL   compute = MACs/cores/(mac_peak*pt_eff) = 17179869184/32/(1140*1.000) = 470.94 us  (M/m=512, pt_eff=1.000)
MODEL   base = R/150+W/150 = 447.39 us
MODEL   turn = a*min(R,W) = 0.00574*16777216 = 96.30 us
MODEL   => T_model = 798.00 us
MODEL FEATS [{"name":"bmm","is_reduction":true,"out_elems":8388608,"cores":32,"dtype_bytes":2,"args":[{"name":"op0","role":"output","mem":"hbm","elems":8388608,"broadcast":false,"dims":[2048,16,4,64],"logical":[4,2048,1024],"loop_factor":1},{"name":"arg0_1","role":"input","mem":"hbm","elems":16777216,"broadcast":false,"dims":[2048,32,4,64],"logical":[4,2048,2048],"loop_factor":1},{"name":"arg1_1","role":"input","mem":"hbm","elems":8388608,"broadcast":false,"dims":[2048,16,4,64],"logical":[4,2048,1024],"loop_factor":1}],"reduction_cores":1,"loop_trip":1,"tiles_output_dim":false,"tile_rows_per_core":0.0,"is_matmul":true,"matmul_macs":17179869184,"matmul_rows_per_core":512.0,"matmul_cols_per_core":128.0,"matmul_a_bytes":8388608,"matmul_b_bytes":4194304,"matmul_m_split":4,"matmul_n_split":8,"hbm_pattern":""}]
SUMMARY op=bmm_wd rows=2048 cols=2048 cores=32 tiles=0 lx=1 io_hbm_bytes=67108864 kernel_us=3705.610 pred_us=798.001 err_pct=-78.5 bw_gbps=18.1 memset_us=336.790 other_dev_us=881.989 total_dev_us=4924.389
-- bmm_wd B=4 M=2048 K=2048 N=1024 b=1 m=8 n=4 k=1 (cores=32 M/m=256 N/n=256)
  op_it_space_splits={d0: 1, d1: 8, d2: 4, d3: 1}
  op_it_space_splits={d0: 1, d1: 8, d2: 4, d3: 1}
  op_it_space_splits={d0: 1, d1: 8, d2: 4, d3: 1}
  op_it_space_splits={d0: 1, d1: 8, d2: 4, d3: 1}
  op_it_space_splits={d0: 1, d1: 8, d2: 4, d3: 1}
  op_it_space_splits={d0: 1, d1: 8, d2: 4, d3: 1}
IO -- device-layout I/O (cost model, stick-padded) --
IO   op bmm [reduction]
IO     output op0                    torch [4, 2048, 1024] -> device [2048, 16, 4, 64] in HBM = 8388608 elems x 2B = 16777216 B  (hbm counted: 16777216 B)
IO     input  arg0_1                 torch [4, 2048, 2048] -> device [2048, 32, 4, 64] in HBM = 16777216 elems x 2B = 33554432 B  (hbm counted: 33554432 B)
IO     input  arg1_1                 torch [4, 2048, 1024] -> device [2048, 16, 4, 64] in HBM = 8388608 elems x 2B = 16777216 B  (hbm counted: 16777216 B)
IO   => HBM I/O total = 67108864 B  (lx 0 B, ~free)
MODEL -- estimate (turnaround): T = compute + (R+W)/BW_PEAK + a*min(R,W) --
MODEL   R=50331648 B (read)   W=16777216 B (write)   loop_trip L=1
MODEL   compute = MACs/cores/(mac_peak*pt_eff) = 17179869184/32/(1140*1.000) = 470.94 us  (M/m=256, pt_eff=1.000)
MODEL   base = R/150+W/150 = 447.39 us
MODEL   turn = a*min(R,W) = 0.00574*16777216 = 96.30 us
MODEL   => T_model = 798.00 us
MODEL FEATS [{"name":"bmm","is_reduction":true,"out_elems":8388608,"cores":32,"dtype_bytes":2,"args":[{"name":"op0","role":"output","mem":"hbm","elems":8388608,"broadcast":false,"dims":[2048,16,4,64],"logical":[4,2048,1024],"loop_factor":1},{"name":"arg0_1","role":"input","mem":"hbm","elems":16777216,"broadcast":false,"dims":[2048,32,4,64],"logical":[4,2048,2048],"loop_factor":1},{"name":"arg1_1","role":"input","mem":"hbm","elems":8388608,"broadcast":false,"dims":[2048,16,4,64],"logical":[4,2048,1024],"loop_factor":1}],"reduction_cores":1,"loop_trip":1,"tiles_output_dim":false,"tile_rows_per_core":0.0,"is_matmul":true,"matmul_macs":17179869184,"matmul_rows_per_core":256.0,"matmul_cols_per_core":256.0,"matmul_a_bytes":8388608,"matmul_b_bytes":4194304,"matmul_m_split":8,"matmul_n_split":4,"hbm_pattern":""}]
SUMMARY op=bmm_wd rows=2048 cols=2048 cores=32 tiles=0 lx=1 io_hbm_bytes=67108864 kernel_us=3944.161 pred_us=798.001 err_pct=-79.8 bw_gbps=17.0 memset_us=323.940 other_dev_us=798.893 total_dev_us=5066.994
-- bmm_wd B=4 M=2048 K=2048 N=1024 b=1 m=16 n=2 k=1 (cores=32 M/m=128 N/n=512)
  op_it_space_splits={d0: 1, d1: 16, d2: 2, d3: 1}
  op_it_space_splits={d0: 1, d1: 16, d2: 2, d3: 1}
  op_it_space_splits={d0: 1, d1: 16, d2: 2, d3: 1}
  op_it_space_splits={d0: 1, d1: 16, d2: 2, d3: 1}
  op_it_space_splits={d0: 1, d1: 16, d2: 2, d3: 1}
  op_it_space_splits={d0: 1, d1: 16, d2: 2, d3: 1}
IO -- device-layout I/O (cost model, stick-padded) --
IO   op bmm [reduction]
IO     output op0                    torch [4, 2048, 1024] -> device [2048, 16, 4, 64] in HBM = 8388608 elems x 2B = 16777216 B  (hbm counted: 16777216 B)
IO     input  arg0_1                 torch [4, 2048, 2048] -> device [2048, 32, 4, 64] in HBM = 16777216 elems x 2B = 33554432 B  (hbm counted: 33554432 B)
IO     input  arg1_1                 torch [4, 2048, 1024] -> device [2048, 16, 4, 64] in HBM = 8388608 elems x 2B = 16777216 B  (hbm counted: 16777216 B)
IO   => HBM I/O total = 67108864 B  (lx 0 B, ~free)
MODEL -- estimate (turnaround): T = compute + (R+W)/BW_PEAK + a*min(R,W) --
MODEL   R=50331648 B (read)   W=16777216 B (write)   loop_trip L=1
MODEL   compute = MACs/cores/(mac_peak*pt_eff) = 17179869184/32/(1140*1.000) = 470.94 us  (M/m=128, pt_eff=1.000)
MODEL   base = R/150+W/150 = 447.39 us
MODEL   turn = a*min(R,W) = 0.00574*16777216 = 96.30 us
MODEL   => T_model = 798.00 us
MODEL FEATS [{"name":"bmm","is_reduction":true,"out_elems":8388608,"cores":32,"dtype_bytes":2,"args":[{"name":"op0","role":"output","mem":"hbm","elems":8388608,"broadcast":false,"dims":[2048,16,4,64],"logical":[4,2048,1024],"loop_factor":1},{"name":"arg0_1","role":"input","mem":"hbm","elems":16777216,"broadcast":false,"dims":[2048,32,4,64],"logical":[4,2048,2048],"loop_factor":1},{"name":"arg1_1","role":"input","mem":"hbm","elems":8388608,"broadcast":false,"dims":[2048,16,4,64],"logical":[4,2048,1024],"loop_factor":1}],"reduction_cores":1,"loop_trip":1,"tiles_output_dim":false,"tile_rows_per_core":0.0,"is_matmul":true,"matmul_macs":17179869184,"matmul_rows_per_core":128.0,"matmul_cols_per_core":512.0,"matmul_a_bytes":8388608,"matmul_b_bytes":4194304,"matmul_m_split":16,"matmul_n_split":2,"hbm_pattern":""}]
SUMMARY op=bmm_wd rows=2048 cols=2048 cores=32 tiles=0 lx=1 io_hbm_bytes=67108864 kernel_us=5873.494 pred_us=798.001 err_pct=-86.4 bw_gbps=11.4 memset_us=342.694 other_dev_us=772.074 total_dev_us=6988.262
-- bmm_wd B=4 M=2048 K=2048 N=1024 b=1 m=32 n=1 k=1 (cores=32 M/m=64 N/n=1024)
  op_it_space_splits={d0: 1, d1: 32, d2: 1, d3: 1}
  op_it_space_splits={d0: 1, d1: 32, d2: 1, d3: 1}
  op_it_space_splits={d0: 1, d1: 32, d2: 1, d3: 1}
  op_it_space_splits={d0: 1, d1: 32, d2: 1, d3: 1}
  op_it_space_splits={d0: 1, d1: 32, d2: 1, d3: 1}
  op_it_space_splits={d0: 1, d1: 32, d2: 1, d3: 1}
IO -- device-layout I/O (cost model, stick-padded) --
IO   op bmm [reduction]
IO     output op0                    torch [4, 2048, 1024] -> device [2048, 16, 4, 64] in HBM = 8388608 elems x 2B = 16777216 B  (hbm counted: 16777216 B)
IO     input  arg0_1                 torch [4, 2048, 2048] -> device [2048, 32, 4, 64] in HBM = 16777216 elems x 2B = 33554432 B  (hbm counted: 33554432 B)
IO     input  arg1_1                 torch [4, 2048, 1024] -> device [2048, 16, 4, 64] in HBM = 8388608 elems x 2B = 16777216 B  (hbm counted: 16777216 B)
IO   => HBM I/O total = 67108864 B  (lx 0 B, ~free)
MODEL -- estimate (turnaround): T = compute + (R+W)/BW_PEAK + a*min(R,W) --
MODEL   R=50331648 B (read)   W=16777216 B (write)   loop_trip L=1
MODEL   compute = MACs/cores/(mac_peak*pt_eff) = 17179869184/32/(1140*1.000) = 470.94 us  (M/m=64, pt_eff=1.000)
MODEL   base = R/150+W/150 = 447.39 us
MODEL   turn = a*min(R,W) = 0.00574*16777216 = 96.30 us
MODEL   => T_model = 798.00 us
MODEL FEATS [{"name":"bmm","is_reduction":true,"out_elems":8388608,"cores":32,"dtype_bytes":2,"args":[{"name":"op0","role":"output","mem":"hbm","elems":8388608,"broadcast":false,"dims":[2048,16,4,64],"logical":[4,2048,1024],"loop_factor":1},{"name":"arg0_1","role":"input","mem":"hbm","elems":16777216,"broadcast":false,"dims":[2048,32,4,64],"logical":[4,2048,2048],"loop_factor":1},{"name":"arg1_1","role":"input","mem":"hbm","elems":8388608,"broadcast":false,"dims":[2048,16,4,64],"logical":[4,2048,1024],"loop_factor":1}],"reduction_cores":1,"loop_trip":1,"tiles_output_dim":false,"tile_rows_per_core":0.0,"is_matmul":true,"matmul_macs":17179869184,"matmul_rows_per_core":64.0,"matmul_cols_per_core":1024.0,"matmul_a_bytes":8388608,"matmul_b_bytes":4194304,"matmul_m_split":32,"matmul_n_split":1,"hbm_pattern":""}]
SUMMARY op=bmm_wd rows=2048 cols=2048 cores=32 tiles=0 lx=1 io_hbm_bytes=67108864 kernel_us=11909.058 pred_us=798.001 err_pct=-93.3 bw_gbps=5.6 memset_us=333.317 other_dev_us=891.661 total_dev_us=13134.036
-- bmm_wd B=4 M=1024 K=2048 N=2048 b=1 m=1 n=32 k=1 (cores=32 M/m=1024 N/n=64)
  op_it_space_splits={d0: 1, d1: 1, d2: 32, d3: 1}
  op_it_space_splits={d0: 1, d1: 1, d2: 32, d3: 1}
  op_it_space_splits={d0: 1, d1: 1, d2: 32, d3: 1}
  op_it_space_splits={d0: 1, d1: 1, d2: 32, d3: 1}
  op_it_space_splits={d0: 1, d1: 1, d2: 32, d3: 1}
  op_it_space_splits={d0: 1, d1: 1, d2: 32, d3: 1}
IO -- device-layout I/O (cost model, stick-padded) --
IO   op bmm [reduction]
IO     output op0                    torch [4, 1024, 2048] -> device [1024, 32, 4, 64] in HBM = 8388608 elems x 2B = 16777216 B  (hbm counted: 16777216 B)
IO     input  arg0_1                 torch [4, 1024, 2048] -> device [1024, 32, 4, 64] in HBM = 8388608 elems x 2B = 16777216 B  (hbm counted: 16777216 B)
IO     input  arg1_1                 torch [4, 2048, 2048] -> device [2048, 32, 4, 64] in HBM = 16777216 elems x 2B = 33554432 B  (hbm counted: 33554432 B)
IO   => HBM I/O total = 67108864 B  (lx 0 B, ~free)
MODEL -- estimate (turnaround): T = compute + (R+W)/BW_PEAK + a*min(R,W) --
MODEL   R=50331648 B (read)   W=16777216 B (write)   loop_trip L=1
MODEL   compute = MACs/cores/(mac_peak*pt_eff) = 17179869184/32/(1140*1.000) = 470.94 us  (M/m=1024, pt_eff=1.000)
MODEL   base = R/150+W/150 = 447.39 us
MODEL   turn = a*min(R,W) = 0.00574*16777216 = 96.30 us
MODEL   => T_model = 798.00 us
MODEL FEATS [{"name":"bmm","is_reduction":true,"out_elems":8388608,"cores":32,"dtype_bytes":2,"args":[{"name":"op0","role":"output","mem":"hbm","elems":8388608,"broadcast":false,"dims":[1024,32,4,64],"logical":[4,1024,2048],"loop_factor":1},{"name":"arg0_1","role":"input","mem":"hbm","elems":8388608,"broadcast":false,"dims":[1024,32,4,64],"logical":[4,1024,2048],"loop_factor":1},{"name":"arg1_1","role":"input","mem":"hbm","elems":16777216,"broadcast":false,"dims":[2048,32,4,64],"logical":[4,2048,2048],"loop_factor":1}],"reduction_cores":1,"loop_trip":1,"tiles_output_dim":false,"tile_rows_per_core":0.0,"is_matmul":true,"matmul_macs":17179869184,"matmul_rows_per_core":1024.0,"matmul_cols_per_core":64.0,"matmul_a_bytes":4194304,"matmul_b_bytes":8388608,"matmul_m_split":1,"matmul_n_split":32,"hbm_pattern":""}]
SUMMARY op=bmm_wd rows=1024 cols=2048 cores=32 tiles=0 lx=1 io_hbm_bytes=67108864 kernel_us=6036.947 pred_us=798.001 err_pct=-86.8 bw_gbps=11.1 memset_us=251.437 other_dev_us=798.216 total_dev_us=7086.600
-- bmm_wd B=4 M=1024 K=2048 N=2048 b=1 m=2 n=16 k=1 (cores=32 M/m=512 N/n=128)
  op_it_space_splits={d0: 1, d1: 2, d2: 16, d3: 1}
  op_it_space_splits={d0: 1, d1: 2, d2: 16, d3: 1}
  op_it_space_splits={d0: 1, d1: 2, d2: 16, d3: 1}
  op_it_space_splits={d0: 1, d1: 2, d2: 16, d3: 1}
  op_it_space_splits={d0: 1, d1: 2, d2: 16, d3: 1}
  op_it_space_splits={d0: 1, d1: 2, d2: 16, d3: 1}
IO -- device-layout I/O (cost model, stick-padded) --
IO   op bmm [reduction]
IO     output op0                    torch [4, 1024, 2048] -> device [1024, 32, 4, 64] in HBM = 8388608 elems x 2B = 16777216 B  (hbm counted: 16777216 B)
IO     input  arg0_1                 torch [4, 1024, 2048] -> device [1024, 32, 4, 64] in HBM = 8388608 elems x 2B = 16777216 B  (hbm counted: 16777216 B)
IO     input  arg1_1                 torch [4, 2048, 2048] -> device [2048, 32, 4, 64] in HBM = 16777216 elems x 2B = 33554432 B  (hbm counted: 33554432 B)
IO   => HBM I/O total = 67108864 B  (lx 0 B, ~free)
MODEL -- estimate (turnaround): T = compute + (R+W)/BW_PEAK + a*min(R,W) --
MODEL   R=50331648 B (read)   W=16777216 B (write)   loop_trip L=1
MODEL   compute = MACs/cores/(mac_peak*pt_eff) = 17179869184/32/(1140*1.000) = 470.94 us  (M/m=512, pt_eff=1.000)
MODEL   base = R/150+W/150 = 447.39 us
MODEL   turn = a*min(R,W) = 0.00574*16777216 = 96.30 us
MODEL   => T_model = 798.00 us
MODEL FEATS [{"name":"bmm","is_reduction":true,"out_elems":8388608,"cores":32,"dtype_bytes":2,"args":[{"name":"op0","role":"output","mem":"hbm","elems":8388608,"broadcast":false,"dims":[1024,32,4,64],"logical":[4,1024,2048],"loop_factor":1},{"name":"arg0_1","role":"input","mem":"hbm","elems":8388608,"broadcast":false,"dims":[1024,32,4,64],"logical":[4,1024,2048],"loop_factor":1},{"name":"arg1_1","role":"input","mem":"hbm","elems":16777216,"broadcast":false,"dims":[2048,32,4,64],"logical":[4,2048,2048],"loop_factor":1}],"reduction_cores":1,"loop_trip":1,"tiles_output_dim":false,"tile_rows_per_core":0.0,"is_matmul":true,"matmul_macs":17179869184,"matmul_rows_per_core":512.0,"matmul_cols_per_core":128.0,"matmul_a_bytes":4194304,"matmul_b_bytes":8388608,"matmul_m_split":2,"matmul_n_split":16,"hbm_pattern":""}]
SUMMARY op=bmm_wd rows=1024 cols=2048 cores=32 tiles=0 lx=1 io_hbm_bytes=67108864 kernel_us=4602.719 pred_us=798.001 err_pct=-82.7 bw_gbps=14.6 memset_us=327.961 other_dev_us=875.753 total_dev_us=5806.433
-- bmm_wd B=4 M=1024 K=2048 N=2048 b=1 m=4 n=8 k=1 (cores=32 M/m=256 N/n=256)
  op_it_space_splits={d0: 1, d1: 4, d2: 8, d3: 1}
  op_it_space_splits={d0: 1, d1: 4, d2: 8, d3: 1}
  op_it_space_splits={d0: 1, d1: 4, d2: 8, d3: 1}
  op_it_space_splits={d0: 1, d1: 4, d2: 8, d3: 1}
  op_it_space_splits={d0: 1, d1: 4, d2: 8, d3: 1}
  op_it_space_splits={d0: 1, d1: 4, d2: 8, d3: 1}
IO -- device-layout I/O (cost model, stick-padded) --
IO   op bmm [reduction]
IO     output op0                    torch [4, 1024, 2048] -> device [1024, 32, 4, 64] in HBM = 8388608 elems x 2B = 16777216 B  (hbm counted: 16777216 B)
IO     input  arg0_1                 torch [4, 1024, 2048] -> device [1024, 32, 4, 64] in HBM = 8388608 elems x 2B = 16777216 B  (hbm counted: 16777216 B)
IO     input  arg1_1                 torch [4, 2048, 2048] -> device [2048, 32, 4, 64] in HBM = 16777216 elems x 2B = 33554432 B  (hbm counted: 33554432 B)
IO   => HBM I/O total = 67108864 B  (lx 0 B, ~free)
MODEL -- estimate (turnaround): T = compute + (R+W)/BW_PEAK + a*min(R,W) --
MODEL   R=50331648 B (read)   W=16777216 B (write)   loop_trip L=1
MODEL   compute = MACs/cores/(mac_peak*pt_eff) = 17179869184/32/(1140*1.000) = 470.94 us  (M/m=256, pt_eff=1.000)
MODEL   base = R/150+W/150 = 447.39 us
MODEL   turn = a*min(R,W) = 0.00574*16777216 = 96.30 us
MODEL   => T_model = 798.00 us
MODEL FEATS [{"name":"bmm","is_reduction":true,"out_elems":8388608,"cores":32,"dtype_bytes":2,"args":[{"name":"op0","role":"output","mem":"hbm","elems":8388608,"broadcast":false,"dims":[1024,32,4,64],"logical":[4,1024,2048],"loop_factor":1},{"name":"arg0_1","role":"input","mem":"hbm","elems":8388608,"broadcast":false,"dims":[1024,32,4,64],"logical":[4,1024,2048],"loop_factor":1},{"name":"arg1_1","role":"input","mem":"hbm","elems":16777216,"broadcast":false,"dims":[2048,32,4,64],"logical":[4,2048,2048],"loop_factor":1}],"reduction_cores":1,"loop_trip":1,"tiles_output_dim":false,"tile_rows_per_core":0.0,"is_matmul":true,"matmul_macs":17179869184,"matmul_rows_per_core":256.0,"matmul_cols_per_core":256.0,"matmul_a_bytes":4194304,"matmul_b_bytes":8388608,"matmul_m_split":4,"matmul_n_split":8,"hbm_pattern":""}]
SUMMARY op=bmm_wd rows=1024 cols=2048 cores=32 tiles=0 lx=1 io_hbm_bytes=67108864 kernel_us=3705.730 pred_us=798.001 err_pct=-78.5 bw_gbps=18.1 memset_us=272.991 other_dev_us=940.095 total_dev_us=4918.816
-- bmm_wd B=4 M=1024 K=2048 N=2048 b=1 m=8 n=4 k=1 (cores=32 M/m=128 N/n=512)
  op_it_space_splits={d0: 1, d1: 8, d2: 4, d3: 1}
  op_it_space_splits={d0: 1, d1: 8, d2: 4, d3: 1}
  op_it_space_splits={d0: 1, d1: 8, d2: 4, d3: 1}
  op_it_space_splits={d0: 1, d1: 8, d2: 4, d3: 1}
  op_it_space_splits={d0: 1, d1: 8, d2: 4, d3: 1}
  op_it_space_splits={d0: 1, d1: 8, d2: 4, d3: 1}
IO -- device-layout I/O (cost model, stick-padded) --
IO   op bmm [reduction]
IO     output op0                    torch [4, 1024, 2048] -> device [1024, 32, 4, 64] in HBM = 8388608 elems x 2B = 16777216 B  (hbm counted: 16777216 B)
IO     input  arg0_1                 torch [4, 1024, 2048] -> device [1024, 32, 4, 64] in HBM = 8388608 elems x 2B = 16777216 B  (hbm counted: 16777216 B)
IO     input  arg1_1                 torch [4, 2048, 2048] -> device [2048, 32, 4, 64] in HBM = 16777216 elems x 2B = 33554432 B  (hbm counted: 33554432 B)
IO   => HBM I/O total = 67108864 B  (lx 0 B, ~free)
MODEL -- estimate (turnaround): T = compute + (R+W)/BW_PEAK + a*min(R,W) --
MODEL   R=50331648 B (read)   W=16777216 B (write)   loop_trip L=1
MODEL   compute = MACs/cores/(mac_peak*pt_eff) = 17179869184/32/(1140*1.000) = 470.94 us  (M/m=128, pt_eff=1.000)
MODEL   base = R/150+W/150 = 447.39 us
MODEL   turn = a*min(R,W) = 0.00574*16777216 = 96.30 us
MODEL   => T_model = 798.00 us
MODEL FEATS [{"name":"bmm","is_reduction":true,"out_elems":8388608,"cores":32,"dtype_bytes":2,"args":[{"name":"op0","role":"output","mem":"hbm","elems":8388608,"broadcast":false,"dims":[1024,32,4,64],"logical":[4,1024,2048],"loop_factor":1},{"name":"arg0_1","role":"input","mem":"hbm","elems":8388608,"broadcast":false,"dims":[1024,32,4,64],"logical":[4,1024,2048],"loop_factor":1},{"name":"arg1_1","role":"input","mem":"hbm","elems":16777216,"broadcast":false,"dims":[2048,32,4,64],"logical":[4,2048,2048],"loop_factor":1}],"reduction_cores":1,"loop_trip":1,"tiles_output_dim":false,"tile_rows_per_core":0.0,"is_matmul":true,"matmul_macs":17179869184,"matmul_rows_per_core":128.0,"matmul_cols_per_core":512.0,"matmul_a_bytes":4194304,"matmul_b_bytes":8388608,"matmul_m_split":8,"matmul_n_split":4,"hbm_pattern":""}]
SUMMARY op=bmm_wd rows=1024 cols=2048 cores=32 tiles=0 lx=1 io_hbm_bytes=67108864 kernel_us=3801.485 pred_us=798.001 err_pct=-79.0 bw_gbps=17.7 memset_us=330.147 other_dev_us=844.924 total_dev_us=4976.556
-- bmm_wd B=4 M=1024 K=2048 N=2048 b=1 m=16 n=2 k=1 (cores=32 M/m=64 N/n=1024)
  op_it_space_splits={d0: 1, d1: 16, d2: 2, d3: 1}
  op_it_space_splits={d0: 1, d1: 16, d2: 2, d3: 1}
  op_it_space_splits={d0: 1, d1: 16, d2: 2, d3: 1}
  op_it_space_splits={d0: 1, d1: 16, d2: 2, d3: 1}
  op_it_space_splits={d0: 1, d1: 16, d2: 2, d3: 1}
  op_it_space_splits={d0: 1, d1: 16, d2: 2, d3: 1}
IO -- device-layout I/O (cost model, stick-padded) --
IO   op bmm [reduction]
IO     output op0                    torch [4, 1024, 2048] -> device [1024, 32, 4, 64] in HBM = 8388608 elems x 2B = 16777216 B  (hbm counted: 16777216 B)
IO     input  arg0_1                 torch [4, 1024, 2048] -> device [1024, 32, 4, 64] in HBM = 8388608 elems x 2B = 16777216 B  (hbm counted: 16777216 B)
IO     input  arg1_1                 torch [4, 2048, 2048] -> device [2048, 32, 4, 64] in HBM = 16777216 elems x 2B = 33554432 B  (hbm counted: 33554432 B)
IO   => HBM I/O total = 67108864 B  (lx 0 B, ~free)
MODEL -- estimate (turnaround): T = compute + (R+W)/BW_PEAK + a*min(R,W) --
MODEL   R=50331648 B (read)   W=16777216 B (write)   loop_trip L=1
MODEL   compute = MACs/cores/(mac_peak*pt_eff) = 17179869184/32/(1140*1.000) = 470.94 us  (M/m=64, pt_eff=1.000)
MODEL   base = R/150+W/150 = 447.39 us
MODEL   turn = a*min(R,W) = 0.00574*16777216 = 96.30 us
MODEL   => T_model = 798.00 us
MODEL FEATS [{"name":"bmm","is_reduction":true,"out_elems":8388608,"cores":32,"dtype_bytes":2,"args":[{"name":"op0","role":"output","mem":"hbm","elems":8388608,"broadcast":false,"dims":[1024,32,4,64],"logical":[4,1024,2048],"loop_factor":1},{"name":"arg0_1","role":"input","mem":"hbm","elems":8388608,"broadcast":false,"dims":[1024,32,4,64],"logical":[4,1024,2048],"loop_factor":1},{"name":"arg1_1","role":"input","mem":"hbm","elems":16777216,"broadcast":false,"dims":[2048,32,4,64],"logical":[4,2048,2048],"loop_factor":1}],"reduction_cores":1,"loop_trip":1,"tiles_output_dim":false,"tile_rows_per_core":0.0,"is_matmul":true,"matmul_macs":17179869184,"matmul_rows_per_core":64.0,"matmul_cols_per_core":1024.0,"matmul_a_bytes":4194304,"matmul_b_bytes":8388608,"matmul_m_split":16,"matmul_n_split":2,"hbm_pattern":""}]
SUMMARY op=bmm_wd rows=1024 cols=2048 cores=32 tiles=0 lx=1 io_hbm_bytes=67108864 kernel_us=7683.142 pred_us=798.001 err_pct=-89.6 bw_gbps=8.7 memset_us=323.659 other_dev_us=711.191 total_dev_us=8717.992
-- bmm_wd B=4 M=1024 K=2048 N=2048 b=1 m=32 n=1 k=1 (cores=32 M/m=32 N/n=2048)
  op_it_space_splits={d0: 1, d1: 32, d2: 1, d3: 1}
  op_it_space_splits={d0: 1, d1: 32, d2: 1, d3: 1}
  op_it_space_splits={d0: 1, d1: 32, d2: 1, d3: 1}
  op_it_space_splits={d0: 1, d1: 32, d2: 1, d3: 1}
  op_it_space_splits={d0: 1, d1: 32, d2: 1, d3: 1}
  op_it_space_splits={d0: 1, d1: 32, d2: 1, d3: 1}
IO -- device-layout I/O (cost model, stick-padded) --
IO   op bmm [reduction]
IO     output op0                    torch [4, 1024, 2048] -> device [1024, 32, 4, 64] in HBM = 8388608 elems x 2B = 16777216 B  (hbm counted: 16777216 B)
IO     input  arg0_1                 torch [4, 1024, 2048] -> device [1024, 32, 4, 64] in HBM = 8388608 elems x 2B = 16777216 B  (hbm counted: 16777216 B)
IO     input  arg1_1                 torch [4, 2048, 2048] -> device [2048, 32, 4, 64] in HBM = 16777216 elems x 2B = 33554432 B  (hbm counted: 33554432 B)
IO   => HBM I/O total = 67108864 B  (lx 0 B, ~free)
MODEL -- estimate (turnaround): T = compute + (R+W)/BW_PEAK + a*min(R,W) --
MODEL   R=50331648 B (read)   W=16777216 B (write)   loop_trip L=1
MODEL   compute = MACs/cores/(mac_peak*pt_eff) = 17179869184/32/(1140*0.785) = 600.24 us  (M/m=32, pt_eff=0.785)
MODEL   base = R/150+W/150 = 447.39 us
MODEL   turn = a*min(R,W) = 0.00574*16777216 = 96.30 us
MODEL   => T_model = 893.84 us
MODEL FEATS [{"name":"bmm","is_reduction":true,"out_elems":8388608,"cores":32,"dtype_bytes":2,"args":[{"name":"op0","role":"output","mem":"hbm","elems":8388608,"broadcast":false,"dims":[1024,32,4,64],"logical":[4,1024,2048],"loop_factor":1},{"name":"arg0_1","role":"input","mem":"hbm","elems":8388608,"broadcast":false,"dims":[1024,32,4,64],"logical":[4,1024,2048],"loop_factor":1},{"name":"arg1_1","role":"input","mem":"hbm","elems":16777216,"broadcast":false,"dims":[2048,32,4,64],"logical":[4,2048,2048],"loop_factor":1}],"reduction_cores":1,"loop_trip":1,"tiles_output_dim":false,"tile_rows_per_core":0.0,"is_matmul":true,"matmul_macs":17179869184,"matmul_rows_per_core":32.0,"matmul_cols_per_core":2048.0,"matmul_a_bytes":4194304,"matmul_b_bytes":8388608,"matmul_m_split":32,"matmul_n_split":1,"hbm_pattern":""}]
SUMMARY op=bmm_wd rows=1024 cols=2048 cores=32 tiles=0 lx=1 io_hbm_bytes=67108864 kernel_us=5370.031 pred_us=893.835 err_pct=-83.4 bw_gbps=12.5 memset_us=328.512 other_dev_us=869.500 total_dev_us=6568.043
-- bmm_wd B=2 M=2048 K=2048 N=2048 b=1 m=2 n=16 k=1 (cores=32 M/m=1024 N/n=128)
  op_it_space_splits={d0: 1, d1: 2, d2: 16, d3: 1}
  op_it_space_splits={d0: 1, d1: 2, d2: 16, d3: 1}
  op_it_space_splits={d0: 1, d1: 2, d2: 16, d3: 1}
  op_it_space_splits={d0: 1, d1: 2, d2: 16, d3: 1}
  op_it_space_splits={d0: 1, d1: 2, d2: 16, d3: 1}
  op_it_space_splits={d0: 1, d1: 2, d2: 16, d3: 1}
IO -- device-layout I/O (cost model, stick-padded) --
IO   op bmm [reduction]
IO     output op0                    torch [2, 2048, 2048] -> device [2048, 32, 2, 64] in HBM = 8388608 elems x 2B = 16777216 B  (hbm counted: 16777216 B)
IO     input  arg0_1                 torch [2, 2048, 2048] -> device [2048, 32, 2, 64] in HBM = 8388608 elems x 2B = 16777216 B  (hbm counted: 16777216 B)
IO     input  arg1_1                 torch [2, 2048, 2048] -> device [2048, 32, 2, 64] in HBM = 8388608 elems x 2B = 16777216 B  (hbm counted: 16777216 B)
IO   => HBM I/O total = 50331648 B  (lx 0 B, ~free)
MODEL -- estimate (turnaround): T = compute + (R+W)/BW_PEAK + a*min(R,W) --
MODEL   R=33554432 B (read)   W=16777216 B (write)   loop_trip L=1
MODEL   compute = MACs/cores/(mac_peak*pt_eff) = 17179869184/32/(1140*1.000) = 470.94 us  (M/m=1024, pt_eff=1.000)
MODEL   base = R/150+W/150 = 335.54 us
MODEL   turn = a*min(R,W) = 0.00574*16777216 = 96.30 us
MODEL   => T_model = 736.48 us
MODEL FEATS [{"name":"bmm","is_reduction":true,"out_elems":8388608,"cores":32,"dtype_bytes":2,"args":[{"name":"op0","role":"output","mem":"hbm","elems":8388608,"broadcast":false,"dims":[2048,32,2,64],"logical":[2,2048,2048],"loop_factor":1},{"name":"arg0_1","role":"input","mem":"hbm","elems":8388608,"broadcast":false,"dims":[2048,32,2,64],"logical":[2,2048,2048],"loop_factor":1},{"name":"arg1_1","role":"input","mem":"hbm","elems":8388608,"broadcast":false,"dims":[2048,32,2,64],"logical":[2,2048,2048],"loop_factor":1}],"reduction_cores":1,"loop_trip":1,"tiles_output_dim":false,"tile_rows_per_core":0.0,"is_matmul":true,"matmul_macs":17179869184,"matmul_rows_per_core":1024.0,"matmul_cols_per_core":128.0,"matmul_a_bytes":8388608,"matmul_b_bytes":8388608,"matmul_m_split":2,"matmul_n_split":16,"hbm_pattern":""}]
SUMMARY op=bmm_wd rows=2048 cols=2048 cores=32 tiles=0 lx=1 io_hbm_bytes=50331648 kernel_us=2352.445 pred_us=736.484 err_pct=-68.7 bw_gbps=21.4 memset_us=272.001 other_dev_us=822.826 total_dev_us=3447.272
-- bmm_wd B=2 M=2048 K=2048 N=2048 b=1 m=4 n=8 k=1 (cores=32 M/m=512 N/n=256)
  op_it_space_splits={d0: 1, d1: 4, d2: 8, d3: 1}
  op_it_space_splits={d0: 1, d1: 4, d2: 8, d3: 1}
  op_it_space_splits={d0: 1, d1: 4, d2: 8, d3: 1}
  op_it_space_splits={d0: 1, d1: 4, d2: 8, d3: 1}
  op_it_space_splits={d0: 1, d1: 4, d2: 8, d3: 1}
  op_it_space_splits={d0: 1, d1: 4, d2: 8, d3: 1}
IO -- device-layout I/O (cost model, stick-padded) --
IO   op bmm [reduction]
IO     output op0                    torch [2, 2048, 2048] -> device [2048, 32, 2, 64] in HBM = 8388608 elems x 2B = 16777216 B  (hbm counted: 16777216 B)
IO     input  arg0_1                 torch [2, 2048, 2048] -> device [2048, 32, 2, 64] in HBM = 8388608 elems x 2B = 16777216 B  (hbm counted: 16777216 B)
IO     input  arg1_1                 torch [2, 2048, 2048] -> device [2048, 32, 2, 64] in HBM = 8388608 elems x 2B = 16777216 B  (hbm counted: 16777216 B)
IO   => HBM I/O total = 50331648 B  (lx 0 B, ~free)
MODEL -- estimate (turnaround): T = compute + (R+W)/BW_PEAK + a*min(R,W) --
MODEL   R=33554432 B (read)   W=16777216 B (write)   loop_trip L=1
MODEL   compute = MACs/cores/(mac_peak*pt_eff) = 17179869184/32/(1140*1.000) = 470.94 us  (M/m=512, pt_eff=1.000)
MODEL   base = R/150+W/150 = 335.54 us
MODEL   turn = a*min(R,W) = 0.00574*16777216 = 96.30 us
MODEL   => T_model = 736.48 us
MODEL FEATS [{"name":"bmm","is_reduction":true,"out_elems":8388608,"cores":32,"dtype_bytes":2,"args":[{"name":"op0","role":"output","mem":"hbm","elems":8388608,"broadcast":false,"dims":[2048,32,2,64],"logical":[2,2048,2048],"loop_factor":1},{"name":"arg0_1","role":"input","mem":"hbm","elems":8388608,"broadcast":false,"dims":[2048,32,2,64],"logical":[2,2048,2048],"loop_factor":1},{"name":"arg1_1","role":"input","mem":"hbm","elems":8388608,"broadcast":false,"dims":[2048,32,2,64],"logical":[2,2048,2048],"loop_factor":1}],"reduction_cores":1,"loop_trip":1,"tiles_output_dim":false,"tile_rows_per_core":0.0,"is_matmul":true,"matmul_macs":17179869184,"matmul_rows_per_core":512.0,"matmul_cols_per_core":256.0,"matmul_a_bytes":8388608,"matmul_b_bytes":8388608,"matmul_m_split":4,"matmul_n_split":8,"hbm_pattern":""}]
SUMMARY op=bmm_wd rows=2048 cols=2048 cores=32 tiles=0 lx=1 io_hbm_bytes=50331648 kernel_us=2028.657 pred_us=736.484 err_pct=-63.7 bw_gbps=24.8 memset_us=331.515 other_dev_us=962.183 total_dev_us=3322.355
-- bmm_wd B=2 M=2048 K=2048 N=2048 b=1 m=8 n=4 k=1 (cores=32 M/m=256 N/n=512)
  op_it_space_splits={d0: 1, d1: 8, d2: 4, d3: 1}
  op_it_space_splits={d0: 1, d1: 8, d2: 4, d3: 1}
  op_it_space_splits={d0: 1, d1: 8, d2: 4, d3: 1}
  op_it_space_splits={d0: 1, d1: 8, d2: 4, d3: 1}
  op_it_space_splits={d0: 1, d1: 8, d2: 4, d3: 1}
  op_it_space_splits={d0: 1, d1: 8, d2: 4, d3: 1}
IO -- device-layout I/O (cost model, stick-padded) --
IO   op bmm [reduction]
IO     output op0                    torch [2, 2048, 2048] -> device [2048, 32, 2, 64] in HBM = 8388608 elems x 2B = 16777216 B  (hbm counted: 16777216 B)
IO     input  arg0_1                 torch [2, 2048, 2048] -> device [2048, 32, 2, 64] in HBM = 8388608 elems x 2B = 16777216 B  (hbm counted: 16777216 B)
IO     input  arg1_1                 torch [2, 2048, 2048] -> device [2048, 32, 2, 64] in HBM = 8388608 elems x 2B = 16777216 B  (hbm counted: 16777216 B)
IO   => HBM I/O total = 50331648 B  (lx 0 B, ~free)
MODEL -- estimate (turnaround): T = compute + (R+W)/BW_PEAK + a*min(R,W) --
MODEL   R=33554432 B (read)   W=16777216 B (write)   loop_trip L=1
MODEL   compute = MACs/cores/(mac_peak*pt_eff) = 17179869184/32/(1140*1.000) = 470.94 us  (M/m=256, pt_eff=1.000)
MODEL   base = R/150+W/150 = 335.54 us
MODEL   turn = a*min(R,W) = 0.00574*16777216 = 96.30 us
MODEL   => T_model = 736.48 us
MODEL FEATS [{"name":"bmm","is_reduction":true,"out_elems":8388608,"cores":32,"dtype_bytes":2,"args":[{"name":"op0","role":"output","mem":"hbm","elems":8388608,"broadcast":false,"dims":[2048,32,2,64],"logical":[2,2048,2048],"loop_factor":1},{"name":"arg0_1","role":"input","mem":"hbm","elems":8388608,"broadcast":false,"dims":[2048,32,2,64],"logical":[2,2048,2048],"loop_factor":1},{"name":"arg1_1","role":"input","mem":"hbm","elems":8388608,"broadcast":false,"dims":[2048,32,2,64],"logical":[2,2048,2048],"loop_factor":1}],"reduction_cores":1,"loop_trip":1,"tiles_output_dim":false,"tile_rows_per_core":0.0,"is_matmul":true,"matmul_macs":17179869184,"matmul_rows_per_core":256.0,"matmul_cols_per_core":512.0,"matmul_a_bytes":8388608,"matmul_b_bytes":8388608,"matmul_m_split":8,"matmul_n_split":4,"hbm_pattern":""}]
SUMMARY op=bmm_wd rows=2048 cols=2048 cores=32 tiles=0 lx=1 io_hbm_bytes=50331648 kernel_us=2129.001 pred_us=736.484 err_pct=-65.4 bw_gbps=23.6 memset_us=331.950 other_dev_us=887.964 total_dev_us=3348.915
-- bmm_wd B=2 M=2048 K=2048 N=2048 b=1 m=16 n=2 k=1 (cores=32 M/m=128 N/n=1024)
  op_it_space_splits={d0: 1, d1: 16, d2: 2, d3: 1}
  op_it_space_splits={d0: 1, d1: 16, d2: 2, d3: 1}
  op_it_space_splits={d0: 1, d1: 16, d2: 2, d3: 1}
  op_it_space_splits={d0: 1, d1: 16, d2: 2, d3: 1}
  op_it_space_splits={d0: 1, d1: 16, d2: 2, d3: 1}
  op_it_space_splits={d0: 1, d1: 16, d2: 2, d3: 1}
IO -- device-layout I/O (cost model, stick-padded) --
IO   op bmm [reduction]
IO     output op0                    torch [2, 2048, 2048] -> device [2048, 32, 2, 64] in HBM = 8388608 elems x 2B = 16777216 B  (hbm counted: 16777216 B)
IO     input  arg0_1                 torch [2, 2048, 2048] -> device [2048, 32, 2, 64] in HBM = 8388608 elems x 2B = 16777216 B  (hbm counted: 16777216 B)
IO     input  arg1_1                 torch [2, 2048, 2048] -> device [2048, 32, 2, 64] in HBM = 8388608 elems x 2B = 16777216 B  (hbm counted: 16777216 B)
IO   => HBM I/O total = 50331648 B  (lx 0 B, ~free)
MODEL -- estimate (turnaround): T = compute + (R+W)/BW_PEAK + a*min(R,W) --
MODEL   R=33554432 B (read)   W=16777216 B (write)   loop_trip L=1
MODEL   compute = MACs/cores/(mac_peak*pt_eff) = 17179869184/32/(1140*1.000) = 470.94 us  (M/m=128, pt_eff=1.000)
MODEL   base = R/150+W/150 = 335.54 us
MODEL   turn = a*min(R,W) = 0.00574*16777216 = 96.30 us
MODEL   => T_model = 736.48 us
MODEL FEATS [{"name":"bmm","is_reduction":true,"out_elems":8388608,"cores":32,"dtype_bytes":2,"args":[{"name":"op0","role":"output","mem":"hbm","elems":8388608,"broadcast":false,"dims":[2048,32,2,64],"logical":[2,2048,2048],"loop_factor":1},{"name":"arg0_1","role":"input","mem":"hbm","elems":8388608,"broadcast":false,"dims":[2048,32,2,64],"logical":[2,2048,2048],"loop_factor":1},{"name":"arg1_1","role":"input","mem":"hbm","elems":8388608,"broadcast":false,"dims":[2048,32,2,64],"logical":[2,2048,2048],"loop_factor":1}],"reduction_cores":1,"loop_trip":1,"tiles_output_dim":false,"tile_rows_per_core":0.0,"is_matmul":true,"matmul_macs":17179869184,"matmul_rows_per_core":128.0,"matmul_cols_per_core":1024.0,"matmul_a_bytes":8388608,"matmul_b_bytes":8388608,"matmul_m_split":16,"matmul_n_split":2,"hbm_pattern":""}]
SUMMARY op=bmm_wd rows=2048 cols=2048 cores=32 tiles=0 lx=1 io_hbm_bytes=50331648 kernel_us=3324.338 pred_us=736.484 err_pct=-77.8 bw_gbps=15.1 memset_us=250.468 other_dev_us=843.319 total_dev_us=4418.125
## BP forced-b=B pathology (guard): b=B, per-batch {2x2,4x2}, + 3d2d control
-- bmm_wd B=2 M=1024 K=2048 N=1024 b=2 m=2 n=2 k=1 (cores=8 M/m=512 N/n=512)
  op_it_space_splits={d0: 2, d1: 2, d2: 2, d3: 1}
  op_it_space_splits={d0: 2, d1: 2, d2: 2, d3: 1}
  op_it_space_splits={d0: 2, d1: 2, d2: 2, d3: 1}
  op_it_space_splits={d0: 2, d1: 2, d2: 2, d3: 1}
  op_it_space_splits={d0: 2, d1: 2, d2: 2, d3: 1}
  op_it_space_splits={d0: 2, d1: 2, d2: 2, d3: 1}
IO -- device-layout I/O (cost model, stick-padded) --
IO   op bmm [reduction]
IO     output op0                    torch [2, 1024, 1024] -> device [1024, 16, 2, 64] in HBM = 2097152 elems x 2B = 4194304 B  (hbm counted: 4194304 B)
IO     input  arg0_1                 torch [2, 1024, 2048] -> device [1024, 32, 2, 64] in HBM = 4194304 elems x 2B = 8388608 B  (hbm counted: 8388608 B)
IO     input  arg1_1                 torch [2, 2048, 1024] -> device [2048, 16, 2, 64] in HBM = 4194304 elems x 2B = 8388608 B  (hbm counted: 8388608 B)
IO   => HBM I/O total = 20971520 B  (lx 0 B, ~free)
MODEL -- estimate (turnaround): T = compute + (R+W)/BW_PEAK + a*min(R,W) --
MODEL   R=16777216 B (read)   W=4194304 B (write)   loop_trip L=1
MODEL   compute = MACs/cores/(mac_peak*pt_eff) = 4294967296/8/(1140*1.000) = 470.94 us  (M/m=512, pt_eff=1.000)
MODEL   base = R/150+W/150 = 139.81 us
MODEL   turn = a*min(R,W) = 0.00574*4194304 = 24.08 us
MODEL   => T_model = 586.62 us
MODEL FEATS [{"name":"bmm","is_reduction":true,"out_elems":2097152,"cores":8,"dtype_bytes":2,"args":[{"name":"op0","role":"output","mem":"hbm","elems":2097152,"broadcast":false,"dims":[1024,16,2,64],"logical":[2,1024,1024],"loop_factor":1},{"name":"arg0_1","role":"input","mem":"hbm","elems":4194304,"broadcast":false,"dims":[1024,32,2,64],"logical":[2,1024,2048],"loop_factor":1},{"name":"arg1_1","role":"input","mem":"hbm","elems":4194304,"broadcast":false,"dims":[2048,16,2,64],"logical":[2,2048,1024],"loop_factor":1}],"reduction_cores":1,"loop_trip":1,"tiles_output_dim":false,"tile_rows_per_core":0.0,"is_matmul":true,"matmul_macs":4294967296,"matmul_rows_per_core":512.0,"matmul_cols_per_core":512.0,"matmul_a_bytes":4194304,"matmul_b_bytes":4194304,"matmul_m_split":2,"matmul_n_split":2,"hbm_pattern":""}]
SUMMARY op=bmm_wd rows=1024 cols=2048 cores=8 tiles=0 lx=1 io_hbm_bytes=20971520 kernel_us=7326.984 pred_us=586.617 err_pct=-92.0 bw_gbps=2.9 memset_us=168.775 other_dev_us=176.943 total_dev_us=7672.702
-- bmm_wd B=4 M=1024 K=2048 N=1024 b=4 m=2 n=2 k=1 (cores=16 M/m=512 N/n=512)
  op_it_space_splits={d0: 4, d1: 2, d2: 2, d3: 1}
  op_it_space_splits={d0: 4, d1: 2, d2: 2, d3: 1}
  op_it_space_splits={d0: 4, d1: 2, d2: 2, d3: 1}
  op_it_space_splits={d0: 4, d1: 2, d2: 2, d3: 1}
  op_it_space_splits={d0: 4, d1: 2, d2: 2, d3: 1}
  op_it_space_splits={d0: 4, d1: 2, d2: 2, d3: 1}
IO -- device-layout I/O (cost model, stick-padded) --
IO   op bmm [reduction]
IO     output op0                    torch [4, 1024, 1024] -> device [1024, 16, 4, 64] in HBM = 4194304 elems x 2B = 8388608 B  (hbm counted: 8388608 B)
IO     input  arg0_1                 torch [4, 1024, 2048] -> device [1024, 32, 4, 64] in HBM = 8388608 elems x 2B = 16777216 B  (hbm counted: 16777216 B)
IO     input  arg1_1                 torch [4, 2048, 1024] -> device [2048, 16, 4, 64] in HBM = 8388608 elems x 2B = 16777216 B  (hbm counted: 16777216 B)
IO   => HBM I/O total = 41943040 B  (lx 0 B, ~free)
MODEL -- estimate (turnaround): T = compute + (R+W)/BW_PEAK + a*min(R,W) --
MODEL   R=33554432 B (read)   W=8388608 B (write)   loop_trip L=1
MODEL   compute = MACs/cores/(mac_peak*pt_eff) = 8589934592/16/(1140*1.000) = 470.94 us  (M/m=512, pt_eff=1.000)
MODEL   base = R/150+W/150 = 279.62 us
MODEL   turn = a*min(R,W) = 0.00574*8388608 = 48.15 us
MODEL   => T_model = 675.11 us
MODEL FEATS [{"name":"bmm","is_reduction":true,"out_elems":4194304,"cores":16,"dtype_bytes":2,"args":[{"name":"op0","role":"output","mem":"hbm","elems":4194304,"broadcast":false,"dims":[1024,16,4,64],"logical":[4,1024,1024],"loop_factor":1},{"name":"arg0_1","role":"input","mem":"hbm","elems":8388608,"broadcast":false,"dims":[1024,32,4,64],"logical":[4,1024,2048],"loop_factor":1},{"name":"arg1_1","role":"input","mem":"hbm","elems":8388608,"broadcast":false,"dims":[2048,16,4,64],"logical":[4,2048,1024],"loop_factor":1}],"reduction_cores":1,"loop_trip":1,"tiles_output_dim":false,"tile_rows_per_core":0.0,"is_matmul":true,"matmul_macs":8589934592,"matmul_rows_per_core":512.0,"matmul_cols_per_core":512.0,"matmul_a_bytes":4194304,"matmul_b_bytes":4194304,"matmul_m_split":2,"matmul_n_split":2,"hbm_pattern":""}]
SUMMARY op=bmm_wd rows=1024 cols=2048 cores=16 tiles=0 lx=1 io_hbm_bytes=41943040 kernel_us=7382.868 pred_us=675.115 err_pct=-90.9 bw_gbps=5.7 memset_us=245.821 other_dev_us=452.875 total_dev_us=8081.564
-- bmm_wd B=8 M=1024 K=2048 N=1024 b=8 m=2 n=2 k=1 (cores=32 M/m=512 N/n=512)
  op_it_space_splits={d0: 8, d1: 2, d2: 2, d3: 1}
  op_it_space_splits={d0: 8, d1: 2, d2: 2, d3: 1}
  op_it_space_splits={d0: 8, d1: 2, d2: 2, d3: 1}
  op_it_space_splits={d0: 8, d1: 2, d2: 2, d3: 1}
  op_it_space_splits={d0: 8, d1: 2, d2: 2, d3: 1}
  op_it_space_splits={d0: 8, d1: 2, d2: 2, d3: 1}
IO -- device-layout I/O (cost model, stick-padded) --
IO   op bmm [reduction]
IO     output op0                    torch [8, 1024, 1024] -> device [1024, 16, 8, 64] in HBM = 8388608 elems x 2B = 16777216 B  (hbm counted: 16777216 B)
IO     input  arg0_1                 torch [8, 1024, 2048] -> device [1024, 32, 8, 64] in HBM = 16777216 elems x 2B = 33554432 B  (hbm counted: 33554432 B)
IO     input  arg1_1                 torch [8, 2048, 1024] -> device [2048, 16, 8, 64] in HBM = 16777216 elems x 2B = 33554432 B  (hbm counted: 33554432 B)
IO   => HBM I/O total = 83886080 B  (lx 0 B, ~free)
MODEL -- estimate (turnaround): T = compute + (R+W)/BW_PEAK + a*min(R,W) --
MODEL   R=67108864 B (read)   W=16777216 B (write)   loop_trip L=1
MODEL   compute = MACs/cores/(mac_peak*pt_eff) = 17179869184/32/(1140*1.000) = 470.94 us  (M/m=512, pt_eff=1.000)
MODEL   base = R/150+W/150 = 559.24 us
MODEL   turn = a*min(R,W) = 0.00574*16777216 = 96.30 us
MODEL   => T_model = 960.18 us
MODEL FEATS [{"name":"bmm","is_reduction":true,"out_elems":8388608,"cores":32,"dtype_bytes":2,"args":[{"name":"op0","role":"output","mem":"hbm","elems":8388608,"broadcast":false,"dims":[1024,16,8,64],"logical":[8,1024,1024],"loop_factor":1},{"name":"arg0_1","role":"input","mem":"hbm","elems":16777216,"broadcast":false,"dims":[1024,32,8,64],"logical":[8,1024,2048],"loop_factor":1},{"name":"arg1_1","role":"input","mem":"hbm","elems":16777216,"broadcast":false,"dims":[2048,16,8,64],"logical":[8,2048,1024],"loop_factor":1}],"reduction_cores":1,"loop_trip":1,"tiles_output_dim":false,"tile_rows_per_core":0.0,"is_matmul":true,"matmul_macs":17179869184,"matmul_rows_per_core":512.0,"matmul_cols_per_core":512.0,"matmul_a_bytes":4194304,"matmul_b_bytes":4194304,"matmul_m_split":2,"matmul_n_split":2,"hbm_pattern":""}]
SUMMARY op=bmm_wd rows=1024 cols=2048 cores=32 tiles=0 lx=1 io_hbm_bytes=83886080 kernel_us=11074.780 pred_us=960.181 err_pct=-91.3 bw_gbps=7.6 memset_us=344.483 other_dev_us=916.159 total_dev_us=12335.422
-- bmm_wd B=2 M=1024 K=2048 N=1024 b=2 m=4 n=2 k=1 (cores=16 M/m=256 N/n=512)
  op_it_space_splits={d0: 2, d1: 4, d2: 2, d3: 1}
  op_it_space_splits={d0: 2, d1: 4, d2: 2, d3: 1}
  op_it_space_splits={d0: 2, d1: 4, d2: 2, d3: 1}
  op_it_space_splits={d0: 2, d1: 4, d2: 2, d3: 1}
  op_it_space_splits={d0: 2, d1: 4, d2: 2, d3: 1}
  op_it_space_splits={d0: 2, d1: 4, d2: 2, d3: 1}
IO -- device-layout I/O (cost model, stick-padded) --
IO   op bmm [reduction]
IO     output op0                    torch [2, 1024, 1024] -> device [1024, 16, 2, 64] in HBM = 2097152 elems x 2B = 4194304 B  (hbm counted: 4194304 B)
IO     input  arg0_1                 torch [2, 1024, 2048] -> device [1024, 32, 2, 64] in HBM = 4194304 elems x 2B = 8388608 B  (hbm counted: 8388608 B)
IO     input  arg1_1                 torch [2, 2048, 1024] -> device [2048, 16, 2, 64] in HBM = 4194304 elems x 2B = 8388608 B  (hbm counted: 8388608 B)
IO   => HBM I/O total = 20971520 B  (lx 0 B, ~free)
MODEL -- estimate (turnaround): T = compute + (R+W)/BW_PEAK + a*min(R,W) --
MODEL   R=16777216 B (read)   W=4194304 B (write)   loop_trip L=1
MODEL   compute = MACs/cores/(mac_peak*pt_eff) = 4294967296/16/(1140*1.000) = 235.47 us  (M/m=256, pt_eff=1.000)
MODEL   base = R/150+W/150 = 139.81 us
MODEL   turn = a*min(R,W) = 0.00574*4194304 = 24.08 us
MODEL   => T_model = 337.56 us
MODEL FEATS [{"name":"bmm","is_reduction":true,"out_elems":2097152,"cores":16,"dtype_bytes":2,"args":[{"name":"op0","role":"output","mem":"hbm","elems":2097152,"broadcast":false,"dims":[1024,16,2,64],"logical":[2,1024,1024],"loop_factor":1},{"name":"arg0_1","role":"input","mem":"hbm","elems":4194304,"broadcast":false,"dims":[1024,32,2,64],"logical":[2,1024,2048],"loop_factor":1},{"name":"arg1_1","role":"input","mem":"hbm","elems":4194304,"broadcast":false,"dims":[2048,16,2,64],"logical":[2,2048,1024],"loop_factor":1}],"reduction_cores":1,"loop_trip":1,"tiles_output_dim":false,"tile_rows_per_core":0.0,"is_matmul":true,"matmul_macs":4294967296,"matmul_rows_per_core":256.0,"matmul_cols_per_core":512.0,"matmul_a_bytes":4194304,"matmul_b_bytes":4194304,"matmul_m_split":4,"matmul_n_split":2,"hbm_pattern":""}]
SUMMARY op=bmm_wd rows=1024 cols=2048 cores=16 tiles=0 lx=1 io_hbm_bytes=20971520 kernel_us=3757.630 pred_us=337.557 err_pct=-91.0 bw_gbps=5.6 memset_us=149.660 other_dev_us=349.796 total_dev_us=4257.086
-- bmm_wd B=4 M=1024 K=2048 N=1024 b=4 m=4 n=2 k=1 (cores=32 M/m=256 N/n=512)
  op_it_space_splits={d0: 4, d1: 4, d2: 2, d3: 1}
  op_it_space_splits={d0: 4, d1: 4, d2: 2, d3: 1}
  op_it_space_splits={d0: 4, d1: 4, d2: 2, d3: 1}
  op_it_space_splits={d0: 4, d1: 4, d2: 2, d3: 1}
  op_it_space_splits={d0: 4, d1: 4, d2: 2, d3: 1}
  op_it_space_splits={d0: 4, d1: 4, d2: 2, d3: 1}
IO -- device-layout I/O (cost model, stick-padded) --
IO   op bmm [reduction]
IO     output op0                    torch [4, 1024, 1024] -> device [1024, 16, 4, 64] in HBM = 4194304 elems x 2B = 8388608 B  (hbm counted: 8388608 B)
IO     input  arg0_1                 torch [4, 1024, 2048] -> device [1024, 32, 4, 64] in HBM = 8388608 elems x 2B = 16777216 B  (hbm counted: 16777216 B)
IO     input  arg1_1                 torch [4, 2048, 1024] -> device [2048, 16, 4, 64] in HBM = 8388608 elems x 2B = 16777216 B  (hbm counted: 16777216 B)
IO   => HBM I/O total = 41943040 B  (lx 0 B, ~free)
MODEL -- estimate (turnaround): T = compute + (R+W)/BW_PEAK + a*min(R,W) --
MODEL   R=33554432 B (read)   W=8388608 B (write)   loop_trip L=1
MODEL   compute = MACs/cores/(mac_peak*pt_eff) = 8589934592/32/(1140*1.000) = 235.47 us  (M/m=256, pt_eff=1.000)
MODEL   base = R/150+W/150 = 279.62 us
MODEL   turn = a*min(R,W) = 0.00574*8388608 = 48.15 us
MODEL   => T_model = 480.09 us
MODEL FEATS [{"name":"bmm","is_reduction":true,"out_elems":4194304,"cores":32,"dtype_bytes":2,"args":[{"name":"op0","role":"output","mem":"hbm","elems":4194304,"broadcast":false,"dims":[1024,16,4,64],"logical":[4,1024,1024],"loop_factor":1},{"name":"arg0_1","role":"input","mem":"hbm","elems":8388608,"broadcast":false,"dims":[1024,32,4,64],"logical":[4,1024,2048],"loop_factor":1},{"name":"arg1_1","role":"input","mem":"hbm","elems":8388608,"broadcast":false,"dims":[2048,16,4,64],"logical":[4,2048,1024],"loop_factor":1}],"reduction_cores":1,"loop_trip":1,"tiles_output_dim":false,"tile_rows_per_core":0.0,"is_matmul":true,"matmul_macs":8589934592,"matmul_rows_per_core":256.0,"matmul_cols_per_core":512.0,"matmul_a_bytes":4194304,"matmul_b_bytes":4194304,"matmul_m_split":4,"matmul_n_split":2,"hbm_pattern":""}]
SUMMARY op=bmm_wd rows=1024 cols=2048 cores=32 tiles=0 lx=1 io_hbm_bytes=41943040 kernel_us=4180.548 pred_us=480.090 err_pct=-88.5 bw_gbps=10.0 memset_us=266.558 other_dev_us=281.809 total_dev_us=4728.915
-- bmm_wd_3d2d B=2 M=1024 K=2048 N=1024 b=2 m=2 n=2 k=1 (cores=8 M/m=512 N/n=512)
  op_it_space_splits={d0: 2, d1: 2, d2: 2, d3: 1}
  op_it_space_splits={d0: 2, d1: 2, d2: 2, d3: 1}
  op_it_space_splits={d0: 2, d1: 2, d2: 2, d3: 1}
  op_it_space_splits={d0: 2, d1: 2, d2: 2, d3: 1}
  op_it_space_splits={d0: 2, d1: 2, d2: 2, d3: 1}
  op_it_space_splits={d0: 2, d1: 2, d2: 2, d3: 1}
IO -- device-layout I/O (cost model, stick-padded) --
IO   op bmm_default [reduction]
IO     output op0                    torch [2, 1024, 1024] -> device [1024, 16, 2, 64] in HBM = 2097152 elems x 2B = 4194304 B  (hbm counted: 4194304 B)
IO     input  arg0_1                 torch [2, 1024, 2048] -> device [1024, 32, 2, 64] in HBM = 4194304 elems x 2B = 8388608 B  (hbm counted: 8388608 B)
IO     input  arg1_1                 torch [2048, 1024] -> device [16, 2048, 64] in HBM = 2097152 elems x 2B = 4194304 B  (hbm counted: 4194304 B) broadcast (loaded once)
IO   => HBM I/O total = 16777216 B  (lx 0 B, ~free)
MODEL -- estimate (turnaround): T = compute + (R+W)/BW_PEAK + a*min(R,W) --
MODEL   R=12582912 B (read)   W=4194304 B (write)   loop_trip L=1
MODEL   compute = MACs/cores/(mac_peak*pt_eff) = 4294967296/8/(1140*1.000) = 470.94 us  (M/m=512, pt_eff=1.000)
MODEL   base = R/150+W/150 = 111.85 us
MODEL   turn = a*min(R,W) = 0.00574*4194304 = 24.08 us
MODEL   => T_model = 571.52 us
MODEL FEATS [{"name":"bmm_default","is_reduction":true,"out_elems":2097152,"cores":8,"dtype_bytes":2,"args":[{"name":"op0","role":"output","mem":"hbm","elems":2097152,"broadcast":false,"dims":[1024,16,2,64],"logical":[2,1024,1024],"loop_factor":1},{"name":"arg0_1","role":"input","mem":"hbm","elems":4194304,"broadcast":false,"dims":[1024,32,2,64],"logical":[2,1024,2048],"loop_factor":1},{"name":"arg1_1","role":"input","mem":"hbm","elems":2097152,"broadcast":true,"dims":[16,2048,64],"logical":[2048,1024],"loop_factor":1}],"reduction_cores":1,"loop_trip":1,"tiles_output_dim":false,"tile_rows_per_core":0.0,"is_matmul":true,"matmul_macs":4294967296,"matmul_rows_per_core":512.0,"matmul_cols_per_core":512.0,"matmul_a_bytes":4194304,"matmul_b_bytes":4194304,"matmul_m_split":2,"matmul_n_split":2,"hbm_pattern":""}]
SUMMARY op=bmm_wd_3d2d rows=1024 cols=2048 cores=8 tiles=0 lx=1 io_hbm_bytes=16777216 kernel_us=1831.075 pred_us=571.517 err_pct=-68.8 bw_gbps=9.2 memset_us=185.769 other_dev_us=340.612 total_dev_us=2357.456
-- bmm_wd_3d2d B=4 M=1024 K=2048 N=1024 b=4 m=2 n=2 k=1 (cores=16 M/m=512 N/n=512)
  op_it_space_splits={d0: 4, d1: 2, d2: 2, d3: 1}
  op_it_space_splits={d0: 4, d1: 2, d2: 2, d3: 1}
  op_it_space_splits={d0: 4, d1: 2, d2: 2, d3: 1}
  op_it_space_splits={d0: 4, d1: 2, d2: 2, d3: 1}
  op_it_space_splits={d0: 4, d1: 2, d2: 2, d3: 1}
  op_it_space_splits={d0: 4, d1: 2, d2: 2, d3: 1}
IO -- device-layout I/O (cost model, stick-padded) --
IO   op bmm_default [reduction]
IO     output op0                    torch [4, 1024, 1024] -> device [1024, 16, 4, 64] in HBM = 4194304 elems x 2B = 8388608 B  (hbm counted: 8388608 B)
IO     input  arg0_1                 torch [4, 1024, 2048] -> device [1024, 32, 4, 64] in HBM = 8388608 elems x 2B = 16777216 B  (hbm counted: 16777216 B)
IO     input  arg1_1                 torch [2048, 1024] -> device [16, 2048, 64] in HBM = 2097152 elems x 2B = 4194304 B  (hbm counted: 4194304 B) broadcast (loaded once)
IO   => HBM I/O total = 29360128 B  (lx 0 B, ~free)
MODEL -- estimate (turnaround): T = compute + (R+W)/BW_PEAK + a*min(R,W) --
MODEL   R=20971520 B (read)   W=8388608 B (write)   loop_trip L=1
MODEL   compute = MACs/cores/(mac_peak*pt_eff) = 8589934592/16/(1140*1.000) = 470.94 us  (M/m=512, pt_eff=1.000)
MODEL   base = R/150+W/150 = 195.73 us
MODEL   turn = a*min(R,W) = 0.00574*8388608 = 48.15 us
MODEL   => T_model = 629.82 us
MODEL FEATS [{"name":"bmm_default","is_reduction":true,"out_elems":4194304,"cores":16,"dtype_bytes":2,"args":[{"name":"op0","role":"output","mem":"hbm","elems":4194304,"broadcast":false,"dims":[1024,16,4,64],"logical":[4,1024,1024],"loop_factor":1},{"name":"arg0_1","role":"input","mem":"hbm","elems":8388608,"broadcast":false,"dims":[1024,32,4,64],"logical":[4,1024,2048],"loop_factor":1},{"name":"arg1_1","role":"input","mem":"hbm","elems":2097152,"broadcast":true,"dims":[16,2048,64],"logical":[2048,1024],"loop_factor":1}],"reduction_cores":1,"loop_trip":1,"tiles_output_dim":false,"tile_rows_per_core":0.0,"is_matmul":true,"matmul_macs":8589934592,"matmul_rows_per_core":512.0,"matmul_cols_per_core":512.0,"matmul_a_bytes":4194304,"matmul_b_bytes":4194304,"matmul_m_split":2,"matmul_n_split":2,"hbm_pattern":""}]
SUMMARY op=bmm_wd_3d2d rows=1024 cols=2048 cores=16 tiles=0 lx=1 io_hbm_bytes=29360128 kernel_us=1878.783 pred_us=629.816 err_pct=-66.5 bw_gbps=15.6 memset_us=249.919 other_dev_us=416.537 total_dev_us=2545.239
-- bmm_wd_3d2d B=8 M=1024 K=2048 N=1024 b=8 m=2 n=2 k=1 (cores=32 M/m=512 N/n=512)
  op_it_space_splits={d0: 8, d1: 2, d2: 2, d3: 1}
  op_it_space_splits={d0: 8, d1: 2, d2: 2, d3: 1}
  op_it_space_splits={d0: 8, d1: 2, d2: 2, d3: 1}
  op_it_space_splits={d0: 8, d1: 2, d2: 2, d3: 1}
  op_it_space_splits={d0: 8, d1: 2, d2: 2, d3: 1}
  op_it_space_splits={d0: 8, d1: 2, d2: 2, d3: 1}
IO -- device-layout I/O (cost model, stick-padded) --
IO   op bmm_default [reduction]
IO     output op0                    torch [8, 1024, 1024] -> device [1024, 16, 8, 64] in HBM = 8388608 elems x 2B = 16777216 B  (hbm counted: 16777216 B)
IO     input  arg0_1                 torch [8, 1024, 2048] -> device [1024, 32, 8, 64] in HBM = 16777216 elems x 2B = 33554432 B  (hbm counted: 33554432 B)
IO     input  arg1_1                 torch [2048, 1024] -> device [16, 2048, 64] in HBM = 2097152 elems x 2B = 4194304 B  (hbm counted: 4194304 B) broadcast (loaded once)
IO   => HBM I/O total = 54525952 B  (lx 0 B, ~free)
MODEL -- estimate (turnaround): T = compute + (R+W)/BW_PEAK + a*min(R,W) --
MODEL   R=37748736 B (read)   W=16777216 B (write)   loop_trip L=1
MODEL   compute = MACs/cores/(mac_peak*pt_eff) = 17179869184/32/(1140*1.000) = 470.94 us  (M/m=512, pt_eff=1.000)
MODEL   base = R/150+W/150 = 363.51 us
MODEL   turn = a*min(R,W) = 0.00574*16777216 = 96.30 us
MODEL   => T_model = 764.45 us
MODEL FEATS [{"name":"bmm_default","is_reduction":true,"out_elems":8388608,"cores":32,"dtype_bytes":2,"args":[{"name":"op0","role":"output","mem":"hbm","elems":8388608,"broadcast":false,"dims":[1024,16,8,64],"logical":[8,1024,1024],"loop_factor":1},{"name":"arg0_1","role":"input","mem":"hbm","elems":16777216,"broadcast":false,"dims":[1024,32,8,64],"logical":[8,1024,2048],"loop_factor":1},{"name":"arg1_1","role":"input","mem":"hbm","elems":2097152,"broadcast":true,"dims":[16,2048,64],"logical":[2048,1024],"loop_factor":1}],"reduction_cores":1,"loop_trip":1,"tiles_output_dim":false,"tile_rows_per_core":0.0,"is_matmul":true,"matmul_macs":17179869184,"matmul_rows_per_core":512.0,"matmul_cols_per_core":512.0,"matmul_a_bytes":4194304,"matmul_b_bytes":4194304,"matmul_m_split":2,"matmul_n_split":2,"hbm_pattern":""}]
SUMMARY op=bmm_wd_3d2d rows=1024 cols=2048 cores=32 tiles=0 lx=1 io_hbm_bytes=54525952 kernel_us=2675.686 pred_us=764.446 err_pct=-71.4 bw_gbps=20.4 memset_us=282.220 other_dev_us=728.601 total_dev_us=3686.507
## BN natural coarse bmm: k-tiling / 3d2d / nested, B=4 1024x2048x1024 + B=8
-- bmm_k_tiling B=4 M=1024 K=2048 N=1024 tiles=1
  op_it_space_splits={d0: 1, d1: 16, d2: 2, d3: 1}
IO -- device-layout I/O (cost model, stick-padded) --
IO   op bmm [reduction]
IO     output op0                    torch [4, 1024, 1024] -> device [1024, 16, 4, 64] in HBM = 4194304 elems x 2B = 8388608 B  (hbm counted: 8388608 B)
IO     input  arg0_1                 torch [4, 1024, 2048] -> device [1024, 32, 4, 64] in HBM = 8388608 elems x 2B = 16777216 B  (hbm counted: 16777216 B)
IO     input  arg1_1                 torch [4, 2048, 1024] -> device [2048, 16, 4, 64] in HBM = 8388608 elems x 2B = 16777216 B  (hbm counted: 16777216 B)
IO   => HBM I/O total = 41943040 B  (lx 0 B, ~free)
MODEL -- estimate (turnaround): T = compute + (R+W)/BW_PEAK + a*min(R,W) --
MODEL   R=33554432 B (read)   W=8388608 B (write)   loop_trip L=1
MODEL   compute = MACs/cores/(mac_peak*pt_eff) = 8589934592/32/(1140*1.000) = 235.47 us  (M/m=64, pt_eff=1.000)
MODEL   base = R/150+W/150 = 279.62 us
MODEL   turn = a*min(R,W) = 0.00574*8388608 = 48.15 us
MODEL   => T_model = 454.92 us
MODEL FEATS [{"name":"bmm","is_reduction":true,"out_elems":4194304,"cores":32,"dtype_bytes":2,"args":[{"name":"op0","role":"output","mem":"hbm","elems":4194304,"broadcast":false,"dims":[1024,16,4,64],"logical":[4,1024,1024],"loop_factor":1},{"name":"arg0_1","role":"input","mem":"hbm","elems":8388608,"broadcast":false,"dims":[1024,32,4,64],"logical":[4,1024,2048],"loop_factor":1},{"name":"arg1_1","role":"input","mem":"hbm","elems":8388608,"broadcast":false,"dims":[2048,16,4,64],"logical":[4,2048,1024],"loop_factor":1}],"reduction_cores":1,"loop_trip":1,"tiles_output_dim":false,"tile_rows_per_core":0.0,"is_matmul":true,"matmul_macs":8589934592,"matmul_rows_per_core":64.0,"matmul_cols_per_core":512.0,"matmul_a_bytes":4194304,"matmul_b_bytes":4194304,"matmul_m_split":16,"matmul_n_split":2,"hbm_pattern":""}]
SUMMARY op=bmm_k_tiling rows=1024 cols=2048 cores=32 tiles=1 lx=1 io_hbm_bytes=41943040 kernel_us=3781.241 pred_us=454.925 err_pct=-88.0 bw_gbps=11.1 memset_us=164.111 other_dev_us=503.913 total_dev_us=4449.265
-- bmm_k_tiling B=4 M=1024 K=2048 N=1024 tiles=2
  op_it_space_splits={d0: 1, d1: 32, d2: 1}
  op_it_space_splits={d0: 1, d1: 16, d2: 2, d3: 1}
  op_it_space_splits={d0: 1, d1: 32, d2: 1}
  op_it_space_splits={d0: 1, d1: 32, d2: 1}
  op_it_space_splits={d0: 1, d1: 16, d2: 2, d3: 1}
  op_it_space_splits={d0: 1, d1: 32, d2: 1}
  op_it_space_splits={d0: 1, d1: 32, d2: 1}
  op_it_space_splits={d0: 1, d1: 16, d2: 2, d3: 1}
  op_it_space_splits={d0: 1, d1: 32, d2: 1}
  op_it_space_splits={d0: 1, d1: 32, d2: 1}
  op_it_space_splits={d0: 1, d1: 16, d2: 2, d3: 1}
  op_it_space_splits={d0: 1, d1: 32, d2: 1}
  op_it_space_splits={d0: 1, d1: 32, d2: 1}
  op_it_space_splits={d0: 1, d1: 16, d2: 2, d3: 1}
  op_it_space_splits={d0: 1, d1: 32, d2: 1}
  op_it_space_splits={d0: 1, d1: 32, d2: 1}
  op_it_space_splits={d0: 1, d1: 16, d2: 2, d3: 1}
  op_it_space_splits={d0: 1, d1: 32, d2: 1}
IO -- device-layout I/O (cost model, stick-padded) --
IO   op Pointwise
IO     output coarse_tile_fill_buf0  torch [4, 1024, 1024] -> device [4, 1024, 1024] in HBM = 4194304 elems x 2B = 8388608 B  (hbm counted: 8388608 B)
IO     input  buf2                   device [1, 64] in HBM = 64 elems x 2B = 128 B  (hbm counted: 128 B) broadcast (loaded once)
IO   op bmm [reduction]
IO     output op0                    torch [4, 1024, 1024] -> device [1024, 16, 4, 64] in HBM = 4194304 elems x 2B = 8388608 B  (hbm counted: 16777216 B) xL=2
IO     input  arg0_1                 torch [4, 1024, 2048] -> device [1024, 32, 4, 64] in HBM = 8388608 elems x 2B = 16777216 B  (hbm counted: 16777216 B)
IO     input  arg1_1                 torch [4, 2048, 1024] -> device [2048, 16, 4, 64] in HBM = 8388608 elems x 2B = 16777216 B  (hbm counted: 16777216 B)
IO   op Pointwise
IO     output coarse_tile_combine_buf0 torch [4, 1024, 1024] -> device [4, 1024, 1024] in HBM = 4194304 elems x 2B = 8388608 B  (hbm counted: 16777216 B) xL=2
IO     input  buf0                   torch [4, 1024, 1024] -> device [1024, 16, 4, 64] in HBM = 4194304 elems x 2B = 8388608 B  (hbm counted: 16777216 B) xL=2
IO     input  buf1                   torch [4, 1024, 1024] -> device [1024, 16, 4, 64] in HBM = 4194304 elems x 2B = 8388608 B  (hbm counted: 16777216 B) xL=2
IO   => HBM I/O total = 109052032 B  (lx 0 B, ~free)
MODEL -- estimate (turnaround): T = compute + (R+W)/BW_PEAK + a*min(R,W) --
MODEL   R=67108992 B (read)   W=41943040 B (write)   loop_trip L=2
MODEL   compute = MACs/cores/(mac_peak*pt_eff) = 4294967296/32/(1140*1.000) = 117.73 us  (M/m=64, pt_eff=1.000)
MODEL   base = R/150+W/150 = 727.01 us
MODEL   turn = a*min(R,W) = 0.00574*41943040 = 240.75 us
MODEL   => T_model = 1031.74 us
MODEL FEATS [{"name":"Pointwise","is_reduction":false,"out_elems":4194304,"cores":32,"dtype_bytes":2,"args":[{"name":"coarse_tile_fill_buf0","role":"output","mem":"hbm","elems":4194304,"broadcast":false,"dims":[4,1024,1024],"logical":[4,1024,1024],"loop_factor":1},{"name":"buf2","role":"input","mem":"hbm","elems":64,"broadcast":true,"dims":[1,64],"logical":[],"loop_factor":1}],"reduction_cores":1,"loop_trip":1,"tiles_output_dim":false,"tile_rows_per_core":0.0,"is_matmul":false,"matmul_macs":0,"matmul_rows_per_core":0.0,"matmul_cols_per_core":0.0,"matmul_a_bytes":0,"matmul_b_bytes":0,"matmul_m_split":1,"matmul_n_split":1,"hbm_pattern":""},{"name":"bmm","is_reduction":true,"out_elems":4194304,"cores":32,"dtype_bytes":2,"args":[{"name":"op0","role":"output","mem":"hbm","elems":4194304,"broadcast":false,"dims":[1024,16,4,64],"logical":[4,1024,1024],"loop_factor":2},{"name":"arg0_1","role":"input","mem":"hbm","elems":8388608,"broadcast":false,"dims":[1024,32,4,64],"logical":[4,1024,2048],"loop_factor":1},{"name":"arg1_1","role":"input","mem":"hbm","elems":8388608,"broadcast":false,"dims":[2048,16,4,64],"logical":[4,2048,1024],"loop_factor":1}],"reduction_cores":1,"loop_trip":2,"tiles_output_dim":false,"tile_rows_per_core":0.0,"is_matmul":true,"matmul_macs":4294967296,"matmul_rows_per_core":64.0,"matmul_cols_per_core":512.0,"matmul_a_bytes":2097152,"matmul_b_bytes":2097152,"matmul_m_split":16,"matmul_n_split":2,"hbm_pattern":""},{"name":"Pointwise","is_reduction":false,"out_elems":4194304,"cores":32,"dtype_bytes":2,"args":[{"name":"coarse_tile_combine_buf0","role":"output","mem":"hbm","elems":4194304,"broadcast":false,"dims":[4,1024,1024],"logical":[4,1024,1024],"loop_factor":2},{"name":"buf0","role":"input","mem":"hbm","elems":4194304,"broadcast":false,"dims":[1024,16,4,64],"logical":[4,1024,1024],"loop_factor":2},{"name":"buf1","role":"input","mem":"hbm","elems":4194304,"broadcast":false,"dims":[1024,16,4,64],"logical":[4,1024,1024],"loop_factor":2}],"reduction_cores":1,"loop_trip":2,"tiles_output_dim":false,"tile_rows_per_core":0.0,"is_matmul":false,"matmul_macs":0,"matmul_rows_per_core":0.0,"matmul_cols_per_core":0.0,"matmul_a_bytes":0,"matmul_b_bytes":0,"matmul_m_split":1,"matmul_n_split":1,"hbm_pattern":""}]
SUMMARY op=bmm_k_tiling rows=1024 cols=2048 cores=32 tiles=2 lx=1 io_hbm_bytes=109052032 kernel_us=4400.453 pred_us=1031.737 err_pct=-76.6 bw_gbps=24.8 memset_us=300.811 other_dev_us=472.075 total_dev_us=5173.339
-- bmm_k_tiling B=4 M=1024 K=2048 N=1024 tiles=4
  op_it_space_splits={d0: 1, d1: 32, d2: 1}
  op_it_space_splits={d0: 1, d1: 16, d2: 2, d3: 1}
  op_it_space_splits={d0: 1, d1: 32, d2: 1}
  op_it_space_splits={d0: 1, d1: 32, d2: 1}
  op_it_space_splits={d0: 1, d1: 16, d2: 2, d3: 1}
  op_it_space_splits={d0: 1, d1: 32, d2: 1}
  op_it_space_splits={d0: 1, d1: 32, d2: 1}
  op_it_space_splits={d0: 1, d1: 16, d2: 2, d3: 1}
  op_it_space_splits={d0: 1, d1: 32, d2: 1}
  op_it_space_splits={d0: 1, d1: 32, d2: 1}
  op_it_space_splits={d0: 1, d1: 16, d2: 2, d3: 1}
  op_it_space_splits={d0: 1, d1: 32, d2: 1}
  op_it_space_splits={d0: 1, d1: 32, d2: 1}
  op_it_space_splits={d0: 1, d1: 16, d2: 2, d3: 1}
  op_it_space_splits={d0: 1, d1: 32, d2: 1}
  op_it_space_splits={d0: 1, d1: 32, d2: 1}
  op_it_space_splits={d0: 1, d1: 16, d2: 2, d3: 1}
  op_it_space_splits={d0: 1, d1: 32, d2: 1}
IO -- device-layout I/O (cost model, stick-padded) --
IO   op Pointwise
IO     output coarse_tile_fill_buf0  torch [4, 1024, 1024] -> device [4, 1024, 1024] in HBM = 4194304 elems x 2B = 8388608 B  (hbm counted: 8388608 B)
IO     input  buf2                   device [1, 64] in HBM = 64 elems x 2B = 128 B  (hbm counted: 128 B) broadcast (loaded once)
IO   op bmm [reduction]
IO     output op0                    torch [4, 1024, 1024] -> device [1024, 16, 4, 64] in HBM = 4194304 elems x 2B = 8388608 B  (hbm counted: 33554432 B) xL=4
IO     input  arg0_1                 torch [4, 1024, 2048] -> device [1024, 32, 4, 64] in HBM = 8388608 elems x 2B = 16777216 B  (hbm counted: 16777216 B)
IO     input  arg1_1                 torch [4, 2048, 1024] -> device [2048, 16, 4, 64] in HBM = 8388608 elems x 2B = 16777216 B  (hbm counted: 16777216 B)
IO   op Pointwise
IO     output coarse_tile_combine_buf0 torch [4, 1024, 1024] -> device [4, 1024, 1024] in HBM = 4194304 elems x 2B = 8388608 B  (hbm counted: 33554432 B) xL=4
IO     input  buf0                   torch [4, 1024, 1024] -> device [1024, 16, 4, 64] in HBM = 4194304 elems x 2B = 8388608 B  (hbm counted: 33554432 B) xL=4
IO     input  buf1                   torch [4, 1024, 1024] -> device [1024, 16, 4, 64] in HBM = 4194304 elems x 2B = 8388608 B  (hbm counted: 33554432 B) xL=4
IO   => HBM I/O total = 176160896 B  (lx 0 B, ~free)
MODEL -- estimate (turnaround): T = compute + (R+W)/BW_PEAK + a*min(R,W) --
MODEL   R=100663424 B (read)   W=75497472 B (write)   loop_trip L=4
MODEL   compute = MACs/cores/(mac_peak*pt_eff) = 2147483648/32/(1140*1.000) = 58.87 us  (M/m=64, pt_eff=1.000)
MODEL   base = R/150+W/150 = 1174.41 us
MODEL   turn = a*min(R,W) = 0.00574*75497472 = 433.36 us
MODEL   => T_model = 1639.94 us
MODEL FEATS [{"name":"Pointwise","is_reduction":false,"out_elems":4194304,"cores":32,"dtype_bytes":2,"args":[{"name":"coarse_tile_fill_buf0","role":"output","mem":"hbm","elems":4194304,"broadcast":false,"dims":[4,1024,1024],"logical":[4,1024,1024],"loop_factor":1},{"name":"buf2","role":"input","mem":"hbm","elems":64,"broadcast":true,"dims":[1,64],"logical":[],"loop_factor":1}],"reduction_cores":1,"loop_trip":1,"tiles_output_dim":false,"tile_rows_per_core":0.0,"is_matmul":false,"matmul_macs":0,"matmul_rows_per_core":0.0,"matmul_cols_per_core":0.0,"matmul_a_bytes":0,"matmul_b_bytes":0,"matmul_m_split":1,"matmul_n_split":1,"hbm_pattern":""},{"name":"bmm","is_reduction":true,"out_elems":4194304,"cores":32,"dtype_bytes":2,"args":[{"name":"op0","role":"output","mem":"hbm","elems":4194304,"broadcast":false,"dims":[1024,16,4,64],"logical":[4,1024,1024],"loop_factor":4},{"name":"arg0_1","role":"input","mem":"hbm","elems":8388608,"broadcast":false,"dims":[1024,32,4,64],"logical":[4,1024,2048],"loop_factor":1},{"name":"arg1_1","role":"input","mem":"hbm","elems":8388608,"broadcast":false,"dims":[2048,16,4,64],"logical":[4,2048,1024],"loop_factor":1}],"reduction_cores":1,"loop_trip":4,"tiles_output_dim":false,"tile_rows_per_core":0.0,"is_matmul":true,"matmul_macs":2147483648,"matmul_rows_per_core":64.0,"matmul_cols_per_core":512.0,"matmul_a_bytes":1048576,"matmul_b_bytes":1048576,"matmul_m_split":16,"matmul_n_split":2,"hbm_pattern":""},{"name":"Pointwise","is_reduction":false,"out_elems":4194304,"cores":32,"dtype_bytes":2,"args":[{"name":"coarse_tile_combine_buf0","role":"output","mem":"hbm","elems":4194304,"broadcast":false,"dims":[4,1024,1024],"logical":[4,1024,1024],"loop_factor":4},{"name":"buf0","role":"input","mem":"hbm","elems":4194304,"broadcast":false,"dims":[1024,16,4,64],"logical":[4,1024,1024],"loop_factor":4},{"name":"buf1","role":"input","mem":"hbm","elems":4194304,"broadcast":false,"dims":[1024,16,4,64],"logical":[4,1024,1024],"loop_factor":4}],"reduction_cores":1,"loop_trip":4,"tiles_output_dim":false,"tile_rows_per_core":0.0,"is_matmul":false,"matmul_macs":0,"matmul_rows_per_core":0.0,"matmul_cols_per_core":0.0,"matmul_a_bytes":0,"matmul_b_bytes":0,"matmul_m_split":1,"matmul_n_split":1,"hbm_pattern":""}]
SUMMARY op=bmm_k_tiling rows=1024 cols=2048 cores=32 tiles=4 lx=1 io_hbm_bytes=176160896 kernel_us=4957.513 pred_us=1639.943 err_pct=-66.9 bw_gbps=35.5 memset_us=306.545 other_dev_us=632.714 total_dev_us=5896.772
-- bmm_k_tiling B=4 M=1024 K=2048 N=1024 tiles=8
  op_it_space_splits={d0: 1, d1: 32, d2: 1}
  op_it_space_splits={d0: 1, d1: 16, d2: 2, d3: 1}
  op_it_space_splits={d0: 1, d1: 32, d2: 1}
  op_it_space_splits={d0: 1, d1: 32, d2: 1}
  op_it_space_splits={d0: 1, d1: 16, d2: 2, d3: 1}
  op_it_space_splits={d0: 1, d1: 32, d2: 1}
  op_it_space_splits={d0: 1, d1: 32, d2: 1}
  op_it_space_splits={d0: 1, d1: 16, d2: 2, d3: 1}
  op_it_space_splits={d0: 1, d1: 32, d2: 1}
  op_it_space_splits={d0: 1, d1: 32, d2: 1}
  op_it_space_splits={d0: 1, d1: 16, d2: 2, d3: 1}
  op_it_space_splits={d0: 1, d1: 32, d2: 1}
  op_it_space_splits={d0: 1, d1: 32, d2: 1}
  op_it_space_splits={d0: 1, d1: 16, d2: 2, d3: 1}
  op_it_space_splits={d0: 1, d1: 32, d2: 1}
  op_it_space_splits={d0: 1, d1: 32, d2: 1}
  op_it_space_splits={d0: 1, d1: 16, d2: 2, d3: 1}
  op_it_space_splits={d0: 1, d1: 32, d2: 1}
IO -- device-layout I/O (cost model, stick-padded) --
IO   op Pointwise
IO     output coarse_tile_fill_buf0  torch [4, 1024, 1024] -> device [4, 1024, 1024] in HBM = 4194304 elems x 2B = 8388608 B  (hbm counted: 8388608 B)
IO     input  buf2                   device [1, 64] in HBM = 64 elems x 2B = 128 B  (hbm counted: 128 B) broadcast (loaded once)
IO   op bmm [reduction]
IO     output op0                    torch [4, 1024, 1024] -> device [1024, 16, 4, 64] in HBM = 4194304 elems x 2B = 8388608 B  (hbm counted: 67108864 B) xL=8
IO     input  arg0_1                 torch [4, 1024, 2048] -> device [1024, 32, 4, 64] in HBM = 8388608 elems x 2B = 16777216 B  (hbm counted: 16777216 B)
IO     input  arg1_1                 torch [4, 2048, 1024] -> device [2048, 16, 4, 64] in HBM = 8388608 elems x 2B = 16777216 B  (hbm counted: 16777216 B)
IO   op Pointwise
IO     output coarse_tile_combine_buf0 torch [4, 1024, 1024] -> device [4, 1024, 1024] in HBM = 4194304 elems x 2B = 8388608 B  (hbm counted: 67108864 B) xL=8
IO     input  buf0                   torch [4, 1024, 1024] -> device [1024, 16, 4, 64] in HBM = 4194304 elems x 2B = 8388608 B  (hbm counted: 67108864 B) xL=8
IO     input  buf1                   torch [4, 1024, 1024] -> device [1024, 16, 4, 64] in HBM = 4194304 elems x 2B = 8388608 B  (hbm counted: 67108864 B) xL=8
IO   => HBM I/O total = 310378624 B  (lx 0 B, ~free)
MODEL -- estimate (turnaround): T = compute + (R+W)/BW_PEAK + a*min(R,W) --
MODEL   R=167772288 B (read)   W=142606336 B (write)   loop_trip L=8
MODEL   compute = MACs/cores/(mac_peak*pt_eff) = 1073741824/32/(1140*1.000) = 29.43 us  (M/m=64, pt_eff=1.000)
MODEL   base = R/150+W/150 = 2069.19 us
MODEL   turn = a*min(R,W) = 0.00574*142606336 = 818.56 us
MODEL   => T_model = 2904.04 us
MODEL FEATS [{"name":"Pointwise","is_reduction":false,"out_elems":4194304,"cores":32,"dtype_bytes":2,"args":[{"name":"coarse_tile_fill_buf0","role":"output","mem":"hbm","elems":4194304,"broadcast":false,"dims":[4,1024,1024],"logical":[4,1024,1024],"loop_factor":1},{"name":"buf2","role":"input","mem":"hbm","elems":64,"broadcast":true,"dims":[1,64],"logical":[],"loop_factor":1}],"reduction_cores":1,"loop_trip":1,"tiles_output_dim":false,"tile_rows_per_core":0.0,"is_matmul":false,"matmul_macs":0,"matmul_rows_per_core":0.0,"matmul_cols_per_core":0.0,"matmul_a_bytes":0,"matmul_b_bytes":0,"matmul_m_split":1,"matmul_n_split":1,"hbm_pattern":""},{"name":"bmm","is_reduction":true,"out_elems":4194304,"cores":32,"dtype_bytes":2,"args":[{"name":"op0","role":"output","mem":"hbm","elems":4194304,"broadcast":false,"dims":[1024,16,4,64],"logical":[4,1024,1024],"loop_factor":8},{"name":"arg0_1","role":"input","mem":"hbm","elems":8388608,"broadcast":false,"dims":[1024,32,4,64],"logical":[4,1024,2048],"loop_factor":1},{"name":"arg1_1","role":"input","mem":"hbm","elems":8388608,"broadcast":false,"dims":[2048,16,4,64],"logical":[4,2048,1024],"loop_factor":1}],"reduction_cores":1,"loop_trip":8,"tiles_output_dim":false,"tile_rows_per_core":0.0,"is_matmul":true,"matmul_macs":1073741824,"matmul_rows_per_core":64.0,"matmul_cols_per_core":512.0,"matmul_a_bytes":524288,"matmul_b_bytes":524288,"matmul_m_split":16,"matmul_n_split":2,"hbm_pattern":""},{"name":"Pointwise","is_reduction":false,"out_elems":4194304,"cores":32,"dtype_bytes":2,"args":[{"name":"coarse_tile_combine_buf0","role":"output","mem":"hbm","elems":4194304,"broadcast":false,"dims":[4,1024,1024],"logical":[4,1024,1024],"loop_factor":8},{"name":"buf0","role":"input","mem":"hbm","elems":4194304,"broadcast":false,"dims":[1024,16,4,64],"logical":[4,1024,1024],"loop_factor":8},{"name":"buf1","role":"input","mem":"hbm","elems":4194304,"broadcast":false,"dims":[1024,16,4,64],"logical":[4,1024,1024],"loop_factor":8}],"reduction_cores":1,"loop_trip":8,"tiles_output_dim":false,"tile_rows_per_core":0.0,"is_matmul":false,"matmul_macs":0,"matmul_rows_per_core":0.0,"matmul_cols_per_core":0.0,"matmul_a_bytes":0,"matmul_b_bytes":0,"matmul_m_split":1,"matmul_n_split":1,"hbm_pattern":""}]
SUMMARY op=bmm_k_tiling rows=1024 cols=2048 cores=32 tiles=8 lx=1 io_hbm_bytes=310378624 kernel_us=6105.887 pred_us=2904.039 err_pct=-52.4 bw_gbps=50.8 memset_us=373.269 other_dev_us=506.534 total_dev_us=6985.690
-- bmm_k_tiling B=4 M=1024 K=2048 N=1024 tiles=16
  op_it_space_splits={d0: 1, d1: 32, d2: 1}
  op_it_space_splits={d0: 1, d1: 16, d2: 2, d3: 1}
  op_it_space_splits={d0: 1, d1: 32, d2: 1}
  op_it_space_splits={d0: 1, d1: 32, d2: 1}
  op_it_space_splits={d0: 1, d1: 16, d2: 2, d3: 1}
  op_it_space_splits={d0: 1, d1: 32, d2: 1}
  op_it_space_splits={d0: 1, d1: 32, d2: 1}
  op_it_space_splits={d0: 1, d1: 16, d2: 2, d3: 1}
  op_it_space_splits={d0: 1, d1: 32, d2: 1}
  op_it_space_splits={d0: 1, d1: 32, d2: 1}
  op_it_space_splits={d0: 1, d1: 16, d2: 2, d3: 1}
  op_it_space_splits={d0: 1, d1: 32, d2: 1}
  op_it_space_splits={d0: 1, d1: 32, d2: 1}
  op_it_space_splits={d0: 1, d1: 16, d2: 2, d3: 1}
  op_it_space_splits={d0: 1, d1: 32, d2: 1}
  op_it_space_splits={d0: 1, d1: 32, d2: 1}
  op_it_space_splits={d0: 1, d1: 16, d2: 2, d3: 1}
  op_it_space_splits={d0: 1, d1: 32, d2: 1}
IO -- device-layout I/O (cost model, stick-padded) --
IO   op Pointwise
IO     output coarse_tile_fill_buf0  torch [4, 1024, 1024] -> device [4, 1024, 1024] in HBM = 4194304 elems x 2B = 8388608 B  (hbm counted: 8388608 B)
IO     input  buf2                   device [1, 64] in HBM = 64 elems x 2B = 128 B  (hbm counted: 128 B) broadcast (loaded once)
IO   op bmm [reduction]
IO     output op0                    torch [4, 1024, 1024] -> device [1024, 16, 4, 64] in HBM = 4194304 elems x 2B = 8388608 B  (hbm counted: 134217728 B) xL=16
IO     input  arg0_1                 torch [4, 1024, 2048] -> device [1024, 32, 4, 64] in HBM = 8388608 elems x 2B = 16777216 B  (hbm counted: 16777216 B)
IO     input  arg1_1                 torch [4, 2048, 1024] -> device [2048, 16, 4, 64] in HBM = 8388608 elems x 2B = 16777216 B  (hbm counted: 16777216 B)
IO   op Pointwise
IO     output coarse_tile_combine_buf0 torch [4, 1024, 1024] -> device [4, 1024, 1024] in HBM = 4194304 elems x 2B = 8388608 B  (hbm counted: 134217728 B) xL=16
IO     input  buf0                   torch [4, 1024, 1024] -> device [1024, 16, 4, 64] in HBM = 4194304 elems x 2B = 8388608 B  (hbm counted: 134217728 B) xL=16
IO     input  buf1                   torch [4, 1024, 1024] -> device [1024, 16, 4, 64] in HBM = 4194304 elems x 2B = 8388608 B  (hbm counted: 134217728 B) xL=16
IO   => HBM I/O total = 578814080 B  (lx 0 B, ~free)
MODEL -- estimate (turnaround): T = compute + (R+W)/BW_PEAK + a*min(R,W) --
MODEL   R=301990016 B (read)   W=276824064 B (write)   loop_trip L=16
MODEL   compute = MACs/cores/(mac_peak*pt_eff) = 536870912/32/(1140*1.000) = 14.72 us  (M/m=64, pt_eff=1.000)
MODEL   base = R/150+W/150 = 3858.76 us
MODEL   turn = a*min(R,W) = 0.00574*276824064 = 1588.97 us
MODEL   => T_model = 5456.07 us
MODEL FEATS [{"name":"Pointwise","is_reduction":false,"out_elems":4194304,"cores":32,"dtype_bytes":2,"args":[{"name":"coarse_tile_fill_buf0","role":"output","mem":"hbm","elems":4194304,"broadcast":false,"dims":[4,1024,1024],"logical":[4,1024,1024],"loop_factor":1},{"name":"buf2","role":"input","mem":"hbm","elems":64,"broadcast":true,"dims":[1,64],"logical":[],"loop_factor":1}],"reduction_cores":1,"loop_trip":1,"tiles_output_dim":false,"tile_rows_per_core":0.0,"is_matmul":false,"matmul_macs":0,"matmul_rows_per_core":0.0,"matmul_cols_per_core":0.0,"matmul_a_bytes":0,"matmul_b_bytes":0,"matmul_m_split":1,"matmul_n_split":1,"hbm_pattern":""},{"name":"bmm","is_reduction":true,"out_elems":4194304,"cores":32,"dtype_bytes":2,"args":[{"name":"op0","role":"output","mem":"hbm","elems":4194304,"broadcast":false,"dims":[1024,16,4,64],"logical":[4,1024,1024],"loop_factor":16},{"name":"arg0_1","role":"input","mem":"hbm","elems":8388608,"broadcast":false,"dims":[1024,32,4,64],"logical":[4,1024,2048],"loop_factor":1},{"name":"arg1_1","role":"input","mem":"hbm","elems":8388608,"broadcast":false,"dims":[2048,16,4,64],"logical":[4,2048,1024],"loop_factor":1}],"reduction_cores":1,"loop_trip":16,"tiles_output_dim":false,"tile_rows_per_core":0.0,"is_matmul":true,"matmul_macs":536870912,"matmul_rows_per_core":64.0,"matmul_cols_per_core":512.0,"matmul_a_bytes":262144,"matmul_b_bytes":262144,"matmul_m_split":16,"matmul_n_split":2,"hbm_pattern":""},{"name":"Pointwise","is_reduction":false,"out_elems":4194304,"cores":32,"dtype_bytes":2,"args":[{"name":"coarse_tile_combine_buf0","role":"output","mem":"hbm","elems":4194304,"broadcast":false,"dims":[4,1024,1024],"logical":[4,1024,1024],"loop_factor":16},{"name":"buf0","role":"input","mem":"hbm","elems":4194304,"broadcast":false,"dims":[1024,16,4,64],"logical":[4,1024,1024],"loop_factor":16},{"name":"buf1","role":"input","mem":"hbm","elems":4194304,"broadcast":false,"dims":[1024,16,4,64],"logical":[4,1024,1024],"loop_factor":16}],"reduction_cores":1,"loop_trip":16,"tiles_output_dim":false,"tile_rows_per_core":0.0,"is_matmul":false,"matmul_macs":0,"matmul_rows_per_core":0.0,"matmul_cols_per_core":0.0,"matmul_a_bytes":0,"matmul_b_bytes":0,"matmul_m_split":1,"matmul_n_split":1,"hbm_pattern":""}]
SUMMARY op=bmm_k_tiling rows=1024 cols=2048 cores=32 tiles=16 lx=1 io_hbm_bytes=578814080 kernel_us=8339.462 pred_us=5456.071 err_pct=-34.6 bw_gbps=69.4 memset_us=861.705 other_dev_us=536.294 total_dev_us=9737.461
-- bmm_nested_b_k B=4 M=1024 K=2048 N=1024 tiles=1
  op_it_space_splits={d0: 1, d1: 16, d2: 2, d3: 1}
IO -- device-layout I/O (cost model, stick-padded) --
IO   op bmm [reduction]
IO     output op0                    torch [4, 1024, 1024] -> device [1024, 16, 4, 64] in HBM = 4194304 elems x 2B = 8388608 B  (hbm counted: 8388608 B)
IO     input  arg0_1                 torch [4, 1024, 2048] -> device [1024, 32, 4, 64] in HBM = 8388608 elems x 2B = 16777216 B  (hbm counted: 16777216 B)
IO     input  arg1_1                 torch [4, 2048, 1024] -> device [2048, 16, 4, 64] in HBM = 8388608 elems x 2B = 16777216 B  (hbm counted: 16777216 B)
IO   => HBM I/O total = 41943040 B  (lx 0 B, ~free)
MODEL -- estimate (turnaround): T = compute + (R+W)/BW_PEAK + a*min(R,W) --
MODEL   R=33554432 B (read)   W=8388608 B (write)   loop_trip L=1
MODEL   compute = MACs/cores/(mac_peak*pt_eff) = 8589934592/32/(1140*1.000) = 235.47 us  (M/m=64, pt_eff=1.000)
MODEL   base = R/150+W/150 = 279.62 us
MODEL   turn = a*min(R,W) = 0.00574*8388608 = 48.15 us
MODEL   => T_model = 454.92 us
MODEL FEATS [{"name":"bmm","is_reduction":true,"out_elems":4194304,"cores":32,"dtype_bytes":2,"args":[{"name":"op0","role":"output","mem":"hbm","elems":4194304,"broadcast":false,"dims":[1024,16,4,64],"logical":[4,1024,1024],"loop_factor":1},{"name":"arg0_1","role":"input","mem":"hbm","elems":8388608,"broadcast":false,"dims":[1024,32,4,64],"logical":[4,1024,2048],"loop_factor":1},{"name":"arg1_1","role":"input","mem":"hbm","elems":8388608,"broadcast":false,"dims":[2048,16,4,64],"logical":[4,2048,1024],"loop_factor":1}],"reduction_cores":1,"loop_trip":1,"tiles_output_dim":false,"tile_rows_per_core":0.0,"is_matmul":true,"matmul_macs":8589934592,"matmul_rows_per_core":64.0,"matmul_cols_per_core":512.0,"matmul_a_bytes":4194304,"matmul_b_bytes":4194304,"matmul_m_split":16,"matmul_n_split":2,"hbm_pattern":""}]
SUMMARY op=bmm_nested_b_k rows=1024 cols=2048 cores=32 tiles=1 lx=1 io_hbm_bytes=41943040 kernel_us=3802.595 pred_us=454.925 err_pct=-88.0 bw_gbps=11.0 memset_us=215.594 other_dev_us=588.724 total_dev_us=4606.913
-- bmm_nested_b_k B=4 M=1024 K=2048 N=1024 tiles=2
  op_it_space_splits={d0: 1, d1: 32, d2: 1}
  op_it_space_splits={d0: 1, d1: 16, d2: 2, d3: 1}
  op_it_space_splits={d0: 1, d1: 32, d2: 1}
  op_it_space_splits={d0: 1, d1: 32, d2: 1}
  op_it_space_splits={d0: 1, d1: 32, d2: 1}
  op_it_space_splits={d0: 1, d1: 16, d2: 2, d3: 1}
  op_it_space_splits={d0: 1, d1: 32, d2: 1}
  op_it_space_splits={d0: 1, d1: 32, d2: 1}
  op_it_space_splits={d0: 1, d1: 32, d2: 1}
  op_it_space_splits={d0: 1, d1: 16, d2: 2, d3: 1}
  op_it_space_splits={d0: 1, d1: 32, d2: 1}
  op_it_space_splits={d0: 1, d1: 32, d2: 1}
  op_it_space_splits={d0: 1, d1: 32, d2: 1}
  op_it_space_splits={d0: 1, d1: 16, d2: 2, d3: 1}
  op_it_space_splits={d0: 1, d1: 32, d2: 1}
  op_it_space_splits={d0: 1, d1: 32, d2: 1}
  op_it_space_splits={d0: 1, d1: 32, d2: 1}
  op_it_space_splits={d0: 1, d1: 16, d2: 2, d3: 1}
  op_it_space_splits={d0: 1, d1: 32, d2: 1}
  op_it_space_splits={d0: 1, d1: 32, d2: 1}
  op_it_space_splits={d0: 1, d1: 32, d2: 1}
  op_it_space_splits={d0: 1, d1: 16, d2: 2, d3: 1}
  op_it_space_splits={d0: 1, d1: 32, d2: 1}
  op_it_space_splits={d0: 1, d1: 32, d2: 1}
IO -- device-layout I/O (cost model, stick-padded) --
IO   op Pointwise
IO     output coarse_tile_fill_buf0  torch [2, 1024, 1024] -> device [2, 1024, 1024] in HBM = 2097152 elems x 2B = 4194304 B  (hbm counted: 4194304 B)
IO     input  buf3                   device [1, 64] in HBM = 64 elems x 2B = 128 B  (hbm counted: 128 B) broadcast (loaded once)
IO   op bmm [reduction]
IO     output op0                    torch [2, 1024, 1024] -> device [1024, 16, 2, 64] in HBM = 2097152 elems x 2B = 4194304 B  (hbm counted: 4194304 B)
IO     input  arg0_1                 torch [4, 1024, 2048] -> device [1024, 32, 4, 64] in HBM = 8388608 elems x 2B = 16777216 B  (hbm counted: 16777216 B)
IO     input  arg1_1                 torch [4, 2048, 1024] -> device [2048, 16, 4, 64] in HBM = 8388608 elems x 2B = 16777216 B  (hbm counted: 16777216 B)
IO   op Pointwise
IO     output coarse_tile_combine_buf0 torch [2, 1024, 1024] -> device [2, 1024, 1024] in HBM = 2097152 elems x 2B = 4194304 B  (hbm counted: 4194304 B)
IO     input  buf0                   torch [2, 1024, 1024] -> device [1024, 16, 2, 64] in HBM = 2097152 elems x 2B = 4194304 B  (hbm counted: 4194304 B)
IO     input  buf2                   torch [2, 1024, 1024] -> device [1024, 16, 2, 64] in HBM = 2097152 elems x 2B = 4194304 B  (hbm counted: 4194304 B)
IO   op Pointwise
IO     output coarse_tile_reduce_copy_buf0 torch [4, 1024, 1024] -> device [4, 1024, 1024] in HBM = 4194304 elems x 2B = 8388608 B  (hbm counted: 8388608 B)
IO     input  buf2                   torch [2, 1024, 1024] -> device [1024, 16, 2, 64] in HBM = 2097152 elems x 2B = 4194304 B  (hbm counted: 4194304 B)
IO   => HBM I/O total = 67108992 B  (lx 0 B, ~free)
MODEL -- estimate (turnaround): T = compute + [(R+W)/BW_PEAK + a*min(R,W)] / eff_underfill --
MODEL   R=46137472 B (read)   W=20971520 B (write)   loop_trip L=4
MODEL   compute = MACs/cores/(mac_peak*pt_eff) = 2147483648/32/(1140*1.000) = 58.87 us  (M/m=64, pt_eff=1.000)
MODEL   base = R/150+W/150 = 447.39 us
MODEL   turn = a*min(R,W) = 0.00574*20971520 = 120.38 us
MODEL   eff_underfill = min(0.95,(0.5/13)**0.68) = 0.109 -> (base+turn)/eff = 5204.20 us
MODEL   => T_model = 5239.60 us
MODEL FEATS [{"name":"Pointwise","is_reduction":false,"out_elems":2097152,"cores":32,"dtype_bytes":2,"args":[{"name":"coarse_tile_fill_buf0","role":"output","mem":"hbm","elems":2097152,"broadcast":false,"dims":[2,1024,1024],"logical":[2,1024,1024],"loop_factor":1},{"name":"buf3","role":"input","mem":"hbm","elems":64,"broadcast":true,"dims":[1,64],"logical":[],"loop_factor":1}],"reduction_cores":1,"loop_trip":2,"tiles_output_dim":true,"tile_rows_per_core":512,"is_matmul":false,"matmul_macs":0,"matmul_rows_per_core":0.0,"matmul_cols_per_core":0.0,"matmul_a_bytes":0,"matmul_b_bytes":0,"matmul_m_split":1,"matmul_n_split":1,"hbm_pattern":""},{"name":"bmm","is_reduction":true,"out_elems":2097152,"cores":32,"dtype_bytes":2,"args":[{"name":"op0","role":"output","mem":"hbm","elems":2097152,"broadcast":false,"dims":[1024,16,2,64],"logical":[2,1024,1024],"loop_factor":1},{"name":"arg0_1","role":"input","mem":"hbm","elems":8388608,"broadcast":false,"dims":[1024,32,4,64],"logical":[4,1024,2048],"loop_factor":1},{"name":"arg1_1","role":"input","mem":"hbm","elems":8388608,"broadcast":false,"dims":[2048,16,4,64],"logical":[4,2048,1024],"loop_factor":1}],"reduction_cores":1,"loop_trip":4,"tiles_output_dim":true,"tile_rows_per_core":0.5,"is_matmul":true,"matmul_macs":2147483648,"matmul_rows_per_core":64.0,"matmul_cols_per_core":512.0,"matmul_a_bytes":2097152,"matmul_b_bytes":2097152,"matmul_m_split":16,"matmul_n_split":2,"hbm_pattern":""},{"name":"Pointwise","is_reduction":false,"out_elems":2097152,"cores":32,"dtype_bytes":2,"args":[{"name":"coarse_tile_combine_buf0","role":"output","mem":"hbm","elems":2097152,"broadcast":false,"dims":[2,1024,1024],"logical":[2,1024,1024],"loop_factor":1},{"name":"buf0","role":"input","mem":"hbm","elems":2097152,"broadcast":false,"dims":[1024,16,2,64],"logical":[2,1024,1024],"loop_factor":1},{"name":"buf2","role":"input","mem":"hbm","elems":2097152,"broadcast":false,"dims":[1024,16,2,64],"logical":[2,1024,1024],"loop_factor":1}],"reduction_cores":1,"loop_trip":4,"tiles_output_dim":true,"tile_rows_per_core":256,"is_matmul":false,"matmul_macs":0,"matmul_rows_per_core":0.0,"matmul_cols_per_core":0.0,"matmul_a_bytes":0,"matmul_b_bytes":0,"matmul_m_split":1,"matmul_n_split":1,"hbm_pattern":""},{"name":"Pointwise","is_reduction":false,"out_elems":4194304,"cores":32,"dtype_bytes":2,"args":[{"name":"coarse_tile_reduce_copy_buf0","role":"output","mem":"hbm","elems":4194304,"broadcast":false,"dims":[4,1024,1024],"logical":[4,1024,1024],"loop_factor":1},{"name":"buf2","role":"input","mem":"hbm","elems":2097152,"broadcast":false,"dims":[1024,16,2,64],"logical":[2,1024,1024],"loop_factor":1}],"reduction_cores":1,"loop_trip":2,"tiles_output_dim":true,"tile_rows_per_core":512,"is_matmul":false,"matmul_macs":0,"matmul_rows_per_core":0.0,"matmul_cols_per_core":0.0,"matmul_a_bytes":0,"matmul_b_bytes":0,"matmul_m_split":1,"matmul_n_split":1,"hbm_pattern":""}]
SUMMARY op=bmm_nested_b_k rows=1024 cols=2048 cores=32 tiles=2 lx=1 io_hbm_bytes=67108992 kernel_us=4896.536 pred_us=5239.599 err_pct=+7.0 bw_gbps=13.7 memset_us=187.156 other_dev_us=513.501 total_dev_us=5597.193
-- bmm_nested_b_k B=4 M=1024 K=2048 N=1024 tiles=4
  op_it_space_splits={d0: 1, d1: 32, d2: 1}
  op_it_space_splits={d0: 1, d1: 16, d2: 2, d3: 1}
  op_it_space_splits={d0: 1, d1: 32, d2: 1}
  op_it_space_splits={d0: 1, d1: 32, d2: 1}
  op_it_space_splits={d0: 1, d1: 32, d2: 1}
  op_it_space_splits={d0: 1, d1: 16, d2: 2, d3: 1}
  op_it_space_splits={d0: 1, d1: 32, d2: 1}
  op_it_space_splits={d0: 1, d1: 32, d2: 1}
  op_it_space_splits={d0: 1, d1: 32, d2: 1}
  op_it_space_splits={d0: 1, d1: 16, d2: 2, d3: 1}
  op_it_space_splits={d0: 1, d1: 32, d2: 1}
  op_it_space_splits={d0: 1, d1: 32, d2: 1}
  op_it_space_splits={d0: 1, d1: 32, d2: 1}
  op_it_space_splits={d0: 1, d1: 16, d2: 2, d3: 1}
  op_it_space_splits={d0: 1, d1: 32, d2: 1}
  op_it_space_splits={d0: 1, d1: 32, d2: 1}
  op_it_space_splits={d0: 1, d1: 32, d2: 1}
  op_it_space_splits={d0: 1, d1: 16, d2: 2, d3: 1}
  op_it_space_splits={d0: 1, d1: 32, d2: 1}
  op_it_space_splits={d0: 1, d1: 32, d2: 1}
  op_it_space_splits={d0: 1, d1: 32, d2: 1}
  op_it_space_splits={d0: 1, d1: 16, d2: 2, d3: 1}
  op_it_space_splits={d0: 1, d1: 32, d2: 1}
  op_it_space_splits={d0: 1, d1: 32, d2: 1}
IO -- device-layout I/O (cost model, stick-padded) --
IO   op Pointwise
IO     output coarse_tile_fill_buf0  torch [2, 1024, 1024] -> device [2, 1024, 1024] in HBM = 2097152 elems x 2B = 4194304 B  (hbm counted: 4194304 B)
IO     input  buf3                   device [1, 64] in HBM = 64 elems x 2B = 128 B  (hbm counted: 128 B) broadcast (loaded once)
IO   op bmm [reduction]
IO     output op0                    torch [2, 1024, 1024] -> device [1024, 16, 2, 64] in HBM = 2097152 elems x 2B = 4194304 B  (hbm counted: 4194304 B)
IO     input  arg0_1                 torch [4, 1024, 2048] -> device [1024, 32, 4, 64] in HBM = 8388608 elems x 2B = 16777216 B  (hbm counted: 16777216 B)
IO     input  arg1_1                 torch [4, 2048, 1024] -> device [2048, 16, 4, 64] in HBM = 8388608 elems x 2B = 16777216 B  (hbm counted: 16777216 B)
IO   op Pointwise
IO     output coarse_tile_combine_buf0 torch [2, 1024, 1024] -> device [2, 1024, 1024] in HBM = 2097152 elems x 2B = 4194304 B  (hbm counted: 4194304 B)
IO     input  buf0                   torch [2, 1024, 1024] -> device [1024, 16, 2, 64] in HBM = 2097152 elems x 2B = 4194304 B  (hbm counted: 4194304 B)
IO     input  buf2                   torch [2, 1024, 1024] -> device [1024, 16, 2, 64] in HBM = 2097152 elems x 2B = 4194304 B  (hbm counted: 4194304 B)
IO   op Pointwise
IO     output coarse_tile_reduce_copy_buf0 torch [4, 1024, 1024] -> device [4, 1024, 1024] in HBM = 4194304 elems x 2B = 8388608 B  (hbm counted: 8388608 B)
IO     input  buf2                   torch [2, 1024, 1024] -> device [1024, 16, 2, 64] in HBM = 2097152 elems x 2B = 4194304 B  (hbm counted: 4194304 B)
IO   => HBM I/O total = 67108992 B  (lx 0 B, ~free)
MODEL -- estimate (turnaround): T = compute + [(R+W)/BW_PEAK + a*min(R,W)] / eff_underfill --
MODEL   R=46137472 B (read)   W=20971520 B (write)   loop_trip L=8
MODEL   compute = MACs/cores/(mac_peak*pt_eff) = 1073741824/32/(1140*1.000) = 29.43 us  (M/m=64, pt_eff=1.000)
MODEL   base = R/150+W/150 = 447.39 us
MODEL   turn = a*min(R,W) = 0.00574*20971520 = 120.38 us
MODEL   eff_underfill = min(0.95,(0.2/13)**0.68) = 0.068 -> (base+turn)/eff = 8337.86 us
MODEL   => T_model = 8359.53 us
MODEL FEATS [{"name":"Pointwise","is_reduction":false,"out_elems":2097152,"cores":32,"dtype_bytes":2,"args":[{"name":"coarse_tile_fill_buf0","role":"output","mem":"hbm","elems":2097152,"broadcast":false,"dims":[2,1024,1024],"logical":[2,1024,1024],"loop_factor":1},{"name":"buf3","role":"input","mem":"hbm","elems":64,"broadcast":true,"dims":[1,64],"logical":[],"loop_factor":1}],"reduction_cores":1,"loop_trip":2,"tiles_output_dim":true,"tile_rows_per_core":512,"is_matmul":false,"matmul_macs":0,"matmul_rows_per_core":0.0,"matmul_cols_per_core":0.0,"matmul_a_bytes":0,"matmul_b_bytes":0,"matmul_m_split":1,"matmul_n_split":1,"hbm_pattern":""},{"name":"bmm","is_reduction":true,"out_elems":2097152,"cores":32,"dtype_bytes":2,"args":[{"name":"op0","role":"output","mem":"hbm","elems":2097152,"broadcast":false,"dims":[1024,16,2,64],"logical":[2,1024,1024],"loop_factor":1},{"name":"arg0_1","role":"input","mem":"hbm","elems":8388608,"broadcast":false,"dims":[1024,32,4,64],"logical":[4,1024,2048],"loop_factor":1},{"name":"arg1_1","role":"input","mem":"hbm","elems":8388608,"broadcast":false,"dims":[2048,16,4,64],"logical":[4,2048,1024],"loop_factor":1}],"reduction_cores":1,"loop_trip":8,"tiles_output_dim":true,"tile_rows_per_core":0.25,"is_matmul":true,"matmul_macs":1073741824,"matmul_rows_per_core":64.0,"matmul_cols_per_core":512.0,"matmul_a_bytes":1048576,"matmul_b_bytes":1048576,"matmul_m_split":16,"matmul_n_split":2,"hbm_pattern":""},{"name":"Pointwise","is_reduction":false,"out_elems":2097152,"cores":32,"dtype_bytes":2,"args":[{"name":"coarse_tile_combine_buf0","role":"output","mem":"hbm","elems":2097152,"broadcast":false,"dims":[2,1024,1024],"logical":[2,1024,1024],"loop_factor":1},{"name":"buf0","role":"input","mem":"hbm","elems":2097152,"broadcast":false,"dims":[1024,16,2,64],"logical":[2,1024,1024],"loop_factor":1},{"name":"buf2","role":"input","mem":"hbm","elems":2097152,"broadcast":false,"dims":[1024,16,2,64],"logical":[2,1024,1024],"loop_factor":1}],"reduction_cores":1,"loop_trip":8,"tiles_output_dim":true,"tile_rows_per_core":128,"is_matmul":false,"matmul_macs":0,"matmul_rows_per_core":0.0,"matmul_cols_per_core":0.0,"matmul_a_bytes":0,"matmul_b_bytes":0,"matmul_m_split":1,"matmul_n_split":1,"hbm_pattern":""},{"name":"Pointwise","is_reduction":false,"out_elems":4194304,"cores":32,"dtype_bytes":2,"args":[{"name":"coarse_tile_reduce_copy_buf0","role":"output","mem":"hbm","elems":4194304,"broadcast":false,"dims":[4,1024,1024],"logical":[4,1024,1024],"loop_factor":1},{"name":"buf2","role":"input","mem":"hbm","elems":2097152,"broadcast":false,"dims":[1024,16,2,64],"logical":[2,1024,1024],"loop_factor":1}],"reduction_cores":1,"loop_trip":2,"tiles_output_dim":true,"tile_rows_per_core":512,"is_matmul":false,"matmul_macs":0,"matmul_rows_per_core":0.0,"matmul_cols_per_core":0.0,"matmul_a_bytes":0,"matmul_b_bytes":0,"matmul_m_split":1,"matmul_n_split":1,"hbm_pattern":""}]
SUMMARY op=bmm_nested_b_k rows=1024 cols=2048 cores=32 tiles=4 lx=1 io_hbm_bytes=67108992 kernel_us=5626.278 pred_us=8359.534 err_pct=+48.6 bw_gbps=11.9 memset_us=254.742 other_dev_us=452.563 total_dev_us=6333.583
-- bmm_nested_b_k B=4 M=1024 K=2048 N=1024 tiles=8
  op_it_space_splits={d0: 1, d1: 32, d2: 1}
  op_it_space_splits={d0: 1, d1: 16, d2: 2, d3: 1}
  op_it_space_splits={d0: 1, d1: 32, d2: 1}
  op_it_space_splits={d0: 1, d1: 32, d2: 1}
  op_it_space_splits={d0: 1, d1: 32, d2: 1}
  op_it_space_splits={d0: 1, d1: 16, d2: 2, d3: 1}
  op_it_space_splits={d0: 1, d1: 32, d2: 1}
  op_it_space_splits={d0: 1, d1: 32, d2: 1}
  op_it_space_splits={d0: 1, d1: 32, d2: 1}
  op_it_space_splits={d0: 1, d1: 16, d2: 2, d3: 1}
  op_it_space_splits={d0: 1, d1: 32, d2: 1}
  op_it_space_splits={d0: 1, d1: 32, d2: 1}
  op_it_space_splits={d0: 1, d1: 32, d2: 1}
  op_it_space_splits={d0: 1, d1: 16, d2: 2, d3: 1}
  op_it_space_splits={d0: 1, d1: 32, d2: 1}
  op_it_space_splits={d0: 1, d1: 32, d2: 1}
  op_it_space_splits={d0: 1, d1: 32, d2: 1}
  op_it_space_splits={d0: 1, d1: 16, d2: 2, d3: 1}
  op_it_space_splits={d0: 1, d1: 32, d2: 1}
  op_it_space_splits={d0: 1, d1: 32, d2: 1}
  op_it_space_splits={d0: 1, d1: 32, d2: 1}
  op_it_space_splits={d0: 1, d1: 16, d2: 2, d3: 1}
  op_it_space_splits={d0: 1, d1: 32, d2: 1}
  op_it_space_splits={d0: 1, d1: 32, d2: 1}
IO -- device-layout I/O (cost model, stick-padded) --
IO   op Pointwise
IO     output coarse_tile_fill_buf0  torch [2, 1024, 1024] -> device [2, 1024, 1024] in HBM = 2097152 elems x 2B = 4194304 B  (hbm counted: 4194304 B)
IO     input  buf3                   device [1, 64] in HBM = 64 elems x 2B = 128 B  (hbm counted: 128 B) broadcast (loaded once)
IO   op bmm [reduction]
IO     output op0                    torch [2, 1024, 1024] -> device [1024, 16, 2, 64] in HBM = 2097152 elems x 2B = 4194304 B  (hbm counted: 4194304 B)
IO     input  arg0_1                 torch [4, 1024, 2048] -> device [1024, 32, 4, 64] in HBM = 8388608 elems x 2B = 16777216 B  (hbm counted: 16777216 B)
IO     input  arg1_1                 torch [4, 2048, 1024] -> device [2048, 16, 4, 64] in HBM = 8388608 elems x 2B = 16777216 B  (hbm counted: 16777216 B)
IO   op Pointwise
IO     output coarse_tile_combine_buf0 torch [2, 1024, 1024] -> device [2, 1024, 1024] in HBM = 2097152 elems x 2B = 4194304 B  (hbm counted: 4194304 B)
IO     input  buf0                   torch [2, 1024, 1024] -> device [1024, 16, 2, 64] in HBM = 2097152 elems x 2B = 4194304 B  (hbm counted: 4194304 B)
IO     input  buf2                   torch [2, 1024, 1024] -> device [1024, 16, 2, 64] in HBM = 2097152 elems x 2B = 4194304 B  (hbm counted: 4194304 B)
IO   op Pointwise
IO     output coarse_tile_reduce_copy_buf0 torch [4, 1024, 1024] -> device [4, 1024, 1024] in HBM = 4194304 elems x 2B = 8388608 B  (hbm counted: 8388608 B)
IO     input  buf2                   torch [2, 1024, 1024] -> device [1024, 16, 2, 64] in HBM = 2097152 elems x 2B = 4194304 B  (hbm counted: 4194304 B)
IO   => HBM I/O total = 67108992 B  (lx 0 B, ~free)
MODEL -- estimate (turnaround): T = compute + [(R+W)/BW_PEAK + a*min(R,W)] / eff_underfill --
MODEL   R=46137472 B (read)   W=20971520 B (write)   loop_trip L=16
MODEL   compute = MACs/cores/(mac_peak*pt_eff) = 536870912/32/(1140*1.000) = 14.72 us  (M/m=64, pt_eff=1.000)
MODEL   base = R/150+W/150 = 447.39 us
MODEL   turn = a*min(R,W) = 0.00574*20971520 = 120.38 us
MODEL   eff_underfill = min(0.95,(0.1/13)**0.68) = 0.043 -> (base+turn)/eff = 13358.42 us
MODEL   => T_model = 13375.62 us
MODEL FEATS [{"name":"Pointwise","is_reduction":false,"out_elems":2097152,"cores":32,"dtype_bytes":2,"args":[{"name":"coarse_tile_fill_buf0","role":"output","mem":"hbm","elems":2097152,"broadcast":false,"dims":[2,1024,1024],"logical":[2,1024,1024],"loop_factor":1},{"name":"buf3","role":"input","mem":"hbm","elems":64,"broadcast":true,"dims":[1,64],"logical":[],"loop_factor":1}],"reduction_cores":1,"loop_trip":2,"tiles_output_dim":true,"tile_rows_per_core":512,"is_matmul":false,"matmul_macs":0,"matmul_rows_per_core":0.0,"matmul_cols_per_core":0.0,"matmul_a_bytes":0,"matmul_b_bytes":0,"matmul_m_split":1,"matmul_n_split":1,"hbm_pattern":""},{"name":"bmm","is_reduction":true,"out_elems":2097152,"cores":32,"dtype_bytes":2,"args":[{"name":"op0","role":"output","mem":"hbm","elems":2097152,"broadcast":false,"dims":[1024,16,2,64],"logical":[2,1024,1024],"loop_factor":1},{"name":"arg0_1","role":"input","mem":"hbm","elems":8388608,"broadcast":false,"dims":[1024,32,4,64],"logical":[4,1024,2048],"loop_factor":1},{"name":"arg1_1","role":"input","mem":"hbm","elems":8388608,"broadcast":false,"dims":[2048,16,4,64],"logical":[4,2048,1024],"loop_factor":1}],"reduction_cores":1,"loop_trip":16,"tiles_output_dim":true,"tile_rows_per_core":0.125,"is_matmul":true,"matmul_macs":536870912,"matmul_rows_per_core":64.0,"matmul_cols_per_core":512.0,"matmul_a_bytes":524288,"matmul_b_bytes":524288,"matmul_m_split":16,"matmul_n_split":2,"hbm_pattern":""},{"name":"Pointwise","is_reduction":false,"out_elems":2097152,"cores":32,"dtype_bytes":2,"args":[{"name":"coarse_tile_combine_buf0","role":"output","mem":"hbm","elems":2097152,"broadcast":false,"dims":[2,1024,1024],"logical":[2,1024,1024],"loop_factor":1},{"name":"buf0","role":"input","mem":"hbm","elems":2097152,"broadcast":false,"dims":[1024,16,2,64],"logical":[2,1024,1024],"loop_factor":1},{"name":"buf2","role":"input","mem":"hbm","elems":2097152,"broadcast":false,"dims":[1024,16,2,64],"logical":[2,1024,1024],"loop_factor":1}],"reduction_cores":1,"loop_trip":16,"tiles_output_dim":true,"tile_rows_per_core":64,"is_matmul":false,"matmul_macs":0,"matmul_rows_per_core":0.0,"matmul_cols_per_core":0.0,"matmul_a_bytes":0,"matmul_b_bytes":0,"matmul_m_split":1,"matmul_n_split":1,"hbm_pattern":""},{"name":"Pointwise","is_reduction":false,"out_elems":4194304,"cores":32,"dtype_bytes":2,"args":[{"name":"coarse_tile_reduce_copy_buf0","role":"output","mem":"hbm","elems":4194304,"broadcast":false,"dims":[4,1024,1024],"logical":[4,1024,1024],"loop_factor":1},{"name":"buf2","role":"input","mem":"hbm","elems":2097152,"broadcast":false,"dims":[1024,16,2,64],"logical":[2,1024,1024],"loop_factor":1}],"reduction_cores":1,"loop_trip":2,"tiles_output_dim":true,"tile_rows_per_core":512,"is_matmul":false,"matmul_macs":0,"matmul_rows_per_core":0.0,"matmul_cols_per_core":0.0,"matmul_a_bytes":0,"matmul_b_bytes":0,"matmul_m_split":1,"matmul_n_split":1,"hbm_pattern":""}]
SUMMARY op=bmm_nested_b_k rows=1024 cols=2048 cores=32 tiles=8 lx=1 io_hbm_bytes=67108992 kernel_us=7156.686 pred_us=13375.624 err_pct=+86.9 bw_gbps=9.4 memset_us=334.742 other_dev_us=461.963 total_dev_us=7953.391
-- bmm_3d2d_k_tiling B=4 M=1024 K=2048 N=1024 tiles=1
  op_it_space_splits={d0: 1, d1: 8, d2: 4, d3: 1}
IO -- device-layout I/O (cost model, stick-padded) --
IO   op bmm_default [reduction]
IO     output op0                    torch [4, 1024, 1024] -> device [1024, 16, 4, 64] in HBM = 4194304 elems x 2B = 8388608 B  (hbm counted: 8388608 B)
IO     input  arg0_1                 torch [4, 1024, 2048] -> device [1024, 32, 4, 64] in HBM = 8388608 elems x 2B = 16777216 B  (hbm counted: 16777216 B)
IO     input  arg1_1                 torch [2048, 1024] -> device [16, 2048, 64] in HBM = 2097152 elems x 2B = 4194304 B  (hbm counted: 4194304 B) broadcast (loaded once)
IO   => HBM I/O total = 29360128 B  (lx 0 B, ~free)
MODEL -- estimate (turnaround): T = compute + (R+W)/BW_PEAK + a*min(R,W) --
MODEL   R=20971520 B (read)   W=8388608 B (write)   loop_trip L=1
MODEL   compute = MACs/cores/(mac_peak*pt_eff) = 8589934592/32/(1140*1.000) = 235.47 us  (M/m=128, pt_eff=1.000)
MODEL   base = R/150+W/150 = 195.73 us
MODEL   turn = a*min(R,W) = 0.00574*8388608 = 48.15 us
MODEL   => T_model = 371.04 us
MODEL FEATS [{"name":"bmm_default","is_reduction":true,"out_elems":4194304,"cores":32,"dtype_bytes":2,"args":[{"name":"op0","role":"output","mem":"hbm","elems":4194304,"broadcast":false,"dims":[1024,16,4,64],"logical":[4,1024,1024],"loop_factor":1},{"name":"arg0_1","role":"input","mem":"hbm","elems":8388608,"broadcast":false,"dims":[1024,32,4,64],"logical":[4,1024,2048],"loop_factor":1},{"name":"arg1_1","role":"input","mem":"hbm","elems":2097152,"broadcast":true,"dims":[16,2048,64],"logical":[2048,1024],"loop_factor":1}],"reduction_cores":1,"loop_trip":1,"tiles_output_dim":false,"tile_rows_per_core":0.0,"is_matmul":true,"matmul_macs":8589934592,"matmul_rows_per_core":128.0,"matmul_cols_per_core":256.0,"matmul_a_bytes":4194304,"matmul_b_bytes":4194304,"matmul_m_split":8,"matmul_n_split":4,"hbm_pattern":""}]
SUMMARY op=bmm_3d2d_k_tiling rows=1024 cols=2048 cores=32 tiles=1 lx=1 io_hbm_bytes=29360128 kernel_us=593.924 pred_us=371.038 err_pct=-37.5 bw_gbps=49.4 memset_us=240.531 other_dev_us=581.486 total_dev_us=1415.941
-- bmm_3d2d_k_tiling B=4 M=1024 K=2048 N=1024 tiles=2
  op_it_space_splits={d0: 1, d1: 32, d2: 1}
  op_it_space_splits={d0: 1, d1: 4, d2: 8, d3: 1}
  op_it_space_splits={d0: 1, d1: 32, d2: 1}
  op_it_space_splits={d0: 1, d1: 32, d2: 1}
  op_it_space_splits={d0: 1, d1: 4, d2: 8, d3: 1}
  op_it_space_splits={d0: 1, d1: 32, d2: 1}
  op_it_space_splits={d0: 1, d1: 32, d2: 1}
  op_it_space_splits={d0: 1, d1: 4, d2: 8, d3: 1}
  op_it_space_splits={d0: 1, d1: 32, d2: 1}
  op_it_space_splits={d0: 1, d1: 32, d2: 1}
  op_it_space_splits={d0: 1, d1: 4, d2: 8, d3: 1}
  op_it_space_splits={d0: 1, d1: 32, d2: 1}
  op_it_space_splits={d0: 1, d1: 32, d2: 1}
  op_it_space_splits={d0: 1, d1: 4, d2: 8, d3: 1}
  op_it_space_splits={d0: 1, d1: 32, d2: 1}
  op_it_space_splits={d0: 1, d1: 32, d2: 1}
  op_it_space_splits={d0: 1, d1: 4, d2: 8, d3: 1}
  op_it_space_splits={d0: 1, d1: 32, d2: 1}
IO -- device-layout I/O (cost model, stick-padded) --
IO   op Pointwise
IO     output coarse_tile_fill_buf0  torch [4, 1024, 1024] -> device [4, 1024, 1024] in HBM = 4194304 elems x 2B = 8388608 B  (hbm counted: 8388608 B)
IO     input  buf2                   device [1, 64] in HBM = 64 elems x 2B = 128 B  (hbm counted: 128 B) broadcast (loaded once)
IO   op bmm_default [reduction]
IO     output op0                    torch [4, 1024, 1024] -> device [1024, 16, 4, 64] in HBM = 4194304 elems x 2B = 8388608 B  (hbm counted: 16777216 B) xL=2
IO     input  arg0_1                 torch [4, 1024, 2048] -> device [1024, 32, 4, 64] in HBM = 8388608 elems x 2B = 16777216 B  (hbm counted: 16777216 B)
IO     input  arg1_1                 torch [2048, 1024] -> device [16, 2048, 64] in HBM = 2097152 elems x 2B = 4194304 B  (hbm counted: 4194304 B) broadcast (loaded once)
IO   op Pointwise
IO     output coarse_tile_combine_buf0 torch [4, 1024, 1024] -> device [4, 1024, 1024] in HBM = 4194304 elems x 2B = 8388608 B  (hbm counted: 16777216 B) xL=2
IO     input  buf0                   torch [4, 1024, 1024] -> device [1024, 16, 4, 64] in HBM = 4194304 elems x 2B = 8388608 B  (hbm counted: 16777216 B) xL=2
IO     input  buf1                   torch [4, 1024, 1024] -> device [1024, 16, 4, 64] in HBM = 4194304 elems x 2B = 8388608 B  (hbm counted: 16777216 B) xL=2
IO   => HBM I/O total = 96469120 B  (lx 0 B, ~free)
MODEL -- estimate (turnaround): T = compute + (R+W)/BW_PEAK + a*min(R,W) --
MODEL   R=54526080 B (read)   W=41943040 B (write)   loop_trip L=2
MODEL   compute = MACs/cores/(mac_peak*pt_eff) = 4294967296/32/(1140*1.000) = 117.73 us  (M/m=256, pt_eff=1.000)
MODEL   base = R/150+W/150 = 643.13 us
MODEL   turn = a*min(R,W) = 0.00574*41943040 = 240.75 us
MODEL   => T_model = 947.85 us
MODEL FEATS [{"name":"Pointwise","is_reduction":false,"out_elems":4194304,"cores":32,"dtype_bytes":2,"args":[{"name":"coarse_tile_fill_buf0","role":"output","mem":"hbm","elems":4194304,"broadcast":false,"dims":[4,1024,1024],"logical":[4,1024,1024],"loop_factor":1},{"name":"buf2","role":"input","mem":"hbm","elems":64,"broadcast":true,"dims":[1,64],"logical":[],"loop_factor":1}],"reduction_cores":1,"loop_trip":1,"tiles_output_dim":false,"tile_rows_per_core":0.0,"is_matmul":false,"matmul_macs":0,"matmul_rows_per_core":0.0,"matmul_cols_per_core":0.0,"matmul_a_bytes":0,"matmul_b_bytes":0,"matmul_m_split":1,"matmul_n_split":1,"hbm_pattern":""},{"name":"bmm_default","is_reduction":true,"out_elems":4194304,"cores":32,"dtype_bytes":2,"args":[{"name":"op0","role":"output","mem":"hbm","elems":4194304,"broadcast":false,"dims":[1024,16,4,64],"logical":[4,1024,1024],"loop_factor":2},{"name":"arg0_1","role":"input","mem":"hbm","elems":8388608,"broadcast":false,"dims":[1024,32,4,64],"logical":[4,1024,2048],"loop_factor":1},{"name":"arg1_1","role":"input","mem":"hbm","elems":2097152,"broadcast":true,"dims":[16,2048,64],"logical":[2048,1024],"loop_factor":1}],"reduction_cores":1,"loop_trip":2,"tiles_output_dim":false,"tile_rows_per_core":0.0,"is_matmul":true,"matmul_macs":4294967296,"matmul_rows_per_core":256.0,"matmul_cols_per_core":128.0,"matmul_a_bytes":2097152,"matmul_b_bytes":2097152,"matmul_m_split":4,"matmul_n_split":8,"hbm_pattern":""},{"name":"Pointwise","is_reduction":false,"out_elems":4194304,"cores":32,"dtype_bytes":2,"args":[{"name":"coarse_tile_combine_buf0","role":"output","mem":"hbm","elems":4194304,"broadcast":false,"dims":[4,1024,1024],"logical":[4,1024,1024],"loop_factor":2},{"name":"buf0","role":"input","mem":"hbm","elems":4194304,"broadcast":false,"dims":[1024,16,4,64],"logical":[4,1024,1024],"loop_factor":2},{"name":"buf1","role":"input","mem":"hbm","elems":4194304,"broadcast":false,"dims":[1024,16,4,64],"logical":[4,1024,1024],"loop_factor":2}],"reduction_cores":1,"loop_trip":2,"tiles_output_dim":false,"tile_rows_per_core":0.0,"is_matmul":false,"matmul_macs":0,"matmul_rows_per_core":0.0,"matmul_cols_per_core":0.0,"matmul_a_bytes":0,"matmul_b_bytes":0,"matmul_m_split":1,"matmul_n_split":1,"hbm_pattern":""}]
SUMMARY op=bmm_3d2d_k_tiling rows=1024 cols=2048 cores=32 tiles=2 lx=1 io_hbm_bytes=96469120 kernel_us=1170.377 pred_us=947.851 err_pct=-19.0 bw_gbps=82.4 memset_us=291.305 other_dev_us=596.988 total_dev_us=2058.670
-- bmm_3d2d_k_tiling B=4 M=1024 K=2048 N=1024 tiles=4
  op_it_space_splits={d0: 1, d1: 32, d2: 1}
  op_it_space_splits={d0: 1, d1: 4, d2: 8, d3: 1}
  op_it_space_splits={d0: 1, d1: 32, d2: 1}
  op_it_space_splits={d0: 1, d1: 32, d2: 1}
  op_it_space_splits={d0: 1, d1: 4, d2: 8, d3: 1}
  op_it_space_splits={d0: 1, d1: 32, d2: 1}
  op_it_space_splits={d0: 1, d1: 32, d2: 1}
  op_it_space_splits={d0: 1, d1: 4, d2: 8, d3: 1}
  op_it_space_splits={d0: 1, d1: 32, d2: 1}
  op_it_space_splits={d0: 1, d1: 32, d2: 1}
  op_it_space_splits={d0: 1, d1: 4, d2: 8, d3: 1}
  op_it_space_splits={d0: 1, d1: 32, d2: 1}
  op_it_space_splits={d0: 1, d1: 32, d2: 1}
  op_it_space_splits={d0: 1, d1: 4, d2: 8, d3: 1}
  op_it_space_splits={d0: 1, d1: 32, d2: 1}
  op_it_space_splits={d0: 1, d1: 32, d2: 1}
  op_it_space_splits={d0: 1, d1: 4, d2: 8, d3: 1}
  op_it_space_splits={d0: 1, d1: 32, d2: 1}
IO -- device-layout I/O (cost model, stick-padded) --
IO   op Pointwise
IO     output coarse_tile_fill_buf0  torch [4, 1024, 1024] -> device [4, 1024, 1024] in HBM = 4194304 elems x 2B = 8388608 B  (hbm counted: 8388608 B)
IO     input  buf2                   device [1, 64] in HBM = 64 elems x 2B = 128 B  (hbm counted: 128 B) broadcast (loaded once)
IO   op bmm_default [reduction]
IO     output op0                    torch [4, 1024, 1024] -> device [1024, 16, 4, 64] in HBM = 4194304 elems x 2B = 8388608 B  (hbm counted: 33554432 B) xL=4
IO     input  arg0_1                 torch [4, 1024, 2048] -> device [1024, 32, 4, 64] in HBM = 8388608 elems x 2B = 16777216 B  (hbm counted: 16777216 B)
IO     input  arg1_1                 torch [2048, 1024] -> device [16, 2048, 64] in HBM = 2097152 elems x 2B = 4194304 B  (hbm counted: 4194304 B) broadcast (loaded once)
IO   op Pointwise
IO     output coarse_tile_combine_buf0 torch [4, 1024, 1024] -> device [4, 1024, 1024] in HBM = 4194304 elems x 2B = 8388608 B  (hbm counted: 33554432 B) xL=4
IO     input  buf0                   torch [4, 1024, 1024] -> device [1024, 16, 4, 64] in HBM = 4194304 elems x 2B = 8388608 B  (hbm counted: 33554432 B) xL=4
IO     input  buf1                   torch [4, 1024, 1024] -> device [1024, 16, 4, 64] in HBM = 4194304 elems x 2B = 8388608 B  (hbm counted: 33554432 B) xL=4
IO   => HBM I/O total = 163577984 B  (lx 0 B, ~free)
MODEL -- estimate (turnaround): T = compute + (R+W)/BW_PEAK + a*min(R,W) --
MODEL   R=88080512 B (read)   W=75497472 B (write)   loop_trip L=4
MODEL   compute = MACs/cores/(mac_peak*pt_eff) = 2147483648/32/(1140*1.000) = 58.87 us  (M/m=256, pt_eff=1.000)
MODEL   base = R/150+W/150 = 1090.52 us
MODEL   turn = a*min(R,W) = 0.00574*75497472 = 433.36 us
MODEL   => T_model = 1556.06 us
MODEL FEATS [{"name":"Pointwise","is_reduction":false,"out_elems":4194304,"cores":32,"dtype_bytes":2,"args":[{"name":"coarse_tile_fill_buf0","role":"output","mem":"hbm","elems":4194304,"broadcast":false,"dims":[4,1024,1024],"logical":[4,1024,1024],"loop_factor":1},{"name":"buf2","role":"input","mem":"hbm","elems":64,"broadcast":true,"dims":[1,64],"logical":[],"loop_factor":1}],"reduction_cores":1,"loop_trip":1,"tiles_output_dim":false,"tile_rows_per_core":0.0,"is_matmul":false,"matmul_macs":0,"matmul_rows_per_core":0.0,"matmul_cols_per_core":0.0,"matmul_a_bytes":0,"matmul_b_bytes":0,"matmul_m_split":1,"matmul_n_split":1,"hbm_pattern":""},{"name":"bmm_default","is_reduction":true,"out_elems":4194304,"cores":32,"dtype_bytes":2,"args":[{"name":"op0","role":"output","mem":"hbm","elems":4194304,"broadcast":false,"dims":[1024,16,4,64],"logical":[4,1024,1024],"loop_factor":4},{"name":"arg0_1","role":"input","mem":"hbm","elems":8388608,"broadcast":false,"dims":[1024,32,4,64],"logical":[4,1024,2048],"loop_factor":1},{"name":"arg1_1","role":"input","mem":"hbm","elems":2097152,"broadcast":true,"dims":[16,2048,64],"logical":[2048,1024],"loop_factor":1}],"reduction_cores":1,"loop_trip":4,"tiles_output_dim":false,"tile_rows_per_core":0.0,"is_matmul":true,"matmul_macs":2147483648,"matmul_rows_per_core":256.0,"matmul_cols_per_core":128.0,"matmul_a_bytes":1048576,"matmul_b_bytes":1048576,"matmul_m_split":4,"matmul_n_split":8,"hbm_pattern":""},{"name":"Pointwise","is_reduction":false,"out_elems":4194304,"cores":32,"dtype_bytes":2,"args":[{"name":"coarse_tile_combine_buf0","role":"output","mem":"hbm","elems":4194304,"broadcast":false,"dims":[4,1024,1024],"logical":[4,1024,1024],"loop_factor":4},{"name":"buf0","role":"input","mem":"hbm","elems":4194304,"broadcast":false,"dims":[1024,16,4,64],"logical":[4,1024,1024],"loop_factor":4},{"name":"buf1","role":"input","mem":"hbm","elems":4194304,"broadcast":false,"dims":[1024,16,4,64],"logical":[4,1024,1024],"loop_factor":4}],"reduction_cores":1,"loop_trip":4,"tiles_output_dim":false,"tile_rows_per_core":0.0,"is_matmul":false,"matmul_macs":0,"matmul_rows_per_core":0.0,"matmul_cols_per_core":0.0,"matmul_a_bytes":0,"matmul_b_bytes":0,"matmul_m_split":1,"matmul_n_split":1,"hbm_pattern":""}]
SUMMARY op=bmm_3d2d_k_tiling rows=1024 cols=2048 cores=32 tiles=4 lx=1 io_hbm_bytes=163577984 kernel_us=1871.837 pred_us=1556.057 err_pct=-16.9 bw_gbps=87.4 memset_us=284.031 other_dev_us=618.388 total_dev_us=2774.256
-- bmm_3d2d_k_tiling B=4 M=1024 K=2048 N=1024 tiles=8
  op_it_space_splits={d0: 1, d1: 32, d2: 1}
  op_it_space_splits={d0: 1, d1: 4, d2: 8, d3: 1}
  op_it_space_splits={d0: 1, d1: 32, d2: 1}
  op_it_space_splits={d0: 1, d1: 32, d2: 1}
  op_it_space_splits={d0: 1, d1: 4, d2: 8, d3: 1}
  op_it_space_splits={d0: 1, d1: 32, d2: 1}
  op_it_space_splits={d0: 1, d1: 32, d2: 1}
  op_it_space_splits={d0: 1, d1: 4, d2: 8, d3: 1}
  op_it_space_splits={d0: 1, d1: 32, d2: 1}
  op_it_space_splits={d0: 1, d1: 32, d2: 1}
  op_it_space_splits={d0: 1, d1: 4, d2: 8, d3: 1}
  op_it_space_splits={d0: 1, d1: 32, d2: 1}
  op_it_space_splits={d0: 1, d1: 32, d2: 1}
  op_it_space_splits={d0: 1, d1: 4, d2: 8, d3: 1}
  op_it_space_splits={d0: 1, d1: 32, d2: 1}
  op_it_space_splits={d0: 1, d1: 32, d2: 1}
  op_it_space_splits={d0: 1, d1: 4, d2: 8, d3: 1}
  op_it_space_splits={d0: 1, d1: 32, d2: 1}
IO -- device-layout I/O (cost model, stick-padded) --
IO   op Pointwise
IO     output coarse_tile_fill_buf0  torch [4, 1024, 1024] -> device [4, 1024, 1024] in HBM = 4194304 elems x 2B = 8388608 B  (hbm counted: 8388608 B)
IO     input  buf2                   device [1, 64] in HBM = 64 elems x 2B = 128 B  (hbm counted: 128 B) broadcast (loaded once)
IO   op bmm_default [reduction]
IO     output op0                    torch [4, 1024, 1024] -> device [1024, 16, 4, 64] in HBM = 4194304 elems x 2B = 8388608 B  (hbm counted: 67108864 B) xL=8
IO     input  arg0_1                 torch [4, 1024, 2048] -> device [1024, 32, 4, 64] in HBM = 8388608 elems x 2B = 16777216 B  (hbm counted: 16777216 B)
IO     input  arg1_1                 torch [2048, 1024] -> device [16, 2048, 64] in HBM = 2097152 elems x 2B = 4194304 B  (hbm counted: 4194304 B) broadcast (loaded once)
IO   op Pointwise
IO     output coarse_tile_combine_buf0 torch [4, 1024, 1024] -> device [4, 1024, 1024] in HBM = 4194304 elems x 2B = 8388608 B  (hbm counted: 67108864 B) xL=8
IO     input  buf0                   torch [4, 1024, 1024] -> device [1024, 16, 4, 64] in HBM = 4194304 elems x 2B = 8388608 B  (hbm counted: 67108864 B) xL=8
IO     input  buf1                   torch [4, 1024, 1024] -> device [1024, 16, 4, 64] in HBM = 4194304 elems x 2B = 8388608 B  (hbm counted: 67108864 B) xL=8
IO   => HBM I/O total = 297795712 B  (lx 0 B, ~free)
MODEL -- estimate (turnaround): T = compute + (R+W)/BW_PEAK + a*min(R,W) --
MODEL   R=155189376 B (read)   W=142606336 B (write)   loop_trip L=8
MODEL   compute = MACs/cores/(mac_peak*pt_eff) = 1073741824/32/(1140*1.000) = 29.43 us  (M/m=256, pt_eff=1.000)
MODEL   base = R/150+W/150 = 1985.30 us
MODEL   turn = a*min(R,W) = 0.00574*142606336 = 818.56 us
MODEL   => T_model = 2820.15 us
MODEL FEATS [{"name":"Pointwise","is_reduction":false,"out_elems":4194304,"cores":32,"dtype_bytes":2,"args":[{"name":"coarse_tile_fill_buf0","role":"output","mem":"hbm","elems":4194304,"broadcast":false,"dims":[4,1024,1024],"logical":[4,1024,1024],"loop_factor":1},{"name":"buf2","role":"input","mem":"hbm","elems":64,"broadcast":true,"dims":[1,64],"logical":[],"loop_factor":1}],"reduction_cores":1,"loop_trip":1,"tiles_output_dim":false,"tile_rows_per_core":0.0,"is_matmul":false,"matmul_macs":0,"matmul_rows_per_core":0.0,"matmul_cols_per_core":0.0,"matmul_a_bytes":0,"matmul_b_bytes":0,"matmul_m_split":1,"matmul_n_split":1,"hbm_pattern":""},{"name":"bmm_default","is_reduction":true,"out_elems":4194304,"cores":32,"dtype_bytes":2,"args":[{"name":"op0","role":"output","mem":"hbm","elems":4194304,"broadcast":false,"dims":[1024,16,4,64],"logical":[4,1024,1024],"loop_factor":8},{"name":"arg0_1","role":"input","mem":"hbm","elems":8388608,"broadcast":false,"dims":[1024,32,4,64],"logical":[4,1024,2048],"loop_factor":1},{"name":"arg1_1","role":"input","mem":"hbm","elems":2097152,"broadcast":true,"dims":[16,2048,64],"logical":[2048,1024],"loop_factor":1}],"reduction_cores":1,"loop_trip":8,"tiles_output_dim":false,"tile_rows_per_core":0.0,"is_matmul":true,"matmul_macs":1073741824,"matmul_rows_per_core":256.0,"matmul_cols_per_core":128.0,"matmul_a_bytes":524288,"matmul_b_bytes":524288,"matmul_m_split":4,"matmul_n_split":8,"hbm_pattern":""},{"name":"Pointwise","is_reduction":false,"out_elems":4194304,"cores":32,"dtype_bytes":2,"args":[{"name":"coarse_tile_combine_buf0","role":"output","mem":"hbm","elems":4194304,"broadcast":false,"dims":[4,1024,1024],"logical":[4,1024,1024],"loop_factor":8},{"name":"buf0","role":"input","mem":"hbm","elems":4194304,"broadcast":false,"dims":[1024,16,4,64],"logical":[4,1024,1024],"loop_factor":8},{"name":"buf1","role":"input","mem":"hbm","elems":4194304,"broadcast":false,"dims":[1024,16,4,64],"logical":[4,1024,1024],"loop_factor":8}],"reduction_cores":1,"loop_trip":8,"tiles_output_dim":false,"tile_rows_per_core":0.0,"is_matmul":false,"matmul_macs":0,"matmul_rows_per_core":0.0,"matmul_cols_per_core":0.0,"matmul_a_bytes":0,"matmul_b_bytes":0,"matmul_m_split":1,"matmul_n_split":1,"hbm_pattern":""}]
SUMMARY op=bmm_3d2d_k_tiling rows=1024 cols=2048 cores=32 tiles=8 lx=1 io_hbm_bytes=297795712 kernel_us=3271.074 pred_us=2820.153 err_pct=-13.8 bw_gbps=91.0 memset_us=359.671 other_dev_us=387.580 total_dev_us=4018.325
-- bmm_3d2d_k_tiling B=4 M=1024 K=2048 N=1024 tiles=16
  op_it_space_splits={d0: 1, d1: 32, d2: 1}
  op_it_space_splits={d0: 1, d1: 4, d2: 8, d3: 1}
  op_it_space_splits={d0: 1, d1: 32, d2: 1}
  op_it_space_splits={d0: 1, d1: 32, d2: 1}
  op_it_space_splits={d0: 1, d1: 4, d2: 8, d3: 1}
  op_it_space_splits={d0: 1, d1: 32, d2: 1}
  op_it_space_splits={d0: 1, d1: 32, d2: 1}
  op_it_space_splits={d0: 1, d1: 4, d2: 8, d3: 1}
  op_it_space_splits={d0: 1, d1: 32, d2: 1}
  op_it_space_splits={d0: 1, d1: 32, d2: 1}
  op_it_space_splits={d0: 1, d1: 4, d2: 8, d3: 1}
  op_it_space_splits={d0: 1, d1: 32, d2: 1}
  op_it_space_splits={d0: 1, d1: 32, d2: 1}
  op_it_space_splits={d0: 1, d1: 4, d2: 8, d3: 1}
  op_it_space_splits={d0: 1, d1: 32, d2: 1}
  op_it_space_splits={d0: 1, d1: 32, d2: 1}
  op_it_space_splits={d0: 1, d1: 4, d2: 8, d3: 1}
  op_it_space_splits={d0: 1, d1: 32, d2: 1}
IO -- device-layout I/O (cost model, stick-padded) --
IO   op Pointwise
IO     output coarse_tile_fill_buf0  torch [4, 1024, 1024] -> device [4, 1024, 1024] in HBM = 4194304 elems x 2B = 8388608 B  (hbm counted: 8388608 B)
IO     input  buf2                   device [1, 64] in HBM = 64 elems x 2B = 128 B  (hbm counted: 128 B) broadcast (loaded once)
IO   op bmm_default [reduction]
IO     output op0                    torch [4, 1024, 1024] -> device [1024, 16, 4, 64] in HBM = 4194304 elems x 2B = 8388608 B  (hbm counted: 134217728 B) xL=16
IO     input  arg0_1                 torch [4, 1024, 2048] -> device [1024, 32, 4, 64] in HBM = 8388608 elems x 2B = 16777216 B  (hbm counted: 16777216 B)
IO     input  arg1_1                 torch [2048, 1024] -> device [16, 2048, 64] in HBM = 2097152 elems x 2B = 4194304 B  (hbm counted: 4194304 B) broadcast (loaded once)
IO   op Pointwise
IO     output coarse_tile_combine_buf0 torch [4, 1024, 1024] -> device [4, 1024, 1024] in HBM = 4194304 elems x 2B = 8388608 B  (hbm counted: 134217728 B) xL=16
IO     input  buf0                   torch [4, 1024, 1024] -> device [1024, 16, 4, 64] in HBM = 4194304 elems x 2B = 8388608 B  (hbm counted: 134217728 B) xL=16
IO     input  buf1                   torch [4, 1024, 1024] -> device [1024, 16, 4, 64] in HBM = 4194304 elems x 2B = 8388608 B  (hbm counted: 134217728 B) xL=16
IO   => HBM I/O total = 566231168 B  (lx 0 B, ~free)
MODEL -- estimate (turnaround): T = compute + (R+W)/BW_PEAK + a*min(R,W) --
MODEL   R=289407104 B (read)   W=276824064 B (write)   loop_trip L=16
MODEL   compute = MACs/cores/(mac_peak*pt_eff) = 536870912/32/(1140*1.000) = 14.72 us  (M/m=256, pt_eff=1.000)
MODEL   base = R/150+W/150 = 3774.87 us
MODEL   turn = a*min(R,W) = 0.00574*276824064 = 1588.97 us
MODEL   => T_model = 5372.19 us
MODEL FEATS [{"name":"Pointwise","is_reduction":false,"out_elems":4194304,"cores":32,"dtype_bytes":2,"args":[{"name":"coarse_tile_fill_buf0","role":"output","mem":"hbm","elems":4194304,"broadcast":false,"dims":[4,1024,1024],"logical":[4,1024,1024],"loop_factor":1},{"name":"buf2","role":"input","mem":"hbm","elems":64,"broadcast":true,"dims":[1,64],"logical":[],"loop_factor":1}],"reduction_cores":1,"loop_trip":1,"tiles_output_dim":false,"tile_rows_per_core":0.0,"is_matmul":false,"matmul_macs":0,"matmul_rows_per_core":0.0,"matmul_cols_per_core":0.0,"matmul_a_bytes":0,"matmul_b_bytes":0,"matmul_m_split":1,"matmul_n_split":1,"hbm_pattern":""},{"name":"bmm_default","is_reduction":true,"out_elems":4194304,"cores":32,"dtype_bytes":2,"args":[{"name":"op0","role":"output","mem":"hbm","elems":4194304,"broadcast":false,"dims":[1024,16,4,64],"logical":[4,1024,1024],"loop_factor":16},{"name":"arg0_1","role":"input","mem":"hbm","elems":8388608,"broadcast":false,"dims":[1024,32,4,64],"logical":[4,1024,2048],"loop_factor":1},{"name":"arg1_1","role":"input","mem":"hbm","elems":2097152,"broadcast":true,"dims":[16,2048,64],"logical":[2048,1024],"loop_factor":1}],"reduction_cores":1,"loop_trip":16,"tiles_output_dim":false,"tile_rows_per_core":0.0,"is_matmul":true,"matmul_macs":536870912,"matmul_rows_per_core":256.0,"matmul_cols_per_core":128.0,"matmul_a_bytes":262144,"matmul_b_bytes":262144,"matmul_m_split":4,"matmul_n_split":8,"hbm_pattern":""},{"name":"Pointwise","is_reduction":false,"out_elems":4194304,"cores":32,"dtype_bytes":2,"args":[{"name":"coarse_tile_combine_buf0","role":"output","mem":"hbm","elems":4194304,"broadcast":false,"dims":[4,1024,1024],"logical":[4,1024,1024],"loop_factor":16},{"name":"buf0","role":"input","mem":"hbm","elems":4194304,"broadcast":false,"dims":[1024,16,4,64],"logical":[4,1024,1024],"loop_factor":16},{"name":"buf1","role":"input","mem":"hbm","elems":4194304,"broadcast":false,"dims":[1024,16,4,64],"logical":[4,1024,1024],"loop_factor":16}],"reduction_cores":1,"loop_trip":16,"tiles_output_dim":false,"tile_rows_per_core":0.0,"is_matmul":false,"matmul_macs":0,"matmul_rows_per_core":0.0,"matmul_cols_per_core":0.0,"matmul_a_bytes":0,"matmul_b_bytes":0,"matmul_m_split":1,"matmul_n_split":1,"hbm_pattern":""}]
SUMMARY op=bmm_3d2d_k_tiling rows=1024 cols=2048 cores=32 tiles=16 lx=1 io_hbm_bytes=566231168 kernel_us=6130.290 pred_us=5372.185 err_pct=-12.4 bw_gbps=92.4 memset_us=338.391 other_dev_us=550.728 total_dev_us=7019.409
-- bmm_k_tiling B=8 M=1024 K=2048 N=1024 tiles=1
  op_it_space_splits={d0: 1, d1: 16, d2: 2, d3: 1}
IO -- device-layout I/O (cost model, stick-padded) --
IO   op bmm [reduction]
IO     output op0                    torch [8, 1024, 1024] -> device [1024, 16, 8, 64] in HBM = 8388608 elems x 2B = 16777216 B  (hbm counted: 16777216 B)
IO     input  arg0_1                 torch [8, 1024, 2048] -> device [1024, 32, 8, 64] in HBM = 16777216 elems x 2B = 33554432 B  (hbm counted: 33554432 B)
IO     input  arg1_1                 torch [8, 2048, 1024] -> device [2048, 16, 8, 64] in HBM = 16777216 elems x 2B = 33554432 B  (hbm counted: 33554432 B)
IO   => HBM I/O total = 83886080 B  (lx 0 B, ~free)
MODEL -- estimate (turnaround): T = compute + (R+W)/BW_PEAK + a*min(R,W) --
MODEL   R=67108864 B (read)   W=16777216 B (write)   loop_trip L=1
MODEL   compute = MACs/cores/(mac_peak*pt_eff) = 17179869184/32/(1140*1.000) = 470.94 us  (M/m=64, pt_eff=1.000)
MODEL   base = R/150+W/150 = 559.24 us
MODEL   turn = a*min(R,W) = 0.00574*16777216 = 96.30 us
MODEL   => T_model = 909.85 us
MODEL FEATS [{"name":"bmm","is_reduction":true,"out_elems":8388608,"cores":32,"dtype_bytes":2,"args":[{"name":"op0","role":"output","mem":"hbm","elems":8388608,"broadcast":false,"dims":[1024,16,8,64],"logical":[8,1024,1024],"loop_factor":1},{"name":"arg0_1","role":"input","mem":"hbm","elems":16777216,"broadcast":false,"dims":[1024,32,8,64],"logical":[8,1024,2048],"loop_factor":1},{"name":"arg1_1","role":"input","mem":"hbm","elems":16777216,"broadcast":false,"dims":[2048,16,8,64],"logical":[8,2048,1024],"loop_factor":1}],"reduction_cores":1,"loop_trip":1,"tiles_output_dim":false,"tile_rows_per_core":0.0,"is_matmul":true,"matmul_macs":17179869184,"matmul_rows_per_core":64.0,"matmul_cols_per_core":512.0,"matmul_a_bytes":4194304,"matmul_b_bytes":4194304,"matmul_m_split":16,"matmul_n_split":2,"hbm_pattern":""}]
SUMMARY op=bmm_k_tiling rows=1024 cols=2048 cores=32 tiles=1 lx=1 io_hbm_bytes=83886080 kernel_us=7454.909 pred_us=909.849 err_pct=-87.8 bw_gbps=11.3 memset_us=312.395 other_dev_us=894.116 total_dev_us=8661.420
-- bmm_k_tiling B=8 M=1024 K=2048 N=1024 tiles=2
  op_it_space_splits={d0: 1, d1: 32, d2: 1}
  op_it_space_splits={d0: 1, d1: 16, d2: 2, d3: 1}
  op_it_space_splits={d0: 1, d1: 32, d2: 1}
  op_it_space_splits={d0: 1, d1: 32, d2: 1}
  op_it_space_splits={d0: 1, d1: 16, d2: 2, d3: 1}
  op_it_space_splits={d0: 1, d1: 32, d2: 1}
  op_it_space_splits={d0: 1, d1: 32, d2: 1}
  op_it_space_splits={d0: 1, d1: 16, d2: 2, d3: 1}
  op_it_space_splits={d0: 1, d1: 32, d2: 1}
  op_it_space_splits={d0: 1, d1: 32, d2: 1}
  op_it_space_splits={d0: 1, d1: 16, d2: 2, d3: 1}
  op_it_space_splits={d0: 1, d1: 32, d2: 1}
  op_it_space_splits={d0: 1, d1: 32, d2: 1}
  op_it_space_splits={d0: 1, d1: 16, d2: 2, d3: 1}
  op_it_space_splits={d0: 1, d1: 32, d2: 1}
  op_it_space_splits={d0: 1, d1: 32, d2: 1}
  op_it_space_splits={d0: 1, d1: 16, d2: 2, d3: 1}
  op_it_space_splits={d0: 1, d1: 32, d2: 1}
IO -- device-layout I/O (cost model, stick-padded) --
IO   op Pointwise
IO     output coarse_tile_fill_buf0  torch [8, 1024, 1024] -> device [8, 1024, 1024] in HBM = 8388608 elems x 2B = 16777216 B  (hbm counted: 16777216 B)
IO     input  buf2                   device [1, 64] in HBM = 64 elems x 2B = 128 B  (hbm counted: 128 B) broadcast (loaded once)
IO   op bmm [reduction]
IO     output op0                    torch [8, 1024, 1024] -> device [1024, 16, 8, 64] in HBM = 8388608 elems x 2B = 16777216 B  (hbm counted: 33554432 B) xL=2
IO     input  arg0_1                 torch [8, 1024, 2048] -> device [1024, 32, 8, 64] in HBM = 16777216 elems x 2B = 33554432 B  (hbm counted: 33554432 B)
IO     input  arg1_1                 torch [8, 2048, 1024] -> device [2048, 16, 8, 64] in HBM = 16777216 elems x 2B = 33554432 B  (hbm counted: 33554432 B)
IO   op Pointwise
IO     output coarse_tile_combine_buf0 torch [8, 1024, 1024] -> device [8, 1024, 1024] in HBM = 8388608 elems x 2B = 16777216 B  (hbm counted: 33554432 B) xL=2
IO     input  buf0                   torch [8, 1024, 1024] -> device [1024, 16, 8, 64] in HBM = 8388608 elems x 2B = 16777216 B  (hbm counted: 33554432 B) xL=2
IO     input  buf1                   torch [8, 1024, 1024] -> device [1024, 16, 8, 64] in HBM = 8388608 elems x 2B = 16777216 B  (hbm counted: 33554432 B) xL=2
IO   => HBM I/O total = 218103936 B  (lx 0 B, ~free)
MODEL -- estimate (turnaround): T = compute + (R+W)/BW_PEAK + a*min(R,W) --
MODEL   R=134217856 B (read)   W=83886080 B (write)   loop_trip L=2
MODEL   compute = MACs/cores/(mac_peak*pt_eff) = 8589934592/32/(1140*1.000) = 235.47 us  (M/m=64, pt_eff=1.000)
MODEL   base = R/150+W/150 = 1454.03 us
MODEL   turn = a*min(R,W) = 0.00574*83886080 = 481.51 us
MODEL   => T_model = 2063.08 us
MODEL FEATS [{"name":"Pointwise","is_reduction":false,"out_elems":8388608,"cores":32,"dtype_bytes":2,"args":[{"name":"coarse_tile_fill_buf0","role":"output","mem":"hbm","elems":8388608,"broadcast":false,"dims":[8,1024,1024],"logical":[8,1024,1024],"loop_factor":1},{"name":"buf2","role":"input","mem":"hbm","elems":64,"broadcast":true,"dims":[1,64],"logical":[],"loop_factor":1}],"reduction_cores":1,"loop_trip":1,"tiles_output_dim":false,"tile_rows_per_core":0.0,"is_matmul":false,"matmul_macs":0,"matmul_rows_per_core":0.0,"matmul_cols_per_core":0.0,"matmul_a_bytes":0,"matmul_b_bytes":0,"matmul_m_split":1,"matmul_n_split":1,"hbm_pattern":""},{"name":"bmm","is_reduction":true,"out_elems":8388608,"cores":32,"dtype_bytes":2,"args":[{"name":"op0","role":"output","mem":"hbm","elems":8388608,"broadcast":false,"dims":[1024,16,8,64],"logical":[8,1024,1024],"loop_factor":2},{"name":"arg0_1","role":"input","mem":"hbm","elems":16777216,"broadcast":false,"dims":[1024,32,8,64],"logical":[8,1024,2048],"loop_factor":1},{"name":"arg1_1","role":"input","mem":"hbm","elems":16777216,"broadcast":false,"dims":[2048,16,8,64],"logical":[8,2048,1024],"loop_factor":1}],"reduction_cores":1,"loop_trip":2,"tiles_output_dim":false,"tile_rows_per_core":0.0,"is_matmul":true,"matmul_macs":8589934592,"matmul_rows_per_core":64.0,"matmul_cols_per_core":512.0,"matmul_a_bytes":2097152,"matmul_b_bytes":2097152,"matmul_m_split":16,"matmul_n_split":2,"hbm_pattern":""},{"name":"Pointwise","is_reduction":false,"out_elems":8388608,"cores":32,"dtype_bytes":2,"args":[{"name":"coarse_tile_combine_buf0","role":"output","mem":"hbm","elems":8388608,"broadcast":false,"dims":[8,1024,1024],"logical":[8,1024,1024],"loop_factor":2},{"name":"buf0","role":"input","mem":"hbm","elems":8388608,"broadcast":false,"dims":[1024,16,8,64],"logical":[8,1024,1024],"loop_factor":2},{"name":"buf1","role":"input","mem":"hbm","elems":8388608,"broadcast":false,"dims":[1024,16,8,64],"logical":[8,1024,1024],"loop_factor":2}],"reduction_cores":1,"loop_trip":2,"tiles_output_dim":false,"tile_rows_per_core":0.0,"is_matmul":false,"matmul_macs":0,"matmul_rows_per_core":0.0,"matmul_cols_per_core":0.0,"matmul_a_bytes":0,"matmul_b_bytes":0,"matmul_m_split":1,"matmul_n_split":1,"hbm_pattern":""}]
SUMMARY op=bmm_k_tiling rows=1024 cols=2048 cores=32 tiles=2 lx=1 io_hbm_bytes=218103936 kernel_us=8697.983 pred_us=2063.080 err_pct=-76.3 bw_gbps=25.1 memset_us=394.117 other_dev_us=969.716 total_dev_us=10061.816
-- bmm_k_tiling B=8 M=1024 K=2048 N=1024 tiles=4
  op_it_space_splits={d0: 1, d1: 32, d2: 1}
  op_it_space_splits={d0: 1, d1: 16, d2: 2, d3: 1}
  op_it_space_splits={d0: 1, d1: 32, d2: 1}
  op_it_space_splits={d0: 1, d1: 32, d2: 1}
  op_it_space_splits={d0: 1, d1: 16, d2: 2, d3: 1}
  op_it_space_splits={d0: 1, d1: 32, d2: 1}
  op_it_space_splits={d0: 1, d1: 32, d2: 1}
  op_it_space_splits={d0: 1, d1: 16, d2: 2, d3: 1}
  op_it_space_splits={d0: 1, d1: 32, d2: 1}
  op_it_space_splits={d0: 1, d1: 32, d2: 1}
  op_it_space_splits={d0: 1, d1: 16, d2: 2, d3: 1}
  op_it_space_splits={d0: 1, d1: 32, d2: 1}
  op_it_space_splits={d0: 1, d1: 32, d2: 1}
  op_it_space_splits={d0: 1, d1: 16, d2: 2, d3: 1}
  op_it_space_splits={d0: 1, d1: 32, d2: 1}
  op_it_space_splits={d0: 1, d1: 32, d2: 1}
  op_it_space_splits={d0: 1, d1: 16, d2: 2, d3: 1}
  op_it_space_splits={d0: 1, d1: 32, d2: 1}
IO -- device-layout I/O (cost model, stick-padded) --
IO   op Pointwise
IO     output coarse_tile_fill_buf0  torch [8, 1024, 1024] -> device [8, 1024, 1024] in HBM = 8388608 elems x 2B = 16777216 B  (hbm counted: 16777216 B)
IO     input  buf2                   device [1, 64] in HBM = 64 elems x 2B = 128 B  (hbm counted: 128 B) broadcast (loaded once)
IO   op bmm [reduction]
IO     output op0                    torch [8, 1024, 1024] -> device [1024, 16, 8, 64] in HBM = 8388608 elems x 2B = 16777216 B  (hbm counted: 67108864 B) xL=4
IO     input  arg0_1                 torch [8, 1024, 2048] -> device [1024, 32, 8, 64] in HBM = 16777216 elems x 2B = 33554432 B  (hbm counted: 33554432 B)
IO     input  arg1_1                 torch [8, 2048, 1024] -> device [2048, 16, 8, 64] in HBM = 16777216 elems x 2B = 33554432 B  (hbm counted: 33554432 B)
IO   op Pointwise
IO     output coarse_tile_combine_buf0 torch [8, 1024, 1024] -> device [8, 1024, 1024] in HBM = 8388608 elems x 2B = 16777216 B  (hbm counted: 67108864 B) xL=4
IO     input  buf0                   torch [8, 1024, 1024] -> device [1024, 16, 8, 64] in HBM = 8388608 elems x 2B = 16777216 B  (hbm counted: 67108864 B) xL=4
IO     input  buf1                   torch [8, 1024, 1024] -> device [1024, 16, 8, 64] in HBM = 8388608 elems x 2B = 16777216 B  (hbm counted: 67108864 B) xL=4
IO   => HBM I/O total = 352321664 B  (lx 0 B, ~free)
MODEL -- estimate (turnaround): T = compute + (R+W)/BW_PEAK + a*min(R,W) --
MODEL   R=201326720 B (read)   W=150994944 B (write)   loop_trip L=4
MODEL   compute = MACs/cores/(mac_peak*pt_eff) = 4294967296/32/(1140*1.000) = 117.73 us  (M/m=64, pt_eff=1.000)
MODEL   base = R/150+W/150 = 2348.81 us
MODEL   turn = a*min(R,W) = 0.00574*150994944 = 866.71 us
MODEL   => T_model = 3279.49 us
MODEL FEATS [{"name":"Pointwise","is_reduction":false,"out_elems":8388608,"cores":32,"dtype_bytes":2,"args":[{"name":"coarse_tile_fill_buf0","role":"output","mem":"hbm","elems":8388608,"broadcast":false,"dims":[8,1024,1024],"logical":[8,1024,1024],"loop_factor":1},{"name":"buf2","role":"input","mem":"hbm","elems":64,"broadcast":true,"dims":[1,64],"logical":[],"loop_factor":1}],"reduction_cores":1,"loop_trip":1,"tiles_output_dim":false,"tile_rows_per_core":0.0,"is_matmul":false,"matmul_macs":0,"matmul_rows_per_core":0.0,"matmul_cols_per_core":0.0,"matmul_a_bytes":0,"matmul_b_bytes":0,"matmul_m_split":1,"matmul_n_split":1,"hbm_pattern":""},{"name":"bmm","is_reduction":true,"out_elems":8388608,"cores":32,"dtype_bytes":2,"args":[{"name":"op0","role":"output","mem":"hbm","elems":8388608,"broadcast":false,"dims":[1024,16,8,64],"logical":[8,1024,1024],"loop_factor":4},{"name":"arg0_1","role":"input","mem":"hbm","elems":16777216,"broadcast":false,"dims":[1024,32,8,64],"logical":[8,1024,2048],"loop_factor":1},{"name":"arg1_1","role":"input","mem":"hbm","elems":16777216,"broadcast":false,"dims":[2048,16,8,64],"logical":[8,2048,1024],"loop_factor":1}],"reduction_cores":1,"loop_trip":4,"tiles_output_dim":false,"tile_rows_per_core":0.0,"is_matmul":true,"matmul_macs":4294967296,"matmul_rows_per_core":64.0,"matmul_cols_per_core":512.0,"matmul_a_bytes":1048576,"matmul_b_bytes":1048576,"matmul_m_split":16,"matmul_n_split":2,"hbm_pattern":""},{"name":"Pointwise","is_reduction":false,"out_elems":8388608,"cores":32,"dtype_bytes":2,"args":[{"name":"coarse_tile_combine_buf0","role":"output","mem":"hbm","elems":8388608,"broadcast":false,"dims":[8,1024,1024],"logical":[8,1024,1024],"loop_factor":4},{"name":"buf0","role":"input","mem":"hbm","elems":8388608,"broadcast":false,"dims":[1024,16,8,64],"logical":[8,1024,1024],"loop_factor":4},{"name":"buf1","role":"input","mem":"hbm","elems":8388608,"broadcast":false,"dims":[1024,16,8,64],"logical":[8,1024,1024],"loop_factor":4}],"reduction_cores":1,"loop_trip":4,"tiles_output_dim":false,"tile_rows_per_core":0.0,"is_matmul":false,"matmul_macs":0,"matmul_rows_per_core":0.0,"matmul_cols_per_core":0.0,"matmul_a_bytes":0,"matmul_b_bytes":0,"matmul_m_split":1,"matmul_n_split":1,"hbm_pattern":""}]
SUMMARY op=bmm_k_tiling rows=1024 cols=2048 cores=32 tiles=4 lx=1 io_hbm_bytes=352321664 kernel_us=9703.380 pred_us=3279.493 err_pct=-66.2 bw_gbps=36.3 memset_us=376.916 other_dev_us=1039.782 total_dev_us=11120.078
-- bmm_k_tiling B=8 M=1024 K=2048 N=1024 tiles=8
  op_it_space_splits={d0: 1, d1: 32, d2: 1}
  op_it_space_splits={d0: 1, d1: 16, d2: 2, d3: 1}
  op_it_space_splits={d0: 1, d1: 32, d2: 1}
  op_it_space_splits={d0: 1, d1: 32, d2: 1}
  op_it_space_splits={d0: 1, d1: 16, d2: 2, d3: 1}
  op_it_space_splits={d0: 1, d1: 32, d2: 1}
  op_it_space_splits={d0: 1, d1: 32, d2: 1}
  op_it_space_splits={d0: 1, d1: 16, d2: 2, d3: 1}
  op_it_space_splits={d0: 1, d1: 32, d2: 1}
  op_it_space_splits={d0: 1, d1: 32, d2: 1}
  op_it_space_splits={d0: 1, d1: 16, d2: 2, d3: 1}
  op_it_space_splits={d0: 1, d1: 32, d2: 1}
  op_it_space_splits={d0: 1, d1: 32, d2: 1}
  op_it_space_splits={d0: 1, d1: 16, d2: 2, d3: 1}
  op_it_space_splits={d0: 1, d1: 32, d2: 1}
  op_it_space_splits={d0: 1, d1: 32, d2: 1}
  op_it_space_splits={d0: 1, d1: 16, d2: 2, d3: 1}
  op_it_space_splits={d0: 1, d1: 32, d2: 1}
IO -- device-layout I/O (cost model, stick-padded) --
IO   op Pointwise
IO     output coarse_tile_fill_buf0  torch [8, 1024, 1024] -> device [8, 1024, 1024] in HBM = 8388608 elems x 2B = 16777216 B  (hbm counted: 16777216 B)
IO     input  buf2                   device [1, 64] in HBM = 64 elems x 2B = 128 B  (hbm counted: 128 B) broadcast (loaded once)
IO   op bmm [reduction]
IO     output op0                    torch [8, 1024, 1024] -> device [1024, 16, 8, 64] in HBM = 8388608 elems x 2B = 16777216 B  (hbm counted: 134217728 B) xL=8
IO     input  arg0_1                 torch [8, 1024, 2048] -> device [1024, 32, 8, 64] in HBM = 16777216 elems x 2B = 33554432 B  (hbm counted: 33554432 B)
IO     input  arg1_1                 torch [8, 2048, 1024] -> device [2048, 16, 8, 64] in HBM = 16777216 elems x 2B = 33554432 B  (hbm counted: 33554432 B)
IO   op Pointwise
IO     output coarse_tile_combine_buf0 torch [8, 1024, 1024] -> device [8, 1024, 1024] in HBM = 8388608 elems x 2B = 16777216 B  (hbm counted: 134217728 B) xL=8
IO     input  buf0                   torch [8, 1024, 1024] -> device [1024, 16, 8, 64] in HBM = 8388608 elems x 2B = 16777216 B  (hbm counted: 134217728 B) xL=8
IO     input  buf1                   torch [8, 1024, 1024] -> device [1024, 16, 8, 64] in HBM = 8388608 elems x 2B = 16777216 B  (hbm counted: 134217728 B) xL=8
IO   => HBM I/O total = 620757120 B  (lx 0 B, ~free)
MODEL -- estimate (turnaround): T = compute + (R+W)/BW_PEAK + a*min(R,W) --
MODEL   R=335544448 B (read)   W=285212672 B (write)   loop_trip L=8
MODEL   compute = MACs/cores/(mac_peak*pt_eff) = 2147483648/32/(1140*1.000) = 58.87 us  (M/m=64, pt_eff=1.000)
MODEL   base = R/150+W/150 = 4138.38 us
MODEL   turn = a*min(R,W) = 0.00574*285212672 = 1637.12 us
MODEL   => T_model = 5807.68 us
MODEL FEATS [{"name":"Pointwise","is_reduction":false,"out_elems":8388608,"cores":32,"dtype_bytes":2,"args":[{"name":"coarse_tile_fill_buf0","role":"output","mem":"hbm","elems":8388608,"broadcast":false,"dims":[8,1024,1024],"logical":[8,1024,1024],"loop_factor":1},{"name":"buf2","role":"input","mem":"hbm","elems":64,"broadcast":true,"dims":[1,64],"logical":[],"loop_factor":1}],"reduction_cores":1,"loop_trip":1,"tiles_output_dim":false,"tile_rows_per_core":0.0,"is_matmul":false,"matmul_macs":0,"matmul_rows_per_core":0.0,"matmul_cols_per_core":0.0,"matmul_a_bytes":0,"matmul_b_bytes":0,"matmul_m_split":1,"matmul_n_split":1,"hbm_pattern":""},{"name":"bmm","is_reduction":true,"out_elems":8388608,"cores":32,"dtype_bytes":2,"args":[{"name":"op0","role":"output","mem":"hbm","elems":8388608,"broadcast":false,"dims":[1024,16,8,64],"logical":[8,1024,1024],"loop_factor":8},{"name":"arg0_1","role":"input","mem":"hbm","elems":16777216,"broadcast":false,"dims":[1024,32,8,64],"logical":[8,1024,2048],"loop_factor":1},{"name":"arg1_1","role":"input","mem":"hbm","elems":16777216,"broadcast":false,"dims":[2048,16,8,64],"logical":[8,2048,1024],"loop_factor":1}],"reduction_cores":1,"loop_trip":8,"tiles_output_dim":false,"tile_rows_per_core":0.0,"is_matmul":true,"matmul_macs":2147483648,"matmul_rows_per_core":64.0,"matmul_cols_per_core":512.0,"matmul_a_bytes":524288,"matmul_b_bytes":524288,"matmul_m_split":16,"matmul_n_split":2,"hbm_pattern":""},{"name":"Pointwise","is_reduction":false,"out_elems":8388608,"cores":32,"dtype_bytes":2,"args":[{"name":"coarse_tile_combine_buf0","role":"output","mem":"hbm","elems":8388608,"broadcast":false,"dims":[8,1024,1024],"logical":[8,1024,1024],"loop_factor":8},{"name":"buf0","role":"input","mem":"hbm","elems":8388608,"broadcast":false,"dims":[1024,16,8,64],"logical":[8,1024,1024],"loop_factor":8},{"name":"buf1","role":"input","mem":"hbm","elems":8388608,"broadcast":false,"dims":[1024,16,8,64],"logical":[8,1024,1024],"loop_factor":8}],"reduction_cores":1,"loop_trip":8,"tiles_output_dim":false,"tile_rows_per_core":0.0,"is_matmul":false,"matmul_macs":0,"matmul_rows_per_core":0.0,"matmul_cols_per_core":0.0,"matmul_a_bytes":0,"matmul_b_bytes":0,"matmul_m_split":1,"matmul_n_split":1,"hbm_pattern":""}]
SUMMARY op=bmm_k_tiling rows=1024 cols=2048 cores=32 tiles=8 lx=1 io_hbm_bytes=620757120 kernel_us=11876.536 pred_us=5807.684 err_pct=-51.1 bw_gbps=52.3 memset_us=453.105 other_dev_us=912.062 total_dev_us=13241.703
## CB1 pointwise gelu/copy/add, [2048,8192]+[4096,4096], SENCORES {1,2,4,8,16,32}
-- gelu [2048,8192] sencores=1 tiles=1
IO -- device-layout I/O (cost model, stick-padded) --
IO   op gelu
IO     output op0                    torch [2048, 8192] -> device [128, 2048, 64] in HBM = 16777216 elems x 2B = 33554432 B  (hbm counted: 33554432 B)
IO     input  arg0_1                 torch [2048, 8192] -> device [128, 2048, 64] in HBM = 16777216 elems x 2B = 33554432 B  (hbm counted: 33554432 B)
IO   => HBM I/O total = 67108864 B  (lx 0 B, ~free)
MODEL -- estimate (turnaround): T = (R+W)/BW_PEAK + a*min(R,W) --
MODEL   R=33554432 B (read)   W=33554432 B (write)   loop_trip L=1
MODEL   base = (R+W)/150 = 447.39 us
MODEL   turn = a*min(R,W) = 0.00574*33554432 = 192.60 us
MODEL   => T_model = 639.99 us
MODEL FEATS [{"name":"gelu","is_reduction":false,"out_elems":16777216,"cores":1,"dtype_bytes":2,"args":[{"name":"op0","role":"output","mem":"hbm","elems":16777216,"broadcast":false,"dims":[128,2048,64],"logical":[2048,8192],"loop_factor":1},{"name":"arg0_1","role":"input","mem":"hbm","elems":16777216,"broadcast":false,"dims":[128,2048,64],"logical":[2048,8192],"loop_factor":1}],"reduction_cores":1,"loop_trip":1,"tiles_output_dim":false,"tile_rows_per_core":0.0,"is_matmul":false,"matmul_macs":0,"matmul_rows_per_core":0.0,"matmul_cols_per_core":0.0,"matmul_a_bytes":0,"matmul_b_bytes":0,"matmul_m_split":1,"matmul_n_split":1,"hbm_pattern":""}]
SUMMARY op=gelu rows=2048 cols=8192 cores=1 tiles=1 lx=1 io_hbm_bytes=67108864 kernel_us=1256.747 pred_us=639.995 err_pct=-49.1 bw_gbps=53.4 memset_us=520.120 other_dev_us=1965.729 total_dev_us=3742.596
-- gelu [2048,8192] sencores=2 tiles=1
  op_it_space_splits={d0: 2, d1: 1}
IO -- device-layout I/O (cost model, stick-padded) --
IO   op gelu
IO     output op0                    torch [2048, 8192] -> device [128, 2048, 64] in HBM = 16777216 elems x 2B = 33554432 B  (hbm counted: 33554432 B)
IO     input  arg0_1                 torch [2048, 8192] -> device [128, 2048, 64] in HBM = 16777216 elems x 2B = 33554432 B  (hbm counted: 33554432 B)
IO   => HBM I/O total = 67108864 B  (lx 0 B, ~free)
MODEL -- estimate (turnaround): T = (R+W)/BW_PEAK + a*min(R,W) --
MODEL   R=33554432 B (read)   W=33554432 B (write)   loop_trip L=1
MODEL   base = (R+W)/150 = 447.39 us
MODEL   turn = a*min(R,W) = 0.00574*33554432 = 192.60 us
MODEL   => T_model = 639.99 us
MODEL FEATS [{"name":"gelu","is_reduction":false,"out_elems":16777216,"cores":2,"dtype_bytes":2,"args":[{"name":"op0","role":"output","mem":"hbm","elems":16777216,"broadcast":false,"dims":[128,2048,64],"logical":[2048,8192],"loop_factor":1},{"name":"arg0_1","role":"input","mem":"hbm","elems":16777216,"broadcast":false,"dims":[128,2048,64],"logical":[2048,8192],"loop_factor":1}],"reduction_cores":1,"loop_trip":1,"tiles_output_dim":false,"tile_rows_per_core":0.0,"is_matmul":false,"matmul_macs":0,"matmul_rows_per_core":0.0,"matmul_cols_per_core":0.0,"matmul_a_bytes":0,"matmul_b_bytes":0,"matmul_m_split":1,"matmul_n_split":1,"hbm_pattern":""}]
SUMMARY op=gelu rows=2048 cols=8192 cores=2 tiles=1 lx=1 io_hbm_bytes=67108864 kernel_us=781.899 pred_us=639.995 err_pct=-18.1 bw_gbps=85.8 memset_us=501.193 other_dev_us=2078.237 total_dev_us=3361.329
-- gelu [2048,8192] sencores=4 tiles=1
  op_it_space_splits={d0: 4, d1: 1}
IO -- device-layout I/O (cost model, stick-padded) --
IO   op gelu
IO     output op0                    torch [2048, 8192] -> device [128, 2048, 64] in HBM = 16777216 elems x 2B = 33554432 B  (hbm counted: 33554432 B)
IO     input  arg0_1                 torch [2048, 8192] -> device [128, 2048, 64] in HBM = 16777216 elems x 2B = 33554432 B  (hbm counted: 33554432 B)
IO   => HBM I/O total = 67108864 B  (lx 0 B, ~free)
MODEL -- estimate (turnaround): T = (R+W)/BW_PEAK + a*min(R,W) --
MODEL   R=33554432 B (read)   W=33554432 B (write)   loop_trip L=1
MODEL   base = (R+W)/150 = 447.39 us
MODEL   turn = a*min(R,W) = 0.00574*33554432 = 192.60 us
MODEL   => T_model = 639.99 us
MODEL FEATS [{"name":"gelu","is_reduction":false,"out_elems":16777216,"cores":4,"dtype_bytes":2,"args":[{"name":"op0","role":"output","mem":"hbm","elems":16777216,"broadcast":false,"dims":[128,2048,64],"logical":[2048,8192],"loop_factor":1},{"name":"arg0_1","role":"input","mem":"hbm","elems":16777216,"broadcast":false,"dims":[128,2048,64],"logical":[2048,8192],"loop_factor":1}],"reduction_cores":1,"loop_trip":1,"tiles_output_dim":false,"tile_rows_per_core":0.0,"is_matmul":false,"matmul_macs":0,"matmul_rows_per_core":0.0,"matmul_cols_per_core":0.0,"matmul_a_bytes":0,"matmul_b_bytes":0,"matmul_m_split":1,"matmul_n_split":1,"hbm_pattern":""}]
SUMMARY op=gelu rows=2048 cols=8192 cores=4 tiles=1 lx=1 io_hbm_bytes=67108864 kernel_us=734.740 pred_us=639.995 err_pct=-12.9 bw_gbps=91.3 memset_us=453.428 other_dev_us=2240.657 total_dev_us=3428.825
-- gelu [2048,8192] sencores=8 tiles=1
  op_it_space_splits={d0: 8, d1: 1}
IO -- device-layout I/O (cost model, stick-padded) --
IO   op gelu
IO     output op0                    torch [2048, 8192] -> device [128, 2048, 64] in HBM = 16777216 elems x 2B = 33554432 B  (hbm counted: 33554432 B)
IO     input  arg0_1                 torch [2048, 8192] -> device [128, 2048, 64] in HBM = 16777216 elems x 2B = 33554432 B  (hbm counted: 33554432 B)
IO   => HBM I/O total = 67108864 B  (lx 0 B, ~free)
MODEL -- estimate (turnaround): T = (R+W)/BW_PEAK + a*min(R,W) --
MODEL   R=33554432 B (read)   W=33554432 B (write)   loop_trip L=1
MODEL   base = (R+W)/150 = 447.39 us
MODEL   turn = a*min(R,W) = 0.00574*33554432 = 192.60 us
MODEL   => T_model = 639.99 us
MODEL FEATS [{"name":"gelu","is_reduction":false,"out_elems":16777216,"cores":8,"dtype_bytes":2,"args":[{"name":"op0","role":"output","mem":"hbm","elems":16777216,"broadcast":false,"dims":[128,2048,64],"logical":[2048,8192],"loop_factor":1},{"name":"arg0_1","role":"input","mem":"hbm","elems":16777216,"broadcast":false,"dims":[128,2048,64],"logical":[2048,8192],"loop_factor":1}],"reduction_cores":1,"loop_trip":1,"tiles_output_dim":false,"tile_rows_per_core":0.0,"is_matmul":false,"matmul_macs":0,"matmul_rows_per_core":0.0,"matmul_cols_per_core":0.0,"matmul_a_bytes":0,"matmul_b_bytes":0,"matmul_m_split":1,"matmul_n_split":1,"hbm_pattern":""}]
SUMMARY op=gelu rows=2048 cols=8192 cores=8 tiles=1 lx=1 io_hbm_bytes=67108864 kernel_us=718.133 pred_us=639.995 err_pct=-10.9 bw_gbps=93.4 memset_us=468.792 other_dev_us=2188.762 total_dev_us=3375.687
-- gelu [2048,8192] sencores=16 tiles=1
  op_it_space_splits={d0: 16, d1: 1}
IO -- device-layout I/O (cost model, stick-padded) --
IO   op gelu
IO     output op0                    torch [2048, 8192] -> device [128, 2048, 64] in HBM = 16777216 elems x 2B = 33554432 B  (hbm counted: 33554432 B)
IO     input  arg0_1                 torch [2048, 8192] -> device [128, 2048, 64] in HBM = 16777216 elems x 2B = 33554432 B  (hbm counted: 33554432 B)
IO   => HBM I/O total = 67108864 B  (lx 0 B, ~free)
MODEL -- estimate (turnaround): T = (R+W)/BW_PEAK + a*min(R,W) --
MODEL   R=33554432 B (read)   W=33554432 B (write)   loop_trip L=1
MODEL   base = (R+W)/150 = 447.39 us
MODEL   turn = a*min(R,W) = 0.00574*33554432 = 192.60 us
MODEL   => T_model = 639.99 us
MODEL FEATS [{"name":"gelu","is_reduction":false,"out_elems":16777216,"cores":16,"dtype_bytes":2,"args":[{"name":"op0","role":"output","mem":"hbm","elems":16777216,"broadcast":false,"dims":[128,2048,64],"logical":[2048,8192],"loop_factor":1},{"name":"arg0_1","role":"input","mem":"hbm","elems":16777216,"broadcast":false,"dims":[128,2048,64],"logical":[2048,8192],"loop_factor":1}],"reduction_cores":1,"loop_trip":1,"tiles_output_dim":false,"tile_rows_per_core":0.0,"is_matmul":false,"matmul_macs":0,"matmul_rows_per_core":0.0,"matmul_cols_per_core":0.0,"matmul_a_bytes":0,"matmul_b_bytes":0,"matmul_m_split":1,"matmul_n_split":1,"hbm_pattern":""}]
SUMMARY op=gelu rows=2048 cols=8192 cores=16 tiles=1 lx=1 io_hbm_bytes=67108864 kernel_us=708.060 pred_us=639.995 err_pct=-9.6 bw_gbps=94.8 memset_us=464.875 other_dev_us=2051.536 total_dev_us=3224.471
-- gelu [2048,8192] sencores=32 tiles=1
  op_it_space_splits={d0: 32, d1: 1}
IO -- device-layout I/O (cost model, stick-padded) --
IO   op gelu
IO     output op0                    torch [2048, 8192] -> device [128, 2048, 64] in HBM = 16777216 elems x 2B = 33554432 B  (hbm counted: 33554432 B)
IO     input  arg0_1                 torch [2048, 8192] -> device [128, 2048, 64] in HBM = 16777216 elems x 2B = 33554432 B  (hbm counted: 33554432 B)
IO   => HBM I/O total = 67108864 B  (lx 0 B, ~free)
MODEL -- estimate (turnaround): T = (R+W)/BW_PEAK + a*min(R,W) --
MODEL   R=33554432 B (read)   W=33554432 B (write)   loop_trip L=1
MODEL   base = (R+W)/150 = 447.39 us
MODEL   turn = a*min(R,W) = 0.00574*33554432 = 192.60 us
MODEL   => T_model = 639.99 us
MODEL FEATS [{"name":"gelu","is_reduction":false,"out_elems":16777216,"cores":32,"dtype_bytes":2,"args":[{"name":"op0","role":"output","mem":"hbm","elems":16777216,"broadcast":false,"dims":[128,2048,64],"logical":[2048,8192],"loop_factor":1},{"name":"arg0_1","role":"input","mem":"hbm","elems":16777216,"broadcast":false,"dims":[128,2048,64],"logical":[2048,8192],"loop_factor":1}],"reduction_cores":1,"loop_trip":1,"tiles_output_dim":false,"tile_rows_per_core":0.0,"is_matmul":false,"matmul_macs":0,"matmul_rows_per_core":0.0,"matmul_cols_per_core":0.0,"matmul_a_bytes":0,"matmul_b_bytes":0,"matmul_m_split":1,"matmul_n_split":1,"hbm_pattern":""}]
SUMMARY op=gelu rows=2048 cols=8192 cores=32 tiles=1 lx=1 io_hbm_bytes=67108864 kernel_us=648.226 pred_us=639.995 err_pct=-1.3 bw_gbps=103.5 memset_us=462.809 other_dev_us=2233.843 total_dev_us=3344.878
-- gelu [4096,4096] sencores=1 tiles=1
IO -- device-layout I/O (cost model, stick-padded) --
IO   op gelu
IO     output op0                    torch [4096, 4096] -> device [64, 4096, 64] in HBM = 16777216 elems x 2B = 33554432 B  (hbm counted: 33554432 B)
IO     input  arg0_1                 torch [4096, 4096] -> device [64, 4096, 64] in HBM = 16777216 elems x 2B = 33554432 B  (hbm counted: 33554432 B)
IO   => HBM I/O total = 67108864 B  (lx 0 B, ~free)
MODEL -- estimate (turnaround): T = (R+W)/BW_PEAK + a*min(R,W) --
MODEL   R=33554432 B (read)   W=33554432 B (write)   loop_trip L=1
MODEL   base = (R+W)/150 = 447.39 us
MODEL   turn = a*min(R,W) = 0.00574*33554432 = 192.60 us
MODEL   => T_model = 639.99 us
MODEL FEATS [{"name":"gelu","is_reduction":false,"out_elems":16777216,"cores":1,"dtype_bytes":2,"args":[{"name":"op0","role":"output","mem":"hbm","elems":16777216,"broadcast":false,"dims":[64,4096,64],"logical":[4096,4096],"loop_factor":1},{"name":"arg0_1","role":"input","mem":"hbm","elems":16777216,"broadcast":false,"dims":[64,4096,64],"logical":[4096,4096],"loop_factor":1}],"reduction_cores":1,"loop_trip":1,"tiles_output_dim":false,"tile_rows_per_core":0.0,"is_matmul":false,"matmul_macs":0,"matmul_rows_per_core":0.0,"matmul_cols_per_core":0.0,"matmul_a_bytes":0,"matmul_b_bytes":0,"matmul_m_split":1,"matmul_n_split":1,"hbm_pattern":""}]
SUMMARY op=gelu rows=4096 cols=4096 cores=1 tiles=1 lx=1 io_hbm_bytes=67108864 kernel_us=1326.552 pred_us=639.995 err_pct=-51.8 bw_gbps=50.6 memset_us=443.991 other_dev_us=2137.075 total_dev_us=3907.618
-- gelu [4096,4096] sencores=2 tiles=1
  op_it_space_splits={d0: 2, d1: 1}
IO -- device-layout I/O (cost model, stick-padded) --
IO   op gelu
IO     output op0                    torch [4096, 4096] -> device [64, 4096, 64] in HBM = 16777216 elems x 2B = 33554432 B  (hbm counted: 33554432 B)
IO     input  arg0_1                 torch [4096, 4096] -> device [64, 4096, 64] in HBM = 16777216 elems x 2B = 33554432 B  (hbm counted: 33554432 B)
IO   => HBM I/O total = 67108864 B  (lx 0 B, ~free)
MODEL -- estimate (turnaround): T = (R+W)/BW_PEAK + a*min(R,W) --
MODEL   R=33554432 B (read)   W=33554432 B (write)   loop_trip L=1
MODEL   base = (R+W)/150 = 447.39 us
MODEL   turn = a*min(R,W) = 0.00574*33554432 = 192.60 us
MODEL   => T_model = 639.99 us
MODEL FEATS [{"name":"gelu","is_reduction":false,"out_elems":16777216,"cores":2,"dtype_bytes":2,"args":[{"name":"op0","role":"output","mem":"hbm","elems":16777216,"broadcast":false,"dims":[64,4096,64],"logical":[4096,4096],"loop_factor":1},{"name":"arg0_1","role":"input","mem":"hbm","elems":16777216,"broadcast":false,"dims":[64,4096,64],"logical":[4096,4096],"loop_factor":1}],"reduction_cores":1,"loop_trip":1,"tiles_output_dim":false,"tile_rows_per_core":0.0,"is_matmul":false,"matmul_macs":0,"matmul_rows_per_core":0.0,"matmul_cols_per_core":0.0,"matmul_a_bytes":0,"matmul_b_bytes":0,"matmul_m_split":1,"matmul_n_split":1,"hbm_pattern":""}]
SUMMARY op=gelu rows=4096 cols=4096 cores=2 tiles=1 lx=1 io_hbm_bytes=67108864 kernel_us=752.923 pred_us=639.995 err_pct=-15.0 bw_gbps=89.1 memset_us=483.885 other_dev_us=2008.893 total_dev_us=3245.701
-- gelu [4096,4096] sencores=4 tiles=1
  op_it_space_splits={d0: 4, d1: 1}
IO -- device-layout I/O (cost model, stick-padded) --
IO   op gelu
IO     output op0                    torch [4096, 4096] -> device [64, 4096, 64] in HBM = 16777216 elems x 2B = 33554432 B  (hbm counted: 33554432 B)
IO     input  arg0_1                 torch [4096, 4096] -> device [64, 4096, 64] in HBM = 16777216 elems x 2B = 33554432 B  (hbm counted: 33554432 B)
IO   => HBM I/O total = 67108864 B  (lx 0 B, ~free)
MODEL -- estimate (turnaround): T = (R+W)/BW_PEAK + a*min(R,W) --
MODEL   R=33554432 B (read)   W=33554432 B (write)   loop_trip L=1
MODEL   base = (R+W)/150 = 447.39 us
MODEL   turn = a*min(R,W) = 0.00574*33554432 = 192.60 us
MODEL   => T_model = 639.99 us
MODEL FEATS [{"name":"gelu","is_reduction":false,"out_elems":16777216,"cores":4,"dtype_bytes":2,"args":[{"name":"op0","role":"output","mem":"hbm","elems":16777216,"broadcast":false,"dims":[64,4096,64],"logical":[4096,4096],"loop_factor":1},{"name":"arg0_1","role":"input","mem":"hbm","elems":16777216,"broadcast":false,"dims":[64,4096,64],"logical":[4096,4096],"loop_factor":1}],"reduction_cores":1,"loop_trip":1,"tiles_output_dim":false,"tile_rows_per_core":0.0,"is_matmul":false,"matmul_macs":0,"matmul_rows_per_core":0.0,"matmul_cols_per_core":0.0,"matmul_a_bytes":0,"matmul_b_bytes":0,"matmul_m_split":1,"matmul_n_split":1,"hbm_pattern":""}]
SUMMARY op=gelu rows=4096 cols=4096 cores=4 tiles=1 lx=1 io_hbm_bytes=67108864 kernel_us=727.834 pred_us=639.995 err_pct=-12.1 bw_gbps=92.2 memset_us=472.450 other_dev_us=2212.697 total_dev_us=3412.981
-- gelu [4096,4096] sencores=8 tiles=1
  op_it_space_splits={d0: 8, d1: 1}
IO -- device-layout I/O (cost model, stick-padded) --
IO   op gelu
IO     output op0                    torch [4096, 4096] -> device [64, 4096, 64] in HBM = 16777216 elems x 2B = 33554432 B  (hbm counted: 33554432 B)
IO     input  arg0_1                 torch [4096, 4096] -> device [64, 4096, 64] in HBM = 16777216 elems x 2B = 33554432 B  (hbm counted: 33554432 B)
IO   => HBM I/O total = 67108864 B  (lx 0 B, ~free)
MODEL -- estimate (turnaround): T = (R+W)/BW_PEAK + a*min(R,W) --
MODEL   R=33554432 B (read)   W=33554432 B (write)   loop_trip L=1
MODEL   base = (R+W)/150 = 447.39 us
MODEL   turn = a*min(R,W) = 0.00574*33554432 = 192.60 us
MODEL   => T_model = 639.99 us
MODEL FEATS [{"name":"gelu","is_reduction":false,"out_elems":16777216,"cores":8,"dtype_bytes":2,"args":[{"name":"op0","role":"output","mem":"hbm","elems":16777216,"broadcast":false,"dims":[64,4096,64],"logical":[4096,4096],"loop_factor":1},{"name":"arg0_1","role":"input","mem":"hbm","elems":16777216,"broadcast":false,"dims":[64,4096,64],"logical":[4096,4096],"loop_factor":1}],"reduction_cores":1,"loop_trip":1,"tiles_output_dim":false,"tile_rows_per_core":0.0,"is_matmul":false,"matmul_macs":0,"matmul_rows_per_core":0.0,"matmul_cols_per_core":0.0,"matmul_a_bytes":0,"matmul_b_bytes":0,"matmul_m_split":1,"matmul_n_split":1,"hbm_pattern":""}]
SUMMARY op=gelu rows=4096 cols=4096 cores=8 tiles=1 lx=1 io_hbm_bytes=67108864 kernel_us=738.395 pred_us=639.995 err_pct=-13.3 bw_gbps=90.9 memset_us=471.616 other_dev_us=2104.931 total_dev_us=3314.942
-- gelu [4096,4096] sencores=16 tiles=1
  op_it_space_splits={d0: 16, d1: 1}
IO -- device-layout I/O (cost model, stick-padded) --
IO   op gelu
IO     output op0                    torch [4096, 4096] -> device [64, 4096, 64] in HBM = 16777216 elems x 2B = 33554432 B  (hbm counted: 33554432 B)
IO     input  arg0_1                 torch [4096, 4096] -> device [64, 4096, 64] in HBM = 16777216 elems x 2B = 33554432 B  (hbm counted: 33554432 B)
IO   => HBM I/O total = 67108864 B  (lx 0 B, ~free)
MODEL -- estimate (turnaround): T = (R+W)/BW_PEAK + a*min(R,W) --
MODEL   R=33554432 B (read)   W=33554432 B (write)   loop_trip L=1
MODEL   base = (R+W)/150 = 447.39 us
MODEL   turn = a*min(R,W) = 0.00574*33554432 = 192.60 us
MODEL   => T_model = 639.99 us
MODEL FEATS [{"name":"gelu","is_reduction":false,"out_elems":16777216,"cores":16,"dtype_bytes":2,"args":[{"name":"op0","role":"output","mem":"hbm","elems":16777216,"broadcast":false,"dims":[64,4096,64],"logical":[4096,4096],"loop_factor":1},{"name":"arg0_1","role":"input","mem":"hbm","elems":16777216,"broadcast":false,"dims":[64,4096,64],"logical":[4096,4096],"loop_factor":1}],"reduction_cores":1,"loop_trip":1,"tiles_output_dim":false,"tile_rows_per_core":0.0,"is_matmul":false,"matmul_macs":0,"matmul_rows_per_core":0.0,"matmul_cols_per_core":0.0,"matmul_a_bytes":0,"matmul_b_bytes":0,"matmul_m_split":1,"matmul_n_split":1,"hbm_pattern":""}]
SUMMARY op=gelu rows=4096 cols=4096 cores=16 tiles=1 lx=1 io_hbm_bytes=67108864 kernel_us=719.686 pred_us=639.995 err_pct=-11.1 bw_gbps=93.2 memset_us=432.500 other_dev_us=2168.116 total_dev_us=3320.302
-- gelu [4096,4096] sencores=32 tiles=1
  op_it_space_splits={d0: 32, d1: 1}
IO -- device-layout I/O (cost model, stick-padded) --
IO   op gelu
IO     output op0                    torch [4096, 4096] -> device [64, 4096, 64] in HBM = 16777216 elems x 2B = 33554432 B  (hbm counted: 33554432 B)
IO     input  arg0_1                 torch [4096, 4096] -> device [64, 4096, 64] in HBM = 16777216 elems x 2B = 33554432 B  (hbm counted: 33554432 B)
IO   => HBM I/O total = 67108864 B  (lx 0 B, ~free)
MODEL -- estimate (turnaround): T = (R+W)/BW_PEAK + a*min(R,W) --
MODEL   R=33554432 B (read)   W=33554432 B (write)   loop_trip L=1
MODEL   base = (R+W)/150 = 447.39 us
MODEL   turn = a*min(R,W) = 0.00574*33554432 = 192.60 us
MODEL   => T_model = 639.99 us
MODEL FEATS [{"name":"gelu","is_reduction":false,"out_elems":16777216,"cores":32,"dtype_bytes":2,"args":[{"name":"op0","role":"output","mem":"hbm","elems":16777216,"broadcast":false,"dims":[64,4096,64],"logical":[4096,4096],"loop_factor":1},{"name":"arg0_1","role":"input","mem":"hbm","elems":16777216,"broadcast":false,"dims":[64,4096,64],"logical":[4096,4096],"loop_factor":1}],"reduction_cores":1,"loop_trip":1,"tiles_output_dim":false,"tile_rows_per_core":0.0,"is_matmul":false,"matmul_macs":0,"matmul_rows_per_core":0.0,"matmul_cols_per_core":0.0,"matmul_a_bytes":0,"matmul_b_bytes":0,"matmul_m_split":1,"matmul_n_split":1,"hbm_pattern":""}]
SUMMARY op=gelu rows=4096 cols=4096 cores=32 tiles=1 lx=1 io_hbm_bytes=67108864 kernel_us=648.040 pred_us=639.995 err_pct=-1.2 bw_gbps=103.6 memset_us=430.299 other_dev_us=2203.673 total_dev_us=3282.012
-- copy [2048,8192] sencores=1 tiles=1
IO -- device-layout I/O (cost model, stick-padded) --
IO   op Pointwise
IO     output op0                    torch [2048, 8192] -> device [128, 2048, 64] in HBM = 16777216 elems x 2B = 33554432 B  (hbm counted: 33554432 B)
IO     input  arg0_1                 torch [2048, 8192] -> device [128, 2048, 64] in HBM = 16777216 elems x 2B = 33554432 B  (hbm counted: 33554432 B)
IO     input  buf1                   device [1, 64] in HBM = 64 elems x 2B = 128 B  (hbm counted: 128 B) broadcast (loaded once)
IO   => HBM I/O total = 67108992 B  (lx 0 B, ~free)
MODEL -- estimate (turnaround): T = (R+W)/BW_PEAK + a*min(R,W) --
MODEL   R=33554560 B (read)   W=33554432 B (write)   loop_trip L=1
MODEL   base = (R+W)/150 = 447.39 us
MODEL   turn = a*min(R,W) = 0.00574*33554432 = 192.60 us
MODEL   => T_model = 568.72 us
MODEL FEATS [{"name":"Pointwise","is_reduction":false,"out_elems":16777216,"cores":1,"dtype_bytes":2,"args":[{"name":"op0","role":"output","mem":"hbm","elems":16777216,"broadcast":false,"dims":[128,2048,64],"logical":[2048,8192],"loop_factor":1},{"name":"arg0_1","role":"input","mem":"hbm","elems":16777216,"broadcast":false,"dims":[128,2048,64],"logical":[2048,8192],"loop_factor":1},{"name":"buf1","role":"input","mem":"hbm","elems":64,"broadcast":true,"dims":[1,64],"logical":[],"loop_factor":1}],"reduction_cores":1,"loop_trip":1,"tiles_output_dim":false,"tile_rows_per_core":0.0,"is_matmul":false,"matmul_macs":0,"matmul_rows_per_core":0.0,"matmul_cols_per_core":0.0,"matmul_a_bytes":0,"matmul_b_bytes":0,"matmul_m_split":1,"matmul_n_split":1,"hbm_pattern":""}]
SUMMARY op=copy rows=2048 cols=8192 cores=1 tiles=1 lx=1 io_hbm_bytes=67108992 kernel_us=1580.728 pred_us=568.720 err_pct=-64.0 bw_gbps=42.5 memset_us=488.327 other_dev_us=2115.691 total_dev_us=4184.746
-- copy [2048,8192] sencores=2 tiles=1
  op_it_space_splits={d0: 2, d1: 1}
IO -- device-layout I/O (cost model, stick-padded) --
IO   op Pointwise
IO     output op0                    torch [2048, 8192] -> device [128, 2048, 64] in HBM = 16777216 elems x 2B = 33554432 B  (hbm counted: 33554432 B)
IO     input  arg0_1                 torch [2048, 8192] -> device [128, 2048, 64] in HBM = 16777216 elems x 2B = 33554432 B  (hbm counted: 33554432 B)
IO     input  buf1                   device [1, 64] in HBM = 64 elems x 2B = 128 B  (hbm counted: 128 B) broadcast (loaded once)
IO   => HBM I/O total = 67108992 B  (lx 0 B, ~free)
MODEL -- estimate (turnaround): T = (R+W)/BW_PEAK + a*min(R,W) --
MODEL   R=33554560 B (read)   W=33554432 B (write)   loop_trip L=1
MODEL   base = (R+W)/150 = 447.39 us
MODEL   turn = a*min(R,W) = 0.00574*33554432 = 192.60 us
MODEL   => T_model = 568.72 us
MODEL FEATS [{"name":"Pointwise","is_reduction":false,"out_elems":16777216,"cores":2,"dtype_bytes":2,"args":[{"name":"op0","role":"output","mem":"hbm","elems":16777216,"broadcast":false,"dims":[128,2048,64],"logical":[2048,8192],"loop_factor":1},{"name":"arg0_1","role":"input","mem":"hbm","elems":16777216,"broadcast":false,"dims":[128,2048,64],"logical":[2048,8192],"loop_factor":1},{"name":"buf1","role":"input","mem":"hbm","elems":64,"broadcast":true,"dims":[1,64],"logical":[],"loop_factor":1}],"reduction_cores":1,"loop_trip":1,"tiles_output_dim":false,"tile_rows_per_core":0.0,"is_matmul":false,"matmul_macs":0,"matmul_rows_per_core":0.0,"matmul_cols_per_core":0.0,"matmul_a_bytes":0,"matmul_b_bytes":0,"matmul_m_split":1,"matmul_n_split":1,"hbm_pattern":""}]
SUMMARY op=copy rows=2048 cols=8192 cores=2 tiles=1 lx=1 io_hbm_bytes=67108992 kernel_us=869.291 pred_us=568.720 err_pct=-34.6 bw_gbps=77.2 memset_us=429.817 other_dev_us=2145.464 total_dev_us=3444.572
-- copy [2048,8192] sencores=4 tiles=1
  op_it_space_splits={d0: 4, d1: 1}
IO -- device-layout I/O (cost model, stick-padded) --
IO   op Pointwise
IO     output op0                    torch [2048, 8192] -> device [128, 2048, 64] in HBM = 16777216 elems x 2B = 33554432 B  (hbm counted: 33554432 B)
IO     input  arg0_1                 torch [2048, 8192] -> device [128, 2048, 64] in HBM = 16777216 elems x 2B = 33554432 B  (hbm counted: 33554432 B)
IO     input  buf1                   device [1, 64] in HBM = 64 elems x 2B = 128 B  (hbm counted: 128 B) broadcast (loaded once)
IO   => HBM I/O total = 67108992 B  (lx 0 B, ~free)
MODEL -- estimate (turnaround): T = (R+W)/BW_PEAK + a*min(R,W) --
MODEL   R=33554560 B (read)   W=33554432 B (write)   loop_trip L=1
MODEL   base = (R+W)/150 = 447.39 us
MODEL   turn = a*min(R,W) = 0.00574*33554432 = 192.60 us
MODEL   => T_model = 568.72 us
MODEL FEATS [{"name":"Pointwise","is_reduction":false,"out_elems":16777216,"cores":4,"dtype_bytes":2,"args":[{"name":"op0","role":"output","mem":"hbm","elems":16777216,"broadcast":false,"dims":[128,2048,64],"logical":[2048,8192],"loop_factor":1},{"name":"arg0_1","role":"input","mem":"hbm","elems":16777216,"broadcast":false,"dims":[128,2048,64],"logical":[2048,8192],"loop_factor":1},{"name":"buf1","role":"input","mem":"hbm","elems":64,"broadcast":true,"dims":[1,64],"logical":[],"loop_factor":1}],"reduction_cores":1,"loop_trip":1,"tiles_output_dim":false,"tile_rows_per_core":0.0,"is_matmul":false,"matmul_macs":0,"matmul_rows_per_core":0.0,"matmul_cols_per_core":0.0,"matmul_a_bytes":0,"matmul_b_bytes":0,"matmul_m_split":1,"matmul_n_split":1,"hbm_pattern":""}]
SUMMARY op=copy rows=2048 cols=8192 cores=4 tiles=1 lx=1 io_hbm_bytes=67108992 kernel_us=547.999 pred_us=568.720 err_pct=+3.8 bw_gbps=122.5 memset_us=431.369 other_dev_us=2126.327 total_dev_us=3105.695
-- copy [2048,8192] sencores=8 tiles=1
  op_it_space_splits={d0: 8, d1: 1}
IO -- device-layout I/O (cost model, stick-padded) --
IO   op Pointwise
IO     output op0                    torch [2048, 8192] -> device [128, 2048, 64] in HBM = 16777216 elems x 2B = 33554432 B  (hbm counted: 33554432 B)
IO     input  arg0_1                 torch [2048, 8192] -> device [128, 2048, 64] in HBM = 16777216 elems x 2B = 33554432 B  (hbm counted: 33554432 B)
IO     input  buf1                   device [1, 64] in HBM = 64 elems x 2B = 128 B  (hbm counted: 128 B) broadcast (loaded once)
IO   => HBM I/O total = 67108992 B  (lx 0 B, ~free)
MODEL -- estimate (turnaround): T = (R+W)/BW_PEAK + a*min(R,W) --
MODEL   R=33554560 B (read)   W=33554432 B (write)   loop_trip L=1
MODEL   base = (R+W)/150 = 447.39 us
MODEL   turn = a*min(R,W) = 0.00574*33554432 = 192.60 us
MODEL   => T_model = 568.72 us
MODEL FEATS [{"name":"Pointwise","is_reduction":false,"out_elems":16777216,"cores":8,"dtype_bytes":2,"args":[{"name":"op0","role":"output","mem":"hbm","elems":16777216,"broadcast":false,"dims":[128,2048,64],"logical":[2048,8192],"loop_factor":1},{"name":"arg0_1","role":"input","mem":"hbm","elems":16777216,"broadcast":false,"dims":[128,2048,64],"logical":[2048,8192],"loop_factor":1},{"name":"buf1","role":"input","mem":"hbm","elems":64,"broadcast":true,"dims":[1,64],"logical":[],"loop_factor":1}],"reduction_cores":1,"loop_trip":1,"tiles_output_dim":false,"tile_rows_per_core":0.0,"is_matmul":false,"matmul_macs":0,"matmul_rows_per_core":0.0,"matmul_cols_per_core":0.0,"matmul_a_bytes":0,"matmul_b_bytes":0,"matmul_m_split":1,"matmul_n_split":1,"hbm_pattern":""}]
SUMMARY op=copy rows=2048 cols=8192 cores=8 tiles=1 lx=1 io_hbm_bytes=67108992 kernel_us=620.205 pred_us=568.720 err_pct=-8.3 bw_gbps=108.2 memset_us=435.051 other_dev_us=2115.621 total_dev_us=3170.877
-- copy [2048,8192] sencores=16 tiles=1
  op_it_space_splits={d0: 16, d1: 1}
IO -- device-layout I/O (cost model, stick-padded) --
IO   op Pointwise
IO     output op0                    torch [2048, 8192] -> device [128, 2048, 64] in HBM = 16777216 elems x 2B = 33554432 B  (hbm counted: 33554432 B)
IO     input  arg0_1                 torch [2048, 8192] -> device [128, 2048, 64] in HBM = 16777216 elems x 2B = 33554432 B  (hbm counted: 33554432 B)
IO     input  buf1                   device [1, 64] in HBM = 64 elems x 2B = 128 B  (hbm counted: 128 B) broadcast (loaded once)
IO   => HBM I/O total = 67108992 B  (lx 0 B, ~free)
MODEL -- estimate (turnaround): T = (R+W)/BW_PEAK + a*min(R,W) --
MODEL   R=33554560 B (read)   W=33554432 B (write)   loop_trip L=1
MODEL   base = (R+W)/150 = 447.39 us
MODEL   turn = a*min(R,W) = 0.00574*33554432 = 192.60 us
MODEL   => T_model = 568.72 us
MODEL FEATS [{"name":"Pointwise","is_reduction":false,"out_elems":16777216,"cores":16,"dtype_bytes":2,"args":[{"name":"op0","role":"output","mem":"hbm","elems":16777216,"broadcast":false,"dims":[128,2048,64],"logical":[2048,8192],"loop_factor":1},{"name":"arg0_1","role":"input","mem":"hbm","elems":16777216,"broadcast":false,"dims":[128,2048,64],"logical":[2048,8192],"loop_factor":1},{"name":"buf1","role":"input","mem":"hbm","elems":64,"broadcast":true,"dims":[1,64],"logical":[],"loop_factor":1}],"reduction_cores":1,"loop_trip":1,"tiles_output_dim":false,"tile_rows_per_core":0.0,"is_matmul":false,"matmul_macs":0,"matmul_rows_per_core":0.0,"matmul_cols_per_core":0.0,"matmul_a_bytes":0,"matmul_b_bytes":0,"matmul_m_split":1,"matmul_n_split":1,"hbm_pattern":""}]
SUMMARY op=copy rows=2048 cols=8192 cores=16 tiles=1 lx=1 io_hbm_bytes=67108992 kernel_us=610.770 pred_us=568.720 err_pct=-6.9 bw_gbps=109.9 memset_us=439.627 other_dev_us=2154.259 total_dev_us=3204.656
-- copy [2048,8192] sencores=32 tiles=1
  op_it_space_splits={d0: 32, d1: 1}
IO -- device-layout I/O (cost model, stick-padded) --
IO   op Pointwise
IO     output op0                    torch [2048, 8192] -> device [128, 2048, 64] in HBM = 16777216 elems x 2B = 33554432 B  (hbm counted: 33554432 B)
IO     input  arg0_1                 torch [2048, 8192] -> device [128, 2048, 64] in HBM = 16777216 elems x 2B = 33554432 B  (hbm counted: 33554432 B)
IO     input  buf1                   device [1, 64] in HBM = 64 elems x 2B = 128 B  (hbm counted: 128 B) broadcast (loaded once)
IO   => HBM I/O total = 67108992 B  (lx 0 B, ~free)
MODEL -- estimate (turnaround): T = (R+W)/BW_PEAK + a*min(R,W) --
MODEL   R=33554560 B (read)   W=33554432 B (write)   loop_trip L=1
MODEL   base = (R+W)/150 = 447.39 us
MODEL   turn = a*min(R,W) = 0.00574*33554432 = 192.60 us
MODEL   => T_model = 568.72 us
MODEL FEATS [{"name":"Pointwise","is_reduction":false,"out_elems":16777216,"cores":32,"dtype_bytes":2,"args":[{"name":"op0","role":"output","mem":"hbm","elems":16777216,"broadcast":false,"dims":[128,2048,64],"logical":[2048,8192],"loop_factor":1},{"name":"arg0_1","role":"input","mem":"hbm","elems":16777216,"broadcast":false,"dims":[128,2048,64],"logical":[2048,8192],"loop_factor":1},{"name":"buf1","role":"input","mem":"hbm","elems":64,"broadcast":true,"dims":[1,64],"logical":[],"loop_factor":1}],"reduction_cores":1,"loop_trip":1,"tiles_output_dim":false,"tile_rows_per_core":0.0,"is_matmul":false,"matmul_macs":0,"matmul_rows_per_core":0.0,"matmul_cols_per_core":0.0,"matmul_a_bytes":0,"matmul_b_bytes":0,"matmul_m_split":1,"matmul_n_split":1,"hbm_pattern":""}]
SUMMARY op=copy rows=2048 cols=8192 cores=32 tiles=1 lx=1 io_hbm_bytes=67108992 kernel_us=566.522 pred_us=568.720 err_pct=+0.4 bw_gbps=118.5 memset_us=449.417 other_dev_us=2211.696 total_dev_us=3227.635
-- copy [4096,4096] sencores=1 tiles=1
IO -- device-layout I/O (cost model, stick-padded) --
IO   op Pointwise
IO     output op0                    torch [4096, 4096] -> device [64, 4096, 64] in HBM = 16777216 elems x 2B = 33554432 B  (hbm counted: 33554432 B)
IO     input  arg0_1                 torch [4096, 4096] -> device [64, 4096, 64] in HBM = 16777216 elems x 2B = 33554432 B  (hbm counted: 33554432 B)
IO     input  buf1                   device [1, 64] in HBM = 64 elems x 2B = 128 B  (hbm counted: 128 B) broadcast (loaded once)
IO   => HBM I/O total = 67108992 B  (lx 0 B, ~free)
MODEL -- estimate (turnaround): T = (R+W)/BW_PEAK + a*min(R,W) --
MODEL   R=33554560 B (read)   W=33554432 B (write)   loop_trip L=1
MODEL   base = (R+W)/150 = 447.39 us
MODEL   turn = a*min(R,W) = 0.00574*33554432 = 192.60 us
MODEL   => T_model = 568.72 us
MODEL FEATS [{"name":"Pointwise","is_reduction":false,"out_elems":16777216,"cores":1,"dtype_bytes":2,"args":[{"name":"op0","role":"output","mem":"hbm","elems":16777216,"broadcast":false,"dims":[64,4096,64],"logical":[4096,4096],"loop_factor":1},{"name":"arg0_1","role":"input","mem":"hbm","elems":16777216,"broadcast":false,"dims":[64,4096,64],"logical":[4096,4096],"loop_factor":1},{"name":"buf1","role":"input","mem":"hbm","elems":64,"broadcast":true,"dims":[1,64],"logical":[],"loop_factor":1}],"reduction_cores":1,"loop_trip":1,"tiles_output_dim":false,"tile_rows_per_core":0.0,"is_matmul":false,"matmul_macs":0,"matmul_rows_per_core":0.0,"matmul_cols_per_core":0.0,"matmul_a_bytes":0,"matmul_b_bytes":0,"matmul_m_split":1,"matmul_n_split":1,"hbm_pattern":""}]
SUMMARY op=copy rows=4096 cols=4096 cores=1 tiles=1 lx=1 io_hbm_bytes=67108992 kernel_us=1574.313 pred_us=568.720 err_pct=-63.9 bw_gbps=42.6 memset_us=472.016 other_dev_us=2100.668 total_dev_us=4146.997
-- copy [4096,4096] sencores=2 tiles=1
  op_it_space_splits={d0: 2, d1: 1}
IO -- device-layout I/O (cost model, stick-padded) --
IO   op Pointwise
IO     output op0                    torch [4096, 4096] -> device [64, 4096, 64] in HBM = 16777216 elems x 2B = 33554432 B  (hbm counted: 33554432 B)
IO     input  arg0_1                 torch [4096, 4096] -> device [64, 4096, 64] in HBM = 16777216 elems x 2B = 33554432 B  (hbm counted: 33554432 B)
IO     input  buf1                   device [1, 64] in HBM = 64 elems x 2B = 128 B  (hbm counted: 128 B) broadcast (loaded once)
IO   => HBM I/O total = 67108992 B  (lx 0 B, ~free)
MODEL -- estimate (turnaround): T = (R+W)/BW_PEAK + a*min(R,W) --
MODEL   R=33554560 B (read)   W=33554432 B (write)   loop_trip L=1
MODEL   base = (R+W)/150 = 447.39 us
MODEL   turn = a*min(R,W) = 0.00574*33554432 = 192.60 us
MODEL   => T_model = 568.72 us
MODEL FEATS [{"name":"Pointwise","is_reduction":false,"out_elems":16777216,"cores":2,"dtype_bytes":2,"args":[{"name":"op0","role":"output","mem":"hbm","elems":16777216,"broadcast":false,"dims":[64,4096,64],"logical":[4096,4096],"loop_factor":1},{"name":"arg0_1","role":"input","mem":"hbm","elems":16777216,"broadcast":false,"dims":[64,4096,64],"logical":[4096,4096],"loop_factor":1},{"name":"buf1","role":"input","mem":"hbm","elems":64,"broadcast":true,"dims":[1,64],"logical":[],"loop_factor":1}],"reduction_cores":1,"loop_trip":1,"tiles_output_dim":false,"tile_rows_per_core":0.0,"is_matmul":false,"matmul_macs":0,"matmul_rows_per_core":0.0,"matmul_cols_per_core":0.0,"matmul_a_bytes":0,"matmul_b_bytes":0,"matmul_m_split":1,"matmul_n_split":1,"hbm_pattern":""}]
SUMMARY op=copy rows=4096 cols=4096 cores=2 tiles=1 lx=1 io_hbm_bytes=67108992 kernel_us=865.932 pred_us=568.720 err_pct=-34.3 bw_gbps=77.5 memset_us=473.834 other_dev_us=2147.327 total_dev_us=3487.093
-- copy [4096,4096] sencores=4 tiles=1
  op_it_space_splits={d0: 4, d1: 1}
IO -- device-layout I/O (cost model, stick-padded) --
IO   op Pointwise
IO     output op0                    torch [4096, 4096] -> device [64, 4096, 64] in HBM = 16777216 elems x 2B = 33554432 B  (hbm counted: 33554432 B)
IO     input  arg0_1                 torch [4096, 4096] -> device [64, 4096, 64] in HBM = 16777216 elems x 2B = 33554432 B  (hbm counted: 33554432 B)
IO     input  buf1                   device [1, 64] in HBM = 64 elems x 2B = 128 B  (hbm counted: 128 B) broadcast (loaded once)
IO   => HBM I/O total = 67108992 B  (lx 0 B, ~free)
MODEL -- estimate (turnaround): T = (R+W)/BW_PEAK + a*min(R,W) --
MODEL   R=33554560 B (read)   W=33554432 B (write)   loop_trip L=1
MODEL   base = (R+W)/150 = 447.39 us
MODEL   turn = a*min(R,W) = 0.00574*33554432 = 192.60 us
MODEL   => T_model = 568.72 us
MODEL FEATS [{"name":"Pointwise","is_reduction":false,"out_elems":16777216,"cores":4,"dtype_bytes":2,"args":[{"name":"op0","role":"output","mem":"hbm","elems":16777216,"broadcast":false,"dims":[64,4096,64],"logical":[4096,4096],"loop_factor":1},{"name":"arg0_1","role":"input","mem":"hbm","elems":16777216,"broadcast":false,"dims":[64,4096,64],"logical":[4096,4096],"loop_factor":1},{"name":"buf1","role":"input","mem":"hbm","elems":64,"broadcast":true,"dims":[1,64],"logical":[],"loop_factor":1}],"reduction_cores":1,"loop_trip":1,"tiles_output_dim":false,"tile_rows_per_core":0.0,"is_matmul":false,"matmul_macs":0,"matmul_rows_per_core":0.0,"matmul_cols_per_core":0.0,"matmul_a_bytes":0,"matmul_b_bytes":0,"matmul_m_split":1,"matmul_n_split":1,"hbm_pattern":""}]
SUMMARY op=copy rows=4096 cols=4096 cores=4 tiles=1 lx=1 io_hbm_bytes=67108992 kernel_us=644.648 pred_us=568.720 err_pct=-11.8 bw_gbps=104.1 memset_us=438.548 other_dev_us=2240.311 total_dev_us=3323.507
-- copy [4096,4096] sencores=8 tiles=1
  op_it_space_splits={d0: 8, d1: 1}
IO -- device-layout I/O (cost model, stick-padded) --
IO   op Pointwise
IO     output op0                    torch [4096, 4096] -> device [64, 4096, 64] in HBM = 16777216 elems x 2B = 33554432 B  (hbm counted: 33554432 B)
IO     input  arg0_1                 torch [4096, 4096] -> device [64, 4096, 64] in HBM = 16777216 elems x 2B = 33554432 B  (hbm counted: 33554432 B)
IO     input  buf1                   device [1, 64] in HBM = 64 elems x 2B = 128 B  (hbm counted: 128 B) broadcast (loaded once)
IO   => HBM I/O total = 67108992 B  (lx 0 B, ~free)
MODEL -- estimate (turnaround): T = (R+W)/BW_PEAK + a*min(R,W) --
MODEL   R=33554560 B (read)   W=33554432 B (write)   loop_trip L=1
MODEL   base = (R+W)/150 = 447.39 us
MODEL   turn = a*min(R,W) = 0.00574*33554432 = 192.60 us
MODEL   => T_model = 568.72 us
MODEL FEATS [{"name":"Pointwise","is_reduction":false,"out_elems":16777216,"cores":8,"dtype_bytes":2,"args":[{"name":"op0","role":"output","mem":"hbm","elems":16777216,"broadcast":false,"dims":[64,4096,64],"logical":[4096,4096],"loop_factor":1},{"name":"arg0_1","role":"input","mem":"hbm","elems":16777216,"broadcast":false,"dims":[64,4096,64],"logical":[4096,4096],"loop_factor":1},{"name":"buf1","role":"input","mem":"hbm","elems":64,"broadcast":true,"dims":[1,64],"logical":[],"loop_factor":1}],"reduction_cores":1,"loop_trip":1,"tiles_output_dim":false,"tile_rows_per_core":0.0,"is_matmul":false,"matmul_macs":0,"matmul_rows_per_core":0.0,"matmul_cols_per_core":0.0,"matmul_a_bytes":0,"matmul_b_bytes":0,"matmul_m_split":1,"matmul_n_split":1,"hbm_pattern":""}]
SUMMARY op=copy rows=4096 cols=4096 cores=8 tiles=1 lx=1 io_hbm_bytes=67108992 kernel_us=646.633 pred_us=568.720 err_pct=-12.0 bw_gbps=103.8 memset_us=455.558 other_dev_us=2194.985 total_dev_us=3297.176
-- copy [4096,4096] sencores=16 tiles=1
  op_it_space_splits={d0: 16, d1: 1}
IO -- device-layout I/O (cost model, stick-padded) --
IO   op Pointwise
IO     output op0                    torch [4096, 4096] -> device [64, 4096, 64] in HBM = 16777216 elems x 2B = 33554432 B  (hbm counted: 33554432 B)
IO     input  arg0_1                 torch [4096, 4096] -> device [64, 4096, 64] in HBM = 16777216 elems x 2B = 33554432 B  (hbm counted: 33554432 B)
IO     input  buf1                   device [1, 64] in HBM = 64 elems x 2B = 128 B  (hbm counted: 128 B) broadcast (loaded once)
IO   => HBM I/O total = 67108992 B  (lx 0 B, ~free)
MODEL -- estimate (turnaround): T = (R+W)/BW_PEAK + a*min(R,W) --
MODEL   R=33554560 B (read)   W=33554432 B (write)   loop_trip L=1
MODEL   base = (R+W)/150 = 447.39 us
MODEL   turn = a*min(R,W) = 0.00574*33554432 = 192.60 us
MODEL   => T_model = 568.72 us
MODEL FEATS [{"name":"Pointwise","is_reduction":false,"out_elems":16777216,"cores":16,"dtype_bytes":2,"args":[{"name":"op0","role":"output","mem":"hbm","elems":16777216,"broadcast":false,"dims":[64,4096,64],"logical":[4096,4096],"loop_factor":1},{"name":"arg0_1","role":"input","mem":"hbm","elems":16777216,"broadcast":false,"dims":[64,4096,64],"logical":[4096,4096],"loop_factor":1},{"name":"buf1","role":"input","mem":"hbm","elems":64,"broadcast":true,"dims":[1,64],"logical":[],"loop_factor":1}],"reduction_cores":1,"loop_trip":1,"tiles_output_dim":false,"tile_rows_per_core":0.0,"is_matmul":false,"matmul_macs":0,"matmul_rows_per_core":0.0,"matmul_cols_per_core":0.0,"matmul_a_bytes":0,"matmul_b_bytes":0,"matmul_m_split":1,"matmul_n_split":1,"hbm_pattern":""}]
SUMMARY op=copy rows=4096 cols=4096 cores=16 tiles=1 lx=1 io_hbm_bytes=67108992 kernel_us=615.857 pred_us=568.720 err_pct=-7.7 bw_gbps=109.0 memset_us=441.519 other_dev_us=2174.651 total_dev_us=3232.027
-- copy [4096,4096] sencores=32 tiles=1
  op_it_space_splits={d0: 32, d1: 1}
IO -- device-layout I/O (cost model, stick-padded) --
IO   op Pointwise
IO     output op0                    torch [4096, 4096] -> device [64, 4096, 64] in HBM = 16777216 elems x 2B = 33554432 B  (hbm counted: 33554432 B)
IO     input  arg0_1                 torch [4096, 4096] -> device [64, 4096, 64] in HBM = 16777216 elems x 2B = 33554432 B  (hbm counted: 33554432 B)
IO     input  buf1                   device [1, 64] in HBM = 64 elems x 2B = 128 B  (hbm counted: 128 B) broadcast (loaded once)
IO   => HBM I/O total = 67108992 B  (lx 0 B, ~free)
MODEL -- estimate (turnaround): T = (R+W)/BW_PEAK + a*min(R,W) --
MODEL   R=33554560 B (read)   W=33554432 B (write)   loop_trip L=1
MODEL   base = (R+W)/150 = 447.39 us
MODEL   turn = a*min(R,W) = 0.00574*33554432 = 192.60 us
MODEL   => T_model = 568.72 us
MODEL FEATS [{"name":"Pointwise","is_reduction":false,"out_elems":16777216,"cores":32,"dtype_bytes":2,"args":[{"name":"op0","role":"output","mem":"hbm","elems":16777216,"broadcast":false,"dims":[64,4096,64],"logical":[4096,4096],"loop_factor":1},{"name":"arg0_1","role":"input","mem":"hbm","elems":16777216,"broadcast":false,"dims":[64,4096,64],"logical":[4096,4096],"loop_factor":1},{"name":"buf1","role":"input","mem":"hbm","elems":64,"broadcast":true,"dims":[1,64],"logical":[],"loop_factor":1}],"reduction_cores":1,"loop_trip":1,"tiles_output_dim":false,"tile_rows_per_core":0.0,"is_matmul":false,"matmul_macs":0,"matmul_rows_per_core":0.0,"matmul_cols_per_core":0.0,"matmul_a_bytes":0,"matmul_b_bytes":0,"matmul_m_split":1,"matmul_n_split":1,"hbm_pattern":""}]
SUMMARY op=copy rows=4096 cols=4096 cores=32 tiles=1 lx=1 io_hbm_bytes=67108992 kernel_us=586.864 pred_us=568.720 err_pct=-3.1 bw_gbps=114.4 memset_us=473.694 other_dev_us=2177.267 total_dev_us=3237.825
-- add [2048,8192] sencores=1 tiles=1
IO -- device-layout I/O (cost model, stick-padded) --
IO   op add
IO     output op0                    torch [2048, 8192] -> device [128, 2048, 64] in HBM = 16777216 elems x 2B = 33554432 B  (hbm counted: 33554432 B)
IO     input  arg0_1                 torch [2048, 8192] -> device [128, 2048, 64] in HBM = 16777216 elems x 2B = 33554432 B  (hbm counted: 33554432 B)
IO     input  arg1_1                 torch [2048, 8192] -> device [128, 2048, 64] in HBM = 16777216 elems x 2B = 33554432 B  (hbm counted: 33554432 B)
IO   => HBM I/O total = 100663296 B  (lx 0 B, ~free)
MODEL -- estimate (turnaround): T = (R+W)/BW_PEAK + a*min(R,W) --
MODEL   R=67108864 B (read)   W=33554432 B (write)   loop_trip L=1
MODEL   base = (R+W)/150 = 671.09 us
MODEL   turn = a*min(R,W) = 0.00574*33554432 = 192.60 us
MODEL   => T_model = 863.69 us
MODEL FEATS [{"name":"add","is_reduction":false,"out_elems":16777216,"cores":1,"dtype_bytes":2,"args":[{"name":"op0","role":"output","mem":"hbm","elems":16777216,"broadcast":false,"dims":[128,2048,64],"logical":[2048,8192],"loop_factor":1},{"name":"arg0_1","role":"input","mem":"hbm","elems":16777216,"broadcast":false,"dims":[128,2048,64],"logical":[2048,8192],"loop_factor":1},{"name":"arg1_1","role":"input","mem":"hbm","elems":16777216,"broadcast":false,"dims":[128,2048,64],"logical":[2048,8192],"loop_factor":1}],"reduction_cores":1,"loop_trip":1,"tiles_output_dim":false,"tile_rows_per_core":0.0,"is_matmul":false,"matmul_macs":0,"matmul_rows_per_core":0.0,"matmul_cols_per_core":0.0,"matmul_a_bytes":0,"matmul_b_bytes":0,"matmul_m_split":1,"matmul_n_split":1,"hbm_pattern":""}]
SUMMARY op=add rows=2048 cols=8192 cores=1 tiles=1 lx=1 io_hbm_bytes=100663296 kernel_us=1474.250 pred_us=863.691 err_pct=-41.4 bw_gbps=68.3 memset_us=420.195 other_dev_us=2209.329 total_dev_us=4103.774
-- add [2048,8192] sencores=2 tiles=1
  op_it_space_splits={d0: 2, d1: 1}
IO -- device-layout I/O (cost model, stick-padded) --
IO   op add
IO     output op0                    torch [2048, 8192] -> device [128, 2048, 64] in HBM = 16777216 elems x 2B = 33554432 B  (hbm counted: 33554432 B)
IO     input  arg0_1                 torch [2048, 8192] -> device [128, 2048, 64] in HBM = 16777216 elems x 2B = 33554432 B  (hbm counted: 33554432 B)
IO     input  arg1_1                 torch [2048, 8192] -> device [128, 2048, 64] in HBM = 16777216 elems x 2B = 33554432 B  (hbm counted: 33554432 B)
IO   => HBM I/O total = 100663296 B  (lx 0 B, ~free)
MODEL -- estimate (turnaround): T = (R+W)/BW_PEAK + a*min(R,W) --
MODEL   R=67108864 B (read)   W=33554432 B (write)   loop_trip L=1
MODEL   base = (R+W)/150 = 671.09 us
MODEL   turn = a*min(R,W) = 0.00574*33554432 = 192.60 us
MODEL   => T_model = 863.69 us
MODEL FEATS [{"name":"add","is_reduction":false,"out_elems":16777216,"cores":2,"dtype_bytes":2,"args":[{"name":"op0","role":"output","mem":"hbm","elems":16777216,"broadcast":false,"dims":[128,2048,64],"logical":[2048,8192],"loop_factor":1},{"name":"arg0_1","role":"input","mem":"hbm","elems":16777216,"broadcast":false,"dims":[128,2048,64],"logical":[2048,8192],"loop_factor":1},{"name":"arg1_1","role":"input","mem":"hbm","elems":16777216,"broadcast":false,"dims":[128,2048,64],"logical":[2048,8192],"loop_factor":1}],"reduction_cores":1,"loop_trip":1,"tiles_output_dim":false,"tile_rows_per_core":0.0,"is_matmul":false,"matmul_macs":0,"matmul_rows_per_core":0.0,"matmul_cols_per_core":0.0,"matmul_a_bytes":0,"matmul_b_bytes":0,"matmul_m_split":1,"matmul_n_split":1,"hbm_pattern":""}]
SUMMARY op=add rows=2048 cols=8192 cores=2 tiles=1 lx=1 io_hbm_bytes=100663296 kernel_us=1034.852 pred_us=863.691 err_pct=-16.5 bw_gbps=97.3 memset_us=442.650 other_dev_us=2159.252 total_dev_us=3636.754
-- add [2048,8192] sencores=4 tiles=1
  op_it_space_splits={d0: 4, d1: 1}
IO -- device-layout I/O (cost model, stick-padded) --
IO   op add
IO     output op0                    torch [2048, 8192] -> device [128, 2048, 64] in HBM = 16777216 elems x 2B = 33554432 B  (hbm counted: 33554432 B)
IO     input  arg0_1                 torch [2048, 8192] -> device [128, 2048, 64] in HBM = 16777216 elems x 2B = 33554432 B  (hbm counted: 33554432 B)
IO     input  arg1_1                 torch [2048, 8192] -> device [128, 2048, 64] in HBM = 16777216 elems x 2B = 33554432 B  (hbm counted: 33554432 B)
IO   => HBM I/O total = 100663296 B  (lx 0 B, ~free)
MODEL -- estimate (turnaround): T = (R+W)/BW_PEAK + a*min(R,W) --
MODEL   R=67108864 B (read)   W=33554432 B (write)   loop_trip L=1
MODEL   base = (R+W)/150 = 671.09 us
MODEL   turn = a*min(R,W) = 0.00574*33554432 = 192.60 us
MODEL   => T_model = 863.69 us
MODEL FEATS [{"name":"add","is_reduction":false,"out_elems":16777216,"cores":4,"dtype_bytes":2,"args":[{"name":"op0","role":"output","mem":"hbm","elems":16777216,"broadcast":false,"dims":[128,2048,64],"logical":[2048,8192],"loop_factor":1},{"name":"arg0_1","role":"input","mem":"hbm","elems":16777216,"broadcast":false,"dims":[128,2048,64],"logical":[2048,8192],"loop_factor":1},{"name":"arg1_1","role":"input","mem":"hbm","elems":16777216,"broadcast":false,"dims":[128,2048,64],"logical":[2048,8192],"loop_factor":1}],"reduction_cores":1,"loop_trip":1,"tiles_output_dim":false,"tile_rows_per_core":0.0,"is_matmul":false,"matmul_macs":0,"matmul_rows_per_core":0.0,"matmul_cols_per_core":0.0,"matmul_a_bytes":0,"matmul_b_bytes":0,"matmul_m_split":1,"matmul_n_split":1,"hbm_pattern":""}]
SUMMARY op=add rows=2048 cols=8192 cores=4 tiles=1 lx=1 io_hbm_bytes=100663296 kernel_us=1068.676 pred_us=863.691 err_pct=-19.2 bw_gbps=94.2 memset_us=425.731 other_dev_us=2230.755 total_dev_us=3725.162
-- add [2048,8192] sencores=8 tiles=1
  op_it_space_splits={d0: 8, d1: 1}
IO -- device-layout I/O (cost model, stick-padded) --
IO   op add
IO     output op0                    torch [2048, 8192] -> device [128, 2048, 64] in HBM = 16777216 elems x 2B = 33554432 B  (hbm counted: 33554432 B)
IO     input  arg0_1                 torch [2048, 8192] -> device [128, 2048, 64] in HBM = 16777216 elems x 2B = 33554432 B  (hbm counted: 33554432 B)
IO     input  arg1_1                 torch [2048, 8192] -> device [128, 2048, 64] in HBM = 16777216 elems x 2B = 33554432 B  (hbm counted: 33554432 B)
IO   => HBM I/O total = 100663296 B  (lx 0 B, ~free)
MODEL -- estimate (turnaround): T = (R+W)/BW_PEAK + a*min(R,W) --
MODEL   R=67108864 B (read)   W=33554432 B (write)   loop_trip L=1
MODEL   base = (R+W)/150 = 671.09 us
MODEL   turn = a*min(R,W) = 0.00574*33554432 = 192.60 us
MODEL   => T_model = 863.69 us
MODEL FEATS [{"name":"add","is_reduction":false,"out_elems":16777216,"cores":8,"dtype_bytes":2,"args":[{"name":"op0","role":"output","mem":"hbm","elems":16777216,"broadcast":false,"dims":[128,2048,64],"logical":[2048,8192],"loop_factor":1},{"name":"arg0_1","role":"input","mem":"hbm","elems":16777216,"broadcast":false,"dims":[128,2048,64],"logical":[2048,8192],"loop_factor":1},{"name":"arg1_1","role":"input","mem":"hbm","elems":16777216,"broadcast":false,"dims":[128,2048,64],"logical":[2048,8192],"loop_factor":1}],"reduction_cores":1,"loop_trip":1,"tiles_output_dim":false,"tile_rows_per_core":0.0,"is_matmul":false,"matmul_macs":0,"matmul_rows_per_core":0.0,"matmul_cols_per_core":0.0,"matmul_a_bytes":0,"matmul_b_bytes":0,"matmul_m_split":1,"matmul_n_split":1,"hbm_pattern":""}]
SUMMARY op=add rows=2048 cols=8192 cores=8 tiles=1 lx=1 io_hbm_bytes=100663296 kernel_us=1044.096 pred_us=863.691 err_pct=-17.3 bw_gbps=96.4 memset_us=456.242 other_dev_us=2156.420 total_dev_us=3656.758
-- add [2048,8192] sencores=16 tiles=1
  op_it_space_splits={d0: 16, d1: 1}
IO -- device-layout I/O (cost model, stick-padded) --
IO   op add
IO     output op0                    torch [2048, 8192] -> device [128, 2048, 64] in HBM = 16777216 elems x 2B = 33554432 B  (hbm counted: 33554432 B)
IO     input  arg0_1                 torch [2048, 8192] -> device [128, 2048, 64] in HBM = 16777216 elems x 2B = 33554432 B  (hbm counted: 33554432 B)
IO     input  arg1_1                 torch [2048, 8192] -> device [128, 2048, 64] in HBM = 16777216 elems x 2B = 33554432 B  (hbm counted: 33554432 B)
IO   => HBM I/O total = 100663296 B  (lx 0 B, ~free)
MODEL -- estimate (turnaround): T = (R+W)/BW_PEAK + a*min(R,W) --
MODEL   R=67108864 B (read)   W=33554432 B (write)   loop_trip L=1
MODEL   base = (R+W)/150 = 671.09 us
MODEL   turn = a*min(R,W) = 0.00574*33554432 = 192.60 us
MODEL   => T_model = 863.69 us
MODEL FEATS [{"name":"add","is_reduction":false,"out_elems":16777216,"cores":16,"dtype_bytes":2,"args":[{"name":"op0","role":"output","mem":"hbm","elems":16777216,"broadcast":false,"dims":[128,2048,64],"logical":[2048,8192],"loop_factor":1},{"name":"arg0_1","role":"input","mem":"hbm","elems":16777216,"broadcast":false,"dims":[128,2048,64],"logical":[2048,8192],"loop_factor":1},{"name":"arg1_1","role":"input","mem":"hbm","elems":16777216,"broadcast":false,"dims":[128,2048,64],"logical":[2048,8192],"loop_factor":1}],"reduction_cores":1,"loop_trip":1,"tiles_output_dim":false,"tile_rows_per_core":0.0,"is_matmul":false,"matmul_macs":0,"matmul_rows_per_core":0.0,"matmul_cols_per_core":0.0,"matmul_a_bytes":0,"matmul_b_bytes":0,"matmul_m_split":1,"matmul_n_split":1,"hbm_pattern":""}]
SUMMARY op=add rows=2048 cols=8192 cores=16 tiles=1 lx=1 io_hbm_bytes=100663296 kernel_us=1012.876 pred_us=863.691 err_pct=-14.7 bw_gbps=99.4 memset_us=416.816 other_dev_us=2165.021 total_dev_us=3594.713
-- add [2048,8192] sencores=32 tiles=1
  op_it_space_splits={d0: 32, d1: 1}
IO -- device-layout I/O (cost model, stick-padded) --
IO   op add
IO     output op0                    torch [2048, 8192] -> device [128, 2048, 64] in HBM = 16777216 elems x 2B = 33554432 B  (hbm counted: 33554432 B)
IO     input  arg0_1                 torch [2048, 8192] -> device [128, 2048, 64] in HBM = 16777216 elems x 2B = 33554432 B  (hbm counted: 33554432 B)
IO     input  arg1_1                 torch [2048, 8192] -> device [128, 2048, 64] in HBM = 16777216 elems x 2B = 33554432 B  (hbm counted: 33554432 B)
IO   => HBM I/O total = 100663296 B  (lx 0 B, ~free)
MODEL -- estimate (turnaround): T = (R+W)/BW_PEAK + a*min(R,W) --
MODEL   R=67108864 B (read)   W=33554432 B (write)   loop_trip L=1
MODEL   base = (R+W)/150 = 671.09 us
MODEL   turn = a*min(R,W) = 0.00574*33554432 = 192.60 us
MODEL   => T_model = 863.69 us
MODEL FEATS [{"name":"add","is_reduction":false,"out_elems":16777216,"cores":32,"dtype_bytes":2,"args":[{"name":"op0","role":"output","mem":"hbm","elems":16777216,"broadcast":false,"dims":[128,2048,64],"logical":[2048,8192],"loop_factor":1},{"name":"arg0_1","role":"input","mem":"hbm","elems":16777216,"broadcast":false,"dims":[128,2048,64],"logical":[2048,8192],"loop_factor":1},{"name":"arg1_1","role":"input","mem":"hbm","elems":16777216,"broadcast":false,"dims":[128,2048,64],"logical":[2048,8192],"loop_factor":1}],"reduction_cores":1,"loop_trip":1,"tiles_output_dim":false,"tile_rows_per_core":0.0,"is_matmul":false,"matmul_macs":0,"matmul_rows_per_core":0.0,"matmul_cols_per_core":0.0,"matmul_a_bytes":0,"matmul_b_bytes":0,"matmul_m_split":1,"matmul_n_split":1,"hbm_pattern":""}]
SUMMARY op=add rows=2048 cols=8192 cores=32 tiles=1 lx=1 io_hbm_bytes=100663296 kernel_us=879.211 pred_us=863.691 err_pct=-1.8 bw_gbps=114.5 memset_us=436.887 other_dev_us=2115.208 total_dev_us=3431.306
-- add [4096,4096] sencores=1 tiles=1
IO -- device-layout I/O (cost model, stick-padded) --
IO   op add
IO     output op0                    torch [4096, 4096] -> device [64, 4096, 64] in HBM = 16777216 elems x 2B = 33554432 B  (hbm counted: 33554432 B)
IO     input  arg0_1                 torch [4096, 4096] -> device [64, 4096, 64] in HBM = 16777216 elems x 2B = 33554432 B  (hbm counted: 33554432 B)
IO     input  arg1_1                 torch [4096, 4096] -> device [64, 4096, 64] in HBM = 16777216 elems x 2B = 33554432 B  (hbm counted: 33554432 B)
IO   => HBM I/O total = 100663296 B  (lx 0 B, ~free)
MODEL -- estimate (turnaround): T = (R+W)/BW_PEAK + a*min(R,W) --
MODEL   R=67108864 B (read)   W=33554432 B (write)   loop_trip L=1
MODEL   base = (R+W)/150 = 671.09 us
MODEL   turn = a*min(R,W) = 0.00574*33554432 = 192.60 us
MODEL   => T_model = 863.69 us
MODEL FEATS [{"name":"add","is_reduction":false,"out_elems":16777216,"cores":1,"dtype_bytes":2,"args":[{"name":"op0","role":"output","mem":"hbm","elems":16777216,"broadcast":false,"dims":[64,4096,64],"logical":[4096,4096],"loop_factor":1},{"name":"arg0_1","role":"input","mem":"hbm","elems":16777216,"broadcast":false,"dims":[64,4096,64],"logical":[4096,4096],"loop_factor":1},{"name":"arg1_1","role":"input","mem":"hbm","elems":16777216,"broadcast":false,"dims":[64,4096,64],"logical":[4096,4096],"loop_factor":1}],"reduction_cores":1,"loop_trip":1,"tiles_output_dim":false,"tile_rows_per_core":0.0,"is_matmul":false,"matmul_macs":0,"matmul_rows_per_core":0.0,"matmul_cols_per_core":0.0,"matmul_a_bytes":0,"matmul_b_bytes":0,"matmul_m_split":1,"matmul_n_split":1,"hbm_pattern":""}]
SUMMARY op=add rows=4096 cols=4096 cores=1 tiles=1 lx=1 io_hbm_bytes=100663296 kernel_us=1505.517 pred_us=863.691 err_pct=-42.6 bw_gbps=66.9 memset_us=433.333 other_dev_us=2133.962 total_dev_us=4072.812
-- add [4096,4096] sencores=2 tiles=1
  op_it_space_splits={d0: 2, d1: 1}
IO -- device-layout I/O (cost model, stick-padded) --
IO   op add
IO     output op0                    torch [4096, 4096] -> device [64, 4096, 64] in HBM = 16777216 elems x 2B = 33554432 B  (hbm counted: 33554432 B)
IO     input  arg0_1                 torch [4096, 4096] -> device [64, 4096, 64] in HBM = 16777216 elems x 2B = 33554432 B  (hbm counted: 33554432 B)
IO     input  arg1_1                 torch [4096, 4096] -> device [64, 4096, 64] in HBM = 16777216 elems x 2B = 33554432 B  (hbm counted: 33554432 B)
IO   => HBM I/O total = 100663296 B  (lx 0 B, ~free)
MODEL -- estimate (turnaround): T = (R+W)/BW_PEAK + a*min(R,W) --
MODEL   R=67108864 B (read)   W=33554432 B (write)   loop_trip L=1
MODEL   base = (R+W)/150 = 671.09 us
MODEL   turn = a*min(R,W) = 0.00574*33554432 = 192.60 us
MODEL   => T_model = 863.69 us
MODEL FEATS [{"name":"add","is_reduction":false,"out_elems":16777216,"cores":2,"dtype_bytes":2,"args":[{"name":"op0","role":"output","mem":"hbm","elems":16777216,"broadcast":false,"dims":[64,4096,64],"logical":[4096,4096],"loop_factor":1},{"name":"arg0_1","role":"input","mem":"hbm","elems":16777216,"broadcast":false,"dims":[64,4096,64],"logical":[4096,4096],"loop_factor":1},{"name":"arg1_1","role":"input","mem":"hbm","elems":16777216,"broadcast":false,"dims":[64,4096,64],"logical":[4096,4096],"loop_factor":1}],"reduction_cores":1,"loop_trip":1,"tiles_output_dim":false,"tile_rows_per_core":0.0,"is_matmul":false,"matmul_macs":0,"matmul_rows_per_core":0.0,"matmul_cols_per_core":0.0,"matmul_a_bytes":0,"matmul_b_bytes":0,"matmul_m_split":1,"matmul_n_split":1,"hbm_pattern":""}]
SUMMARY op=add rows=4096 cols=4096 cores=2 tiles=1 lx=1 io_hbm_bytes=100663296 kernel_us=1019.418 pred_us=863.691 err_pct=-15.3 bw_gbps=98.7 memset_us=424.217 other_dev_us=2143.233 total_dev_us=3586.868
-- add [4096,4096] sencores=4 tiles=1
  op_it_space_splits={d0: 4, d1: 1}
IO -- device-layout I/O (cost model, stick-padded) --
IO   op add
IO     output op0                    torch [4096, 4096] -> device [64, 4096, 64] in HBM = 16777216 elems x 2B = 33554432 B  (hbm counted: 33554432 B)
IO     input  arg0_1                 torch [4096, 4096] -> device [64, 4096, 64] in HBM = 16777216 elems x 2B = 33554432 B  (hbm counted: 33554432 B)
IO     input  arg1_1                 torch [4096, 4096] -> device [64, 4096, 64] in HBM = 16777216 elems x 2B = 33554432 B  (hbm counted: 33554432 B)
IO   => HBM I/O total = 100663296 B  (lx 0 B, ~free)
MODEL -- estimate (turnaround): T = (R+W)/BW_PEAK + a*min(R,W) --
MODEL   R=67108864 B (read)   W=33554432 B (write)   loop_trip L=1
MODEL   base = (R+W)/150 = 671.09 us
MODEL   turn = a*min(R,W) = 0.00574*33554432 = 192.60 us
MODEL   => T_model = 863.69 us
MODEL FEATS [{"name":"add","is_reduction":false,"out_elems":16777216,"cores":4,"dtype_bytes":2,"args":[{"name":"op0","role":"output","mem":"hbm","elems":16777216,"broadcast":false,"dims":[64,4096,64],"logical":[4096,4096],"loop_factor":1},{"name":"arg0_1","role":"input","mem":"hbm","elems":16777216,"broadcast":false,"dims":[64,4096,64],"logical":[4096,4096],"loop_factor":1},{"name":"arg1_1","role":"input","mem":"hbm","elems":16777216,"broadcast":false,"dims":[64,4096,64],"logical":[4096,4096],"loop_factor":1}],"reduction_cores":1,"loop_trip":1,"tiles_output_dim":false,"tile_rows_per_core":0.0,"is_matmul":false,"matmul_macs":0,"matmul_rows_per_core":0.0,"matmul_cols_per_core":0.0,"matmul_a_bytes":0,"matmul_b_bytes":0,"matmul_m_split":1,"matmul_n_split":1,"hbm_pattern":""}]
SUMMARY op=add rows=4096 cols=4096 cores=4 tiles=1 lx=1 io_hbm_bytes=100663296 kernel_us=1046.354 pred_us=863.691 err_pct=-17.5 bw_gbps=96.2 memset_us=478.369 other_dev_us=2136.547 total_dev_us=3661.270
-- add [4096,4096] sencores=8 tiles=1
  op_it_space_splits={d0: 8, d1: 1}
IO -- device-layout I/O (cost model, stick-padded) --
IO   op add
IO     output op0                    torch [4096, 4096] -> device [64, 4096, 64] in HBM = 16777216 elems x 2B = 33554432 B  (hbm counted: 33554432 B)
IO     input  arg0_1                 torch [4096, 4096] -> device [64, 4096, 64] in HBM = 16777216 elems x 2B = 33554432 B  (hbm counted: 33554432 B)
IO     input  arg1_1                 torch [4096, 4096] -> device [64, 4096, 64] in HBM = 16777216 elems x 2B = 33554432 B  (hbm counted: 33554432 B)
IO   => HBM I/O total = 100663296 B  (lx 0 B, ~free)
MODEL -- estimate (turnaround): T = (R+W)/BW_PEAK + a*min(R,W) --
MODEL   R=67108864 B (read)   W=33554432 B (write)   loop_trip L=1
MODEL   base = (R+W)/150 = 671.09 us
MODEL   turn = a*min(R,W) = 0.00574*33554432 = 192.60 us
MODEL   => T_model = 863.69 us
MODEL FEATS [{"name":"add","is_reduction":false,"out_elems":16777216,"cores":8,"dtype_bytes":2,"args":[{"name":"op0","role":"output","mem":"hbm","elems":16777216,"broadcast":false,"dims":[64,4096,64],"logical":[4096,4096],"loop_factor":1},{"name":"arg0_1","role":"input","mem":"hbm","elems":16777216,"broadcast":false,"dims":[64,4096,64],"logical":[4096,4096],"loop_factor":1},{"name":"arg1_1","role":"input","mem":"hbm","elems":16777216,"broadcast":false,"dims":[64,4096,64],"logical":[4096,4096],"loop_factor":1}],"reduction_cores":1,"loop_trip":1,"tiles_output_dim":false,"tile_rows_per_core":0.0,"is_matmul":false,"matmul_macs":0,"matmul_rows_per_core":0.0,"matmul_cols_per_core":0.0,"matmul_a_bytes":0,"matmul_b_bytes":0,"matmul_m_split":1,"matmul_n_split":1,"hbm_pattern":""}]
SUMMARY op=add rows=4096 cols=4096 cores=8 tiles=1 lx=1 io_hbm_bytes=100663296 kernel_us=974.025 pred_us=863.691 err_pct=-11.3 bw_gbps=103.3 memset_us=430.187 other_dev_us=2197.215 total_dev_us=3601.427
-- add [4096,4096] sencores=16 tiles=1
  op_it_space_splits={d0: 16, d1: 1}
IO -- device-layout I/O (cost model, stick-padded) --
IO   op add
IO     output op0                    torch [4096, 4096] -> device [64, 4096, 64] in HBM = 16777216 elems x 2B = 33554432 B  (hbm counted: 33554432 B)
IO     input  arg0_1                 torch [4096, 4096] -> device [64, 4096, 64] in HBM = 16777216 elems x 2B = 33554432 B  (hbm counted: 33554432 B)
IO     input  arg1_1                 torch [4096, 4096] -> device [64, 4096, 64] in HBM = 16777216 elems x 2B = 33554432 B  (hbm counted: 33554432 B)
IO   => HBM I/O total = 100663296 B  (lx 0 B, ~free)
MODEL -- estimate (turnaround): T = (R+W)/BW_PEAK + a*min(R,W) --
MODEL   R=67108864 B (read)   W=33554432 B (write)   loop_trip L=1
MODEL   base = (R+W)/150 = 671.09 us
MODEL   turn = a*min(R,W) = 0.00574*33554432 = 192.60 us
MODEL   => T_model = 863.69 us
MODEL FEATS [{"name":"add","is_reduction":false,"out_elems":16777216,"cores":16,"dtype_bytes":2,"args":[{"name":"op0","role":"output","mem":"hbm","elems":16777216,"broadcast":false,"dims":[64,4096,64],"logical":[4096,4096],"loop_factor":1},{"name":"arg0_1","role":"input","mem":"hbm","elems":16777216,"broadcast":false,"dims":[64,4096,64],"logical":[4096,4096],"loop_factor":1},{"name":"arg1_1","role":"input","mem":"hbm","elems":16777216,"broadcast":false,"dims":[64,4096,64],"logical":[4096,4096],"loop_factor":1}],"reduction_cores":1,"loop_trip":1,"tiles_output_dim":false,"tile_rows_per_core":0.0,"is_matmul":false,"matmul_macs":0,"matmul_rows_per_core":0.0,"matmul_cols_per_core":0.0,"matmul_a_bytes":0,"matmul_b_bytes":0,"matmul_m_split":1,"matmul_n_split":1,"hbm_pattern":""}]
SUMMARY op=add rows=4096 cols=4096 cores=16 tiles=1 lx=1 io_hbm_bytes=100663296 kernel_us=934.426 pred_us=863.691 err_pct=-7.6 bw_gbps=107.7 memset_us=437.506 other_dev_us=2098.346 total_dev_us=3470.278
-- add [4096,4096] sencores=32 tiles=1
  op_it_space_splits={d0: 32, d1: 1}
IO -- device-layout I/O (cost model, stick-padded) --
IO   op add
IO     output op0                    torch [4096, 4096] -> device [64, 4096, 64] in HBM = 16777216 elems x 2B = 33554432 B  (hbm counted: 33554432 B)
IO     input  arg0_1                 torch [4096, 4096] -> device [64, 4096, 64] in HBM = 16777216 elems x 2B = 33554432 B  (hbm counted: 33554432 B)
IO     input  arg1_1                 torch [4096, 4096] -> device [64, 4096, 64] in HBM = 16777216 elems x 2B = 33554432 B  (hbm counted: 33554432 B)
IO   => HBM I/O total = 100663296 B  (lx 0 B, ~free)
MODEL -- estimate (turnaround): T = (R+W)/BW_PEAK + a*min(R,W) --
MODEL   R=67108864 B (read)   W=33554432 B (write)   loop_trip L=1
MODEL   base = (R+W)/150 = 671.09 us
MODEL   turn = a*min(R,W) = 0.00574*33554432 = 192.60 us
MODEL   => T_model = 863.69 us
MODEL FEATS [{"name":"add","is_reduction":false,"out_elems":16777216,"cores":32,"dtype_bytes":2,"args":[{"name":"op0","role":"output","mem":"hbm","elems":16777216,"broadcast":false,"dims":[64,4096,64],"logical":[4096,4096],"loop_factor":1},{"name":"arg0_1","role":"input","mem":"hbm","elems":16777216,"broadcast":false,"dims":[64,4096,64],"logical":[4096,4096],"loop_factor":1},{"name":"arg1_1","role":"input","mem":"hbm","elems":16777216,"broadcast":false,"dims":[64,4096,64],"logical":[4096,4096],"loop_factor":1}],"reduction_cores":1,"loop_trip":1,"tiles_output_dim":false,"tile_rows_per_core":0.0,"is_matmul":false,"matmul_macs":0,"matmul_rows_per_core":0.0,"matmul_cols_per_core":0.0,"matmul_a_bytes":0,"matmul_b_bytes":0,"matmul_m_split":1,"matmul_n_split":1,"hbm_pattern":""}]
SUMMARY op=add rows=4096 cols=4096 cores=32 tiles=1 lx=1 io_hbm_bytes=100663296 kernel_us=867.258 pred_us=863.691 err_pct=-0.4 bw_gbps=116.1 memset_us=429.656 other_dev_us=2269.200 total_dev_us=3566.114
## CB2 reduction sumrow/amax/mean [2048,8192], SENCORES {1,2,4,8,16,32}
-- sumrow [2048,8192] sencores=1 tiles=1
IO -- device-layout I/O (cost model, stick-padded) --
IO   op sum_1 [reduction]
IO     output op0                    torch [2048] -> device [1, 2048, 64] in HBM = 131072 elems x 2B = 262144 B  (hbm counted: 262144 B)
IO     input  arg0_1                 torch [2048, 8192] -> device [128, 2048, 64] in HBM = 16777216 elems x 2B = 33554432 B  (hbm counted: 33554432 B)
IO   => HBM I/O total = 33816576 B  (lx 0 B, ~free)
MODEL -- estimate (turnaround): T = (R+W)/BW_PEAK + a*min(R,W) --
MODEL   R=33554432 B (read)   W=262144 B (write)   loop_trip L=1
MODEL   base = (R+W)/150 = 225.44 us
MODEL   turn = a*min(R,W) = 0.00574*262144 = 1.50 us
MODEL   => T_model = 226.85 us
MODEL FEATS [{"name":"sum_1","is_reduction":true,"out_elems":131072,"cores":1,"dtype_bytes":2,"args":[{"name":"op0","role":"output","mem":"hbm","elems":131072,"broadcast":false,"dims":[1,2048,64],"logical":[2048],"loop_factor":1},{"name":"arg0_1","role":"input","mem":"hbm","elems":16777216,"broadcast":false,"dims":[128,2048,64],"logical":[2048,8192],"loop_factor":1}],"reduction_cores":1,"loop_trip":1,"tiles_output_dim":false,"tile_rows_per_core":0.0,"is_matmul":false,"matmul_macs":0,"matmul_rows_per_core":0.0,"matmul_cols_per_core":0.0,"matmul_a_bytes":0,"matmul_b_bytes":0,"matmul_m_split":1,"matmul_n_split":1,"hbm_pattern":""}]
SUMMARY op=sumrow rows=2048 cols=8192 cores=1 tiles=1 lx=1 io_hbm_bytes=33816576 kernel_us=2039.021 pred_us=226.850 err_pct=-88.9 bw_gbps=16.6 memset_us=32.860 other_dev_us=22.943 total_dev_us=2094.824
-- sumrow [2048,8192] sencores=2 tiles=1
  op_it_space_splits={d0: 2, d1: 1}
IO -- device-layout I/O (cost model, stick-padded) --
IO   op sum_1 [reduction]
IO     output op0                    torch [2048] -> device [1, 2048, 64] in HBM = 131072 elems x 2B = 262144 B  (hbm counted: 262144 B)
IO     input  arg0_1                 torch [2048, 8192] -> device [128, 2048, 64] in HBM = 16777216 elems x 2B = 33554432 B  (hbm counted: 33554432 B)
IO   => HBM I/O total = 33816576 B  (lx 0 B, ~free)
MODEL -- estimate (turnaround): T = (R+W)/BW_PEAK + a*min(R,W) --
MODEL   R=33554432 B (read)   W=262144 B (write)   loop_trip L=1
MODEL   base = (R+W)/150 = 225.44 us
MODEL   turn = a*min(R,W) = 0.00574*262144 = 1.50 us
MODEL   => T_model = 226.85 us
MODEL FEATS [{"name":"sum_1","is_reduction":true,"out_elems":131072,"cores":2,"dtype_bytes":2,"args":[{"name":"op0","role":"output","mem":"hbm","elems":131072,"broadcast":false,"dims":[1,2048,64],"logical":[2048],"loop_factor":1},{"name":"arg0_1","role":"input","mem":"hbm","elems":16777216,"broadcast":false,"dims":[128,2048,64],"logical":[2048,8192],"loop_factor":1}],"reduction_cores":1,"loop_trip":1,"tiles_output_dim":false,"tile_rows_per_core":0.0,"is_matmul":false,"matmul_macs":0,"matmul_rows_per_core":0.0,"matmul_cols_per_core":0.0,"matmul_a_bytes":0,"matmul_b_bytes":0,"matmul_m_split":1,"matmul_n_split":1,"hbm_pattern":""}]
SUMMARY op=sumrow rows=2048 cols=8192 cores=2 tiles=1 lx=1 io_hbm_bytes=33816576 kernel_us=1047.728 pred_us=226.850 err_pct=-78.3 bw_gbps=32.3 memset_us=30.095 other_dev_us=22.678 total_dev_us=1100.501
-- sumrow [2048,8192] sencores=4 tiles=1
  op_it_space_splits={d0: 4, d1: 1}
IO -- device-layout I/O (cost model, stick-padded) --
IO   op sum_1 [reduction]
IO     output op0                    torch [2048] -> device [1, 2048, 64] in HBM = 131072 elems x 2B = 262144 B  (hbm counted: 262144 B)
IO     input  arg0_1                 torch [2048, 8192] -> device [128, 2048, 64] in HBM = 16777216 elems x 2B = 33554432 B  (hbm counted: 33554432 B)
IO   => HBM I/O total = 33816576 B  (lx 0 B, ~free)
MODEL -- estimate (turnaround): T = (R+W)/BW_PEAK + a*min(R,W) --
MODEL   R=33554432 B (read)   W=262144 B (write)   loop_trip L=1
MODEL   base = (R+W)/150 = 225.44 us
MODEL   turn = a*min(R,W) = 0.00574*262144 = 1.50 us
MODEL   => T_model = 226.85 us
MODEL FEATS [{"name":"sum_1","is_reduction":true,"out_elems":131072,"cores":4,"dtype_bytes":2,"args":[{"name":"op0","role":"output","mem":"hbm","elems":131072,"broadcast":false,"dims":[1,2048,64],"logical":[2048],"loop_factor":1},{"name":"arg0_1","role":"input","mem":"hbm","elems":16777216,"broadcast":false,"dims":[128,2048,64],"logical":[2048,8192],"loop_factor":1}],"reduction_cores":1,"loop_trip":1,"tiles_output_dim":false,"tile_rows_per_core":0.0,"is_matmul":false,"matmul_macs":0,"matmul_rows_per_core":0.0,"matmul_cols_per_core":0.0,"matmul_a_bytes":0,"matmul_b_bytes":0,"matmul_m_split":1,"matmul_n_split":1,"hbm_pattern":""}]
SUMMARY op=sumrow rows=2048 cols=8192 cores=4 tiles=1 lx=1 io_hbm_bytes=33816576 kernel_us=549.123 pred_us=226.850 err_pct=-58.7 bw_gbps=61.6 memset_us=32.826 other_dev_us=23.169 total_dev_us=605.118
-- sumrow [2048,8192] sencores=8 tiles=1
  op_it_space_splits={d0: 8, d1: 1}
IO -- device-layout I/O (cost model, stick-padded) --
IO   op sum_1 [reduction]
IO     output op0                    torch [2048] -> device [1, 2048, 64] in HBM = 131072 elems x 2B = 262144 B  (hbm counted: 262144 B)
IO     input  arg0_1                 torch [2048, 8192] -> device [128, 2048, 64] in HBM = 16777216 elems x 2B = 33554432 B  (hbm counted: 33554432 B)
IO   => HBM I/O total = 33816576 B  (lx 0 B, ~free)
MODEL -- estimate (turnaround): T = (R+W)/BW_PEAK + a*min(R,W) --
MODEL   R=33554432 B (read)   W=262144 B (write)   loop_trip L=1
MODEL   base = (R+W)/150 = 225.44 us
MODEL   turn = a*min(R,W) = 0.00574*262144 = 1.50 us
MODEL   => T_model = 226.85 us
MODEL FEATS [{"name":"sum_1","is_reduction":true,"out_elems":131072,"cores":8,"dtype_bytes":2,"args":[{"name":"op0","role":"output","mem":"hbm","elems":131072,"broadcast":false,"dims":[1,2048,64],"logical":[2048],"loop_factor":1},{"name":"arg0_1","role":"input","mem":"hbm","elems":16777216,"broadcast":false,"dims":[128,2048,64],"logical":[2048,8192],"loop_factor":1}],"reduction_cores":1,"loop_trip":1,"tiles_output_dim":false,"tile_rows_per_core":0.0,"is_matmul":false,"matmul_macs":0,"matmul_rows_per_core":0.0,"matmul_cols_per_core":0.0,"matmul_a_bytes":0,"matmul_b_bytes":0,"matmul_m_split":1,"matmul_n_split":1,"hbm_pattern":""}]
SUMMARY op=sumrow rows=2048 cols=8192 cores=8 tiles=1 lx=1 io_hbm_bytes=33816576 kernel_us=442.407 pred_us=226.850 err_pct=-48.7 bw_gbps=76.4 memset_us=24.873 other_dev_us=23.029 total_dev_us=490.309
-- sumrow [2048,8192] sencores=16 tiles=1
  op_it_space_splits={d0: 16, d1: 1}
IO -- device-layout I/O (cost model, stick-padded) --
IO   op sum_1 [reduction]
IO     output op0                    torch [2048] -> device [1, 2048, 64] in HBM = 131072 elems x 2B = 262144 B  (hbm counted: 262144 B)
IO     input  arg0_1                 torch [2048, 8192] -> device [128, 2048, 64] in HBM = 16777216 elems x 2B = 33554432 B  (hbm counted: 33554432 B)
IO   => HBM I/O total = 33816576 B  (lx 0 B, ~free)
MODEL -- estimate (turnaround): T = (R+W)/BW_PEAK + a*min(R,W) --
MODEL   R=33554432 B (read)   W=262144 B (write)   loop_trip L=1
MODEL   base = (R+W)/150 = 225.44 us
MODEL   turn = a*min(R,W) = 0.00574*262144 = 1.50 us
MODEL   => T_model = 226.85 us
MODEL FEATS [{"name":"sum_1","is_reduction":true,"out_elems":131072,"cores":16,"dtype_bytes":2,"args":[{"name":"op0","role":"output","mem":"hbm","elems":131072,"broadcast":false,"dims":[1,2048,64],"logical":[2048],"loop_factor":1},{"name":"arg0_1","role":"input","mem":"hbm","elems":16777216,"broadcast":false,"dims":[128,2048,64],"logical":[2048,8192],"loop_factor":1}],"reduction_cores":1,"loop_trip":1,"tiles_output_dim":false,"tile_rows_per_core":0.0,"is_matmul":false,"matmul_macs":0,"matmul_rows_per_core":0.0,"matmul_cols_per_core":0.0,"matmul_a_bytes":0,"matmul_b_bytes":0,"matmul_m_split":1,"matmul_n_split":1,"hbm_pattern":""}]
SUMMARY op=sumrow rows=2048 cols=8192 cores=16 tiles=1 lx=1 io_hbm_bytes=33816576 kernel_us=444.408 pred_us=226.850 err_pct=-49.0 bw_gbps=76.1 memset_us=28.069 other_dev_us=23.593 total_dev_us=496.070
-- sumrow [2048,8192] sencores=32 tiles=1
  op_it_space_splits={d0: 32, d1: 1}
IO -- device-layout I/O (cost model, stick-padded) --
IO   op sum_1 [reduction]
IO     output op0                    torch [2048] -> device [1, 2048, 64] in HBM = 131072 elems x 2B = 262144 B  (hbm counted: 262144 B)
IO     input  arg0_1                 torch [2048, 8192] -> device [128, 2048, 64] in HBM = 16777216 elems x 2B = 33554432 B  (hbm counted: 33554432 B)
IO   => HBM I/O total = 33816576 B  (lx 0 B, ~free)
MODEL -- estimate (turnaround): T = (R+W)/BW_PEAK + a*min(R,W) --
MODEL   R=33554432 B (read)   W=262144 B (write)   loop_trip L=1
MODEL   base = (R+W)/150 = 225.44 us
MODEL   turn = a*min(R,W) = 0.00574*262144 = 1.50 us
MODEL   => T_model = 226.85 us
MODEL FEATS [{"name":"sum_1","is_reduction":true,"out_elems":131072,"cores":32,"dtype_bytes":2,"args":[{"name":"op0","role":"output","mem":"hbm","elems":131072,"broadcast":false,"dims":[1,2048,64],"logical":[2048],"loop_factor":1},{"name":"arg0_1","role":"input","mem":"hbm","elems":16777216,"broadcast":false,"dims":[128,2048,64],"logical":[2048,8192],"loop_factor":1}],"reduction_cores":1,"loop_trip":1,"tiles_output_dim":false,"tile_rows_per_core":0.0,"is_matmul":false,"matmul_macs":0,"matmul_rows_per_core":0.0,"matmul_cols_per_core":0.0,"matmul_a_bytes":0,"matmul_b_bytes":0,"matmul_m_split":1,"matmul_n_split":1,"hbm_pattern":""}]
SUMMARY op=sumrow rows=2048 cols=8192 cores=32 tiles=1 lx=1 io_hbm_bytes=33816576 kernel_us=229.443 pred_us=226.850 err_pct=-1.1 bw_gbps=147.4 memset_us=37.158 other_dev_us=23.167 total_dev_us=289.768
-- amax [2048,8192] sencores=1 tiles=1
IO -- device-layout I/O (cost model, stick-padded) --
IO   op amax [reduction]
IO     output op0                    torch [2048] -> device [1, 2048, 64] in HBM = 131072 elems x 2B = 262144 B  (hbm counted: 262144 B)
IO     input  arg0_1                 torch [2048, 8192] -> device [128, 2048, 64] in HBM = 16777216 elems x 2B = 33554432 B  (hbm counted: 33554432 B)
IO   => HBM I/O total = 33816576 B  (lx 0 B, ~free)
MODEL -- estimate (turnaround): T = (R+W)/BW_PEAK + a*min(R,W) --
MODEL   R=33554432 B (read)   W=262144 B (write)   loop_trip L=1
MODEL   base = (R+W)/150 = 225.44 us
MODEL   turn = a*min(R,W) = 0.00574*262144 = 1.50 us
MODEL   => T_model = 226.85 us
MODEL FEATS [{"name":"amax","is_reduction":true,"out_elems":131072,"cores":1,"dtype_bytes":2,"args":[{"name":"op0","role":"output","mem":"hbm","elems":131072,"broadcast":false,"dims":[1,2048,64],"logical":[2048],"loop_factor":1},{"name":"arg0_1","role":"input","mem":"hbm","elems":16777216,"broadcast":false,"dims":[128,2048,64],"logical":[2048,8192],"loop_factor":1}],"reduction_cores":1,"loop_trip":1,"tiles_output_dim":false,"tile_rows_per_core":0.0,"is_matmul":false,"matmul_macs":0,"matmul_rows_per_core":0.0,"matmul_cols_per_core":0.0,"matmul_a_bytes":0,"matmul_b_bytes":0,"matmul_m_split":1,"matmul_n_split":1,"hbm_pattern":""}]
SUMMARY op=amax rows=2048 cols=8192 cores=1 tiles=1 lx=1 io_hbm_bytes=33816576 kernel_us=2060.307 pred_us=226.850 err_pct=-89.0 bw_gbps=16.4 memset_us=31.333 other_dev_us=23.592 total_dev_us=2115.232
-- amax [2048,8192] sencores=2 tiles=1
  op_it_space_splits={d0: 2, d1: 1}
IO -- device-layout I/O (cost model, stick-padded) --
IO   op amax [reduction]
IO     output op0                    torch [2048] -> device [1, 2048, 64] in HBM = 131072 elems x 2B = 262144 B  (hbm counted: 262144 B)
IO     input  arg0_1                 torch [2048, 8192] -> device [128, 2048, 64] in HBM = 16777216 elems x 2B = 33554432 B  (hbm counted: 33554432 B)
IO   => HBM I/O total = 33816576 B  (lx 0 B, ~free)
MODEL -- estimate (turnaround): T = (R+W)/BW_PEAK + a*min(R,W) --
MODEL   R=33554432 B (read)   W=262144 B (write)   loop_trip L=1
MODEL   base = (R+W)/150 = 225.44 us
MODEL   turn = a*min(R,W) = 0.00574*262144 = 1.50 us
MODEL   => T_model = 226.85 us
MODEL FEATS [{"name":"amax","is_reduction":true,"out_elems":131072,"cores":2,"dtype_bytes":2,"args":[{"name":"op0","role":"output","mem":"hbm","elems":131072,"broadcast":false,"dims":[1,2048,64],"logical":[2048],"loop_factor":1},{"name":"arg0_1","role":"input","mem":"hbm","elems":16777216,"broadcast":false,"dims":[128,2048,64],"logical":[2048,8192],"loop_factor":1}],"reduction_cores":1,"loop_trip":1,"tiles_output_dim":false,"tile_rows_per_core":0.0,"is_matmul":false,"matmul_macs":0,"matmul_rows_per_core":0.0,"matmul_cols_per_core":0.0,"matmul_a_bytes":0,"matmul_b_bytes":0,"matmul_m_split":1,"matmul_n_split":1,"hbm_pattern":""}]
SUMMARY op=amax rows=2048 cols=8192 cores=2 tiles=1 lx=1 io_hbm_bytes=33816576 kernel_us=1068.532 pred_us=226.850 err_pct=-78.8 bw_gbps=31.6 memset_us=26.828 other_dev_us=26.071 total_dev_us=1121.431
-- amax [2048,8192] sencores=4 tiles=1
  op_it_space_splits={d0: 4, d1: 1}
IO -- device-layout I/O (cost model, stick-padded) --
IO   op amax [reduction]
IO     output op0                    torch [2048] -> device [1, 2048, 64] in HBM = 131072 elems x 2B = 262144 B  (hbm counted: 262144 B)
IO     input  arg0_1                 torch [2048, 8192] -> device [128, 2048, 64] in HBM = 16777216 elems x 2B = 33554432 B  (hbm counted: 33554432 B)
IO   => HBM I/O total = 33816576 B  (lx 0 B, ~free)
MODEL -- estimate (turnaround): T = (R+W)/BW_PEAK + a*min(R,W) --
MODEL   R=33554432 B (read)   W=262144 B (write)   loop_trip L=1
MODEL   base = (R+W)/150 = 225.44 us
MODEL   turn = a*min(R,W) = 0.00574*262144 = 1.50 us
MODEL   => T_model = 226.85 us
MODEL FEATS [{"name":"amax","is_reduction":true,"out_elems":131072,"cores":4,"dtype_bytes":2,"args":[{"name":"op0","role":"output","mem":"hbm","elems":131072,"broadcast":false,"dims":[1,2048,64],"logical":[2048],"loop_factor":1},{"name":"arg0_1","role":"input","mem":"hbm","elems":16777216,"broadcast":false,"dims":[128,2048,64],"logical":[2048,8192],"loop_factor":1}],"reduction_cores":1,"loop_trip":1,"tiles_output_dim":false,"tile_rows_per_core":0.0,"is_matmul":false,"matmul_macs":0,"matmul_rows_per_core":0.0,"matmul_cols_per_core":0.0,"matmul_a_bytes":0,"matmul_b_bytes":0,"matmul_m_split":1,"matmul_n_split":1,"hbm_pattern":""}]
SUMMARY op=amax rows=2048 cols=8192 cores=4 tiles=1 lx=1 io_hbm_bytes=33816576 kernel_us=545.171 pred_us=226.850 err_pct=-58.4 bw_gbps=62.0 memset_us=29.016 other_dev_us=24.696 total_dev_us=598.883
-- amax [2048,8192] sencores=8 tiles=1
  op_it_space_splits={d0: 8, d1: 1}
IO -- device-layout I/O (cost model, stick-padded) --
IO   op amax [reduction]
IO     output op0                    torch [2048] -> device [1, 2048, 64] in HBM = 131072 elems x 2B = 262144 B  (hbm counted: 262144 B)
IO     input  arg0_1                 torch [2048, 8192] -> device [128, 2048, 64] in HBM = 16777216 elems x 2B = 33554432 B  (hbm counted: 33554432 B)
IO   => HBM I/O total = 33816576 B  (lx 0 B, ~free)
MODEL -- estimate (turnaround): T = (R+W)/BW_PEAK + a*min(R,W) --
MODEL   R=33554432 B (read)   W=262144 B (write)   loop_trip L=1
MODEL   base = (R+W)/150 = 225.44 us
MODEL   turn = a*min(R,W) = 0.00574*262144 = 1.50 us
MODEL   => T_model = 226.85 us
MODEL FEATS [{"name":"amax","is_reduction":true,"out_elems":131072,"cores":8,"dtype_bytes":2,"args":[{"name":"op0","role":"output","mem":"hbm","elems":131072,"broadcast":false,"dims":[1,2048,64],"logical":[2048],"loop_factor":1},{"name":"arg0_1","role":"input","mem":"hbm","elems":16777216,"broadcast":false,"dims":[128,2048,64],"logical":[2048,8192],"loop_factor":1}],"reduction_cores":1,"loop_trip":1,"tiles_output_dim":false,"tile_rows_per_core":0.0,"is_matmul":false,"matmul_macs":0,"matmul_rows_per_core":0.0,"matmul_cols_per_core":0.0,"matmul_a_bytes":0,"matmul_b_bytes":0,"matmul_m_split":1,"matmul_n_split":1,"hbm_pattern":""}]
SUMMARY op=amax rows=2048 cols=8192 cores=8 tiles=1 lx=1 io_hbm_bytes=33816576 kernel_us=422.155 pred_us=226.850 err_pct=-46.3 bw_gbps=80.1 memset_us=28.087 other_dev_us=25.352 total_dev_us=475.594
-- amax [2048,8192] sencores=16 tiles=1
  op_it_space_splits={d0: 16, d1: 1}
IO -- device-layout I/O (cost model, stick-padded) --
IO   op amax [reduction]
IO     output op0                    torch [2048] -> device [1, 2048, 64] in HBM = 131072 elems x 2B = 262144 B  (hbm counted: 262144 B)
IO     input  arg0_1                 torch [2048, 8192] -> device [128, 2048, 64] in HBM = 16777216 elems x 2B = 33554432 B  (hbm counted: 33554432 B)
IO   => HBM I/O total = 33816576 B  (lx 0 B, ~free)
MODEL -- estimate (turnaround): T = (R+W)/BW_PEAK + a*min(R,W) --
MODEL   R=33554432 B (read)   W=262144 B (write)   loop_trip L=1
MODEL   base = (R+W)/150 = 225.44 us
MODEL   turn = a*min(R,W) = 0.00574*262144 = 1.50 us
MODEL   => T_model = 226.85 us
MODEL FEATS [{"name":"amax","is_reduction":true,"out_elems":131072,"cores":16,"dtype_bytes":2,"args":[{"name":"op0","role":"output","mem":"hbm","elems":131072,"broadcast":false,"dims":[1,2048,64],"logical":[2048],"loop_factor":1},{"name":"arg0_1","role":"input","mem":"hbm","elems":16777216,"broadcast":false,"dims":[128,2048,64],"logical":[2048,8192],"loop_factor":1}],"reduction_cores":1,"loop_trip":1,"tiles_output_dim":false,"tile_rows_per_core":0.0,"is_matmul":false,"matmul_macs":0,"matmul_rows_per_core":0.0,"matmul_cols_per_core":0.0,"matmul_a_bytes":0,"matmul_b_bytes":0,"matmul_m_split":1,"matmul_n_split":1,"hbm_pattern":""}]
SUMMARY op=amax rows=2048 cols=8192 cores=16 tiles=1 lx=1 io_hbm_bytes=33816576 kernel_us=432.845 pred_us=226.850 err_pct=-47.6 bw_gbps=78.1 memset_us=30.291 other_dev_us=23.193 total_dev_us=486.329
-- amax [2048,8192] sencores=32 tiles=1
  op_it_space_splits={d0: 32, d1: 1}
IO -- device-layout I/O (cost model, stick-padded) --
IO   op amax [reduction]
IO     output op0                    torch [2048] -> device [1, 2048, 64] in HBM = 131072 elems x 2B = 262144 B  (hbm counted: 262144 B)
IO     input  arg0_1                 torch [2048, 8192] -> device [128, 2048, 64] in HBM = 16777216 elems x 2B = 33554432 B  (hbm counted: 33554432 B)
IO   => HBM I/O total = 33816576 B  (lx 0 B, ~free)
MODEL -- estimate (turnaround): T = (R+W)/BW_PEAK + a*min(R,W) --
MODEL   R=33554432 B (read)   W=262144 B (write)   loop_trip L=1
MODEL   base = (R+W)/150 = 225.44 us
MODEL   turn = a*min(R,W) = 0.00574*262144 = 1.50 us
MODEL   => T_model = 226.85 us
MODEL FEATS [{"name":"amax","is_reduction":true,"out_elems":131072,"cores":32,"dtype_bytes":2,"args":[{"name":"op0","role":"output","mem":"hbm","elems":131072,"broadcast":false,"dims":[1,2048,64],"logical":[2048],"loop_factor":1},{"name":"arg0_1","role":"input","mem":"hbm","elems":16777216,"broadcast":false,"dims":[128,2048,64],"logical":[2048,8192],"loop_factor":1}],"reduction_cores":1,"loop_trip":1,"tiles_output_dim":false,"tile_rows_per_core":0.0,"is_matmul":false,"matmul_macs":0,"matmul_rows_per_core":0.0,"matmul_cols_per_core":0.0,"matmul_a_bytes":0,"matmul_b_bytes":0,"matmul_m_split":1,"matmul_n_split":1,"hbm_pattern":""}]
SUMMARY op=amax rows=2048 cols=8192 cores=32 tiles=1 lx=1 io_hbm_bytes=33816576 kernel_us=219.949 pred_us=226.850 err_pct=+3.1 bw_gbps=153.7 memset_us=30.287 other_dev_us=23.544 total_dev_us=273.780
-- mean [2048,8192] sencores=1 tiles=1
IO -- device-layout I/O (cost model, stick-padded) --
IO   op mean [reduction]
IO     output op0                    torch [2048] -> device [1, 2048, 64] in HBM = 131072 elems x 2B = 262144 B  (hbm counted: 262144 B)
IO     input  arg0_1                 torch [2048, 8192] -> device [128, 2048, 64] in HBM = 16777216 elems x 2B = 33554432 B  (hbm counted: 33554432 B)
IO   => HBM I/O total = 33816576 B  (lx 0 B, ~free)
MODEL -- estimate (turnaround): T = (R+W)/BW_PEAK + a*min(R,W) --
MODEL   R=33554432 B (read)   W=262144 B (write)   loop_trip L=1
MODEL   base = (R+W)/150 = 225.44 us
MODEL   turn = a*min(R,W) = 0.00574*262144 = 1.50 us
MODEL   => T_model = 226.85 us
MODEL FEATS [{"name":"mean","is_reduction":true,"out_elems":131072,"cores":1,"dtype_bytes":2,"args":[{"name":"op0","role":"output","mem":"hbm","elems":131072,"broadcast":false,"dims":[1,2048,64],"logical":[2048],"loop_factor":1},{"name":"arg0_1","role":"input","mem":"hbm","elems":16777216,"broadcast":false,"dims":[128,2048,64],"logical":[2048,8192],"loop_factor":1}],"reduction_cores":1,"loop_trip":1,"tiles_output_dim":false,"tile_rows_per_core":0.0,"is_matmul":false,"matmul_macs":0,"matmul_rows_per_core":0.0,"matmul_cols_per_core":0.0,"matmul_a_bytes":0,"matmul_b_bytes":0,"matmul_m_split":1,"matmul_n_split":1,"hbm_pattern":""}]
SUMMARY op=mean rows=2048 cols=8192 cores=1 tiles=1 lx=1 io_hbm_bytes=33816576 kernel_us=2034.667 pred_us=226.850 err_pct=-88.9 bw_gbps=16.6 memset_us=35.398 other_dev_us=528.887 total_dev_us=2598.952
-- mean [2048,8192] sencores=2 tiles=1
  op_it_space_splits={d0: 2, d1: 1}
IO -- device-layout I/O (cost model, stick-padded) --
IO   op mean [reduction]
IO     output op0                    torch [2048] -> device [1, 2048, 64] in HBM = 131072 elems x 2B = 262144 B  (hbm counted: 262144 B)
IO     input  arg0_1                 torch [2048, 8192] -> device [128, 2048, 64] in HBM = 16777216 elems x 2B = 33554432 B  (hbm counted: 33554432 B)
IO   => HBM I/O total = 33816576 B  (lx 0 B, ~free)
MODEL -- estimate (turnaround): T = (R+W)/BW_PEAK + a*min(R,W) --
MODEL   R=33554432 B (read)   W=262144 B (write)   loop_trip L=1
MODEL   base = (R+W)/150 = 225.44 us
MODEL   turn = a*min(R,W) = 0.00574*262144 = 1.50 us
MODEL   => T_model = 226.85 us
MODEL FEATS [{"name":"mean","is_reduction":true,"out_elems":131072,"cores":2,"dtype_bytes":2,"args":[{"name":"op0","role":"output","mem":"hbm","elems":131072,"broadcast":false,"dims":[1,2048,64],"logical":[2048],"loop_factor":1},{"name":"arg0_1","role":"input","mem":"hbm","elems":16777216,"broadcast":false,"dims":[128,2048,64],"logical":[2048,8192],"loop_factor":1}],"reduction_cores":1,"loop_trip":1,"tiles_output_dim":false,"tile_rows_per_core":0.0,"is_matmul":false,"matmul_macs":0,"matmul_rows_per_core":0.0,"matmul_cols_per_core":0.0,"matmul_a_bytes":0,"matmul_b_bytes":0,"matmul_m_split":1,"matmul_n_split":1,"hbm_pattern":""}]
SUMMARY op=mean rows=2048 cols=8192 cores=2 tiles=1 lx=1 io_hbm_bytes=33816576 kernel_us=1069.228 pred_us=226.850 err_pct=-78.8 bw_gbps=31.6 memset_us=24.984 other_dev_us=25.349 total_dev_us=1119.561
-- mean [2048,8192] sencores=4 tiles=1
  op_it_space_splits={d0: 4, d1: 1}
IO -- device-layout I/O (cost model, stick-padded) --
IO   op mean [reduction]
IO     output op0                    torch [2048] -> device [1, 2048, 64] in HBM = 131072 elems x 2B = 262144 B  (hbm counted: 262144 B)
IO     input  arg0_1                 torch [2048, 8192] -> device [128, 2048, 64] in HBM = 16777216 elems x 2B = 33554432 B  (hbm counted: 33554432 B)
IO   => HBM I/O total = 33816576 B  (lx 0 B, ~free)
MODEL -- estimate (turnaround): T = (R+W)/BW_PEAK + a*min(R,W) --
MODEL   R=33554432 B (read)   W=262144 B (write)   loop_trip L=1
MODEL   base = (R+W)/150 = 225.44 us
MODEL   turn = a*min(R,W) = 0.00574*262144 = 1.50 us
MODEL   => T_model = 226.85 us
MODEL FEATS [{"name":"mean","is_reduction":true,"out_elems":131072,"cores":4,"dtype_bytes":2,"args":[{"name":"op0","role":"output","mem":"hbm","elems":131072,"broadcast":false,"dims":[1,2048,64],"logical":[2048],"loop_factor":1},{"name":"arg0_1","role":"input","mem":"hbm","elems":16777216,"broadcast":false,"dims":[128,2048,64],"logical":[2048,8192],"loop_factor":1}],"reduction_cores":1,"loop_trip":1,"tiles_output_dim":false,"tile_rows_per_core":0.0,"is_matmul":false,"matmul_macs":0,"matmul_rows_per_core":0.0,"matmul_cols_per_core":0.0,"matmul_a_bytes":0,"matmul_b_bytes":0,"matmul_m_split":1,"matmul_n_split":1,"hbm_pattern":""}]
SUMMARY op=mean rows=2048 cols=8192 cores=4 tiles=1 lx=1 io_hbm_bytes=33816576 kernel_us=551.625 pred_us=226.850 err_pct=-58.9 bw_gbps=61.3 memset_us=28.570 other_dev_us=23.504 total_dev_us=603.699
-- mean [2048,8192] sencores=8 tiles=1
  op_it_space_splits={d0: 8, d1: 1}
IO -- device-layout I/O (cost model, stick-padded) --
IO   op mean [reduction]
IO     output op0                    torch [2048] -> device [1, 2048, 64] in HBM = 131072 elems x 2B = 262144 B  (hbm counted: 262144 B)
IO     input  arg0_1                 torch [2048, 8192] -> device [128, 2048, 64] in HBM = 16777216 elems x 2B = 33554432 B  (hbm counted: 33554432 B)
IO   => HBM I/O total = 33816576 B  (lx 0 B, ~free)
MODEL -- estimate (turnaround): T = (R+W)/BW_PEAK + a*min(R,W) --
MODEL   R=33554432 B (read)   W=262144 B (write)   loop_trip L=1
MODEL   base = (R+W)/150 = 225.44 us
MODEL   turn = a*min(R,W) = 0.00574*262144 = 1.50 us
MODEL   => T_model = 226.85 us
MODEL FEATS [{"name":"mean","is_reduction":true,"out_elems":131072,"cores":8,"dtype_bytes":2,"args":[{"name":"op0","role":"output","mem":"hbm","elems":131072,"broadcast":false,"dims":[1,2048,64],"logical":[2048],"loop_factor":1},{"name":"arg0_1","role":"input","mem":"hbm","elems":16777216,"broadcast":false,"dims":[128,2048,64],"logical":[2048,8192],"loop_factor":1}],"reduction_cores":1,"loop_trip":1,"tiles_output_dim":false,"tile_rows_per_core":0.0,"is_matmul":false,"matmul_macs":0,"matmul_rows_per_core":0.0,"matmul_cols_per_core":0.0,"matmul_a_bytes":0,"matmul_b_bytes":0,"matmul_m_split":1,"matmul_n_split":1,"hbm_pattern":""}]
SUMMARY op=mean rows=2048 cols=8192 cores=8 tiles=1 lx=1 io_hbm_bytes=33816576 kernel_us=476.739 pred_us=226.850 err_pct=-52.4 bw_gbps=70.9 memset_us=32.468 other_dev_us=22.987 total_dev_us=532.194
-- mean [2048,8192] sencores=16 tiles=1
  op_it_space_splits={d0: 16, d1: 1}
IO -- device-layout I/O (cost model, stick-padded) --
IO   op mean [reduction]
IO     output op0                    torch [2048] -> device [1, 2048, 64] in HBM = 131072 elems x 2B = 262144 B  (hbm counted: 262144 B)
IO     input  arg0_1                 torch [2048, 8192] -> device [128, 2048, 64] in HBM = 16777216 elems x 2B = 33554432 B  (hbm counted: 33554432 B)
IO   => HBM I/O total = 33816576 B  (lx 0 B, ~free)
MODEL -- estimate (turnaround): T = (R+W)/BW_PEAK + a*min(R,W) --
MODEL   R=33554432 B (read)   W=262144 B (write)   loop_trip L=1
MODEL   base = (R+W)/150 = 225.44 us
MODEL   turn = a*min(R,W) = 0.00574*262144 = 1.50 us
MODEL   => T_model = 226.85 us
MODEL FEATS [{"name":"mean","is_reduction":true,"out_elems":131072,"cores":16,"dtype_bytes":2,"args":[{"name":"op0","role":"output","mem":"hbm","elems":131072,"broadcast":false,"dims":[1,2048,64],"logical":[2048],"loop_factor":1},{"name":"arg0_1","role":"input","mem":"hbm","elems":16777216,"broadcast":false,"dims":[128,2048,64],"logical":[2048,8192],"loop_factor":1}],"reduction_cores":1,"loop_trip":1,"tiles_output_dim":false,"tile_rows_per_core":0.0,"is_matmul":false,"matmul_macs":0,"matmul_rows_per_core":0.0,"matmul_cols_per_core":0.0,"matmul_a_bytes":0,"matmul_b_bytes":0,"matmul_m_split":1,"matmul_n_split":1,"hbm_pattern":""}]
SUMMARY op=mean rows=2048 cols=8192 cores=16 tiles=1 lx=1 io_hbm_bytes=33816576 kernel_us=440.758 pred_us=226.850 err_pct=-48.5 bw_gbps=76.7 memset_us=31.882 other_dev_us=24.035 total_dev_us=496.675
-- mean [2048,8192] sencores=32 tiles=1
  op_it_space_splits={d0: 32, d1: 1}
IO -- device-layout I/O (cost model, stick-padded) --
IO   op mean [reduction]
IO     output op0                    torch [2048] -> device [1, 2048, 64] in HBM = 131072 elems x 2B = 262144 B  (hbm counted: 262144 B)
IO     input  arg0_1                 torch [2048, 8192] -> device [128, 2048, 64] in HBM = 16777216 elems x 2B = 33554432 B  (hbm counted: 33554432 B)
IO   => HBM I/O total = 33816576 B  (lx 0 B, ~free)
MODEL -- estimate (turnaround): T = (R+W)/BW_PEAK + a*min(R,W) --
MODEL   R=33554432 B (read)   W=262144 B (write)   loop_trip L=1
MODEL   base = (R+W)/150 = 225.44 us
MODEL   turn = a*min(R,W) = 0.00574*262144 = 1.50 us
MODEL   => T_model = 226.85 us
MODEL FEATS [{"name":"mean","is_reduction":true,"out_elems":131072,"cores":32,"dtype_bytes":2,"args":[{"name":"op0","role":"output","mem":"hbm","elems":131072,"broadcast":false,"dims":[1,2048,64],"logical":[2048],"loop_factor":1},{"name":"arg0_1","role":"input","mem":"hbm","elems":16777216,"broadcast":false,"dims":[128,2048,64],"logical":[2048,8192],"loop_factor":1}],"reduction_cores":1,"loop_trip":1,"tiles_output_dim":false,"tile_rows_per_core":0.0,"is_matmul":false,"matmul_macs":0,"matmul_rows_per_core":0.0,"matmul_cols_per_core":0.0,"matmul_a_bytes":0,"matmul_b_bytes":0,"matmul_m_split":1,"matmul_n_split":1,"hbm_pattern":""}]
SUMMARY op=mean rows=2048 cols=8192 cores=32 tiles=1 lx=1 io_hbm_bytes=33816576 kernel_us=222.118 pred_us=226.850 err_pct=+2.1 bw_gbps=152.2 memset_us=32.592 other_dev_us=29.583 total_dev_us=284.293
## CB3 bcast + transpose [2048,8192], SENCORES {1,2,4,8,16,32}
-- bcast [2048,8192] sencores=1 tiles=1
IO -- device-layout I/O (cost model, stick-padded) --
IO   op add
IO     output op0                    torch [2048, 8192] -> device [128, 2048, 64] in HBM = 16777216 elems x 2B = 33554432 B  (hbm counted: 33554432 B)
IO     input  arg0_1                 torch [2048, 8192] -> device [128, 2048, 64] in HBM = 16777216 elems x 2B = 33554432 B  (hbm counted: 33554432 B)
IO     input  arg1_1                 torch [1, 8192] -> device [128, 1, 64] in HBM = 8192 elems x 2B = 16384 B  (hbm counted: 16384 B) broadcast (loaded once)
IO   => HBM I/O total = 67125248 B  (lx 0 B, ~free)
MODEL -- estimate (turnaround): T = (R+W)/BW_PEAK + a*min(R,W) --
MODEL   R=33570816 B (read)   W=33554432 B (write)   loop_trip L=1
MODEL   base = (R+W)/150 = 447.50 us
MODEL   turn = a*min(R,W) = 0.00574*33554432 = 192.60 us
MODEL   => T_model = 568.86 us
MODEL FEATS [{"name":"add","is_reduction":false,"out_elems":16777216,"cores":1,"dtype_bytes":2,"args":[{"name":"op0","role":"output","mem":"hbm","elems":16777216,"broadcast":false,"dims":[128,2048,64],"logical":[2048,8192],"loop_factor":1},{"name":"arg0_1","role":"input","mem":"hbm","elems":16777216,"broadcast":false,"dims":[128,2048,64],"logical":[2048,8192],"loop_factor":1},{"name":"arg1_1","role":"input","mem":"hbm","elems":8192,"broadcast":true,"dims":[128,1,64],"logical":[1,8192],"loop_factor":1}],"reduction_cores":1,"loop_trip":1,"tiles_output_dim":false,"tile_rows_per_core":0.0,"is_matmul":false,"matmul_macs":0,"matmul_rows_per_core":0.0,"matmul_cols_per_core":0.0,"matmul_a_bytes":0,"matmul_b_bytes":0,"matmul_m_split":1,"matmul_n_split":1,"hbm_pattern":""}]
SUMMARY op=bcast rows=2048 cols=8192 cores=1 tiles=1 lx=1 io_hbm_bytes=67125248 kernel_us=647.019 pred_us=568.858 err_pct=-12.1 bw_gbps=103.7 memset_us=533.847 other_dev_us=2032.840 total_dev_us=3213.706
-- bcast [2048,8192] sencores=2 tiles=1
  op_it_space_splits={d0: 2, d1: 1}
IO -- device-layout I/O (cost model, stick-padded) --
IO   op add
IO     output op0                    torch [2048, 8192] -> device [128, 2048, 64] in HBM = 16777216 elems x 2B = 33554432 B  (hbm counted: 33554432 B)
IO     input  arg0_1                 torch [2048, 8192] -> device [128, 2048, 64] in HBM = 16777216 elems x 2B = 33554432 B  (hbm counted: 33554432 B)
IO     input  arg1_1                 torch [1, 8192] -> device [128, 1, 64] in HBM = 8192 elems x 2B = 16384 B  (hbm counted: 16384 B) broadcast (loaded once)
IO   => HBM I/O total = 67125248 B  (lx 0 B, ~free)
MODEL -- estimate (turnaround): T = (R+W)/BW_PEAK + a*min(R,W) --
MODEL   R=33570816 B (read)   W=33554432 B (write)   loop_trip L=1
MODEL   base = (R+W)/150 = 447.50 us
MODEL   turn = a*min(R,W) = 0.00574*33554432 = 192.60 us
MODEL   => T_model = 568.86 us
MODEL FEATS [{"name":"add","is_reduction":false,"out_elems":16777216,"cores":2,"dtype_bytes":2,"args":[{"name":"op0","role":"output","mem":"hbm","elems":16777216,"broadcast":false,"dims":[128,2048,64],"logical":[2048,8192],"loop_factor":1},{"name":"arg0_1","role":"input","mem":"hbm","elems":16777216,"broadcast":false,"dims":[128,2048,64],"logical":[2048,8192],"loop_factor":1},{"name":"arg1_1","role":"input","mem":"hbm","elems":8192,"broadcast":true,"dims":[128,1,64],"logical":[1,8192],"loop_factor":1}],"reduction_cores":1,"loop_trip":1,"tiles_output_dim":false,"tile_rows_per_core":0.0,"is_matmul":false,"matmul_macs":0,"matmul_rows_per_core":0.0,"matmul_cols_per_core":0.0,"matmul_a_bytes":0,"matmul_b_bytes":0,"matmul_m_split":1,"matmul_n_split":1,"hbm_pattern":""}]
SUMMARY op=bcast rows=2048 cols=8192 cores=2 tiles=1 lx=1 io_hbm_bytes=67125248 kernel_us=624.696 pred_us=568.858 err_pct=-8.9 bw_gbps=107.5 memset_us=509.500 other_dev_us=2046.708 total_dev_us=3180.904
-- bcast [2048,8192] sencores=4 tiles=1
  op_it_space_splits={d0: 4, d1: 1}
IO -- device-layout I/O (cost model, stick-padded) --
IO   op add
IO     output op0                    torch [2048, 8192] -> device [128, 2048, 64] in HBM = 16777216 elems x 2B = 33554432 B  (hbm counted: 33554432 B)
IO     input  arg0_1                 torch [2048, 8192] -> device [128, 2048, 64] in HBM = 16777216 elems x 2B = 33554432 B  (hbm counted: 33554432 B)
IO     input  arg1_1                 torch [1, 8192] -> device [128, 1, 64] in HBM = 8192 elems x 2B = 16384 B  (hbm counted: 16384 B) broadcast (loaded once)
IO   => HBM I/O total = 67125248 B  (lx 0 B, ~free)
MODEL -- estimate (turnaround): T = (R+W)/BW_PEAK + a*min(R,W) --
MODEL   R=33570816 B (read)   W=33554432 B (write)   loop_trip L=1
MODEL   base = (R+W)/150 = 447.50 us
MODEL   turn = a*min(R,W) = 0.00574*33554432 = 192.60 us
MODEL   => T_model = 568.86 us
MODEL FEATS [{"name":"add","is_reduction":false,"out_elems":16777216,"cores":4,"dtype_bytes":2,"args":[{"name":"op0","role":"output","mem":"hbm","elems":16777216,"broadcast":false,"dims":[128,2048,64],"logical":[2048,8192],"loop_factor":1},{"name":"arg0_1","role":"input","mem":"hbm","elems":16777216,"broadcast":false,"dims":[128,2048,64],"logical":[2048,8192],"loop_factor":1},{"name":"arg1_1","role":"input","mem":"hbm","elems":8192,"broadcast":true,"dims":[128,1,64],"logical":[1,8192],"loop_factor":1}],"reduction_cores":1,"loop_trip":1,"tiles_output_dim":false,"tile_rows_per_core":0.0,"is_matmul":false,"matmul_macs":0,"matmul_rows_per_core":0.0,"matmul_cols_per_core":0.0,"matmul_a_bytes":0,"matmul_b_bytes":0,"matmul_m_split":1,"matmul_n_split":1,"hbm_pattern":""}]
SUMMARY op=bcast rows=2048 cols=8192 cores=4 tiles=1 lx=1 io_hbm_bytes=67125248 kernel_us=617.581 pred_us=568.858 err_pct=-7.9 bw_gbps=108.7 memset_us=436.095 other_dev_us=2204.376 total_dev_us=3258.052
-- bcast [2048,8192] sencores=8 tiles=1
  op_it_space_splits={d0: 8, d1: 1}
IO -- device-layout I/O (cost model, stick-padded) --
IO   op add
IO     output op0                    torch [2048, 8192] -> device [128, 2048, 64] in HBM = 16777216 elems x 2B = 33554432 B  (hbm counted: 33554432 B)
IO     input  arg0_1                 torch [2048, 8192] -> device [128, 2048, 64] in HBM = 16777216 elems x 2B = 33554432 B  (hbm counted: 33554432 B)
IO     input  arg1_1                 torch [1, 8192] -> device [128, 1, 64] in HBM = 8192 elems x 2B = 16384 B  (hbm counted: 16384 B) broadcast (loaded once)
IO   => HBM I/O total = 67125248 B  (lx 0 B, ~free)
MODEL -- estimate (turnaround): T = (R+W)/BW_PEAK + a*min(R,W) --
MODEL   R=33570816 B (read)   W=33554432 B (write)   loop_trip L=1
MODEL   base = (R+W)/150 = 447.50 us
MODEL   turn = a*min(R,W) = 0.00574*33554432 = 192.60 us
MODEL   => T_model = 568.86 us
MODEL FEATS [{"name":"add","is_reduction":false,"out_elems":16777216,"cores":8,"dtype_bytes":2,"args":[{"name":"op0","role":"output","mem":"hbm","elems":16777216,"broadcast":false,"dims":[128,2048,64],"logical":[2048,8192],"loop_factor":1},{"name":"arg0_1","role":"input","mem":"hbm","elems":16777216,"broadcast":false,"dims":[128,2048,64],"logical":[2048,8192],"loop_factor":1},{"name":"arg1_1","role":"input","mem":"hbm","elems":8192,"broadcast":true,"dims":[128,1,64],"logical":[1,8192],"loop_factor":1}],"reduction_cores":1,"loop_trip":1,"tiles_output_dim":false,"tile_rows_per_core":0.0,"is_matmul":false,"matmul_macs":0,"matmul_rows_per_core":0.0,"matmul_cols_per_core":0.0,"matmul_a_bytes":0,"matmul_b_bytes":0,"matmul_m_split":1,"matmul_n_split":1,"hbm_pattern":""}]
SUMMARY op=bcast rows=2048 cols=8192 cores=8 tiles=1 lx=1 io_hbm_bytes=67125248 kernel_us=619.192 pred_us=568.858 err_pct=-8.1 bw_gbps=108.4 memset_us=445.722 other_dev_us=2232.429 total_dev_us=3297.343
-- bcast [2048,8192] sencores=16 tiles=1
  op_it_space_splits={d0: 16, d1: 1}
IO -- device-layout I/O (cost model, stick-padded) --
IO   op add
IO     output op0                    torch [2048, 8192] -> device [128, 2048, 64] in HBM = 16777216 elems x 2B = 33554432 B  (hbm counted: 33554432 B)
IO     input  arg0_1                 torch [2048, 8192] -> device [128, 2048, 64] in HBM = 16777216 elems x 2B = 33554432 B  (hbm counted: 33554432 B)
IO     input  arg1_1                 torch [1, 8192] -> device [128, 1, 64] in HBM = 8192 elems x 2B = 16384 B  (hbm counted: 16384 B) broadcast (loaded once)
IO   => HBM I/O total = 67125248 B  (lx 0 B, ~free)
MODEL -- estimate (turnaround): T = (R+W)/BW_PEAK + a*min(R,W) --
MODEL   R=33570816 B (read)   W=33554432 B (write)   loop_trip L=1
MODEL   base = (R+W)/150 = 447.50 us
MODEL   turn = a*min(R,W) = 0.00574*33554432 = 192.60 us
MODEL   => T_model = 568.86 us
MODEL FEATS [{"name":"add","is_reduction":false,"out_elems":16777216,"cores":16,"dtype_bytes":2,"args":[{"name":"op0","role":"output","mem":"hbm","elems":16777216,"broadcast":false,"dims":[128,2048,64],"logical":[2048,8192],"loop_factor":1},{"name":"arg0_1","role":"input","mem":"hbm","elems":16777216,"broadcast":false,"dims":[128,2048,64],"logical":[2048,8192],"loop_factor":1},{"name":"arg1_1","role":"input","mem":"hbm","elems":8192,"broadcast":true,"dims":[128,1,64],"logical":[1,8192],"loop_factor":1}],"reduction_cores":1,"loop_trip":1,"tiles_output_dim":false,"tile_rows_per_core":0.0,"is_matmul":false,"matmul_macs":0,"matmul_rows_per_core":0.0,"matmul_cols_per_core":0.0,"matmul_a_bytes":0,"matmul_b_bytes":0,"matmul_m_split":1,"matmul_n_split":1,"hbm_pattern":""}]
SUMMARY op=bcast rows=2048 cols=8192 cores=16 tiles=1 lx=1 io_hbm_bytes=67125248 kernel_us=607.140 pred_us=568.858 err_pct=-6.3 bw_gbps=110.6 memset_us=421.486 other_dev_us=2254.097 total_dev_us=3282.723
-- bcast [2048,8192] sencores=32 tiles=1
  op_it_space_splits={d0: 32, d1: 1}
IO -- device-layout I/O (cost model, stick-padded) --
IO   op add
IO     output op0                    torch [2048, 8192] -> device [128, 2048, 64] in HBM = 16777216 elems x 2B = 33554432 B  (hbm counted: 33554432 B)
IO     input  arg0_1                 torch [2048, 8192] -> device [128, 2048, 64] in HBM = 16777216 elems x 2B = 33554432 B  (hbm counted: 33554432 B)
IO     input  arg1_1                 torch [1, 8192] -> device [128, 1, 64] in HBM = 8192 elems x 2B = 16384 B  (hbm counted: 16384 B) broadcast (loaded once)
IO   => HBM I/O total = 67125248 B  (lx 0 B, ~free)
MODEL -- estimate (turnaround): T = (R+W)/BW_PEAK + a*min(R,W) --
MODEL   R=33570816 B (read)   W=33554432 B (write)   loop_trip L=1
MODEL   base = (R+W)/150 = 447.50 us
MODEL   turn = a*min(R,W) = 0.00574*33554432 = 192.60 us
MODEL   => T_model = 568.86 us
MODEL FEATS [{"name":"add","is_reduction":false,"out_elems":16777216,"cores":32,"dtype_bytes":2,"args":[{"name":"op0","role":"output","mem":"hbm","elems":16777216,"broadcast":false,"dims":[128,2048,64],"logical":[2048,8192],"loop_factor":1},{"name":"arg0_1","role":"input","mem":"hbm","elems":16777216,"broadcast":false,"dims":[128,2048,64],"logical":[2048,8192],"loop_factor":1},{"name":"arg1_1","role":"input","mem":"hbm","elems":8192,"broadcast":true,"dims":[128,1,64],"logical":[1,8192],"loop_factor":1}],"reduction_cores":1,"loop_trip":1,"tiles_output_dim":false,"tile_rows_per_core":0.0,"is_matmul":false,"matmul_macs":0,"matmul_rows_per_core":0.0,"matmul_cols_per_core":0.0,"matmul_a_bytes":0,"matmul_b_bytes":0,"matmul_m_split":1,"matmul_n_split":1,"hbm_pattern":""}]
SUMMARY op=bcast rows=2048 cols=8192 cores=32 tiles=1 lx=1 io_hbm_bytes=67125248 kernel_us=573.004 pred_us=568.858 err_pct=-0.7 bw_gbps=117.1 memset_us=447.438 other_dev_us=2232.513 total_dev_us=3252.955
-- transpose [2048,8192] sencores=1 tiles=1
IO -- device-layout I/O (cost model, stick-padded) --
IO   op clone
IO     output op0                    torch [8192, 2048] -> device [32, 8192, 64] in HBM = 16777216 elems x 2B = 33554432 B  (hbm counted: 33554432 B)
IO     input  arg0_1                 torch [2048, 8192] -> device [128, 2048, 64] in HBM = 16777216 elems x 2B = 33554432 B  (hbm counted: 33554432 B)
IO   => HBM I/O total = 67108864 B  (lx 0 B, ~free)
MODEL -- estimate (turnaround): T = (R+W)/BW_PEAK + a*min(R,W) --
MODEL   R=33554432 B (read)   W=33554432 B (write)   loop_trip L=1
MODEL   base = (R+W)/150 = 447.39 us
MODEL   turn = a*min(R,W) = 0.00574*33554432 = 192.60 us
MODEL   => T_model = 578.52 us
MODEL FEATS [{"name":"clone","is_reduction":false,"out_elems":16777216,"cores":1,"dtype_bytes":2,"args":[{"name":"op0","role":"output","mem":"hbm","elems":16777216,"broadcast":false,"dims":[32,8192,64],"logical":[8192,2048],"loop_factor":1},{"name":"arg0_1","role":"input","mem":"hbm","elems":16777216,"broadcast":false,"dims":[128,2048,64],"logical":[2048,8192],"loop_factor":1}],"reduction_cores":1,"loop_trip":1,"tiles_output_dim":false,"tile_rows_per_core":0.0,"is_matmul":false,"matmul_macs":0,"matmul_rows_per_core":0.0,"matmul_cols_per_core":0.0,"matmul_a_bytes":0,"matmul_b_bytes":0,"matmul_m_split":1,"matmul_n_split":1,"hbm_pattern":"restickify"}]
SUMMARY op=transpose rows=2048 cols=8192 cores=1 tiles=1 lx=1 io_hbm_bytes=67108864 kernel_us=682.181 pred_us=578.525 err_pct=-15.2 bw_gbps=98.4 memset_us=440.230 other_dev_us=2157.750 total_dev_us=3280.161
-- transpose [2048,8192] sencores=2 tiles=1
  op_it_space_splits={d0: 2, d1: 1}
IO -- device-layout I/O (cost model, stick-padded) --
IO   op clone
IO     output op0                    torch [8192, 2048] -> device [32, 8192, 64] in HBM = 16777216 elems x 2B = 33554432 B  (hbm counted: 33554432 B)
IO     input  arg0_1                 torch [2048, 8192] -> device [128, 2048, 64] in HBM = 16777216 elems x 2B = 33554432 B  (hbm counted: 33554432 B)
IO   => HBM I/O total = 67108864 B  (lx 0 B, ~free)
MODEL -- estimate (turnaround): T = (R+W)/BW_PEAK + a*min(R,W) --
MODEL   R=33554432 B (read)   W=33554432 B (write)   loop_trip L=1
MODEL   base = (R+W)/150 = 447.39 us
MODEL   turn = a*min(R,W) = 0.00574*33554432 = 192.60 us
MODEL   => T_model = 578.52 us
MODEL FEATS [{"name":"clone","is_reduction":false,"out_elems":16777216,"cores":2,"dtype_bytes":2,"args":[{"name":"op0","role":"output","mem":"hbm","elems":16777216,"broadcast":false,"dims":[32,8192,64],"logical":[8192,2048],"loop_factor":1},{"name":"arg0_1","role":"input","mem":"hbm","elems":16777216,"broadcast":false,"dims":[128,2048,64],"logical":[2048,8192],"loop_factor":1}],"reduction_cores":1,"loop_trip":1,"tiles_output_dim":false,"tile_rows_per_core":0.0,"is_matmul":false,"matmul_macs":0,"matmul_rows_per_core":0.0,"matmul_cols_per_core":0.0,"matmul_a_bytes":0,"matmul_b_bytes":0,"matmul_m_split":1,"matmul_n_split":1,"hbm_pattern":"restickify"}]
SUMMARY op=transpose rows=2048 cols=8192 cores=2 tiles=1 lx=1 io_hbm_bytes=67108864 kernel_us=602.078 pred_us=578.525 err_pct=-3.9 bw_gbps=111.5 memset_us=467.039 other_dev_us=2192.835 total_dev_us=3261.952
-- transpose [2048,8192] sencores=4 tiles=1
  op_it_space_splits={d0: 4, d1: 1}
IO -- device-layout I/O (cost model, stick-padded) --
IO   op clone
IO     output op0                    torch [8192, 2048] -> device [32, 8192, 64] in HBM = 16777216 elems x 2B = 33554432 B  (hbm counted: 33554432 B)
IO     input  arg0_1                 torch [2048, 8192] -> device [128, 2048, 64] in HBM = 16777216 elems x 2B = 33554432 B  (hbm counted: 33554432 B)
IO   => HBM I/O total = 67108864 B  (lx 0 B, ~free)
MODEL -- estimate (turnaround): T = (R+W)/BW_PEAK + a*min(R,W) --
MODEL   R=33554432 B (read)   W=33554432 B (write)   loop_trip L=1
MODEL   base = (R+W)/150 = 447.39 us
MODEL   turn = a*min(R,W) = 0.00574*33554432 = 192.60 us
MODEL   => T_model = 578.52 us
MODEL FEATS [{"name":"clone","is_reduction":false,"out_elems":16777216,"cores":4,"dtype_bytes":2,"args":[{"name":"op0","role":"output","mem":"hbm","elems":16777216,"broadcast":false,"dims":[32,8192,64],"logical":[8192,2048],"loop_factor":1},{"name":"arg0_1","role":"input","mem":"hbm","elems":16777216,"broadcast":false,"dims":[128,2048,64],"logical":[2048,8192],"loop_factor":1}],"reduction_cores":1,"loop_trip":1,"tiles_output_dim":false,"tile_rows_per_core":0.0,"is_matmul":false,"matmul_macs":0,"matmul_rows_per_core":0.0,"matmul_cols_per_core":0.0,"matmul_a_bytes":0,"matmul_b_bytes":0,"matmul_m_split":1,"matmul_n_split":1,"hbm_pattern":"restickify"}]
SUMMARY op=transpose rows=2048 cols=8192 cores=4 tiles=1 lx=1 io_hbm_bytes=67108864 kernel_us=611.325 pred_us=578.525 err_pct=-5.4 bw_gbps=109.8 memset_us=453.538 other_dev_us=2218.112 total_dev_us=3282.975
-- transpose [2048,8192] sencores=8 tiles=1
  op_it_space_splits={d0: 8, d1: 1}
IO -- device-layout I/O (cost model, stick-padded) --
IO   op clone
IO     output op0                    torch [8192, 2048] -> device [32, 8192, 64] in HBM = 16777216 elems x 2B = 33554432 B  (hbm counted: 33554432 B)
IO     input  arg0_1                 torch [2048, 8192] -> device [128, 2048, 64] in HBM = 16777216 elems x 2B = 33554432 B  (hbm counted: 33554432 B)
IO   => HBM I/O total = 67108864 B  (lx 0 B, ~free)
MODEL -- estimate (turnaround): T = (R+W)/BW_PEAK + a*min(R,W) --
MODEL   R=33554432 B (read)   W=33554432 B (write)   loop_trip L=1
MODEL   base = (R+W)/150 = 447.39 us
MODEL   turn = a*min(R,W) = 0.00574*33554432 = 192.60 us
MODEL   => T_model = 578.52 us
MODEL FEATS [{"name":"clone","is_reduction":false,"out_elems":16777216,"cores":8,"dtype_bytes":2,"args":[{"name":"op0","role":"output","mem":"hbm","elems":16777216,"broadcast":false,"dims":[32,8192,64],"logical":[8192,2048],"loop_factor":1},{"name":"arg0_1","role":"input","mem":"hbm","elems":16777216,"broadcast":false,"dims":[128,2048,64],"logical":[2048,8192],"loop_factor":1}],"reduction_cores":1,"loop_trip":1,"tiles_output_dim":false,"tile_rows_per_core":0.0,"is_matmul":false,"matmul_macs":0,"matmul_rows_per_core":0.0,"matmul_cols_per_core":0.0,"matmul_a_bytes":0,"matmul_b_bytes":0,"matmul_m_split":1,"matmul_n_split":1,"hbm_pattern":"restickify"}]
SUMMARY op=transpose rows=2048 cols=8192 cores=8 tiles=1 lx=1 io_hbm_bytes=67108864 kernel_us=611.683 pred_us=578.525 err_pct=-5.4 bw_gbps=109.7 memset_us=434.005 other_dev_us=2186.168 total_dev_us=3231.856
-- transpose [2048,8192] sencores=16 tiles=1
  op_it_space_splits={d0: 16, d1: 1}
IO -- device-layout I/O (cost model, stick-padded) --
IO   op clone
IO     output op0                    torch [8192, 2048] -> device [32, 8192, 64] in HBM = 16777216 elems x 2B = 33554432 B  (hbm counted: 33554432 B)
IO     input  arg0_1                 torch [2048, 8192] -> device [128, 2048, 64] in HBM = 16777216 elems x 2B = 33554432 B  (hbm counted: 33554432 B)
IO   => HBM I/O total = 67108864 B  (lx 0 B, ~free)
MODEL -- estimate (turnaround): T = (R+W)/BW_PEAK + a*min(R,W) --
MODEL   R=33554432 B (read)   W=33554432 B (write)   loop_trip L=1
MODEL   base = (R+W)/150 = 447.39 us
MODEL   turn = a*min(R,W) = 0.00574*33554432 = 192.60 us
MODEL   => T_model = 578.52 us
MODEL FEATS [{"name":"clone","is_reduction":false,"out_elems":16777216,"cores":16,"dtype_bytes":2,"args":[{"name":"op0","role":"output","mem":"hbm","elems":16777216,"broadcast":false,"dims":[32,8192,64],"logical":[8192,2048],"loop_factor":1},{"name":"arg0_1","role":"input","mem":"hbm","elems":16777216,"broadcast":false,"dims":[128,2048,64],"logical":[2048,8192],"loop_factor":1}],"reduction_cores":1,"loop_trip":1,"tiles_output_dim":false,"tile_rows_per_core":0.0,"is_matmul":false,"matmul_macs":0,"matmul_rows_per_core":0.0,"matmul_cols_per_core":0.0,"matmul_a_bytes":0,"matmul_b_bytes":0,"matmul_m_split":1,"matmul_n_split":1,"hbm_pattern":"restickify"}]
SUMMARY op=transpose rows=2048 cols=8192 cores=16 tiles=1 lx=1 io_hbm_bytes=67108864 kernel_us=592.141 pred_us=578.525 err_pct=-2.3 bw_gbps=113.3 memset_us=434.861 other_dev_us=2157.888 total_dev_us=3184.890
-- transpose [2048,8192] sencores=32 tiles=1
  op_it_space_splits={d0: 32, d1: 1}
IO -- device-layout I/O (cost model, stick-padded) --
IO   op clone
IO     output op0                    torch [8192, 2048] -> device [32, 8192, 64] in HBM = 16777216 elems x 2B = 33554432 B  (hbm counted: 33554432 B)
IO     input  arg0_1                 torch [2048, 8192] -> device [128, 2048, 64] in HBM = 16777216 elems x 2B = 33554432 B  (hbm counted: 33554432 B)
IO   => HBM I/O total = 67108864 B  (lx 0 B, ~free)
MODEL -- estimate (turnaround): T = (R+W)/BW_PEAK + a*min(R,W) --
MODEL   R=33554432 B (read)   W=33554432 B (write)   loop_trip L=1
MODEL   base = (R+W)/150 = 447.39 us
MODEL   turn = a*min(R,W) = 0.00574*33554432 = 192.60 us
MODEL   => T_model = 578.52 us
MODEL FEATS [{"name":"clone","is_reduction":false,"out_elems":16777216,"cores":32,"dtype_bytes":2,"args":[{"name":"op0","role":"output","mem":"hbm","elems":16777216,"broadcast":false,"dims":[32,8192,64],"logical":[8192,2048],"loop_factor":1},{"name":"arg0_1","role":"input","mem":"hbm","elems":16777216,"broadcast":false,"dims":[128,2048,64],"logical":[2048,8192],"loop_factor":1}],"reduction_cores":1,"loop_trip":1,"tiles_output_dim":false,"tile_rows_per_core":0.0,"is_matmul":false,"matmul_macs":0,"matmul_rows_per_core":0.0,"matmul_cols_per_core":0.0,"matmul_a_bytes":0,"matmul_b_bytes":0,"matmul_m_split":1,"matmul_n_split":1,"hbm_pattern":"restickify"}]
SUMMARY op=transpose rows=2048 cols=8192 cores=32 tiles=1 lx=1 io_hbm_bytes=67108864 kernel_us=584.035 pred_us=578.525 err_pct=-0.9 bw_gbps=114.9 memset_us=420.369 other_dev_us=2272.380 total_dev_us=3276.784
## CB4 softmax_row_tiling [2048,512]t16 + [1024,512]t8 (LX-safe), SENCORES {1..32}
-- softmax_row_tiling [2048,512] sencores=1 tiles=16
IO -- device-layout I/O (cost model, stick-padded) --
IO   op amax [reduction]
IO     output op0                    torch [128, 1] -> device [1, 1, 128, 64] in LX = 8192 elems x 2B = 16384 B  (hbm counted: 0 B)
IO     input  arg0_1                 torch [2048, 512] -> device [8, 2048, 64] in HBM = 1048576 elems x 2B = 2097152 B  (hbm counted: 2097152 B)
IO   op sub
IO     output op1                    torch [128, 512] -> device [8, 128, 64] in LX = 65536 elems x 2B = 131072 B  (hbm counted: 0 B)
IO     input  arg0_1                 torch [2048, 512] -> device [8, 2048, 64] in HBM = 1048576 elems x 2B = 2097152 B  (hbm counted: 2097152 B)
IO     input  buf0                   torch [128, 1] -> device [1, 1, 128, 64] in LX = 8192 elems x 2B = 16384 B  (hbm counted: 0 B) broadcast (loaded once)
IO   op exp
IO     output op2                    torch [128, 512] -> device [8, 128, 64] in LX = 65536 elems x 2B = 131072 B  (hbm counted: 0 B)
IO     input  buf1                   torch [128, 512] -> device [8, 128, 64] in LX = 65536 elems x 2B = 131072 B  (hbm counted: 0 B)
IO   op sum_1 [reduction]
IO     output op3                    torch [128, 1] -> device [1, 1, 128, 64] in LX = 8192 elems x 2B = 16384 B  (hbm counted: 0 B)
IO     input  buf2                   torch [128, 512] -> device [8, 128, 64] in LX = 65536 elems x 2B = 131072 B  (hbm counted: 0 B)
IO   op div
IO     output op4                    torch [2048, 512] -> device [2048, 512] in HBM = 1048576 elems x 2B = 2097152 B  (hbm counted: 2097152 B)
IO     input  buf2                   torch [128, 512] -> device [8, 128, 64] in LX = 65536 elems x 2B = 131072 B  (hbm counted: 0 B)
IO     input  buf3                   torch [128, 1] -> device [1, 1, 128, 64] in LX = 8192 elems x 2B = 16384 B  (hbm counted: 0 B) broadcast (loaded once)
IO   => HBM I/O total = 6291456 B  (lx 720896 B, ~free)
MODEL -- estimate (turnaround): T = [(R+W)/BW_PEAK + a*min(R,W)] / eff_underfill --
MODEL   R=2097152 B (read)   W=2097152 B (write)   loop_trip L=16
MODEL   base = (R+W)/150 = 27.96 us
MODEL   turn = a*min(R,W) = 0.00574*2097152 = 12.04 us
MODEL   eff_underfill = min(0.95,(128.0/13)**0.68) = 0.950 -> (base+turn)/eff = 42.10 us
MODEL   => T_model = 42.10 us
MODEL FEATS [{"name":"amax","is_reduction":true,"out_elems":8192,"cores":1,"dtype_bytes":2,"args":[{"name":"op0","role":"output","mem":"lx","elems":8192,"broadcast":false,"dims":[1,1,128,64],"logical":[128,1],"loop_factor":1},{"name":"arg0_1","role":"input","mem":"hbm","elems":1048576,"broadcast":false,"dims":[8,2048,64],"logical":[2048,512],"loop_factor":1}],"reduction_cores":1,"loop_trip":16,"tiles_output_dim":true,"tile_rows_per_core":128.0,"is_matmul":false,"matmul_macs":0,"matmul_rows_per_core":0.0,"matmul_cols_per_core":0.0,"matmul_a_bytes":0,"matmul_b_bytes":0,"matmul_m_split":1,"matmul_n_split":1,"hbm_pattern":""},{"name":"sub","is_reduction":false,"out_elems":65536,"cores":1,"dtype_bytes":2,"args":[{"name":"op1","role":"output","mem":"lx","elems":65536,"broadcast":false,"dims":[8,128,64],"logical":[128,512],"loop_factor":1},{"name":"arg0_1","role":"input","mem":"hbm","elems":1048576,"broadcast":false,"dims":[8,2048,64],"logical":[2048,512],"loop_factor":1},{"name":"buf0","role":"input","mem":"lx","elems":8192,"broadcast":true,"dims":[1,1,128,64],"logical":[128,1],"loop_factor":1}],"reduction_cores":1,"loop_trip":16,"tiles_output_dim":true,"tile_rows_per_core":128.0,"is_matmul":false,"matmul_macs":0,"matmul_rows_per_core":0.0,"matmul_cols_per_core":0.0,"matmul_a_bytes":0,"matmul_b_bytes":0,"matmul_m_split":1,"matmul_n_split":1,"hbm_pattern":""},{"name":"exp","is_reduction":false,"out_elems":65536,"cores":1,"dtype_bytes":2,"args":[{"name":"op2","role":"output","mem":"lx","elems":65536,"broadcast":false,"dims":[8,128,64],"logical":[128,512],"loop_factor":1},{"name":"buf1","role":"input","mem":"lx","elems":65536,"broadcast":false,"dims":[8,128,64],"logical":[128,512],"loop_factor":1}],"reduction_cores":1,"loop_trip":16,"tiles_output_dim":true,"tile_rows_per_core":128.0,"is_matmul":false,"matmul_macs":0,"matmul_rows_per_core":0.0,"matmul_cols_per_core":0.0,"matmul_a_bytes":0,"matmul_b_bytes":0,"matmul_m_split":1,"matmul_n_split":1,"hbm_pattern":""},{"name":"sum_1","is_reduction":true,"out_elems":8192,"cores":1,"dtype_bytes":2,"args":[{"name":"op3","role":"output","mem":"lx","elems":8192,"broadcast":false,"dims":[1,1,128,64],"logical":[128,1],"loop_factor":1},{"name":"buf2","role":"input","mem":"lx","elems":65536,"broadcast":false,"dims":[8,128,64],"logical":[128,512],"loop_factor":1}],"reduction_cores":1,"loop_trip":16,"tiles_output_dim":true,"tile_rows_per_core":128.0,"is_matmul":false,"matmul_macs":0,"matmul_rows_per_core":0.0,"matmul_cols_per_core":0.0,"matmul_a_bytes":0,"matmul_b_bytes":0,"matmul_m_split":1,"matmul_n_split":1,"hbm_pattern":""},{"name":"div","is_reduction":false,"out_elems":1048576,"cores":1,"dtype_bytes":2,"args":[{"name":"op4","role":"output","mem":"hbm","elems":1048576,"broadcast":false,"dims":[2048,512],"logical":[2048,512],"loop_factor":1},{"name":"buf2","role":"input","mem":"lx","elems":65536,"broadcast":false,"dims":[8,128,64],"logical":[128,512],"loop_factor":1},{"name":"buf3","role":"input","mem":"lx","elems":8192,"broadcast":true,"dims":[1,1,128,64],"logical":[128,1],"loop_factor":1}],"reduction_cores":1,"loop_trip":16,"tiles_output_dim":true,"tile_rows_per_core":128,"is_matmul":false,"matmul_macs":0,"matmul_rows_per_core":0.0,"matmul_cols_per_core":0.0,"matmul_a_bytes":0,"matmul_b_bytes":0,"matmul_m_split":1,"matmul_n_split":1,"hbm_pattern":""}]
SUMMARY op=softmax_row_tiling rows=2048 cols=512 cores=1 tiles=16 lx=1 io_hbm_bytes=6291456 kernel_us=606.434 pred_us=42.105 err_pct=-93.1 bw_gbps=10.4 memset_us=138.424 other_dev_us=385.771 total_dev_us=1130.629
-- softmax_row_tiling [2048,512] sencores=2 tiles=16
  op_it_space_splits={d0: 2, d1: 1}
  op_it_space_splits={d0: 2, d1: 1}
  op_it_space_splits={d0: 2, d1: 1}
  op_it_space_splits={d0: 2, d1: 1}
  op_it_space_splits={d0: 2, d1: 1}
  op_it_space_splits={d0: 2, d1: 1}
  op_it_space_splits={d0: 2, d1: 1}
  op_it_space_splits={d0: 2, d1: 1}
  op_it_space_splits={d0: 2, d1: 1}
  op_it_space_splits={d0: 2, d1: 1}
  op_it_space_splits={d0: 2, d1: 1}
  op_it_space_splits={d0: 2, d1: 1}
  op_it_space_splits={d0: 2, d1: 1}
  op_it_space_splits={d0: 2, d1: 1}
  op_it_space_splits={d0: 2, d1: 1}
  op_it_space_splits={d0: 2, d1: 1}
  op_it_space_splits={d0: 2, d1: 1}
  op_it_space_splits={d0: 2, d1: 1}
  op_it_space_splits={d0: 2, d1: 1}
  op_it_space_splits={d0: 2, d1: 1}
  op_it_space_splits={d0: 2, d1: 1}
  op_it_space_splits={d0: 2, d1: 1}
  op_it_space_splits={d0: 2, d1: 1}
  op_it_space_splits={d0: 2, d1: 1}
  op_it_space_splits={d0: 2, d1: 1}
  op_it_space_splits={d0: 2, d1: 1}
  op_it_space_splits={d0: 2, d1: 1}
  op_it_space_splits={d0: 2, d1: 1}
  op_it_space_splits={d0: 2, d1: 1}
  op_it_space_splits={d0: 2, d1: 1}
IO -- device-layout I/O (cost model, stick-padded) --
IO   op amax [reduction]
IO     output op0                    torch [128, 1] -> device [1, 1, 128, 64] in LX = 8192 elems x 2B = 16384 B  (hbm counted: 0 B)
IO     input  arg0_1                 torch [2048, 512] -> device [8, 2048, 64] in HBM = 1048576 elems x 2B = 2097152 B  (hbm counted: 2097152 B)
IO   op sub
IO     output op1                    torch [128, 512] -> device [8, 128, 64] in LX = 65536 elems x 2B = 131072 B  (hbm counted: 0 B)
IO     input  arg0_1                 torch [2048, 512] -> device [8, 2048, 64] in HBM = 1048576 elems x 2B = 2097152 B  (hbm counted: 2097152 B)
IO     input  buf0                   torch [128, 1] -> device [1, 1, 128, 64] in LX = 8192 elems x 2B = 16384 B  (hbm counted: 0 B) broadcast (loaded once)
IO   op exp
IO     output op2                    torch [128, 512] -> device [8, 128, 64] in LX = 65536 elems x 2B = 131072 B  (hbm counted: 0 B)
IO     input  buf1                   torch [128, 512] -> device [8, 128, 64] in LX = 65536 elems x 2B = 131072 B  (hbm counted: 0 B)
IO   op sum_1 [reduction]
IO     output op3                    torch [128, 1] -> device [1, 1, 128, 64] in LX = 8192 elems x 2B = 16384 B  (hbm counted: 0 B)
IO     input  buf2                   torch [128, 512] -> device [8, 128, 64] in LX = 65536 elems x 2B = 131072 B  (hbm counted: 0 B)
IO   op div
IO     output op4                    torch [2048, 512] -> device [2048, 512] in HBM = 1048576 elems x 2B = 2097152 B  (hbm counted: 2097152 B)
IO     input  buf2                   torch [128, 512] -> device [8, 128, 64] in LX = 65536 elems x 2B = 131072 B  (hbm counted: 0 B)
IO     input  buf3                   torch [128, 1] -> device [1, 1, 128, 64] in LX = 8192 elems x 2B = 16384 B  (hbm counted: 0 B) broadcast (loaded once)
IO   => HBM I/O total = 6291456 B  (lx 720896 B, ~free)
MODEL -- estimate (turnaround): T = [(R+W)/BW_PEAK + a*min(R,W)] / eff_underfill --
MODEL   R=2097152 B (read)   W=2097152 B (write)   loop_trip L=16
MODEL   base = (R+W)/150 = 27.96 us
MODEL   turn = a*min(R,W) = 0.00574*2097152 = 12.04 us
MODEL   eff_underfill = min(0.95,(64.0/13)**0.68) = 0.950 -> (base+turn)/eff = 42.10 us
MODEL   => T_model = 42.10 us
MODEL FEATS [{"name":"amax","is_reduction":true,"out_elems":8192,"cores":2,"dtype_bytes":2,"args":[{"name":"op0","role":"output","mem":"lx","elems":8192,"broadcast":false,"dims":[1,1,128,64],"logical":[128,1],"loop_factor":1},{"name":"arg0_1","role":"input","mem":"hbm","elems":1048576,"broadcast":false,"dims":[8,2048,64],"logical":[2048,512],"loop_factor":1}],"reduction_cores":1,"loop_trip":16,"tiles_output_dim":true,"tile_rows_per_core":64.0,"is_matmul":false,"matmul_macs":0,"matmul_rows_per_core":0.0,"matmul_cols_per_core":0.0,"matmul_a_bytes":0,"matmul_b_bytes":0,"matmul_m_split":1,"matmul_n_split":1,"hbm_pattern":""},{"name":"sub","is_reduction":false,"out_elems":65536,"cores":2,"dtype_bytes":2,"args":[{"name":"op1","role":"output","mem":"lx","elems":65536,"broadcast":false,"dims":[8,128,64],"logical":[128,512],"loop_factor":1},{"name":"arg0_1","role":"input","mem":"hbm","elems":1048576,"broadcast":false,"dims":[8,2048,64],"logical":[2048,512],"loop_factor":1},{"name":"buf0","role":"input","mem":"lx","elems":8192,"broadcast":true,"dims":[1,1,128,64],"logical":[128,1],"loop_factor":1}],"reduction_cores":1,"loop_trip":16,"tiles_output_dim":true,"tile_rows_per_core":64.0,"is_matmul":false,"matmul_macs":0,"matmul_rows_per_core":0.0,"matmul_cols_per_core":0.0,"matmul_a_bytes":0,"matmul_b_bytes":0,"matmul_m_split":1,"matmul_n_split":1,"hbm_pattern":""},{"name":"exp","is_reduction":false,"out_elems":65536,"cores":2,"dtype_bytes":2,"args":[{"name":"op2","role":"output","mem":"lx","elems":65536,"broadcast":false,"dims":[8,128,64],"logical":[128,512],"loop_factor":1},{"name":"buf1","role":"input","mem":"lx","elems":65536,"broadcast":false,"dims":[8,128,64],"logical":[128,512],"loop_factor":1}],"reduction_cores":1,"loop_trip":16,"tiles_output_dim":true,"tile_rows_per_core":64.0,"is_matmul":false,"matmul_macs":0,"matmul_rows_per_core":0.0,"matmul_cols_per_core":0.0,"matmul_a_bytes":0,"matmul_b_bytes":0,"matmul_m_split":1,"matmul_n_split":1,"hbm_pattern":""},{"name":"sum_1","is_reduction":true,"out_elems":8192,"cores":2,"dtype_bytes":2,"args":[{"name":"op3","role":"output","mem":"lx","elems":8192,"broadcast":false,"dims":[1,1,128,64],"logical":[128,1],"loop_factor":1},{"name":"buf2","role":"input","mem":"lx","elems":65536,"broadcast":false,"dims":[8,128,64],"logical":[128,512],"loop_factor":1}],"reduction_cores":1,"loop_trip":16,"tiles_output_dim":true,"tile_rows_per_core":64.0,"is_matmul":false,"matmul_macs":0,"matmul_rows_per_core":0.0,"matmul_cols_per_core":0.0,"matmul_a_bytes":0,"matmul_b_bytes":0,"matmul_m_split":1,"matmul_n_split":1,"hbm_pattern":""},{"name":"div","is_reduction":false,"out_elems":1048576,"cores":2,"dtype_bytes":2,"args":[{"name":"op4","role":"output","mem":"hbm","elems":1048576,"broadcast":false,"dims":[2048,512],"logical":[2048,512],"loop_factor":1},{"name":"buf2","role":"input","mem":"lx","elems":65536,"broadcast":false,"dims":[8,128,64],"logical":[128,512],"loop_factor":1},{"name":"buf3","role":"input","mem":"lx","elems":8192,"broadcast":true,"dims":[1,1,128,64],"logical":[128,1],"loop_factor":1}],"reduction_cores":1,"loop_trip":16,"tiles_output_dim":true,"tile_rows_per_core":64,"is_matmul":false,"matmul_macs":0,"matmul_rows_per_core":0.0,"matmul_cols_per_core":0.0,"matmul_a_bytes":0,"matmul_b_bytes":0,"matmul_m_split":1,"matmul_n_split":1,"hbm_pattern":""}]
SUMMARY op=softmax_row_tiling rows=2048 cols=512 cores=2 tiles=16 lx=1 io_hbm_bytes=6291456 kernel_us=349.584 pred_us=42.105 err_pct=-88.0 bw_gbps=18.0 memset_us=138.358 other_dev_us=140.417 total_dev_us=628.359
-- softmax_row_tiling [2048,512] sencores=4 tiles=16
  op_it_space_splits={d0: 4, d1: 1}
  op_it_space_splits={d0: 4, d1: 1}
  op_it_space_splits={d0: 4, d1: 1}
  op_it_space_splits={d0: 4, d1: 1}
  op_it_space_splits={d0: 4, d1: 1}
  op_it_space_splits={d0: 4, d1: 1}
  op_it_space_splits={d0: 4, d1: 1}
  op_it_space_splits={d0: 4, d1: 1}
  op_it_space_splits={d0: 4, d1: 1}
  op_it_space_splits={d0: 4, d1: 1}
  op_it_space_splits={d0: 4, d1: 1}
  op_it_space_splits={d0: 4, d1: 1}
  op_it_space_splits={d0: 4, d1: 1}
  op_it_space_splits={d0: 4, d1: 1}
  op_it_space_splits={d0: 4, d1: 1}
  op_it_space_splits={d0: 4, d1: 1}
  op_it_space_splits={d0: 4, d1: 1}
  op_it_space_splits={d0: 4, d1: 1}
  op_it_space_splits={d0: 4, d1: 1}
  op_it_space_splits={d0: 4, d1: 1}
  op_it_space_splits={d0: 4, d1: 1}
  op_it_space_splits={d0: 4, d1: 1}
  op_it_space_splits={d0: 4, d1: 1}
  op_it_space_splits={d0: 4, d1: 1}
  op_it_space_splits={d0: 4, d1: 1}
  op_it_space_splits={d0: 4, d1: 1}
  op_it_space_splits={d0: 4, d1: 1}
  op_it_space_splits={d0: 4, d1: 1}
  op_it_space_splits={d0: 4, d1: 1}
  op_it_space_splits={d0: 4, d1: 1}
IO -- device-layout I/O (cost model, stick-padded) --
IO   op amax [reduction]
IO     output op0                    torch [128, 1] -> device [1, 1, 128, 64] in LX = 8192 elems x 2B = 16384 B  (hbm counted: 0 B)
IO     input  arg0_1                 torch [2048, 512] -> device [8, 2048, 64] in HBM = 1048576 elems x 2B = 2097152 B  (hbm counted: 2097152 B)
IO   op sub
IO     output op1                    torch [128, 512] -> device [8, 128, 64] in LX = 65536 elems x 2B = 131072 B  (hbm counted: 0 B)
IO     input  arg0_1                 torch [2048, 512] -> device [8, 2048, 64] in HBM = 1048576 elems x 2B = 2097152 B  (hbm counted: 2097152 B)
IO     input  buf0                   torch [128, 1] -> device [1, 1, 128, 64] in LX = 8192 elems x 2B = 16384 B  (hbm counted: 0 B) broadcast (loaded once)
IO   op exp
IO     output op2                    torch [128, 512] -> device [8, 128, 64] in LX = 65536 elems x 2B = 131072 B  (hbm counted: 0 B)
IO     input  buf1                   torch [128, 512] -> device [8, 128, 64] in LX = 65536 elems x 2B = 131072 B  (hbm counted: 0 B)
IO   op sum_1 [reduction]
IO     output op3                    torch [128, 1] -> device [1, 1, 128, 64] in LX = 8192 elems x 2B = 16384 B  (hbm counted: 0 B)
IO     input  buf2                   torch [128, 512] -> device [8, 128, 64] in LX = 65536 elems x 2B = 131072 B  (hbm counted: 0 B)
IO   op div
IO     output op4                    torch [2048, 512] -> device [2048, 512] in HBM = 1048576 elems x 2B = 2097152 B  (hbm counted: 2097152 B)
IO     input  buf2                   torch [128, 512] -> device [8, 128, 64] in LX = 65536 elems x 2B = 131072 B  (hbm counted: 0 B)
IO     input  buf3                   torch [128, 1] -> device [1, 1, 128, 64] in LX = 8192 elems x 2B = 16384 B  (hbm counted: 0 B) broadcast (loaded once)
IO   => HBM I/O total = 6291456 B  (lx 720896 B, ~free)
MODEL -- estimate (turnaround): T = [(R+W)/BW_PEAK + a*min(R,W)] / eff_underfill --
MODEL   R=2097152 B (read)   W=2097152 B (write)   loop_trip L=16
MODEL   base = (R+W)/150 = 27.96 us
MODEL   turn = a*min(R,W) = 0.00574*2097152 = 12.04 us
MODEL   eff_underfill = min(0.95,(32.0/13)**0.68) = 0.950 -> (base+turn)/eff = 42.10 us
MODEL   => T_model = 42.10 us
MODEL FEATS [{"name":"amax","is_reduction":true,"out_elems":8192,"cores":4,"dtype_bytes":2,"args":[{"name":"op0","role":"output","mem":"lx","elems":8192,"broadcast":false,"dims":[1,1,128,64],"logical":[128,1],"loop_factor":1},{"name":"arg0_1","role":"input","mem":"hbm","elems":1048576,"broadcast":false,"dims":[8,2048,64],"logical":[2048,512],"loop_factor":1}],"reduction_cores":1,"loop_trip":16,"tiles_output_dim":true,"tile_rows_per_core":32.0,"is_matmul":false,"matmul_macs":0,"matmul_rows_per_core":0.0,"matmul_cols_per_core":0.0,"matmul_a_bytes":0,"matmul_b_bytes":0,"matmul_m_split":1,"matmul_n_split":1,"hbm_pattern":""},{"name":"sub","is_reduction":false,"out_elems":65536,"cores":4,"dtype_bytes":2,"args":[{"name":"op1","role":"output","mem":"lx","elems":65536,"broadcast":false,"dims":[8,128,64],"logical":[128,512],"loop_factor":1},{"name":"arg0_1","role":"input","mem":"hbm","elems":1048576,"broadcast":false,"dims":[8,2048,64],"logical":[2048,512],"loop_factor":1},{"name":"buf0","role":"input","mem":"lx","elems":8192,"broadcast":true,"dims":[1,1,128,64],"logical":[128,1],"loop_factor":1}],"reduction_cores":1,"loop_trip":16,"tiles_output_dim":true,"tile_rows_per_core":32.0,"is_matmul":false,"matmul_macs":0,"matmul_rows_per_core":0.0,"matmul_cols_per_core":0.0,"matmul_a_bytes":0,"matmul_b_bytes":0,"matmul_m_split":1,"matmul_n_split":1,"hbm_pattern":""},{"name":"exp","is_reduction":false,"out_elems":65536,"cores":4,"dtype_bytes":2,"args":[{"name":"op2","role":"output","mem":"lx","elems":65536,"broadcast":false,"dims":[8,128,64],"logical":[128,512],"loop_factor":1},{"name":"buf1","role":"input","mem":"lx","elems":65536,"broadcast":false,"dims":[8,128,64],"logical":[128,512],"loop_factor":1}],"reduction_cores":1,"loop_trip":16,"tiles_output_dim":true,"tile_rows_per_core":32.0,"is_matmul":false,"matmul_macs":0,"matmul_rows_per_core":0.0,"matmul_cols_per_core":0.0,"matmul_a_bytes":0,"matmul_b_bytes":0,"matmul_m_split":1,"matmul_n_split":1,"hbm_pattern":""},{"name":"sum_1","is_reduction":true,"out_elems":8192,"cores":4,"dtype_bytes":2,"args":[{"name":"op3","role":"output","mem":"lx","elems":8192,"broadcast":false,"dims":[1,1,128,64],"logical":[128,1],"loop_factor":1},{"name":"buf2","role":"input","mem":"lx","elems":65536,"broadcast":false,"dims":[8,128,64],"logical":[128,512],"loop_factor":1}],"reduction_cores":1,"loop_trip":16,"tiles_output_dim":true,"tile_rows_per_core":32.0,"is_matmul":false,"matmul_macs":0,"matmul_rows_per_core":0.0,"matmul_cols_per_core":0.0,"matmul_a_bytes":0,"matmul_b_bytes":0,"matmul_m_split":1,"matmul_n_split":1,"hbm_pattern":""},{"name":"div","is_reduction":false,"out_elems":1048576,"cores":4,"dtype_bytes":2,"args":[{"name":"op4","role":"output","mem":"hbm","elems":1048576,"broadcast":false,"dims":[2048,512],"logical":[2048,512],"loop_factor":1},{"name":"buf2","role":"input","mem":"lx","elems":65536,"broadcast":false,"dims":[8,128,64],"logical":[128,512],"loop_factor":1},{"name":"buf3","role":"input","mem":"lx","elems":8192,"broadcast":true,"dims":[1,1,128,64],"logical":[128,1],"loop_factor":1}],"reduction_cores":1,"loop_trip":16,"tiles_output_dim":true,"tile_rows_per_core":32,"is_matmul":false,"matmul_macs":0,"matmul_rows_per_core":0.0,"matmul_cols_per_core":0.0,"matmul_a_bytes":0,"matmul_b_bytes":0,"matmul_m_split":1,"matmul_n_split":1,"hbm_pattern":""}]
SUMMARY op=softmax_row_tiling rows=2048 cols=512 cores=4 tiles=16 lx=1 io_hbm_bytes=6291456 kernel_us=203.733 pred_us=42.105 err_pct=-79.3 bw_gbps=30.9 memset_us=171.473 other_dev_us=555.733 total_dev_us=930.939
-- softmax_row_tiling [2048,512] sencores=8 tiles=16
  op_it_space_splits={d0: 8, d1: 1}
  op_it_space_splits={d0: 8, d1: 1}
  op_it_space_splits={d0: 8, d1: 1}
  op_it_space_splits={d0: 8, d1: 1}
  op_it_space_splits={d0: 8, d1: 1}
  op_it_space_splits={d0: 8, d1: 1}
  op_it_space_splits={d0: 8, d1: 1}
  op_it_space_splits={d0: 8, d1: 1}
  op_it_space_splits={d0: 8, d1: 1}
  op_it_space_splits={d0: 8, d1: 1}
  op_it_space_splits={d0: 8, d1: 1}
  op_it_space_splits={d0: 8, d1: 1}
  op_it_space_splits={d0: 8, d1: 1}
  op_it_space_splits={d0: 8, d1: 1}
  op_it_space_splits={d0: 8, d1: 1}
  op_it_space_splits={d0: 8, d1: 1}
  op_it_space_splits={d0: 8, d1: 1}
  op_it_space_splits={d0: 8, d1: 1}
  op_it_space_splits={d0: 8, d1: 1}
  op_it_space_splits={d0: 8, d1: 1}
  op_it_space_splits={d0: 8, d1: 1}
  op_it_space_splits={d0: 8, d1: 1}
  op_it_space_splits={d0: 8, d1: 1}
  op_it_space_splits={d0: 8, d1: 1}
  op_it_space_splits={d0: 8, d1: 1}
  op_it_space_splits={d0: 8, d1: 1}
  op_it_space_splits={d0: 8, d1: 1}
  op_it_space_splits={d0: 8, d1: 1}
  op_it_space_splits={d0: 8, d1: 1}
  op_it_space_splits={d0: 8, d1: 1}
IO -- device-layout I/O (cost model, stick-padded) --
IO   op amax [reduction]
IO     output op0                    torch [128, 1] -> device [1, 1, 128, 64] in LX = 8192 elems x 2B = 16384 B  (hbm counted: 0 B)
IO     input  arg0_1                 torch [2048, 512] -> device [8, 2048, 64] in HBM = 1048576 elems x 2B = 2097152 B  (hbm counted: 2097152 B)
IO   op sub
IO     output op1                    torch [128, 512] -> device [8, 128, 64] in LX = 65536 elems x 2B = 131072 B  (hbm counted: 0 B)
IO     input  arg0_1                 torch [2048, 512] -> device [8, 2048, 64] in HBM = 1048576 elems x 2B = 2097152 B  (hbm counted: 2097152 B)
IO     input  buf0                   torch [128, 1] -> device [1, 1, 128, 64] in LX = 8192 elems x 2B = 16384 B  (hbm counted: 0 B) broadcast (loaded once)
IO   op exp
IO     output op2                    torch [128, 512] -> device [8, 128, 64] in LX = 65536 elems x 2B = 131072 B  (hbm counted: 0 B)
IO     input  buf1                   torch [128, 512] -> device [8, 128, 64] in LX = 65536 elems x 2B = 131072 B  (hbm counted: 0 B)
IO   op sum_1 [reduction]
IO     output op3                    torch [128, 1] -> device [1, 1, 128, 64] in LX = 8192 elems x 2B = 16384 B  (hbm counted: 0 B)
IO     input  buf2                   torch [128, 512] -> device [8, 128, 64] in LX = 65536 elems x 2B = 131072 B  (hbm counted: 0 B)
IO   op div
IO     output op4                    torch [2048, 512] -> device [2048, 512] in HBM = 1048576 elems x 2B = 2097152 B  (hbm counted: 2097152 B)
IO     input  buf2                   torch [128, 512] -> device [8, 128, 64] in LX = 65536 elems x 2B = 131072 B  (hbm counted: 0 B)
IO     input  buf3                   torch [128, 1] -> device [1, 1, 128, 64] in LX = 8192 elems x 2B = 16384 B  (hbm counted: 0 B) broadcast (loaded once)
IO   => HBM I/O total = 6291456 B  (lx 720896 B, ~free)
MODEL -- estimate (turnaround): T = [(R+W)/BW_PEAK + a*min(R,W)] / eff_underfill --
MODEL   R=2097152 B (read)   W=2097152 B (write)   loop_trip L=16
MODEL   base = (R+W)/150 = 27.96 us
MODEL   turn = a*min(R,W) = 0.00574*2097152 = 12.04 us
MODEL   eff_underfill = min(0.95,(16.0/13)**0.68) = 0.950 -> (base+turn)/eff = 42.10 us
MODEL   => T_model = 42.10 us
MODEL FEATS [{"name":"amax","is_reduction":true,"out_elems":8192,"cores":8,"dtype_bytes":2,"args":[{"name":"op0","role":"output","mem":"lx","elems":8192,"broadcast":false,"dims":[1,1,128,64],"logical":[128,1],"loop_factor":1},{"name":"arg0_1","role":"input","mem":"hbm","elems":1048576,"broadcast":false,"dims":[8,2048,64],"logical":[2048,512],"loop_factor":1}],"reduction_cores":1,"loop_trip":16,"tiles_output_dim":true,"tile_rows_per_core":16.0,"is_matmul":false,"matmul_macs":0,"matmul_rows_per_core":0.0,"matmul_cols_per_core":0.0,"matmul_a_bytes":0,"matmul_b_bytes":0,"matmul_m_split":1,"matmul_n_split":1,"hbm_pattern":""},{"name":"sub","is_reduction":false,"out_elems":65536,"cores":8,"dtype_bytes":2,"args":[{"name":"op1","role":"output","mem":"lx","elems":65536,"broadcast":false,"dims":[8,128,64],"logical":[128,512],"loop_factor":1},{"name":"arg0_1","role":"input","mem":"hbm","elems":1048576,"broadcast":false,"dims":[8,2048,64],"logical":[2048,512],"loop_factor":1},{"name":"buf0","role":"input","mem":"lx","elems":8192,"broadcast":true,"dims":[1,1,128,64],"logical":[128,1],"loop_factor":1}],"reduction_cores":1,"loop_trip":16,"tiles_output_dim":true,"tile_rows_per_core":16.0,"is_matmul":false,"matmul_macs":0,"matmul_rows_per_core":0.0,"matmul_cols_per_core":0.0,"matmul_a_bytes":0,"matmul_b_bytes":0,"matmul_m_split":1,"matmul_n_split":1,"hbm_pattern":""},{"name":"exp","is_reduction":false,"out_elems":65536,"cores":8,"dtype_bytes":2,"args":[{"name":"op2","role":"output","mem":"lx","elems":65536,"broadcast":false,"dims":[8,128,64],"logical":[128,512],"loop_factor":1},{"name":"buf1","role":"input","mem":"lx","elems":65536,"broadcast":false,"dims":[8,128,64],"logical":[128,512],"loop_factor":1}],"reduction_cores":1,"loop_trip":16,"tiles_output_dim":true,"tile_rows_per_core":16.0,"is_matmul":false,"matmul_macs":0,"matmul_rows_per_core":0.0,"matmul_cols_per_core":0.0,"matmul_a_bytes":0,"matmul_b_bytes":0,"matmul_m_split":1,"matmul_n_split":1,"hbm_pattern":""},{"name":"sum_1","is_reduction":true,"out_elems":8192,"cores":8,"dtype_bytes":2,"args":[{"name":"op3","role":"output","mem":"lx","elems":8192,"broadcast":false,"dims":[1,1,128,64],"logical":[128,1],"loop_factor":1},{"name":"buf2","role":"input","mem":"lx","elems":65536,"broadcast":false,"dims":[8,128,64],"logical":[128,512],"loop_factor":1}],"reduction_cores":1,"loop_trip":16,"tiles_output_dim":true,"tile_rows_per_core":16.0,"is_matmul":false,"matmul_macs":0,"matmul_rows_per_core":0.0,"matmul_cols_per_core":0.0,"matmul_a_bytes":0,"matmul_b_bytes":0,"matmul_m_split":1,"matmul_n_split":1,"hbm_pattern":""},{"name":"div","is_reduction":false,"out_elems":1048576,"cores":8,"dtype_bytes":2,"args":[{"name":"op4","role":"output","mem":"hbm","elems":1048576,"broadcast":false,"dims":[2048,512],"logical":[2048,512],"loop_factor":1},{"name":"buf2","role":"input","mem":"lx","elems":65536,"broadcast":false,"dims":[8,128,64],"logical":[128,512],"loop_factor":1},{"name":"buf3","role":"input","mem":"lx","elems":8192,"broadcast":true,"dims":[1,1,128,64],"logical":[128,1],"loop_factor":1}],"reduction_cores":1,"loop_trip":16,"tiles_output_dim":true,"tile_rows_per_core":16,"is_matmul":false,"matmul_macs":0,"matmul_rows_per_core":0.0,"matmul_cols_per_core":0.0,"matmul_a_bytes":0,"matmul_b_bytes":0,"matmul_m_split":1,"matmul_n_split":1,"hbm_pattern":""}]
SUMMARY op=softmax_row_tiling rows=2048 cols=512 cores=8 tiles=16 lx=1 io_hbm_bytes=6291456 kernel_us=133.119 pred_us=42.105 err_pct=-68.4 bw_gbps=47.3 memset_us=169.433 other_dev_us=310.725 total_dev_us=613.277
-- softmax_row_tiling [2048,512] sencores=16 tiles=16
  op_it_space_splits={d0: 16, d1: 1}
  op_it_space_splits={d0: 16, d1: 1}
  op_it_space_splits={d0: 16, d1: 1}
  op_it_space_splits={d0: 16, d1: 1}
  op_it_space_splits={d0: 16, d1: 1}
  op_it_space_splits={d0: 16, d1: 1}
  op_it_space_splits={d0: 16, d1: 1}
  op_it_space_splits={d0: 16, d1: 1}
  op_it_space_splits={d0: 16, d1: 1}
  op_it_space_splits={d0: 16, d1: 1}
  op_it_space_splits={d0: 16, d1: 1}
  op_it_space_splits={d0: 16, d1: 1}
  op_it_space_splits={d0: 16, d1: 1}
  op_it_space_splits={d0: 16, d1: 1}
  op_it_space_splits={d0: 16, d1: 1}
  op_it_space_splits={d0: 16, d1: 1}
  op_it_space_splits={d0: 16, d1: 1}
  op_it_space_splits={d0: 16, d1: 1}
  op_it_space_splits={d0: 16, d1: 1}
  op_it_space_splits={d0: 16, d1: 1}
  op_it_space_splits={d0: 16, d1: 1}
  op_it_space_splits={d0: 16, d1: 1}
  op_it_space_splits={d0: 16, d1: 1}
  op_it_space_splits={d0: 16, d1: 1}
  op_it_space_splits={d0: 16, d1: 1}
  op_it_space_splits={d0: 16, d1: 1}
  op_it_space_splits={d0: 16, d1: 1}
  op_it_space_splits={d0: 16, d1: 1}
  op_it_space_splits={d0: 16, d1: 1}
  op_it_space_splits={d0: 16, d1: 1}
IO -- device-layout I/O (cost model, stick-padded) --
IO   op amax [reduction]
IO     output op0                    torch [128, 1] -> device [1, 1, 128, 64] in LX = 8192 elems x 2B = 16384 B  (hbm counted: 0 B)
IO     input  arg0_1                 torch [2048, 512] -> device [8, 2048, 64] in HBM = 1048576 elems x 2B = 2097152 B  (hbm counted: 2097152 B)
IO   op sub
IO     output op1                    torch [128, 512] -> device [8, 128, 64] in LX = 65536 elems x 2B = 131072 B  (hbm counted: 0 B)
IO     input  arg0_1                 torch [2048, 512] -> device [8, 2048, 64] in HBM = 1048576 elems x 2B = 2097152 B  (hbm counted: 2097152 B)
IO     input  buf0                   torch [128, 1] -> device [1, 1, 128, 64] in LX = 8192 elems x 2B = 16384 B  (hbm counted: 0 B) broadcast (loaded once)
IO   op exp
IO     output op2                    torch [128, 512] -> device [8, 128, 64] in LX = 65536 elems x 2B = 131072 B  (hbm counted: 0 B)
IO     input  buf1                   torch [128, 512] -> device [8, 128, 64] in LX = 65536 elems x 2B = 131072 B  (hbm counted: 0 B)
IO   op sum_1 [reduction]
IO     output op3                    torch [128, 1] -> device [1, 1, 128, 64] in LX = 8192 elems x 2B = 16384 B  (hbm counted: 0 B)
IO     input  buf2                   torch [128, 512] -> device [8, 128, 64] in LX = 65536 elems x 2B = 131072 B  (hbm counted: 0 B)
IO   op div
IO     output op4                    torch [2048, 512] -> device [2048, 512] in HBM = 1048576 elems x 2B = 2097152 B  (hbm counted: 2097152 B)
IO     input  buf2                   torch [128, 512] -> device [8, 128, 64] in LX = 65536 elems x 2B = 131072 B  (hbm counted: 0 B)
IO     input  buf3                   torch [128, 1] -> device [1, 1, 128, 64] in LX = 8192 elems x 2B = 16384 B  (hbm counted: 0 B) broadcast (loaded once)
IO   => HBM I/O total = 6291456 B  (lx 720896 B, ~free)
MODEL -- estimate (turnaround): T = [(R+W)/BW_PEAK + a*min(R,W)] / eff_underfill --
MODEL   R=2097152 B (read)   W=2097152 B (write)   loop_trip L=16
MODEL   base = (R+W)/150 = 27.96 us
MODEL   turn = a*min(R,W) = 0.00574*2097152 = 12.04 us
MODEL   eff_underfill = min(0.95,(8.0/13)**0.68) = 0.719 -> (base+turn)/eff = 55.65 us
MODEL   => T_model = 55.65 us
MODEL FEATS [{"name":"amax","is_reduction":true,"out_elems":8192,"cores":16,"dtype_bytes":2,"args":[{"name":"op0","role":"output","mem":"lx","elems":8192,"broadcast":false,"dims":[1,1,128,64],"logical":[128,1],"loop_factor":1},{"name":"arg0_1","role":"input","mem":"hbm","elems":1048576,"broadcast":false,"dims":[8,2048,64],"logical":[2048,512],"loop_factor":1}],"reduction_cores":1,"loop_trip":16,"tiles_output_dim":true,"tile_rows_per_core":8.0,"is_matmul":false,"matmul_macs":0,"matmul_rows_per_core":0.0,"matmul_cols_per_core":0.0,"matmul_a_bytes":0,"matmul_b_bytes":0,"matmul_m_split":1,"matmul_n_split":1,"hbm_pattern":""},{"name":"sub","is_reduction":false,"out_elems":65536,"cores":16,"dtype_bytes":2,"args":[{"name":"op1","role":"output","mem":"lx","elems":65536,"broadcast":false,"dims":[8,128,64],"logical":[128,512],"loop_factor":1},{"name":"arg0_1","role":"input","mem":"hbm","elems":1048576,"broadcast":false,"dims":[8,2048,64],"logical":[2048,512],"loop_factor":1},{"name":"buf0","role":"input","mem":"lx","elems":8192,"broadcast":true,"dims":[1,1,128,64],"logical":[128,1],"loop_factor":1}],"reduction_cores":1,"loop_trip":16,"tiles_output_dim":true,"tile_rows_per_core":8.0,"is_matmul":false,"matmul_macs":0,"matmul_rows_per_core":0.0,"matmul_cols_per_core":0.0,"matmul_a_bytes":0,"matmul_b_bytes":0,"matmul_m_split":1,"matmul_n_split":1,"hbm_pattern":""},{"name":"exp","is_reduction":false,"out_elems":65536,"cores":16,"dtype_bytes":2,"args":[{"name":"op2","role":"output","mem":"lx","elems":65536,"broadcast":false,"dims":[8,128,64],"logical":[128,512],"loop_factor":1},{"name":"buf1","role":"input","mem":"lx","elems":65536,"broadcast":false,"dims":[8,128,64],"logical":[128,512],"loop_factor":1}],"reduction_cores":1,"loop_trip":16,"tiles_output_dim":true,"tile_rows_per_core":8.0,"is_matmul":false,"matmul_macs":0,"matmul_rows_per_core":0.0,"matmul_cols_per_core":0.0,"matmul_a_bytes":0,"matmul_b_bytes":0,"matmul_m_split":1,"matmul_n_split":1,"hbm_pattern":""},{"name":"sum_1","is_reduction":true,"out_elems":8192,"cores":16,"dtype_bytes":2,"args":[{"name":"op3","role":"output","mem":"lx","elems":8192,"broadcast":false,"dims":[1,1,128,64],"logical":[128,1],"loop_factor":1},{"name":"buf2","role":"input","mem":"lx","elems":65536,"broadcast":false,"dims":[8,128,64],"logical":[128,512],"loop_factor":1}],"reduction_cores":1,"loop_trip":16,"tiles_output_dim":true,"tile_rows_per_core":8.0,"is_matmul":false,"matmul_macs":0,"matmul_rows_per_core":0.0,"matmul_cols_per_core":0.0,"matmul_a_bytes":0,"matmul_b_bytes":0,"matmul_m_split":1,"matmul_n_split":1,"hbm_pattern":""},{"name":"div","is_reduction":false,"out_elems":1048576,"cores":16,"dtype_bytes":2,"args":[{"name":"op4","role":"output","mem":"hbm","elems":1048576,"broadcast":false,"dims":[2048,512],"logical":[2048,512],"loop_factor":1},{"name":"buf2","role":"input","mem":"lx","elems":65536,"broadcast":false,"dims":[8,128,64],"logical":[128,512],"loop_factor":1},{"name":"buf3","role":"input","mem":"lx","elems":8192,"broadcast":true,"dims":[1,1,128,64],"logical":[128,1],"loop_factor":1}],"reduction_cores":1,"loop_trip":16,"tiles_output_dim":true,"tile_rows_per_core":8,"is_matmul":false,"matmul_macs":0,"matmul_rows_per_core":0.0,"matmul_cols_per_core":0.0,"matmul_a_bytes":0,"matmul_b_bytes":0,"matmul_m_split":1,"matmul_n_split":1,"hbm_pattern":""}]
SUMMARY op=softmax_row_tiling rows=2048 cols=512 cores=16 tiles=16 lx=1 io_hbm_bytes=6291456 kernel_us=111.262 pred_us=55.646 err_pct=-50.0 bw_gbps=56.5 memset_us=172.791 other_dev_us=123.928 total_dev_us=407.981
-- softmax_row_tiling [2048,512] sencores=32 tiles=16
  op_it_space_splits={d0: 32, d1: 1}
  op_it_space_splits={d0: 32, d1: 1}
  op_it_space_splits={d0: 32, d1: 1}
  op_it_space_splits={d0: 32, d1: 1}
  op_it_space_splits={d0: 32, d1: 1}
  op_it_space_splits={d0: 32, d1: 1}
  op_it_space_splits={d0: 32, d1: 1}
  op_it_space_splits={d0: 32, d1: 1}
  op_it_space_splits={d0: 32, d1: 1}
  op_it_space_splits={d0: 32, d1: 1}
  op_it_space_splits={d0: 32, d1: 1}
  op_it_space_splits={d0: 32, d1: 1}
  op_it_space_splits={d0: 32, d1: 1}
  op_it_space_splits={d0: 32, d1: 1}
  op_it_space_splits={d0: 32, d1: 1}
  op_it_space_splits={d0: 32, d1: 1}
  op_it_space_splits={d0: 32, d1: 1}
  op_it_space_splits={d0: 32, d1: 1}
  op_it_space_splits={d0: 32, d1: 1}
  op_it_space_splits={d0: 32, d1: 1}
  op_it_space_splits={d0: 32, d1: 1}
  op_it_space_splits={d0: 32, d1: 1}
  op_it_space_splits={d0: 32, d1: 1}
  op_it_space_splits={d0: 32, d1: 1}
  op_it_space_splits={d0: 32, d1: 1}
  op_it_space_splits={d0: 32, d1: 1}
  op_it_space_splits={d0: 32, d1: 1}
  op_it_space_splits={d0: 32, d1: 1}
  op_it_space_splits={d0: 32, d1: 1}
  op_it_space_splits={d0: 32, d1: 1}
IO -- device-layout I/O (cost model, stick-padded) --
IO   op amax [reduction]
IO     output op0                    torch [128, 1] -> device [1, 1, 128, 64] in LX = 8192 elems x 2B = 16384 B  (hbm counted: 0 B)
IO     input  arg0_1                 torch [2048, 512] -> device [8, 2048, 64] in HBM = 1048576 elems x 2B = 2097152 B  (hbm counted: 2097152 B)
IO   op sub
IO     output op1                    torch [128, 512] -> device [8, 128, 64] in LX = 65536 elems x 2B = 131072 B  (hbm counted: 0 B)
IO     input  arg0_1                 torch [2048, 512] -> device [8, 2048, 64] in HBM = 1048576 elems x 2B = 2097152 B  (hbm counted: 2097152 B)
IO     input  buf0                   torch [128, 1] -> device [1, 1, 128, 64] in LX = 8192 elems x 2B = 16384 B  (hbm counted: 0 B) broadcast (loaded once)
IO   op exp
IO     output op2                    torch [128, 512] -> device [8, 128, 64] in LX = 65536 elems x 2B = 131072 B  (hbm counted: 0 B)
IO     input  buf1                   torch [128, 512] -> device [8, 128, 64] in LX = 65536 elems x 2B = 131072 B  (hbm counted: 0 B)
IO   op sum_1 [reduction]
IO     output op3                    torch [128, 1] -> device [1, 1, 128, 64] in LX = 8192 elems x 2B = 16384 B  (hbm counted: 0 B)
IO     input  buf2                   torch [128, 512] -> device [8, 128, 64] in LX = 65536 elems x 2B = 131072 B  (hbm counted: 0 B)
IO   op div
IO     output op4                    torch [2048, 512] -> device [2048, 512] in HBM = 1048576 elems x 2B = 2097152 B  (hbm counted: 2097152 B)
IO     input  buf2                   torch [128, 512] -> device [8, 128, 64] in LX = 65536 elems x 2B = 131072 B  (hbm counted: 0 B)
IO     input  buf3                   torch [128, 1] -> device [1, 1, 128, 64] in LX = 8192 elems x 2B = 16384 B  (hbm counted: 0 B) broadcast (loaded once)
IO   => HBM I/O total = 6291456 B  (lx 720896 B, ~free)
MODEL -- estimate (turnaround): T = [(R+W)/BW_PEAK + a*min(R,W)] / eff_underfill --
MODEL   R=2097152 B (read)   W=2097152 B (write)   loop_trip L=16
MODEL   base = (R+W)/150 = 27.96 us
MODEL   turn = a*min(R,W) = 0.00574*2097152 = 12.04 us
MODEL   eff_underfill = min(0.95,(4.0/13)**0.68) = 0.449 -> (base+turn)/eff = 89.15 us
MODEL   => T_model = 89.15 us
MODEL FEATS [{"name":"amax","is_reduction":true,"out_elems":8192,"cores":32,"dtype_bytes":2,"args":[{"name":"op0","role":"output","mem":"lx","elems":8192,"broadcast":false,"dims":[1,1,128,64],"logical":[128,1],"loop_factor":1},{"name":"arg0_1","role":"input","mem":"hbm","elems":1048576,"broadcast":false,"dims":[8,2048,64],"logical":[2048,512],"loop_factor":1}],"reduction_cores":1,"loop_trip":16,"tiles_output_dim":true,"tile_rows_per_core":4.0,"is_matmul":false,"matmul_macs":0,"matmul_rows_per_core":0.0,"matmul_cols_per_core":0.0,"matmul_a_bytes":0,"matmul_b_bytes":0,"matmul_m_split":1,"matmul_n_split":1,"hbm_pattern":""},{"name":"sub","is_reduction":false,"out_elems":65536,"cores":32,"dtype_bytes":2,"args":[{"name":"op1","role":"output","mem":"lx","elems":65536,"broadcast":false,"dims":[8,128,64],"logical":[128,512],"loop_factor":1},{"name":"arg0_1","role":"input","mem":"hbm","elems":1048576,"broadcast":false,"dims":[8,2048,64],"logical":[2048,512],"loop_factor":1},{"name":"buf0","role":"input","mem":"lx","elems":8192,"broadcast":true,"dims":[1,1,128,64],"logical":[128,1],"loop_factor":1}],"reduction_cores":1,"loop_trip":16,"tiles_output_dim":true,"tile_rows_per_core":4.0,"is_matmul":false,"matmul_macs":0,"matmul_rows_per_core":0.0,"matmul_cols_per_core":0.0,"matmul_a_bytes":0,"matmul_b_bytes":0,"matmul_m_split":1,"matmul_n_split":1,"hbm_pattern":""},{"name":"exp","is_reduction":false,"out_elems":65536,"cores":32,"dtype_bytes":2,"args":[{"name":"op2","role":"output","mem":"lx","elems":65536,"broadcast":false,"dims":[8,128,64],"logical":[128,512],"loop_factor":1},{"name":"buf1","role":"input","mem":"lx","elems":65536,"broadcast":false,"dims":[8,128,64],"logical":[128,512],"loop_factor":1}],"reduction_cores":1,"loop_trip":16,"tiles_output_dim":true,"tile_rows_per_core":4.0,"is_matmul":false,"matmul_macs":0,"matmul_rows_per_core":0.0,"matmul_cols_per_core":0.0,"matmul_a_bytes":0,"matmul_b_bytes":0,"matmul_m_split":1,"matmul_n_split":1,"hbm_pattern":""},{"name":"sum_1","is_reduction":true,"out_elems":8192,"cores":32,"dtype_bytes":2,"args":[{"name":"op3","role":"output","mem":"lx","elems":8192,"broadcast":false,"dims":[1,1,128,64],"logical":[128,1],"loop_factor":1},{"name":"buf2","role":"input","mem":"lx","elems":65536,"broadcast":false,"dims":[8,128,64],"logical":[128,512],"loop_factor":1}],"reduction_cores":1,"loop_trip":16,"tiles_output_dim":true,"tile_rows_per_core":4.0,"is_matmul":false,"matmul_macs":0,"matmul_rows_per_core":0.0,"matmul_cols_per_core":0.0,"matmul_a_bytes":0,"matmul_b_bytes":0,"matmul_m_split":1,"matmul_n_split":1,"hbm_pattern":""},{"name":"div","is_reduction":false,"out_elems":1048576,"cores":32,"dtype_bytes":2,"args":[{"name":"op4","role":"output","mem":"hbm","elems":1048576,"broadcast":false,"dims":[2048,512],"logical":[2048,512],"loop_factor":1},{"name":"buf2","role":"input","mem":"lx","elems":65536,"broadcast":false,"dims":[8,128,64],"logical":[128,512],"loop_factor":1},{"name":"buf3","role":"input","mem":"lx","elems":8192,"broadcast":true,"dims":[1,1,128,64],"logical":[128,1],"loop_factor":1}],"reduction_cores":1,"loop_trip":16,"tiles_output_dim":true,"tile_rows_per_core":4,"is_matmul":false,"matmul_macs":0,"matmul_rows_per_core":0.0,"matmul_cols_per_core":0.0,"matmul_a_bytes":0,"matmul_b_bytes":0,"matmul_m_split":1,"matmul_n_split":1,"hbm_pattern":""}]
SUMMARY op=softmax_row_tiling rows=2048 cols=512 cores=32 tiles=16 lx=1 io_hbm_bytes=6291456 kernel_us=107.948 pred_us=89.153 err_pct=-17.4 bw_gbps=58.3 memset_us=280.999 other_dev_us=267.433 total_dev_us=656.380
-- softmax_row_tiling [1024,512] sencores=1 tiles=8
IO -- device-layout I/O (cost model, stick-padded) --
IO   op amax [reduction]
IO     output op0                    torch [128, 1] -> device [1, 1, 128, 64] in LX = 8192 elems x 2B = 16384 B  (hbm counted: 0 B)
IO     input  arg0_1                 torch [1024, 512] -> device [8, 1024, 64] in HBM = 524288 elems x 2B = 1048576 B  (hbm counted: 1048576 B)
IO   op sub
IO     output op1                    torch [128, 512] -> device [8, 128, 64] in LX = 65536 elems x 2B = 131072 B  (hbm counted: 0 B)
IO     input  arg0_1                 torch [1024, 512] -> device [8, 1024, 64] in HBM = 524288 elems x 2B = 1048576 B  (hbm counted: 1048576 B)
IO     input  buf0                   torch [128, 1] -> device [1, 1, 128, 64] in LX = 8192 elems x 2B = 16384 B  (hbm counted: 0 B) broadcast (loaded once)
IO   op exp
IO     output op2                    torch [128, 512] -> device [8, 128, 64] in LX = 65536 elems x 2B = 131072 B  (hbm counted: 0 B)
IO     input  buf1                   torch [128, 512] -> device [8, 128, 64] in LX = 65536 elems x 2B = 131072 B  (hbm counted: 0 B)
IO   op sum_1 [reduction]
IO     output op3                    torch [128, 1] -> device [1, 1, 128, 64] in LX = 8192 elems x 2B = 16384 B  (hbm counted: 0 B)
IO     input  buf2                   torch [128, 512] -> device [8, 128, 64] in LX = 65536 elems x 2B = 131072 B  (hbm counted: 0 B)
IO   op div
IO     output op4                    torch [1024, 512] -> device [1024, 512] in HBM = 524288 elems x 2B = 1048576 B  (hbm counted: 1048576 B)
IO     input  buf2                   torch [128, 512] -> device [8, 128, 64] in LX = 65536 elems x 2B = 131072 B  (hbm counted: 0 B)
IO     input  buf3                   torch [128, 1] -> device [1, 1, 128, 64] in LX = 8192 elems x 2B = 16384 B  (hbm counted: 0 B) broadcast (loaded once)
IO   => HBM I/O total = 3145728 B  (lx 720896 B, ~free)
MODEL -- estimate (turnaround): T = [(R+W)/BW_PEAK + a*min(R,W)] / eff_underfill --
MODEL   R=1048576 B (read)   W=1048576 B (write)   loop_trip L=8
MODEL   base = (R+W)/150 = 13.98 us
MODEL   turn = a*min(R,W) = 0.00574*1048576 = 6.02 us
MODEL   eff_underfill = min(0.95,(128.0/13)**0.68) = 0.950 -> (base+turn)/eff = 21.05 us
MODEL   => T_model = 21.05 us
MODEL FEATS [{"name":"amax","is_reduction":true,"out_elems":8192,"cores":1,"dtype_bytes":2,"args":[{"name":"op0","role":"output","mem":"lx","elems":8192,"broadcast":false,"dims":[1,1,128,64],"logical":[128,1],"loop_factor":1},{"name":"arg0_1","role":"input","mem":"hbm","elems":524288,"broadcast":false,"dims":[8,1024,64],"logical":[1024,512],"loop_factor":1}],"reduction_cores":1,"loop_trip":8,"tiles_output_dim":true,"tile_rows_per_core":128.0,"is_matmul":false,"matmul_macs":0,"matmul_rows_per_core":0.0,"matmul_cols_per_core":0.0,"matmul_a_bytes":0,"matmul_b_bytes":0,"matmul_m_split":1,"matmul_n_split":1,"hbm_pattern":""},{"name":"sub","is_reduction":false,"out_elems":65536,"cores":1,"dtype_bytes":2,"args":[{"name":"op1","role":"output","mem":"lx","elems":65536,"broadcast":false,"dims":[8,128,64],"logical":[128,512],"loop_factor":1},{"name":"arg0_1","role":"input","mem":"hbm","elems":524288,"broadcast":false,"dims":[8,1024,64],"logical":[1024,512],"loop_factor":1},{"name":"buf0","role":"input","mem":"lx","elems":8192,"broadcast":true,"dims":[1,1,128,64],"logical":[128,1],"loop_factor":1}],"reduction_cores":1,"loop_trip":8,"tiles_output_dim":true,"tile_rows_per_core":128.0,"is_matmul":false,"matmul_macs":0,"matmul_rows_per_core":0.0,"matmul_cols_per_core":0.0,"matmul_a_bytes":0,"matmul_b_bytes":0,"matmul_m_split":1,"matmul_n_split":1,"hbm_pattern":""},{"name":"exp","is_reduction":false,"out_elems":65536,"cores":1,"dtype_bytes":2,"args":[{"name":"op2","role":"output","mem":"lx","elems":65536,"broadcast":false,"dims":[8,128,64],"logical":[128,512],"loop_factor":1},{"name":"buf1","role":"input","mem":"lx","elems":65536,"broadcast":false,"dims":[8,128,64],"logical":[128,512],"loop_factor":1}],"reduction_cores":1,"loop_trip":8,"tiles_output_dim":true,"tile_rows_per_core":128.0,"is_matmul":false,"matmul_macs":0,"matmul_rows_per_core":0.0,"matmul_cols_per_core":0.0,"matmul_a_bytes":0,"matmul_b_bytes":0,"matmul_m_split":1,"matmul_n_split":1,"hbm_pattern":""},{"name":"sum_1","is_reduction":true,"out_elems":8192,"cores":1,"dtype_bytes":2,"args":[{"name":"op3","role":"output","mem":"lx","elems":8192,"broadcast":false,"dims":[1,1,128,64],"logical":[128,1],"loop_factor":1},{"name":"buf2","role":"input","mem":"lx","elems":65536,"broadcast":false,"dims":[8,128,64],"logical":[128,512],"loop_factor":1}],"reduction_cores":1,"loop_trip":8,"tiles_output_dim":true,"tile_rows_per_core":128.0,"is_matmul":false,"matmul_macs":0,"matmul_rows_per_core":0.0,"matmul_cols_per_core":0.0,"matmul_a_bytes":0,"matmul_b_bytes":0,"matmul_m_split":1,"matmul_n_split":1,"hbm_pattern":""},{"name":"div","is_reduction":false,"out_elems":524288,"cores":1,"dtype_bytes":2,"args":[{"name":"op4","role":"output","mem":"hbm","elems":524288,"broadcast":false,"dims":[1024,512],"logical":[1024,512],"loop_factor":1},{"name":"buf2","role":"input","mem":"lx","elems":65536,"broadcast":false,"dims":[8,128,64],"logical":[128,512],"loop_factor":1},{"name":"buf3","role":"input","mem":"lx","elems":8192,"broadcast":true,"dims":[1,1,128,64],"logical":[128,1],"loop_factor":1}],"reduction_cores":1,"loop_trip":8,"tiles_output_dim":true,"tile_rows_per_core":128,"is_matmul":false,"matmul_macs":0,"matmul_rows_per_core":0.0,"matmul_cols_per_core":0.0,"matmul_a_bytes":0,"matmul_b_bytes":0,"matmul_m_split":1,"matmul_n_split":1,"hbm_pattern":""}]
SUMMARY op=softmax_row_tiling rows=1024 cols=512 cores=1 tiles=8 lx=1 io_hbm_bytes=3145728 kernel_us=306.561 pred_us=21.052 err_pct=-93.1 bw_gbps=10.3 memset_us=120.143 other_dev_us=140.147 total_dev_us=566.851
-- softmax_row_tiling [1024,512] sencores=2 tiles=8
  op_it_space_splits={d0: 2, d1: 1}
  op_it_space_splits={d0: 2, d1: 1}
  op_it_space_splits={d0: 2, d1: 1}
  op_it_space_splits={d0: 2, d1: 1}
  op_it_space_splits={d0: 2, d1: 1}
  op_it_space_splits={d0: 2, d1: 1}
  op_it_space_splits={d0: 2, d1: 1}
  op_it_space_splits={d0: 2, d1: 1}
  op_it_space_splits={d0: 2, d1: 1}
  op_it_space_splits={d0: 2, d1: 1}
  op_it_space_splits={d0: 2, d1: 1}
  op_it_space_splits={d0: 2, d1: 1}
  op_it_space_splits={d0: 2, d1: 1}
  op_it_space_splits={d0: 2, d1: 1}
  op_it_space_splits={d0: 2, d1: 1}
  op_it_space_splits={d0: 2, d1: 1}
  op_it_space_splits={d0: 2, d1: 1}
  op_it_space_splits={d0: 2, d1: 1}
  op_it_space_splits={d0: 2, d1: 1}
  op_it_space_splits={d0: 2, d1: 1}
  op_it_space_splits={d0: 2, d1: 1}
  op_it_space_splits={d0: 2, d1: 1}
  op_it_space_splits={d0: 2, d1: 1}
  op_it_space_splits={d0: 2, d1: 1}
  op_it_space_splits={d0: 2, d1: 1}
  op_it_space_splits={d0: 2, d1: 1}
  op_it_space_splits={d0: 2, d1: 1}
  op_it_space_splits={d0: 2, d1: 1}
  op_it_space_splits={d0: 2, d1: 1}
  op_it_space_splits={d0: 2, d1: 1}
IO -- device-layout I/O (cost model, stick-padded) --
IO   op amax [reduction]
IO     output op0                    torch [128, 1] -> device [1, 1, 128, 64] in LX = 8192 elems x 2B = 16384 B  (hbm counted: 0 B)
IO     input  arg0_1                 torch [1024, 512] -> device [8, 1024, 64] in HBM = 524288 elems x 2B = 1048576 B  (hbm counted: 1048576 B)
IO   op sub
IO     output op1                    torch [128, 512] -> device [8, 128, 64] in LX = 65536 elems x 2B = 131072 B  (hbm counted: 0 B)
IO     input  arg0_1                 torch [1024, 512] -> device [8, 1024, 64] in HBM = 524288 elems x 2B = 1048576 B  (hbm counted: 1048576 B)
IO     input  buf0                   torch [128, 1] -> device [1, 1, 128, 64] in LX = 8192 elems x 2B = 16384 B  (hbm counted: 0 B) broadcast (loaded once)
IO   op exp
IO     output op2                    torch [128, 512] -> device [8, 128, 64] in LX = 65536 elems x 2B = 131072 B  (hbm counted: 0 B)
IO     input  buf1                   torch [128, 512] -> device [8, 128, 64] in LX = 65536 elems x 2B = 131072 B  (hbm counted: 0 B)
IO   op sum_1 [reduction]
IO     output op3                    torch [128, 1] -> device [1, 1, 128, 64] in LX = 8192 elems x 2B = 16384 B  (hbm counted: 0 B)
IO     input  buf2                   torch [128, 512] -> device [8, 128, 64] in LX = 65536 elems x 2B = 131072 B  (hbm counted: 0 B)
IO   op div
IO     output op4                    torch [1024, 512] -> device [1024, 512] in HBM = 524288 elems x 2B = 1048576 B  (hbm counted: 1048576 B)
IO     input  buf2                   torch [128, 512] -> device [8, 128, 64] in LX = 65536 elems x 2B = 131072 B  (hbm counted: 0 B)
IO     input  buf3                   torch [128, 1] -> device [1, 1, 128, 64] in LX = 8192 elems x 2B = 16384 B  (hbm counted: 0 B) broadcast (loaded once)
IO   => HBM I/O total = 3145728 B  (lx 720896 B, ~free)
MODEL -- estimate (turnaround): T = [(R+W)/BW_PEAK + a*min(R,W)] / eff_underfill --
MODEL   R=1048576 B (read)   W=1048576 B (write)   loop_trip L=8
MODEL   base = (R+W)/150 = 13.98 us
MODEL   turn = a*min(R,W) = 0.00574*1048576 = 6.02 us
MODEL   eff_underfill = min(0.95,(64.0/13)**0.68) = 0.950 -> (base+turn)/eff = 21.05 us
MODEL   => T_model = 21.05 us
MODEL FEATS [{"name":"amax","is_reduction":true,"out_elems":8192,"cores":2,"dtype_bytes":2,"args":[{"name":"op0","role":"output","mem":"lx","elems":8192,"broadcast":false,"dims":[1,1,128,64],"logical":[128,1],"loop_factor":1},{"name":"arg0_1","role":"input","mem":"hbm","elems":524288,"broadcast":false,"dims":[8,1024,64],"logical":[1024,512],"loop_factor":1}],"reduction_cores":1,"loop_trip":8,"tiles_output_dim":true,"tile_rows_per_core":64.0,"is_matmul":false,"matmul_macs":0,"matmul_rows_per_core":0.0,"matmul_cols_per_core":0.0,"matmul_a_bytes":0,"matmul_b_bytes":0,"matmul_m_split":1,"matmul_n_split":1,"hbm_pattern":""},{"name":"sub","is_reduction":false,"out_elems":65536,"cores":2,"dtype_bytes":2,"args":[{"name":"op1","role":"output","mem":"lx","elems":65536,"broadcast":false,"dims":[8,128,64],"logical":[128,512],"loop_factor":1},{"name":"arg0_1","role":"input","mem":"hbm","elems":524288,"broadcast":false,"dims":[8,1024,64],"logical":[1024,512],"loop_factor":1},{"name":"buf0","role":"input","mem":"lx","elems":8192,"broadcast":true,"dims":[1,1,128,64],"logical":[128,1],"loop_factor":1}],"reduction_cores":1,"loop_trip":8,"tiles_output_dim":true,"tile_rows_per_core":64.0,"is_matmul":false,"matmul_macs":0,"matmul_rows_per_core":0.0,"matmul_cols_per_core":0.0,"matmul_a_bytes":0,"matmul_b_bytes":0,"matmul_m_split":1,"matmul_n_split":1,"hbm_pattern":""},{"name":"exp","is_reduction":false,"out_elems":65536,"cores":2,"dtype_bytes":2,"args":[{"name":"op2","role":"output","mem":"lx","elems":65536,"broadcast":false,"dims":[8,128,64],"logical":[128,512],"loop_factor":1},{"name":"buf1","role":"input","mem":"lx","elems":65536,"broadcast":false,"dims":[8,128,64],"logical":[128,512],"loop_factor":1}],"reduction_cores":1,"loop_trip":8,"tiles_output_dim":true,"tile_rows_per_core":64.0,"is_matmul":false,"matmul_macs":0,"matmul_rows_per_core":0.0,"matmul_cols_per_core":0.0,"matmul_a_bytes":0,"matmul_b_bytes":0,"matmul_m_split":1,"matmul_n_split":1,"hbm_pattern":""},{"name":"sum_1","is_reduction":true,"out_elems":8192,"cores":2,"dtype_bytes":2,"args":[{"name":"op3","role":"output","mem":"lx","elems":8192,"broadcast":false,"dims":[1,1,128,64],"logical":[128,1],"loop_factor":1},{"name":"buf2","role":"input","mem":"lx","elems":65536,"broadcast":false,"dims":[8,128,64],"logical":[128,512],"loop_factor":1}],"reduction_cores":1,"loop_trip":8,"tiles_output_dim":true,"tile_rows_per_core":64.0,"is_matmul":false,"matmul_macs":0,"matmul_rows_per_core":0.0,"matmul_cols_per_core":0.0,"matmul_a_bytes":0,"matmul_b_bytes":0,"matmul_m_split":1,"matmul_n_split":1,"hbm_pattern":""},{"name":"div","is_reduction":false,"out_elems":524288,"cores":2,"dtype_bytes":2,"args":[{"name":"op4","role":"output","mem":"hbm","elems":524288,"broadcast":false,"dims":[1024,512],"logical":[1024,512],"loop_factor":1},{"name":"buf2","role":"input","mem":"lx","elems":65536,"broadcast":false,"dims":[8,128,64],"logical":[128,512],"loop_factor":1},{"name":"buf3","role":"input","mem":"lx","elems":8192,"broadcast":true,"dims":[1,1,128,64],"logical":[128,1],"loop_factor":1}],"reduction_cores":1,"loop_trip":8,"tiles_output_dim":true,"tile_rows_per_core":64,"is_matmul":false,"matmul_macs":0,"matmul_rows_per_core":0.0,"matmul_cols_per_core":0.0,"matmul_a_bytes":0,"matmul_b_bytes":0,"matmul_m_split":1,"matmul_n_split":1,"hbm_pattern":""}]
SUMMARY op=softmax_row_tiling rows=1024 cols=512 cores=2 tiles=8 lx=1 io_hbm_bytes=3145728 kernel_us=176.075 pred_us=21.052 err_pct=-88.0 bw_gbps=17.9 memset_us=95.411 other_dev_us=208.193 total_dev_us=479.679
-- softmax_row_tiling [1024,512] sencores=4 tiles=8
  op_it_space_splits={d0: 4, d1: 1}
  op_it_space_splits={d0: 4, d1: 1}
  op_it_space_splits={d0: 4, d1: 1}
  op_it_space_splits={d0: 4, d1: 1}
  op_it_space_splits={d0: 4, d1: 1}
  op_it_space_splits={d0: 4, d1: 1}
  op_it_space_splits={d0: 4, d1: 1}
  op_it_space_splits={d0: 4, d1: 1}
  op_it_space_splits={d0: 4, d1: 1}
  op_it_space_splits={d0: 4, d1: 1}
  op_it_space_splits={d0: 4, d1: 1}
  op_it_space_splits={d0: 4, d1: 1}
  op_it_space_splits={d0: 4, d1: 1}
  op_it_space_splits={d0: 4, d1: 1}
  op_it_space_splits={d0: 4, d1: 1}
  op_it_space_splits={d0: 4, d1: 1}
  op_it_space_splits={d0: 4, d1: 1}
  op_it_space_splits={d0: 4, d1: 1}
  op_it_space_splits={d0: 4, d1: 1}
  op_it_space_splits={d0: 4, d1: 1}
  op_it_space_splits={d0: 4, d1: 1}
  op_it_space_splits={d0: 4, d1: 1}
  op_it_space_splits={d0: 4, d1: 1}
  op_it_space_splits={d0: 4, d1: 1}
  op_it_space_splits={d0: 4, d1: 1}
  op_it_space_splits={d0: 4, d1: 1}
  op_it_space_splits={d0: 4, d1: 1}
  op_it_space_splits={d0: 4, d1: 1}
  op_it_space_splits={d0: 4, d1: 1}
  op_it_space_splits={d0: 4, d1: 1}
IO -- device-layout I/O (cost model, stick-padded) --
IO   op amax [reduction]
IO     output op0                    torch [128, 1] -> device [1, 1, 128, 64] in LX = 8192 elems x 2B = 16384 B  (hbm counted: 0 B)
IO     input  arg0_1                 torch [1024, 512] -> device [8, 1024, 64] in HBM = 524288 elems x 2B = 1048576 B  (hbm counted: 1048576 B)
IO   op sub
IO     output op1                    torch [128, 512] -> device [8, 128, 64] in LX = 65536 elems x 2B = 131072 B  (hbm counted: 0 B)
IO     input  arg0_1                 torch [1024, 512] -> device [8, 1024, 64] in HBM = 524288 elems x 2B = 1048576 B  (hbm counted: 1048576 B)
IO     input  buf0                   torch [128, 1] -> device [1, 1, 128, 64] in LX = 8192 elems x 2B = 16384 B  (hbm counted: 0 B) broadcast (loaded once)
IO   op exp
IO     output op2                    torch [128, 512] -> device [8, 128, 64] in LX = 65536 elems x 2B = 131072 B  (hbm counted: 0 B)
IO     input  buf1                   torch [128, 512] -> device [8, 128, 64] in LX = 65536 elems x 2B = 131072 B  (hbm counted: 0 B)
IO   op sum_1 [reduction]
IO     output op3                    torch [128, 1] -> device [1, 1, 128, 64] in LX = 8192 elems x 2B = 16384 B  (hbm counted: 0 B)
IO     input  buf2                   torch [128, 512] -> device [8, 128, 64] in LX = 65536 elems x 2B = 131072 B  (hbm counted: 0 B)
IO   op div
IO     output op4                    torch [1024, 512] -> device [1024, 512] in HBM = 524288 elems x 2B = 1048576 B  (hbm counted: 1048576 B)
IO     input  buf2                   torch [128, 512] -> device [8, 128, 64] in LX = 65536 elems x 2B = 131072 B  (hbm counted: 0 B)
IO     input  buf3                   torch [128, 1] -> device [1, 1, 128, 64] in LX = 8192 elems x 2B = 16384 B  (hbm counted: 0 B) broadcast (loaded once)
IO   => HBM I/O total = 3145728 B  (lx 720896 B, ~free)
MODEL -- estimate (turnaround): T = [(R+W)/BW_PEAK + a*min(R,W)] / eff_underfill --
MODEL   R=1048576 B (read)   W=1048576 B (write)   loop_trip L=8
MODEL   base = (R+W)/150 = 13.98 us
MODEL   turn = a*min(R,W) = 0.00574*1048576 = 6.02 us
MODEL   eff_underfill = min(0.95,(32.0/13)**0.68) = 0.950 -> (base+turn)/eff = 21.05 us
MODEL   => T_model = 21.05 us
MODEL FEATS [{"name":"amax","is_reduction":true,"out_elems":8192,"cores":4,"dtype_bytes":2,"args":[{"name":"op0","role":"output","mem":"lx","elems":8192,"broadcast":false,"dims":[1,1,128,64],"logical":[128,1],"loop_factor":1},{"name":"arg0_1","role":"input","mem":"hbm","elems":524288,"broadcast":false,"dims":[8,1024,64],"logical":[1024,512],"loop_factor":1}],"reduction_cores":1,"loop_trip":8,"tiles_output_dim":true,"tile_rows_per_core":32.0,"is_matmul":false,"matmul_macs":0,"matmul_rows_per_core":0.0,"matmul_cols_per_core":0.0,"matmul_a_bytes":0,"matmul_b_bytes":0,"matmul_m_split":1,"matmul_n_split":1,"hbm_pattern":""},{"name":"sub","is_reduction":false,"out_elems":65536,"cores":4,"dtype_bytes":2,"args":[{"name":"op1","role":"output","mem":"lx","elems":65536,"broadcast":false,"dims":[8,128,64],"logical":[128,512],"loop_factor":1},{"name":"arg0_1","role":"input","mem":"hbm","elems":524288,"broadcast":false,"dims":[8,1024,64],"logical":[1024,512],"loop_factor":1},{"name":"buf0","role":"input","mem":"lx","elems":8192,"broadcast":true,"dims":[1,1,128,64],"logical":[128,1],"loop_factor":1}],"reduction_cores":1,"loop_trip":8,"tiles_output_dim":true,"tile_rows_per_core":32.0,"is_matmul":false,"matmul_macs":0,"matmul_rows_per_core":0.0,"matmul_cols_per_core":0.0,"matmul_a_bytes":0,"matmul_b_bytes":0,"matmul_m_split":1,"matmul_n_split":1,"hbm_pattern":""},{"name":"exp","is_reduction":false,"out_elems":65536,"cores":4,"dtype_bytes":2,"args":[{"name":"op2","role":"output","mem":"lx","elems":65536,"broadcast":false,"dims":[8,128,64],"logical":[128,512],"loop_factor":1},{"name":"buf1","role":"input","mem":"lx","elems":65536,"broadcast":false,"dims":[8,128,64],"logical":[128,512],"loop_factor":1}],"reduction_cores":1,"loop_trip":8,"tiles_output_dim":true,"tile_rows_per_core":32.0,"is_matmul":false,"matmul_macs":0,"matmul_rows_per_core":0.0,"matmul_cols_per_core":0.0,"matmul_a_bytes":0,"matmul_b_bytes":0,"matmul_m_split":1,"matmul_n_split":1,"hbm_pattern":""},{"name":"sum_1","is_reduction":true,"out_elems":8192,"cores":4,"dtype_bytes":2,"args":[{"name":"op3","role":"output","mem":"lx","elems":8192,"broadcast":false,"dims":[1,1,128,64],"logical":[128,1],"loop_factor":1},{"name":"buf2","role":"input","mem":"lx","elems":65536,"broadcast":false,"dims":[8,128,64],"logical":[128,512],"loop_factor":1}],"reduction_cores":1,"loop_trip":8,"tiles_output_dim":true,"tile_rows_per_core":32.0,"is_matmul":false,"matmul_macs":0,"matmul_rows_per_core":0.0,"matmul_cols_per_core":0.0,"matmul_a_bytes":0,"matmul_b_bytes":0,"matmul_m_split":1,"matmul_n_split":1,"hbm_pattern":""},{"name":"div","is_reduction":false,"out_elems":524288,"cores":4,"dtype_bytes":2,"args":[{"name":"op4","role":"output","mem":"hbm","elems":524288,"broadcast":false,"dims":[1024,512],"logical":[1024,512],"loop_factor":1},{"name":"buf2","role":"input","mem":"lx","elems":65536,"broadcast":false,"dims":[8,128,64],"logical":[128,512],"loop_factor":1},{"name":"buf3","role":"input","mem":"lx","elems":8192,"broadcast":true,"dims":[1,1,128,64],"logical":[128,1],"loop_factor":1}],"reduction_cores":1,"loop_trip":8,"tiles_output_dim":true,"tile_rows_per_core":32,"is_matmul":false,"matmul_macs":0,"matmul_rows_per_core":0.0,"matmul_cols_per_core":0.0,"matmul_a_bytes":0,"matmul_b_bytes":0,"matmul_m_split":1,"matmul_n_split":1,"hbm_pattern":""}]
SUMMARY op=softmax_row_tiling rows=1024 cols=512 cores=4 tiles=8 lx=1 io_hbm_bytes=3145728 kernel_us=101.024 pred_us=21.052 err_pct=-79.2 bw_gbps=31.1 memset_us=114.015 other_dev_us=383.957 total_dev_us=598.996
-- softmax_row_tiling [1024,512] sencores=8 tiles=8
  op_it_space_splits={d0: 8, d1: 1}
  op_it_space_splits={d0: 8, d1: 1}
  op_it_space_splits={d0: 8, d1: 1}
  op_it_space_splits={d0: 8, d1: 1}
  op_it_space_splits={d0: 8, d1: 1}
  op_it_space_splits={d0: 8, d1: 1}
  op_it_space_splits={d0: 8, d1: 1}
  op_it_space_splits={d0: 8, d1: 1}
  op_it_space_splits={d0: 8, d1: 1}
  op_it_space_splits={d0: 8, d1: 1}
  op_it_space_splits={d0: 8, d1: 1}
  op_it_space_splits={d0: 8, d1: 1}
  op_it_space_splits={d0: 8, d1: 1}
  op_it_space_splits={d0: 8, d1: 1}
  op_it_space_splits={d0: 8, d1: 1}
  op_it_space_splits={d0: 8, d1: 1}
  op_it_space_splits={d0: 8, d1: 1}
  op_it_space_splits={d0: 8, d1: 1}
  op_it_space_splits={d0: 8, d1: 1}
  op_it_space_splits={d0: 8, d1: 1}
  op_it_space_splits={d0: 8, d1: 1}
  op_it_space_splits={d0: 8, d1: 1}
  op_it_space_splits={d0: 8, d1: 1}
  op_it_space_splits={d0: 8, d1: 1}
  op_it_space_splits={d0: 8, d1: 1}
  op_it_space_splits={d0: 8, d1: 1}
  op_it_space_splits={d0: 8, d1: 1}
  op_it_space_splits={d0: 8, d1: 1}
  op_it_space_splits={d0: 8, d1: 1}
  op_it_space_splits={d0: 8, d1: 1}
IO -- device-layout I/O (cost model, stick-padded) --
IO   op amax [reduction]
IO     output op0                    torch [128, 1] -> device [1, 1, 128, 64] in LX = 8192 elems x 2B = 16384 B  (hbm counted: 0 B)
IO     input  arg0_1                 torch [1024, 512] -> device [8, 1024, 64] in HBM = 524288 elems x 2B = 1048576 B  (hbm counted: 1048576 B)
IO   op sub
IO     output op1                    torch [128, 512] -> device [8, 128, 64] in LX = 65536 elems x 2B = 131072 B  (hbm counted: 0 B)
IO     input  arg0_1                 torch [1024, 512] -> device [8, 1024, 64] in HBM = 524288 elems x 2B = 1048576 B  (hbm counted: 1048576 B)
IO     input  buf0                   torch [128, 1] -> device [1, 1, 128, 64] in LX = 8192 elems x 2B = 16384 B  (hbm counted: 0 B) broadcast (loaded once)
IO   op exp
IO     output op2                    torch [128, 512] -> device [8, 128, 64] in LX = 65536 elems x 2B = 131072 B  (hbm counted: 0 B)
IO     input  buf1                   torch [128, 512] -> device [8, 128, 64] in LX = 65536 elems x 2B = 131072 B  (hbm counted: 0 B)
IO   op sum_1 [reduction]
IO     output op3                    torch [128, 1] -> device [1, 1, 128, 64] in LX = 8192 elems x 2B = 16384 B  (hbm counted: 0 B)
IO     input  buf2                   torch [128, 512] -> device [8, 128, 64] in LX = 65536 elems x 2B = 131072 B  (hbm counted: 0 B)
IO   op div
IO     output op4                    torch [1024, 512] -> device [1024, 512] in HBM = 524288 elems x 2B = 1048576 B  (hbm counted: 1048576 B)
IO     input  buf2                   torch [128, 512] -> device [8, 128, 64] in LX = 65536 elems x 2B = 131072 B  (hbm counted: 0 B)
IO     input  buf3                   torch [128, 1] -> device [1, 1, 128, 64] in LX = 8192 elems x 2B = 16384 B  (hbm counted: 0 B) broadcast (loaded once)
IO   => HBM I/O total = 3145728 B  (lx 720896 B, ~free)
MODEL -- estimate (turnaround): T = [(R+W)/BW_PEAK + a*min(R,W)] / eff_underfill --
MODEL   R=1048576 B (read)   W=1048576 B (write)   loop_trip L=8
MODEL   base = (R+W)/150 = 13.98 us
MODEL   turn = a*min(R,W) = 0.00574*1048576 = 6.02 us
MODEL   eff_underfill = min(0.95,(16.0/13)**0.68) = 0.950 -> (base+turn)/eff = 21.05 us
MODEL   => T_model = 21.05 us
MODEL FEATS [{"name":"amax","is_reduction":true,"out_elems":8192,"cores":8,"dtype_bytes":2,"args":[{"name":"op0","role":"output","mem":"lx","elems":8192,"broadcast":false,"dims":[1,1,128,64],"logical":[128,1],"loop_factor":1},{"name":"arg0_1","role":"input","mem":"hbm","elems":524288,"broadcast":false,"dims":[8,1024,64],"logical":[1024,512],"loop_factor":1}],"reduction_cores":1,"loop_trip":8,"tiles_output_dim":true,"tile_rows_per_core":16.0,"is_matmul":false,"matmul_macs":0,"matmul_rows_per_core":0.0,"matmul_cols_per_core":0.0,"matmul_a_bytes":0,"matmul_b_bytes":0,"matmul_m_split":1,"matmul_n_split":1,"hbm_pattern":""},{"name":"sub","is_reduction":false,"out_elems":65536,"cores":8,"dtype_bytes":2,"args":[{"name":"op1","role":"output","mem":"lx","elems":65536,"broadcast":false,"dims":[8,128,64],"logical":[128,512],"loop_factor":1},{"name":"arg0_1","role":"input","mem":"hbm","elems":524288,"broadcast":false,"dims":[8,1024,64],"logical":[1024,512],"loop_factor":1},{"name":"buf0","role":"input","mem":"lx","elems":8192,"broadcast":true,"dims":[1,1,128,64],"logical":[128,1],"loop_factor":1}],"reduction_cores":1,"loop_trip":8,"tiles_output_dim":true,"tile_rows_per_core":16.0,"is_matmul":false,"matmul_macs":0,"matmul_rows_per_core":0.0,"matmul_cols_per_core":0.0,"matmul_a_bytes":0,"matmul_b_bytes":0,"matmul_m_split":1,"matmul_n_split":1,"hbm_pattern":""},{"name":"exp","is_reduction":false,"out_elems":65536,"cores":8,"dtype_bytes":2,"args":[{"name":"op2","role":"output","mem":"lx","elems":65536,"broadcast":false,"dims":[8,128,64],"logical":[128,512],"loop_factor":1},{"name":"buf1","role":"input","mem":"lx","elems":65536,"broadcast":false,"dims":[8,128,64],"logical":[128,512],"loop_factor":1}],"reduction_cores":1,"loop_trip":8,"tiles_output_dim":true,"tile_rows_per_core":16.0,"is_matmul":false,"matmul_macs":0,"matmul_rows_per_core":0.0,"matmul_cols_per_core":0.0,"matmul_a_bytes":0,"matmul_b_bytes":0,"matmul_m_split":1,"matmul_n_split":1,"hbm_pattern":""},{"name":"sum_1","is_reduction":true,"out_elems":8192,"cores":8,"dtype_bytes":2,"args":[{"name":"op3","role":"output","mem":"lx","elems":8192,"broadcast":false,"dims":[1,1,128,64],"logical":[128,1],"loop_factor":1},{"name":"buf2","role":"input","mem":"lx","elems":65536,"broadcast":false,"dims":[8,128,64],"logical":[128,512],"loop_factor":1}],"reduction_cores":1,"loop_trip":8,"tiles_output_dim":true,"tile_rows_per_core":16.0,"is_matmul":false,"matmul_macs":0,"matmul_rows_per_core":0.0,"matmul_cols_per_core":0.0,"matmul_a_bytes":0,"matmul_b_bytes":0,"matmul_m_split":1,"matmul_n_split":1,"hbm_pattern":""},{"name":"div","is_reduction":false,"out_elems":524288,"cores":8,"dtype_bytes":2,"args":[{"name":"op4","role":"output","mem":"hbm","elems":524288,"broadcast":false,"dims":[1024,512],"logical":[1024,512],"loop_factor":1},{"name":"buf2","role":"input","mem":"lx","elems":65536,"broadcast":false,"dims":[8,128,64],"logical":[128,512],"loop_factor":1},{"name":"buf3","role":"input","mem":"lx","elems":8192,"broadcast":true,"dims":[1,1,128,64],"logical":[128,1],"loop_factor":1}],"reduction_cores":1,"loop_trip":8,"tiles_output_dim":true,"tile_rows_per_core":16,"is_matmul":false,"matmul_macs":0,"matmul_rows_per_core":0.0,"matmul_cols_per_core":0.0,"matmul_a_bytes":0,"matmul_b_bytes":0,"matmul_m_split":1,"matmul_n_split":1,"hbm_pattern":""}]
SUMMARY op=softmax_row_tiling rows=1024 cols=512 cores=8 tiles=8 lx=1 io_hbm_bytes=3145728 kernel_us=65.865 pred_us=21.052 err_pct=-68.0 bw_gbps=47.8 memset_us=102.132 other_dev_us=230.021 total_dev_us=398.018
-- softmax_row_tiling [1024,512] sencores=16 tiles=8
  op_it_space_splits={d0: 16, d1: 1}
  op_it_space_splits={d0: 16, d1: 1}
  op_it_space_splits={d0: 16, d1: 1}
  op_it_space_splits={d0: 16, d1: 1}
  op_it_space_splits={d0: 16, d1: 1}
  op_it_space_splits={d0: 16, d1: 1}
  op_it_space_splits={d0: 16, d1: 1}
  op_it_space_splits={d0: 16, d1: 1}
  op_it_space_splits={d0: 16, d1: 1}
  op_it_space_splits={d0: 16, d1: 1}
  op_it_space_splits={d0: 16, d1: 1}
  op_it_space_splits={d0: 16, d1: 1}
  op_it_space_splits={d0: 16, d1: 1}
  op_it_space_splits={d0: 16, d1: 1}
  op_it_space_splits={d0: 16, d1: 1}
  op_it_space_splits={d0: 16, d1: 1}
  op_it_space_splits={d0: 16, d1: 1}
  op_it_space_splits={d0: 16, d1: 1}
  op_it_space_splits={d0: 16, d1: 1}
  op_it_space_splits={d0: 16, d1: 1}
  op_it_space_splits={d0: 16, d1: 1}
  op_it_space_splits={d0: 16, d1: 1}
  op_it_space_splits={d0: 16, d1: 1}
  op_it_space_splits={d0: 16, d1: 1}
  op_it_space_splits={d0: 16, d1: 1}
  op_it_space_splits={d0: 16, d1: 1}
  op_it_space_splits={d0: 16, d1: 1}
  op_it_space_splits={d0: 16, d1: 1}
  op_it_space_splits={d0: 16, d1: 1}
  op_it_space_splits={d0: 16, d1: 1}
IO -- device-layout I/O (cost model, stick-padded) --
IO   op amax [reduction]
IO     output op0                    torch [128, 1] -> device [1, 1, 128, 64] in LX = 8192 elems x 2B = 16384 B  (hbm counted: 0 B)
IO     input  arg0_1                 torch [1024, 512] -> device [8, 1024, 64] in HBM = 524288 elems x 2B = 1048576 B  (hbm counted: 1048576 B)
IO   op sub
IO     output op1                    torch [128, 512] -> device [8, 128, 64] in LX = 65536 elems x 2B = 131072 B  (hbm counted: 0 B)
IO     input  arg0_1                 torch [1024, 512] -> device [8, 1024, 64] in HBM = 524288 elems x 2B = 1048576 B  (hbm counted: 1048576 B)
IO     input  buf0                   torch [128, 1] -> device [1, 1, 128, 64] in LX = 8192 elems x 2B = 16384 B  (hbm counted: 0 B) broadcast (loaded once)
IO   op exp
IO     output op2                    torch [128, 512] -> device [8, 128, 64] in LX = 65536 elems x 2B = 131072 B  (hbm counted: 0 B)
IO     input  buf1                   torch [128, 512] -> device [8, 128, 64] in LX = 65536 elems x 2B = 131072 B  (hbm counted: 0 B)
IO   op sum_1 [reduction]
IO     output op3                    torch [128, 1] -> device [1, 1, 128, 64] in LX = 8192 elems x 2B = 16384 B  (hbm counted: 0 B)
IO     input  buf2                   torch [128, 512] -> device [8, 128, 64] in LX = 65536 elems x 2B = 131072 B  (hbm counted: 0 B)
IO   op div
IO     output op4                    torch [1024, 512] -> device [1024, 512] in HBM = 524288 elems x 2B = 1048576 B  (hbm counted: 1048576 B)
IO     input  buf2                   torch [128, 512] -> device [8, 128, 64] in LX = 65536 elems x 2B = 131072 B  (hbm counted: 0 B)
IO     input  buf3                   torch [128, 1] -> device [1, 1, 128, 64] in LX = 8192 elems x 2B = 16384 B  (hbm counted: 0 B) broadcast (loaded once)
IO   => HBM I/O total = 3145728 B  (lx 720896 B, ~free)
MODEL -- estimate (turnaround): T = [(R+W)/BW_PEAK + a*min(R,W)] / eff_underfill --
MODEL   R=1048576 B (read)   W=1048576 B (write)   loop_trip L=8
MODEL   base = (R+W)/150 = 13.98 us
MODEL   turn = a*min(R,W) = 0.00574*1048576 = 6.02 us
MODEL   eff_underfill = min(0.95,(8.0/13)**0.68) = 0.719 -> (base+turn)/eff = 27.82 us
MODEL   => T_model = 27.82 us
MODEL FEATS [{"name":"amax","is_reduction":true,"out_elems":8192,"cores":16,"dtype_bytes":2,"args":[{"name":"op0","role":"output","mem":"lx","elems":8192,"broadcast":false,"dims":[1,1,128,64],"logical":[128,1],"loop_factor":1},{"name":"arg0_1","role":"input","mem":"hbm","elems":524288,"broadcast":false,"dims":[8,1024,64],"logical":[1024,512],"loop_factor":1}],"reduction_cores":1,"loop_trip":8,"tiles_output_dim":true,"tile_rows_per_core":8.0,"is_matmul":false,"matmul_macs":0,"matmul_rows_per_core":0.0,"matmul_cols_per_core":0.0,"matmul_a_bytes":0,"matmul_b_bytes":0,"matmul_m_split":1,"matmul_n_split":1,"hbm_pattern":""},{"name":"sub","is_reduction":false,"out_elems":65536,"cores":16,"dtype_bytes":2,"args":[{"name":"op1","role":"output","mem":"lx","elems":65536,"broadcast":false,"dims":[8,128,64],"logical":[128,512],"loop_factor":1},{"name":"arg0_1","role":"input","mem":"hbm","elems":524288,"broadcast":false,"dims":[8,1024,64],"logical":[1024,512],"loop_factor":1},{"name":"buf0","role":"input","mem":"lx","elems":8192,"broadcast":true,"dims":[1,1,128,64],"logical":[128,1],"loop_factor":1}],"reduction_cores":1,"loop_trip":8,"tiles_output_dim":true,"tile_rows_per_core":8.0,"is_matmul":false,"matmul_macs":0,"matmul_rows_per_core":0.0,"matmul_cols_per_core":0.0,"matmul_a_bytes":0,"matmul_b_bytes":0,"matmul_m_split":1,"matmul_n_split":1,"hbm_pattern":""},{"name":"exp","is_reduction":false,"out_elems":65536,"cores":16,"dtype_bytes":2,"args":[{"name":"op2","role":"output","mem":"lx","elems":65536,"broadcast":false,"dims":[8,128,64],"logical":[128,512],"loop_factor":1},{"name":"buf1","role":"input","mem":"lx","elems":65536,"broadcast":false,"dims":[8,128,64],"logical":[128,512],"loop_factor":1}],"reduction_cores":1,"loop_trip":8,"tiles_output_dim":true,"tile_rows_per_core":8.0,"is_matmul":false,"matmul_macs":0,"matmul_rows_per_core":0.0,"matmul_cols_per_core":0.0,"matmul_a_bytes":0,"matmul_b_bytes":0,"matmul_m_split":1,"matmul_n_split":1,"hbm_pattern":""},{"name":"sum_1","is_reduction":true,"out_elems":8192,"cores":16,"dtype_bytes":2,"args":[{"name":"op3","role":"output","mem":"lx","elems":8192,"broadcast":false,"dims":[1,1,128,64],"logical":[128,1],"loop_factor":1},{"name":"buf2","role":"input","mem":"lx","elems":65536,"broadcast":false,"dims":[8,128,64],"logical":[128,512],"loop_factor":1}],"reduction_cores":1,"loop_trip":8,"tiles_output_dim":true,"tile_rows_per_core":8.0,"is_matmul":false,"matmul_macs":0,"matmul_rows_per_core":0.0,"matmul_cols_per_core":0.0,"matmul_a_bytes":0,"matmul_b_bytes":0,"matmul_m_split":1,"matmul_n_split":1,"hbm_pattern":""},{"name":"div","is_reduction":false,"out_elems":524288,"cores":16,"dtype_bytes":2,"args":[{"name":"op4","role":"output","mem":"hbm","elems":524288,"broadcast":false,"dims":[1024,512],"logical":[1024,512],"loop_factor":1},{"name":"buf2","role":"input","mem":"lx","elems":65536,"broadcast":false,"dims":[8,128,64],"logical":[128,512],"loop_factor":1},{"name":"buf3","role":"input","mem":"lx","elems":8192,"broadcast":true,"dims":[1,1,128,64],"logical":[128,1],"loop_factor":1}],"reduction_cores":1,"loop_trip":8,"tiles_output_dim":true,"tile_rows_per_core":8,"is_matmul":false,"matmul_macs":0,"matmul_rows_per_core":0.0,"matmul_cols_per_core":0.0,"matmul_a_bytes":0,"matmul_b_bytes":0,"matmul_m_split":1,"matmul_n_split":1,"hbm_pattern":""}]
SUMMARY op=softmax_row_tiling rows=1024 cols=512 cores=16 tiles=8 lx=1 io_hbm_bytes=3145728 kernel_us=56.204 pred_us=27.823 err_pct=-50.5 bw_gbps=56.0 memset_us=144.486 other_dev_us=139.926 total_dev_us=340.616
-- softmax_row_tiling [1024,512] sencores=32 tiles=8
  op_it_space_splits={d0: 32, d1: 1}
  op_it_space_splits={d0: 32, d1: 1}
  op_it_space_splits={d0: 32, d1: 1}
  op_it_space_splits={d0: 32, d1: 1}
  op_it_space_splits={d0: 32, d1: 1}
  op_it_space_splits={d0: 32, d1: 1}
  op_it_space_splits={d0: 32, d1: 1}
  op_it_space_splits={d0: 32, d1: 1}
  op_it_space_splits={d0: 32, d1: 1}
  op_it_space_splits={d0: 32, d1: 1}
  op_it_space_splits={d0: 32, d1: 1}
  op_it_space_splits={d0: 32, d1: 1}
  op_it_space_splits={d0: 32, d1: 1}
  op_it_space_splits={d0: 32, d1: 1}
  op_it_space_splits={d0: 32, d1: 1}
  op_it_space_splits={d0: 32, d1: 1}
  op_it_space_splits={d0: 32, d1: 1}
  op_it_space_splits={d0: 32, d1: 1}
  op_it_space_splits={d0: 32, d1: 1}
  op_it_space_splits={d0: 32, d1: 1}
  op_it_space_splits={d0: 32, d1: 1}
  op_it_space_splits={d0: 32, d1: 1}
  op_it_space_splits={d0: 32, d1: 1}
  op_it_space_splits={d0: 32, d1: 1}
  op_it_space_splits={d0: 32, d1: 1}
  op_it_space_splits={d0: 32, d1: 1}
  op_it_space_splits={d0: 32, d1: 1}
  op_it_space_splits={d0: 32, d1: 1}
  op_it_space_splits={d0: 32, d1: 1}
  op_it_space_splits={d0: 32, d1: 1}
IO -- device-layout I/O (cost model, stick-padded) --
IO   op amax [reduction]
IO     output op0                    torch [128, 1] -> device [1, 1, 128, 64] in LX = 8192 elems x 2B = 16384 B  (hbm counted: 0 B)
IO     input  arg0_1                 torch [1024, 512] -> device [8, 1024, 64] in HBM = 524288 elems x 2B = 1048576 B  (hbm counted: 1048576 B)
IO   op sub
IO     output op1                    torch [128, 512] -> device [8, 128, 64] in LX = 65536 elems x 2B = 131072 B  (hbm counted: 0 B)
IO     input  arg0_1                 torch [1024, 512] -> device [8, 1024, 64] in HBM = 524288 elems x 2B = 1048576 B  (hbm counted: 1048576 B)
IO     input  buf0                   torch [128, 1] -> device [1, 1, 128, 64] in LX = 8192 elems x 2B = 16384 B  (hbm counted: 0 B) broadcast (loaded once)
IO   op exp
IO     output op2                    torch [128, 512] -> device [8, 128, 64] in LX = 65536 elems x 2B = 131072 B  (hbm counted: 0 B)
IO     input  buf1                   torch [128, 512] -> device [8, 128, 64] in LX = 65536 elems x 2B = 131072 B  (hbm counted: 0 B)
IO   op sum_1 [reduction]
IO     output op3                    torch [128, 1] -> device [1, 1, 128, 64] in LX = 8192 elems x 2B = 16384 B  (hbm counted: 0 B)
IO     input  buf2                   torch [128, 512] -> device [8, 128, 64] in LX = 65536 elems x 2B = 131072 B  (hbm counted: 0 B)
IO   op div
IO     output op4                    torch [1024, 512] -> device [1024, 512] in HBM = 524288 elems x 2B = 1048576 B  (hbm counted: 1048576 B)
IO     input  buf2                   torch [128, 512] -> device [8, 128, 64] in LX = 65536 elems x 2B = 131072 B  (hbm counted: 0 B)
IO     input  buf3                   torch [128, 1] -> device [1, 1, 128, 64] in LX = 8192 elems x 2B = 16384 B  (hbm counted: 0 B) broadcast (loaded once)
IO   => HBM I/O total = 3145728 B  (lx 720896 B, ~free)
MODEL -- estimate (turnaround): T = [(R+W)/BW_PEAK + a*min(R,W)] / eff_underfill --
MODEL   R=1048576 B (read)   W=1048576 B (write)   loop_trip L=8
MODEL   base = (R+W)/150 = 13.98 us
MODEL   turn = a*min(R,W) = 0.00574*1048576 = 6.02 us
MODEL   eff_underfill = min(0.95,(4.0/13)**0.68) = 0.449 -> (base+turn)/eff = 44.58 us
MODEL   => T_model = 44.58 us
MODEL FEATS [{"name":"amax","is_reduction":true,"out_elems":8192,"cores":32,"dtype_bytes":2,"args":[{"name":"op0","role":"output","mem":"lx","elems":8192,"broadcast":false,"dims":[1,1,128,64],"logical":[128,1],"loop_factor":1},{"name":"arg0_1","role":"input","mem":"hbm","elems":524288,"broadcast":false,"dims":[8,1024,64],"logical":[1024,512],"loop_factor":1}],"reduction_cores":1,"loop_trip":8,"tiles_output_dim":true,"tile_rows_per_core":4.0,"is_matmul":false,"matmul_macs":0,"matmul_rows_per_core":0.0,"matmul_cols_per_core":0.0,"matmul_a_bytes":0,"matmul_b_bytes":0,"matmul_m_split":1,"matmul_n_split":1,"hbm_pattern":""},{"name":"sub","is_reduction":false,"out_elems":65536,"cores":32,"dtype_bytes":2,"args":[{"name":"op1","role":"output","mem":"lx","elems":65536,"broadcast":false,"dims":[8,128,64],"logical":[128,512],"loop_factor":1},{"name":"arg0_1","role":"input","mem":"hbm","elems":524288,"broadcast":false,"dims":[8,1024,64],"logical":[1024,512],"loop_factor":1},{"name":"buf0","role":"input","mem":"lx","elems":8192,"broadcast":true,"dims":[1,1,128,64],"logical":[128,1],"loop_factor":1}],"reduction_cores":1,"loop_trip":8,"tiles_output_dim":true,"tile_rows_per_core":4.0,"is_matmul":false,"matmul_macs":0,"matmul_rows_per_core":0.0,"matmul_cols_per_core":0.0,"matmul_a_bytes":0,"matmul_b_bytes":0,"matmul_m_split":1,"matmul_n_split":1,"hbm_pattern":""},{"name":"exp","is_reduction":false,"out_elems":65536,"cores":32,"dtype_bytes":2,"args":[{"name":"op2","role":"output","mem":"lx","elems":65536,"broadcast":false,"dims":[8,128,64],"logical":[128,512],"loop_factor":1},{"name":"buf1","role":"input","mem":"lx","elems":65536,"broadcast":false,"dims":[8,128,64],"logical":[128,512],"loop_factor":1}],"reduction_cores":1,"loop_trip":8,"tiles_output_dim":true,"tile_rows_per_core":4.0,"is_matmul":false,"matmul_macs":0,"matmul_rows_per_core":0.0,"matmul_cols_per_core":0.0,"matmul_a_bytes":0,"matmul_b_bytes":0,"matmul_m_split":1,"matmul_n_split":1,"hbm_pattern":""},{"name":"sum_1","is_reduction":true,"out_elems":8192,"cores":32,"dtype_bytes":2,"args":[{"name":"op3","role":"output","mem":"lx","elems":8192,"broadcast":false,"dims":[1,1,128,64],"logical":[128,1],"loop_factor":1},{"name":"buf2","role":"input","mem":"lx","elems":65536,"broadcast":false,"dims":[8,128,64],"logical":[128,512],"loop_factor":1}],"reduction_cores":1,"loop_trip":8,"tiles_output_dim":true,"tile_rows_per_core":4.0,"is_matmul":false,"matmul_macs":0,"matmul_rows_per_core":0.0,"matmul_cols_per_core":0.0,"matmul_a_bytes":0,"matmul_b_bytes":0,"matmul_m_split":1,"matmul_n_split":1,"hbm_pattern":""},{"name":"div","is_reduction":false,"out_elems":524288,"cores":32,"dtype_bytes":2,"args":[{"name":"op4","role":"output","mem":"hbm","elems":524288,"broadcast":false,"dims":[1024,512],"logical":[1024,512],"loop_factor":1},{"name":"buf2","role":"input","mem":"lx","elems":65536,"broadcast":false,"dims":[8,128,64],"logical":[128,512],"loop_factor":1},{"name":"buf3","role":"input","mem":"lx","elems":8192,"broadcast":true,"dims":[1,1,128,64],"logical":[128,1],"loop_factor":1}],"reduction_cores":1,"loop_trip":8,"tiles_output_dim":true,"tile_rows_per_core":4,"is_matmul":false,"matmul_macs":0,"matmul_rows_per_core":0.0,"matmul_cols_per_core":0.0,"matmul_a_bytes":0,"matmul_b_bytes":0,"matmul_m_split":1,"matmul_n_split":1,"hbm_pattern":""}]
SUMMARY op=softmax_row_tiling rows=1024 cols=512 cores=32 tiles=8 lx=1 io_hbm_bytes=3145728 kernel_us=55.329 pred_us=44.577 err_pct=-19.4 bw_gbps=56.9 memset_us=185.574 other_dev_us=275.937 total_dev_us=516.840
## CR matmul_row_tiling tiles{1,2,4,8,16} x 5 shapes
-- matmul_row_tiling M=2048 K=2048 N=2048 tiles=1
  op_it_space_splits={d0: 8, d1: 4, d2: 1}
IO -- device-layout I/O (cost model, stick-padded) --
IO   op mm [reduction]
IO     output op0                    torch [2048, 2048] -> device [32, 2048, 64] in HBM = 4194304 elems x 2B = 8388608 B  (hbm counted: 8388608 B)
IO     input  arg0_1                 torch [2048, 2048] -> device [32, 2048, 64] in HBM = 4194304 elems x 2B = 8388608 B  (hbm counted: 8388608 B)
IO     input  arg1_1                 torch [2048, 2048] -> device [32, 2048, 64] in HBM = 4194304 elems x 2B = 8388608 B  (hbm counted: 8388608 B)
IO   => HBM I/O total = 25165824 B  (lx 0 B, ~free)
MODEL -- estimate (turnaround): T = compute + (R+W)/BW_PEAK + a*min(R,W) --
MODEL   R=16777216 B (read)   W=8388608 B (write)   loop_trip L=1
MODEL   compute = MACs/cores/(mac_peak*pt_eff) = 8589934592/32/(1140*1.000) = 235.47 us  (M/m=256, pt_eff=1.000)
MODEL   base = R/150+W/150 = 167.77 us
MODEL   turn = a*min(R,W) = 0.00574*8388608 = 48.15 us
MODEL   => T_model = 393.41 us
MODEL FEATS [{"name":"mm","is_reduction":true,"out_elems":4194304,"cores":32,"dtype_bytes":2,"args":[{"name":"op0","role":"output","mem":"hbm","elems":4194304,"broadcast":false,"dims":[32,2048,64],"logical":[2048,2048],"loop_factor":1},{"name":"arg0_1","role":"input","mem":"hbm","elems":4194304,"broadcast":false,"dims":[32,2048,64],"logical":[2048,2048],"loop_factor":1},{"name":"arg1_1","role":"input","mem":"hbm","elems":4194304,"broadcast":false,"dims":[32,2048,64],"logical":[2048,2048],"loop_factor":1}],"reduction_cores":1,"loop_trip":1,"tiles_output_dim":false,"tile_rows_per_core":0.0,"is_matmul":true,"matmul_macs":8589934592,"matmul_rows_per_core":256.0,"matmul_cols_per_core":512.0,"matmul_a_bytes":8388608,"matmul_b_bytes":8388608,"matmul_m_split":8,"matmul_n_split":4,"hbm_pattern":""}]
SUMMARY op=matmul_row_tiling rows=2048 cols=2048 cores=32 tiles=1 lx=1 io_hbm_bytes=25165824 kernel_us=383.305 pred_us=393.408 err_pct=+2.6 bw_gbps=65.7 memset_us=205.265 other_dev_us=445.974 total_dev_us=1034.544
-- matmul_row_tiling M=2048 K=2048 N=2048 tiles=2
  op_it_space_splits={d0: 8, d1: 4, d2: 1}
  op_it_space_splits={d0: 8, d1: 4, d2: 1}
  op_it_space_splits={d0: 8, d1: 4, d2: 1}
  op_it_space_splits={d0: 8, d1: 4, d2: 1}
  op_it_space_splits={d0: 8, d1: 4, d2: 1}
  op_it_space_splits={d0: 8, d1: 4, d2: 1}
IO -- device-layout I/O (cost model, stick-padded) --
IO   op mm [reduction]
IO     output op0                    torch [2048, 2048] -> device [2048, 2048] in HBM = 4194304 elems x 2B = 8388608 B  (hbm counted: 8388608 B)
IO     input  arg0_1                 torch [2048, 2048] -> device [32, 2048, 64] in HBM = 4194304 elems x 2B = 8388608 B  (hbm counted: 8388608 B)
IO     input  arg1_1                 torch [2048, 2048] -> device [32, 2048, 64] in HBM = 4194304 elems x 2B = 8388608 B  (hbm counted: 8388608 B)
IO   => HBM I/O total = 25165824 B  (lx 0 B, ~free)
MODEL -- estimate (turnaround): T = compute + [(R+W)/BW_PEAK + a*min(R,W)] / eff_underfill --
MODEL   R=16777216 B (read)   W=8388608 B (write)   loop_trip L=2
MODEL   compute = MACs/cores/(mac_peak*pt_eff) = 8589934592/32/(1140*1.000) = 235.47 us  (M/m=128, pt_eff=1.000)
MODEL   base = R/150+W/150 = 167.77 us
MODEL   turn = a*min(R,W) = 0.00574*8388608 = 48.15 us
MODEL   eff_underfill = min(0.95,(128.0/13)**0.68) = 0.950 -> (base+turn)/eff = 227.29 us
MODEL   => T_model = 358.20 us
MODEL FEATS [{"name":"mm","is_reduction":true,"out_elems":4194304,"cores":32,"dtype_bytes":2,"args":[{"name":"op0","role":"output","mem":"hbm","elems":4194304,"broadcast":false,"dims":[2048,2048],"logical":[2048,2048],"loop_factor":1},{"name":"arg0_1","role":"input","mem":"hbm","elems":4194304,"broadcast":false,"dims":[32,2048,64],"logical":[2048,2048],"loop_factor":1},{"name":"arg1_1","role":"input","mem":"hbm","elems":4194304,"broadcast":false,"dims":[32,2048,64],"logical":[2048,2048],"loop_factor":1}],"reduction_cores":1,"loop_trip":2,"tiles_output_dim":true,"tile_rows_per_core":128,"is_matmul":true,"matmul_macs":8589934592,"matmul_rows_per_core":128.0,"matmul_cols_per_core":512.0,"matmul_a_bytes":4194304,"matmul_b_bytes":8388608,"matmul_m_split":8,"matmul_n_split":4,"hbm_pattern":""}]
SUMMARY op=matmul_row_tiling rows=2048 cols=2048 cores=32 tiles=2 lx=1 io_hbm_bytes=25165824 kernel_us=341.642 pred_us=358.205 err_pct=+4.8 bw_gbps=73.7 memset_us=224.212 other_dev_us=388.399 total_dev_us=954.253
-- matmul_row_tiling M=2048 K=2048 N=2048 tiles=4
  op_it_space_splits={d0: 8, d1: 4, d2: 1}
  op_it_space_splits={d0: 8, d1: 4, d2: 1}
  op_it_space_splits={d0: 8, d1: 4, d2: 1}
  op_it_space_splits={d0: 8, d1: 4, d2: 1}
  op_it_space_splits={d0: 8, d1: 4, d2: 1}
  op_it_space_splits={d0: 8, d1: 4, d2: 1}
IO -- device-layout I/O (cost model, stick-padded) --
IO   op mm [reduction]
IO     output op0                    torch [2048, 2048] -> device [2048, 2048] in HBM = 4194304 elems x 2B = 8388608 B  (hbm counted: 8388608 B)
IO     input  arg0_1                 torch [2048, 2048] -> device [32, 2048, 64] in HBM = 4194304 elems x 2B = 8388608 B  (hbm counted: 8388608 B)
IO     input  arg1_1                 torch [2048, 2048] -> device [32, 2048, 64] in HBM = 4194304 elems x 2B = 8388608 B  (hbm counted: 8388608 B)
IO   => HBM I/O total = 25165824 B  (lx 0 B, ~free)
MODEL -- estimate (turnaround): T = compute + [(R+W)/BW_PEAK + a*min(R,W)] / eff_underfill --
MODEL   R=16777216 B (read)   W=8388608 B (write)   loop_trip L=4
MODEL   compute = MACs/cores/(mac_peak*pt_eff) = 8589934592/32/(1140*1.000) = 235.47 us  (M/m=64, pt_eff=1.000)
MODEL   base = R/150+W/150 = 167.77 us
MODEL   turn = a*min(R,W) = 0.00574*8388608 = 48.15 us
MODEL   eff_underfill = min(0.95,(64.0/13)**0.68) = 0.950 -> (base+turn)/eff = 227.29 us
MODEL   => T_model = 358.20 us
MODEL FEATS [{"name":"mm","is_reduction":true,"out_elems":4194304,"cores":32,"dtype_bytes":2,"args":[{"name":"op0","role":"output","mem":"hbm","elems":4194304,"broadcast":false,"dims":[2048,2048],"logical":[2048,2048],"loop_factor":1},{"name":"arg0_1","role":"input","mem":"hbm","elems":4194304,"broadcast":false,"dims":[32,2048,64],"logical":[2048,2048],"loop_factor":1},{"name":"arg1_1","role":"input","mem":"hbm","elems":4194304,"broadcast":false,"dims":[32,2048,64],"logical":[2048,2048],"loop_factor":1}],"reduction_cores":1,"loop_trip":4,"tiles_output_dim":true,"tile_rows_per_core":64,"is_matmul":true,"matmul_macs":8589934592,"matmul_rows_per_core":64.0,"matmul_cols_per_core":512.0,"matmul_a_bytes":2097152,"matmul_b_bytes":8388608,"matmul_m_split":8,"matmul_n_split":4,"hbm_pattern":""}]
SUMMARY op=matmul_row_tiling rows=2048 cols=2048 cores=32 tiles=4 lx=1 io_hbm_bytes=25165824 kernel_us=436.410 pred_us=358.205 err_pct=-17.9 bw_gbps=57.7 memset_us=272.618 other_dev_us=379.177 total_dev_us=1088.205
-- matmul_row_tiling M=2048 K=2048 N=2048 tiles=8
  op_it_space_splits={d0: 8, d1: 4, d2: 1}
  op_it_space_splits={d0: 8, d1: 4, d2: 1}
  op_it_space_splits={d0: 8, d1: 4, d2: 1}
  op_it_space_splits={d0: 8, d1: 4, d2: 1}
  op_it_space_splits={d0: 8, d1: 4, d2: 1}
  op_it_space_splits={d0: 8, d1: 4, d2: 1}
IO -- device-layout I/O (cost model, stick-padded) --
IO   op mm [reduction]
IO     output op0                    torch [2048, 2048] -> device [2048, 2048] in HBM = 4194304 elems x 2B = 8388608 B  (hbm counted: 8388608 B)
IO     input  arg0_1                 torch [2048, 2048] -> device [32, 2048, 64] in HBM = 4194304 elems x 2B = 8388608 B  (hbm counted: 8388608 B)
IO     input  arg1_1                 torch [2048, 2048] -> device [32, 2048, 64] in HBM = 4194304 elems x 2B = 8388608 B  (hbm counted: 8388608 B)
IO   => HBM I/O total = 25165824 B  (lx 0 B, ~free)
MODEL -- estimate (turnaround): T = compute + [(R+W)/BW_PEAK + a*min(R,W)] / eff_underfill --
MODEL   R=16777216 B (read)   W=8388608 B (write)   loop_trip L=8
MODEL   compute = MACs/cores/(mac_peak*pt_eff) = 8589934592/32/(1140*0.785) = 300.12 us  (M/m=32, pt_eff=0.785)
MODEL   base = R/150+W/150 = 167.77 us
MODEL   turn = a*min(R,W) = 0.00574*8388608 = 48.15 us
MODEL   eff_underfill = min(0.95,(32.0/13)**0.68) = 0.950 -> (base+turn)/eff = 227.29 us
MODEL   => T_model = 358.20 us
MODEL FEATS [{"name":"mm","is_reduction":true,"out_elems":4194304,"cores":32,"dtype_bytes":2,"args":[{"name":"op0","role":"output","mem":"hbm","elems":4194304,"broadcast":false,"dims":[2048,2048],"logical":[2048,2048],"loop_factor":1},{"name":"arg0_1","role":"input","mem":"hbm","elems":4194304,"broadcast":false,"dims":[32,2048,64],"logical":[2048,2048],"loop_factor":1},{"name":"arg1_1","role":"input","mem":"hbm","elems":4194304,"broadcast":false,"dims":[32,2048,64],"logical":[2048,2048],"loop_factor":1}],"reduction_cores":1,"loop_trip":8,"tiles_output_dim":true,"tile_rows_per_core":32,"is_matmul":true,"matmul_macs":8589934592,"matmul_rows_per_core":32.0,"matmul_cols_per_core":512.0,"matmul_a_bytes":1048576,"matmul_b_bytes":8388608,"matmul_m_split":8,"matmul_n_split":4,"hbm_pattern":""}]
SUMMARY op=matmul_row_tiling rows=2048 cols=2048 cores=32 tiles=8 lx=1 io_hbm_bytes=25165824 kernel_us=657.268 pred_us=358.205 err_pct=-45.5 bw_gbps=38.3 memset_us=181.908 other_dev_us=501.858 total_dev_us=1341.034
-- matmul_row_tiling M=2048 K=2048 N=2048 tiles=16
  op_it_space_splits={d0: 4, d1: 8, d2: 1}
  op_it_space_splits={d0: 4, d1: 8, d2: 1}
  op_it_space_splits={d0: 4, d1: 8, d2: 1}
  op_it_space_splits={d0: 4, d1: 8, d2: 1}
  op_it_space_splits={d0: 4, d1: 8, d2: 1}
  op_it_space_splits={d0: 4, d1: 8, d2: 1}
IO -- device-layout I/O (cost model, stick-padded) --
IO   op mm [reduction]
IO     output op0                    torch [2048, 2048] -> device [2048, 2048] in HBM = 4194304 elems x 2B = 8388608 B  (hbm counted: 8388608 B)
IO     input  arg0_1                 torch [2048, 2048] -> device [32, 2048, 64] in HBM = 4194304 elems x 2B = 8388608 B  (hbm counted: 8388608 B)
IO     input  arg1_1                 torch [2048, 2048] -> device [32, 2048, 64] in HBM = 4194304 elems x 2B = 8388608 B  (hbm counted: 8388608 B)
IO   => HBM I/O total = 25165824 B  (lx 0 B, ~free)
MODEL -- estimate (turnaround): T = compute + [(R+W)/BW_PEAK + a*min(R,W)] / eff_underfill --
MODEL   R=16777216 B (read)   W=8388608 B (write)   loop_trip L=16
MODEL   compute = MACs/cores/(mac_peak*pt_eff) = 8589934592/32/(1140*0.785) = 300.12 us  (M/m=32, pt_eff=0.785)
MODEL   base = R/150+W/150 = 167.77 us
MODEL   turn = a*min(R,W) = 0.00574*8388608 = 48.15 us
MODEL   eff_underfill = min(0.95,(32.0/13)**0.68) = 0.950 -> (base+turn)/eff = 227.29 us
MODEL   => T_model = 358.20 us
MODEL FEATS [{"name":"mm","is_reduction":true,"out_elems":4194304,"cores":32,"dtype_bytes":2,"args":[{"name":"op0","role":"output","mem":"hbm","elems":4194304,"broadcast":false,"dims":[2048,2048],"logical":[2048,2048],"loop_factor":1},{"name":"arg0_1","role":"input","mem":"hbm","elems":4194304,"broadcast":false,"dims":[32,2048,64],"logical":[2048,2048],"loop_factor":1},{"name":"arg1_1","role":"input","mem":"hbm","elems":4194304,"broadcast":false,"dims":[32,2048,64],"logical":[2048,2048],"loop_factor":1}],"reduction_cores":1,"loop_trip":16,"tiles_output_dim":true,"tile_rows_per_core":32,"is_matmul":true,"matmul_macs":8589934592,"matmul_rows_per_core":32.0,"matmul_cols_per_core":256.0,"matmul_a_bytes":524288,"matmul_b_bytes":8388608,"matmul_m_split":4,"matmul_n_split":8,"hbm_pattern":""}]
SUMMARY op=matmul_row_tiling rows=2048 cols=2048 cores=32 tiles=16 lx=1 io_hbm_bytes=25165824 kernel_us=1003.599 pred_us=358.205 err_pct=-64.3 bw_gbps=25.1 memset_us=273.010 other_dev_us=383.379 total_dev_us=1659.988
-- matmul_row_tiling M=4096 K=2048 N=2048 tiles=1
  op_it_space_splits={d0: 8, d1: 4, d2: 1}
IO -- device-layout I/O (cost model, stick-padded) --
IO   op mm [reduction]
IO     output op0                    torch [4096, 2048] -> device [32, 4096, 64] in HBM = 8388608 elems x 2B = 16777216 B  (hbm counted: 16777216 B)
IO     input  arg0_1                 torch [4096, 2048] -> device [32, 4096, 64] in HBM = 8388608 elems x 2B = 16777216 B  (hbm counted: 16777216 B)
IO     input  arg1_1                 torch [2048, 2048] -> device [32, 2048, 64] in HBM = 4194304 elems x 2B = 8388608 B  (hbm counted: 8388608 B)
IO   => HBM I/O total = 41943040 B  (lx 0 B, ~free)
MODEL -- estimate (turnaround): T = compute + (R+W)/BW_PEAK + a*min(R,W) --
MODEL   R=25165824 B (read)   W=16777216 B (write)   loop_trip L=1
MODEL   compute = MACs/cores/(mac_peak*pt_eff) = 17179869184/32/(1140*1.000) = 470.94 us  (M/m=512, pt_eff=1.000)
MODEL   base = R/150+W/150 = 279.62 us
MODEL   turn = a*min(R,W) = 0.00574*16777216 = 96.30 us
MODEL   => T_model = 781.22 us
MODEL FEATS [{"name":"mm","is_reduction":true,"out_elems":8388608,"cores":32,"dtype_bytes":2,"args":[{"name":"op0","role":"output","mem":"hbm","elems":8388608,"broadcast":false,"dims":[32,4096,64],"logical":[4096,2048],"loop_factor":1},{"name":"arg0_1","role":"input","mem":"hbm","elems":8388608,"broadcast":false,"dims":[32,4096,64],"logical":[4096,2048],"loop_factor":1},{"name":"arg1_1","role":"input","mem":"hbm","elems":4194304,"broadcast":false,"dims":[32,2048,64],"logical":[2048,2048],"loop_factor":1}],"reduction_cores":1,"loop_trip":1,"tiles_output_dim":false,"tile_rows_per_core":0.0,"is_matmul":true,"matmul_macs":17179869184,"matmul_rows_per_core":512.0,"matmul_cols_per_core":512.0,"matmul_a_bytes":16777216,"matmul_b_bytes":8388608,"matmul_m_split":8,"matmul_n_split":4,"hbm_pattern":""}]
SUMMARY op=matmul_row_tiling rows=4096 cols=2048 cores=32 tiles=1 lx=1 io_hbm_bytes=41943040 kernel_us=835.457 pred_us=781.224 err_pct=-6.5 bw_gbps=50.2 memset_us=301.482 other_dev_us=839.431 total_dev_us=1976.370
-- matmul_row_tiling M=4096 K=2048 N=2048 tiles=2
  op_it_space_splits={d0: 8, d1: 4, d2: 1}
  op_it_space_splits={d0: 8, d1: 4, d2: 1}
  op_it_space_splits={d0: 8, d1: 4, d2: 1}
  op_it_space_splits={d0: 8, d1: 4, d2: 1}
  op_it_space_splits={d0: 8, d1: 4, d2: 1}
  op_it_space_splits={d0: 8, d1: 4, d2: 1}
IO -- device-layout I/O (cost model, stick-padded) --
IO   op mm [reduction]
IO     output op0                    torch [4096, 2048] -> device [4096, 2048] in HBM = 8388608 elems x 2B = 16777216 B  (hbm counted: 16777216 B)
IO     input  arg0_1                 torch [4096, 2048] -> device [32, 4096, 64] in HBM = 8388608 elems x 2B = 16777216 B  (hbm counted: 16777216 B)
IO     input  arg1_1                 torch [2048, 2048] -> device [32, 2048, 64] in HBM = 4194304 elems x 2B = 8388608 B  (hbm counted: 8388608 B)
IO   => HBM I/O total = 41943040 B  (lx 0 B, ~free)
MODEL -- estimate (turnaround): T = compute + [(R+W)/BW_PEAK + a*min(R,W)] / eff_underfill --
MODEL   R=25165824 B (read)   W=16777216 B (write)   loop_trip L=2
MODEL   compute = MACs/cores/(mac_peak*pt_eff) = 17179869184/32/(1140*1.000) = 470.94 us  (M/m=256, pt_eff=1.000)
MODEL   base = R/150+W/150 = 279.62 us
MODEL   turn = a*min(R,W) = 0.00574*16777216 = 96.30 us
MODEL   eff_underfill = min(0.95,(256.0/13)**0.68) = 0.950 -> (base+turn)/eff = 395.71 us
MODEL   => T_model = 713.23 us
MODEL FEATS [{"name":"mm","is_reduction":true,"out_elems":8388608,"cores":32,"dtype_bytes":2,"args":[{"name":"op0","role":"output","mem":"hbm","elems":8388608,"broadcast":false,"dims":[4096,2048],"logical":[4096,2048],"loop_factor":1},{"name":"arg0_1","role":"input","mem":"hbm","elems":8388608,"broadcast":false,"dims":[32,4096,64],"logical":[4096,2048],"loop_factor":1},{"name":"arg1_1","role":"input","mem":"hbm","elems":4194304,"broadcast":false,"dims":[32,2048,64],"logical":[2048,2048],"loop_factor":1}],"reduction_cores":1,"loop_trip":2,"tiles_output_dim":true,"tile_rows_per_core":256,"is_matmul":true,"matmul_macs":17179869184,"matmul_rows_per_core":256.0,"matmul_cols_per_core":512.0,"matmul_a_bytes":8388608,"matmul_b_bytes":8388608,"matmul_m_split":8,"matmul_n_split":4,"hbm_pattern":""}]
SUMMARY op=matmul_row_tiling rows=4096 cols=2048 cores=32 tiles=2 lx=1 io_hbm_bytes=41943040 kernel_us=785.292 pred_us=713.231 err_pct=-9.2 bw_gbps=53.4 memset_us=253.121 other_dev_us=880.476 total_dev_us=1918.889
-- matmul_row_tiling M=4096 K=2048 N=2048 tiles=4
  op_it_space_splits={d0: 8, d1: 4, d2: 1}
  op_it_space_splits={d0: 8, d1: 4, d2: 1}
  op_it_space_splits={d0: 8, d1: 4, d2: 1}
  op_it_space_splits={d0: 8, d1: 4, d2: 1}
  op_it_space_splits={d0: 8, d1: 4, d2: 1}
  op_it_space_splits={d0: 8, d1: 4, d2: 1}
IO -- device-layout I/O (cost model, stick-padded) --
IO   op mm [reduction]
IO     output op0                    torch [4096, 2048] -> device [4096, 2048] in HBM = 8388608 elems x 2B = 16777216 B  (hbm counted: 16777216 B)
IO     input  arg0_1                 torch [4096, 2048] -> device [32, 4096, 64] in HBM = 8388608 elems x 2B = 16777216 B  (hbm counted: 16777216 B)
IO     input  arg1_1                 torch [2048, 2048] -> device [32, 2048, 64] in HBM = 4194304 elems x 2B = 8388608 B  (hbm counted: 8388608 B)
IO   => HBM I/O total = 41943040 B  (lx 0 B, ~free)
MODEL -- estimate (turnaround): T = compute + [(R+W)/BW_PEAK + a*min(R,W)] / eff_underfill --
MODEL   R=25165824 B (read)   W=16777216 B (write)   loop_trip L=4
MODEL   compute = MACs/cores/(mac_peak*pt_eff) = 17179869184/32/(1140*1.000) = 470.94 us  (M/m=128, pt_eff=1.000)
MODEL   base = R/150+W/150 = 279.62 us
MODEL   turn = a*min(R,W) = 0.00574*16777216 = 96.30 us
MODEL   eff_underfill = min(0.95,(128.0/13)**0.68) = 0.950 -> (base+turn)/eff = 395.71 us
MODEL   => T_model = 684.62 us
MODEL FEATS [{"name":"mm","is_reduction":true,"out_elems":8388608,"cores":32,"dtype_bytes":2,"args":[{"name":"op0","role":"output","mem":"hbm","elems":8388608,"broadcast":false,"dims":[4096,2048],"logical":[4096,2048],"loop_factor":1},{"name":"arg0_1","role":"input","mem":"hbm","elems":8388608,"broadcast":false,"dims":[32,4096,64],"logical":[4096,2048],"loop_factor":1},{"name":"arg1_1","role":"input","mem":"hbm","elems":4194304,"broadcast":false,"dims":[32,2048,64],"logical":[2048,2048],"loop_factor":1}],"reduction_cores":1,"loop_trip":4,"tiles_output_dim":true,"tile_rows_per_core":128,"is_matmul":true,"matmul_macs":17179869184,"matmul_rows_per_core":128.0,"matmul_cols_per_core":512.0,"matmul_a_bytes":4194304,"matmul_b_bytes":8388608,"matmul_m_split":8,"matmul_n_split":4,"hbm_pattern":""}]
SUMMARY op=matmul_row_tiling rows=4096 cols=2048 cores=32 tiles=4 lx=1 io_hbm_bytes=41943040 kernel_us=678.241 pred_us=684.621 err_pct=+0.9 bw_gbps=61.8 memset_us=346.335 other_dev_us=861.764 total_dev_us=1886.340
-- matmul_row_tiling M=4096 K=2048 N=2048 tiles=8
  op_it_space_splits={d0: 8, d1: 4, d2: 1}
  op_it_space_splits={d0: 8, d1: 4, d2: 1}
  op_it_space_splits={d0: 8, d1: 4, d2: 1}
  op_it_space_splits={d0: 8, d1: 4, d2: 1}
  op_it_space_splits={d0: 8, d1: 4, d2: 1}
  op_it_space_splits={d0: 8, d1: 4, d2: 1}
IO -- device-layout I/O (cost model, stick-padded) --
IO   op mm [reduction]
IO     output op0                    torch [4096, 2048] -> device [4096, 2048] in HBM = 8388608 elems x 2B = 16777216 B  (hbm counted: 16777216 B)
IO     input  arg0_1                 torch [4096, 2048] -> device [32, 4096, 64] in HBM = 8388608 elems x 2B = 16777216 B  (hbm counted: 16777216 B)
IO     input  arg1_1                 torch [2048, 2048] -> device [32, 2048, 64] in HBM = 4194304 elems x 2B = 8388608 B  (hbm counted: 8388608 B)
IO   => HBM I/O total = 41943040 B  (lx 0 B, ~free)
MODEL -- estimate (turnaround): T = compute + [(R+W)/BW_PEAK + a*min(R,W)] / eff_underfill --
MODEL   R=25165824 B (read)   W=16777216 B (write)   loop_trip L=8
MODEL   compute = MACs/cores/(mac_peak*pt_eff) = 17179869184/32/(1140*1.000) = 470.94 us  (M/m=64, pt_eff=1.000)
MODEL   base = R/150+W/150 = 279.62 us
MODEL   turn = a*min(R,W) = 0.00574*16777216 = 96.30 us
MODEL   eff_underfill = min(0.95,(64.0/13)**0.68) = 0.950 -> (base+turn)/eff = 395.71 us
MODEL   => T_model = 684.62 us
MODEL FEATS [{"name":"mm","is_reduction":true,"out_elems":8388608,"cores":32,"dtype_bytes":2,"args":[{"name":"op0","role":"output","mem":"hbm","elems":8388608,"broadcast":false,"dims":[4096,2048],"logical":[4096,2048],"loop_factor":1},{"name":"arg0_1","role":"input","mem":"hbm","elems":8388608,"broadcast":false,"dims":[32,4096,64],"logical":[4096,2048],"loop_factor":1},{"name":"arg1_1","role":"input","mem":"hbm","elems":4194304,"broadcast":false,"dims":[32,2048,64],"logical":[2048,2048],"loop_factor":1}],"reduction_cores":1,"loop_trip":8,"tiles_output_dim":true,"tile_rows_per_core":64,"is_matmul":true,"matmul_macs":17179869184,"matmul_rows_per_core":64.0,"matmul_cols_per_core":512.0,"matmul_a_bytes":2097152,"matmul_b_bytes":8388608,"matmul_m_split":8,"matmul_n_split":4,"hbm_pattern":""}]
SUMMARY op=matmul_row_tiling rows=4096 cols=2048 cores=32 tiles=8 lx=1 io_hbm_bytes=41943040 kernel_us=872.802 pred_us=684.621 err_pct=-21.6 bw_gbps=48.1 memset_us=263.139 other_dev_us=950.649 total_dev_us=2086.590
-- matmul_row_tiling M=4096 K=2048 N=2048 tiles=16
  op_it_space_splits={d0: 8, d1: 4, d2: 1}
  op_it_space_splits={d0: 8, d1: 4, d2: 1}
  op_it_space_splits={d0: 8, d1: 4, d2: 1}
  op_it_space_splits={d0: 8, d1: 4, d2: 1}
  op_it_space_splits={d0: 8, d1: 4, d2: 1}
  op_it_space_splits={d0: 8, d1: 4, d2: 1}
IO -- device-layout I/O (cost model, stick-padded) --
IO   op mm [reduction]
IO     output op0                    torch [4096, 2048] -> device [4096, 2048] in HBM = 8388608 elems x 2B = 16777216 B  (hbm counted: 16777216 B)
IO     input  arg0_1                 torch [4096, 2048] -> device [32, 4096, 64] in HBM = 8388608 elems x 2B = 16777216 B  (hbm counted: 16777216 B)
IO     input  arg1_1                 torch [2048, 2048] -> device [32, 2048, 64] in HBM = 4194304 elems x 2B = 8388608 B  (hbm counted: 8388608 B)
IO   => HBM I/O total = 41943040 B  (lx 0 B, ~free)
MODEL -- estimate (turnaround): T = compute + [(R+W)/BW_PEAK + a*min(R,W)] / eff_underfill --
MODEL   R=25165824 B (read)   W=16777216 B (write)   loop_trip L=16
MODEL   compute = MACs/cores/(mac_peak*pt_eff) = 17179869184/32/(1140*0.785) = 600.24 us  (M/m=32, pt_eff=0.785)
MODEL   base = R/150+W/150 = 279.62 us
MODEL   turn = a*min(R,W) = 0.00574*16777216 = 96.30 us
MODEL   eff_underfill = min(0.95,(32.0/13)**0.68) = 0.950 -> (base+turn)/eff = 395.71 us
MODEL   => T_model = 684.62 us
MODEL FEATS [{"name":"mm","is_reduction":true,"out_elems":8388608,"cores":32,"dtype_bytes":2,"args":[{"name":"op0","role":"output","mem":"hbm","elems":8388608,"broadcast":false,"dims":[4096,2048],"logical":[4096,2048],"loop_factor":1},{"name":"arg0_1","role":"input","mem":"hbm","elems":8388608,"broadcast":false,"dims":[32,4096,64],"logical":[4096,2048],"loop_factor":1},{"name":"arg1_1","role":"input","mem":"hbm","elems":4194304,"broadcast":false,"dims":[32,2048,64],"logical":[2048,2048],"loop_factor":1}],"reduction_cores":1,"loop_trip":16,"tiles_output_dim":true,"tile_rows_per_core":32,"is_matmul":true,"matmul_macs":17179869184,"matmul_rows_per_core":32.0,"matmul_cols_per_core":512.0,"matmul_a_bytes":1048576,"matmul_b_bytes":8388608,"matmul_m_split":8,"matmul_n_split":4,"hbm_pattern":""}]
SUMMARY op=matmul_row_tiling rows=4096 cols=2048 cores=32 tiles=16 lx=1 io_hbm_bytes=41943040 kernel_us=1303.522 pred_us=684.621 err_pct=-47.5 bw_gbps=32.2 memset_us=380.228 other_dev_us=762.277 total_dev_us=2446.027
-- matmul_row_tiling M=2048 K=2048 N=4096 tiles=1
  op_it_space_splits={d0: 4, d1: 8, d2: 1}
IO -- device-layout I/O (cost model, stick-padded) --
IO   op mm [reduction]
IO     output op0                    torch [2048, 4096] -> device [64, 2048, 64] in HBM = 8388608 elems x 2B = 16777216 B  (hbm counted: 16777216 B)
IO     input  arg0_1                 torch [2048, 2048] -> device [32, 2048, 64] in HBM = 4194304 elems x 2B = 8388608 B  (hbm counted: 8388608 B)
IO     input  arg1_1                 torch [2048, 4096] -> device [64, 2048, 64] in HBM = 8388608 elems x 2B = 16777216 B  (hbm counted: 16777216 B)
IO   => HBM I/O total = 41943040 B  (lx 0 B, ~free)
MODEL -- estimate (turnaround): T = compute + (R+W)/BW_PEAK + a*min(R,W) --
MODEL   R=25165824 B (read)   W=16777216 B (write)   loop_trip L=1
MODEL   compute = MACs/cores/(mac_peak*pt_eff) = 17179869184/32/(1140*1.000) = 470.94 us  (M/m=512, pt_eff=1.000)
MODEL   base = R/150+W/150 = 279.62 us
MODEL   turn = a*min(R,W) = 0.00574*16777216 = 96.30 us
MODEL   => T_model = 781.22 us
MODEL FEATS [{"name":"mm","is_reduction":true,"out_elems":8388608,"cores":32,"dtype_bytes":2,"args":[{"name":"op0","role":"output","mem":"hbm","elems":8388608,"broadcast":false,"dims":[64,2048,64],"logical":[2048,4096],"loop_factor":1},{"name":"arg0_1","role":"input","mem":"hbm","elems":4194304,"broadcast":false,"dims":[32,2048,64],"logical":[2048,2048],"loop_factor":1},{"name":"arg1_1","role":"input","mem":"hbm","elems":8388608,"broadcast":false,"dims":[64,2048,64],"logical":[2048,4096],"loop_factor":1}],"reduction_cores":1,"loop_trip":1,"tiles_output_dim":false,"tile_rows_per_core":0.0,"is_matmul":true,"matmul_macs":17179869184,"matmul_rows_per_core":512.0,"matmul_cols_per_core":512.0,"matmul_a_bytes":8388608,"matmul_b_bytes":16777216,"matmul_m_split":4,"matmul_n_split":8,"hbm_pattern":""}]
SUMMARY op=matmul_row_tiling rows=2048 cols=2048 cores=32 tiles=1 lx=1 io_hbm_bytes=41943040 kernel_us=769.975 pred_us=781.224 err_pct=+1.5 bw_gbps=54.5 memset_us=208.268 other_dev_us=1000.440 total_dev_us=1978.683
-- matmul_row_tiling M=2048 K=2048 N=4096 tiles=2
  op_it_space_splits={d0: 4, d1: 8, d2: 1}
  op_it_space_splits={d0: 4, d1: 8, d2: 1}
  op_it_space_splits={d0: 4, d1: 8, d2: 1}
  op_it_space_splits={d0: 4, d1: 8, d2: 1}
  op_it_space_splits={d0: 4, d1: 8, d2: 1}
  op_it_space_splits={d0: 4, d1: 8, d2: 1}
IO -- device-layout I/O (cost model, stick-padded) --
IO   op mm [reduction]
IO     output op0                    torch [2048, 4096] -> device [2048, 4096] in HBM = 8388608 elems x 2B = 16777216 B  (hbm counted: 16777216 B)
IO     input  arg0_1                 torch [2048, 2048] -> device [32, 2048, 64] in HBM = 4194304 elems x 2B = 8388608 B  (hbm counted: 8388608 B)
IO     input  arg1_1                 torch [2048, 4096] -> device [64, 2048, 64] in HBM = 8388608 elems x 2B = 16777216 B  (hbm counted: 16777216 B)
IO   => HBM I/O total = 41943040 B  (lx 0 B, ~free)
MODEL -- estimate (turnaround): T = compute + [(R+W)/BW_PEAK + a*min(R,W)] / eff_underfill --
MODEL   R=25165824 B (read)   W=16777216 B (write)   loop_trip L=2
MODEL   compute = MACs/cores/(mac_peak*pt_eff) = 17179869184/32/(1140*1.000) = 470.94 us  (M/m=256, pt_eff=1.000)
MODEL   base = R/150+W/150 = 279.62 us
MODEL   turn = a*min(R,W) = 0.00574*16777216 = 96.30 us
MODEL   eff_underfill = min(0.95,(256.0/13)**0.68) = 0.950 -> (base+turn)/eff = 395.71 us
MODEL   => T_model = 720.38 us
MODEL FEATS [{"name":"mm","is_reduction":true,"out_elems":8388608,"cores":32,"dtype_bytes":2,"args":[{"name":"op0","role":"output","mem":"hbm","elems":8388608,"broadcast":false,"dims":[2048,4096],"logical":[2048,4096],"loop_factor":1},{"name":"arg0_1","role":"input","mem":"hbm","elems":4194304,"broadcast":false,"dims":[32,2048,64],"logical":[2048,2048],"loop_factor":1},{"name":"arg1_1","role":"input","mem":"hbm","elems":8388608,"broadcast":false,"dims":[64,2048,64],"logical":[2048,4096],"loop_factor":1}],"reduction_cores":1,"loop_trip":2,"tiles_output_dim":true,"tile_rows_per_core":256,"is_matmul":true,"matmul_macs":17179869184,"matmul_rows_per_core":256.0,"matmul_cols_per_core":512.0,"matmul_a_bytes":4194304,"matmul_b_bytes":16777216,"matmul_m_split":4,"matmul_n_split":8,"hbm_pattern":""}]
SUMMARY op=matmul_row_tiling rows=2048 cols=2048 cores=32 tiles=2 lx=1 io_hbm_bytes=41943040 kernel_us=755.266 pred_us=720.383 err_pct=-4.6 bw_gbps=55.5 memset_us=332.015 other_dev_us=900.642 total_dev_us=1987.923
-- matmul_row_tiling M=2048 K=2048 N=4096 tiles=4
  op_it_space_splits={d0: 4, d1: 8, d2: 1}
  op_it_space_splits={d0: 4, d1: 8, d2: 1}
  op_it_space_splits={d0: 4, d1: 8, d2: 1}
  op_it_space_splits={d0: 4, d1: 8, d2: 1}
  op_it_space_splits={d0: 4, d1: 8, d2: 1}
  op_it_space_splits={d0: 4, d1: 8, d2: 1}
IO -- device-layout I/O (cost model, stick-padded) --
IO   op mm [reduction]
IO     output op0                    torch [2048, 4096] -> device [2048, 4096] in HBM = 8388608 elems x 2B = 16777216 B  (hbm counted: 16777216 B)
IO     input  arg0_1                 torch [2048, 2048] -> device [32, 2048, 64] in HBM = 4194304 elems x 2B = 8388608 B  (hbm counted: 8388608 B)
IO     input  arg1_1                 torch [2048, 4096] -> device [64, 2048, 64] in HBM = 8388608 elems x 2B = 16777216 B  (hbm counted: 16777216 B)
IO   => HBM I/O total = 41943040 B  (lx 0 B, ~free)
MODEL -- estimate (turnaround): T = compute + [(R+W)/BW_PEAK + a*min(R,W)] / eff_underfill --
MODEL   R=25165824 B (read)   W=16777216 B (write)   loop_trip L=4
MODEL   compute = MACs/cores/(mac_peak*pt_eff) = 17179869184/32/(1140*1.000) = 470.94 us  (M/m=128, pt_eff=1.000)
MODEL   base = R/150+W/150 = 279.62 us
MODEL   turn = a*min(R,W) = 0.00574*16777216 = 96.30 us
MODEL   eff_underfill = min(0.95,(128.0/13)**0.68) = 0.950 -> (base+turn)/eff = 395.71 us
MODEL   => T_model = 684.62 us
MODEL FEATS [{"name":"mm","is_reduction":true,"out_elems":8388608,"cores":32,"dtype_bytes":2,"args":[{"name":"op0","role":"output","mem":"hbm","elems":8388608,"broadcast":false,"dims":[2048,4096],"logical":[2048,4096],"loop_factor":1},{"name":"arg0_1","role":"input","mem":"hbm","elems":4194304,"broadcast":false,"dims":[32,2048,64],"logical":[2048,2048],"loop_factor":1},{"name":"arg1_1","role":"input","mem":"hbm","elems":8388608,"broadcast":false,"dims":[64,2048,64],"logical":[2048,4096],"loop_factor":1}],"reduction_cores":1,"loop_trip":4,"tiles_output_dim":true,"tile_rows_per_core":128,"is_matmul":true,"matmul_macs":17179869184,"matmul_rows_per_core":128.0,"matmul_cols_per_core":512.0,"matmul_a_bytes":2097152,"matmul_b_bytes":16777216,"matmul_m_split":4,"matmul_n_split":8,"hbm_pattern":""}]
SUMMARY op=matmul_row_tiling rows=2048 cols=2048 cores=32 tiles=4 lx=1 io_hbm_bytes=41943040 kernel_us=730.517 pred_us=684.621 err_pct=-6.3 bw_gbps=57.4 memset_us=258.712 other_dev_us=882.200 total_dev_us=1871.429
-- matmul_row_tiling M=2048 K=2048 N=4096 tiles=8
  op_it_space_splits={d0: 4, d1: 8, d2: 1}
  op_it_space_splits={d0: 4, d1: 8, d2: 1}
  op_it_space_splits={d0: 4, d1: 8, d2: 1}
  op_it_space_splits={d0: 4, d1: 8, d2: 1}
  op_it_space_splits={d0: 4, d1: 8, d2: 1}
  op_it_space_splits={d0: 4, d1: 8, d2: 1}
IO -- device-layout I/O (cost model, stick-padded) --
IO   op mm [reduction]
IO     output op0                    torch [2048, 4096] -> device [2048, 4096] in HBM = 8388608 elems x 2B = 16777216 B  (hbm counted: 16777216 B)
IO     input  arg0_1                 torch [2048, 2048] -> device [32, 2048, 64] in HBM = 4194304 elems x 2B = 8388608 B  (hbm counted: 8388608 B)
IO     input  arg1_1                 torch [2048, 4096] -> device [64, 2048, 64] in HBM = 8388608 elems x 2B = 16777216 B  (hbm counted: 16777216 B)
IO   => HBM I/O total = 41943040 B  (lx 0 B, ~free)
MODEL -- estimate (turnaround): T = compute + [(R+W)/BW_PEAK + a*min(R,W)] / eff_underfill --
MODEL   R=25165824 B (read)   W=16777216 B (write)   loop_trip L=8
MODEL   compute = MACs/cores/(mac_peak*pt_eff) = 17179869184/32/(1140*1.000) = 470.94 us  (M/m=64, pt_eff=1.000)
MODEL   base = R/150+W/150 = 279.62 us
MODEL   turn = a*min(R,W) = 0.00574*16777216 = 96.30 us
MODEL   eff_underfill = min(0.95,(64.0/13)**0.68) = 0.950 -> (base+turn)/eff = 395.71 us
MODEL   => T_model = 684.62 us
MODEL FEATS [{"name":"mm","is_reduction":true,"out_elems":8388608,"cores":32,"dtype_bytes":2,"args":[{"name":"op0","role":"output","mem":"hbm","elems":8388608,"broadcast":false,"dims":[2048,4096],"logical":[2048,4096],"loop_factor":1},{"name":"arg0_1","role":"input","mem":"hbm","elems":4194304,"broadcast":false,"dims":[32,2048,64],"logical":[2048,2048],"loop_factor":1},{"name":"arg1_1","role":"input","mem":"hbm","elems":8388608,"broadcast":false,"dims":[64,2048,64],"logical":[2048,4096],"loop_factor":1}],"reduction_cores":1,"loop_trip":8,"tiles_output_dim":true,"tile_rows_per_core":64,"is_matmul":true,"matmul_macs":17179869184,"matmul_rows_per_core":64.0,"matmul_cols_per_core":512.0,"matmul_a_bytes":1048576,"matmul_b_bytes":16777216,"matmul_m_split":4,"matmul_n_split":8,"hbm_pattern":""}]
SUMMARY op=matmul_row_tiling rows=2048 cols=2048 cores=32 tiles=8 lx=1 io_hbm_bytes=41943040 kernel_us=1133.594 pred_us=684.621 err_pct=-39.6 bw_gbps=37.0 memset_us=340.718 other_dev_us=870.049 total_dev_us=2344.361
-- matmul_row_tiling M=2048 K=2048 N=4096 tiles=16
  op_it_space_splits={d0: 4, d1: 8, d2: 1}
  op_it_space_splits={d0: 4, d1: 8, d2: 1}
  op_it_space_splits={d0: 4, d1: 8, d2: 1}
  op_it_space_splits={d0: 4, d1: 8, d2: 1}
  op_it_space_splits={d0: 4, d1: 8, d2: 1}
  op_it_space_splits={d0: 4, d1: 8, d2: 1}
IO -- device-layout I/O (cost model, stick-padded) --
IO   op mm [reduction]
IO     output op0                    torch [2048, 4096] -> device [2048, 4096] in HBM = 8388608 elems x 2B = 16777216 B  (hbm counted: 16777216 B)
IO     input  arg0_1                 torch [2048, 2048] -> device [32, 2048, 64] in HBM = 4194304 elems x 2B = 8388608 B  (hbm counted: 8388608 B)
IO     input  arg1_1                 torch [2048, 4096] -> device [64, 2048, 64] in HBM = 8388608 elems x 2B = 16777216 B  (hbm counted: 16777216 B)
IO   => HBM I/O total = 41943040 B  (lx 0 B, ~free)
MODEL -- estimate (turnaround): T = compute + [(R+W)/BW_PEAK + a*min(R,W)] / eff_underfill --
MODEL   R=25165824 B (read)   W=16777216 B (write)   loop_trip L=16
MODEL   compute = MACs/cores/(mac_peak*pt_eff) = 17179869184/32/(1140*0.785) = 600.24 us  (M/m=32, pt_eff=0.785)
MODEL   base = R/150+W/150 = 279.62 us
MODEL   turn = a*min(R,W) = 0.00574*16777216 = 96.30 us
MODEL   eff_underfill = min(0.95,(32.0/13)**0.68) = 0.950 -> (base+turn)/eff = 395.71 us
MODEL   => T_model = 684.62 us
MODEL FEATS [{"name":"mm","is_reduction":true,"out_elems":8388608,"cores":32,"dtype_bytes":2,"args":[{"name":"op0","role":"output","mem":"hbm","elems":8388608,"broadcast":false,"dims":[2048,4096],"logical":[2048,4096],"loop_factor":1},{"name":"arg0_1","role":"input","mem":"hbm","elems":4194304,"broadcast":false,"dims":[32,2048,64],"logical":[2048,2048],"loop_factor":1},{"name":"arg1_1","role":"input","mem":"hbm","elems":8388608,"broadcast":false,"dims":[64,2048,64],"logical":[2048,4096],"loop_factor":1}],"reduction_cores":1,"loop_trip":16,"tiles_output_dim":true,"tile_rows_per_core":32,"is_matmul":true,"matmul_macs":17179869184,"matmul_rows_per_core":32.0,"matmul_cols_per_core":512.0,"matmul_a_bytes":524288,"matmul_b_bytes":16777216,"matmul_m_split":4,"matmul_n_split":8,"hbm_pattern":""}]
SUMMARY op=matmul_row_tiling rows=2048 cols=2048 cores=32 tiles=16 lx=1 io_hbm_bytes=41943040 kernel_us=1944.426 pred_us=684.621 err_pct=-64.8 bw_gbps=21.6 memset_us=373.663 other_dev_us=866.233 total_dev_us=3184.322
-- matmul_row_tiling M=4096 K=2048 N=4096 tiles=1
  op_it_space_splits={d0: 4, d1: 8, d2: 1}
IO -- device-layout I/O (cost model, stick-padded) --
IO   op mm [reduction]
IO     output op0                    torch [4096, 4096] -> device [64, 4096, 64] in HBM = 16777216 elems x 2B = 33554432 B  (hbm counted: 33554432 B)
IO     input  arg0_1                 torch [4096, 2048] -> device [32, 4096, 64] in HBM = 8388608 elems x 2B = 16777216 B  (hbm counted: 16777216 B)
IO     input  arg1_1                 torch [2048, 4096] -> device [64, 2048, 64] in HBM = 8388608 elems x 2B = 16777216 B  (hbm counted: 16777216 B)
IO   => HBM I/O total = 67108864 B  (lx 0 B, ~free)
MODEL -- estimate (turnaround): T = compute + (R+W)/BW_PEAK + a*min(R,W) --
MODEL   R=33554432 B (read)   W=33554432 B (write)   loop_trip L=1
MODEL   compute = MACs/cores/(mac_peak*pt_eff) = 34359738368/32/(1140*1.000) = 941.88 us  (M/m=1024, pt_eff=1.000)
MODEL   base = R/150+W/150 = 447.39 us
MODEL   turn = a*min(R,W) = 0.00574*33554432 = 192.60 us
MODEL   => T_model = 1450.60 us
MODEL FEATS [{"name":"mm","is_reduction":true,"out_elems":16777216,"cores":32,"dtype_bytes":2,"args":[{"name":"op0","role":"output","mem":"hbm","elems":16777216,"broadcast":false,"dims":[64,4096,64],"logical":[4096,4096],"loop_factor":1},{"name":"arg0_1","role":"input","mem":"hbm","elems":8388608,"broadcast":false,"dims":[32,4096,64],"logical":[4096,2048],"loop_factor":1},{"name":"arg1_1","role":"input","mem":"hbm","elems":8388608,"broadcast":false,"dims":[64,2048,64],"logical":[2048,4096],"loop_factor":1}],"reduction_cores":1,"loop_trip":1,"tiles_output_dim":false,"tile_rows_per_core":0.0,"is_matmul":true,"matmul_macs":34359738368,"matmul_rows_per_core":1024.0,"matmul_cols_per_core":512.0,"matmul_a_bytes":16777216,"matmul_b_bytes":16777216,"matmul_m_split":4,"matmul_n_split":8,"hbm_pattern":""}]
SUMMARY op=matmul_row_tiling rows=4096 cols=2048 cores=32 tiles=1 lx=1 io_hbm_bytes=67108864 kernel_us=1575.560 pred_us=1450.599 err_pct=-7.9 bw_gbps=42.6 memset_us=602.530 other_dev_us=1453.586 total_dev_us=3631.676
-- matmul_row_tiling M=4096 K=2048 N=4096 tiles=2
  op_it_space_splits={d0: 4, d1: 8, d2: 1}
  op_it_space_splits={d0: 4, d1: 8, d2: 1}
  op_it_space_splits={d0: 4, d1: 8, d2: 1}
  op_it_space_splits={d0: 4, d1: 8, d2: 1}
  op_it_space_splits={d0: 4, d1: 8, d2: 1}
  op_it_space_splits={d0: 4, d1: 8, d2: 1}
IO -- device-layout I/O (cost model, stick-padded) --
IO   op mm [reduction]
IO     output op0                    torch [4096, 4096] -> device [4096, 4096] in HBM = 16777216 elems x 2B = 33554432 B  (hbm counted: 33554432 B)
IO     input  arg0_1                 torch [4096, 2048] -> device [32, 4096, 64] in HBM = 8388608 elems x 2B = 16777216 B  (hbm counted: 16777216 B)
IO     input  arg1_1                 torch [2048, 4096] -> device [64, 2048, 64] in HBM = 8388608 elems x 2B = 16777216 B  (hbm counted: 16777216 B)
IO   => HBM I/O total = 67108864 B  (lx 0 B, ~free)
MODEL -- estimate (turnaround): T = compute + [(R+W)/BW_PEAK + a*min(R,W)] / eff_underfill --
MODEL   R=33554432 B (read)   W=33554432 B (write)   loop_trip L=2
MODEL   compute = MACs/cores/(mac_peak*pt_eff) = 34359738368/32/(1140*1.000) = 941.88 us  (M/m=512, pt_eff=1.000)
MODEL   base = R/150+W/150 = 447.39 us
MODEL   turn = a*min(R,W) = 0.00574*33554432 = 192.60 us
MODEL   eff_underfill = min(0.95,(512.0/13)**0.68) = 0.950 -> (base+turn)/eff = 673.68 us
MODEL   => T_model = 1391.49 us
MODEL FEATS [{"name":"mm","is_reduction":true,"out_elems":16777216,"cores":32,"dtype_bytes":2,"args":[{"name":"op0","role":"output","mem":"hbm","elems":16777216,"broadcast":false,"dims":[4096,4096],"logical":[4096,4096],"loop_factor":1},{"name":"arg0_1","role":"input","mem":"hbm","elems":8388608,"broadcast":false,"dims":[32,4096,64],"logical":[4096,2048],"loop_factor":1},{"name":"arg1_1","role":"input","mem":"hbm","elems":8388608,"broadcast":false,"dims":[64,2048,64],"logical":[2048,4096],"loop_factor":1}],"reduction_cores":1,"loop_trip":2,"tiles_output_dim":true,"tile_rows_per_core":512,"is_matmul":true,"matmul_macs":34359738368,"matmul_rows_per_core":512.0,"matmul_cols_per_core":512.0,"matmul_a_bytes":8388608,"matmul_b_bytes":16777216,"matmul_m_split":4,"matmul_n_split":8,"hbm_pattern":""}]
SUMMARY op=matmul_row_tiling rows=4096 cols=2048 cores=32 tiles=2 lx=1 io_hbm_bytes=67108864 kernel_us=1537.802 pred_us=1391.494 err_pct=-9.5 bw_gbps=43.6 memset_us=462.687 other_dev_us=2245.676 total_dev_us=4246.165
-- matmul_row_tiling M=4096 K=2048 N=4096 tiles=4
  op_it_space_splits={d0: 4, d1: 8, d2: 1}
  op_it_space_splits={d0: 4, d1: 8, d2: 1}
  op_it_space_splits={d0: 4, d1: 8, d2: 1}
  op_it_space_splits={d0: 4, d1: 8, d2: 1}
  op_it_space_splits={d0: 4, d1: 8, d2: 1}
  op_it_space_splits={d0: 4, d1: 8, d2: 1}
IO -- device-layout I/O (cost model, stick-padded) --
IO   op mm [reduction]
IO     output op0                    torch [4096, 4096] -> device [4096, 4096] in HBM = 16777216 elems x 2B = 33554432 B  (hbm counted: 33554432 B)
IO     input  arg0_1                 torch [4096, 2048] -> device [32, 4096, 64] in HBM = 8388608 elems x 2B = 16777216 B  (hbm counted: 16777216 B)
IO     input  arg1_1                 torch [2048, 4096] -> device [64, 2048, 64] in HBM = 8388608 elems x 2B = 16777216 B  (hbm counted: 16777216 B)
IO   => HBM I/O total = 67108864 B  (lx 0 B, ~free)
MODEL -- estimate (turnaround): T = compute + [(R+W)/BW_PEAK + a*min(R,W)] / eff_underfill --
MODEL   R=33554432 B (read)   W=33554432 B (write)   loop_trip L=4
MODEL   compute = MACs/cores/(mac_peak*pt_eff) = 34359738368/32/(1140*1.000) = 941.88 us  (M/m=256, pt_eff=1.000)
MODEL   base = R/150+W/150 = 447.39 us
MODEL   turn = a*min(R,W) = 0.00574*33554432 = 192.60 us
MODEL   eff_underfill = min(0.95,(256.0/13)**0.68) = 0.950 -> (base+turn)/eff = 673.68 us
MODEL   => T_model = 1341.43 us
MODEL FEATS [{"name":"mm","is_reduction":true,"out_elems":16777216,"cores":32,"dtype_bytes":2,"args":[{"name":"op0","role":"output","mem":"hbm","elems":16777216,"broadcast":false,"dims":[4096,4096],"logical":[4096,4096],"loop_factor":1},{"name":"arg0_1","role":"input","mem":"hbm","elems":8388608,"broadcast":false,"dims":[32,4096,64],"logical":[4096,2048],"loop_factor":1},{"name":"arg1_1","role":"input","mem":"hbm","elems":8388608,"broadcast":false,"dims":[64,2048,64],"logical":[2048,4096],"loop_factor":1}],"reduction_cores":1,"loop_trip":4,"tiles_output_dim":true,"tile_rows_per_core":256,"is_matmul":true,"matmul_macs":34359738368,"matmul_rows_per_core":256.0,"matmul_cols_per_core":512.0,"matmul_a_bytes":4194304,"matmul_b_bytes":16777216,"matmul_m_split":4,"matmul_n_split":8,"hbm_pattern":""}]
SUMMARY op=matmul_row_tiling rows=4096 cols=2048 cores=32 tiles=4 lx=1 io_hbm_bytes=67108864 kernel_us=1513.597 pred_us=1341.427 err_pct=-11.4 bw_gbps=44.3 memset_us=534.255 other_dev_us=2298.594 total_dev_us=4346.446
-- matmul_row_tiling M=4096 K=2048 N=4096 tiles=8
  op_it_space_splits={d0: 4, d1: 8, d2: 1}
  op_it_space_splits={d0: 4, d1: 8, d2: 1}
  op_it_space_splits={d0: 4, d1: 8, d2: 1}
  op_it_space_splits={d0: 4, d1: 8, d2: 1}
  op_it_space_splits={d0: 4, d1: 8, d2: 1}
  op_it_space_splits={d0: 4, d1: 8, d2: 1}
IO -- device-layout I/O (cost model, stick-padded) --
IO   op mm [reduction]
IO     output op0                    torch [4096, 4096] -> device [4096, 4096] in HBM = 16777216 elems x 2B = 33554432 B  (hbm counted: 33554432 B)
IO     input  arg0_1                 torch [4096, 2048] -> device [32, 4096, 64] in HBM = 8388608 elems x 2B = 16777216 B  (hbm counted: 16777216 B)
IO     input  arg1_1                 torch [2048, 4096] -> device [64, 2048, 64] in HBM = 8388608 elems x 2B = 16777216 B  (hbm counted: 16777216 B)
IO   => HBM I/O total = 67108864 B  (lx 0 B, ~free)
MODEL -- estimate (turnaround): T = compute + [(R+W)/BW_PEAK + a*min(R,W)] / eff_underfill --
MODEL   R=33554432 B (read)   W=33554432 B (write)   loop_trip L=8
MODEL   compute = MACs/cores/(mac_peak*pt_eff) = 34359738368/32/(1140*1.000) = 941.88 us  (M/m=128, pt_eff=1.000)
MODEL   base = R/150+W/150 = 447.39 us
MODEL   turn = a*min(R,W) = 0.00574*33554432 = 192.60 us
MODEL   eff_underfill = min(0.95,(128.0/13)**0.68) = 0.950 -> (base+turn)/eff = 673.68 us
MODEL   => T_model = 1305.67 us
MODEL FEATS [{"name":"mm","is_reduction":true,"out_elems":16777216,"cores":32,"dtype_bytes":2,"args":[{"name":"op0","role":"output","mem":"hbm","elems":16777216,"broadcast":false,"dims":[4096,4096],"logical":[4096,4096],"loop_factor":1},{"name":"arg0_1","role":"input","mem":"hbm","elems":8388608,"broadcast":false,"dims":[32,4096,64],"logical":[4096,2048],"loop_factor":1},{"name":"arg1_1","role":"input","mem":"hbm","elems":8388608,"broadcast":false,"dims":[64,2048,64],"logical":[2048,4096],"loop_factor":1}],"reduction_cores":1,"loop_trip":8,"tiles_output_dim":true,"tile_rows_per_core":128,"is_matmul":true,"matmul_macs":34359738368,"matmul_rows_per_core":128.0,"matmul_cols_per_core":512.0,"matmul_a_bytes":2097152,"matmul_b_bytes":16777216,"matmul_m_split":4,"matmul_n_split":8,"hbm_pattern":""}]
SUMMARY op=matmul_row_tiling rows=4096 cols=2048 cores=32 tiles=8 lx=1 io_hbm_bytes=67108864 kernel_us=1454.758 pred_us=1305.665 err_pct=-10.2 bw_gbps=46.1 memset_us=521.057 other_dev_us=2283.738 total_dev_us=4259.553
-- matmul_row_tiling M=4096 K=2048 N=4096 tiles=16
  op_it_space_splits={d0: 4, d1: 8, d2: 1}
  op_it_space_splits={d0: 4, d1: 8, d2: 1}
  op_it_space_splits={d0: 4, d1: 8, d2: 1}
  op_it_space_splits={d0: 4, d1: 8, d2: 1}
  op_it_space_splits={d0: 4, d1: 8, d2: 1}
  op_it_space_splits={d0: 4, d1: 8, d2: 1}
IO -- device-layout I/O (cost model, stick-padded) --
IO   op mm [reduction]
IO     output op0                    torch [4096, 4096] -> device [4096, 4096] in HBM = 16777216 elems x 2B = 33554432 B  (hbm counted: 33554432 B)
IO     input  arg0_1                 torch [4096, 2048] -> device [32, 4096, 64] in HBM = 8388608 elems x 2B = 16777216 B  (hbm counted: 16777216 B)
IO     input  arg1_1                 torch [2048, 4096] -> device [64, 2048, 64] in HBM = 8388608 elems x 2B = 16777216 B  (hbm counted: 16777216 B)
IO   => HBM I/O total = 67108864 B  (lx 0 B, ~free)
MODEL -- estimate (turnaround): T = compute + [(R+W)/BW_PEAK + a*min(R,W)] / eff_underfill --
MODEL   R=33554432 B (read)   W=33554432 B (write)   loop_trip L=16
MODEL   compute = MACs/cores/(mac_peak*pt_eff) = 34359738368/32/(1140*1.000) = 941.88 us  (M/m=64, pt_eff=1.000)
MODEL   base = R/150+W/150 = 447.39 us
MODEL   turn = a*min(R,W) = 0.00574*33554432 = 192.60 us
MODEL   eff_underfill = min(0.95,(64.0/13)**0.68) = 0.950 -> (base+turn)/eff = 673.68 us
MODEL   => T_model = 1305.67 us
MODEL FEATS [{"name":"mm","is_reduction":true,"out_elems":16777216,"cores":32,"dtype_bytes":2,"args":[{"name":"op0","role":"output","mem":"hbm","elems":16777216,"broadcast":false,"dims":[4096,4096],"logical":[4096,4096],"loop_factor":1},{"name":"arg0_1","role":"input","mem":"hbm","elems":8388608,"broadcast":false,"dims":[32,4096,64],"logical":[4096,2048],"loop_factor":1},{"name":"arg1_1","role":"input","mem":"hbm","elems":8388608,"broadcast":false,"dims":[64,2048,64],"logical":[2048,4096],"loop_factor":1}],"reduction_cores":1,"loop_trip":16,"tiles_output_dim":true,"tile_rows_per_core":64,"is_matmul":true,"matmul_macs":34359738368,"matmul_rows_per_core":64.0,"matmul_cols_per_core":512.0,"matmul_a_bytes":1048576,"matmul_b_bytes":16777216,"matmul_m_split":4,"matmul_n_split":8,"hbm_pattern":""}]
SUMMARY op=matmul_row_tiling rows=4096 cols=2048 cores=32 tiles=16 lx=1 io_hbm_bytes=67108864 kernel_us=2247.573 pred_us=1305.665 err_pct=-41.9 bw_gbps=29.9 memset_us=548.395 other_dev_us=2292.491 total_dev_us=5088.459
-- matmul_row_tiling M=8192 K=2048 N=2048 tiles=1
  op_it_space_splits={d0: 8, d1: 4, d2: 1}
IO -- device-layout I/O (cost model, stick-padded) --
IO   op mm [reduction]
IO     output op0                    torch [8192, 2048] -> device [32, 8192, 64] in HBM = 16777216 elems x 2B = 33554432 B  (hbm counted: 33554432 B)
IO     input  arg0_1                 torch [8192, 2048] -> device [32, 8192, 64] in HBM = 16777216 elems x 2B = 33554432 B  (hbm counted: 33554432 B)
IO     input  arg1_1                 torch [2048, 2048] -> device [32, 2048, 64] in HBM = 4194304 elems x 2B = 8388608 B  (hbm counted: 8388608 B)
IO   => HBM I/O total = 75497472 B  (lx 0 B, ~free)
MODEL -- estimate (turnaround): T = compute + (R+W)/BW_PEAK + a*min(R,W) --
MODEL   R=41943040 B (read)   W=33554432 B (write)   loop_trip L=1
MODEL   compute = MACs/cores/(mac_peak*pt_eff) = 34359738368/32/(1140*1.000) = 941.88 us  (M/m=1024, pt_eff=1.000)
MODEL   base = R/150+W/150 = 503.32 us
MODEL   turn = a*min(R,W) = 0.00574*33554432 = 192.60 us
MODEL   => T_model = 1582.02 us
MODEL FEATS [{"name":"mm","is_reduction":true,"out_elems":16777216,"cores":32,"dtype_bytes":2,"args":[{"name":"op0","role":"output","mem":"hbm","elems":16777216,"broadcast":false,"dims":[32,8192,64],"logical":[8192,2048],"loop_factor":1},{"name":"arg0_1","role":"input","mem":"hbm","elems":16777216,"broadcast":false,"dims":[32,8192,64],"logical":[8192,2048],"loop_factor":1},{"name":"arg1_1","role":"input","mem":"hbm","elems":4194304,"broadcast":false,"dims":[32,2048,64],"logical":[2048,2048],"loop_factor":1}],"reduction_cores":1,"loop_trip":1,"tiles_output_dim":false,"tile_rows_per_core":0.0,"is_matmul":true,"matmul_macs":34359738368,"matmul_rows_per_core":1024.0,"matmul_cols_per_core":512.0,"matmul_a_bytes":33554432,"matmul_b_bytes":8388608,"matmul_m_split":8,"matmul_n_split":4,"hbm_pattern":""}]
SUMMARY op=matmul_row_tiling rows=8192 cols=2048 cores=32 tiles=1 lx=1 io_hbm_bytes=75497472 kernel_us=1636.263 pred_us=1582.021 err_pct=-3.3 bw_gbps=46.1 memset_us=466.461 other_dev_us=2224.550 total_dev_us=4327.274
-- matmul_row_tiling M=8192 K=2048 N=2048 tiles=2
  op_it_space_splits={d0: 8, d1: 4, d2: 1}
  op_it_space_splits={d0: 8, d1: 4, d2: 1}
  op_it_space_splits={d0: 8, d1: 4, d2: 1}
  op_it_space_splits={d0: 8, d1: 4, d2: 1}
  op_it_space_splits={d0: 8, d1: 4, d2: 1}
  op_it_space_splits={d0: 8, d1: 4, d2: 1}
IO -- device-layout I/O (cost model, stick-padded) --
IO   op mm [reduction]
IO     output op0                    torch [8192, 2048] -> device [8192, 2048] in HBM = 16777216 elems x 2B = 33554432 B  (hbm counted: 33554432 B)
IO     input  arg0_1                 torch [8192, 2048] -> device [32, 8192, 64] in HBM = 16777216 elems x 2B = 33554432 B  (hbm counted: 33554432 B)
IO     input  arg1_1                 torch [2048, 2048] -> device [32, 2048, 64] in HBM = 4194304 elems x 2B = 8388608 B  (hbm counted: 8388608 B)
IO   => HBM I/O total = 75497472 B  (lx 0 B, ~free)
MODEL -- estimate (turnaround): T = compute + [(R+W)/BW_PEAK + a*min(R,W)] / eff_underfill --
MODEL   R=41943040 B (read)   W=33554432 B (write)   loop_trip L=2
MODEL   compute = MACs/cores/(mac_peak*pt_eff) = 34359738368/32/(1140*1.000) = 941.88 us  (M/m=512, pt_eff=1.000)
MODEL   base = R/150+W/150 = 503.32 us
MODEL   turn = a*min(R,W) = 0.00574*33554432 = 192.60 us
MODEL   eff_underfill = min(0.95,(512.0/13)**0.68) = 0.950 -> (base+turn)/eff = 732.55 us
MODEL   => T_model = 1423.28 us
MODEL FEATS [{"name":"mm","is_reduction":true,"out_elems":16777216,"cores":32,"dtype_bytes":2,"args":[{"name":"op0","role":"output","mem":"hbm","elems":16777216,"broadcast":false,"dims":[8192,2048],"logical":[8192,2048],"loop_factor":1},{"name":"arg0_1","role":"input","mem":"hbm","elems":16777216,"broadcast":false,"dims":[32,8192,64],"logical":[8192,2048],"loop_factor":1},{"name":"arg1_1","role":"input","mem":"hbm","elems":4194304,"broadcast":false,"dims":[32,2048,64],"logical":[2048,2048],"loop_factor":1}],"reduction_cores":1,"loop_trip":2,"tiles_output_dim":true,"tile_rows_per_core":512,"is_matmul":true,"matmul_macs":34359738368,"matmul_rows_per_core":512.0,"matmul_cols_per_core":512.0,"matmul_a_bytes":16777216,"matmul_b_bytes":8388608,"matmul_m_split":8,"matmul_n_split":4,"hbm_pattern":""}]
SUMMARY op=matmul_row_tiling rows=8192 cols=2048 cores=32 tiles=2 lx=1 io_hbm_bytes=75497472 kernel_us=1681.446 pred_us=1423.282 err_pct=-15.4 bw_gbps=44.9 memset_us=435.054 other_dev_us=2376.825 total_dev_us=4493.325
-- matmul_row_tiling M=8192 K=2048 N=2048 tiles=4
  op_it_space_splits={d0: 8, d1: 4, d2: 1}
  op_it_space_splits={d0: 8, d1: 4, d2: 1}
  op_it_space_splits={d0: 8, d1: 4, d2: 1}
  op_it_space_splits={d0: 8, d1: 4, d2: 1}
  op_it_space_splits={d0: 8, d1: 4, d2: 1}
  op_it_space_splits={d0: 8, d1: 4, d2: 1}
IO -- device-layout I/O (cost model, stick-padded) --
IO   op mm [reduction]
IO     output op0                    torch [8192, 2048] -> device [8192, 2048] in HBM = 16777216 elems x 2B = 33554432 B  (hbm counted: 33554432 B)
IO     input  arg0_1                 torch [8192, 2048] -> device [32, 8192, 64] in HBM = 16777216 elems x 2B = 33554432 B  (hbm counted: 33554432 B)
IO     input  arg1_1                 torch [2048, 2048] -> device [32, 2048, 64] in HBM = 4194304 elems x 2B = 8388608 B  (hbm counted: 8388608 B)
IO   => HBM I/O total = 75497472 B  (lx 0 B, ~free)
MODEL -- estimate (turnaround): T = compute + [(R+W)/BW_PEAK + a*min(R,W)] / eff_underfill --
MODEL   R=41943040 B (read)   W=33554432 B (write)   loop_trip L=4
MODEL   compute = MACs/cores/(mac_peak*pt_eff) = 34359738368/32/(1140*1.000) = 941.88 us  (M/m=256, pt_eff=1.000)
MODEL   base = R/150+W/150 = 503.32 us
MODEL   turn = a*min(R,W) = 0.00574*33554432 = 192.60 us
MODEL   eff_underfill = min(0.95,(256.0/13)**0.68) = 0.950 -> (base+turn)/eff = 732.55 us
MODEL   => T_model = 1366.06 us
MODEL FEATS [{"name":"mm","is_reduction":true,"out_elems":16777216,"cores":32,"dtype_bytes":2,"args":[{"name":"op0","role":"output","mem":"hbm","elems":16777216,"broadcast":false,"dims":[8192,2048],"logical":[8192,2048],"loop_factor":1},{"name":"arg0_1","role":"input","mem":"hbm","elems":16777216,"broadcast":false,"dims":[32,8192,64],"logical":[8192,2048],"loop_factor":1},{"name":"arg1_1","role":"input","mem":"hbm","elems":4194304,"broadcast":false,"dims":[32,2048,64],"logical":[2048,2048],"loop_factor":1}],"reduction_cores":1,"loop_trip":4,"tiles_output_dim":true,"tile_rows_per_core":256,"is_matmul":true,"matmul_macs":34359738368,"matmul_rows_per_core":256.0,"matmul_cols_per_core":512.0,"matmul_a_bytes":8388608,"matmul_b_bytes":8388608,"matmul_m_split":8,"matmul_n_split":4,"hbm_pattern":""}]
SUMMARY op=matmul_row_tiling rows=8192 cols=2048 cores=32 tiles=4 lx=1 io_hbm_bytes=75497472 kernel_us=1587.522 pred_us=1366.063 err_pct=-13.9 bw_gbps=47.6 memset_us=436.809 other_dev_us=2318.079 total_dev_us=4342.410
-- matmul_row_tiling M=8192 K=2048 N=2048 tiles=8
  op_it_space_splits={d0: 8, d1: 4, d2: 1}
  op_it_space_splits={d0: 8, d1: 4, d2: 1}
  op_it_space_splits={d0: 8, d1: 4, d2: 1}
  op_it_space_splits={d0: 8, d1: 4, d2: 1}
  op_it_space_splits={d0: 8, d1: 4, d2: 1}
  op_it_space_splits={d0: 8, d1: 4, d2: 1}
IO -- device-layout I/O (cost model, stick-padded) --
IO   op mm [reduction]
IO     output op0                    torch [8192, 2048] -> device [8192, 2048] in HBM = 16777216 elems x 2B = 33554432 B  (hbm counted: 33554432 B)
IO     input  arg0_1                 torch [8192, 2048] -> device [32, 8192, 64] in HBM = 16777216 elems x 2B = 33554432 B  (hbm counted: 33554432 B)
IO     input  arg1_1                 torch [2048, 2048] -> device [32, 2048, 64] in HBM = 4194304 elems x 2B = 8388608 B  (hbm counted: 8388608 B)
IO   => HBM I/O total = 75497472 B  (lx 0 B, ~free)
MODEL -- estimate (turnaround): T = compute + [(R+W)/BW_PEAK + a*min(R,W)] / eff_underfill --
MODEL   R=41943040 B (read)   W=33554432 B (write)   loop_trip L=8
MODEL   compute = MACs/cores/(mac_peak*pt_eff) = 34359738368/32/(1140*1.000) = 941.88 us  (M/m=128, pt_eff=1.000)
MODEL   base = R/150+W/150 = 503.32 us
MODEL   turn = a*min(R,W) = 0.00574*33554432 = 192.60 us
MODEL   eff_underfill = min(0.95,(128.0/13)**0.68) = 0.950 -> (base+turn)/eff = 732.55 us
MODEL   => T_model = 1337.45 us
MODEL FEATS [{"name":"mm","is_reduction":true,"out_elems":16777216,"cores":32,"dtype_bytes":2,"args":[{"name":"op0","role":"output","mem":"hbm","elems":16777216,"broadcast":false,"dims":[8192,2048],"logical":[8192,2048],"loop_factor":1},{"name":"arg0_1","role":"input","mem":"hbm","elems":16777216,"broadcast":false,"dims":[32,8192,64],"logical":[8192,2048],"loop_factor":1},{"name":"arg1_1","role":"input","mem":"hbm","elems":4194304,"broadcast":false,"dims":[32,2048,64],"logical":[2048,2048],"loop_factor":1}],"reduction_cores":1,"loop_trip":8,"tiles_output_dim":true,"tile_rows_per_core":128,"is_matmul":true,"matmul_macs":34359738368,"matmul_rows_per_core":128.0,"matmul_cols_per_core":512.0,"matmul_a_bytes":4194304,"matmul_b_bytes":8388608,"matmul_m_split":8,"matmul_n_split":4,"hbm_pattern":""}]
SUMMARY op=matmul_row_tiling rows=8192 cols=2048 cores=32 tiles=8 lx=1 io_hbm_bytes=75497472 kernel_us=1359.918 pred_us=1337.454 err_pct=-1.7 bw_gbps=55.5 memset_us=522.483 other_dev_us=2399.711 total_dev_us=4282.112
-- matmul_row_tiling M=8192 K=2048 N=2048 tiles=16
  op_it_space_splits={d0: 8, d1: 4, d2: 1}
  op_it_space_splits={d0: 8, d1: 4, d2: 1}
  op_it_space_splits={d0: 8, d1: 4, d2: 1}
  op_it_space_splits={d0: 8, d1: 4, d2: 1}
  op_it_space_splits={d0: 8, d1: 4, d2: 1}
  op_it_space_splits={d0: 8, d1: 4, d2: 1}
IO -- device-layout I/O (cost model, stick-padded) --
IO   op mm [reduction]
IO     output op0                    torch [8192, 2048] -> device [8192, 2048] in HBM = 16777216 elems x 2B = 33554432 B  (hbm counted: 33554432 B)
IO     input  arg0_1                 torch [8192, 2048] -> device [32, 8192, 64] in HBM = 16777216 elems x 2B = 33554432 B  (hbm counted: 33554432 B)
IO     input  arg1_1                 torch [2048, 2048] -> device [32, 2048, 64] in HBM = 4194304 elems x 2B = 8388608 B  (hbm counted: 8388608 B)
IO   => HBM I/O total = 75497472 B  (lx 0 B, ~free)
MODEL -- estimate (turnaround): T = compute + [(R+W)/BW_PEAK + a*min(R,W)] / eff_underfill --
MODEL   R=41943040 B (read)   W=33554432 B (write)   loop_trip L=16
MODEL   compute = MACs/cores/(mac_peak*pt_eff) = 34359738368/32/(1140*1.000) = 941.88 us  (M/m=64, pt_eff=1.000)
MODEL   base = R/150+W/150 = 503.32 us
MODEL   turn = a*min(R,W) = 0.00574*33554432 = 192.60 us
MODEL   eff_underfill = min(0.95,(64.0/13)**0.68) = 0.950 -> (base+turn)/eff = 732.55 us
MODEL   => T_model = 1337.45 us
MODEL FEATS [{"name":"mm","is_reduction":true,"out_elems":16777216,"cores":32,"dtype_bytes":2,"args":[{"name":"op0","role":"output","mem":"hbm","elems":16777216,"broadcast":false,"dims":[8192,2048],"logical":[8192,2048],"loop_factor":1},{"name":"arg0_1","role":"input","mem":"hbm","elems":16777216,"broadcast":false,"dims":[32,8192,64],"logical":[8192,2048],"loop_factor":1},{"name":"arg1_1","role":"input","mem":"hbm","elems":4194304,"broadcast":false,"dims":[32,2048,64],"logical":[2048,2048],"loop_factor":1}],"reduction_cores":1,"loop_trip":16,"tiles_output_dim":true,"tile_rows_per_core":64,"is_matmul":true,"matmul_macs":34359738368,"matmul_rows_per_core":64.0,"matmul_cols_per_core":512.0,"matmul_a_bytes":2097152,"matmul_b_bytes":8388608,"matmul_m_split":8,"matmul_n_split":4,"hbm_pattern":""}]
SUMMARY op=matmul_row_tiling rows=8192 cols=2048 cores=32 tiles=16 lx=1 io_hbm_bytes=75497472 kernel_us=1744.187 pred_us=1337.454 err_pct=-23.3 bw_gbps=43.3 memset_us=538.558 other_dev_us=2351.793 total_dev_us=4634.538
## CN mm_nested_m_k tiles{1,2,4,8} x 3 shapes
-- mm_nested_m_k M=2048 K=2048 N=2048 tiles=1
  op_it_space_splits={d0: 8, d1: 4, d2: 1}
IO -- device-layout I/O (cost model, stick-padded) --
IO   op mm [reduction]
IO     output op0                    torch [2048, 2048] -> device [32, 2048, 64] in HBM = 4194304 elems x 2B = 8388608 B  (hbm counted: 8388608 B)
IO     input  arg0_1                 torch [2048, 2048] -> device [32, 2048, 64] in HBM = 4194304 elems x 2B = 8388608 B  (hbm counted: 8388608 B)
IO     input  arg1_1                 torch [2048, 2048] -> device [32, 2048, 64] in HBM = 4194304 elems x 2B = 8388608 B  (hbm counted: 8388608 B)
IO   => HBM I/O total = 25165824 B  (lx 0 B, ~free)
MODEL -- estimate (turnaround): T = compute + (R+W)/BW_PEAK + a*min(R,W) --
MODEL   R=16777216 B (read)   W=8388608 B (write)   loop_trip L=1
MODEL   compute = MACs/cores/(mac_peak*pt_eff) = 8589934592/32/(1140*1.000) = 235.47 us  (M/m=256, pt_eff=1.000)
MODEL   base = R/150+W/150 = 167.77 us
MODEL   turn = a*min(R,W) = 0.00574*8388608 = 48.15 us
MODEL   => T_model = 393.41 us
MODEL FEATS [{"name":"mm","is_reduction":true,"out_elems":4194304,"cores":32,"dtype_bytes":2,"args":[{"name":"op0","role":"output","mem":"hbm","elems":4194304,"broadcast":false,"dims":[32,2048,64],"logical":[2048,2048],"loop_factor":1},{"name":"arg0_1","role":"input","mem":"hbm","elems":4194304,"broadcast":false,"dims":[32,2048,64],"logical":[2048,2048],"loop_factor":1},{"name":"arg1_1","role":"input","mem":"hbm","elems":4194304,"broadcast":false,"dims":[32,2048,64],"logical":[2048,2048],"loop_factor":1}],"reduction_cores":1,"loop_trip":1,"tiles_output_dim":false,"tile_rows_per_core":0.0,"is_matmul":true,"matmul_macs":8589934592,"matmul_rows_per_core":256.0,"matmul_cols_per_core":512.0,"matmul_a_bytes":8388608,"matmul_b_bytes":8388608,"matmul_m_split":8,"matmul_n_split":4,"hbm_pattern":""}]
SUMMARY op=mm_nested_m_k rows=2048 cols=2048 cores=32 tiles=1 lx=1 io_hbm_bytes=25165824 kernel_us=382.370 pred_us=393.408 err_pct=+2.9 bw_gbps=65.8 memset_us=200.148 other_dev_us=575.231 total_dev_us=1157.749
-- mm_nested_m_k M=2048 K=2048 N=2048 tiles=2
  op_it_space_splits={d0: 32, d1: 1}
  op_it_space_splits={d0: 8, d1: 4, d2: 1}
  op_it_space_splits={d0: 32, d1: 1}
  op_it_space_splits={d0: 32, d1: 1}
  op_it_space_splits={d0: 32, d1: 1}
  op_it_space_splits={d0: 8, d1: 4, d2: 1}
  op_it_space_splits={d0: 32, d1: 1}
  op_it_space_splits={d0: 32, d1: 1}
  op_it_space_splits={d0: 32, d1: 1}
  op_it_space_splits={d0: 8, d1: 4, d2: 1}
  op_it_space_splits={d0: 32, d1: 1}
  op_it_space_splits={d0: 32, d1: 1}
  op_it_space_splits={d0: 32, d1: 1}
  op_it_space_splits={d0: 8, d1: 4, d2: 1}
  op_it_space_splits={d0: 32, d1: 1}
  op_it_space_splits={d0: 32, d1: 1}
  op_it_space_splits={d0: 32, d1: 1}
  op_it_space_splits={d0: 8, d1: 4, d2: 1}
  op_it_space_splits={d0: 32, d1: 1}
  op_it_space_splits={d0: 32, d1: 1}
  op_it_space_splits={d0: 32, d1: 1}
  op_it_space_splits={d0: 8, d1: 4, d2: 1}
  op_it_space_splits={d0: 32, d1: 1}
  op_it_space_splits={d0: 32, d1: 1}
IO -- device-layout I/O (cost model, stick-padded) --
IO   op Pointwise
IO     output coarse_tile_fill_buf0  torch [1024, 2048] -> device [1024, 2048] in HBM = 2097152 elems x 2B = 4194304 B  (hbm counted: 4194304 B)
IO     input  buf3                   device [1, 64] in HBM = 64 elems x 2B = 128 B  (hbm counted: 128 B) broadcast (loaded once)
IO   op mm [reduction]
IO     output op0                    torch [1024, 2048] -> device [32, 1024, 64] in HBM = 2097152 elems x 2B = 4194304 B  (hbm counted: 4194304 B)
IO     input  arg0_1                 torch [2048, 2048] -> device [32, 2048, 64] in HBM = 4194304 elems x 2B = 8388608 B  (hbm counted: 8388608 B)
IO     input  arg1_1                 torch [2048, 2048] -> device [32, 2048, 64] in HBM = 4194304 elems x 2B = 8388608 B  (hbm counted: 8388608 B)
IO   op Pointwise
IO     output coarse_tile_combine_buf0 torch [1024, 2048] -> device [1024, 2048] in HBM = 2097152 elems x 2B = 4194304 B  (hbm counted: 4194304 B)
IO     input  buf0                   torch [1024, 2048] -> device [32, 1024, 64] in HBM = 2097152 elems x 2B = 4194304 B  (hbm counted: 4194304 B)
IO     input  buf2                   torch [1024, 2048] -> device [32, 1024, 64] in HBM = 2097152 elems x 2B = 4194304 B  (hbm counted: 4194304 B)
IO   op Pointwise
IO     output coarse_tile_reduce_copy_buf0 torch [2048, 2048] -> device [2048, 2048] in HBM = 4194304 elems x 2B = 8388608 B  (hbm counted: 8388608 B)
IO     input  buf2                   torch [1024, 2048] -> device [32, 1024, 64] in HBM = 2097152 elems x 2B = 4194304 B  (hbm counted: 4194304 B)
IO   => HBM I/O total = 50331776 B  (lx 0 B, ~free)
MODEL -- estimate (turnaround): T = compute + [(R+W)/BW_PEAK + a*min(R,W)] / eff_underfill --
MODEL   R=29360256 B (read)   W=20971520 B (write)   loop_trip L=4
MODEL   compute = MACs/cores/(mac_peak*pt_eff) = 2147483648/32/(1140*1.000) = 58.87 us  (M/m=128, pt_eff=1.000)
MODEL   base = R/150+W/150 = 335.55 us
MODEL   turn = a*min(R,W) = 0.00574*20971520 = 120.38 us
MODEL   eff_underfill = min(0.95,(8.0/13)**0.68) = 0.719 -> (base+turn)/eff = 634.26 us
MODEL   => T_model = 668.57 us
MODEL FEATS [{"name":"Pointwise","is_reduction":false,"out_elems":2097152,"cores":32,"dtype_bytes":2,"args":[{"name":"coarse_tile_fill_buf0","role":"output","mem":"hbm","elems":2097152,"broadcast":false,"dims":[1024,2048],"logical":[1024,2048],"loop_factor":1},{"name":"buf3","role":"input","mem":"hbm","elems":64,"broadcast":true,"dims":[1,64],"logical":[],"loop_factor":1}],"reduction_cores":1,"loop_trip":2,"tiles_output_dim":true,"tile_rows_per_core":16,"is_matmul":false,"matmul_macs":0,"matmul_rows_per_core":0.0,"matmul_cols_per_core":0.0,"matmul_a_bytes":0,"matmul_b_bytes":0,"matmul_m_split":1,"matmul_n_split":1,"hbm_pattern":""},{"name":"mm","is_reduction":true,"out_elems":2097152,"cores":32,"dtype_bytes":2,"args":[{"name":"op0","role":"output","mem":"hbm","elems":2097152,"broadcast":false,"dims":[32,1024,64],"logical":[1024,2048],"loop_factor":1},{"name":"arg0_1","role":"input","mem":"hbm","elems":4194304,"broadcast":false,"dims":[32,2048,64],"logical":[2048,2048],"loop_factor":1},{"name":"arg1_1","role":"input","mem":"hbm","elems":4194304,"broadcast":false,"dims":[32,2048,64],"logical":[2048,2048],"loop_factor":1}],"reduction_cores":1,"loop_trip":4,"tiles_output_dim":true,"tile_rows_per_core":32.0,"is_matmul":true,"matmul_macs":2147483648,"matmul_rows_per_core":128.0,"matmul_cols_per_core":512.0,"matmul_a_bytes":2097152,"matmul_b_bytes":4194304,"matmul_m_split":8,"matmul_n_split":4,"hbm_pattern":""},{"name":"Pointwise","is_reduction":false,"out_elems":2097152,"cores":32,"dtype_bytes":2,"args":[{"name":"coarse_tile_combine_buf0","role":"output","mem":"hbm","elems":2097152,"broadcast":false,"dims":[1024,2048],"logical":[1024,2048],"loop_factor":1},{"name":"buf0","role":"input","mem":"hbm","elems":2097152,"broadcast":false,"dims":[32,1024,64],"logical":[1024,2048],"loop_factor":1},{"name":"buf2","role":"input","mem":"hbm","elems":2097152,"broadcast":false,"dims":[32,1024,64],"logical":[1024,2048],"loop_factor":1}],"reduction_cores":1,"loop_trip":4,"tiles_output_dim":true,"tile_rows_per_core":8,"is_matmul":false,"matmul_macs":0,"matmul_rows_per_core":0.0,"matmul_cols_per_core":0.0,"matmul_a_bytes":0,"matmul_b_bytes":0,"matmul_m_split":1,"matmul_n_split":1,"hbm_pattern":""},{"name":"Pointwise","is_reduction":false,"out_elems":4194304,"cores":32,"dtype_bytes":2,"args":[{"name":"coarse_tile_reduce_copy_buf0","role":"output","mem":"hbm","elems":4194304,"broadcast":false,"dims":[2048,2048],"logical":[2048,2048],"loop_factor":1},{"name":"buf2","role":"input","mem":"hbm","elems":2097152,"broadcast":false,"dims":[32,1024,64],"logical":[1024,2048],"loop_factor":1}],"reduction_cores":1,"loop_trip":2,"tiles_output_dim":true,"tile_rows_per_core":32,"is_matmul":false,"matmul_macs":0,"matmul_rows_per_core":0.0,"matmul_cols_per_core":0.0,"matmul_a_bytes":0,"matmul_b_bytes":0,"matmul_m_split":1,"matmul_n_split":1,"hbm_pattern":""}]
SUMMARY op=mm_nested_m_k rows=2048 cols=2048 cores=32 tiles=2 lx=1 io_hbm_bytes=50331776 kernel_us=1092.726 pred_us=668.569 err_pct=-38.8 bw_gbps=46.1 memset_us=243.107 other_dev_us=336.298 total_dev_us=1672.131
-- mm_nested_m_k M=2048 K=2048 N=2048 tiles=4
  op_it_space_splits={d0: 32, d1: 1}
  op_it_space_splits={d0: 8, d1: 4, d2: 1}
  op_it_space_splits={d0: 32, d1: 1}
  op_it_space_splits={d0: 32, d1: 1}
  op_it_space_splits={d0: 32, d1: 1}
  op_it_space_splits={d0: 8, d1: 4, d2: 1}
  op_it_space_splits={d0: 32, d1: 1}
  op_it_space_splits={d0: 32, d1: 1}
  op_it_space_splits={d0: 32, d1: 1}
  op_it_space_splits={d0: 8, d1: 4, d2: 1}
  op_it_space_splits={d0: 32, d1: 1}
  op_it_space_splits={d0: 32, d1: 1}
  op_it_space_splits={d0: 32, d1: 1}
  op_it_space_splits={d0: 8, d1: 4, d2: 1}
  op_it_space_splits={d0: 32, d1: 1}
  op_it_space_splits={d0: 32, d1: 1}
  op_it_space_splits={d0: 32, d1: 1}
  op_it_space_splits={d0: 8, d1: 4, d2: 1}
  op_it_space_splits={d0: 32, d1: 1}
  op_it_space_splits={d0: 32, d1: 1}
  op_it_space_splits={d0: 32, d1: 1}
  op_it_space_splits={d0: 8, d1: 4, d2: 1}
  op_it_space_splits={d0: 32, d1: 1}
  op_it_space_splits={d0: 32, d1: 1}
IO -- device-layout I/O (cost model, stick-padded) --
IO   op Pointwise
IO     output coarse_tile_fill_buf0  torch [1024, 2048] -> device [1024, 2048] in HBM = 2097152 elems x 2B = 4194304 B  (hbm counted: 4194304 B)
IO     input  buf3                   device [1, 64] in HBM = 64 elems x 2B = 128 B  (hbm counted: 128 B) broadcast (loaded once)
IO   op mm [reduction]
IO     output op0                    torch [1024, 2048] -> device [32, 1024, 64] in HBM = 2097152 elems x 2B = 4194304 B  (hbm counted: 4194304 B)
IO     input  arg0_1                 torch [2048, 2048] -> device [32, 2048, 64] in HBM = 4194304 elems x 2B = 8388608 B  (hbm counted: 8388608 B)
IO     input  arg1_1                 torch [2048, 2048] -> device [32, 2048, 64] in HBM = 4194304 elems x 2B = 8388608 B  (hbm counted: 8388608 B)
IO   op Pointwise
IO     output coarse_tile_combine_buf0 torch [1024, 2048] -> device [1024, 2048] in HBM = 2097152 elems x 2B = 4194304 B  (hbm counted: 4194304 B)
IO     input  buf0                   torch [1024, 2048] -> device [32, 1024, 64] in HBM = 2097152 elems x 2B = 4194304 B  (hbm counted: 4194304 B)
IO     input  buf2                   torch [1024, 2048] -> device [32, 1024, 64] in HBM = 2097152 elems x 2B = 4194304 B  (hbm counted: 4194304 B)
IO   op Pointwise
IO     output coarse_tile_reduce_copy_buf0 torch [2048, 2048] -> device [2048, 2048] in HBM = 4194304 elems x 2B = 8388608 B  (hbm counted: 8388608 B)
IO     input  buf2                   torch [1024, 2048] -> device [32, 1024, 64] in HBM = 2097152 elems x 2B = 4194304 B  (hbm counted: 4194304 B)
IO   => HBM I/O total = 50331776 B  (lx 0 B, ~free)
MODEL -- estimate (turnaround): T = compute + [(R+W)/BW_PEAK + a*min(R,W)] / eff_underfill --
MODEL   R=29360256 B (read)   W=20971520 B (write)   loop_trip L=8
MODEL   compute = MACs/cores/(mac_peak*pt_eff) = 1073741824/32/(1140*1.000) = 29.43 us  (M/m=128, pt_eff=1.000)
MODEL   base = R/150+W/150 = 335.55 us
MODEL   turn = a*min(R,W) = 0.00574*20971520 = 120.38 us
MODEL   eff_underfill = min(0.95,(4.0/13)**0.68) = 0.449 -> (base+turn)/eff = 1016.18 us
MODEL   => T_model = 1036.11 us
MODEL FEATS [{"name":"Pointwise","is_reduction":false,"out_elems":2097152,"cores":32,"dtype_bytes":2,"args":[{"name":"coarse_tile_fill_buf0","role":"output","mem":"hbm","elems":2097152,"broadcast":false,"dims":[1024,2048],"logical":[1024,2048],"loop_factor":1},{"name":"buf3","role":"input","mem":"hbm","elems":64,"broadcast":true,"dims":[1,64],"logical":[],"loop_factor":1}],"reduction_cores":1,"loop_trip":2,"tiles_output_dim":true,"tile_rows_per_core":16,"is_matmul":false,"matmul_macs":0,"matmul_rows_per_core":0.0,"matmul_cols_per_core":0.0,"matmul_a_bytes":0,"matmul_b_bytes":0,"matmul_m_split":1,"matmul_n_split":1,"hbm_pattern":""},{"name":"mm","is_reduction":true,"out_elems":2097152,"cores":32,"dtype_bytes":2,"args":[{"name":"op0","role":"output","mem":"hbm","elems":2097152,"broadcast":false,"dims":[32,1024,64],"logical":[1024,2048],"loop_factor":1},{"name":"arg0_1","role":"input","mem":"hbm","elems":4194304,"broadcast":false,"dims":[32,2048,64],"logical":[2048,2048],"loop_factor":1},{"name":"arg1_1","role":"input","mem":"hbm","elems":4194304,"broadcast":false,"dims":[32,2048,64],"logical":[2048,2048],"loop_factor":1}],"reduction_cores":1,"loop_trip":8,"tiles_output_dim":true,"tile_rows_per_core":16.0,"is_matmul":true,"matmul_macs":1073741824,"matmul_rows_per_core":128.0,"matmul_cols_per_core":512.0,"matmul_a_bytes":1048576,"matmul_b_bytes":2097152,"matmul_m_split":8,"matmul_n_split":4,"hbm_pattern":""},{"name":"Pointwise","is_reduction":false,"out_elems":2097152,"cores":32,"dtype_bytes":2,"args":[{"name":"coarse_tile_combine_buf0","role":"output","mem":"hbm","elems":2097152,"broadcast":false,"dims":[1024,2048],"logical":[1024,2048],"loop_factor":1},{"name":"buf0","role":"input","mem":"hbm","elems":2097152,"broadcast":false,"dims":[32,1024,64],"logical":[1024,2048],"loop_factor":1},{"name":"buf2","role":"input","mem":"hbm","elems":2097152,"broadcast":false,"dims":[32,1024,64],"logical":[1024,2048],"loop_factor":1}],"reduction_cores":1,"loop_trip":8,"tiles_output_dim":true,"tile_rows_per_core":4,"is_matmul":false,"matmul_macs":0,"matmul_rows_per_core":0.0,"matmul_cols_per_core":0.0,"matmul_a_bytes":0,"matmul_b_bytes":0,"matmul_m_split":1,"matmul_n_split":1,"hbm_pattern":""},{"name":"Pointwise","is_reduction":false,"out_elems":4194304,"cores":32,"dtype_bytes":2,"args":[{"name":"coarse_tile_reduce_copy_buf0","role":"output","mem":"hbm","elems":4194304,"broadcast":false,"dims":[2048,2048],"logical":[2048,2048],"loop_factor":1},{"name":"buf2","role":"input","mem":"hbm","elems":2097152,"broadcast":false,"dims":[32,1024,64],"logical":[1024,2048],"loop_factor":1}],"reduction_cores":1,"loop_trip":2,"tiles_output_dim":true,"tile_rows_per_core":32,"is_matmul":false,"matmul_macs":0,"matmul_rows_per_core":0.0,"matmul_cols_per_core":0.0,"matmul_a_bytes":0,"matmul_b_bytes":0,"matmul_m_split":1,"matmul_n_split":1,"hbm_pattern":""}]
SUMMARY op=mm_nested_m_k rows=2048 cols=2048 cores=32 tiles=4 lx=1 io_hbm_bytes=50331776 kernel_us=1719.285 pred_us=1036.106 err_pct=-39.7 bw_gbps=29.3 memset_us=201.762 other_dev_us=443.699 total_dev_us=2364.746
-- mm_nested_m_k M=2048 K=2048 N=2048 tiles=8
  op_it_space_splits={d0: 32, d1: 1}
  op_it_space_splits={d0: 8, d1: 4, d2: 1}
  op_it_space_splits={d0: 32, d1: 1}
  op_it_space_splits={d0: 32, d1: 1}
  op_it_space_splits={d0: 32, d1: 1}
  op_it_space_splits={d0: 8, d1: 4, d2: 1}
  op_it_space_splits={d0: 32, d1: 1}
  op_it_space_splits={d0: 32, d1: 1}
  op_it_space_splits={d0: 32, d1: 1}
  op_it_space_splits={d0: 8, d1: 4, d2: 1}
  op_it_space_splits={d0: 32, d1: 1}
  op_it_space_splits={d0: 32, d1: 1}
  op_it_space_splits={d0: 32, d1: 1}
  op_it_space_splits={d0: 8, d1: 4, d2: 1}
  op_it_space_splits={d0: 32, d1: 1}
  op_it_space_splits={d0: 32, d1: 1}
  op_it_space_splits={d0: 32, d1: 1}
  op_it_space_splits={d0: 8, d1: 4, d2: 1}
  op_it_space_splits={d0: 32, d1: 1}
  op_it_space_splits={d0: 32, d1: 1}
  op_it_space_splits={d0: 32, d1: 1}
  op_it_space_splits={d0: 8, d1: 4, d2: 1}
  op_it_space_splits={d0: 32, d1: 1}
  op_it_space_splits={d0: 32, d1: 1}
IO -- device-layout I/O (cost model, stick-padded) --
IO   op Pointwise
IO     output coarse_tile_fill_buf0  torch [1024, 2048] -> device [1024, 2048] in HBM = 2097152 elems x 2B = 4194304 B  (hbm counted: 4194304 B)
IO     input  buf3                   device [1, 64] in HBM = 64 elems x 2B = 128 B  (hbm counted: 128 B) broadcast (loaded once)
IO   op mm [reduction]
IO     output op0                    torch [1024, 2048] -> device [32, 1024, 64] in HBM = 2097152 elems x 2B = 4194304 B  (hbm counted: 4194304 B)
IO     input  arg0_1                 torch [2048, 2048] -> device [32, 2048, 64] in HBM = 4194304 elems x 2B = 8388608 B  (hbm counted: 8388608 B)
IO     input  arg1_1                 torch [2048, 2048] -> device [32, 2048, 64] in HBM = 4194304 elems x 2B = 8388608 B  (hbm counted: 8388608 B)
IO   op Pointwise
IO     output coarse_tile_combine_buf0 torch [1024, 2048] -> device [1024, 2048] in HBM = 2097152 elems x 2B = 4194304 B  (hbm counted: 4194304 B)
IO     input  buf0                   torch [1024, 2048] -> device [32, 1024, 64] in HBM = 2097152 elems x 2B = 4194304 B  (hbm counted: 4194304 B)
IO     input  buf2                   torch [1024, 2048] -> device [32, 1024, 64] in HBM = 2097152 elems x 2B = 4194304 B  (hbm counted: 4194304 B)
IO   op Pointwise
IO     output coarse_tile_reduce_copy_buf0 torch [2048, 2048] -> device [2048, 2048] in HBM = 4194304 elems x 2B = 8388608 B  (hbm counted: 8388608 B)
IO     input  buf2                   torch [1024, 2048] -> device [32, 1024, 64] in HBM = 2097152 elems x 2B = 4194304 B  (hbm counted: 4194304 B)
IO   => HBM I/O total = 50331776 B  (lx 0 B, ~free)
MODEL -- estimate (turnaround): T = compute + [(R+W)/BW_PEAK + a*min(R,W)] / eff_underfill --
MODEL   R=29360256 B (read)   W=20971520 B (write)   loop_trip L=16
MODEL   compute = MACs/cores/(mac_peak*pt_eff) = 536870912/32/(1140*1.000) = 14.72 us  (M/m=128, pt_eff=1.000)
MODEL   base = R/150+W/150 = 335.55 us
MODEL   turn = a*min(R,W) = 0.00574*20971520 = 120.38 us
MODEL   eff_underfill = min(0.95,(2.0/13)**0.68) = 0.280 -> (base+turn)/eff = 1628.06 us
MODEL   => T_model = 1642.47 us
MODEL FEATS [{"name":"Pointwise","is_reduction":false,"out_elems":2097152,"cores":32,"dtype_bytes":2,"args":[{"name":"coarse_tile_fill_buf0","role":"output","mem":"hbm","elems":2097152,"broadcast":false,"dims":[1024,2048],"logical":[1024,2048],"loop_factor":1},{"name":"buf3","role":"input","mem":"hbm","elems":64,"broadcast":true,"dims":[1,64],"logical":[],"loop_factor":1}],"reduction_cores":1,"loop_trip":2,"tiles_output_dim":true,"tile_rows_per_core":16,"is_matmul":false,"matmul_macs":0,"matmul_rows_per_core":0.0,"matmul_cols_per_core":0.0,"matmul_a_bytes":0,"matmul_b_bytes":0,"matmul_m_split":1,"matmul_n_split":1,"hbm_pattern":""},{"name":"mm","is_reduction":true,"out_elems":2097152,"cores":32,"dtype_bytes":2,"args":[{"name":"op0","role":"output","mem":"hbm","elems":2097152,"broadcast":false,"dims":[32,1024,64],"logical":[1024,2048],"loop_factor":1},{"name":"arg0_1","role":"input","mem":"hbm","elems":4194304,"broadcast":false,"dims":[32,2048,64],"logical":[2048,2048],"loop_factor":1},{"name":"arg1_1","role":"input","mem":"hbm","elems":4194304,"broadcast":false,"dims":[32,2048,64],"logical":[2048,2048],"loop_factor":1}],"reduction_cores":1,"loop_trip":16,"tiles_output_dim":true,"tile_rows_per_core":8.0,"is_matmul":true,"matmul_macs":536870912,"matmul_rows_per_core":128.0,"matmul_cols_per_core":512.0,"matmul_a_bytes":524288,"matmul_b_bytes":1048576,"matmul_m_split":8,"matmul_n_split":4,"hbm_pattern":""},{"name":"Pointwise","is_reduction":false,"out_elems":2097152,"cores":32,"dtype_bytes":2,"args":[{"name":"coarse_tile_combine_buf0","role":"output","mem":"hbm","elems":2097152,"broadcast":false,"dims":[1024,2048],"logical":[1024,2048],"loop_factor":1},{"name":"buf0","role":"input","mem":"hbm","elems":2097152,"broadcast":false,"dims":[32,1024,64],"logical":[1024,2048],"loop_factor":1},{"name":"buf2","role":"input","mem":"hbm","elems":2097152,"broadcast":false,"dims":[32,1024,64],"logical":[1024,2048],"loop_factor":1}],"reduction_cores":1,"loop_trip":16,"tiles_output_dim":true,"tile_rows_per_core":2,"is_matmul":false,"matmul_macs":0,"matmul_rows_per_core":0.0,"matmul_cols_per_core":0.0,"matmul_a_bytes":0,"matmul_b_bytes":0,"matmul_m_split":1,"matmul_n_split":1,"hbm_pattern":""},{"name":"Pointwise","is_reduction":false,"out_elems":4194304,"cores":32,"dtype_bytes":2,"args":[{"name":"coarse_tile_reduce_copy_buf0","role":"output","mem":"hbm","elems":4194304,"broadcast":false,"dims":[2048,2048],"logical":[2048,2048],"loop_factor":1},{"name":"buf2","role":"input","mem":"hbm","elems":2097152,"broadcast":false,"dims":[32,1024,64],"logical":[1024,2048],"loop_factor":1}],"reduction_cores":1,"loop_trip":2,"tiles_output_dim":true,"tile_rows_per_core":32,"is_matmul":false,"matmul_macs":0,"matmul_rows_per_core":0.0,"matmul_cols_per_core":0.0,"matmul_a_bytes":0,"matmul_b_bytes":0,"matmul_m_split":1,"matmul_n_split":1,"hbm_pattern":""}]
SUMMARY op=mm_nested_m_k rows=2048 cols=2048 cores=32 tiles=8 lx=1 io_hbm_bytes=50331776 kernel_us=2825.677 pred_us=1642.469 err_pct=-41.9 bw_gbps=17.8 memset_us=387.756 other_dev_us=417.381 total_dev_us=3630.814
-- mm_nested_m_k M=4096 K=2048 N=2048 tiles=1
  op_it_space_splits={d0: 8, d1: 4, d2: 1}
IO -- device-layout I/O (cost model, stick-padded) --
IO   op mm [reduction]
IO     output op0                    torch [4096, 2048] -> device [32, 4096, 64] in HBM = 8388608 elems x 2B = 16777216 B  (hbm counted: 16777216 B)
IO     input  arg0_1                 torch [4096, 2048] -> device [32, 4096, 64] in HBM = 8388608 elems x 2B = 16777216 B  (hbm counted: 16777216 B)
IO     input  arg1_1                 torch [2048, 2048] -> device [32, 2048, 64] in HBM = 4194304 elems x 2B = 8388608 B  (hbm counted: 8388608 B)
IO   => HBM I/O total = 41943040 B  (lx 0 B, ~free)
MODEL -- estimate (turnaround): T = compute + (R+W)/BW_PEAK + a*min(R,W) --
MODEL   R=25165824 B (read)   W=16777216 B (write)   loop_trip L=1
MODEL   compute = MACs/cores/(mac_peak*pt_eff) = 17179869184/32/(1140*1.000) = 470.94 us  (M/m=512, pt_eff=1.000)
MODEL   base = R/150+W/150 = 279.62 us
MODEL   turn = a*min(R,W) = 0.00574*16777216 = 96.30 us
MODEL   => T_model = 781.22 us
MODEL FEATS [{"name":"mm","is_reduction":true,"out_elems":8388608,"cores":32,"dtype_bytes":2,"args":[{"name":"op0","role":"output","mem":"hbm","elems":8388608,"broadcast":false,"dims":[32,4096,64],"logical":[4096,2048],"loop_factor":1},{"name":"arg0_1","role":"input","mem":"hbm","elems":8388608,"broadcast":false,"dims":[32,4096,64],"logical":[4096,2048],"loop_factor":1},{"name":"arg1_1","role":"input","mem":"hbm","elems":4194304,"broadcast":false,"dims":[32,2048,64],"logical":[2048,2048],"loop_factor":1}],"reduction_cores":1,"loop_trip":1,"tiles_output_dim":false,"tile_rows_per_core":0.0,"is_matmul":true,"matmul_macs":17179869184,"matmul_rows_per_core":512.0,"matmul_cols_per_core":512.0,"matmul_a_bytes":16777216,"matmul_b_bytes":8388608,"matmul_m_split":8,"matmul_n_split":4,"hbm_pattern":""}]
SUMMARY op=mm_nested_m_k rows=4096 cols=2048 cores=32 tiles=1 lx=1 io_hbm_bytes=41943040 kernel_us=846.109 pred_us=781.224 err_pct=-7.7 bw_gbps=49.6 memset_us=298.506 other_dev_us=852.653 total_dev_us=1997.268
-- mm_nested_m_k M=4096 K=2048 N=2048 tiles=2
  op_it_space_splits={d0: 32, d1: 1}
  op_it_space_splits={d0: 8, d1: 4, d2: 1}
  op_it_space_splits={d0: 32, d1: 1}
  op_it_space_splits={d0: 32, d1: 1}
  op_it_space_splits={d0: 32, d1: 1}
  op_it_space_splits={d0: 8, d1: 4, d2: 1}
  op_it_space_splits={d0: 32, d1: 1}
  op_it_space_splits={d0: 32, d1: 1}
  op_it_space_splits={d0: 32, d1: 1}
  op_it_space_splits={d0: 8, d1: 4, d2: 1}
  op_it_space_splits={d0: 32, d1: 1}
  op_it_space_splits={d0: 32, d1: 1}
  op_it_space_splits={d0: 32, d1: 1}
  op_it_space_splits={d0: 8, d1: 4, d2: 1}
  op_it_space_splits={d0: 32, d1: 1}
  op_it_space_splits={d0: 32, d1: 1}
  op_it_space_splits={d0: 32, d1: 1}
  op_it_space_splits={d0: 8, d1: 4, d2: 1}
  op_it_space_splits={d0: 32, d1: 1}
  op_it_space_splits={d0: 32, d1: 1}
  op_it_space_splits={d0: 32, d1: 1}
  op_it_space_splits={d0: 8, d1: 4, d2: 1}
  op_it_space_splits={d0: 32, d1: 1}
  op_it_space_splits={d0: 32, d1: 1}
IO -- device-layout I/O (cost model, stick-padded) --
IO   op Pointwise
IO     output coarse_tile_fill_buf0  torch [2048, 2048] -> device [2048, 2048] in HBM = 4194304 elems x 2B = 8388608 B  (hbm counted: 8388608 B)
IO     input  buf3                   device [1, 64] in HBM = 64 elems x 2B = 128 B  (hbm counted: 128 B) broadcast (loaded once)
IO   op mm [reduction]
IO     output op0                    torch [2048, 2048] -> device [32, 2048, 64] in HBM = 4194304 elems x 2B = 8388608 B  (hbm counted: 8388608 B)
IO     input  arg0_1                 torch [4096, 2048] -> device [32, 4096, 64] in HBM = 8388608 elems x 2B = 16777216 B  (hbm counted: 16777216 B)
IO     input  arg1_1                 torch [2048, 2048] -> device [32, 2048, 64] in HBM = 4194304 elems x 2B = 8388608 B  (hbm counted: 8388608 B)
IO   op Pointwise
IO     output coarse_tile_combine_buf0 torch [2048, 2048] -> device [2048, 2048] in HBM = 4194304 elems x 2B = 8388608 B  (hbm counted: 8388608 B)
IO     input  buf0                   torch [2048, 2048] -> device [32, 2048, 64] in HBM = 4194304 elems x 2B = 8388608 B  (hbm counted: 8388608 B)
IO     input  buf2                   torch [2048, 2048] -> device [32, 2048, 64] in HBM = 4194304 elems x 2B = 8388608 B  (hbm counted: 8388608 B)
IO   op Pointwise
IO     output coarse_tile_reduce_copy_buf0 torch [4096, 2048] -> device [4096, 2048] in HBM = 8388608 elems x 2B = 16777216 B  (hbm counted: 16777216 B)
IO     input  buf2                   torch [2048, 2048] -> device [32, 2048, 64] in HBM = 4194304 elems x 2B = 8388608 B  (hbm counted: 8388608 B)
IO   => HBM I/O total = 92274816 B  (lx 0 B, ~free)
MODEL -- estimate (turnaround): T = compute + [(R+W)/BW_PEAK + a*min(R,W)] / eff_underfill --
MODEL   R=50331776 B (read)   W=41943040 B (write)   loop_trip L=4
MODEL   compute = MACs/cores/(mac_peak*pt_eff) = 4294967296/32/(1140*1.000) = 117.73 us  (M/m=256, pt_eff=1.000)
MODEL   base = R/150+W/150 = 615.17 us
MODEL   turn = a*min(R,W) = 0.00574*41943040 = 240.75 us
MODEL   eff_underfill = min(0.95,(32.0/13)**0.68) = 0.950 -> (base+turn)/eff = 900.97 us
MODEL   => T_model = 996.81 us
MODEL FEATS [{"name":"Pointwise","is_reduction":false,"out_elems":4194304,"cores":32,"dtype_bytes":2,"args":[{"name":"coarse_tile_fill_buf0","role":"output","mem":"hbm","elems":4194304,"broadcast":false,"dims":[2048,2048],"logical":[2048,2048],"loop_factor":1},{"name":"buf3","role":"input","mem":"hbm","elems":64,"broadcast":true,"dims":[1,64],"logical":[],"loop_factor":1}],"reduction_cores":1,"loop_trip":2,"tiles_output_dim":true,"tile_rows_per_core":32,"is_matmul":false,"matmul_macs":0,"matmul_rows_per_core":0.0,"matmul_cols_per_core":0.0,"matmul_a_bytes":0,"matmul_b_bytes":0,"matmul_m_split":1,"matmul_n_split":1,"hbm_pattern":""},{"name":"mm","is_reduction":true,"out_elems":4194304,"cores":32,"dtype_bytes":2,"args":[{"name":"op0","role":"output","mem":"hbm","elems":4194304,"broadcast":false,"dims":[32,2048,64],"logical":[2048,2048],"loop_factor":1},{"name":"arg0_1","role":"input","mem":"hbm","elems":8388608,"broadcast":false,"dims":[32,4096,64],"logical":[4096,2048],"loop_factor":1},{"name":"arg1_1","role":"input","mem":"hbm","elems":4194304,"broadcast":false,"dims":[32,2048,64],"logical":[2048,2048],"loop_factor":1}],"reduction_cores":1,"loop_trip":4,"tiles_output_dim":true,"tile_rows_per_core":64.0,"is_matmul":true,"matmul_macs":4294967296,"matmul_rows_per_core":256.0,"matmul_cols_per_core":512.0,"matmul_a_bytes":4194304,"matmul_b_bytes":4194304,"matmul_m_split":8,"matmul_n_split":4,"hbm_pattern":""},{"name":"Pointwise","is_reduction":false,"out_elems":4194304,"cores":32,"dtype_bytes":2,"args":[{"name":"coarse_tile_combine_buf0","role":"output","mem":"hbm","elems":4194304,"broadcast":false,"dims":[2048,2048],"logical":[2048,2048],"loop_factor":1},{"name":"buf0","role":"input","mem":"hbm","elems":4194304,"broadcast":false,"dims":[32,2048,64],"logical":[2048,2048],"loop_factor":1},{"name":"buf2","role":"input","mem":"hbm","elems":4194304,"broadcast":false,"dims":[32,2048,64],"logical":[2048,2048],"loop_factor":1}],"reduction_cores":1,"loop_trip":4,"tiles_output_dim":true,"tile_rows_per_core":16,"is_matmul":false,"matmul_macs":0,"matmul_rows_per_core":0.0,"matmul_cols_per_core":0.0,"matmul_a_bytes":0,"matmul_b_bytes":0,"matmul_m_split":1,"matmul_n_split":1,"hbm_pattern":""},{"name":"Pointwise","is_reduction":false,"out_elems":8388608,"cores":32,"dtype_bytes":2,"args":[{"name":"coarse_tile_reduce_copy_buf0","role":"output","mem":"hbm","elems":8388608,"broadcast":false,"dims":[4096,2048],"logical":[4096,2048],"loop_factor":1},{"name":"buf2","role":"input","mem":"hbm","elems":4194304,"broadcast":false,"dims":[32,2048,64],"logical":[2048,2048],"loop_factor":1}],"reduction_cores":1,"loop_trip":2,"tiles_output_dim":true,"tile_rows_per_core":64,"is_matmul":false,"matmul_macs":0,"matmul_rows_per_core":0.0,"matmul_cols_per_core":0.0,"matmul_a_bytes":0,"matmul_b_bytes":0,"matmul_m_split":1,"matmul_n_split":1,"hbm_pattern":""}]
SUMMARY op=mm_nested_m_k rows=4096 cols=2048 cores=32 tiles=2 lx=1 io_hbm_bytes=92274816 kernel_us=2378.220 pred_us=996.805 err_pct=-58.1 bw_gbps=38.8 memset_us=282.816 other_dev_us=846.850 total_dev_us=3507.886
-- mm_nested_m_k M=4096 K=2048 N=2048 tiles=4
  op_it_space_splits={d0: 32, d1: 1}
  op_it_space_splits={d0: 8, d1: 4, d2: 1}
  op_it_space_splits={d0: 32, d1: 1}
  op_it_space_splits={d0: 32, d1: 1}
  op_it_space_splits={d0: 32, d1: 1}
  op_it_space_splits={d0: 8, d1: 4, d2: 1}
  op_it_space_splits={d0: 32, d1: 1}
  op_it_space_splits={d0: 32, d1: 1}
  op_it_space_splits={d0: 32, d1: 1}
  op_it_space_splits={d0: 8, d1: 4, d2: 1}
  op_it_space_splits={d0: 32, d1: 1}
  op_it_space_splits={d0: 32, d1: 1}
  op_it_space_splits={d0: 32, d1: 1}
  op_it_space_splits={d0: 8, d1: 4, d2: 1}
  op_it_space_splits={d0: 32, d1: 1}
  op_it_space_splits={d0: 32, d1: 1}
  op_it_space_splits={d0: 32, d1: 1}
  op_it_space_splits={d0: 8, d1: 4, d2: 1}
  op_it_space_splits={d0: 32, d1: 1}
  op_it_space_splits={d0: 32, d1: 1}
  op_it_space_splits={d0: 32, d1: 1}
  op_it_space_splits={d0: 8, d1: 4, d2: 1}
  op_it_space_splits={d0: 32, d1: 1}
  op_it_space_splits={d0: 32, d1: 1}
IO -- device-layout I/O (cost model, stick-padded) --
IO   op Pointwise
IO     output coarse_tile_fill_buf0  torch [2048, 2048] -> device [2048, 2048] in HBM = 4194304 elems x 2B = 8388608 B  (hbm counted: 8388608 B)
IO     input  buf3                   device [1, 64] in HBM = 64 elems x 2B = 128 B  (hbm counted: 128 B) broadcast (loaded once)
IO   op mm [reduction]
IO     output op0                    torch [2048, 2048] -> device [32, 2048, 64] in HBM = 4194304 elems x 2B = 8388608 B  (hbm counted: 8388608 B)
IO     input  arg0_1                 torch [4096, 2048] -> device [32, 4096, 64] in HBM = 8388608 elems x 2B = 16777216 B  (hbm counted: 16777216 B)
IO     input  arg1_1                 torch [2048, 2048] -> device [32, 2048, 64] in HBM = 4194304 elems x 2B = 8388608 B  (hbm counted: 8388608 B)
IO   op Pointwise
IO     output coarse_tile_combine_buf0 torch [2048, 2048] -> device [2048, 2048] in HBM = 4194304 elems x 2B = 8388608 B  (hbm counted: 8388608 B)
IO     input  buf0                   torch [2048, 2048] -> device [32, 2048, 64] in HBM = 4194304 elems x 2B = 8388608 B  (hbm counted: 8388608 B)
IO     input  buf2                   torch [2048, 2048] -> device [32, 2048, 64] in HBM = 4194304 elems x 2B = 8388608 B  (hbm counted: 8388608 B)
IO   op Pointwise
IO     output coarse_tile_reduce_copy_buf0 torch [4096, 2048] -> device [4096, 2048] in HBM = 8388608 elems x 2B = 16777216 B  (hbm counted: 16777216 B)
IO     input  buf2                   torch [2048, 2048] -> device [32, 2048, 64] in HBM = 4194304 elems x 2B = 8388608 B  (hbm counted: 8388608 B)
IO   => HBM I/O total = 92274816 B  (lx 0 B, ~free)
MODEL -- estimate (turnaround): T = compute + [(R+W)/BW_PEAK + a*min(R,W)] / eff_underfill --
MODEL   R=50331776 B (read)   W=41943040 B (write)   loop_trip L=8
MODEL   compute = MACs/cores/(mac_peak*pt_eff) = 2147483648/32/(1140*1.000) = 58.87 us  (M/m=256, pt_eff=1.000)
MODEL   base = R/150+W/150 = 615.17 us
MODEL   turn = a*min(R,W) = 0.00574*41943040 = 240.75 us
MODEL   eff_underfill = min(0.95,(8.0/13)**0.68) = 0.719 -> (base+turn)/eff = 1190.73 us
MODEL   => T_model = 1247.65 us
MODEL FEATS [{"name":"Pointwise","is_reduction":false,"out_elems":4194304,"cores":32,"dtype_bytes":2,"args":[{"name":"coarse_tile_fill_buf0","role":"output","mem":"hbm","elems":4194304,"broadcast":false,"dims":[2048,2048],"logical":[2048,2048],"loop_factor":1},{"name":"buf3","role":"input","mem":"hbm","elems":64,"broadcast":true,"dims":[1,64],"logical":[],"loop_factor":1}],"reduction_cores":1,"loop_trip":2,"tiles_output_dim":true,"tile_rows_per_core":32,"is_matmul":false,"matmul_macs":0,"matmul_rows_per_core":0.0,"matmul_cols_per_core":0.0,"matmul_a_bytes":0,"matmul_b_bytes":0,"matmul_m_split":1,"matmul_n_split":1,"hbm_pattern":""},{"name":"mm","is_reduction":true,"out_elems":4194304,"cores":32,"dtype_bytes":2,"args":[{"name":"op0","role":"output","mem":"hbm","elems":4194304,"broadcast":false,"dims":[32,2048,64],"logical":[2048,2048],"loop_factor":1},{"name":"arg0_1","role":"input","mem":"hbm","elems":8388608,"broadcast":false,"dims":[32,4096,64],"logical":[4096,2048],"loop_factor":1},{"name":"arg1_1","role":"input","mem":"hbm","elems":4194304,"broadcast":false,"dims":[32,2048,64],"logical":[2048,2048],"loop_factor":1}],"reduction_cores":1,"loop_trip":8,"tiles_output_dim":true,"tile_rows_per_core":32.0,"is_matmul":true,"matmul_macs":2147483648,"matmul_rows_per_core":256.0,"matmul_cols_per_core":512.0,"matmul_a_bytes":2097152,"matmul_b_bytes":2097152,"matmul_m_split":8,"matmul_n_split":4,"hbm_pattern":""},{"name":"Pointwise","is_reduction":false,"out_elems":4194304,"cores":32,"dtype_bytes":2,"args":[{"name":"coarse_tile_combine_buf0","role":"output","mem":"hbm","elems":4194304,"broadcast":false,"dims":[2048,2048],"logical":[2048,2048],"loop_factor":1},{"name":"buf0","role":"input","mem":"hbm","elems":4194304,"broadcast":false,"dims":[32,2048,64],"logical":[2048,2048],"loop_factor":1},{"name":"buf2","role":"input","mem":"hbm","elems":4194304,"broadcast":false,"dims":[32,2048,64],"logical":[2048,2048],"loop_factor":1}],"reduction_cores":1,"loop_trip":8,"tiles_output_dim":true,"tile_rows_per_core":8,"is_matmul":false,"matmul_macs":0,"matmul_rows_per_core":0.0,"matmul_cols_per_core":0.0,"matmul_a_bytes":0,"matmul_b_bytes":0,"matmul_m_split":1,"matmul_n_split":1,"hbm_pattern":""},{"name":"Pointwise","is_reduction":false,"out_elems":8388608,"cores":32,"dtype_bytes":2,"args":[{"name":"coarse_tile_reduce_copy_buf0","role":"output","mem":"hbm","elems":8388608,"broadcast":false,"dims":[4096,2048],"logical":[4096,2048],"loop_factor":1},{"name":"buf2","role":"input","mem":"hbm","elems":4194304,"broadcast":false,"dims":[32,2048,64],"logical":[2048,2048],"loop_factor":1}],"reduction_cores":1,"loop_trip":2,"tiles_output_dim":true,"tile_rows_per_core":64,"is_matmul":false,"matmul_macs":0,"matmul_rows_per_core":0.0,"matmul_cols_per_core":0.0,"matmul_a_bytes":0,"matmul_b_bytes":0,"matmul_m_split":1,"matmul_n_split":1,"hbm_pattern":""}]
SUMMARY op=mm_nested_m_k rows=4096 cols=2048 cores=32 tiles=4 lx=1 io_hbm_bytes=92274816 kernel_us=3752.441 pred_us=1247.649 err_pct=-66.8 bw_gbps=24.6 memset_us=340.098 other_dev_us=856.149 total_dev_us=4948.688
-- mm_nested_m_k M=4096 K=2048 N=2048 tiles=8
  op_it_space_splits={d0: 32, d1: 1}
  op_it_space_splits={d0: 8, d1: 4, d2: 1}
  op_it_space_splits={d0: 32, d1: 1}
  op_it_space_splits={d0: 32, d1: 1}
  op_it_space_splits={d0: 32, d1: 1}
  op_it_space_splits={d0: 8, d1: 4, d2: 1}
  op_it_space_splits={d0: 32, d1: 1}
  op_it_space_splits={d0: 32, d1: 1}
  op_it_space_splits={d0: 32, d1: 1}
  op_it_space_splits={d0: 8, d1: 4, d2: 1}
  op_it_space_splits={d0: 32, d1: 1}
  op_it_space_splits={d0: 32, d1: 1}
  op_it_space_splits={d0: 32, d1: 1}
  op_it_space_splits={d0: 8, d1: 4, d2: 1}
  op_it_space_splits={d0: 32, d1: 1}
  op_it_space_splits={d0: 32, d1: 1}
  op_it_space_splits={d0: 32, d1: 1}
  op_it_space_splits={d0: 8, d1: 4, d2: 1}
  op_it_space_splits={d0: 32, d1: 1}
  op_it_space_splits={d0: 32, d1: 1}
  op_it_space_splits={d0: 32, d1: 1}
  op_it_space_splits={d0: 8, d1: 4, d2: 1}
  op_it_space_splits={d0: 32, d1: 1}
  op_it_space_splits={d0: 32, d1: 1}
IO -- device-layout I/O (cost model, stick-padded) --
IO   op Pointwise
IO     output coarse_tile_fill_buf0  torch [2048, 2048] -> device [2048, 2048] in HBM = 4194304 elems x 2B = 8388608 B  (hbm counted: 8388608 B)
IO     input  buf3                   device [1, 64] in HBM = 64 elems x 2B = 128 B  (hbm counted: 128 B) broadcast (loaded once)
IO   op mm [reduction]
IO     output op0                    torch [2048, 2048] -> device [32, 2048, 64] in HBM = 4194304 elems x 2B = 8388608 B  (hbm counted: 8388608 B)
IO     input  arg0_1                 torch [4096, 2048] -> device [32, 4096, 64] in HBM = 8388608 elems x 2B = 16777216 B  (hbm counted: 16777216 B)
IO     input  arg1_1                 torch [2048, 2048] -> device [32, 2048, 64] in HBM = 4194304 elems x 2B = 8388608 B  (hbm counted: 8388608 B)
IO   op Pointwise
IO     output coarse_tile_combine_buf0 torch [2048, 2048] -> device [2048, 2048] in HBM = 4194304 elems x 2B = 8388608 B  (hbm counted: 8388608 B)
IO     input  buf0                   torch [2048, 2048] -> device [32, 2048, 64] in HBM = 4194304 elems x 2B = 8388608 B  (hbm counted: 8388608 B)
IO     input  buf2                   torch [2048, 2048] -> device [32, 2048, 64] in HBM = 4194304 elems x 2B = 8388608 B  (hbm counted: 8388608 B)
IO   op Pointwise
IO     output coarse_tile_reduce_copy_buf0 torch [4096, 2048] -> device [4096, 2048] in HBM = 8388608 elems x 2B = 16777216 B  (hbm counted: 16777216 B)
IO     input  buf2                   torch [2048, 2048] -> device [32, 2048, 64] in HBM = 4194304 elems x 2B = 8388608 B  (hbm counted: 8388608 B)
IO   => HBM I/O total = 92274816 B  (lx 0 B, ~free)
MODEL -- estimate (turnaround): T = compute + [(R+W)/BW_PEAK + a*min(R,W)] / eff_underfill --
MODEL   R=50331776 B (read)   W=41943040 B (write)   loop_trip L=16
MODEL   compute = MACs/cores/(mac_peak*pt_eff) = 1073741824/32/(1140*1.000) = 29.43 us  (M/m=256, pt_eff=1.000)
MODEL   base = R/150+W/150 = 615.17 us
MODEL   turn = a*min(R,W) = 0.00574*41943040 = 240.75 us
MODEL   eff_underfill = min(0.95,(4.0/13)**0.68) = 0.449 -> (base+turn)/eff = 1907.71 us
MODEL   => T_model = 1949.85 us
MODEL FEATS [{"name":"Pointwise","is_reduction":false,"out_elems":4194304,"cores":32,"dtype_bytes":2,"args":[{"name":"coarse_tile_fill_buf0","role":"output","mem":"hbm","elems":4194304,"broadcast":false,"dims":[2048,2048],"logical":[2048,2048],"loop_factor":1},{"name":"buf3","role":"input","mem":"hbm","elems":64,"broadcast":true,"dims":[1,64],"logical":[],"loop_factor":1}],"reduction_cores":1,"loop_trip":2,"tiles_output_dim":true,"tile_rows_per_core":32,"is_matmul":false,"matmul_macs":0,"matmul_rows_per_core":0.0,"matmul_cols_per_core":0.0,"matmul_a_bytes":0,"matmul_b_bytes":0,"matmul_m_split":1,"matmul_n_split":1,"hbm_pattern":""},{"name":"mm","is_reduction":true,"out_elems":4194304,"cores":32,"dtype_bytes":2,"args":[{"name":"op0","role":"output","mem":"hbm","elems":4194304,"broadcast":false,"dims":[32,2048,64],"logical":[2048,2048],"loop_factor":1},{"name":"arg0_1","role":"input","mem":"hbm","elems":8388608,"broadcast":false,"dims":[32,4096,64],"logical":[4096,2048],"loop_factor":1},{"name":"arg1_1","role":"input","mem":"hbm","elems":4194304,"broadcast":false,"dims":[32,2048,64],"logical":[2048,2048],"loop_factor":1}],"reduction_cores":1,"loop_trip":16,"tiles_output_dim":true,"tile_rows_per_core":16.0,"is_matmul":true,"matmul_macs":1073741824,"matmul_rows_per_core":256.0,"matmul_cols_per_core":512.0,"matmul_a_bytes":1048576,"matmul_b_bytes":1048576,"matmul_m_split":8,"matmul_n_split":4,"hbm_pattern":""},{"name":"Pointwise","is_reduction":false,"out_elems":4194304,"cores":32,"dtype_bytes":2,"args":[{"name":"coarse_tile_combine_buf0","role":"output","mem":"hbm","elems":4194304,"broadcast":false,"dims":[2048,2048],"logical":[2048,2048],"loop_factor":1},{"name":"buf0","role":"input","mem":"hbm","elems":4194304,"broadcast":false,"dims":[32,2048,64],"logical":[2048,2048],"loop_factor":1},{"name":"buf2","role":"input","mem":"hbm","elems":4194304,"broadcast":false,"dims":[32,2048,64],"logical":[2048,2048],"loop_factor":1}],"reduction_cores":1,"loop_trip":16,"tiles_output_dim":true,"tile_rows_per_core":4,"is_matmul":false,"matmul_macs":0,"matmul_rows_per_core":0.0,"matmul_cols_per_core":0.0,"matmul_a_bytes":0,"matmul_b_bytes":0,"matmul_m_split":1,"matmul_n_split":1,"hbm_pattern":""},{"name":"Pointwise","is_reduction":false,"out_elems":8388608,"cores":32,"dtype_bytes":2,"args":[{"name":"coarse_tile_reduce_copy_buf0","role":"output","mem":"hbm","elems":8388608,"broadcast":false,"dims":[4096,2048],"logical":[4096,2048],"loop_factor":1},{"name":"buf2","role":"input","mem":"hbm","elems":4194304,"broadcast":false,"dims":[32,2048,64],"logical":[2048,2048],"loop_factor":1}],"reduction_cores":1,"loop_trip":2,"tiles_output_dim":true,"tile_rows_per_core":64,"is_matmul":false,"matmul_macs":0,"matmul_rows_per_core":0.0,"matmul_cols_per_core":0.0,"matmul_a_bytes":0,"matmul_b_bytes":0,"matmul_m_split":1,"matmul_n_split":1,"hbm_pattern":""}]
SUMMARY op=mm_nested_m_k rows=4096 cols=2048 cores=32 tiles=8 lx=1 io_hbm_bytes=92274816 kernel_us=6060.119 pred_us=1949.850 err_pct=-67.8 bw_gbps=15.2 memset_us=379.290 other_dev_us=852.862 total_dev_us=7292.271
-- mm_nested_m_k M=2048 K=2048 N=4096 tiles=1
  op_it_space_splits={d0: 4, d1: 8, d2: 1}
IO -- device-layout I/O (cost model, stick-padded) --
IO   op mm [reduction]
IO     output op0                    torch [2048, 4096] -> device [64, 2048, 64] in HBM = 8388608 elems x 2B = 16777216 B  (hbm counted: 16777216 B)
IO     input  arg0_1                 torch [2048, 2048] -> device [32, 2048, 64] in HBM = 4194304 elems x 2B = 8388608 B  (hbm counted: 8388608 B)
IO     input  arg1_1                 torch [2048, 4096] -> device [64, 2048, 64] in HBM = 8388608 elems x 2B = 16777216 B  (hbm counted: 16777216 B)
IO   => HBM I/O total = 41943040 B  (lx 0 B, ~free)
MODEL -- estimate (turnaround): T = compute + (R+W)/BW_PEAK + a*min(R,W) --
MODEL   R=25165824 B (read)   W=16777216 B (write)   loop_trip L=1
MODEL   compute = MACs/cores/(mac_peak*pt_eff) = 17179869184/32/(1140*1.000) = 470.94 us  (M/m=512, pt_eff=1.000)
MODEL   base = R/150+W/150 = 279.62 us
MODEL   turn = a*min(R,W) = 0.00574*16777216 = 96.30 us
MODEL   => T_model = 781.22 us
MODEL FEATS [{"name":"mm","is_reduction":true,"out_elems":8388608,"cores":32,"dtype_bytes":2,"args":[{"name":"op0","role":"output","mem":"hbm","elems":8388608,"broadcast":false,"dims":[64,2048,64],"logical":[2048,4096],"loop_factor":1},{"name":"arg0_1","role":"input","mem":"hbm","elems":4194304,"broadcast":false,"dims":[32,2048,64],"logical":[2048,2048],"loop_factor":1},{"name":"arg1_1","role":"input","mem":"hbm","elems":8388608,"broadcast":false,"dims":[64,2048,64],"logical":[2048,4096],"loop_factor":1}],"reduction_cores":1,"loop_trip":1,"tiles_output_dim":false,"tile_rows_per_core":0.0,"is_matmul":true,"matmul_macs":17179869184,"matmul_rows_per_core":512.0,"matmul_cols_per_core":512.0,"matmul_a_bytes":8388608,"matmul_b_bytes":16777216,"matmul_m_split":4,"matmul_n_split":8,"hbm_pattern":""}]
SUMMARY op=mm_nested_m_k rows=2048 cols=2048 cores=32 tiles=1 lx=1 io_hbm_bytes=41943040 kernel_us=778.469 pred_us=781.224 err_pct=+0.4 bw_gbps=53.9 memset_us=300.468 other_dev_us=845.481 total_dev_us=1924.418
-- mm_nested_m_k M=2048 K=2048 N=4096 tiles=2
  op_it_space_splits={d0: 32, d1: 1}
  op_it_space_splits={d0: 4, d1: 8, d2: 1}
  op_it_space_splits={d0: 32, d1: 1}
  op_it_space_splits={d0: 32, d1: 1}
  op_it_space_splits={d0: 32, d1: 1}
  op_it_space_splits={d0: 4, d1: 8, d2: 1}
  op_it_space_splits={d0: 32, d1: 1}
  op_it_space_splits={d0: 32, d1: 1}
  op_it_space_splits={d0: 32, d1: 1}
  op_it_space_splits={d0: 4, d1: 8, d2: 1}
  op_it_space_splits={d0: 32, d1: 1}
  op_it_space_splits={d0: 32, d1: 1}
  op_it_space_splits={d0: 32, d1: 1}
  op_it_space_splits={d0: 4, d1: 8, d2: 1}
  op_it_space_splits={d0: 32, d1: 1}
  op_it_space_splits={d0: 32, d1: 1}
  op_it_space_splits={d0: 32, d1: 1}
  op_it_space_splits={d0: 4, d1: 8, d2: 1}
  op_it_space_splits={d0: 32, d1: 1}
  op_it_space_splits={d0: 32, d1: 1}
  op_it_space_splits={d0: 32, d1: 1}
  op_it_space_splits={d0: 4, d1: 8, d2: 1}
  op_it_space_splits={d0: 32, d1: 1}
  op_it_space_splits={d0: 32, d1: 1}
IO -- device-layout I/O (cost model, stick-padded) --
IO   op Pointwise
IO     output coarse_tile_fill_buf0  torch [1024, 4096] -> device [1024, 4096] in HBM = 4194304 elems x 2B = 8388608 B  (hbm counted: 8388608 B)
IO     input  buf3                   device [1, 64] in HBM = 64 elems x 2B = 128 B  (hbm counted: 128 B) broadcast (loaded once)
IO   op mm [reduction]
IO     output op0                    torch [1024, 4096] -> device [64, 1024, 64] in HBM = 4194304 elems x 2B = 8388608 B  (hbm counted: 8388608 B)
IO     input  arg0_1                 torch [2048, 2048] -> device [32, 2048, 64] in HBM = 4194304 elems x 2B = 8388608 B  (hbm counted: 8388608 B)
IO     input  arg1_1                 torch [2048, 4096] -> device [64, 2048, 64] in HBM = 8388608 elems x 2B = 16777216 B  (hbm counted: 16777216 B)
IO   op Pointwise
IO     output coarse_tile_combine_buf0 torch [1024, 4096] -> device [1024, 4096] in HBM = 4194304 elems x 2B = 8388608 B  (hbm counted: 8388608 B)
IO     input  buf0                   torch [1024, 4096] -> device [64, 1024, 64] in HBM = 4194304 elems x 2B = 8388608 B  (hbm counted: 8388608 B)
IO     input  buf2                   torch [1024, 4096] -> device [64, 1024, 64] in HBM = 4194304 elems x 2B = 8388608 B  (hbm counted: 8388608 B)
IO   op Pointwise
IO     output coarse_tile_reduce_copy_buf0 torch [2048, 4096] -> device [2048, 4096] in HBM = 8388608 elems x 2B = 16777216 B  (hbm counted: 16777216 B)
IO     input  buf2                   torch [1024, 4096] -> device [64, 1024, 64] in HBM = 4194304 elems x 2B = 8388608 B  (hbm counted: 8388608 B)
IO   => HBM I/O total = 92274816 B  (lx 0 B, ~free)
MODEL -- estimate (turnaround): T = compute + [(R+W)/BW_PEAK + a*min(R,W)] / eff_underfill --
MODEL   R=50331776 B (read)   W=41943040 B (write)   loop_trip L=4
MODEL   compute = MACs/cores/(mac_peak*pt_eff) = 4294967296/32/(1140*1.000) = 117.73 us  (M/m=256, pt_eff=1.000)
MODEL   base = R/150+W/150 = 615.17 us
MODEL   turn = a*min(R,W) = 0.00574*41943040 = 240.75 us
MODEL   eff_underfill = min(0.95,(8.0/13)**0.68) = 0.719 -> (base+turn)/eff = 1190.73 us
MODEL   => T_model = 1309.63 us
MODEL FEATS [{"name":"Pointwise","is_reduction":false,"out_elems":4194304,"cores":32,"dtype_bytes":2,"args":[{"name":"coarse_tile_fill_buf0","role":"output","mem":"hbm","elems":4194304,"broadcast":false,"dims":[1024,4096],"logical":[1024,4096],"loop_factor":1},{"name":"buf3","role":"input","mem":"hbm","elems":64,"broadcast":true,"dims":[1,64],"logical":[],"loop_factor":1}],"reduction_cores":1,"loop_trip":2,"tiles_output_dim":true,"tile_rows_per_core":16,"is_matmul":false,"matmul_macs":0,"matmul_rows_per_core":0.0,"matmul_cols_per_core":0.0,"matmul_a_bytes":0,"matmul_b_bytes":0,"matmul_m_split":1,"matmul_n_split":1,"hbm_pattern":""},{"name":"mm","is_reduction":true,"out_elems":4194304,"cores":32,"dtype_bytes":2,"args":[{"name":"op0","role":"output","mem":"hbm","elems":4194304,"broadcast":false,"dims":[64,1024,64],"logical":[1024,4096],"loop_factor":1},{"name":"arg0_1","role":"input","mem":"hbm","elems":4194304,"broadcast":false,"dims":[32,2048,64],"logical":[2048,2048],"loop_factor":1},{"name":"arg1_1","role":"input","mem":"hbm","elems":8388608,"broadcast":false,"dims":[64,2048,64],"logical":[2048,4096],"loop_factor":1}],"reduction_cores":1,"loop_trip":4,"tiles_output_dim":true,"tile_rows_per_core":64.0,"is_matmul":true,"matmul_macs":4294967296,"matmul_rows_per_core":256.0,"matmul_cols_per_core":512.0,"matmul_a_bytes":2097152,"matmul_b_bytes":8388608,"matmul_m_split":4,"matmul_n_split":8,"hbm_pattern":""},{"name":"Pointwise","is_reduction":false,"out_elems":4194304,"cores":32,"dtype_bytes":2,"args":[{"name":"coarse_tile_combine_buf0","role":"output","mem":"hbm","elems":4194304,"broadcast":false,"dims":[1024,4096],"logical":[1024,4096],"loop_factor":1},{"name":"buf0","role":"input","mem":"hbm","elems":4194304,"broadcast":false,"dims":[64,1024,64],"logical":[1024,4096],"loop_factor":1},{"name":"buf2","role":"input","mem":"hbm","elems":4194304,"broadcast":false,"dims":[64,1024,64],"logical":[1024,4096],"loop_factor":1}],"reduction_cores":1,"loop_trip":4,"tiles_output_dim":true,"tile_rows_per_core":8,"is_matmul":false,"matmul_macs":0,"matmul_rows_per_core":0.0,"matmul_cols_per_core":0.0,"matmul_a_bytes":0,"matmul_b_bytes":0,"matmul_m_split":1,"matmul_n_split":1,"hbm_pattern":""},{"name":"Pointwise","is_reduction":false,"out_elems":8388608,"cores":32,"dtype_bytes":2,"args":[{"name":"coarse_tile_reduce_copy_buf0","role":"output","mem":"hbm","elems":8388608,"broadcast":false,"dims":[2048,4096],"logical":[2048,4096],"loop_factor":1},{"name":"buf2","role":"input","mem":"hbm","elems":4194304,"broadcast":false,"dims":[64,1024,64],"logical":[1024,4096],"loop_factor":1}],"reduction_cores":1,"loop_trip":2,"tiles_output_dim":true,"tile_rows_per_core":32,"is_matmul":false,"matmul_macs":0,"matmul_rows_per_core":0.0,"matmul_cols_per_core":0.0,"matmul_a_bytes":0,"matmul_b_bytes":0,"matmul_m_split":1,"matmul_n_split":1,"hbm_pattern":""}]
SUMMARY op=mm_nested_m_k rows=2048 cols=2048 cores=32 tiles=2 lx=1 io_hbm_bytes=92274816 kernel_us=2354.841 pred_us=1309.629 err_pct=-44.4 bw_gbps=39.2 memset_us=378.577 other_dev_us=738.824 total_dev_us=3472.242
-- mm_nested_m_k M=2048 K=2048 N=4096 tiles=4
  op_it_space_splits={d0: 32, d1: 1}
  op_it_space_splits={d0: 4, d1: 8, d2: 1}
  op_it_space_splits={d0: 32, d1: 1}
  op_it_space_splits={d0: 32, d1: 1}
  op_it_space_splits={d0: 32, d1: 1}
  op_it_space_splits={d0: 4, d1: 8, d2: 1}
  op_it_space_splits={d0: 32, d1: 1}
  op_it_space_splits={d0: 32, d1: 1}
  op_it_space_splits={d0: 32, d1: 1}
  op_it_space_splits={d0: 4, d1: 8, d2: 1}
  op_it_space_splits={d0: 32, d1: 1}
  op_it_space_splits={d0: 32, d1: 1}
  op_it_space_splits={d0: 32, d1: 1}
  op_it_space_splits={d0: 4, d1: 8, d2: 1}
  op_it_space_splits={d0: 32, d1: 1}
  op_it_space_splits={d0: 32, d1: 1}
  op_it_space_splits={d0: 32, d1: 1}
  op_it_space_splits={d0: 4, d1: 8, d2: 1}
  op_it_space_splits={d0: 32, d1: 1}
  op_it_space_splits={d0: 32, d1: 1}
  op_it_space_splits={d0: 32, d1: 1}
  op_it_space_splits={d0: 4, d1: 8, d2: 1}
  op_it_space_splits={d0: 32, d1: 1}
  op_it_space_splits={d0: 32, d1: 1}
IO -- device-layout I/O (cost model, stick-padded) --
IO   op Pointwise
IO     output coarse_tile_fill_buf0  torch [1024, 4096] -> device [1024, 4096] in HBM = 4194304 elems x 2B = 8388608 B  (hbm counted: 8388608 B)
IO     input  buf3                   device [1, 64] in HBM = 64 elems x 2B = 128 B  (hbm counted: 128 B) broadcast (loaded once)
IO   op mm [reduction]
IO     output op0                    torch [1024, 4096] -> device [64, 1024, 64] in HBM = 4194304 elems x 2B = 8388608 B  (hbm counted: 8388608 B)
IO     input  arg0_1                 torch [2048, 2048] -> device [32, 2048, 64] in HBM = 4194304 elems x 2B = 8388608 B  (hbm counted: 8388608 B)
IO     input  arg1_1                 torch [2048, 4096] -> device [64, 2048, 64] in HBM = 8388608 elems x 2B = 16777216 B  (hbm counted: 16777216 B)
IO   op Pointwise
IO     output coarse_tile_combine_buf0 torch [1024, 4096] -> device [1024, 4096] in HBM = 4194304 elems x 2B = 8388608 B  (hbm counted: 8388608 B)
IO     input  buf0                   torch [1024, 4096] -> device [64, 1024, 64] in HBM = 4194304 elems x 2B = 8388608 B  (hbm counted: 8388608 B)
IO     input  buf2                   torch [1024, 4096] -> device [64, 1024, 64] in HBM = 4194304 elems x 2B = 8388608 B  (hbm counted: 8388608 B)
IO   op Pointwise
IO     output coarse_tile_reduce_copy_buf0 torch [2048, 4096] -> device [2048, 4096] in HBM = 8388608 elems x 2B = 16777216 B  (hbm counted: 16777216 B)
IO     input  buf2                   torch [1024, 4096] -> device [64, 1024, 64] in HBM = 4194304 elems x 2B = 8388608 B  (hbm counted: 8388608 B)
IO   => HBM I/O total = 92274816 B  (lx 0 B, ~free)
MODEL -- estimate (turnaround): T = compute + [(R+W)/BW_PEAK + a*min(R,W)] / eff_underfill --
MODEL   R=50331776 B (read)   W=41943040 B (write)   loop_trip L=8
MODEL   compute = MACs/cores/(mac_peak*pt_eff) = 2147483648/32/(1140*1.000) = 58.87 us  (M/m=256, pt_eff=1.000)
MODEL   base = R/150+W/150 = 615.17 us
MODEL   turn = a*min(R,W) = 0.00574*41943040 = 240.75 us
MODEL   eff_underfill = min(0.95,(4.0/13)**0.68) = 0.449 -> (base+turn)/eff = 1907.71 us
MODEL   => T_model = 1993.08 us
MODEL FEATS [{"name":"Pointwise","is_reduction":false,"out_elems":4194304,"cores":32,"dtype_bytes":2,"args":[{"name":"coarse_tile_fill_buf0","role":"output","mem":"hbm","elems":4194304,"broadcast":false,"dims":[1024,4096],"logical":[1024,4096],"loop_factor":1},{"name":"buf3","role":"input","mem":"hbm","elems":64,"broadcast":true,"dims":[1,64],"logical":[],"loop_factor":1}],"reduction_cores":1,"loop_trip":2,"tiles_output_dim":true,"tile_rows_per_core":16,"is_matmul":false,"matmul_macs":0,"matmul_rows_per_core":0.0,"matmul_cols_per_core":0.0,"matmul_a_bytes":0,"matmul_b_bytes":0,"matmul_m_split":1,"matmul_n_split":1,"hbm_pattern":""},{"name":"mm","is_reduction":true,"out_elems":4194304,"cores":32,"dtype_bytes":2,"args":[{"name":"op0","role":"output","mem":"hbm","elems":4194304,"broadcast":false,"dims":[64,1024,64],"logical":[1024,4096],"loop_factor":1},{"name":"arg0_1","role":"input","mem":"hbm","elems":4194304,"broadcast":false,"dims":[32,2048,64],"logical":[2048,2048],"loop_factor":1},{"name":"arg1_1","role":"input","mem":"hbm","elems":8388608,"broadcast":false,"dims":[64,2048,64],"logical":[2048,4096],"loop_factor":1}],"reduction_cores":1,"loop_trip":8,"tiles_output_dim":true,"tile_rows_per_core":32.0,"is_matmul":true,"matmul_macs":2147483648,"matmul_rows_per_core":256.0,"matmul_cols_per_core":512.0,"matmul_a_bytes":1048576,"matmul_b_bytes":4194304,"matmul_m_split":4,"matmul_n_split":8,"hbm_pattern":""},{"name":"Pointwise","is_reduction":false,"out_elems":4194304,"cores":32,"dtype_bytes":2,"args":[{"name":"coarse_tile_combine_buf0","role":"output","mem":"hbm","elems":4194304,"broadcast":false,"dims":[1024,4096],"logical":[1024,4096],"loop_factor":1},{"name":"buf0","role":"input","mem":"hbm","elems":4194304,"broadcast":false,"dims":[64,1024,64],"logical":[1024,4096],"loop_factor":1},{"name":"buf2","role":"input","mem":"hbm","elems":4194304,"broadcast":false,"dims":[64,1024,64],"logical":[1024,4096],"loop_factor":1}],"reduction_cores":1,"loop_trip":8,"tiles_output_dim":true,"tile_rows_per_core":4,"is_matmul":false,"matmul_macs":0,"matmul_rows_per_core":0.0,"matmul_cols_per_core":0.0,"matmul_a_bytes":0,"matmul_b_bytes":0,"matmul_m_split":1,"matmul_n_split":1,"hbm_pattern":""},{"name":"Pointwise","is_reduction":false,"out_elems":8388608,"cores":32,"dtype_bytes":2,"args":[{"name":"coarse_tile_reduce_copy_buf0","role":"output","mem":"hbm","elems":8388608,"broadcast":false,"dims":[2048,4096],"logical":[2048,4096],"loop_factor":1},{"name":"buf2","role":"input","mem":"hbm","elems":4194304,"broadcast":false,"dims":[64,1024,64],"logical":[1024,4096],"loop_factor":1}],"reduction_cores":1,"loop_trip":2,"tiles_output_dim":true,"tile_rows_per_core":32,"is_matmul":false,"matmul_macs":0,"matmul_rows_per_core":0.0,"matmul_cols_per_core":0.0,"matmul_a_bytes":0,"matmul_b_bytes":0,"matmul_m_split":1,"matmul_n_split":1,"hbm_pattern":""}]
SUMMARY op=mm_nested_m_k rows=2048 cols=2048 cores=32 tiles=4 lx=1 io_hbm_bytes=92274816 kernel_us=3648.788 pred_us=1993.081 err_pct=-45.4 bw_gbps=25.3 memset_us=630.552 other_dev_us=861.685 total_dev_us=5141.025
-- mm_nested_m_k M=2048 K=2048 N=4096 tiles=8
  op_it_space_splits={d0: 32, d1: 1}
  op_it_space_splits={d0: 4, d1: 8, d2: 1}
  op_it_space_splits={d0: 32, d1: 1}
  op_it_space_splits={d0: 32, d1: 1}
  op_it_space_splits={d0: 32, d1: 1}
  op_it_space_splits={d0: 4, d1: 8, d2: 1}
  op_it_space_splits={d0: 32, d1: 1}
  op_it_space_splits={d0: 32, d1: 1}
  op_it_space_splits={d0: 32, d1: 1}
  op_it_space_splits={d0: 4, d1: 8, d2: 1}
  op_it_space_splits={d0: 32, d1: 1}
  op_it_space_splits={d0: 32, d1: 1}
  op_it_space_splits={d0: 32, d1: 1}
  op_it_space_splits={d0: 4, d1: 8, d2: 1}
  op_it_space_splits={d0: 32, d1: 1}
  op_it_space_splits={d0: 32, d1: 1}
  op_it_space_splits={d0: 32, d1: 1}
  op_it_space_splits={d0: 4, d1: 8, d2: 1}
  op_it_space_splits={d0: 32, d1: 1}
  op_it_space_splits={d0: 32, d1: 1}
  op_it_space_splits={d0: 32, d1: 1}
  op_it_space_splits={d0: 4, d1: 8, d2: 1}
  op_it_space_splits={d0: 32, d1: 1}
  op_it_space_splits={d0: 32, d1: 1}
IO -- device-layout I/O (cost model, stick-padded) --
IO   op Pointwise
IO     output coarse_tile_fill_buf0  torch [1024, 4096] -> device [1024, 4096] in HBM = 4194304 elems x 2B = 8388608 B  (hbm counted: 8388608 B)
IO     input  buf3                   device [1, 64] in HBM = 64 elems x 2B = 128 B  (hbm counted: 128 B) broadcast (loaded once)
IO   op mm [reduction]
IO     output op0                    torch [1024, 4096] -> device [64, 1024, 64] in HBM = 4194304 elems x 2B = 8388608 B  (hbm counted: 8388608 B)
IO     input  arg0_1                 torch [2048, 2048] -> device [32, 2048, 64] in HBM = 4194304 elems x 2B = 8388608 B  (hbm counted: 8388608 B)
IO     input  arg1_1                 torch [2048, 4096] -> device [64, 2048, 64] in HBM = 8388608 elems x 2B = 16777216 B  (hbm counted: 16777216 B)
IO   op Pointwise
IO     output coarse_tile_combine_buf0 torch [1024, 4096] -> device [1024, 4096] in HBM = 4194304 elems x 2B = 8388608 B  (hbm counted: 8388608 B)
IO     input  buf0                   torch [1024, 4096] -> device [64, 1024, 64] in HBM = 4194304 elems x 2B = 8388608 B  (hbm counted: 8388608 B)
IO     input  buf2                   torch [1024, 4096] -> device [64, 1024, 64] in HBM = 4194304 elems x 2B = 8388608 B  (hbm counted: 8388608 B)
IO   op Pointwise
IO     output coarse_tile_reduce_copy_buf0 torch [2048, 4096] -> device [2048, 4096] in HBM = 8388608 elems x 2B = 16777216 B  (hbm counted: 16777216 B)
IO     input  buf2                   torch [1024, 4096] -> device [64, 1024, 64] in HBM = 4194304 elems x 2B = 8388608 B  (hbm counted: 8388608 B)
IO   => HBM I/O total = 92274816 B  (lx 0 B, ~free)
MODEL -- estimate (turnaround): T = compute + [(R+W)/BW_PEAK + a*min(R,W)] / eff_underfill --
MODEL   R=50331776 B (read)   W=41943040 B (write)   loop_trip L=16
MODEL   compute = MACs/cores/(mac_peak*pt_eff) = 1073741824/32/(1140*1.000) = 29.43 us  (M/m=256, pt_eff=1.000)
MODEL   base = R/150+W/150 = 615.17 us
MODEL   turn = a*min(R,W) = 0.00574*41943040 = 240.75 us
MODEL   eff_underfill = min(0.95,(2.0/13)**0.68) = 0.280 -> (base+turn)/eff = 3056.42 us
MODEL   => T_model = 3130.08 us
MODEL FEATS [{"name":"Pointwise","is_reduction":false,"out_elems":4194304,"cores":32,"dtype_bytes":2,"args":[{"name":"coarse_tile_fill_buf0","role":"output","mem":"hbm","elems":4194304,"broadcast":false,"dims":[1024,4096],"logical":[1024,4096],"loop_factor":1},{"name":"buf3","role":"input","mem":"hbm","elems":64,"broadcast":true,"dims":[1,64],"logical":[],"loop_factor":1}],"reduction_cores":1,"loop_trip":2,"tiles_output_dim":true,"tile_rows_per_core":16,"is_matmul":false,"matmul_macs":0,"matmul_rows_per_core":0.0,"matmul_cols_per_core":0.0,"matmul_a_bytes":0,"matmul_b_bytes":0,"matmul_m_split":1,"matmul_n_split":1,"hbm_pattern":""},{"name":"mm","is_reduction":true,"out_elems":4194304,"cores":32,"dtype_bytes":2,"args":[{"name":"op0","role":"output","mem":"hbm","elems":4194304,"broadcast":false,"dims":[64,1024,64],"logical":[1024,4096],"loop_factor":1},{"name":"arg0_1","role":"input","mem":"hbm","elems":4194304,"broadcast":false,"dims":[32,2048,64],"logical":[2048,2048],"loop_factor":1},{"name":"arg1_1","role":"input","mem":"hbm","elems":8388608,"broadcast":false,"dims":[64,2048,64],"logical":[2048,4096],"loop_factor":1}],"reduction_cores":1,"loop_trip":16,"tiles_output_dim":true,"tile_rows_per_core":16.0,"is_matmul":true,"matmul_macs":1073741824,"matmul_rows_per_core":256.0,"matmul_cols_per_core":512.0,"matmul_a_bytes":524288,"matmul_b_bytes":2097152,"matmul_m_split":4,"matmul_n_split":8,"hbm_pattern":""},{"name":"Pointwise","is_reduction":false,"out_elems":4194304,"cores":32,"dtype_bytes":2,"args":[{"name":"coarse_tile_combine_buf0","role":"output","mem":"hbm","elems":4194304,"broadcast":false,"dims":[1024,4096],"logical":[1024,4096],"loop_factor":1},{"name":"buf0","role":"input","mem":"hbm","elems":4194304,"broadcast":false,"dims":[64,1024,64],"logical":[1024,4096],"loop_factor":1},{"name":"buf2","role":"input","mem":"hbm","elems":4194304,"broadcast":false,"dims":[64,1024,64],"logical":[1024,4096],"loop_factor":1}],"reduction_cores":1,"loop_trip":16,"tiles_output_dim":true,"tile_rows_per_core":2,"is_matmul":false,"matmul_macs":0,"matmul_rows_per_core":0.0,"matmul_cols_per_core":0.0,"matmul_a_bytes":0,"matmul_b_bytes":0,"matmul_m_split":1,"matmul_n_split":1,"hbm_pattern":""},{"name":"Pointwise","is_reduction":false,"out_elems":8388608,"cores":32,"dtype_bytes":2,"args":[{"name":"coarse_tile_reduce_copy_buf0","role":"output","mem":"hbm","elems":8388608,"broadcast":false,"dims":[2048,4096],"logical":[2048,4096],"loop_factor":1},{"name":"buf2","role":"input","mem":"hbm","elems":4194304,"broadcast":false,"dims":[64,1024,64],"logical":[1024,4096],"loop_factor":1}],"reduction_cores":1,"loop_trip":2,"tiles_output_dim":true,"tile_rows_per_core":32,"is_matmul":false,"matmul_macs":0,"matmul_rows_per_core":0.0,"matmul_cols_per_core":0.0,"matmul_a_bytes":0,"matmul_b_bytes":0,"matmul_m_split":1,"matmul_n_split":1,"hbm_pattern":""}]
SUMMARY op=mm_nested_m_k rows=2048 cols=2048 cores=32 tiles=8 lx=1 io_hbm_bytes=92274816 kernel_us=5906.932 pred_us=3130.076 err_pct=-47.0 bw_gbps=15.6 memset_us=364.468 other_dev_us=807.500 total_dev_us=7078.900
## CK matmul_k_tiling tiles{1,2,4,8,16} x 2 shapes (accurate control)
-- matmul_k_tiling M=2048 K=2048 N=2048 tiles=1
  op_it_space_splits={d0: 8, d1: 4, d2: 1}
IO -- device-layout I/O (cost model, stick-padded) --
IO   op mm [reduction]
IO     output op0                    torch [2048, 2048] -> device [32, 2048, 64] in HBM = 4194304 elems x 2B = 8388608 B  (hbm counted: 8388608 B)
IO     input  arg0_1                 torch [2048, 2048] -> device [32, 2048, 64] in HBM = 4194304 elems x 2B = 8388608 B  (hbm counted: 8388608 B)
IO     input  arg1_1                 torch [2048, 2048] -> device [32, 2048, 64] in HBM = 4194304 elems x 2B = 8388608 B  (hbm counted: 8388608 B)
IO   => HBM I/O total = 25165824 B  (lx 0 B, ~free)
MODEL -- estimate (turnaround): T = compute + (R+W)/BW_PEAK + a*min(R,W) --
MODEL   R=16777216 B (read)   W=8388608 B (write)   loop_trip L=1
MODEL   compute = MACs/cores/(mac_peak*pt_eff) = 8589934592/32/(1140*1.000) = 235.47 us  (M/m=256, pt_eff=1.000)
MODEL   base = R/150+W/150 = 167.77 us
MODEL   turn = a*min(R,W) = 0.00574*8388608 = 48.15 us
MODEL   => T_model = 393.41 us
MODEL FEATS [{"name":"mm","is_reduction":true,"out_elems":4194304,"cores":32,"dtype_bytes":2,"args":[{"name":"op0","role":"output","mem":"hbm","elems":4194304,"broadcast":false,"dims":[32,2048,64],"logical":[2048,2048],"loop_factor":1},{"name":"arg0_1","role":"input","mem":"hbm","elems":4194304,"broadcast":false,"dims":[32,2048,64],"logical":[2048,2048],"loop_factor":1},{"name":"arg1_1","role":"input","mem":"hbm","elems":4194304,"broadcast":false,"dims":[32,2048,64],"logical":[2048,2048],"loop_factor":1}],"reduction_cores":1,"loop_trip":1,"tiles_output_dim":false,"tile_rows_per_core":0.0,"is_matmul":true,"matmul_macs":8589934592,"matmul_rows_per_core":256.0,"matmul_cols_per_core":512.0,"matmul_a_bytes":8388608,"matmul_b_bytes":8388608,"matmul_m_split":8,"matmul_n_split":4,"hbm_pattern":""}]
SUMMARY op=matmul_k_tiling rows=2048 cols=2048 cores=32 tiles=1 lx=1 io_hbm_bytes=25165824 kernel_us=382.540 pred_us=393.408 err_pct=+2.8 bw_gbps=65.8 memset_us=199.650 other_dev_us=566.924 total_dev_us=1149.114
-- matmul_k_tiling M=2048 K=2048 N=2048 tiles=2
  op_it_space_splits={d0: 32, d1: 1}
  op_it_space_splits={d0: 8, d1: 4, d2: 1}
  op_it_space_splits={d0: 32, d1: 1}
  op_it_space_splits={d0: 32, d1: 1}
  op_it_space_splits={d0: 8, d1: 4, d2: 1}
  op_it_space_splits={d0: 32, d1: 1}
  op_it_space_splits={d0: 32, d1: 1}
  op_it_space_splits={d0: 8, d1: 4, d2: 1}
  op_it_space_splits={d0: 32, d1: 1}
  op_it_space_splits={d0: 32, d1: 1}
  op_it_space_splits={d0: 8, d1: 4, d2: 1}
  op_it_space_splits={d0: 32, d1: 1}
  op_it_space_splits={d0: 32, d1: 1}
  op_it_space_splits={d0: 8, d1: 4, d2: 1}
  op_it_space_splits={d0: 32, d1: 1}
  op_it_space_splits={d0: 32, d1: 1}
  op_it_space_splits={d0: 8, d1: 4, d2: 1}
  op_it_space_splits={d0: 32, d1: 1}
IO -- device-layout I/O (cost model, stick-padded) --
IO   op Pointwise
IO     output coarse_tile_fill_buf0  torch [2048, 2048] -> device [2048, 2048] in HBM = 4194304 elems x 2B = 8388608 B  (hbm counted: 8388608 B)
IO     input  buf2                   device [1, 64] in HBM = 64 elems x 2B = 128 B  (hbm counted: 128 B) broadcast (loaded once)
IO   op mm [reduction]
IO     output op0                    torch [2048, 2048] -> device [32, 2048, 64] in HBM = 4194304 elems x 2B = 8388608 B  (hbm counted: 16777216 B) xL=2
IO     input  arg0_1                 torch [2048, 2048] -> device [32, 2048, 64] in HBM = 4194304 elems x 2B = 8388608 B  (hbm counted: 8388608 B)
IO     input  arg1_1                 torch [2048, 2048] -> device [32, 2048, 64] in HBM = 4194304 elems x 2B = 8388608 B  (hbm counted: 8388608 B)
IO   op Pointwise
IO     output coarse_tile_combine_buf0 torch [2048, 2048] -> device [2048, 2048] in HBM = 4194304 elems x 2B = 8388608 B  (hbm counted: 16777216 B) xL=2
IO     input  buf0                   torch [2048, 2048] -> device [32, 2048, 64] in HBM = 4194304 elems x 2B = 8388608 B  (hbm counted: 16777216 B) xL=2
IO     input  buf1                   torch [2048, 2048] -> device [32, 2048, 64] in HBM = 4194304 elems x 2B = 8388608 B  (hbm counted: 16777216 B) xL=2
IO   => HBM I/O total = 92274816 B  (lx 0 B, ~free)
MODEL -- estimate (turnaround): T = compute + (R+W)/BW_PEAK + a*min(R,W) --
MODEL   R=50331776 B (read)   W=41943040 B (write)   loop_trip L=2
MODEL   compute = MACs/cores/(mac_peak*pt_eff) = 4294967296/32/(1140*1.000) = 117.73 us  (M/m=256, pt_eff=1.000)
MODEL   base = R/150+W/150 = 615.17 us
MODEL   turn = a*min(R,W) = 0.00574*41943040 = 240.75 us
MODEL   => T_model = 950.14 us
MODEL FEATS [{"name":"Pointwise","is_reduction":false,"out_elems":4194304,"cores":32,"dtype_bytes":2,"args":[{"name":"coarse_tile_fill_buf0","role":"output","mem":"hbm","elems":4194304,"broadcast":false,"dims":[2048,2048],"logical":[2048,2048],"loop_factor":1},{"name":"buf2","role":"input","mem":"hbm","elems":64,"broadcast":true,"dims":[1,64],"logical":[],"loop_factor":1}],"reduction_cores":1,"loop_trip":1,"tiles_output_dim":false,"tile_rows_per_core":0.0,"is_matmul":false,"matmul_macs":0,"matmul_rows_per_core":0.0,"matmul_cols_per_core":0.0,"matmul_a_bytes":0,"matmul_b_bytes":0,"matmul_m_split":1,"matmul_n_split":1,"hbm_pattern":""},{"name":"mm","is_reduction":true,"out_elems":4194304,"cores":32,"dtype_bytes":2,"args":[{"name":"op0","role":"output","mem":"hbm","elems":4194304,"broadcast":false,"dims":[32,2048,64],"logical":[2048,2048],"loop_factor":2},{"name":"arg0_1","role":"input","mem":"hbm","elems":4194304,"broadcast":false,"dims":[32,2048,64],"logical":[2048,2048],"loop_factor":1},{"name":"arg1_1","role":"input","mem":"hbm","elems":4194304,"broadcast":false,"dims":[32,2048,64],"logical":[2048,2048],"loop_factor":1}],"reduction_cores":1,"loop_trip":2,"tiles_output_dim":false,"tile_rows_per_core":0.0,"is_matmul":true,"matmul_macs":4294967296,"matmul_rows_per_core":256.0,"matmul_cols_per_core":512.0,"matmul_a_bytes":4194304,"matmul_b_bytes":4194304,"matmul_m_split":8,"matmul_n_split":4,"hbm_pattern":""},{"name":"Pointwise","is_reduction":false,"out_elems":4194304,"cores":32,"dtype_bytes":2,"args":[{"name":"coarse_tile_combine_buf0","role":"output","mem":"hbm","elems":4194304,"broadcast":false,"dims":[2048,2048],"logical":[2048,2048],"loop_factor":2},{"name":"buf0","role":"input","mem":"hbm","elems":4194304,"broadcast":false,"dims":[32,2048,64],"logical":[2048,2048],"loop_factor":2},{"name":"buf1","role":"input","mem":"hbm","elems":4194304,"broadcast":false,"dims":[32,2048,64],"logical":[2048,2048],"loop_factor":2}],"reduction_cores":1,"loop_trip":2,"tiles_output_dim":false,"tile_rows_per_core":0.0,"is_matmul":false,"matmul_macs":0,"matmul_rows_per_core":0.0,"matmul_cols_per_core":0.0,"matmul_a_bytes":0,"matmul_b_bytes":0,"matmul_m_split":1,"matmul_n_split":1,"hbm_pattern":""}]
SUMMARY op=matmul_k_tiling rows=2048 cols=2048 cores=32 tiles=2 lx=1 io_hbm_bytes=92274816 kernel_us=1020.922 pred_us=950.144 err_pct=-6.9 bw_gbps=90.4 memset_us=302.815 other_dev_us=647.621 total_dev_us=1971.358
-- matmul_k_tiling M=2048 K=2048 N=2048 tiles=4
  op_it_space_splits={d0: 32, d1: 1}
  op_it_space_splits={d0: 8, d1: 4, d2: 1}
  op_it_space_splits={d0: 32, d1: 1}
  op_it_space_splits={d0: 32, d1: 1}
  op_it_space_splits={d0: 8, d1: 4, d2: 1}
  op_it_space_splits={d0: 32, d1: 1}
  op_it_space_splits={d0: 32, d1: 1}
  op_it_space_splits={d0: 8, d1: 4, d2: 1}
  op_it_space_splits={d0: 32, d1: 1}
  op_it_space_splits={d0: 32, d1: 1}
  op_it_space_splits={d0: 8, d1: 4, d2: 1}
  op_it_space_splits={d0: 32, d1: 1}
  op_it_space_splits={d0: 32, d1: 1}
  op_it_space_splits={d0: 8, d1: 4, d2: 1}
  op_it_space_splits={d0: 32, d1: 1}
  op_it_space_splits={d0: 32, d1: 1}
  op_it_space_splits={d0: 8, d1: 4, d2: 1}
  op_it_space_splits={d0: 32, d1: 1}
IO -- device-layout I/O (cost model, stick-padded) --
IO   op Pointwise
IO     output coarse_tile_fill_buf0  torch [2048, 2048] -> device [2048, 2048] in HBM = 4194304 elems x 2B = 8388608 B  (hbm counted: 8388608 B)
IO     input  buf2                   device [1, 64] in HBM = 64 elems x 2B = 128 B  (hbm counted: 128 B) broadcast (loaded once)
IO   op mm [reduction]
IO     output op0                    torch [2048, 2048] -> device [32, 2048, 64] in HBM = 4194304 elems x 2B = 8388608 B  (hbm counted: 33554432 B) xL=4
IO     input  arg0_1                 torch [2048, 2048] -> device [32, 2048, 64] in HBM = 4194304 elems x 2B = 8388608 B  (hbm counted: 8388608 B)
IO     input  arg1_1                 torch [2048, 2048] -> device [32, 2048, 64] in HBM = 4194304 elems x 2B = 8388608 B  (hbm counted: 8388608 B)
IO   op Pointwise
IO     output coarse_tile_combine_buf0 torch [2048, 2048] -> device [2048, 2048] in HBM = 4194304 elems x 2B = 8388608 B  (hbm counted: 33554432 B) xL=4
IO     input  buf0                   torch [2048, 2048] -> device [32, 2048, 64] in HBM = 4194304 elems x 2B = 8388608 B  (hbm counted: 33554432 B) xL=4
IO     input  buf1                   torch [2048, 2048] -> device [32, 2048, 64] in HBM = 4194304 elems x 2B = 8388608 B  (hbm counted: 33554432 B) xL=4
IO   => HBM I/O total = 159383680 B  (lx 0 B, ~free)
MODEL -- estimate (turnaround): T = compute + (R+W)/BW_PEAK + a*min(R,W) --
MODEL   R=83886208 B (read)   W=75497472 B (write)   loop_trip L=4
MODEL   compute = MACs/cores/(mac_peak*pt_eff) = 2147483648/32/(1140*1.000) = 58.87 us  (M/m=256, pt_eff=1.000)
MODEL   base = R/150+W/150 = 1062.56 us
MODEL   turn = a*min(R,W) = 0.00574*75497472 = 433.36 us
MODEL   => T_model = 1545.77 us
MODEL FEATS [{"name":"Pointwise","is_reduction":false,"out_elems":4194304,"cores":32,"dtype_bytes":2,"args":[{"name":"coarse_tile_fill_buf0","role":"output","mem":"hbm","elems":4194304,"broadcast":false,"dims":[2048,2048],"logical":[2048,2048],"loop_factor":1},{"name":"buf2","role":"input","mem":"hbm","elems":64,"broadcast":true,"dims":[1,64],"logical":[],"loop_factor":1}],"reduction_cores":1,"loop_trip":1,"tiles_output_dim":false,"tile_rows_per_core":0.0,"is_matmul":false,"matmul_macs":0,"matmul_rows_per_core":0.0,"matmul_cols_per_core":0.0,"matmul_a_bytes":0,"matmul_b_bytes":0,"matmul_m_split":1,"matmul_n_split":1,"hbm_pattern":""},{"name":"mm","is_reduction":true,"out_elems":4194304,"cores":32,"dtype_bytes":2,"args":[{"name":"op0","role":"output","mem":"hbm","elems":4194304,"broadcast":false,"dims":[32,2048,64],"logical":[2048,2048],"loop_factor":4},{"name":"arg0_1","role":"input","mem":"hbm","elems":4194304,"broadcast":false,"dims":[32,2048,64],"logical":[2048,2048],"loop_factor":1},{"name":"arg1_1","role":"input","mem":"hbm","elems":4194304,"broadcast":false,"dims":[32,2048,64],"logical":[2048,2048],"loop_factor":1}],"reduction_cores":1,"loop_trip":4,"tiles_output_dim":false,"tile_rows_per_core":0.0,"is_matmul":true,"matmul_macs":2147483648,"matmul_rows_per_core":256.0,"matmul_cols_per_core":512.0,"matmul_a_bytes":2097152,"matmul_b_bytes":2097152,"matmul_m_split":8,"matmul_n_split":4,"hbm_pattern":""},{"name":"Pointwise","is_reduction":false,"out_elems":4194304,"cores":32,"dtype_bytes":2,"args":[{"name":"coarse_tile_combine_buf0","role":"output","mem":"hbm","elems":4194304,"broadcast":false,"dims":[2048,2048],"logical":[2048,2048],"loop_factor":4},{"name":"buf0","role":"input","mem":"hbm","elems":4194304,"broadcast":false,"dims":[32,2048,64],"logical":[2048,2048],"loop_factor":4},{"name":"buf1","role":"input","mem":"hbm","elems":4194304,"broadcast":false,"dims":[32,2048,64],"logical":[2048,2048],"loop_factor":4}],"reduction_cores":1,"loop_trip":4,"tiles_output_dim":false,"tile_rows_per_core":0.0,"is_matmul":false,"matmul_macs":0,"matmul_rows_per_core":0.0,"matmul_cols_per_core":0.0,"matmul_a_bytes":0,"matmul_b_bytes":0,"matmul_m_split":1,"matmul_n_split":1,"hbm_pattern":""}]
SUMMARY op=matmul_k_tiling rows=2048 cols=2048 cores=32 tiles=4 lx=1 io_hbm_bytes=159383680 kernel_us=1705.427 pred_us=1545.767 err_pct=-9.4 bw_gbps=93.5 memset_us=291.811 other_dev_us=356.839 total_dev_us=2354.077
-- matmul_k_tiling M=2048 K=2048 N=2048 tiles=8
  op_it_space_splits={d0: 32, d1: 1}
  op_it_space_splits={d0: 8, d1: 4, d2: 1}
  op_it_space_splits={d0: 32, d1: 1}
  op_it_space_splits={d0: 32, d1: 1}
  op_it_space_splits={d0: 8, d1: 4, d2: 1}
  op_it_space_splits={d0: 32, d1: 1}
  op_it_space_splits={d0: 32, d1: 1}
  op_it_space_splits={d0: 8, d1: 4, d2: 1}
  op_it_space_splits={d0: 32, d1: 1}
  op_it_space_splits={d0: 32, d1: 1}
  op_it_space_splits={d0: 8, d1: 4, d2: 1}
  op_it_space_splits={d0: 32, d1: 1}
  op_it_space_splits={d0: 32, d1: 1}
  op_it_space_splits={d0: 8, d1: 4, d2: 1}
  op_it_space_splits={d0: 32, d1: 1}
  op_it_space_splits={d0: 32, d1: 1}
  op_it_space_splits={d0: 8, d1: 4, d2: 1}
  op_it_space_splits={d0: 32, d1: 1}
IO -- device-layout I/O (cost model, stick-padded) --
IO   op Pointwise
IO     output coarse_tile_fill_buf0  torch [2048, 2048] -> device [2048, 2048] in HBM = 4194304 elems x 2B = 8388608 B  (hbm counted: 8388608 B)
IO     input  buf2                   device [1, 64] in HBM = 64 elems x 2B = 128 B  (hbm counted: 128 B) broadcast (loaded once)
IO   op mm [reduction]
IO     output op0                    torch [2048, 2048] -> device [32, 2048, 64] in HBM = 4194304 elems x 2B = 8388608 B  (hbm counted: 67108864 B) xL=8
IO     input  arg0_1                 torch [2048, 2048] -> device [32, 2048, 64] in HBM = 4194304 elems x 2B = 8388608 B  (hbm counted: 8388608 B)
IO     input  arg1_1                 torch [2048, 2048] -> device [32, 2048, 64] in HBM = 4194304 elems x 2B = 8388608 B  (hbm counted: 8388608 B)
IO   op Pointwise
IO     output coarse_tile_combine_buf0 torch [2048, 2048] -> device [2048, 2048] in HBM = 4194304 elems x 2B = 8388608 B  (hbm counted: 67108864 B) xL=8
IO     input  buf0                   torch [2048, 2048] -> device [32, 2048, 64] in HBM = 4194304 elems x 2B = 8388608 B  (hbm counted: 67108864 B) xL=8
IO     input  buf1                   torch [2048, 2048] -> device [32, 2048, 64] in HBM = 4194304 elems x 2B = 8388608 B  (hbm counted: 67108864 B) xL=8
IO   => HBM I/O total = 293601408 B  (lx 0 B, ~free)
MODEL -- estimate (turnaround): T = compute + (R+W)/BW_PEAK + a*min(R,W) --
MODEL   R=150995072 B (read)   W=142606336 B (write)   loop_trip L=8
MODEL   compute = MACs/cores/(mac_peak*pt_eff) = 1073741824/32/(1140*1.000) = 29.43 us  (M/m=256, pt_eff=1.000)
MODEL   base = R/150+W/150 = 1957.34 us
MODEL   turn = a*min(R,W) = 0.00574*142606336 = 818.56 us
MODEL   => T_model = 2803.57 us
MODEL FEATS [{"name":"Pointwise","is_reduction":false,"out_elems":4194304,"cores":32,"dtype_bytes":2,"args":[{"name":"coarse_tile_fill_buf0","role":"output","mem":"hbm","elems":4194304,"broadcast":false,"dims":[2048,2048],"logical":[2048,2048],"loop_factor":1},{"name":"buf2","role":"input","mem":"hbm","elems":64,"broadcast":true,"dims":[1,64],"logical":[],"loop_factor":1}],"reduction_cores":1,"loop_trip":1,"tiles_output_dim":false,"tile_rows_per_core":0.0,"is_matmul":false,"matmul_macs":0,"matmul_rows_per_core":0.0,"matmul_cols_per_core":0.0,"matmul_a_bytes":0,"matmul_b_bytes":0,"matmul_m_split":1,"matmul_n_split":1,"hbm_pattern":""},{"name":"mm","is_reduction":true,"out_elems":4194304,"cores":32,"dtype_bytes":2,"args":[{"name":"op0","role":"output","mem":"hbm","elems":4194304,"broadcast":false,"dims":[32,2048,64],"logical":[2048,2048],"loop_factor":8},{"name":"arg0_1","role":"input","mem":"hbm","elems":4194304,"broadcast":false,"dims":[32,2048,64],"logical":[2048,2048],"loop_factor":1},{"name":"arg1_1","role":"input","mem":"hbm","elems":4194304,"broadcast":false,"dims":[32,2048,64],"logical":[2048,2048],"loop_factor":1}],"reduction_cores":1,"loop_trip":8,"tiles_output_dim":false,"tile_rows_per_core":0.0,"is_matmul":true,"matmul_macs":1073741824,"matmul_rows_per_core":256.0,"matmul_cols_per_core":512.0,"matmul_a_bytes":1048576,"matmul_b_bytes":1048576,"matmul_m_split":8,"matmul_n_split":4,"hbm_pattern":""},{"name":"Pointwise","is_reduction":false,"out_elems":4194304,"cores":32,"dtype_bytes":2,"args":[{"name":"coarse_tile_combine_buf0","role":"output","mem":"hbm","elems":4194304,"broadcast":false,"dims":[2048,2048],"logical":[2048,2048],"loop_factor":8},{"name":"buf0","role":"input","mem":"hbm","elems":4194304,"broadcast":false,"dims":[32,2048,64],"logical":[2048,2048],"loop_factor":8},{"name":"buf1","role":"input","mem":"hbm","elems":4194304,"broadcast":false,"dims":[32,2048,64],"logical":[2048,2048],"loop_factor":8}],"reduction_cores":1,"loop_trip":8,"tiles_output_dim":false,"tile_rows_per_core":0.0,"is_matmul":false,"matmul_macs":0,"matmul_rows_per_core":0.0,"matmul_cols_per_core":0.0,"matmul_a_bytes":0,"matmul_b_bytes":0,"matmul_m_split":1,"matmul_n_split":1,"hbm_pattern":""}]
SUMMARY op=matmul_k_tiling rows=2048 cols=2048 cores=32 tiles=8 lx=1 io_hbm_bytes=293601408 kernel_us=2879.169 pred_us=2803.571 err_pct=-2.6 bw_gbps=102.0 memset_us=318.485 other_dev_us=380.282 total_dev_us=3577.936
-- matmul_k_tiling M=2048 K=2048 N=2048 tiles=16
  op_it_space_splits={d0: 32, d1: 1}
  op_it_space_splits={d0: 8, d1: 4, d2: 1}
  op_it_space_splits={d0: 32, d1: 1}
  op_it_space_splits={d0: 32, d1: 1}
  op_it_space_splits={d0: 8, d1: 4, d2: 1}
  op_it_space_splits={d0: 32, d1: 1}
  op_it_space_splits={d0: 32, d1: 1}
  op_it_space_splits={d0: 8, d1: 4, d2: 1}
  op_it_space_splits={d0: 32, d1: 1}
  op_it_space_splits={d0: 32, d1: 1}
  op_it_space_splits={d0: 8, d1: 4, d2: 1}
  op_it_space_splits={d0: 32, d1: 1}
  op_it_space_splits={d0: 32, d1: 1}
  op_it_space_splits={d0: 8, d1: 4, d2: 1}
  op_it_space_splits={d0: 32, d1: 1}
  op_it_space_splits={d0: 32, d1: 1}
  op_it_space_splits={d0: 8, d1: 4, d2: 1}
  op_it_space_splits={d0: 32, d1: 1}
IO -- device-layout I/O (cost model, stick-padded) --
IO   op Pointwise
IO     output coarse_tile_fill_buf0  torch [2048, 2048] -> device [2048, 2048] in HBM = 4194304 elems x 2B = 8388608 B  (hbm counted: 8388608 B)
IO     input  buf2                   device [1, 64] in HBM = 64 elems x 2B = 128 B  (hbm counted: 128 B) broadcast (loaded once)
IO   op mm [reduction]
IO     output op0                    torch [2048, 2048] -> device [32, 2048, 64] in HBM = 4194304 elems x 2B = 8388608 B  (hbm counted: 134217728 B) xL=16
IO     input  arg0_1                 torch [2048, 2048] -> device [32, 2048, 64] in HBM = 4194304 elems x 2B = 8388608 B  (hbm counted: 8388608 B)
IO     input  arg1_1                 torch [2048, 2048] -> device [32, 2048, 64] in HBM = 4194304 elems x 2B = 8388608 B  (hbm counted: 8388608 B)
IO   op Pointwise
IO     output coarse_tile_combine_buf0 torch [2048, 2048] -> device [2048, 2048] in HBM = 4194304 elems x 2B = 8388608 B  (hbm counted: 134217728 B) xL=16
IO     input  buf0                   torch [2048, 2048] -> device [32, 2048, 64] in HBM = 4194304 elems x 2B = 8388608 B  (hbm counted: 134217728 B) xL=16
IO     input  buf1                   torch [2048, 2048] -> device [32, 2048, 64] in HBM = 4194304 elems x 2B = 8388608 B  (hbm counted: 134217728 B) xL=16
IO   => HBM I/O total = 562036864 B  (lx 0 B, ~free)
MODEL -- estimate (turnaround): T = compute + (R+W)/BW_PEAK + a*min(R,W) --
MODEL   R=285212800 B (read)   W=276824064 B (write)   loop_trip L=16
MODEL   compute = MACs/cores/(mac_peak*pt_eff) = 536870912/32/(1140*1.000) = 14.72 us  (M/m=256, pt_eff=1.000)
MODEL   base = R/150+W/150 = 3746.91 us
MODEL   turn = a*min(R,W) = 0.00574*276824064 = 1588.97 us
MODEL   => T_model = 5352.46 us
MODEL FEATS [{"name":"Pointwise","is_reduction":false,"out_elems":4194304,"cores":32,"dtype_bytes":2,"args":[{"name":"coarse_tile_fill_buf0","role":"output","mem":"hbm","elems":4194304,"broadcast":false,"dims":[2048,2048],"logical":[2048,2048],"loop_factor":1},{"name":"buf2","role":"input","mem":"hbm","elems":64,"broadcast":true,"dims":[1,64],"logical":[],"loop_factor":1}],"reduction_cores":1,"loop_trip":1,"tiles_output_dim":false,"tile_rows_per_core":0.0,"is_matmul":false,"matmul_macs":0,"matmul_rows_per_core":0.0,"matmul_cols_per_core":0.0,"matmul_a_bytes":0,"matmul_b_bytes":0,"matmul_m_split":1,"matmul_n_split":1,"hbm_pattern":""},{"name":"mm","is_reduction":true,"out_elems":4194304,"cores":32,"dtype_bytes":2,"args":[{"name":"op0","role":"output","mem":"hbm","elems":4194304,"broadcast":false,"dims":[32,2048,64],"logical":[2048,2048],"loop_factor":16},{"name":"arg0_1","role":"input","mem":"hbm","elems":4194304,"broadcast":false,"dims":[32,2048,64],"logical":[2048,2048],"loop_factor":1},{"name":"arg1_1","role":"input","mem":"hbm","elems":4194304,"broadcast":false,"dims":[32,2048,64],"logical":[2048,2048],"loop_factor":1}],"reduction_cores":1,"loop_trip":16,"tiles_output_dim":false,"tile_rows_per_core":0.0,"is_matmul":true,"matmul_macs":536870912,"matmul_rows_per_core":256.0,"matmul_cols_per_core":512.0,"matmul_a_bytes":524288,"matmul_b_bytes":524288,"matmul_m_split":8,"matmul_n_split":4,"hbm_pattern":""},{"name":"Pointwise","is_reduction":false,"out_elems":4194304,"cores":32,"dtype_bytes":2,"args":[{"name":"coarse_tile_combine_buf0","role":"output","mem":"hbm","elems":4194304,"broadcast":false,"dims":[2048,2048],"logical":[2048,2048],"loop_factor":16},{"name":"buf0","role":"input","mem":"hbm","elems":4194304,"broadcast":false,"dims":[32,2048,64],"logical":[2048,2048],"loop_factor":16},{"name":"buf1","role":"input","mem":"hbm","elems":4194304,"broadcast":false,"dims":[32,2048,64],"logical":[2048,2048],"loop_factor":16}],"reduction_cores":1,"loop_trip":16,"tiles_output_dim":false,"tile_rows_per_core":0.0,"is_matmul":false,"matmul_macs":0,"matmul_rows_per_core":0.0,"matmul_cols_per_core":0.0,"matmul_a_bytes":0,"matmul_b_bytes":0,"matmul_m_split":1,"matmul_n_split":1,"hbm_pattern":""}]
SUMMARY op=matmul_k_tiling rows=2048 cols=2048 cores=32 tiles=16 lx=1 io_hbm_bytes=562036864 kernel_us=5310.440 pred_us=5352.458 err_pct=+0.8 bw_gbps=105.8 memset_us=612.564 other_dev_us=358.853 total_dev_us=6281.857
-- matmul_k_tiling M=4096 K=2048 N=2048 tiles=1
  op_it_space_splits={d0: 8, d1: 4, d2: 1}
IO -- device-layout I/O (cost model, stick-padded) --
IO   op mm [reduction]
IO     output op0                    torch [4096, 2048] -> device [32, 4096, 64] in HBM = 8388608 elems x 2B = 16777216 B  (hbm counted: 16777216 B)
IO     input  arg0_1                 torch [4096, 2048] -> device [32, 4096, 64] in HBM = 8388608 elems x 2B = 16777216 B  (hbm counted: 16777216 B)
IO     input  arg1_1                 torch [2048, 2048] -> device [32, 2048, 64] in HBM = 4194304 elems x 2B = 8388608 B  (hbm counted: 8388608 B)
IO   => HBM I/O total = 41943040 B  (lx 0 B, ~free)
MODEL -- estimate (turnaround): T = compute + (R+W)/BW_PEAK + a*min(R,W) --
MODEL   R=25165824 B (read)   W=16777216 B (write)   loop_trip L=1
MODEL   compute = MACs/cores/(mac_peak*pt_eff) = 17179869184/32/(1140*1.000) = 470.94 us  (M/m=512, pt_eff=1.000)
MODEL   base = R/150+W/150 = 279.62 us
MODEL   turn = a*min(R,W) = 0.00574*16777216 = 96.30 us
MODEL   => T_model = 781.22 us
MODEL FEATS [{"name":"mm","is_reduction":true,"out_elems":8388608,"cores":32,"dtype_bytes":2,"args":[{"name":"op0","role":"output","mem":"hbm","elems":8388608,"broadcast":false,"dims":[32,4096,64],"logical":[4096,2048],"loop_factor":1},{"name":"arg0_1","role":"input","mem":"hbm","elems":8388608,"broadcast":false,"dims":[32,4096,64],"logical":[4096,2048],"loop_factor":1},{"name":"arg1_1","role":"input","mem":"hbm","elems":4194304,"broadcast":false,"dims":[32,2048,64],"logical":[2048,2048],"loop_factor":1}],"reduction_cores":1,"loop_trip":1,"tiles_output_dim":false,"tile_rows_per_core":0.0,"is_matmul":true,"matmul_macs":17179869184,"matmul_rows_per_core":512.0,"matmul_cols_per_core":512.0,"matmul_a_bytes":16777216,"matmul_b_bytes":8388608,"matmul_m_split":8,"matmul_n_split":4,"hbm_pattern":""}]
SUMMARY op=matmul_k_tiling rows=4096 cols=2048 cores=32 tiles=1 lx=1 io_hbm_bytes=41943040 kernel_us=839.815 pred_us=781.224 err_pct=-7.0 bw_gbps=49.9 memset_us=211.099 other_dev_us=1010.466 total_dev_us=2061.380
-- matmul_k_tiling M=4096 K=2048 N=2048 tiles=2
  op_it_space_splits={d0: 32, d1: 1}
  op_it_space_splits={d0: 8, d1: 4, d2: 1}
  op_it_space_splits={d0: 32, d1: 1}
  op_it_space_splits={d0: 32, d1: 1}
  op_it_space_splits={d0: 8, d1: 4, d2: 1}
  op_it_space_splits={d0: 32, d1: 1}
  op_it_space_splits={d0: 32, d1: 1}
  op_it_space_splits={d0: 8, d1: 4, d2: 1}
  op_it_space_splits={d0: 32, d1: 1}
  op_it_space_splits={d0: 32, d1: 1}
  op_it_space_splits={d0: 8, d1: 4, d2: 1}
  op_it_space_splits={d0: 32, d1: 1}
  op_it_space_splits={d0: 32, d1: 1}
  op_it_space_splits={d0: 8, d1: 4, d2: 1}
  op_it_space_splits={d0: 32, d1: 1}
  op_it_space_splits={d0: 32, d1: 1}
  op_it_space_splits={d0: 8, d1: 4, d2: 1}
  op_it_space_splits={d0: 32, d1: 1}
IO -- device-layout I/O (cost model, stick-padded) --
IO   op Pointwise
IO     output coarse_tile_fill_buf0  torch [4096, 2048] -> device [4096, 2048] in HBM = 8388608 elems x 2B = 16777216 B  (hbm counted: 16777216 B)
IO     input  buf2                   device [1, 64] in HBM = 64 elems x 2B = 128 B  (hbm counted: 128 B) broadcast (loaded once)
IO   op mm [reduction]
IO     output op0                    torch [4096, 2048] -> device [32, 4096, 64] in HBM = 8388608 elems x 2B = 16777216 B  (hbm counted: 33554432 B) xL=2
IO     input  arg0_1                 torch [4096, 2048] -> device [32, 4096, 64] in HBM = 8388608 elems x 2B = 16777216 B  (hbm counted: 16777216 B)
IO     input  arg1_1                 torch [2048, 2048] -> device [32, 2048, 64] in HBM = 4194304 elems x 2B = 8388608 B  (hbm counted: 8388608 B)
IO   op Pointwise
IO     output coarse_tile_combine_buf0 torch [4096, 2048] -> device [4096, 2048] in HBM = 8388608 elems x 2B = 16777216 B  (hbm counted: 33554432 B) xL=2
IO     input  buf0                   torch [4096, 2048] -> device [32, 4096, 64] in HBM = 8388608 elems x 2B = 16777216 B  (hbm counted: 33554432 B) xL=2
IO     input  buf1                   torch [4096, 2048] -> device [32, 4096, 64] in HBM = 8388608 elems x 2B = 16777216 B  (hbm counted: 33554432 B) xL=2
IO   => HBM I/O total = 176160896 B  (lx 0 B, ~free)
MODEL -- estimate (turnaround): T = compute + (R+W)/BW_PEAK + a*min(R,W) --
MODEL   R=92274816 B (read)   W=83886080 B (write)   loop_trip L=2
MODEL   compute = MACs/cores/(mac_peak*pt_eff) = 8589934592/32/(1140*1.000) = 235.47 us  (M/m=512, pt_eff=1.000)
MODEL   base = R/150+W/150 = 1174.41 us
MODEL   turn = a*min(R,W) = 0.00574*83886080 = 481.51 us
MODEL   => T_model = 1875.18 us
MODEL FEATS [{"name":"Pointwise","is_reduction":false,"out_elems":8388608,"cores":32,"dtype_bytes":2,"args":[{"name":"coarse_tile_fill_buf0","role":"output","mem":"hbm","elems":8388608,"broadcast":false,"dims":[4096,2048],"logical":[4096,2048],"loop_factor":1},{"name":"buf2","role":"input","mem":"hbm","elems":64,"broadcast":true,"dims":[1,64],"logical":[],"loop_factor":1}],"reduction_cores":1,"loop_trip":1,"tiles_output_dim":false,"tile_rows_per_core":0.0,"is_matmul":false,"matmul_macs":0,"matmul_rows_per_core":0.0,"matmul_cols_per_core":0.0,"matmul_a_bytes":0,"matmul_b_bytes":0,"matmul_m_split":1,"matmul_n_split":1,"hbm_pattern":""},{"name":"mm","is_reduction":true,"out_elems":8388608,"cores":32,"dtype_bytes":2,"args":[{"name":"op0","role":"output","mem":"hbm","elems":8388608,"broadcast":false,"dims":[32,4096,64],"logical":[4096,2048],"loop_factor":2},{"name":"arg0_1","role":"input","mem":"hbm","elems":8388608,"broadcast":false,"dims":[32,4096,64],"logical":[4096,2048],"loop_factor":1},{"name":"arg1_1","role":"input","mem":"hbm","elems":4194304,"broadcast":false,"dims":[32,2048,64],"logical":[2048,2048],"loop_factor":1}],"reduction_cores":1,"loop_trip":2,"tiles_output_dim":false,"tile_rows_per_core":0.0,"is_matmul":true,"matmul_macs":8589934592,"matmul_rows_per_core":512.0,"matmul_cols_per_core":512.0,"matmul_a_bytes":8388608,"matmul_b_bytes":4194304,"matmul_m_split":8,"matmul_n_split":4,"hbm_pattern":""},{"name":"Pointwise","is_reduction":false,"out_elems":8388608,"cores":32,"dtype_bytes":2,"args":[{"name":"coarse_tile_combine_buf0","role":"output","mem":"hbm","elems":8388608,"broadcast":false,"dims":[4096,2048],"logical":[4096,2048],"loop_factor":2},{"name":"buf0","role":"input","mem":"hbm","elems":8388608,"broadcast":false,"dims":[32,4096,64],"logical":[4096,2048],"loop_factor":2},{"name":"buf1","role":"input","mem":"hbm","elems":8388608,"broadcast":false,"dims":[32,4096,64],"logical":[4096,2048],"loop_factor":2}],"reduction_cores":1,"loop_trip":2,"tiles_output_dim":false,"tile_rows_per_core":0.0,"is_matmul":false,"matmul_macs":0,"matmul_rows_per_core":0.0,"matmul_cols_per_core":0.0,"matmul_a_bytes":0,"matmul_b_bytes":0,"matmul_m_split":1,"matmul_n_split":1,"hbm_pattern":""}]
SUMMARY op=matmul_k_tiling rows=4096 cols=2048 cores=32 tiles=2 lx=1 io_hbm_bytes=176160896 kernel_us=2147.756 pred_us=1875.184 err_pct=-12.7 bw_gbps=82.0 memset_us=307.558 other_dev_us=928.006 total_dev_us=3383.320
-- matmul_k_tiling M=4096 K=2048 N=2048 tiles=4
  op_it_space_splits={d0: 32, d1: 1}
  op_it_space_splits={d0: 8, d1: 4, d2: 1}
  op_it_space_splits={d0: 32, d1: 1}
  op_it_space_splits={d0: 32, d1: 1}
  op_it_space_splits={d0: 8, d1: 4, d2: 1}
  op_it_space_splits={d0: 32, d1: 1}
  op_it_space_splits={d0: 32, d1: 1}
  op_it_space_splits={d0: 8, d1: 4, d2: 1}
  op_it_space_splits={d0: 32, d1: 1}
  op_it_space_splits={d0: 32, d1: 1}
  op_it_space_splits={d0: 8, d1: 4, d2: 1}
  op_it_space_splits={d0: 32, d1: 1}
  op_it_space_splits={d0: 32, d1: 1}
  op_it_space_splits={d0: 8, d1: 4, d2: 1}
  op_it_space_splits={d0: 32, d1: 1}
  op_it_space_splits={d0: 32, d1: 1}
  op_it_space_splits={d0: 8, d1: 4, d2: 1}
  op_it_space_splits={d0: 32, d1: 1}
IO -- device-layout I/O (cost model, stick-padded) --
IO   op Pointwise
IO     output coarse_tile_fill_buf0  torch [4096, 2048] -> device [4096, 2048] in HBM = 8388608 elems x 2B = 16777216 B  (hbm counted: 16777216 B)
IO     input  buf2                   device [1, 64] in HBM = 64 elems x 2B = 128 B  (hbm counted: 128 B) broadcast (loaded once)
IO   op mm [reduction]
IO     output op0                    torch [4096, 2048] -> device [32, 4096, 64] in HBM = 8388608 elems x 2B = 16777216 B  (hbm counted: 67108864 B) xL=4
IO     input  arg0_1                 torch [4096, 2048] -> device [32, 4096, 64] in HBM = 8388608 elems x 2B = 16777216 B  (hbm counted: 16777216 B)
IO     input  arg1_1                 torch [2048, 2048] -> device [32, 2048, 64] in HBM = 4194304 elems x 2B = 8388608 B  (hbm counted: 8388608 B)
IO   op Pointwise
IO     output coarse_tile_combine_buf0 torch [4096, 2048] -> device [4096, 2048] in HBM = 8388608 elems x 2B = 16777216 B  (hbm counted: 67108864 B) xL=4
IO     input  buf0                   torch [4096, 2048] -> device [32, 4096, 64] in HBM = 8388608 elems x 2B = 16777216 B  (hbm counted: 67108864 B) xL=4
IO     input  buf1                   torch [4096, 2048] -> device [32, 4096, 64] in HBM = 8388608 elems x 2B = 16777216 B  (hbm counted: 67108864 B) xL=4
IO   => HBM I/O total = 310378624 B  (lx 0 B, ~free)
MODEL -- estimate (turnaround): T = compute + (R+W)/BW_PEAK + a*min(R,W) --
MODEL   R=159383680 B (read)   W=150994944 B (write)   loop_trip L=4
MODEL   compute = MACs/cores/(mac_peak*pt_eff) = 4294967296/32/(1140*1.000) = 117.73 us  (M/m=512, pt_eff=1.000)
MODEL   base = R/150+W/150 = 2069.19 us
MODEL   turn = a*min(R,W) = 0.00574*150994944 = 866.71 us
MODEL   => T_model = 3053.85 us
MODEL FEATS [{"name":"Pointwise","is_reduction":false,"out_elems":8388608,"cores":32,"dtype_bytes":2,"args":[{"name":"coarse_tile_fill_buf0","role":"output","mem":"hbm","elems":8388608,"broadcast":false,"dims":[4096,2048],"logical":[4096,2048],"loop_factor":1},{"name":"buf2","role":"input","mem":"hbm","elems":64,"broadcast":true,"dims":[1,64],"logical":[],"loop_factor":1}],"reduction_cores":1,"loop_trip":1,"tiles_output_dim":false,"tile_rows_per_core":0.0,"is_matmul":false,"matmul_macs":0,"matmul_rows_per_core":0.0,"matmul_cols_per_core":0.0,"matmul_a_bytes":0,"matmul_b_bytes":0,"matmul_m_split":1,"matmul_n_split":1,"hbm_pattern":""},{"name":"mm","is_reduction":true,"out_elems":8388608,"cores":32,"dtype_bytes":2,"args":[{"name":"op0","role":"output","mem":"hbm","elems":8388608,"broadcast":false,"dims":[32,4096,64],"logical":[4096,2048],"loop_factor":4},{"name":"arg0_1","role":"input","mem":"hbm","elems":8388608,"broadcast":false,"dims":[32,4096,64],"logical":[4096,2048],"loop_factor":1},{"name":"arg1_1","role":"input","mem":"hbm","elems":4194304,"broadcast":false,"dims":[32,2048,64],"logical":[2048,2048],"loop_factor":1}],"reduction_cores":1,"loop_trip":4,"tiles_output_dim":false,"tile_rows_per_core":0.0,"is_matmul":true,"matmul_macs":4294967296,"matmul_rows_per_core":512.0,"matmul_cols_per_core":512.0,"matmul_a_bytes":4194304,"matmul_b_bytes":2097152,"matmul_m_split":8,"matmul_n_split":4,"hbm_pattern":""},{"name":"Pointwise","is_reduction":false,"out_elems":8388608,"cores":32,"dtype_bytes":2,"args":[{"name":"coarse_tile_combine_buf0","role":"output","mem":"hbm","elems":8388608,"broadcast":false,"dims":[4096,2048],"logical":[4096,2048],"loop_factor":4},{"name":"buf0","role":"input","mem":"hbm","elems":8388608,"broadcast":false,"dims":[32,4096,64],"logical":[4096,2048],"loop_factor":4},{"name":"buf1","role":"input","mem":"hbm","elems":8388608,"broadcast":false,"dims":[32,4096,64],"logical":[4096,2048],"loop_factor":4}],"reduction_cores":1,"loop_trip":4,"tiles_output_dim":false,"tile_rows_per_core":0.0,"is_matmul":false,"matmul_macs":0,"matmul_rows_per_core":0.0,"matmul_cols_per_core":0.0,"matmul_a_bytes":0,"matmul_b_bytes":0,"matmul_m_split":1,"matmul_n_split":1,"hbm_pattern":""}]
SUMMARY op=matmul_k_tiling rows=4096 cols=2048 cores=32 tiles=4 lx=1 io_hbm_bytes=310378624 kernel_us=3505.658 pred_us=3053.848 err_pct=-12.9 bw_gbps=88.5 memset_us=451.207 other_dev_us=802.808 total_dev_us=4759.673
-- matmul_k_tiling M=4096 K=2048 N=2048 tiles=8
  op_it_space_splits={d0: 32, d1: 1}
  op_it_space_splits={d0: 8, d1: 4, d2: 1}
  op_it_space_splits={d0: 32, d1: 1}
  op_it_space_splits={d0: 32, d1: 1}
  op_it_space_splits={d0: 8, d1: 4, d2: 1}
  op_it_space_splits={d0: 32, d1: 1}
  op_it_space_splits={d0: 32, d1: 1}
  op_it_space_splits={d0: 8, d1: 4, d2: 1}
  op_it_space_splits={d0: 32, d1: 1}
  op_it_space_splits={d0: 32, d1: 1}
  op_it_space_splits={d0: 8, d1: 4, d2: 1}
  op_it_space_splits={d0: 32, d1: 1}
  op_it_space_splits={d0: 32, d1: 1}
  op_it_space_splits={d0: 8, d1: 4, d2: 1}
  op_it_space_splits={d0: 32, d1: 1}
  op_it_space_splits={d0: 32, d1: 1}
  op_it_space_splits={d0: 8, d1: 4, d2: 1}
  op_it_space_splits={d0: 32, d1: 1}
IO -- device-layout I/O (cost model, stick-padded) --
IO   op Pointwise
IO     output coarse_tile_fill_buf0  torch [4096, 2048] -> device [4096, 2048] in HBM = 8388608 elems x 2B = 16777216 B  (hbm counted: 16777216 B)
IO     input  buf2                   device [1, 64] in HBM = 64 elems x 2B = 128 B  (hbm counted: 128 B) broadcast (loaded once)
IO   op mm [reduction]
IO     output op0                    torch [4096, 2048] -> device [32, 4096, 64] in HBM = 8388608 elems x 2B = 16777216 B  (hbm counted: 134217728 B) xL=8
IO     input  arg0_1                 torch [4096, 2048] -> device [32, 4096, 64] in HBM = 8388608 elems x 2B = 16777216 B  (hbm counted: 16777216 B)
IO     input  arg1_1                 torch [2048, 2048] -> device [32, 2048, 64] in HBM = 4194304 elems x 2B = 8388608 B  (hbm counted: 8388608 B)
IO   op Pointwise
IO     output coarse_tile_combine_buf0 torch [4096, 2048] -> device [4096, 2048] in HBM = 8388608 elems x 2B = 16777216 B  (hbm counted: 134217728 B) xL=8
IO     input  buf0                   torch [4096, 2048] -> device [32, 4096, 64] in HBM = 8388608 elems x 2B = 16777216 B  (hbm counted: 134217728 B) xL=8
IO     input  buf1                   torch [4096, 2048] -> device [32, 4096, 64] in HBM = 8388608 elems x 2B = 16777216 B  (hbm counted: 134217728 B) xL=8
IO   => HBM I/O total = 578814080 B  (lx 0 B, ~free)
MODEL -- estimate (turnaround): T = compute + (R+W)/BW_PEAK + a*min(R,W) --
MODEL   R=293601408 B (read)   W=285212672 B (write)   loop_trip L=8
MODEL   compute = MACs/cores/(mac_peak*pt_eff) = 2147483648/32/(1140*1.000) = 58.87 us  (M/m=512, pt_eff=1.000)
MODEL   base = R/150+W/150 = 3858.76 us
MODEL   turn = a*min(R,W) = 0.00574*285212672 = 1637.12 us
MODEL   => T_model = 5563.16 us
MODEL FEATS [{"name":"Pointwise","is_reduction":false,"out_elems":8388608,"cores":32,"dtype_bytes":2,"args":[{"name":"coarse_tile_fill_buf0","role":"output","mem":"hbm","elems":8388608,"broadcast":false,"dims":[4096,2048],"logical":[4096,2048],"loop_factor":1},{"name":"buf2","role":"input","mem":"hbm","elems":64,"broadcast":true,"dims":[1,64],"logical":[],"loop_factor":1}],"reduction_cores":1,"loop_trip":1,"tiles_output_dim":false,"tile_rows_per_core":0.0,"is_matmul":false,"matmul_macs":0,"matmul_rows_per_core":0.0,"matmul_cols_per_core":0.0,"matmul_a_bytes":0,"matmul_b_bytes":0,"matmul_m_split":1,"matmul_n_split":1,"hbm_pattern":""},{"name":"mm","is_reduction":true,"out_elems":8388608,"cores":32,"dtype_bytes":2,"args":[{"name":"op0","role":"output","mem":"hbm","elems":8388608,"broadcast":false,"dims":[32,4096,64],"logical":[4096,2048],"loop_factor":8},{"name":"arg0_1","role":"input","mem":"hbm","elems":8388608,"broadcast":false,"dims":[32,4096,64],"logical":[4096,2048],"loop_factor":1},{"name":"arg1_1","role":"input","mem":"hbm","elems":4194304,"broadcast":false,"dims":[32,2048,64],"logical":[2048,2048],"loop_factor":1}],"reduction_cores":1,"loop_trip":8,"tiles_output_dim":false,"tile_rows_per_core":0.0,"is_matmul":true,"matmul_macs":2147483648,"matmul_rows_per_core":512.0,"matmul_cols_per_core":512.0,"matmul_a_bytes":2097152,"matmul_b_bytes":1048576,"matmul_m_split":8,"matmul_n_split":4,"hbm_pattern":""},{"name":"Pointwise","is_reduction":false,"out_elems":8388608,"cores":32,"dtype_bytes":2,"args":[{"name":"coarse_tile_combine_buf0","role":"output","mem":"hbm","elems":8388608,"broadcast":false,"dims":[4096,2048],"logical":[4096,2048],"loop_factor":8},{"name":"buf0","role":"input","mem":"hbm","elems":8388608,"broadcast":false,"dims":[32,4096,64],"logical":[4096,2048],"loop_factor":8},{"name":"buf1","role":"input","mem":"hbm","elems":8388608,"broadcast":false,"dims":[32,4096,64],"logical":[4096,2048],"loop_factor":8}],"reduction_cores":1,"loop_trip":8,"tiles_output_dim":false,"tile_rows_per_core":0.0,"is_matmul":false,"matmul_macs":0,"matmul_rows_per_core":0.0,"matmul_cols_per_core":0.0,"matmul_a_bytes":0,"matmul_b_bytes":0,"matmul_m_split":1,"matmul_n_split":1,"hbm_pattern":""}]
SUMMARY op=matmul_k_tiling rows=4096 cols=2048 cores=32 tiles=8 lx=1 io_hbm_bytes=578814080 kernel_us=5959.730 pred_us=5563.165 err_pct=-6.7 bw_gbps=97.1 memset_us=414.839 other_dev_us=893.650 total_dev_us=7268.219
-- matmul_k_tiling M=4096 K=2048 N=2048 tiles=16
  op_it_space_splits={d0: 32, d1: 1}
  op_it_space_splits={d0: 8, d1: 4, d2: 1}
  op_it_space_splits={d0: 32, d1: 1}
  op_it_space_splits={d0: 32, d1: 1}
  op_it_space_splits={d0: 8, d1: 4, d2: 1}
  op_it_space_splits={d0: 32, d1: 1}
  op_it_space_splits={d0: 32, d1: 1}
  op_it_space_splits={d0: 8, d1: 4, d2: 1}
  op_it_space_splits={d0: 32, d1: 1}
  op_it_space_splits={d0: 32, d1: 1}
  op_it_space_splits={d0: 8, d1: 4, d2: 1}
  op_it_space_splits={d0: 32, d1: 1}
  op_it_space_splits={d0: 32, d1: 1}
  op_it_space_splits={d0: 8, d1: 4, d2: 1}
  op_it_space_splits={d0: 32, d1: 1}
  op_it_space_splits={d0: 32, d1: 1}
  op_it_space_splits={d0: 8, d1: 4, d2: 1}
  op_it_space_splits={d0: 32, d1: 1}
IO -- device-layout I/O (cost model, stick-padded) --
IO   op Pointwise
IO     output coarse_tile_fill_buf0  torch [4096, 2048] -> device [4096, 2048] in HBM = 8388608 elems x 2B = 16777216 B  (hbm counted: 16777216 B)
IO     input  buf2                   device [1, 64] in HBM = 64 elems x 2B = 128 B  (hbm counted: 128 B) broadcast (loaded once)
IO   op mm [reduction]
IO     output op0                    torch [4096, 2048] -> device [32, 4096, 64] in HBM = 8388608 elems x 2B = 16777216 B  (hbm counted: 268435456 B) xL=16
IO     input  arg0_1                 torch [4096, 2048] -> device [32, 4096, 64] in HBM = 8388608 elems x 2B = 16777216 B  (hbm counted: 16777216 B)
IO     input  arg1_1                 torch [2048, 2048] -> device [32, 2048, 64] in HBM = 4194304 elems x 2B = 8388608 B  (hbm counted: 8388608 B)
IO   op Pointwise
IO     output coarse_tile_combine_buf0 torch [4096, 2048] -> device [4096, 2048] in HBM = 8388608 elems x 2B = 16777216 B  (hbm counted: 268435456 B) xL=16
IO     input  buf0                   torch [4096, 2048] -> device [32, 4096, 64] in HBM = 8388608 elems x 2B = 16777216 B  (hbm counted: 268435456 B) xL=16
IO     input  buf1                   torch [4096, 2048] -> device [32, 4096, 64] in HBM = 8388608 elems x 2B = 16777216 B  (hbm counted: 268435456 B) xL=16
IO   => HBM I/O total = 1115684992 B  (lx 0 B, ~free)
MODEL -- estimate (turnaround): T = compute + (R+W)/BW_PEAK + a*min(R,W) --
MODEL   R=562036864 B (read)   W=553648128 B (write)   loop_trip L=16
MODEL   compute = MACs/cores/(mac_peak*pt_eff) = 1073741824/32/(1140*1.000) = 29.43 us  (M/m=512, pt_eff=1.000)
MODEL   base = R/150+W/150 = 7437.90 us
MODEL   turn = a*min(R,W) = 0.00574*553648128 = 3177.94 us
MODEL   => T_model = 10657.79 us
MODEL FEATS [{"name":"Pointwise","is_reduction":false,"out_elems":8388608,"cores":32,"dtype_bytes":2,"args":[{"name":"coarse_tile_fill_buf0","role":"output","mem":"hbm","elems":8388608,"broadcast":false,"dims":[4096,2048],"logical":[4096,2048],"loop_factor":1},{"name":"buf2","role":"input","mem":"hbm","elems":64,"broadcast":true,"dims":[1,64],"logical":[],"loop_factor":1}],"reduction_cores":1,"loop_trip":1,"tiles_output_dim":false,"tile_rows_per_core":0.0,"is_matmul":false,"matmul_macs":0,"matmul_rows_per_core":0.0,"matmul_cols_per_core":0.0,"matmul_a_bytes":0,"matmul_b_bytes":0,"matmul_m_split":1,"matmul_n_split":1,"hbm_pattern":""},{"name":"mm","is_reduction":true,"out_elems":8388608,"cores":32,"dtype_bytes":2,"args":[{"name":"op0","role":"output","mem":"hbm","elems":8388608,"broadcast":false,"dims":[32,4096,64],"logical":[4096,2048],"loop_factor":16},{"name":"arg0_1","role":"input","mem":"hbm","elems":8388608,"broadcast":false,"dims":[32,4096,64],"logical":[4096,2048],"loop_factor":1},{"name":"arg1_1","role":"input","mem":"hbm","elems":4194304,"broadcast":false,"dims":[32,2048,64],"logical":[2048,2048],"loop_factor":1}],"reduction_cores":1,"loop_trip":16,"tiles_output_dim":false,"tile_rows_per_core":0.0,"is_matmul":true,"matmul_macs":1073741824,"matmul_rows_per_core":512.0,"matmul_cols_per_core":512.0,"matmul_a_bytes":1048576,"matmul_b_bytes":524288,"matmul_m_split":8,"matmul_n_split":4,"hbm_pattern":""},{"name":"Pointwise","is_reduction":false,"out_elems":8388608,"cores":32,"dtype_bytes":2,"args":[{"name":"coarse_tile_combine_buf0","role":"output","mem":"hbm","elems":8388608,"broadcast":false,"dims":[4096,2048],"logical":[4096,2048],"loop_factor":16},{"name":"buf0","role":"input","mem":"hbm","elems":8388608,"broadcast":false,"dims":[32,4096,64],"logical":[4096,2048],"loop_factor":16},{"name":"buf1","role":"input","mem":"hbm","elems":8388608,"broadcast":false,"dims":[32,4096,64],"logical":[4096,2048],"loop_factor":16}],"reduction_cores":1,"loop_trip":16,"tiles_output_dim":false,"tile_rows_per_core":0.0,"is_matmul":false,"matmul_macs":0,"matmul_rows_per_core":0.0,"matmul_cols_per_core":0.0,"matmul_a_bytes":0,"matmul_b_bytes":0,"matmul_m_split":1,"matmul_n_split":1,"hbm_pattern":""}]
SUMMARY op=matmul_k_tiling rows=4096 cols=2048 cores=32 tiles=16 lx=1 io_hbm_bytes=1115684992 kernel_us=10622.320 pred_us=10657.792 err_pct=+0.3 bw_gbps=105.0 memset_us=385.165 other_dev_us=999.189 total_dev_us=12006.674
==== runs DONE -> parsing haoyang_logs/overnight_20260717_063013.log into notes/sweep_records.{json,csv} ====
