==== split-shape sweep Fri Jul 17 01:49:45 UTC 2026 ====
git: dc3c709  sections: DA DB DC EDGE AR LADDER BM BM2 BMA REPEAT KCTL
## DA plain-mm full split enum: 1024x2048x1024 + 8192x2048x2048
-- mmwd M=1024 K=2048 N=1024 split m=8 n=4 k=1 (cores=32 M/m=128 N/n=256)
  op_it_space_splits={d0: 8, d1: 4, d2: 1}
  op_it_space_splits={d0: 8, d1: 4, d2: 1}
  op_it_space_splits={d0: 8, d1: 4, d2: 1}
  op_it_space_splits={d0: 8, d1: 4, d2: 1}
  op_it_space_splits={d0: 8, d1: 4, d2: 1}
  op_it_space_splits={d0: 8, d1: 4, d2: 1}
IO -- device-layout I/O (cost model, stick-padded) --
IO   op mm [reduction]
IO     output op0                    torch [1024, 1024] -> device [16, 1024, 64] in HBM = 1048576 elems x 2B = 2097152 B  (hbm counted: 2097152 B)
IO     input  arg0_1                 torch [1024, 2048] -> device [32, 1024, 64] in HBM = 2097152 elems x 2B = 4194304 B  (hbm counted: 4194304 B)
IO     input  arg1_1                 torch [2048, 1024] -> device [16, 2048, 64] in HBM = 2097152 elems x 2B = 4194304 B  (hbm counted: 4194304 B)
IO   => HBM I/O total = 10485760 B  (lx 0 B, ~free)
MODEL -- estimate (turnaround): T = compute + (R+W)/BW_PEAK + a*min(R,W) --
MODEL   R=8388608 B (read)   W=2097152 B (write)   loop_trip L=1
MODEL   compute = MACs/cores/(mac_peak*pt_eff) = 2147483648/32/(1140*1.000) = 58.87 us  (M/m=128, pt_eff=1.000)
MODEL   base = R/150+W/150 = 69.91 us
MODEL   turn = a*min(R,W) = 0.00574*2097152 = 12.04 us
MODEL   => T_model = 113.73 us
MODEL FEATS [{"name":"mm","is_reduction":true,"out_elems":1048576,"cores":32,"dtype_bytes":2,"args":[{"name":"op0","role":"output","mem":"hbm","elems":1048576,"broadcast":false,"dims":[16,1024,64],"logical":[1024,1024],"loop_factor":1},{"name":"arg0_1","role":"input","mem":"hbm","elems":2097152,"broadcast":false,"dims":[32,1024,64],"logical":[1024,2048],"loop_factor":1},{"name":"arg1_1","role":"input","mem":"hbm","elems":2097152,"broadcast":false,"dims":[16,2048,64],"logical":[2048,1024],"loop_factor":1}],"reduction_cores":1,"loop_trip":1,"tiles_output_dim":false,"tile_rows_per_core":0.0,"is_matmul":true,"matmul_macs":2147483648,"matmul_rows_per_core":128.0,"matmul_cols_per_core":256.0,"matmul_a_bytes":4194304,"matmul_b_bytes":4194304,"matmul_m_split":8,"matmul_n_split":4,"hbm_pattern":""}]
SUMMARY op=mmwd rows=1024 cols=2048 cores=32 tiles=0 lx=1 io_hbm_bytes=10485760 kernel_us=110.987 pred_us=113.731 err_pct=+2.5 bw_gbps=94.5 memset_us=144.378 other_dev_us=331.731 total_dev_us=587.096
-- mmwd M=1024 K=2048 N=1024 split m=4 n=8 k=1 (cores=32 M/m=256 N/n=128)
  op_it_space_splits={d0: 4, d1: 8, d2: 1}
  op_it_space_splits={d0: 4, d1: 8, d2: 1}
  op_it_space_splits={d0: 4, d1: 8, d2: 1}
  op_it_space_splits={d0: 4, d1: 8, d2: 1}
  op_it_space_splits={d0: 4, d1: 8, d2: 1}
  op_it_space_splits={d0: 4, d1: 8, d2: 1}
IO -- device-layout I/O (cost model, stick-padded) --
IO   op mm [reduction]
IO     output op0                    torch [1024, 1024] -> device [16, 1024, 64] in HBM = 1048576 elems x 2B = 2097152 B  (hbm counted: 2097152 B)
IO     input  arg0_1                 torch [1024, 2048] -> device [32, 1024, 64] in HBM = 2097152 elems x 2B = 4194304 B  (hbm counted: 4194304 B)
IO     input  arg1_1                 torch [2048, 1024] -> device [16, 2048, 64] in HBM = 2097152 elems x 2B = 4194304 B  (hbm counted: 4194304 B)
IO   => HBM I/O total = 10485760 B  (lx 0 B, ~free)
MODEL -- estimate (turnaround): T = compute + (R+W)/BW_PEAK + a*min(R,W) --
MODEL   R=8388608 B (read)   W=2097152 B (write)   loop_trip L=1
MODEL   compute = MACs/cores/(mac_peak*pt_eff) = 2147483648/32/(1140*1.000) = 58.87 us  (M/m=256, pt_eff=1.000)
MODEL   base = R/150+W/150 = 69.91 us
MODEL   turn = a*min(R,W) = 0.00574*2097152 = 12.04 us
MODEL   => T_model = 113.73 us
MODEL FEATS [{"name":"mm","is_reduction":true,"out_elems":1048576,"cores":32,"dtype_bytes":2,"args":[{"name":"op0","role":"output","mem":"hbm","elems":1048576,"broadcast":false,"dims":[16,1024,64],"logical":[1024,1024],"loop_factor":1},{"name":"arg0_1","role":"input","mem":"hbm","elems":2097152,"broadcast":false,"dims":[32,1024,64],"logical":[1024,2048],"loop_factor":1},{"name":"arg1_1","role":"input","mem":"hbm","elems":2097152,"broadcast":false,"dims":[16,2048,64],"logical":[2048,1024],"loop_factor":1}],"reduction_cores":1,"loop_trip":1,"tiles_output_dim":false,"tile_rows_per_core":0.0,"is_matmul":true,"matmul_macs":2147483648,"matmul_rows_per_core":256.0,"matmul_cols_per_core":128.0,"matmul_a_bytes":4194304,"matmul_b_bytes":4194304,"matmul_m_split":4,"matmul_n_split":8,"hbm_pattern":""}]
SUMMARY op=mmwd rows=1024 cols=2048 cores=32 tiles=0 lx=1 io_hbm_bytes=10485760 kernel_us=105.248 pred_us=113.731 err_pct=+8.1 bw_gbps=99.6 memset_us=142.831 other_dev_us=449.456 total_dev_us=697.535
-- mmwd M=1024 K=2048 N=1024 split m=16 n=2 k=1 (cores=32 M/m=64 N/n=512)
  op_it_space_splits={d0: 16, d1: 2, d2: 1}
  op_it_space_splits={d0: 16, d1: 2, d2: 1}
  op_it_space_splits={d0: 16, d1: 2, d2: 1}
  op_it_space_splits={d0: 16, d1: 2, d2: 1}
  op_it_space_splits={d0: 16, d1: 2, d2: 1}
  op_it_space_splits={d0: 16, d1: 2, d2: 1}
IO -- device-layout I/O (cost model, stick-padded) --
IO   op mm [reduction]
IO     output op0                    torch [1024, 1024] -> device [16, 1024, 64] in HBM = 1048576 elems x 2B = 2097152 B  (hbm counted: 2097152 B)
IO     input  arg0_1                 torch [1024, 2048] -> device [32, 1024, 64] in HBM = 2097152 elems x 2B = 4194304 B  (hbm counted: 4194304 B)
IO     input  arg1_1                 torch [2048, 1024] -> device [16, 2048, 64] in HBM = 2097152 elems x 2B = 4194304 B  (hbm counted: 4194304 B)
IO   => HBM I/O total = 10485760 B  (lx 0 B, ~free)
MODEL -- estimate (turnaround): T = compute + (R+W)/BW_PEAK + a*min(R,W) --
MODEL   R=8388608 B (read)   W=2097152 B (write)   loop_trip L=1
MODEL   compute = MACs/cores/(mac_peak*pt_eff) = 2147483648/32/(1140*1.000) = 58.87 us  (M/m=64, pt_eff=1.000)
MODEL   base = R/150+W/150 = 69.91 us
MODEL   turn = a*min(R,W) = 0.00574*2097152 = 12.04 us
MODEL   => T_model = 113.73 us
MODEL FEATS [{"name":"mm","is_reduction":true,"out_elems":1048576,"cores":32,"dtype_bytes":2,"args":[{"name":"op0","role":"output","mem":"hbm","elems":1048576,"broadcast":false,"dims":[16,1024,64],"logical":[1024,1024],"loop_factor":1},{"name":"arg0_1","role":"input","mem":"hbm","elems":2097152,"broadcast":false,"dims":[32,1024,64],"logical":[1024,2048],"loop_factor":1},{"name":"arg1_1","role":"input","mem":"hbm","elems":2097152,"broadcast":false,"dims":[16,2048,64],"logical":[2048,1024],"loop_factor":1}],"reduction_cores":1,"loop_trip":1,"tiles_output_dim":false,"tile_rows_per_core":0.0,"is_matmul":true,"matmul_macs":2147483648,"matmul_rows_per_core":64.0,"matmul_cols_per_core":512.0,"matmul_a_bytes":4194304,"matmul_b_bytes":4194304,"matmul_m_split":16,"matmul_n_split":2,"hbm_pattern":""}]
SUMMARY op=mmwd rows=1024 cols=2048 cores=32 tiles=0 lx=1 io_hbm_bytes=10485760 kernel_us=113.015 pred_us=113.731 err_pct=+0.6 bw_gbps=92.8 memset_us=138.522 other_dev_us=516.831 total_dev_us=768.368
-- mmwd M=1024 K=2048 N=1024 split m=2 n=16 k=1 (cores=32 M/m=512 N/n=64)
  op_it_space_splits={d0: 2, d1: 16, d2: 1}
  op_it_space_splits={d0: 2, d1: 16, d2: 1}
  op_it_space_splits={d0: 2, d1: 16, d2: 1}
  op_it_space_splits={d0: 2, d1: 16, d2: 1}
  op_it_space_splits={d0: 2, d1: 16, d2: 1}
  op_it_space_splits={d0: 2, d1: 16, d2: 1}
IO -- device-layout I/O (cost model, stick-padded) --
IO   op mm [reduction]
IO     output op0                    torch [1024, 1024] -> device [16, 1024, 64] in HBM = 1048576 elems x 2B = 2097152 B  (hbm counted: 2097152 B)
IO     input  arg0_1                 torch [1024, 2048] -> device [32, 1024, 64] in HBM = 2097152 elems x 2B = 4194304 B  (hbm counted: 4194304 B)
IO     input  arg1_1                 torch [2048, 1024] -> device [16, 2048, 64] in HBM = 2097152 elems x 2B = 4194304 B  (hbm counted: 4194304 B)
IO   => HBM I/O total = 10485760 B  (lx 0 B, ~free)
MODEL -- estimate (turnaround): T = compute + (R+W)/BW_PEAK + a*min(R,W) --
MODEL   R=8388608 B (read)   W=2097152 B (write)   loop_trip L=1
MODEL   compute = MACs/cores/(mac_peak*pt_eff) = 2147483648/32/(1140*1.000) = 58.87 us  (M/m=512, pt_eff=1.000)
MODEL   base = R/150+W/150 = 69.91 us
MODEL   turn = a*min(R,W) = 0.00574*2097152 = 12.04 us
MODEL   => T_model = 113.73 us
MODEL FEATS [{"name":"mm","is_reduction":true,"out_elems":1048576,"cores":32,"dtype_bytes":2,"args":[{"name":"op0","role":"output","mem":"hbm","elems":1048576,"broadcast":false,"dims":[16,1024,64],"logical":[1024,1024],"loop_factor":1},{"name":"arg0_1","role":"input","mem":"hbm","elems":2097152,"broadcast":false,"dims":[32,1024,64],"logical":[1024,2048],"loop_factor":1},{"name":"arg1_1","role":"input","mem":"hbm","elems":2097152,"broadcast":false,"dims":[16,2048,64],"logical":[2048,1024],"loop_factor":1}],"reduction_cores":1,"loop_trip":1,"tiles_output_dim":false,"tile_rows_per_core":0.0,"is_matmul":true,"matmul_macs":2147483648,"matmul_rows_per_core":512.0,"matmul_cols_per_core":64.0,"matmul_a_bytes":4194304,"matmul_b_bytes":4194304,"matmul_m_split":2,"matmul_n_split":16,"hbm_pattern":""}]
SUMMARY op=mmwd rows=1024 cols=2048 cores=32 tiles=0 lx=1 io_hbm_bytes=10485760 kernel_us=113.650 pred_us=113.731 err_pct=+0.1 bw_gbps=92.3 memset_us=163.157 other_dev_us=343.956 total_dev_us=620.763
-- mmwd M=1024 K=2048 N=1024 split m=32 n=1 k=1 (cores=32 M/m=32 N/n=1024)
  op_it_space_splits={d0: 32, d1: 1, d2: 1}
  op_it_space_splits={d0: 32, d1: 1, d2: 1}
  op_it_space_splits={d0: 32, d1: 1, d2: 1}
  op_it_space_splits={d0: 32, d1: 1, d2: 1}
  op_it_space_splits={d0: 32, d1: 1, d2: 1}
  op_it_space_splits={d0: 32, d1: 1, d2: 1}
IO -- device-layout I/O (cost model, stick-padded) --
IO   op mm [reduction]
IO     output op0                    torch [1024, 1024] -> device [16, 1024, 64] in HBM = 1048576 elems x 2B = 2097152 B  (hbm counted: 2097152 B)
IO     input  arg0_1                 torch [1024, 2048] -> device [32, 1024, 64] in HBM = 2097152 elems x 2B = 4194304 B  (hbm counted: 4194304 B)
IO     input  arg1_1                 torch [2048, 1024] -> device [16, 2048, 64] in HBM = 2097152 elems x 2B = 4194304 B  (hbm counted: 4194304 B)
IO   => HBM I/O total = 10485760 B  (lx 0 B, ~free)
MODEL -- estimate (turnaround): T = compute + (R+W)/BW_PEAK + a*min(R,W) --
MODEL   R=8388608 B (read)   W=2097152 B (write)   loop_trip L=1
MODEL   compute = MACs/cores/(mac_peak*pt_eff) = 2147483648/32/(1140*0.785) = 75.03 us  (M/m=32, pt_eff=0.785)
MODEL   base = R/150+W/150 = 69.91 us
MODEL   turn = a*min(R,W) = 0.00574*2097152 = 12.04 us
MODEL   => T_model = 122.46 us
MODEL FEATS [{"name":"mm","is_reduction":true,"out_elems":1048576,"cores":32,"dtype_bytes":2,"args":[{"name":"op0","role":"output","mem":"hbm","elems":1048576,"broadcast":false,"dims":[16,1024,64],"logical":[1024,1024],"loop_factor":1},{"name":"arg0_1","role":"input","mem":"hbm","elems":2097152,"broadcast":false,"dims":[32,1024,64],"logical":[1024,2048],"loop_factor":1},{"name":"arg1_1","role":"input","mem":"hbm","elems":2097152,"broadcast":false,"dims":[16,2048,64],"logical":[2048,1024],"loop_factor":1}],"reduction_cores":1,"loop_trip":1,"tiles_output_dim":false,"tile_rows_per_core":0.0,"is_matmul":true,"matmul_macs":2147483648,"matmul_rows_per_core":32.0,"matmul_cols_per_core":1024.0,"matmul_a_bytes":4194304,"matmul_b_bytes":4194304,"matmul_m_split":32,"matmul_n_split":1,"hbm_pattern":""}]
SUMMARY op=mmwd rows=1024 cols=2048 cores=32 tiles=0 lx=1 io_hbm_bytes=10485760 kernel_us=138.108 pred_us=122.459 err_pct=-11.3 bw_gbps=75.9 memset_us=145.203 other_dev_us=136.462 total_dev_us=419.773
-- mmwd M=1024 K=2048 N=1024 split m=1 n=32 k=1 (cores=32 M/m=1024 N/n=32)
SUMMARY op=mmwd rows=1024 cols=2048 tiles=0 lx=1 FAILED reason=InductorError: Unsupported: Spyre backend does not support: work_division_hint: buf0 dim d1 size=16 is not evenly divisible by split=32.
-- mmwd M=8192 K=2048 N=2048 split m=8 n=4 k=1 (cores=32 M/m=1024 N/n=512)
  op_it_space_splits={d0: 8, d1: 4, d2: 1}
  op_it_space_splits={d0: 8, d1: 4, d2: 1}
  op_it_space_splits={d0: 8, d1: 4, d2: 1}
  op_it_space_splits={d0: 8, d1: 4, d2: 1}
  op_it_space_splits={d0: 8, d1: 4, d2: 1}
  op_it_space_splits={d0: 8, d1: 4, d2: 1}
IO -- device-layout I/O (cost model, stick-padded) --
IO   op mm [reduction]
IO     output op0                    torch [8192, 2048] -> device [32, 8192, 64] in HBM = 16777216 elems x 2B = 33554432 B  (hbm counted: 33554432 B)
IO     input  arg0_1                 torch [8192, 2048] -> device [32, 8192, 64] in HBM = 16777216 elems x 2B = 33554432 B  (hbm counted: 33554432 B)
IO     input  arg1_1                 torch [2048, 2048] -> device [32, 2048, 64] in HBM = 4194304 elems x 2B = 8388608 B  (hbm counted: 8388608 B)
IO   => HBM I/O total = 75497472 B  (lx 0 B, ~free)
MODEL -- estimate (turnaround): T = compute + (R+W)/BW_PEAK + a*min(R,W) --
MODEL   R=41943040 B (read)   W=33554432 B (write)   loop_trip L=1
MODEL   compute = MACs/cores/(mac_peak*pt_eff) = 34359738368/32/(1140*1.000) = 941.88 us  (M/m=1024, pt_eff=1.000)
MODEL   base = R/150+W/150 = 503.32 us
MODEL   turn = a*min(R,W) = 0.00574*33554432 = 192.60 us
MODEL   => T_model = 1582.02 us
MODEL FEATS [{"name":"mm","is_reduction":true,"out_elems":16777216,"cores":32,"dtype_bytes":2,"args":[{"name":"op0","role":"output","mem":"hbm","elems":16777216,"broadcast":false,"dims":[32,8192,64],"logical":[8192,2048],"loop_factor":1},{"name":"arg0_1","role":"input","mem":"hbm","elems":16777216,"broadcast":false,"dims":[32,8192,64],"logical":[8192,2048],"loop_factor":1},{"name":"arg1_1","role":"input","mem":"hbm","elems":4194304,"broadcast":false,"dims":[32,2048,64],"logical":[2048,2048],"loop_factor":1}],"reduction_cores":1,"loop_trip":1,"tiles_output_dim":false,"tile_rows_per_core":0.0,"is_matmul":true,"matmul_macs":34359738368,"matmul_rows_per_core":1024.0,"matmul_cols_per_core":512.0,"matmul_a_bytes":33554432,"matmul_b_bytes":8388608,"matmul_m_split":8,"matmul_n_split":4,"hbm_pattern":""}]
SUMMARY op=mmwd rows=8192 cols=2048 cores=32 tiles=0 lx=1 io_hbm_bytes=75497472 kernel_us=1636.095 pred_us=1582.021 err_pct=-3.3 bw_gbps=46.1 memset_us=421.610 other_dev_us=2334.017 total_dev_us=4391.722
-- mmwd M=8192 K=2048 N=2048 split m=4 n=8 k=1 (cores=32 M/m=2048 N/n=256)
  op_it_space_splits={d0: 4, d1: 8, d2: 1}
  op_it_space_splits={d0: 4, d1: 8, d2: 1}
  op_it_space_splits={d0: 4, d1: 8, d2: 1}
  op_it_space_splits={d0: 4, d1: 8, d2: 1}
  op_it_space_splits={d0: 4, d1: 8, d2: 1}
  op_it_space_splits={d0: 4, d1: 8, d2: 1}
IO -- device-layout I/O (cost model, stick-padded) --
IO   op mm [reduction]
IO     output op0                    torch [8192, 2048] -> device [32, 8192, 64] in HBM = 16777216 elems x 2B = 33554432 B  (hbm counted: 33554432 B)
IO     input  arg0_1                 torch [8192, 2048] -> device [32, 8192, 64] in HBM = 16777216 elems x 2B = 33554432 B  (hbm counted: 33554432 B)
IO     input  arg1_1                 torch [2048, 2048] -> device [32, 2048, 64] in HBM = 4194304 elems x 2B = 8388608 B  (hbm counted: 8388608 B)
IO   => HBM I/O total = 75497472 B  (lx 0 B, ~free)
MODEL -- estimate (turnaround): T = compute + (R+W)/BW_PEAK + a*min(R,W) --
MODEL   R=41943040 B (read)   W=33554432 B (write)   loop_trip L=1
MODEL   compute = MACs/cores/(mac_peak*pt_eff) = 34359738368/32/(1140*1.000) = 941.88 us  (M/m=2048, pt_eff=1.000)
MODEL   base = R/150+W/150 = 503.32 us
MODEL   turn = a*min(R,W) = 0.00574*33554432 = 192.60 us
MODEL   => T_model = 1582.02 us
MODEL FEATS [{"name":"mm","is_reduction":true,"out_elems":16777216,"cores":32,"dtype_bytes":2,"args":[{"name":"op0","role":"output","mem":"hbm","elems":16777216,"broadcast":false,"dims":[32,8192,64],"logical":[8192,2048],"loop_factor":1},{"name":"arg0_1","role":"input","mem":"hbm","elems":16777216,"broadcast":false,"dims":[32,8192,64],"logical":[8192,2048],"loop_factor":1},{"name":"arg1_1","role":"input","mem":"hbm","elems":4194304,"broadcast":false,"dims":[32,2048,64],"logical":[2048,2048],"loop_factor":1}],"reduction_cores":1,"loop_trip":1,"tiles_output_dim":false,"tile_rows_per_core":0.0,"is_matmul":true,"matmul_macs":34359738368,"matmul_rows_per_core":2048.0,"matmul_cols_per_core":256.0,"matmul_a_bytes":33554432,"matmul_b_bytes":8388608,"matmul_m_split":4,"matmul_n_split":8,"hbm_pattern":""}]
SUMMARY op=mmwd rows=8192 cols=2048 cores=32 tiles=0 lx=1 io_hbm_bytes=75497472 kernel_us=1607.639 pred_us=1582.021 err_pct=-1.6 bw_gbps=47.0 memset_us=477.050 other_dev_us=2362.857 total_dev_us=4447.546
-- mmwd M=8192 K=2048 N=2048 split m=16 n=2 k=1 (cores=32 M/m=512 N/n=1024)
  op_it_space_splits={d0: 16, d1: 2, d2: 1}
  op_it_space_splits={d0: 16, d1: 2, d2: 1}
  op_it_space_splits={d0: 16, d1: 2, d2: 1}
  op_it_space_splits={d0: 16, d1: 2, d2: 1}
  op_it_space_splits={d0: 16, d1: 2, d2: 1}
  op_it_space_splits={d0: 16, d1: 2, d2: 1}
IO -- device-layout I/O (cost model, stick-padded) --
IO   op mm [reduction]
IO     output op0                    torch [8192, 2048] -> device [32, 8192, 64] in HBM = 16777216 elems x 2B = 33554432 B  (hbm counted: 33554432 B)
IO     input  arg0_1                 torch [8192, 2048] -> device [32, 8192, 64] in HBM = 16777216 elems x 2B = 33554432 B  (hbm counted: 33554432 B)
IO     input  arg1_1                 torch [2048, 2048] -> device [32, 2048, 64] in HBM = 4194304 elems x 2B = 8388608 B  (hbm counted: 8388608 B)
IO   => HBM I/O total = 75497472 B  (lx 0 B, ~free)
MODEL -- estimate (turnaround): T = compute + (R+W)/BW_PEAK + a*min(R,W) --
MODEL   R=41943040 B (read)   W=33554432 B (write)   loop_trip L=1
MODEL   compute = MACs/cores/(mac_peak*pt_eff) = 34359738368/32/(1140*1.000) = 941.88 us  (M/m=512, pt_eff=1.000)
MODEL   base = R/150+W/150 = 503.32 us
MODEL   turn = a*min(R,W) = 0.00574*33554432 = 192.60 us
MODEL   => T_model = 1582.02 us
MODEL FEATS [{"name":"mm","is_reduction":true,"out_elems":16777216,"cores":32,"dtype_bytes":2,"args":[{"name":"op0","role":"output","mem":"hbm","elems":16777216,"broadcast":false,"dims":[32,8192,64],"logical":[8192,2048],"loop_factor":1},{"name":"arg0_1","role":"input","mem":"hbm","elems":16777216,"broadcast":false,"dims":[32,8192,64],"logical":[8192,2048],"loop_factor":1},{"name":"arg1_1","role":"input","mem":"hbm","elems":4194304,"broadcast":false,"dims":[32,2048,64],"logical":[2048,2048],"loop_factor":1}],"reduction_cores":1,"loop_trip":1,"tiles_output_dim":false,"tile_rows_per_core":0.0,"is_matmul":true,"matmul_macs":34359738368,"matmul_rows_per_core":512.0,"matmul_cols_per_core":1024.0,"matmul_a_bytes":33554432,"matmul_b_bytes":8388608,"matmul_m_split":16,"matmul_n_split":2,"hbm_pattern":""}]
SUMMARY op=mmwd rows=8192 cols=2048 cores=32 tiles=0 lx=1 io_hbm_bytes=75497472 kernel_us=2602.283 pred_us=1582.021 err_pct=-39.2 bw_gbps=29.0 memset_us=481.047 other_dev_us=2106.194 total_dev_us=5189.524
-- mmwd M=8192 K=2048 N=2048 split m=2 n=16 k=1 (cores=32 M/m=4096 N/n=128)
  op_it_space_splits={d0: 2, d1: 16, d2: 1}
  op_it_space_splits={d0: 2, d1: 16, d2: 1}
  op_it_space_splits={d0: 2, d1: 16, d2: 1}
  op_it_space_splits={d0: 2, d1: 16, d2: 1}
  op_it_space_splits={d0: 2, d1: 16, d2: 1}
  op_it_space_splits={d0: 2, d1: 16, d2: 1}
IO -- device-layout I/O (cost model, stick-padded) --
IO   op mm [reduction]
IO     output op0                    torch [8192, 2048] -> device [32, 8192, 64] in HBM = 16777216 elems x 2B = 33554432 B  (hbm counted: 33554432 B)
IO     input  arg0_1                 torch [8192, 2048] -> device [32, 8192, 64] in HBM = 16777216 elems x 2B = 33554432 B  (hbm counted: 33554432 B)
IO     input  arg1_1                 torch [2048, 2048] -> device [32, 2048, 64] in HBM = 4194304 elems x 2B = 8388608 B  (hbm counted: 8388608 B)
IO   => HBM I/O total = 75497472 B  (lx 0 B, ~free)
MODEL -- estimate (turnaround): T = compute + (R+W)/BW_PEAK + a*min(R,W) --
MODEL   R=41943040 B (read)   W=33554432 B (write)   loop_trip L=1
MODEL   compute = MACs/cores/(mac_peak*pt_eff) = 34359738368/32/(1140*1.000) = 941.88 us  (M/m=4096, pt_eff=1.000)
MODEL   base = R/150+W/150 = 503.32 us
MODEL   turn = a*min(R,W) = 0.00574*33554432 = 192.60 us
MODEL   => T_model = 1582.02 us
MODEL FEATS [{"name":"mm","is_reduction":true,"out_elems":16777216,"cores":32,"dtype_bytes":2,"args":[{"name":"op0","role":"output","mem":"hbm","elems":16777216,"broadcast":false,"dims":[32,8192,64],"logical":[8192,2048],"loop_factor":1},{"name":"arg0_1","role":"input","mem":"hbm","elems":16777216,"broadcast":false,"dims":[32,8192,64],"logical":[8192,2048],"loop_factor":1},{"name":"arg1_1","role":"input","mem":"hbm","elems":4194304,"broadcast":false,"dims":[32,2048,64],"logical":[2048,2048],"loop_factor":1}],"reduction_cores":1,"loop_trip":1,"tiles_output_dim":false,"tile_rows_per_core":0.0,"is_matmul":true,"matmul_macs":34359738368,"matmul_rows_per_core":4096.0,"matmul_cols_per_core":128.0,"matmul_a_bytes":33554432,"matmul_b_bytes":8388608,"matmul_m_split":2,"matmul_n_split":16,"hbm_pattern":""}]
SUMMARY op=mmwd rows=8192 cols=2048 cores=32 tiles=0 lx=1 io_hbm_bytes=75497472 kernel_us=1642.410 pred_us=1582.021 err_pct=-3.7 bw_gbps=46.0 memset_us=460.049 other_dev_us=2436.841 total_dev_us=4539.300
-- mmwd M=8192 K=2048 N=2048 split m=32 n=1 k=1 (cores=32 M/m=256 N/n=2048)
  op_it_space_splits={d0: 32, d1: 1, d2: 1}
  op_it_space_splits={d0: 32, d1: 1, d2: 1}
  op_it_space_splits={d0: 32, d1: 1, d2: 1}
  op_it_space_splits={d0: 32, d1: 1, d2: 1}
  op_it_space_splits={d0: 32, d1: 1, d2: 1}
  op_it_space_splits={d0: 32, d1: 1, d2: 1}
IO -- device-layout I/O (cost model, stick-padded) --
IO   op mm [reduction]
IO     output op0                    torch [8192, 2048] -> device [32, 8192, 64] in HBM = 16777216 elems x 2B = 33554432 B  (hbm counted: 33554432 B)
IO     input  arg0_1                 torch [8192, 2048] -> device [32, 8192, 64] in HBM = 16777216 elems x 2B = 33554432 B  (hbm counted: 33554432 B)
IO     input  arg1_1                 torch [2048, 2048] -> device [32, 2048, 64] in HBM = 4194304 elems x 2B = 8388608 B  (hbm counted: 8388608 B)
IO   => HBM I/O total = 75497472 B  (lx 0 B, ~free)
MODEL -- estimate (turnaround): T = compute + (R+W)/BW_PEAK + a*min(R,W) --
MODEL   R=41943040 B (read)   W=33554432 B (write)   loop_trip L=1
MODEL   compute = MACs/cores/(mac_peak*pt_eff) = 34359738368/32/(1140*1.000) = 941.88 us  (M/m=256, pt_eff=1.000)
MODEL   base = R/150+W/150 = 503.32 us
MODEL   turn = a*min(R,W) = 0.00574*33554432 = 192.60 us
MODEL   => T_model = 1582.02 us
MODEL FEATS [{"name":"mm","is_reduction":true,"out_elems":16777216,"cores":32,"dtype_bytes":2,"args":[{"name":"op0","role":"output","mem":"hbm","elems":16777216,"broadcast":false,"dims":[32,8192,64],"logical":[8192,2048],"loop_factor":1},{"name":"arg0_1","role":"input","mem":"hbm","elems":16777216,"broadcast":false,"dims":[32,8192,64],"logical":[8192,2048],"loop_factor":1},{"name":"arg1_1","role":"input","mem":"hbm","elems":4194304,"broadcast":false,"dims":[32,2048,64],"logical":[2048,2048],"loop_factor":1}],"reduction_cores":1,"loop_trip":1,"tiles_output_dim":false,"tile_rows_per_core":0.0,"is_matmul":true,"matmul_macs":34359738368,"matmul_rows_per_core":256.0,"matmul_cols_per_core":2048.0,"matmul_a_bytes":33554432,"matmul_b_bytes":8388608,"matmul_m_split":32,"matmul_n_split":1,"hbm_pattern":""}]
SUMMARY op=mmwd rows=8192 cols=2048 cores=32 tiles=0 lx=1 io_hbm_bytes=75497472 kernel_us=4095.389 pred_us=1582.021 err_pct=-61.4 bw_gbps=18.4 memset_us=477.577 other_dev_us=2286.512 total_dev_us=6859.478
-- mmwd M=8192 K=2048 N=2048 split m=1 n=32 k=1 (cores=32 M/m=8192 N/n=64)
  op_it_space_splits={d0: 1, d1: 32, d2: 1}
  op_it_space_splits={d0: 1, d1: 32, d2: 1}
  op_it_space_splits={d0: 1, d1: 32, d2: 1}
  op_it_space_splits={d0: 1, d1: 32, d2: 1}
  op_it_space_splits={d0: 1, d1: 32, d2: 1}
  op_it_space_splits={d0: 1, d1: 32, d2: 1}
IO -- device-layout I/O (cost model, stick-padded) --
IO   op mm [reduction]
IO     output op0                    torch [8192, 2048] -> device [32, 8192, 64] in HBM = 16777216 elems x 2B = 33554432 B  (hbm counted: 33554432 B)
IO     input  arg0_1                 torch [8192, 2048] -> device [32, 8192, 64] in HBM = 16777216 elems x 2B = 33554432 B  (hbm counted: 33554432 B)
IO     input  arg1_1                 torch [2048, 2048] -> device [32, 2048, 64] in HBM = 4194304 elems x 2B = 8388608 B  (hbm counted: 8388608 B)
IO   => HBM I/O total = 75497472 B  (lx 0 B, ~free)
MODEL -- estimate (turnaround): T = compute + (R+W)/BW_PEAK + a*min(R,W) --
MODEL   R=41943040 B (read)   W=33554432 B (write)   loop_trip L=1
MODEL   compute = MACs/cores/(mac_peak*pt_eff) = 34359738368/32/(1140*1.000) = 941.88 us  (M/m=8192, pt_eff=1.000)
MODEL   base = R/150+W/150 = 503.32 us
MODEL   turn = a*min(R,W) = 0.00574*33554432 = 192.60 us
MODEL   => T_model = 1582.02 us
MODEL FEATS [{"name":"mm","is_reduction":true,"out_elems":16777216,"cores":32,"dtype_bytes":2,"args":[{"name":"op0","role":"output","mem":"hbm","elems":16777216,"broadcast":false,"dims":[32,8192,64],"logical":[8192,2048],"loop_factor":1},{"name":"arg0_1","role":"input","mem":"hbm","elems":16777216,"broadcast":false,"dims":[32,8192,64],"logical":[8192,2048],"loop_factor":1},{"name":"arg1_1","role":"input","mem":"hbm","elems":4194304,"broadcast":false,"dims":[32,2048,64],"logical":[2048,2048],"loop_factor":1}],"reduction_cores":1,"loop_trip":1,"tiles_output_dim":false,"tile_rows_per_core":0.0,"is_matmul":true,"matmul_macs":34359738368,"matmul_rows_per_core":8192.0,"matmul_cols_per_core":64.0,"matmul_a_bytes":33554432,"matmul_b_bytes":8388608,"matmul_m_split":1,"matmul_n_split":32,"hbm_pattern":""}]
SUMMARY op=mmwd rows=8192 cols=2048 cores=32 tiles=0 lx=1 io_hbm_bytes=75497472 kernel_us=2813.267 pred_us=1582.021 err_pct=-43.8 bw_gbps=26.8 memset_us=452.375 other_dev_us=2332.871 total_dev_us=5598.513
## DB H1: m=8 pinned, sweep N -> N/n in {128..2048}
-- mmwd M=2048 K=2048 N=512 split m=8 n=4 k=1 (cores=32 M/m=256 N/n=128)
  op_it_space_splits={d0: 8, d1: 4, d2: 1}
  op_it_space_splits={d0: 8, d1: 4, d2: 1}
  op_it_space_splits={d0: 8, d1: 4, d2: 1}
  op_it_space_splits={d0: 8, d1: 4, d2: 1}
  op_it_space_splits={d0: 8, d1: 4, d2: 1}
  op_it_space_splits={d0: 8, d1: 4, d2: 1}
IO -- device-layout I/O (cost model, stick-padded) --
IO   op mm [reduction]
IO     output op0                    torch [2048, 512] -> device [8, 2048, 64] in HBM = 1048576 elems x 2B = 2097152 B  (hbm counted: 2097152 B)
IO     input  arg0_1                 torch [2048, 2048] -> device [32, 2048, 64] in HBM = 4194304 elems x 2B = 8388608 B  (hbm counted: 8388608 B)
IO     input  arg1_1                 torch [2048, 512] -> device [8, 2048, 64] in HBM = 1048576 elems x 2B = 2097152 B  (hbm counted: 2097152 B)
IO   => HBM I/O total = 12582912 B  (lx 0 B, ~free)
MODEL -- estimate (turnaround): T = compute + (R+W)/BW_PEAK + a*min(R,W) --
MODEL   R=10485760 B (read)   W=2097152 B (write)   loop_trip L=1
MODEL   compute = MACs/cores/(mac_peak*pt_eff) = 2147483648/32/(1140*1.000) = 58.87 us  (M/m=256, pt_eff=1.000)
MODEL   base = R/150+W/150 = 83.89 us
MODEL   turn = a*min(R,W) = 0.00574*2097152 = 12.04 us
MODEL   => T_model = 127.71 us
MODEL FEATS [{"name":"mm","is_reduction":true,"out_elems":1048576,"cores":32,"dtype_bytes":2,"args":[{"name":"op0","role":"output","mem":"hbm","elems":1048576,"broadcast":false,"dims":[8,2048,64],"logical":[2048,512],"loop_factor":1},{"name":"arg0_1","role":"input","mem":"hbm","elems":4194304,"broadcast":false,"dims":[32,2048,64],"logical":[2048,2048],"loop_factor":1},{"name":"arg1_1","role":"input","mem":"hbm","elems":1048576,"broadcast":false,"dims":[8,2048,64],"logical":[2048,512],"loop_factor":1}],"reduction_cores":1,"loop_trip":1,"tiles_output_dim":false,"tile_rows_per_core":0.0,"is_matmul":true,"matmul_macs":2147483648,"matmul_rows_per_core":256.0,"matmul_cols_per_core":128.0,"matmul_a_bytes":8388608,"matmul_b_bytes":2097152,"matmul_m_split":8,"matmul_n_split":4,"hbm_pattern":""}]
SUMMARY op=mmwd rows=2048 cols=2048 cores=32 tiles=0 lx=1 io_hbm_bytes=12582912 kernel_us=88.787 pred_us=127.712 err_pct=+43.8 bw_gbps=141.7 memset_us=154.859 other_dev_us=295.305 total_dev_us=538.951
-- mmwd M=2048 K=2048 N=1024 split m=8 n=4 k=1 (cores=32 M/m=256 N/n=256)
  op_it_space_splits={d0: 8, d1: 4, d2: 1}
  op_it_space_splits={d0: 8, d1: 4, d2: 1}
  op_it_space_splits={d0: 8, d1: 4, d2: 1}
  op_it_space_splits={d0: 8, d1: 4, d2: 1}
  op_it_space_splits={d0: 8, d1: 4, d2: 1}
  op_it_space_splits={d0: 8, d1: 4, d2: 1}
IO -- device-layout I/O (cost model, stick-padded) --
IO   op mm [reduction]
IO     output op0                    torch [2048, 1024] -> device [16, 2048, 64] in HBM = 2097152 elems x 2B = 4194304 B  (hbm counted: 4194304 B)
IO     input  arg0_1                 torch [2048, 2048] -> device [32, 2048, 64] in HBM = 4194304 elems x 2B = 8388608 B  (hbm counted: 8388608 B)
IO     input  arg1_1                 torch [2048, 1024] -> device [16, 2048, 64] in HBM = 2097152 elems x 2B = 4194304 B  (hbm counted: 4194304 B)
IO   => HBM I/O total = 16777216 B  (lx 0 B, ~free)
MODEL -- estimate (turnaround): T = compute + (R+W)/BW_PEAK + a*min(R,W) --
MODEL   R=12582912 B (read)   W=4194304 B (write)   loop_trip L=1
MODEL   compute = MACs/cores/(mac_peak*pt_eff) = 4294967296/32/(1140*1.000) = 117.73 us  (M/m=256, pt_eff=1.000)
MODEL   base = R/150+W/150 = 111.85 us
MODEL   turn = a*min(R,W) = 0.00574*4194304 = 24.08 us
MODEL   => T_model = 199.50 us
MODEL FEATS [{"name":"mm","is_reduction":true,"out_elems":2097152,"cores":32,"dtype_bytes":2,"args":[{"name":"op0","role":"output","mem":"hbm","elems":2097152,"broadcast":false,"dims":[16,2048,64],"logical":[2048,1024],"loop_factor":1},{"name":"arg0_1","role":"input","mem":"hbm","elems":4194304,"broadcast":false,"dims":[32,2048,64],"logical":[2048,2048],"loop_factor":1},{"name":"arg1_1","role":"input","mem":"hbm","elems":2097152,"broadcast":false,"dims":[16,2048,64],"logical":[2048,1024],"loop_factor":1}],"reduction_cores":1,"loop_trip":1,"tiles_output_dim":false,"tile_rows_per_core":0.0,"is_matmul":true,"matmul_macs":4294967296,"matmul_rows_per_core":256.0,"matmul_cols_per_core":256.0,"matmul_a_bytes":8388608,"matmul_b_bytes":4194304,"matmul_m_split":8,"matmul_n_split":4,"hbm_pattern":""}]
SUMMARY op=mmwd rows=2048 cols=2048 cores=32 tiles=0 lx=1 io_hbm_bytes=16777216 kernel_us=190.867 pred_us=199.500 err_pct=+4.5 bw_gbps=87.9 memset_us=208.583 other_dev_us=613.151 total_dev_us=1012.601
-- mmwd M=2048 K=2048 N=2048 split m=8 n=4 k=1 (cores=32 M/m=256 N/n=512)
  op_it_space_splits={d0: 8, d1: 4, d2: 1}
  op_it_space_splits={d0: 8, d1: 4, d2: 1}
  op_it_space_splits={d0: 8, d1: 4, d2: 1}
  op_it_space_splits={d0: 8, d1: 4, d2: 1}
  op_it_space_splits={d0: 8, d1: 4, d2: 1}
  op_it_space_splits={d0: 8, d1: 4, d2: 1}
IO -- device-layout I/O (cost model, stick-padded) --
IO   op mm [reduction]
IO     output op0                    torch [2048, 2048] -> device [32, 2048, 64] in HBM = 4194304 elems x 2B = 8388608 B  (hbm counted: 8388608 B)
IO     input  arg0_1                 torch [2048, 2048] -> device [32, 2048, 64] in HBM = 4194304 elems x 2B = 8388608 B  (hbm counted: 8388608 B)
IO     input  arg1_1                 torch [2048, 2048] -> device [32, 2048, 64] in HBM = 4194304 elems x 2B = 8388608 B  (hbm counted: 8388608 B)
IO   => HBM I/O total = 25165824 B  (lx 0 B, ~free)
MODEL -- estimate (turnaround): T = compute + (R+W)/BW_PEAK + a*min(R,W) --
MODEL   R=16777216 B (read)   W=8388608 B (write)   loop_trip L=1
MODEL   compute = MACs/cores/(mac_peak*pt_eff) = 8589934592/32/(1140*1.000) = 235.47 us  (M/m=256, pt_eff=1.000)
MODEL   base = R/150+W/150 = 167.77 us
MODEL   turn = a*min(R,W) = 0.00574*8388608 = 48.15 us
MODEL   => T_model = 393.41 us
MODEL FEATS [{"name":"mm","is_reduction":true,"out_elems":4194304,"cores":32,"dtype_bytes":2,"args":[{"name":"op0","role":"output","mem":"hbm","elems":4194304,"broadcast":false,"dims":[32,2048,64],"logical":[2048,2048],"loop_factor":1},{"name":"arg0_1","role":"input","mem":"hbm","elems":4194304,"broadcast":false,"dims":[32,2048,64],"logical":[2048,2048],"loop_factor":1},{"name":"arg1_1","role":"input","mem":"hbm","elems":4194304,"broadcast":false,"dims":[32,2048,64],"logical":[2048,2048],"loop_factor":1}],"reduction_cores":1,"loop_trip":1,"tiles_output_dim":false,"tile_rows_per_core":0.0,"is_matmul":true,"matmul_macs":8589934592,"matmul_rows_per_core":256.0,"matmul_cols_per_core":512.0,"matmul_a_bytes":8388608,"matmul_b_bytes":8388608,"matmul_m_split":8,"matmul_n_split":4,"hbm_pattern":""}]
SUMMARY op=mmwd rows=2048 cols=2048 cores=32 tiles=0 lx=1 io_hbm_bytes=25165824 kernel_us=387.177 pred_us=393.408 err_pct=+1.6 bw_gbps=65.0 memset_us=236.380 other_dev_us=274.317 total_dev_us=897.874
-- mmwd M=2048 K=2048 N=4096 split m=8 n=4 k=1 (cores=32 M/m=256 N/n=1024)
  op_it_space_splits={d0: 8, d1: 4, d2: 1}
  op_it_space_splits={d0: 8, d1: 4, d2: 1}
  op_it_space_splits={d0: 8, d1: 4, d2: 1}
  op_it_space_splits={d0: 8, d1: 4, d2: 1}
  op_it_space_splits={d0: 8, d1: 4, d2: 1}
  op_it_space_splits={d0: 8, d1: 4, d2: 1}
IO -- device-layout I/O (cost model, stick-padded) --
IO   op mm [reduction]
IO     output op0                    torch [2048, 4096] -> device [64, 2048, 64] in HBM = 8388608 elems x 2B = 16777216 B  (hbm counted: 16777216 B)
IO     input  arg0_1                 torch [2048, 2048] -> device [32, 2048, 64] in HBM = 4194304 elems x 2B = 8388608 B  (hbm counted: 8388608 B)
IO     input  arg1_1                 torch [2048, 4096] -> device [64, 2048, 64] in HBM = 8388608 elems x 2B = 16777216 B  (hbm counted: 16777216 B)
IO   => HBM I/O total = 41943040 B  (lx 0 B, ~free)
MODEL -- estimate (turnaround): T = compute + (R+W)/BW_PEAK + a*min(R,W) --
MODEL   R=25165824 B (read)   W=16777216 B (write)   loop_trip L=1
MODEL   compute = MACs/cores/(mac_peak*pt_eff) = 17179869184/32/(1140*1.000) = 470.94 us  (M/m=256, pt_eff=1.000)
MODEL   base = R/150+W/150 = 279.62 us
MODEL   turn = a*min(R,W) = 0.00574*16777216 = 96.30 us
MODEL   => T_model = 781.22 us
MODEL FEATS [{"name":"mm","is_reduction":true,"out_elems":8388608,"cores":32,"dtype_bytes":2,"args":[{"name":"op0","role":"output","mem":"hbm","elems":8388608,"broadcast":false,"dims":[64,2048,64],"logical":[2048,4096],"loop_factor":1},{"name":"arg0_1","role":"input","mem":"hbm","elems":4194304,"broadcast":false,"dims":[32,2048,64],"logical":[2048,2048],"loop_factor":1},{"name":"arg1_1","role":"input","mem":"hbm","elems":8388608,"broadcast":false,"dims":[64,2048,64],"logical":[2048,4096],"loop_factor":1}],"reduction_cores":1,"loop_trip":1,"tiles_output_dim":false,"tile_rows_per_core":0.0,"is_matmul":true,"matmul_macs":17179869184,"matmul_rows_per_core":256.0,"matmul_cols_per_core":1024.0,"matmul_a_bytes":8388608,"matmul_b_bytes":16777216,"matmul_m_split":8,"matmul_n_split":4,"hbm_pattern":""}]
SUMMARY op=mmwd rows=2048 cols=2048 cores=32 tiles=0 lx=1 io_hbm_bytes=41943040 kernel_us=782.135 pred_us=781.224 err_pct=-0.1 bw_gbps=53.6 memset_us=250.659 other_dev_us=891.665 total_dev_us=1924.459
-- mmwd M=2048 K=2048 N=1024 split m=8 n=2 k=1 (cores=16 M/m=256 N/n=512)
  op_it_space_splits={d0: 8, d1: 2, d2: 1}
  op_it_space_splits={d0: 8, d1: 2, d2: 1}
  op_it_space_splits={d0: 8, d1: 2, d2: 1}
  op_it_space_splits={d0: 8, d1: 2, d2: 1}
  op_it_space_splits={d0: 8, d1: 2, d2: 1}
  op_it_space_splits={d0: 8, d1: 2, d2: 1}
IO -- device-layout I/O (cost model, stick-padded) --
IO   op mm [reduction]
IO     output op0                    torch [2048, 1024] -> device [16, 2048, 64] in HBM = 2097152 elems x 2B = 4194304 B  (hbm counted: 4194304 B)
IO     input  arg0_1                 torch [2048, 2048] -> device [32, 2048, 64] in HBM = 4194304 elems x 2B = 8388608 B  (hbm counted: 8388608 B)
IO     input  arg1_1                 torch [2048, 1024] -> device [16, 2048, 64] in HBM = 2097152 elems x 2B = 4194304 B  (hbm counted: 4194304 B)
IO   => HBM I/O total = 16777216 B  (lx 0 B, ~free)
MODEL -- estimate (turnaround): T = compute + (R+W)/BW_PEAK + a*min(R,W) --
MODEL   R=12582912 B (read)   W=4194304 B (write)   loop_trip L=1
MODEL   compute = MACs/cores/(mac_peak*pt_eff) = 4294967296/16/(1140*1.000) = 235.47 us  (M/m=256, pt_eff=1.000)
MODEL   base = R/150+W/150 = 111.85 us
MODEL   turn = a*min(R,W) = 0.00574*4194304 = 24.08 us
MODEL   => T_model = 329.25 us
MODEL FEATS [{"name":"mm","is_reduction":true,"out_elems":2097152,"cores":16,"dtype_bytes":2,"args":[{"name":"op0","role":"output","mem":"hbm","elems":2097152,"broadcast":false,"dims":[16,2048,64],"logical":[2048,1024],"loop_factor":1},{"name":"arg0_1","role":"input","mem":"hbm","elems":4194304,"broadcast":false,"dims":[32,2048,64],"logical":[2048,2048],"loop_factor":1},{"name":"arg1_1","role":"input","mem":"hbm","elems":2097152,"broadcast":false,"dims":[16,2048,64],"logical":[2048,1024],"loop_factor":1}],"reduction_cores":1,"loop_trip":1,"tiles_output_dim":false,"tile_rows_per_core":0.0,"is_matmul":true,"matmul_macs":4294967296,"matmul_rows_per_core":256.0,"matmul_cols_per_core":512.0,"matmul_a_bytes":8388608,"matmul_b_bytes":4194304,"matmul_m_split":8,"matmul_n_split":2,"hbm_pattern":""}]
SUMMARY op=mmwd rows=2048 cols=2048 cores=16 tiles=0 lx=1 io_hbm_bytes=16777216 kernel_us=320.430 pred_us=329.253 err_pct=+2.8 bw_gbps=52.4 memset_us=194.700 other_dev_us=589.716 total_dev_us=1104.846
-- mmwd M=2048 K=2048 N=2048 split m=8 n=2 k=1 (cores=16 M/m=256 N/n=1024)
  op_it_space_splits={d0: 8, d1: 2, d2: 1}
  op_it_space_splits={d0: 8, d1: 2, d2: 1}
  op_it_space_splits={d0: 8, d1: 2, d2: 1}
  op_it_space_splits={d0: 8, d1: 2, d2: 1}
  op_it_space_splits={d0: 8, d1: 2, d2: 1}
  op_it_space_splits={d0: 8, d1: 2, d2: 1}
IO -- device-layout I/O (cost model, stick-padded) --
IO   op mm [reduction]
IO     output op0                    torch [2048, 2048] -> device [32, 2048, 64] in HBM = 4194304 elems x 2B = 8388608 B  (hbm counted: 8388608 B)
IO     input  arg0_1                 torch [2048, 2048] -> device [32, 2048, 64] in HBM = 4194304 elems x 2B = 8388608 B  (hbm counted: 8388608 B)
IO     input  arg1_1                 torch [2048, 2048] -> device [32, 2048, 64] in HBM = 4194304 elems x 2B = 8388608 B  (hbm counted: 8388608 B)
IO   => HBM I/O total = 25165824 B  (lx 0 B, ~free)
MODEL -- estimate (turnaround): T = compute + (R+W)/BW_PEAK + a*min(R,W) --
MODEL   R=16777216 B (read)   W=8388608 B (write)   loop_trip L=1
MODEL   compute = MACs/cores/(mac_peak*pt_eff) = 8589934592/16/(1140*1.000) = 470.94 us  (M/m=256, pt_eff=1.000)
MODEL   base = R/150+W/150 = 167.77 us
MODEL   turn = a*min(R,W) = 0.00574*8388608 = 48.15 us
MODEL   => T_model = 641.90 us
MODEL FEATS [{"name":"mm","is_reduction":true,"out_elems":4194304,"cores":16,"dtype_bytes":2,"args":[{"name":"op0","role":"output","mem":"hbm","elems":4194304,"broadcast":false,"dims":[32,2048,64],"logical":[2048,2048],"loop_factor":1},{"name":"arg0_1","role":"input","mem":"hbm","elems":4194304,"broadcast":false,"dims":[32,2048,64],"logical":[2048,2048],"loop_factor":1},{"name":"arg1_1","role":"input","mem":"hbm","elems":4194304,"broadcast":false,"dims":[32,2048,64],"logical":[2048,2048],"loop_factor":1}],"reduction_cores":1,"loop_trip":1,"tiles_output_dim":false,"tile_rows_per_core":0.0,"is_matmul":true,"matmul_macs":8589934592,"matmul_rows_per_core":256.0,"matmul_cols_per_core":1024.0,"matmul_a_bytes":8388608,"matmul_b_bytes":8388608,"matmul_m_split":8,"matmul_n_split":2,"hbm_pattern":""}]
SUMMARY op=mmwd rows=2048 cols=2048 cores=16 tiles=0 lx=1 io_hbm_bytes=25165824 kernel_us=635.783 pred_us=641.896 err_pct=+1.0 bw_gbps=39.6 memset_us=202.119 other_dev_us=454.295 total_dev_us=1292.197
-- mmwd M=2048 K=2048 N=4096 split m=8 n=2 k=1 (cores=16 M/m=256 N/n=2048)
  op_it_space_splits={d0: 8, d1: 2, d2: 1}
  op_it_space_splits={d0: 8, d1: 2, d2: 1}
  op_it_space_splits={d0: 8, d1: 2, d2: 1}
  op_it_space_splits={d0: 8, d1: 2, d2: 1}
  op_it_space_splits={d0: 8, d1: 2, d2: 1}
  op_it_space_splits={d0: 8, d1: 2, d2: 1}
IO -- device-layout I/O (cost model, stick-padded) --
IO   op mm [reduction]
IO     output op0                    torch [2048, 4096] -> device [64, 2048, 64] in HBM = 8388608 elems x 2B = 16777216 B  (hbm counted: 16777216 B)
IO     input  arg0_1                 torch [2048, 2048] -> device [32, 2048, 64] in HBM = 4194304 elems x 2B = 8388608 B  (hbm counted: 8388608 B)
IO     input  arg1_1                 torch [2048, 4096] -> device [64, 2048, 64] in HBM = 8388608 elems x 2B = 16777216 B  (hbm counted: 16777216 B)
IO   => HBM I/O total = 41943040 B  (lx 0 B, ~free)
MODEL -- estimate (turnaround): T = compute + (R+W)/BW_PEAK + a*min(R,W) --
MODEL   R=25165824 B (read)   W=16777216 B (write)   loop_trip L=1
MODEL   compute = MACs/cores/(mac_peak*pt_eff) = 17179869184/16/(1140*1.000) = 941.88 us  (M/m=256, pt_eff=1.000)
MODEL   base = R/150+W/150 = 279.62 us
MODEL   turn = a*min(R,W) = 0.00574*16777216 = 96.30 us
MODEL   => T_model = 1267.18 us
MODEL FEATS [{"name":"mm","is_reduction":true,"out_elems":8388608,"cores":16,"dtype_bytes":2,"args":[{"name":"op0","role":"output","mem":"hbm","elems":8388608,"broadcast":false,"dims":[64,2048,64],"logical":[2048,4096],"loop_factor":1},{"name":"arg0_1","role":"input","mem":"hbm","elems":4194304,"broadcast":false,"dims":[32,2048,64],"logical":[2048,2048],"loop_factor":1},{"name":"arg1_1","role":"input","mem":"hbm","elems":8388608,"broadcast":false,"dims":[64,2048,64],"logical":[2048,4096],"loop_factor":1}],"reduction_cores":1,"loop_trip":1,"tiles_output_dim":false,"tile_rows_per_core":0.0,"is_matmul":true,"matmul_macs":17179869184,"matmul_rows_per_core":256.0,"matmul_cols_per_core":2048.0,"matmul_a_bytes":8388608,"matmul_b_bytes":16777216,"matmul_m_split":8,"matmul_n_split":2,"hbm_pattern":""}]
SUMMARY op=mmwd rows=2048 cols=2048 cores=16 tiles=0 lx=1 io_hbm_bytes=41943040 kernel_us=1278.332 pred_us=1267.182 err_pct=-0.9 bw_gbps=32.8 memset_us=297.774 other_dev_us=1096.922 total_dev_us=2673.028
-- mmwd M=4096 K=2048 N=1024 split m=8 n=4 k=1 (cores=32 M/m=512 N/n=256)
  op_it_space_splits={d0: 8, d1: 4, d2: 1}
  op_it_space_splits={d0: 8, d1: 4, d2: 1}
  op_it_space_splits={d0: 8, d1: 4, d2: 1}
  op_it_space_splits={d0: 8, d1: 4, d2: 1}
  op_it_space_splits={d0: 8, d1: 4, d2: 1}
  op_it_space_splits={d0: 8, d1: 4, d2: 1}
IO -- device-layout I/O (cost model, stick-padded) --
IO   op mm [reduction]
IO     output op0                    torch [4096, 1024] -> device [16, 4096, 64] in HBM = 4194304 elems x 2B = 8388608 B  (hbm counted: 8388608 B)
IO     input  arg0_1                 torch [4096, 2048] -> device [32, 4096, 64] in HBM = 8388608 elems x 2B = 16777216 B  (hbm counted: 16777216 B)
IO     input  arg1_1                 torch [2048, 1024] -> device [16, 2048, 64] in HBM = 2097152 elems x 2B = 4194304 B  (hbm counted: 4194304 B)
IO   => HBM I/O total = 29360128 B  (lx 0 B, ~free)
MODEL -- estimate (turnaround): T = compute + (R+W)/BW_PEAK + a*min(R,W) --
MODEL   R=20971520 B (read)   W=8388608 B (write)   loop_trip L=1
MODEL   compute = MACs/cores/(mac_peak*pt_eff) = 8589934592/32/(1140*1.000) = 235.47 us  (M/m=512, pt_eff=1.000)
MODEL   base = R/150+W/150 = 195.73 us
MODEL   turn = a*min(R,W) = 0.00574*8388608 = 48.15 us
MODEL   => T_model = 433.95 us
MODEL FEATS [{"name":"mm","is_reduction":true,"out_elems":4194304,"cores":32,"dtype_bytes":2,"args":[{"name":"op0","role":"output","mem":"hbm","elems":4194304,"broadcast":false,"dims":[16,4096,64],"logical":[4096,1024],"loop_factor":1},{"name":"arg0_1","role":"input","mem":"hbm","elems":8388608,"broadcast":false,"dims":[32,4096,64],"logical":[4096,2048],"loop_factor":1},{"name":"arg1_1","role":"input","mem":"hbm","elems":2097152,"broadcast":false,"dims":[16,2048,64],"logical":[2048,1024],"loop_factor":1}],"reduction_cores":1,"loop_trip":1,"tiles_output_dim":false,"tile_rows_per_core":0.0,"is_matmul":true,"matmul_macs":8589934592,"matmul_rows_per_core":512.0,"matmul_cols_per_core":256.0,"matmul_a_bytes":16777216,"matmul_b_bytes":4194304,"matmul_m_split":8,"matmul_n_split":4,"hbm_pattern":""}]
SUMMARY op=mmwd rows=4096 cols=2048 cores=32 tiles=0 lx=1 io_hbm_bytes=29360128 kernel_us=412.780 pred_us=433.953 err_pct=+5.1 bw_gbps=71.1 memset_us=240.884 other_dev_us=653.391 total_dev_us=1307.055
-- mmwd M=4096 K=2048 N=2048 split m=8 n=4 k=1 (cores=32 M/m=512 N/n=512)
  op_it_space_splits={d0: 8, d1: 4, d2: 1}
  op_it_space_splits={d0: 8, d1: 4, d2: 1}
  op_it_space_splits={d0: 8, d1: 4, d2: 1}
  op_it_space_splits={d0: 8, d1: 4, d2: 1}
  op_it_space_splits={d0: 8, d1: 4, d2: 1}
  op_it_space_splits={d0: 8, d1: 4, d2: 1}
IO -- device-layout I/O (cost model, stick-padded) --
IO   op mm [reduction]
IO     output op0                    torch [4096, 2048] -> device [32, 4096, 64] in HBM = 8388608 elems x 2B = 16777216 B  (hbm counted: 16777216 B)
IO     input  arg0_1                 torch [4096, 2048] -> device [32, 4096, 64] in HBM = 8388608 elems x 2B = 16777216 B  (hbm counted: 16777216 B)
IO     input  arg1_1                 torch [2048, 2048] -> device [32, 2048, 64] in HBM = 4194304 elems x 2B = 8388608 B  (hbm counted: 8388608 B)
IO   => HBM I/O total = 41943040 B  (lx 0 B, ~free)
MODEL -- estimate (turnaround): T = compute + (R+W)/BW_PEAK + a*min(R,W) --
MODEL   R=25165824 B (read)   W=16777216 B (write)   loop_trip L=1
MODEL   compute = MACs/cores/(mac_peak*pt_eff) = 17179869184/32/(1140*1.000) = 470.94 us  (M/m=512, pt_eff=1.000)
MODEL   base = R/150+W/150 = 279.62 us
MODEL   turn = a*min(R,W) = 0.00574*16777216 = 96.30 us
MODEL   => T_model = 781.22 us
MODEL FEATS [{"name":"mm","is_reduction":true,"out_elems":8388608,"cores":32,"dtype_bytes":2,"args":[{"name":"op0","role":"output","mem":"hbm","elems":8388608,"broadcast":false,"dims":[32,4096,64],"logical":[4096,2048],"loop_factor":1},{"name":"arg0_1","role":"input","mem":"hbm","elems":8388608,"broadcast":false,"dims":[32,4096,64],"logical":[4096,2048],"loop_factor":1},{"name":"arg1_1","role":"input","mem":"hbm","elems":4194304,"broadcast":false,"dims":[32,2048,64],"logical":[2048,2048],"loop_factor":1}],"reduction_cores":1,"loop_trip":1,"tiles_output_dim":false,"tile_rows_per_core":0.0,"is_matmul":true,"matmul_macs":17179869184,"matmul_rows_per_core":512.0,"matmul_cols_per_core":512.0,"matmul_a_bytes":16777216,"matmul_b_bytes":8388608,"matmul_m_split":8,"matmul_n_split":4,"hbm_pattern":""}]
SUMMARY op=mmwd rows=4096 cols=2048 cores=32 tiles=0 lx=1 io_hbm_bytes=41943040 kernel_us=833.437 pred_us=781.224 err_pct=-6.3 bw_gbps=50.3 memset_us=256.473 other_dev_us=855.616 total_dev_us=1945.526
-- mmwd M=4096 K=2048 N=4096 split m=8 n=4 k=1 (cores=32 M/m=512 N/n=1024)
  op_it_space_splits={d0: 8, d1: 4, d2: 1}
  op_it_space_splits={d0: 8, d1: 4, d2: 1}
  op_it_space_splits={d0: 8, d1: 4, d2: 1}
  op_it_space_splits={d0: 8, d1: 4, d2: 1}
  op_it_space_splits={d0: 8, d1: 4, d2: 1}
  op_it_space_splits={d0: 8, d1: 4, d2: 1}
IO -- device-layout I/O (cost model, stick-padded) --
IO   op mm [reduction]
IO     output op0                    torch [4096, 4096] -> device [64, 4096, 64] in HBM = 16777216 elems x 2B = 33554432 B  (hbm counted: 33554432 B)
IO     input  arg0_1                 torch [4096, 2048] -> device [32, 4096, 64] in HBM = 8388608 elems x 2B = 16777216 B  (hbm counted: 16777216 B)
IO     input  arg1_1                 torch [2048, 4096] -> device [64, 2048, 64] in HBM = 8388608 elems x 2B = 16777216 B  (hbm counted: 16777216 B)
IO   => HBM I/O total = 67108864 B  (lx 0 B, ~free)
MODEL -- estimate (turnaround): T = compute + (R+W)/BW_PEAK + a*min(R,W) --
MODEL   R=33554432 B (read)   W=33554432 B (write)   loop_trip L=1
MODEL   compute = MACs/cores/(mac_peak*pt_eff) = 34359738368/32/(1140*1.000) = 941.88 us  (M/m=512, pt_eff=1.000)
MODEL   base = R/150+W/150 = 447.39 us
MODEL   turn = a*min(R,W) = 0.00574*33554432 = 192.60 us
MODEL   => T_model = 1450.60 us
MODEL FEATS [{"name":"mm","is_reduction":true,"out_elems":16777216,"cores":32,"dtype_bytes":2,"args":[{"name":"op0","role":"output","mem":"hbm","elems":16777216,"broadcast":false,"dims":[64,4096,64],"logical":[4096,4096],"loop_factor":1},{"name":"arg0_1","role":"input","mem":"hbm","elems":8388608,"broadcast":false,"dims":[32,4096,64],"logical":[4096,2048],"loop_factor":1},{"name":"arg1_1","role":"input","mem":"hbm","elems":8388608,"broadcast":false,"dims":[64,2048,64],"logical":[2048,4096],"loop_factor":1}],"reduction_cores":1,"loop_trip":1,"tiles_output_dim":false,"tile_rows_per_core":0.0,"is_matmul":true,"matmul_macs":34359738368,"matmul_rows_per_core":512.0,"matmul_cols_per_core":1024.0,"matmul_a_bytes":16777216,"matmul_b_bytes":16777216,"matmul_m_split":8,"matmul_n_split":4,"hbm_pattern":""}]
SUMMARY op=mmwd rows=4096 cols=2048 cores=32 tiles=0 lx=1 io_hbm_bytes=67108864 kernel_us=1696.172 pred_us=1450.599 err_pct=-14.5 bw_gbps=39.6 memset_us=503.529 other_dev_us=2409.086 total_dev_us=4608.787
-- mmwd M=2048 K=4096 N=512 split m=8 n=4 k=1 (cores=32 M/m=256 N/n=128)
  op_it_space_splits={d0: 8, d1: 4, d2: 1}
  op_it_space_splits={d0: 8, d1: 4, d2: 1}
  op_it_space_splits={d0: 8, d1: 4, d2: 1}
  op_it_space_splits={d0: 8, d1: 4, d2: 1}
  op_it_space_splits={d0: 8, d1: 4, d2: 1}
  op_it_space_splits={d0: 8, d1: 4, d2: 1}
IO -- device-layout I/O (cost model, stick-padded) --
IO   op mm [reduction]
IO     output op0                    torch [2048, 512] -> device [8, 2048, 64] in HBM = 1048576 elems x 2B = 2097152 B  (hbm counted: 2097152 B)
IO     input  arg0_1                 torch [2048, 4096] -> device [64, 2048, 64] in HBM = 8388608 elems x 2B = 16777216 B  (hbm counted: 16777216 B)
IO     input  arg1_1                 torch [4096, 512] -> device [8, 4096, 64] in HBM = 2097152 elems x 2B = 4194304 B  (hbm counted: 4194304 B)
IO   => HBM I/O total = 23068672 B  (lx 0 B, ~free)
MODEL -- estimate (turnaround): T = compute + (R+W)/BW_PEAK + a*min(R,W) --
MODEL   R=20971520 B (read)   W=2097152 B (write)   loop_trip L=1
MODEL   compute = MACs/cores/(mac_peak*pt_eff) = 4294967296/32/(1140*1.000) = 117.73 us  (M/m=256, pt_eff=1.000)
MODEL   base = R/150+W/150 = 153.79 us
MODEL   turn = a*min(R,W) = 0.00574*2097152 = 12.04 us
MODEL   => T_model = 229.41 us
MODEL FEATS [{"name":"mm","is_reduction":true,"out_elems":1048576,"cores":32,"dtype_bytes":2,"args":[{"name":"op0","role":"output","mem":"hbm","elems":1048576,"broadcast":false,"dims":[8,2048,64],"logical":[2048,512],"loop_factor":1},{"name":"arg0_1","role":"input","mem":"hbm","elems":8388608,"broadcast":false,"dims":[64,2048,64],"logical":[2048,4096],"loop_factor":1},{"name":"arg1_1","role":"input","mem":"hbm","elems":2097152,"broadcast":false,"dims":[8,4096,64],"logical":[4096,512],"loop_factor":1}],"reduction_cores":1,"loop_trip":1,"tiles_output_dim":false,"tile_rows_per_core":0.0,"is_matmul":true,"matmul_macs":4294967296,"matmul_rows_per_core":256.0,"matmul_cols_per_core":128.0,"matmul_a_bytes":16777216,"matmul_b_bytes":4194304,"matmul_m_split":8,"matmul_n_split":4,"hbm_pattern":""}]
SUMMARY op=mmwd rows=2048 cols=4096 cores=32 tiles=0 lx=1 io_hbm_bytes=23068672 kernel_us=160.003 pred_us=229.406 err_pct=+43.4 bw_gbps=144.2 memset_us=133.474 other_dev_us=315.470 total_dev_us=608.947
-- mmwd M=2048 K=4096 N=1024 split m=8 n=4 k=1 (cores=32 M/m=256 N/n=256)
  op_it_space_splits={d0: 8, d1: 4, d2: 1}
  op_it_space_splits={d0: 8, d1: 4, d2: 1}
  op_it_space_splits={d0: 8, d1: 4, d2: 1}
  op_it_space_splits={d0: 8, d1: 4, d2: 1}
  op_it_space_splits={d0: 8, d1: 4, d2: 1}
  op_it_space_splits={d0: 8, d1: 4, d2: 1}
IO -- device-layout I/O (cost model, stick-padded) --
IO   op mm [reduction]
IO     output op0                    torch [2048, 1024] -> device [16, 2048, 64] in HBM = 2097152 elems x 2B = 4194304 B  (hbm counted: 4194304 B)
IO     input  arg0_1                 torch [2048, 4096] -> device [64, 2048, 64] in HBM = 8388608 elems x 2B = 16777216 B  (hbm counted: 16777216 B)
IO     input  arg1_1                 torch [4096, 1024] -> device [16, 4096, 64] in HBM = 4194304 elems x 2B = 8388608 B  (hbm counted: 8388608 B)
IO   => HBM I/O total = 29360128 B  (lx 0 B, ~free)
MODEL -- estimate (turnaround): T = compute + (R+W)/BW_PEAK + a*min(R,W) --
MODEL   R=25165824 B (read)   W=4194304 B (write)   loop_trip L=1
MODEL   compute = MACs/cores/(mac_peak*pt_eff) = 8589934592/32/(1140*1.000) = 235.47 us  (M/m=256, pt_eff=1.000)
MODEL   base = R/150+W/150 = 195.73 us
MODEL   turn = a*min(R,W) = 0.00574*4194304 = 24.08 us
MODEL   => T_model = 354.17 us
MODEL FEATS [{"name":"mm","is_reduction":true,"out_elems":2097152,"cores":32,"dtype_bytes":2,"args":[{"name":"op0","role":"output","mem":"hbm","elems":2097152,"broadcast":false,"dims":[16,2048,64],"logical":[2048,1024],"loop_factor":1},{"name":"arg0_1","role":"input","mem":"hbm","elems":8388608,"broadcast":false,"dims":[64,2048,64],"logical":[2048,4096],"loop_factor":1},{"name":"arg1_1","role":"input","mem":"hbm","elems":4194304,"broadcast":false,"dims":[16,4096,64],"logical":[4096,1024],"loop_factor":1}],"reduction_cores":1,"loop_trip":1,"tiles_output_dim":false,"tile_rows_per_core":0.0,"is_matmul":true,"matmul_macs":8589934592,"matmul_rows_per_core":256.0,"matmul_cols_per_core":256.0,"matmul_a_bytes":16777216,"matmul_b_bytes":8388608,"matmul_m_split":8,"matmul_n_split":4,"hbm_pattern":""}]
SUMMARY op=mmwd rows=2048 cols=4096 cores=32 tiles=0 lx=1 io_hbm_bytes=29360128 kernel_us=331.373 pred_us=354.167 err_pct=+6.9 bw_gbps=88.6 memset_us=200.194 other_dev_us=274.205 total_dev_us=805.772
-- mmwd M=2048 K=4096 N=2048 split m=8 n=4 k=1 (cores=32 M/m=256 N/n=512)
  op_it_space_splits={d0: 8, d1: 4, d2: 1}
  op_it_space_splits={d0: 8, d1: 4, d2: 1}
  op_it_space_splits={d0: 8, d1: 4, d2: 1}
  op_it_space_splits={d0: 8, d1: 4, d2: 1}
  op_it_space_splits={d0: 8, d1: 4, d2: 1}
  op_it_space_splits={d0: 8, d1: 4, d2: 1}
IO -- device-layout I/O (cost model, stick-padded) --
IO   op mm [reduction]
IO     output op0                    torch [2048, 2048] -> device [32, 2048, 64] in HBM = 4194304 elems x 2B = 8388608 B  (hbm counted: 8388608 B)
IO     input  arg0_1                 torch [2048, 4096] -> device [64, 2048, 64] in HBM = 8388608 elems x 2B = 16777216 B  (hbm counted: 16777216 B)
IO     input  arg1_1                 torch [4096, 2048] -> device [32, 4096, 64] in HBM = 8388608 elems x 2B = 16777216 B  (hbm counted: 16777216 B)
IO   => HBM I/O total = 41943040 B  (lx 0 B, ~free)
MODEL -- estimate (turnaround): T = compute + (R+W)/BW_PEAK + a*min(R,W) --
MODEL   R=33554432 B (read)   W=8388608 B (write)   loop_trip L=1
MODEL   compute = MACs/cores/(mac_peak*pt_eff) = 17179869184/32/(1140*1.000) = 470.94 us  (M/m=256, pt_eff=1.000)
MODEL   base = R/150+W/150 = 279.62 us
MODEL   turn = a*min(R,W) = 0.00574*8388608 = 48.15 us
MODEL   => T_model = 702.29 us
MODEL FEATS [{"name":"mm","is_reduction":true,"out_elems":4194304,"cores":32,"dtype_bytes":2,"args":[{"name":"op0","role":"output","mem":"hbm","elems":4194304,"broadcast":false,"dims":[32,2048,64],"logical":[2048,2048],"loop_factor":1},{"name":"arg0_1","role":"input","mem":"hbm","elems":8388608,"broadcast":false,"dims":[64,2048,64],"logical":[2048,4096],"loop_factor":1},{"name":"arg1_1","role":"input","mem":"hbm","elems":8388608,"broadcast":false,"dims":[32,4096,64],"logical":[4096,2048],"loop_factor":1}],"reduction_cores":1,"loop_trip":1,"tiles_output_dim":false,"tile_rows_per_core":0.0,"is_matmul":true,"matmul_macs":17179869184,"matmul_rows_per_core":256.0,"matmul_cols_per_core":512.0,"matmul_a_bytes":16777216,"matmul_b_bytes":16777216,"matmul_m_split":8,"matmul_n_split":4,"hbm_pattern":""}]
SUMMARY op=mmwd rows=2048 cols=4096 cores=32 tiles=0 lx=1 io_hbm_bytes=41943040 kernel_us=670.761 pred_us=702.294 err_pct=+4.7 bw_gbps=62.5 memset_us=251.313 other_dev_us=453.716 total_dev_us=1375.790
-- mmwd M=1024 K=2048 N=2048 split m=8 n=4 k=1 (cores=32 M/m=128 N/n=512)
  op_it_space_splits={d0: 8, d1: 4, d2: 1}
  op_it_space_splits={d0: 8, d1: 4, d2: 1}
  op_it_space_splits={d0: 8, d1: 4, d2: 1}
  op_it_space_splits={d0: 8, d1: 4, d2: 1}
  op_it_space_splits={d0: 8, d1: 4, d2: 1}
  op_it_space_splits={d0: 8, d1: 4, d2: 1}
IO -- device-layout I/O (cost model, stick-padded) --
IO   op mm [reduction]
IO     output op0                    torch [1024, 2048] -> device [32, 1024, 64] in HBM = 2097152 elems x 2B = 4194304 B  (hbm counted: 4194304 B)
IO     input  arg0_1                 torch [1024, 2048] -> device [32, 1024, 64] in HBM = 2097152 elems x 2B = 4194304 B  (hbm counted: 4194304 B)
IO     input  arg1_1                 torch [2048, 2048] -> device [32, 2048, 64] in HBM = 4194304 elems x 2B = 8388608 B  (hbm counted: 8388608 B)
IO   => HBM I/O total = 16777216 B  (lx 0 B, ~free)
MODEL -- estimate (turnaround): T = compute + (R+W)/BW_PEAK + a*min(R,W) --
MODEL   R=12582912 B (read)   W=4194304 B (write)   loop_trip L=1
MODEL   compute = MACs/cores/(mac_peak*pt_eff) = 4294967296/32/(1140*1.000) = 117.73 us  (M/m=128, pt_eff=1.000)
MODEL   base = R/150+W/150 = 111.85 us
MODEL   turn = a*min(R,W) = 0.00574*4194304 = 24.08 us
MODEL   => T_model = 199.50 us
MODEL FEATS [{"name":"mm","is_reduction":true,"out_elems":2097152,"cores":32,"dtype_bytes":2,"args":[{"name":"op0","role":"output","mem":"hbm","elems":2097152,"broadcast":false,"dims":[32,1024,64],"logical":[1024,2048],"loop_factor":1},{"name":"arg0_1","role":"input","mem":"hbm","elems":2097152,"broadcast":false,"dims":[32,1024,64],"logical":[1024,2048],"loop_factor":1},{"name":"arg1_1","role":"input","mem":"hbm","elems":4194304,"broadcast":false,"dims":[32,2048,64],"logical":[2048,2048],"loop_factor":1}],"reduction_cores":1,"loop_trip":1,"tiles_output_dim":false,"tile_rows_per_core":0.0,"is_matmul":true,"matmul_macs":4294967296,"matmul_rows_per_core":128.0,"matmul_cols_per_core":512.0,"matmul_a_bytes":4194304,"matmul_b_bytes":8388608,"matmul_m_split":8,"matmul_n_split":4,"hbm_pattern":""}]
SUMMARY op=mmwd rows=1024 cols=2048 cores=32 tiles=0 lx=1 io_hbm_bytes=16777216 kernel_us=170.698 pred_us=199.500 err_pct=+16.9 bw_gbps=98.3 memset_us=185.484 other_dev_us=533.955 total_dev_us=890.137
## DC H2: N/n pinned, sweep m via cores {8,16,32} at 4 N/n levels
-- mmwd M=2048 K=2048 N=512 split m=2 n=4 k=1 (cores=8 M/m=1024 N/n=128)
  op_it_space_splits={d0: 2, d1: 4, d2: 1}
  op_it_space_splits={d0: 2, d1: 4, d2: 1}
  op_it_space_splits={d0: 2, d1: 4, d2: 1}
  op_it_space_splits={d0: 2, d1: 4, d2: 1}
  op_it_space_splits={d0: 2, d1: 4, d2: 1}
  op_it_space_splits={d0: 2, d1: 4, d2: 1}
IO -- device-layout I/O (cost model, stick-padded) --
IO   op mm [reduction]
IO     output op0                    torch [2048, 512] -> device [8, 2048, 64] in HBM = 1048576 elems x 2B = 2097152 B  (hbm counted: 2097152 B)
IO     input  arg0_1                 torch [2048, 2048] -> device [32, 2048, 64] in HBM = 4194304 elems x 2B = 8388608 B  (hbm counted: 8388608 B)
IO     input  arg1_1                 torch [2048, 512] -> device [8, 2048, 64] in HBM = 1048576 elems x 2B = 2097152 B  (hbm counted: 2097152 B)
IO   => HBM I/O total = 12582912 B  (lx 0 B, ~free)
MODEL -- estimate (turnaround): T = compute + (R+W)/BW_PEAK + a*min(R,W) --
MODEL   R=10485760 B (read)   W=2097152 B (write)   loop_trip L=1
MODEL   compute = MACs/cores/(mac_peak*pt_eff) = 2147483648/8/(1140*1.000) = 235.47 us  (M/m=1024, pt_eff=1.000)
MODEL   base = R/150+W/150 = 83.89 us
MODEL   turn = a*min(R,W) = 0.00574*2097152 = 12.04 us
MODEL   => T_model = 304.26 us
MODEL FEATS [{"name":"mm","is_reduction":true,"out_elems":1048576,"cores":8,"dtype_bytes":2,"args":[{"name":"op0","role":"output","mem":"hbm","elems":1048576,"broadcast":false,"dims":[8,2048,64],"logical":[2048,512],"loop_factor":1},{"name":"arg0_1","role":"input","mem":"hbm","elems":4194304,"broadcast":false,"dims":[32,2048,64],"logical":[2048,2048],"loop_factor":1},{"name":"arg1_1","role":"input","mem":"hbm","elems":1048576,"broadcast":false,"dims":[8,2048,64],"logical":[2048,512],"loop_factor":1}],"reduction_cores":1,"loop_trip":1,"tiles_output_dim":false,"tile_rows_per_core":0.0,"is_matmul":true,"matmul_macs":2147483648,"matmul_rows_per_core":1024.0,"matmul_cols_per_core":128.0,"matmul_a_bytes":8388608,"matmul_b_bytes":2097152,"matmul_m_split":2,"matmul_n_split":4,"hbm_pattern":""}]
SUMMARY op=mmwd rows=2048 cols=2048 cores=8 tiles=0 lx=1 io_hbm_bytes=12582912 kernel_us=267.412 pred_us=304.255 err_pct=+13.8 bw_gbps=47.1 memset_us=140.962 other_dev_us=117.449 total_dev_us=525.823
-- mmwd M=2048 K=2048 N=512 split m=4 n=4 k=1 (cores=16 M/m=512 N/n=128)
  op_it_space_splits={d0: 4, d1: 4, d2: 1}
  op_it_space_splits={d0: 4, d1: 4, d2: 1}
  op_it_space_splits={d0: 4, d1: 4, d2: 1}
  op_it_space_splits={d0: 4, d1: 4, d2: 1}
  op_it_space_splits={d0: 4, d1: 4, d2: 1}
  op_it_space_splits={d0: 4, d1: 4, d2: 1}
IO -- device-layout I/O (cost model, stick-padded) --
IO   op mm [reduction]
IO     output op0                    torch [2048, 512] -> device [8, 2048, 64] in HBM = 1048576 elems x 2B = 2097152 B  (hbm counted: 2097152 B)
IO     input  arg0_1                 torch [2048, 2048] -> device [32, 2048, 64] in HBM = 4194304 elems x 2B = 8388608 B  (hbm counted: 8388608 B)
IO     input  arg1_1                 torch [2048, 512] -> device [8, 2048, 64] in HBM = 1048576 elems x 2B = 2097152 B  (hbm counted: 2097152 B)
IO   => HBM I/O total = 12582912 B  (lx 0 B, ~free)
MODEL -- estimate (turnaround): T = compute + (R+W)/BW_PEAK + a*min(R,W) --
MODEL   R=10485760 B (read)   W=2097152 B (write)   loop_trip L=1
MODEL   compute = MACs/cores/(mac_peak*pt_eff) = 2147483648/16/(1140*1.000) = 117.73 us  (M/m=512, pt_eff=1.000)
MODEL   base = R/150+W/150 = 83.89 us
MODEL   turn = a*min(R,W) = 0.00574*2097152 = 12.04 us
MODEL   => T_model = 169.53 us
MODEL FEATS [{"name":"mm","is_reduction":true,"out_elems":1048576,"cores":16,"dtype_bytes":2,"args":[{"name":"op0","role":"output","mem":"hbm","elems":1048576,"broadcast":false,"dims":[8,2048,64],"logical":[2048,512],"loop_factor":1},{"name":"arg0_1","role":"input","mem":"hbm","elems":4194304,"broadcast":false,"dims":[32,2048,64],"logical":[2048,2048],"loop_factor":1},{"name":"arg1_1","role":"input","mem":"hbm","elems":1048576,"broadcast":false,"dims":[8,2048,64],"logical":[2048,512],"loop_factor":1}],"reduction_cores":1,"loop_trip":1,"tiles_output_dim":false,"tile_rows_per_core":0.0,"is_matmul":true,"matmul_macs":2147483648,"matmul_rows_per_core":512.0,"matmul_cols_per_core":128.0,"matmul_a_bytes":8388608,"matmul_b_bytes":2097152,"matmul_m_split":4,"matmul_n_split":4,"hbm_pattern":""}]
SUMMARY op=mmwd rows=2048 cols=2048 cores=16 tiles=0 lx=1 io_hbm_bytes=12582912 kernel_us=150.234 pred_us=169.534 err_pct=+12.8 bw_gbps=83.8 memset_us=125.154 other_dev_us=382.149 total_dev_us=657.537
-- mmwd M=2048 K=2048 N=512 split m=8 n=4 k=1 (cores=32 M/m=256 N/n=128)
  op_it_space_splits={d0: 8, d1: 4, d2: 1}
  op_it_space_splits={d0: 8, d1: 4, d2: 1}
  op_it_space_splits={d0: 8, d1: 4, d2: 1}
  op_it_space_splits={d0: 8, d1: 4, d2: 1}
  op_it_space_splits={d0: 8, d1: 4, d2: 1}
  op_it_space_splits={d0: 8, d1: 4, d2: 1}
IO -- device-layout I/O (cost model, stick-padded) --
IO   op mm [reduction]
IO     output op0                    torch [2048, 512] -> device [8, 2048, 64] in HBM = 1048576 elems x 2B = 2097152 B  (hbm counted: 2097152 B)
IO     input  arg0_1                 torch [2048, 2048] -> device [32, 2048, 64] in HBM = 4194304 elems x 2B = 8388608 B  (hbm counted: 8388608 B)
IO     input  arg1_1                 torch [2048, 512] -> device [8, 2048, 64] in HBM = 1048576 elems x 2B = 2097152 B  (hbm counted: 2097152 B)
IO   => HBM I/O total = 12582912 B  (lx 0 B, ~free)
MODEL -- estimate (turnaround): T = compute + (R+W)/BW_PEAK + a*min(R,W) --
MODEL   R=10485760 B (read)   W=2097152 B (write)   loop_trip L=1
MODEL   compute = MACs/cores/(mac_peak*pt_eff) = 2147483648/32/(1140*1.000) = 58.87 us  (M/m=256, pt_eff=1.000)
MODEL   base = R/150+W/150 = 83.89 us
MODEL   turn = a*min(R,W) = 0.00574*2097152 = 12.04 us
MODEL   => T_model = 127.71 us
MODEL FEATS [{"name":"mm","is_reduction":true,"out_elems":1048576,"cores":32,"dtype_bytes":2,"args":[{"name":"op0","role":"output","mem":"hbm","elems":1048576,"broadcast":false,"dims":[8,2048,64],"logical":[2048,512],"loop_factor":1},{"name":"arg0_1","role":"input","mem":"hbm","elems":4194304,"broadcast":false,"dims":[32,2048,64],"logical":[2048,2048],"loop_factor":1},{"name":"arg1_1","role":"input","mem":"hbm","elems":1048576,"broadcast":false,"dims":[8,2048,64],"logical":[2048,512],"loop_factor":1}],"reduction_cores":1,"loop_trip":1,"tiles_output_dim":false,"tile_rows_per_core":0.0,"is_matmul":true,"matmul_macs":2147483648,"matmul_rows_per_core":256.0,"matmul_cols_per_core":128.0,"matmul_a_bytes":8388608,"matmul_b_bytes":2097152,"matmul_m_split":8,"matmul_n_split":4,"hbm_pattern":""}]
SUMMARY op=mmwd rows=2048 cols=2048 cores=32 tiles=0 lx=1 io_hbm_bytes=12582912 kernel_us=89.054 pred_us=127.712 err_pct=+43.4 bw_gbps=141.3 memset_us=129.247 other_dev_us=208.340 total_dev_us=426.641
-- mmwd M=2048 K=2048 N=1024 split m=2 n=4 k=1 (cores=8 M/m=1024 N/n=256)
  op_it_space_splits={d0: 2, d1: 4, d2: 1}
  op_it_space_splits={d0: 2, d1: 4, d2: 1}
  op_it_space_splits={d0: 2, d1: 4, d2: 1}
  op_it_space_splits={d0: 2, d1: 4, d2: 1}
  op_it_space_splits={d0: 2, d1: 4, d2: 1}
  op_it_space_splits={d0: 2, d1: 4, d2: 1}
IO -- device-layout I/O (cost model, stick-padded) --
IO   op mm [reduction]
IO     output op0                    torch [2048, 1024] -> device [16, 2048, 64] in HBM = 2097152 elems x 2B = 4194304 B  (hbm counted: 4194304 B)
IO     input  arg0_1                 torch [2048, 2048] -> device [32, 2048, 64] in HBM = 4194304 elems x 2B = 8388608 B  (hbm counted: 8388608 B)
IO     input  arg1_1                 torch [2048, 1024] -> device [16, 2048, 64] in HBM = 2097152 elems x 2B = 4194304 B  (hbm counted: 4194304 B)
IO   => HBM I/O total = 16777216 B  (lx 0 B, ~free)
MODEL -- estimate (turnaround): T = compute + (R+W)/BW_PEAK + a*min(R,W) --
MODEL   R=12582912 B (read)   W=4194304 B (write)   loop_trip L=1
MODEL   compute = MACs/cores/(mac_peak*pt_eff) = 4294967296/8/(1140*1.000) = 470.94 us  (M/m=1024, pt_eff=1.000)
MODEL   base = R/150+W/150 = 111.85 us
MODEL   turn = a*min(R,W) = 0.00574*4194304 = 24.08 us
MODEL   => T_model = 585.11 us
MODEL FEATS [{"name":"mm","is_reduction":true,"out_elems":2097152,"cores":8,"dtype_bytes":2,"args":[{"name":"op0","role":"output","mem":"hbm","elems":2097152,"broadcast":false,"dims":[16,2048,64],"logical":[2048,1024],"loop_factor":1},{"name":"arg0_1","role":"input","mem":"hbm","elems":4194304,"broadcast":false,"dims":[32,2048,64],"logical":[2048,2048],"loop_factor":1},{"name":"arg1_1","role":"input","mem":"hbm","elems":2097152,"broadcast":false,"dims":[16,2048,64],"logical":[2048,1024],"loop_factor":1}],"reduction_cores":1,"loop_trip":1,"tiles_output_dim":false,"tile_rows_per_core":0.0,"is_matmul":true,"matmul_macs":4294967296,"matmul_rows_per_core":1024.0,"matmul_cols_per_core":256.0,"matmul_a_bytes":8388608,"matmul_b_bytes":4194304,"matmul_m_split":2,"matmul_n_split":4,"hbm_pattern":""}]
SUMMARY op=mmwd rows=2048 cols=2048 cores=8 tiles=0 lx=1 io_hbm_bytes=16777216 kernel_us=551.109 pred_us=585.107 err_pct=+6.2 bw_gbps=30.4 memset_us=157.316 other_dev_us=441.470 total_dev_us=1149.895
-- mmwd M=2048 K=2048 N=1024 split m=4 n=4 k=1 (cores=16 M/m=512 N/n=256)
  op_it_space_splits={d0: 4, d1: 4, d2: 1}
  op_it_space_splits={d0: 4, d1: 4, d2: 1}
  op_it_space_splits={d0: 4, d1: 4, d2: 1}
  op_it_space_splits={d0: 4, d1: 4, d2: 1}
  op_it_space_splits={d0: 4, d1: 4, d2: 1}
  op_it_space_splits={d0: 4, d1: 4, d2: 1}
IO -- device-layout I/O (cost model, stick-padded) --
IO   op mm [reduction]
IO     output op0                    torch [2048, 1024] -> device [16, 2048, 64] in HBM = 2097152 elems x 2B = 4194304 B  (hbm counted: 4194304 B)
IO     input  arg0_1                 torch [2048, 2048] -> device [32, 2048, 64] in HBM = 4194304 elems x 2B = 8388608 B  (hbm counted: 8388608 B)
IO     input  arg1_1                 torch [2048, 1024] -> device [16, 2048, 64] in HBM = 2097152 elems x 2B = 4194304 B  (hbm counted: 4194304 B)
IO   => HBM I/O total = 16777216 B  (lx 0 B, ~free)
MODEL -- estimate (turnaround): T = compute + (R+W)/BW_PEAK + a*min(R,W) --
MODEL   R=12582912 B (read)   W=4194304 B (write)   loop_trip L=1
MODEL   compute = MACs/cores/(mac_peak*pt_eff) = 4294967296/16/(1140*1.000) = 235.47 us  (M/m=512, pt_eff=1.000)
MODEL   base = R/150+W/150 = 111.85 us
MODEL   turn = a*min(R,W) = 0.00574*4194304 = 24.08 us
MODEL   => T_model = 329.25 us
MODEL FEATS [{"name":"mm","is_reduction":true,"out_elems":2097152,"cores":16,"dtype_bytes":2,"args":[{"name":"op0","role":"output","mem":"hbm","elems":2097152,"broadcast":false,"dims":[16,2048,64],"logical":[2048,1024],"loop_factor":1},{"name":"arg0_1","role":"input","mem":"hbm","elems":4194304,"broadcast":false,"dims":[32,2048,64],"logical":[2048,2048],"loop_factor":1},{"name":"arg1_1","role":"input","mem":"hbm","elems":2097152,"broadcast":false,"dims":[16,2048,64],"logical":[2048,1024],"loop_factor":1}],"reduction_cores":1,"loop_trip":1,"tiles_output_dim":false,"tile_rows_per_core":0.0,"is_matmul":true,"matmul_macs":4294967296,"matmul_rows_per_core":512.0,"matmul_cols_per_core":256.0,"matmul_a_bytes":8388608,"matmul_b_bytes":4194304,"matmul_m_split":4,"matmul_n_split":4,"hbm_pattern":""}]
SUMMARY op=mmwd rows=2048 cols=2048 cores=16 tiles=0 lx=1 io_hbm_bytes=16777216 kernel_us=300.900 pred_us=329.253 err_pct=+9.4 bw_gbps=55.8 memset_us=155.098 other_dev_us=589.901 total_dev_us=1045.899
-- mmwd M=2048 K=2048 N=1024 split m=8 n=4 k=1 (cores=32 M/m=256 N/n=256)
  op_it_space_splits={d0: 8, d1: 4, d2: 1}
  op_it_space_splits={d0: 8, d1: 4, d2: 1}
  op_it_space_splits={d0: 8, d1: 4, d2: 1}
  op_it_space_splits={d0: 8, d1: 4, d2: 1}
  op_it_space_splits={d0: 8, d1: 4, d2: 1}
  op_it_space_splits={d0: 8, d1: 4, d2: 1}
IO -- device-layout I/O (cost model, stick-padded) --
IO   op mm [reduction]
IO     output op0                    torch [2048, 1024] -> device [16, 2048, 64] in HBM = 2097152 elems x 2B = 4194304 B  (hbm counted: 4194304 B)
IO     input  arg0_1                 torch [2048, 2048] -> device [32, 2048, 64] in HBM = 4194304 elems x 2B = 8388608 B  (hbm counted: 8388608 B)
IO     input  arg1_1                 torch [2048, 1024] -> device [16, 2048, 64] in HBM = 2097152 elems x 2B = 4194304 B  (hbm counted: 4194304 B)
IO   => HBM I/O total = 16777216 B  (lx 0 B, ~free)
MODEL -- estimate (turnaround): T = compute + (R+W)/BW_PEAK + a*min(R,W) --
MODEL   R=12582912 B (read)   W=4194304 B (write)   loop_trip L=1
MODEL   compute = MACs/cores/(mac_peak*pt_eff) = 4294967296/32/(1140*1.000) = 117.73 us  (M/m=256, pt_eff=1.000)
MODEL   base = R/150+W/150 = 111.85 us
MODEL   turn = a*min(R,W) = 0.00574*4194304 = 24.08 us
MODEL   => T_model = 199.50 us
MODEL FEATS [{"name":"mm","is_reduction":true,"out_elems":2097152,"cores":32,"dtype_bytes":2,"args":[{"name":"op0","role":"output","mem":"hbm","elems":2097152,"broadcast":false,"dims":[16,2048,64],"logical":[2048,1024],"loop_factor":1},{"name":"arg0_1","role":"input","mem":"hbm","elems":4194304,"broadcast":false,"dims":[32,2048,64],"logical":[2048,2048],"loop_factor":1},{"name":"arg1_1","role":"input","mem":"hbm","elems":2097152,"broadcast":false,"dims":[16,2048,64],"logical":[2048,1024],"loop_factor":1}],"reduction_cores":1,"loop_trip":1,"tiles_output_dim":false,"tile_rows_per_core":0.0,"is_matmul":true,"matmul_macs":4294967296,"matmul_rows_per_core":256.0,"matmul_cols_per_core":256.0,"matmul_a_bytes":8388608,"matmul_b_bytes":4194304,"matmul_m_split":8,"matmul_n_split":4,"hbm_pattern":""}]
SUMMARY op=mmwd rows=2048 cols=2048 cores=32 tiles=0 lx=1 io_hbm_bytes=16777216 kernel_us=186.685 pred_us=199.500 err_pct=+6.9 bw_gbps=89.9 memset_us=173.971 other_dev_us=352.286 total_dev_us=712.942
-- mmwd M=2048 K=2048 N=2048 split m=2 n=4 k=1 (cores=8 M/m=1024 N/n=512)
  op_it_space_splits={d0: 2, d1: 4, d2: 1}
  op_it_space_splits={d0: 2, d1: 4, d2: 1}
  op_it_space_splits={d0: 2, d1: 4, d2: 1}
  op_it_space_splits={d0: 2, d1: 4, d2: 1}
  op_it_space_splits={d0: 2, d1: 4, d2: 1}
  op_it_space_splits={d0: 2, d1: 4, d2: 1}
IO -- device-layout I/O (cost model, stick-padded) --
IO   op mm [reduction]
IO     output op0                    torch [2048, 2048] -> device [32, 2048, 64] in HBM = 4194304 elems x 2B = 8388608 B  (hbm counted: 8388608 B)
IO     input  arg0_1                 torch [2048, 2048] -> device [32, 2048, 64] in HBM = 4194304 elems x 2B = 8388608 B  (hbm counted: 8388608 B)
IO     input  arg1_1                 torch [2048, 2048] -> device [32, 2048, 64] in HBM = 4194304 elems x 2B = 8388608 B  (hbm counted: 8388608 B)
IO   => HBM I/O total = 25165824 B  (lx 0 B, ~free)
MODEL -- estimate (turnaround): T = compute + (R+W)/BW_PEAK + a*min(R,W) --
MODEL   R=16777216 B (read)   W=8388608 B (write)   loop_trip L=1
MODEL   compute = MACs/cores/(mac_peak*pt_eff) = 8589934592/8/(1140*1.000) = 941.88 us  (M/m=1024, pt_eff=1.000)
MODEL   base = R/150+W/150 = 167.77 us
MODEL   turn = a*min(R,W) = 0.00574*8388608 = 48.15 us
MODEL   => T_model = 1140.01 us
MODEL FEATS [{"name":"mm","is_reduction":true,"out_elems":4194304,"cores":8,"dtype_bytes":2,"args":[{"name":"op0","role":"output","mem":"hbm","elems":4194304,"broadcast":false,"dims":[32,2048,64],"logical":[2048,2048],"loop_factor":1},{"name":"arg0_1","role":"input","mem":"hbm","elems":4194304,"broadcast":false,"dims":[32,2048,64],"logical":[2048,2048],"loop_factor":1},{"name":"arg1_1","role":"input","mem":"hbm","elems":4194304,"broadcast":false,"dims":[32,2048,64],"logical":[2048,2048],"loop_factor":1}],"reduction_cores":1,"loop_trip":1,"tiles_output_dim":false,"tile_rows_per_core":0.0,"is_matmul":true,"matmul_macs":8589934592,"matmul_rows_per_core":1024.0,"matmul_cols_per_core":512.0,"matmul_a_bytes":8388608,"matmul_b_bytes":8388608,"matmul_m_split":2,"matmul_n_split":4,"hbm_pattern":""}]
SUMMARY op=mmwd rows=2048 cols=2048 cores=8 tiles=0 lx=1 io_hbm_bytes=25165824 kernel_us=1098.434 pred_us=1140.014 err_pct=+3.8 bw_gbps=22.9 memset_us=235.345 other_dev_us=682.694 total_dev_us=2016.473
-- mmwd M=2048 K=2048 N=2048 split m=4 n=4 k=1 (cores=16 M/m=512 N/n=512)
  op_it_space_splits={d0: 4, d1: 4, d2: 1}
  op_it_space_splits={d0: 4, d1: 4, d2: 1}
  op_it_space_splits={d0: 4, d1: 4, d2: 1}
  op_it_space_splits={d0: 4, d1: 4, d2: 1}
  op_it_space_splits={d0: 4, d1: 4, d2: 1}
  op_it_space_splits={d0: 4, d1: 4, d2: 1}
IO -- device-layout I/O (cost model, stick-padded) --
IO   op mm [reduction]
IO     output op0                    torch [2048, 2048] -> device [32, 2048, 64] in HBM = 4194304 elems x 2B = 8388608 B  (hbm counted: 8388608 B)
IO     input  arg0_1                 torch [2048, 2048] -> device [32, 2048, 64] in HBM = 4194304 elems x 2B = 8388608 B  (hbm counted: 8388608 B)
IO     input  arg1_1                 torch [2048, 2048] -> device [32, 2048, 64] in HBM = 4194304 elems x 2B = 8388608 B  (hbm counted: 8388608 B)
IO   => HBM I/O total = 25165824 B  (lx 0 B, ~free)
MODEL -- estimate (turnaround): T = compute + (R+W)/BW_PEAK + a*min(R,W) --
MODEL   R=16777216 B (read)   W=8388608 B (write)   loop_trip L=1
MODEL   compute = MACs/cores/(mac_peak*pt_eff) = 8589934592/16/(1140*1.000) = 470.94 us  (M/m=512, pt_eff=1.000)
MODEL   base = R/150+W/150 = 167.77 us
MODEL   turn = a*min(R,W) = 0.00574*8388608 = 48.15 us
MODEL   => T_model = 641.90 us
MODEL FEATS [{"name":"mm","is_reduction":true,"out_elems":4194304,"cores":16,"dtype_bytes":2,"args":[{"name":"op0","role":"output","mem":"hbm","elems":4194304,"broadcast":false,"dims":[32,2048,64],"logical":[2048,2048],"loop_factor":1},{"name":"arg0_1","role":"input","mem":"hbm","elems":4194304,"broadcast":false,"dims":[32,2048,64],"logical":[2048,2048],"loop_factor":1},{"name":"arg1_1","role":"input","mem":"hbm","elems":4194304,"broadcast":false,"dims":[32,2048,64],"logical":[2048,2048],"loop_factor":1}],"reduction_cores":1,"loop_trip":1,"tiles_output_dim":false,"tile_rows_per_core":0.0,"is_matmul":true,"matmul_macs":8589934592,"matmul_rows_per_core":512.0,"matmul_cols_per_core":512.0,"matmul_a_bytes":8388608,"matmul_b_bytes":8388608,"matmul_m_split":4,"matmul_n_split":4,"hbm_pattern":""}]
SUMMARY op=mmwd rows=2048 cols=2048 cores=16 tiles=0 lx=1 io_hbm_bytes=25165824 kernel_us=587.613 pred_us=641.896 err_pct=+9.2 bw_gbps=42.8 memset_us=199.579 other_dev_us=364.148 total_dev_us=1151.340
-- mmwd M=2048 K=2048 N=2048 split m=8 n=4 k=1 (cores=32 M/m=256 N/n=512)
  op_it_space_splits={d0: 8, d1: 4, d2: 1}
  op_it_space_splits={d0: 8, d1: 4, d2: 1}
  op_it_space_splits={d0: 8, d1: 4, d2: 1}
  op_it_space_splits={d0: 8, d1: 4, d2: 1}
  op_it_space_splits={d0: 8, d1: 4, d2: 1}
  op_it_space_splits={d0: 8, d1: 4, d2: 1}
IO -- device-layout I/O (cost model, stick-padded) --
IO   op mm [reduction]
IO     output op0                    torch [2048, 2048] -> device [32, 2048, 64] in HBM = 4194304 elems x 2B = 8388608 B  (hbm counted: 8388608 B)
IO     input  arg0_1                 torch [2048, 2048] -> device [32, 2048, 64] in HBM = 4194304 elems x 2B = 8388608 B  (hbm counted: 8388608 B)
IO     input  arg1_1                 torch [2048, 2048] -> device [32, 2048, 64] in HBM = 4194304 elems x 2B = 8388608 B  (hbm counted: 8388608 B)
IO   => HBM I/O total = 25165824 B  (lx 0 B, ~free)
MODEL -- estimate (turnaround): T = compute + (R+W)/BW_PEAK + a*min(R,W) --
MODEL   R=16777216 B (read)   W=8388608 B (write)   loop_trip L=1
MODEL   compute = MACs/cores/(mac_peak*pt_eff) = 8589934592/32/(1140*1.000) = 235.47 us  (M/m=256, pt_eff=1.000)
MODEL   base = R/150+W/150 = 167.77 us
MODEL   turn = a*min(R,W) = 0.00574*8388608 = 48.15 us
MODEL   => T_model = 393.41 us
MODEL FEATS [{"name":"mm","is_reduction":true,"out_elems":4194304,"cores":32,"dtype_bytes":2,"args":[{"name":"op0","role":"output","mem":"hbm","elems":4194304,"broadcast":false,"dims":[32,2048,64],"logical":[2048,2048],"loop_factor":1},{"name":"arg0_1","role":"input","mem":"hbm","elems":4194304,"broadcast":false,"dims":[32,2048,64],"logical":[2048,2048],"loop_factor":1},{"name":"arg1_1","role":"input","mem":"hbm","elems":4194304,"broadcast":false,"dims":[32,2048,64],"logical":[2048,2048],"loop_factor":1}],"reduction_cores":1,"loop_trip":1,"tiles_output_dim":false,"tile_rows_per_core":0.0,"is_matmul":true,"matmul_macs":8589934592,"matmul_rows_per_core":256.0,"matmul_cols_per_core":512.0,"matmul_a_bytes":8388608,"matmul_b_bytes":8388608,"matmul_m_split":8,"matmul_n_split":4,"hbm_pattern":""}]
SUMMARY op=mmwd rows=2048 cols=2048 cores=32 tiles=0 lx=1 io_hbm_bytes=25165824 kernel_us=388.910 pred_us=393.408 err_pct=+1.2 bw_gbps=64.7 memset_us=230.121 other_dev_us=541.773 total_dev_us=1160.804
-- mmwd M=2048 K=2048 N=4096 split m=2 n=4 k=1 (cores=8 M/m=1024 N/n=1024)
  op_it_space_splits={d0: 2, d1: 4, d2: 1}
  op_it_space_splits={d0: 2, d1: 4, d2: 1}
  op_it_space_splits={d0: 2, d1: 4, d2: 1}
  op_it_space_splits={d0: 2, d1: 4, d2: 1}
  op_it_space_splits={d0: 2, d1: 4, d2: 1}
  op_it_space_splits={d0: 2, d1: 4, d2: 1}
IO -- device-layout I/O (cost model, stick-padded) --
IO   op mm [reduction]
IO     output op0                    torch [2048, 4096] -> device [64, 2048, 64] in HBM = 8388608 elems x 2B = 16777216 B  (hbm counted: 16777216 B)
IO     input  arg0_1                 torch [2048, 2048] -> device [32, 2048, 64] in HBM = 4194304 elems x 2B = 8388608 B  (hbm counted: 8388608 B)
IO     input  arg1_1                 torch [2048, 4096] -> device [64, 2048, 64] in HBM = 8388608 elems x 2B = 16777216 B  (hbm counted: 16777216 B)
IO   => HBM I/O total = 41943040 B  (lx 0 B, ~free)
MODEL -- estimate (turnaround): T = compute + (R+W)/BW_PEAK + a*min(R,W) --
MODEL   R=25165824 B (read)   W=16777216 B (write)   loop_trip L=1
MODEL   compute = MACs/cores/(mac_peak*pt_eff) = 17179869184/8/(1140*1.000) = 1883.76 us  (M/m=1024, pt_eff=1.000)
MODEL   base = R/150+W/150 = 279.62 us
MODEL   turn = a*min(R,W) = 0.00574*16777216 = 96.30 us
MODEL   => T_model = 2222.65 us
MODEL FEATS [{"name":"mm","is_reduction":true,"out_elems":8388608,"cores":8,"dtype_bytes":2,"args":[{"name":"op0","role":"output","mem":"hbm","elems":8388608,"broadcast":false,"dims":[64,2048,64],"logical":[2048,4096],"loop_factor":1},{"name":"arg0_1","role":"input","mem":"hbm","elems":4194304,"broadcast":false,"dims":[32,2048,64],"logical":[2048,2048],"loop_factor":1},{"name":"arg1_1","role":"input","mem":"hbm","elems":8388608,"broadcast":false,"dims":[64,2048,64],"logical":[2048,4096],"loop_factor":1}],"reduction_cores":1,"loop_trip":1,"tiles_output_dim":false,"tile_rows_per_core":0.0,"is_matmul":true,"matmul_macs":17179869184,"matmul_rows_per_core":1024.0,"matmul_cols_per_core":1024.0,"matmul_a_bytes":8388608,"matmul_b_bytes":16777216,"matmul_m_split":2,"matmul_n_split":4,"hbm_pattern":""}]
SUMMARY op=mmwd rows=2048 cols=2048 cores=8 tiles=0 lx=1 io_hbm_bytes=41943040 kernel_us=2197.799 pred_us=2222.651 err_pct=+1.1 bw_gbps=19.1 memset_us=311.935 other_dev_us=880.461 total_dev_us=3390.195
-- mmwd M=2048 K=2048 N=4096 split m=4 n=4 k=1 (cores=16 M/m=512 N/n=1024)
  op_it_space_splits={d0: 4, d1: 4, d2: 1}
  op_it_space_splits={d0: 4, d1: 4, d2: 1}
  op_it_space_splits={d0: 4, d1: 4, d2: 1}
  op_it_space_splits={d0: 4, d1: 4, d2: 1}
  op_it_space_splits={d0: 4, d1: 4, d2: 1}
  op_it_space_splits={d0: 4, d1: 4, d2: 1}
IO -- device-layout I/O (cost model, stick-padded) --
IO   op mm [reduction]
IO     output op0                    torch [2048, 4096] -> device [64, 2048, 64] in HBM = 8388608 elems x 2B = 16777216 B  (hbm counted: 16777216 B)
IO     input  arg0_1                 torch [2048, 2048] -> device [32, 2048, 64] in HBM = 4194304 elems x 2B = 8388608 B  (hbm counted: 8388608 B)
IO     input  arg1_1                 torch [2048, 4096] -> device [64, 2048, 64] in HBM = 8388608 elems x 2B = 16777216 B  (hbm counted: 16777216 B)
IO   => HBM I/O total = 41943040 B  (lx 0 B, ~free)
MODEL -- estimate (turnaround): T = compute + (R+W)/BW_PEAK + a*min(R,W) --
MODEL   R=25165824 B (read)   W=16777216 B (write)   loop_trip L=1
MODEL   compute = MACs/cores/(mac_peak*pt_eff) = 17179869184/16/(1140*1.000) = 941.88 us  (M/m=512, pt_eff=1.000)
MODEL   base = R/150+W/150 = 279.62 us
MODEL   turn = a*min(R,W) = 0.00574*16777216 = 96.30 us
MODEL   => T_model = 1267.18 us
MODEL FEATS [{"name":"mm","is_reduction":true,"out_elems":8388608,"cores":16,"dtype_bytes":2,"args":[{"name":"op0","role":"output","mem":"hbm","elems":8388608,"broadcast":false,"dims":[64,2048,64],"logical":[2048,4096],"loop_factor":1},{"name":"arg0_1","role":"input","mem":"hbm","elems":4194304,"broadcast":false,"dims":[32,2048,64],"logical":[2048,2048],"loop_factor":1},{"name":"arg1_1","role":"input","mem":"hbm","elems":8388608,"broadcast":false,"dims":[64,2048,64],"logical":[2048,4096],"loop_factor":1}],"reduction_cores":1,"loop_trip":1,"tiles_output_dim":false,"tile_rows_per_core":0.0,"is_matmul":true,"matmul_macs":17179869184,"matmul_rows_per_core":512.0,"matmul_cols_per_core":1024.0,"matmul_a_bytes":8388608,"matmul_b_bytes":16777216,"matmul_m_split":4,"matmul_n_split":4,"hbm_pattern":""}]
SUMMARY op=mmwd rows=2048 cols=2048 cores=16 tiles=0 lx=1 io_hbm_bytes=41943040 kernel_us=1182.705 pred_us=1267.182 err_pct=+7.1 bw_gbps=35.5 memset_us=316.978 other_dev_us=900.328 total_dev_us=2400.011
-- mmwd M=2048 K=2048 N=4096 split m=8 n=4 k=1 (cores=32 M/m=256 N/n=1024)
  op_it_space_splits={d0: 8, d1: 4, d2: 1}
  op_it_space_splits={d0: 8, d1: 4, d2: 1}
  op_it_space_splits={d0: 8, d1: 4, d2: 1}
  op_it_space_splits={d0: 8, d1: 4, d2: 1}
  op_it_space_splits={d0: 8, d1: 4, d2: 1}
  op_it_space_splits={d0: 8, d1: 4, d2: 1}
IO -- device-layout I/O (cost model, stick-padded) --
IO   op mm [reduction]
IO     output op0                    torch [2048, 4096] -> device [64, 2048, 64] in HBM = 8388608 elems x 2B = 16777216 B  (hbm counted: 16777216 B)
IO     input  arg0_1                 torch [2048, 2048] -> device [32, 2048, 64] in HBM = 4194304 elems x 2B = 8388608 B  (hbm counted: 8388608 B)
IO     input  arg1_1                 torch [2048, 4096] -> device [64, 2048, 64] in HBM = 8388608 elems x 2B = 16777216 B  (hbm counted: 16777216 B)
IO   => HBM I/O total = 41943040 B  (lx 0 B, ~free)
MODEL -- estimate (turnaround): T = compute + (R+W)/BW_PEAK + a*min(R,W) --
MODEL   R=25165824 B (read)   W=16777216 B (write)   loop_trip L=1
MODEL   compute = MACs/cores/(mac_peak*pt_eff) = 17179869184/32/(1140*1.000) = 470.94 us  (M/m=256, pt_eff=1.000)
MODEL   base = R/150+W/150 = 279.62 us
MODEL   turn = a*min(R,W) = 0.00574*16777216 = 96.30 us
MODEL   => T_model = 781.22 us
MODEL FEATS [{"name":"mm","is_reduction":true,"out_elems":8388608,"cores":32,"dtype_bytes":2,"args":[{"name":"op0","role":"output","mem":"hbm","elems":8388608,"broadcast":false,"dims":[64,2048,64],"logical":[2048,4096],"loop_factor":1},{"name":"arg0_1","role":"input","mem":"hbm","elems":4194304,"broadcast":false,"dims":[32,2048,64],"logical":[2048,2048],"loop_factor":1},{"name":"arg1_1","role":"input","mem":"hbm","elems":8388608,"broadcast":false,"dims":[64,2048,64],"logical":[2048,4096],"loop_factor":1}],"reduction_cores":1,"loop_trip":1,"tiles_output_dim":false,"tile_rows_per_core":0.0,"is_matmul":true,"matmul_macs":17179869184,"matmul_rows_per_core":256.0,"matmul_cols_per_core":1024.0,"matmul_a_bytes":8388608,"matmul_b_bytes":16777216,"matmul_m_split":8,"matmul_n_split":4,"hbm_pattern":""}]
SUMMARY op=mmwd rows=2048 cols=2048 cores=32 tiles=0 lx=1 io_hbm_bytes=41943040 kernel_us=786.902 pred_us=781.224 err_pct=-0.7 bw_gbps=53.3 memset_us=346.250 other_dev_us=862.510 total_dev_us=1995.662
## EDGE 32x1 vs 1x32, 8x2 vs 2x8 (+16x2/4x8 ref): 3 shapes
-- mmwd M=8192 K=2048 N=2048 split m=32 n=1 k=1 (cores=32 M/m=256 N/n=2048)
  op_it_space_splits={d0: 32, d1: 1, d2: 1}
  op_it_space_splits={d0: 32, d1: 1, d2: 1}
  op_it_space_splits={d0: 32, d1: 1, d2: 1}
  op_it_space_splits={d0: 32, d1: 1, d2: 1}
  op_it_space_splits={d0: 32, d1: 1, d2: 1}
  op_it_space_splits={d0: 32, d1: 1, d2: 1}
IO -- device-layout I/O (cost model, stick-padded) --
IO   op mm [reduction]
IO     output op0                    torch [8192, 2048] -> device [32, 8192, 64] in HBM = 16777216 elems x 2B = 33554432 B  (hbm counted: 33554432 B)
IO     input  arg0_1                 torch [8192, 2048] -> device [32, 8192, 64] in HBM = 16777216 elems x 2B = 33554432 B  (hbm counted: 33554432 B)
IO     input  arg1_1                 torch [2048, 2048] -> device [32, 2048, 64] in HBM = 4194304 elems x 2B = 8388608 B  (hbm counted: 8388608 B)
IO   => HBM I/O total = 75497472 B  (lx 0 B, ~free)
MODEL -- estimate (turnaround): T = compute + (R+W)/BW_PEAK + a*min(R,W) --
MODEL   R=41943040 B (read)   W=33554432 B (write)   loop_trip L=1
MODEL   compute = MACs/cores/(mac_peak*pt_eff) = 34359738368/32/(1140*1.000) = 941.88 us  (M/m=256, pt_eff=1.000)
MODEL   base = R/150+W/150 = 503.32 us
MODEL   turn = a*min(R,W) = 0.00574*33554432 = 192.60 us
MODEL   => T_model = 1582.02 us
MODEL FEATS [{"name":"mm","is_reduction":true,"out_elems":16777216,"cores":32,"dtype_bytes":2,"args":[{"name":"op0","role":"output","mem":"hbm","elems":16777216,"broadcast":false,"dims":[32,8192,64],"logical":[8192,2048],"loop_factor":1},{"name":"arg0_1","role":"input","mem":"hbm","elems":16777216,"broadcast":false,"dims":[32,8192,64],"logical":[8192,2048],"loop_factor":1},{"name":"arg1_1","role":"input","mem":"hbm","elems":4194304,"broadcast":false,"dims":[32,2048,64],"logical":[2048,2048],"loop_factor":1}],"reduction_cores":1,"loop_trip":1,"tiles_output_dim":false,"tile_rows_per_core":0.0,"is_matmul":true,"matmul_macs":34359738368,"matmul_rows_per_core":256.0,"matmul_cols_per_core":2048.0,"matmul_a_bytes":33554432,"matmul_b_bytes":8388608,"matmul_m_split":32,"matmul_n_split":1,"hbm_pattern":""}]
SUMMARY op=mmwd rows=8192 cols=2048 cores=32 tiles=0 lx=1 io_hbm_bytes=75497472 kernel_us=4074.847 pred_us=1582.021 err_pct=-61.2 bw_gbps=18.5 memset_us=506.191 other_dev_us=2216.373 total_dev_us=6797.411
-- mmwd M=8192 K=2048 N=2048 split m=1 n=32 k=1 (cores=32 M/m=8192 N/n=64)
  op_it_space_splits={d0: 1, d1: 32, d2: 1}
  op_it_space_splits={d0: 1, d1: 32, d2: 1}
  op_it_space_splits={d0: 1, d1: 32, d2: 1}
  op_it_space_splits={d0: 1, d1: 32, d2: 1}
  op_it_space_splits={d0: 1, d1: 32, d2: 1}
  op_it_space_splits={d0: 1, d1: 32, d2: 1}
IO -- device-layout I/O (cost model, stick-padded) --
IO   op mm [reduction]
IO     output op0                    torch [8192, 2048] -> device [32, 8192, 64] in HBM = 16777216 elems x 2B = 33554432 B  (hbm counted: 33554432 B)
IO     input  arg0_1                 torch [8192, 2048] -> device [32, 8192, 64] in HBM = 16777216 elems x 2B = 33554432 B  (hbm counted: 33554432 B)
IO     input  arg1_1                 torch [2048, 2048] -> device [32, 2048, 64] in HBM = 4194304 elems x 2B = 8388608 B  (hbm counted: 8388608 B)
IO   => HBM I/O total = 75497472 B  (lx 0 B, ~free)
MODEL -- estimate (turnaround): T = compute + (R+W)/BW_PEAK + a*min(R,W) --
MODEL   R=41943040 B (read)   W=33554432 B (write)   loop_trip L=1
MODEL   compute = MACs/cores/(mac_peak*pt_eff) = 34359738368/32/(1140*1.000) = 941.88 us  (M/m=8192, pt_eff=1.000)
MODEL   base = R/150+W/150 = 503.32 us
MODEL   turn = a*min(R,W) = 0.00574*33554432 = 192.60 us
MODEL   => T_model = 1582.02 us
MODEL FEATS [{"name":"mm","is_reduction":true,"out_elems":16777216,"cores":32,"dtype_bytes":2,"args":[{"name":"op0","role":"output","mem":"hbm","elems":16777216,"broadcast":false,"dims":[32,8192,64],"logical":[8192,2048],"loop_factor":1},{"name":"arg0_1","role":"input","mem":"hbm","elems":16777216,"broadcast":false,"dims":[32,8192,64],"logical":[8192,2048],"loop_factor":1},{"name":"arg1_1","role":"input","mem":"hbm","elems":4194304,"broadcast":false,"dims":[32,2048,64],"logical":[2048,2048],"loop_factor":1}],"reduction_cores":1,"loop_trip":1,"tiles_output_dim":false,"tile_rows_per_core":0.0,"is_matmul":true,"matmul_macs":34359738368,"matmul_rows_per_core":8192.0,"matmul_cols_per_core":64.0,"matmul_a_bytes":33554432,"matmul_b_bytes":8388608,"matmul_m_split":1,"matmul_n_split":32,"hbm_pattern":""}]
SUMMARY op=mmwd rows=8192 cols=2048 cores=32 tiles=0 lx=1 io_hbm_bytes=75497472 kernel_us=2807.657 pred_us=1582.021 err_pct=-43.7 bw_gbps=26.9 memset_us=463.944 other_dev_us=2426.773 total_dev_us=5698.374
-- mmwd M=8192 K=2048 N=2048 split m=8 n=2 k=1 (cores=16 M/m=1024 N/n=1024)
  op_it_space_splits={d0: 8, d1: 2, d2: 1}
  op_it_space_splits={d0: 8, d1: 2, d2: 1}
  op_it_space_splits={d0: 8, d1: 2, d2: 1}
  op_it_space_splits={d0: 8, d1: 2, d2: 1}
  op_it_space_splits={d0: 8, d1: 2, d2: 1}
  op_it_space_splits={d0: 8, d1: 2, d2: 1}
IO -- device-layout I/O (cost model, stick-padded) --
IO   op mm [reduction]
IO     output op0                    torch [8192, 2048] -> device [32, 8192, 64] in HBM = 16777216 elems x 2B = 33554432 B  (hbm counted: 33554432 B)
IO     input  arg0_1                 torch [8192, 2048] -> device [32, 8192, 64] in HBM = 16777216 elems x 2B = 33554432 B  (hbm counted: 33554432 B)
IO     input  arg1_1                 torch [2048, 2048] -> device [32, 2048, 64] in HBM = 4194304 elems x 2B = 8388608 B  (hbm counted: 8388608 B)
IO   => HBM I/O total = 75497472 B  (lx 0 B, ~free)
MODEL -- estimate (turnaround): T = compute + (R+W)/BW_PEAK + a*min(R,W) --
MODEL   R=41943040 B (read)   W=33554432 B (write)   loop_trip L=1
MODEL   compute = MACs/cores/(mac_peak*pt_eff) = 34359738368/16/(1140*1.000) = 1883.76 us  (M/m=1024, pt_eff=1.000)
MODEL   base = R/150+W/150 = 503.32 us
MODEL   turn = a*min(R,W) = 0.00574*33554432 = 192.60 us
MODEL   => T_model = 2486.05 us
MODEL FEATS [{"name":"mm","is_reduction":true,"out_elems":16777216,"cores":16,"dtype_bytes":2,"args":[{"name":"op0","role":"output","mem":"hbm","elems":16777216,"broadcast":false,"dims":[32,8192,64],"logical":[8192,2048],"loop_factor":1},{"name":"arg0_1","role":"input","mem":"hbm","elems":16777216,"broadcast":false,"dims":[32,8192,64],"logical":[8192,2048],"loop_factor":1},{"name":"arg1_1","role":"input","mem":"hbm","elems":4194304,"broadcast":false,"dims":[32,2048,64],"logical":[2048,2048],"loop_factor":1}],"reduction_cores":1,"loop_trip":1,"tiles_output_dim":false,"tile_rows_per_core":0.0,"is_matmul":true,"matmul_macs":34359738368,"matmul_rows_per_core":1024.0,"matmul_cols_per_core":1024.0,"matmul_a_bytes":33554432,"matmul_b_bytes":8388608,"matmul_m_split":8,"matmul_n_split":2,"hbm_pattern":""}]
SUMMARY op=mmwd rows=8192 cols=2048 cores=16 tiles=0 lx=1 io_hbm_bytes=75497472 kernel_us=2586.279 pred_us=2486.046 err_pct=-3.9 bw_gbps=29.2 memset_us=449.035 other_dev_us=2260.012 total_dev_us=5295.326
-- mmwd M=8192 K=2048 N=2048 split m=2 n=8 k=1 (cores=16 M/m=4096 N/n=256)
  op_it_space_splits={d0: 2, d1: 8, d2: 1}
  op_it_space_splits={d0: 2, d1: 8, d2: 1}
  op_it_space_splits={d0: 2, d1: 8, d2: 1}
  op_it_space_splits={d0: 2, d1: 8, d2: 1}
  op_it_space_splits={d0: 2, d1: 8, d2: 1}
  op_it_space_splits={d0: 2, d1: 8, d2: 1}
IO -- device-layout I/O (cost model, stick-padded) --
IO   op mm [reduction]
IO     output op0                    torch [8192, 2048] -> device [32, 8192, 64] in HBM = 16777216 elems x 2B = 33554432 B  (hbm counted: 33554432 B)
IO     input  arg0_1                 torch [8192, 2048] -> device [32, 8192, 64] in HBM = 16777216 elems x 2B = 33554432 B  (hbm counted: 33554432 B)
IO     input  arg1_1                 torch [2048, 2048] -> device [32, 2048, 64] in HBM = 4194304 elems x 2B = 8388608 B  (hbm counted: 8388608 B)
IO   => HBM I/O total = 75497472 B  (lx 0 B, ~free)
MODEL -- estimate (turnaround): T = compute + (R+W)/BW_PEAK + a*min(R,W) --
MODEL   R=41943040 B (read)   W=33554432 B (write)   loop_trip L=1
MODEL   compute = MACs/cores/(mac_peak*pt_eff) = 34359738368/16/(1140*1.000) = 1883.76 us  (M/m=4096, pt_eff=1.000)
MODEL   base = R/150+W/150 = 503.32 us
MODEL   turn = a*min(R,W) = 0.00574*33554432 = 192.60 us
MODEL   => T_model = 2486.05 us
MODEL FEATS [{"name":"mm","is_reduction":true,"out_elems":16777216,"cores":16,"dtype_bytes":2,"args":[{"name":"op0","role":"output","mem":"hbm","elems":16777216,"broadcast":false,"dims":[32,8192,64],"logical":[8192,2048],"loop_factor":1},{"name":"arg0_1","role":"input","mem":"hbm","elems":16777216,"broadcast":false,"dims":[32,8192,64],"logical":[8192,2048],"loop_factor":1},{"name":"arg1_1","role":"input","mem":"hbm","elems":4194304,"broadcast":false,"dims":[32,2048,64],"logical":[2048,2048],"loop_factor":1}],"reduction_cores":1,"loop_trip":1,"tiles_output_dim":false,"tile_rows_per_core":0.0,"is_matmul":true,"matmul_macs":34359738368,"matmul_rows_per_core":4096.0,"matmul_cols_per_core":256.0,"matmul_a_bytes":33554432,"matmul_b_bytes":8388608,"matmul_m_split":2,"matmul_n_split":8,"hbm_pattern":""}]
SUMMARY op=mmwd rows=8192 cols=2048 cores=16 tiles=0 lx=1 io_hbm_bytes=75497472 kernel_us=2575.358 pred_us=2486.046 err_pct=-3.5 bw_gbps=29.3 memset_us=464.785 other_dev_us=2190.030 total_dev_us=5230.173
-- mmwd M=8192 K=2048 N=2048 split m=16 n=2 k=1 (cores=32 M/m=512 N/n=1024)
  op_it_space_splits={d0: 16, d1: 2, d2: 1}
  op_it_space_splits={d0: 16, d1: 2, d2: 1}
  op_it_space_splits={d0: 16, d1: 2, d2: 1}
  op_it_space_splits={d0: 16, d1: 2, d2: 1}
  op_it_space_splits={d0: 16, d1: 2, d2: 1}
  op_it_space_splits={d0: 16, d1: 2, d2: 1}
IO -- device-layout I/O (cost model, stick-padded) --
IO   op mm [reduction]
IO     output op0                    torch [8192, 2048] -> device [32, 8192, 64] in HBM = 16777216 elems x 2B = 33554432 B  (hbm counted: 33554432 B)
IO     input  arg0_1                 torch [8192, 2048] -> device [32, 8192, 64] in HBM = 16777216 elems x 2B = 33554432 B  (hbm counted: 33554432 B)
IO     input  arg1_1                 torch [2048, 2048] -> device [32, 2048, 64] in HBM = 4194304 elems x 2B = 8388608 B  (hbm counted: 8388608 B)
IO   => HBM I/O total = 75497472 B  (lx 0 B, ~free)
MODEL -- estimate (turnaround): T = compute + (R+W)/BW_PEAK + a*min(R,W) --
MODEL   R=41943040 B (read)   W=33554432 B (write)   loop_trip L=1
MODEL   compute = MACs/cores/(mac_peak*pt_eff) = 34359738368/32/(1140*1.000) = 941.88 us  (M/m=512, pt_eff=1.000)
MODEL   base = R/150+W/150 = 503.32 us
MODEL   turn = a*min(R,W) = 0.00574*33554432 = 192.60 us
MODEL   => T_model = 1582.02 us
MODEL FEATS [{"name":"mm","is_reduction":true,"out_elems":16777216,"cores":32,"dtype_bytes":2,"args":[{"name":"op0","role":"output","mem":"hbm","elems":16777216,"broadcast":false,"dims":[32,8192,64],"logical":[8192,2048],"loop_factor":1},{"name":"arg0_1","role":"input","mem":"hbm","elems":16777216,"broadcast":false,"dims":[32,8192,64],"logical":[8192,2048],"loop_factor":1},{"name":"arg1_1","role":"input","mem":"hbm","elems":4194304,"broadcast":false,"dims":[32,2048,64],"logical":[2048,2048],"loop_factor":1}],"reduction_cores":1,"loop_trip":1,"tiles_output_dim":false,"tile_rows_per_core":0.0,"is_matmul":true,"matmul_macs":34359738368,"matmul_rows_per_core":512.0,"matmul_cols_per_core":1024.0,"matmul_a_bytes":33554432,"matmul_b_bytes":8388608,"matmul_m_split":16,"matmul_n_split":2,"hbm_pattern":""}]
SUMMARY op=mmwd rows=8192 cols=2048 cores=32 tiles=0 lx=1 io_hbm_bytes=75497472 kernel_us=2589.430 pred_us=1582.021 err_pct=-38.9 bw_gbps=29.2 memset_us=469.861 other_dev_us=2219.901 total_dev_us=5279.192
-- mmwd M=8192 K=2048 N=2048 split m=4 n=8 k=1 (cores=32 M/m=2048 N/n=256)
  op_it_space_splits={d0: 4, d1: 8, d2: 1}
  op_it_space_splits={d0: 4, d1: 8, d2: 1}
  op_it_space_splits={d0: 4, d1: 8, d2: 1}
  op_it_space_splits={d0: 4, d1: 8, d2: 1}
  op_it_space_splits={d0: 4, d1: 8, d2: 1}
  op_it_space_splits={d0: 4, d1: 8, d2: 1}
IO -- device-layout I/O (cost model, stick-padded) --
IO   op mm [reduction]
IO     output op0                    torch [8192, 2048] -> device [32, 8192, 64] in HBM = 16777216 elems x 2B = 33554432 B  (hbm counted: 33554432 B)
IO     input  arg0_1                 torch [8192, 2048] -> device [32, 8192, 64] in HBM = 16777216 elems x 2B = 33554432 B  (hbm counted: 33554432 B)
IO     input  arg1_1                 torch [2048, 2048] -> device [32, 2048, 64] in HBM = 4194304 elems x 2B = 8388608 B  (hbm counted: 8388608 B)
IO   => HBM I/O total = 75497472 B  (lx 0 B, ~free)
MODEL -- estimate (turnaround): T = compute + (R+W)/BW_PEAK + a*min(R,W) --
MODEL   R=41943040 B (read)   W=33554432 B (write)   loop_trip L=1
MODEL   compute = MACs/cores/(mac_peak*pt_eff) = 34359738368/32/(1140*1.000) = 941.88 us  (M/m=2048, pt_eff=1.000)
MODEL   base = R/150+W/150 = 503.32 us
MODEL   turn = a*min(R,W) = 0.00574*33554432 = 192.60 us
MODEL   => T_model = 1582.02 us
MODEL FEATS [{"name":"mm","is_reduction":true,"out_elems":16777216,"cores":32,"dtype_bytes":2,"args":[{"name":"op0","role":"output","mem":"hbm","elems":16777216,"broadcast":false,"dims":[32,8192,64],"logical":[8192,2048],"loop_factor":1},{"name":"arg0_1","role":"input","mem":"hbm","elems":16777216,"broadcast":false,"dims":[32,8192,64],"logical":[8192,2048],"loop_factor":1},{"name":"arg1_1","role":"input","mem":"hbm","elems":4194304,"broadcast":false,"dims":[32,2048,64],"logical":[2048,2048],"loop_factor":1}],"reduction_cores":1,"loop_trip":1,"tiles_output_dim":false,"tile_rows_per_core":0.0,"is_matmul":true,"matmul_macs":34359738368,"matmul_rows_per_core":2048.0,"matmul_cols_per_core":256.0,"matmul_a_bytes":33554432,"matmul_b_bytes":8388608,"matmul_m_split":4,"matmul_n_split":8,"hbm_pattern":""}]
SUMMARY op=mmwd rows=8192 cols=2048 cores=32 tiles=0 lx=1 io_hbm_bytes=75497472 kernel_us=1588.205 pred_us=1582.021 err_pct=-0.4 bw_gbps=47.5 memset_us=434.784 other_dev_us=2261.993 total_dev_us=4284.982
-- mmwd M=4096 K=2048 N=4096 split m=32 n=1 k=1 (cores=32 M/m=128 N/n=4096)
  op_it_space_splits={d0: 32, d1: 1, d2: 1}
  op_it_space_splits={d0: 32, d1: 1, d2: 1}
  op_it_space_splits={d0: 32, d1: 1, d2: 1}
  op_it_space_splits={d0: 32, d1: 1, d2: 1}
  op_it_space_splits={d0: 32, d1: 1, d2: 1}
  op_it_space_splits={d0: 32, d1: 1, d2: 1}
IO -- device-layout I/O (cost model, stick-padded) --
IO   op mm [reduction]
IO     output op0                    torch [4096, 4096] -> device [64, 4096, 64] in HBM = 16777216 elems x 2B = 33554432 B  (hbm counted: 33554432 B)
IO     input  arg0_1                 torch [4096, 2048] -> device [32, 4096, 64] in HBM = 8388608 elems x 2B = 16777216 B  (hbm counted: 16777216 B)
IO     input  arg1_1                 torch [2048, 4096] -> device [64, 2048, 64] in HBM = 8388608 elems x 2B = 16777216 B  (hbm counted: 16777216 B)
IO   => HBM I/O total = 67108864 B  (lx 0 B, ~free)
MODEL -- estimate (turnaround): T = compute + (R+W)/BW_PEAK + a*min(R,W) --
MODEL   R=33554432 B (read)   W=33554432 B (write)   loop_trip L=1
MODEL   compute = MACs/cores/(mac_peak*pt_eff) = 34359738368/32/(1140*1.000) = 941.88 us  (M/m=128, pt_eff=1.000)
MODEL   base = R/150+W/150 = 447.39 us
MODEL   turn = a*min(R,W) = 0.00574*33554432 = 192.60 us
MODEL   => T_model = 1450.60 us
MODEL FEATS [{"name":"mm","is_reduction":true,"out_elems":16777216,"cores":32,"dtype_bytes":2,"args":[{"name":"op0","role":"output","mem":"hbm","elems":16777216,"broadcast":false,"dims":[64,4096,64],"logical":[4096,4096],"loop_factor":1},{"name":"arg0_1","role":"input","mem":"hbm","elems":8388608,"broadcast":false,"dims":[32,4096,64],"logical":[4096,2048],"loop_factor":1},{"name":"arg1_1","role":"input","mem":"hbm","elems":8388608,"broadcast":false,"dims":[64,2048,64],"logical":[2048,4096],"loop_factor":1}],"reduction_cores":1,"loop_trip":1,"tiles_output_dim":false,"tile_rows_per_core":0.0,"is_matmul":true,"matmul_macs":34359738368,"matmul_rows_per_core":128.0,"matmul_cols_per_core":4096.0,"matmul_a_bytes":16777216,"matmul_b_bytes":16777216,"matmul_m_split":32,"matmul_n_split":1,"hbm_pattern":""}]
SUMMARY op=mmwd rows=4096 cols=2048 cores=32 tiles=0 lx=1 io_hbm_bytes=67108864 kernel_us=2411.572 pred_us=1450.599 err_pct=-39.8 bw_gbps=27.8 memset_us=469.604 other_dev_us=2227.125 total_dev_us=5108.301
-- mmwd M=4096 K=2048 N=4096 split m=1 n=32 k=1 (cores=32 M/m=4096 N/n=128)
  op_it_space_splits={d0: 1, d1: 32, d2: 1}
  op_it_space_splits={d0: 1, d1: 32, d2: 1}
  op_it_space_splits={d0: 1, d1: 32, d2: 1}
  op_it_space_splits={d0: 1, d1: 32, d2: 1}
  op_it_space_splits={d0: 1, d1: 32, d2: 1}
  op_it_space_splits={d0: 1, d1: 32, d2: 1}
IO -- device-layout I/O (cost model, stick-padded) --
IO   op mm [reduction]
IO     output op0                    torch [4096, 4096] -> device [64, 4096, 64] in HBM = 16777216 elems x 2B = 33554432 B  (hbm counted: 33554432 B)
IO     input  arg0_1                 torch [4096, 2048] -> device [32, 4096, 64] in HBM = 8388608 elems x 2B = 16777216 B  (hbm counted: 16777216 B)
IO     input  arg1_1                 torch [2048, 4096] -> device [64, 2048, 64] in HBM = 8388608 elems x 2B = 16777216 B  (hbm counted: 16777216 B)
IO   => HBM I/O total = 67108864 B  (lx 0 B, ~free)
MODEL -- estimate (turnaround): T = compute + (R+W)/BW_PEAK + a*min(R,W) --
MODEL   R=33554432 B (read)   W=33554432 B (write)   loop_trip L=1
MODEL   compute = MACs/cores/(mac_peak*pt_eff) = 34359738368/32/(1140*1.000) = 941.88 us  (M/m=4096, pt_eff=1.000)
MODEL   base = R/150+W/150 = 447.39 us
MODEL   turn = a*min(R,W) = 0.00574*33554432 = 192.60 us
MODEL   => T_model = 1450.60 us
MODEL FEATS [{"name":"mm","is_reduction":true,"out_elems":16777216,"cores":32,"dtype_bytes":2,"args":[{"name":"op0","role":"output","mem":"hbm","elems":16777216,"broadcast":false,"dims":[64,4096,64],"logical":[4096,4096],"loop_factor":1},{"name":"arg0_1","role":"input","mem":"hbm","elems":8388608,"broadcast":false,"dims":[32,4096,64],"logical":[4096,2048],"loop_factor":1},{"name":"arg1_1","role":"input","mem":"hbm","elems":8388608,"broadcast":false,"dims":[64,2048,64],"logical":[2048,4096],"loop_factor":1}],"reduction_cores":1,"loop_trip":1,"tiles_output_dim":false,"tile_rows_per_core":0.0,"is_matmul":true,"matmul_macs":34359738368,"matmul_rows_per_core":4096.0,"matmul_cols_per_core":128.0,"matmul_a_bytes":16777216,"matmul_b_bytes":16777216,"matmul_m_split":1,"matmul_n_split":32,"hbm_pattern":""}]
SUMMARY op=mmwd rows=4096 cols=2048 cores=32 tiles=0 lx=1 io_hbm_bytes=67108864 kernel_us=2554.268 pred_us=1450.599 err_pct=-43.2 bw_gbps=26.3 memset_us=485.087 other_dev_us=2404.156 total_dev_us=5443.511
-- mmwd M=4096 K=2048 N=4096 split m=8 n=4 k=1 (cores=32 M/m=512 N/n=1024)
  op_it_space_splits={d0: 8, d1: 4, d2: 1}
  op_it_space_splits={d0: 8, d1: 4, d2: 1}
  op_it_space_splits={d0: 8, d1: 4, d2: 1}
  op_it_space_splits={d0: 8, d1: 4, d2: 1}
  op_it_space_splits={d0: 8, d1: 4, d2: 1}
  op_it_space_splits={d0: 8, d1: 4, d2: 1}
IO -- device-layout I/O (cost model, stick-padded) --
IO   op mm [reduction]
IO     output op0                    torch [4096, 4096] -> device [64, 4096, 64] in HBM = 16777216 elems x 2B = 33554432 B  (hbm counted: 33554432 B)
IO     input  arg0_1                 torch [4096, 2048] -> device [32, 4096, 64] in HBM = 8388608 elems x 2B = 16777216 B  (hbm counted: 16777216 B)
IO     input  arg1_1                 torch [2048, 4096] -> device [64, 2048, 64] in HBM = 8388608 elems x 2B = 16777216 B  (hbm counted: 16777216 B)
IO   => HBM I/O total = 67108864 B  (lx 0 B, ~free)
MODEL -- estimate (turnaround): T = compute + (R+W)/BW_PEAK + a*min(R,W) --
MODEL   R=33554432 B (read)   W=33554432 B (write)   loop_trip L=1
MODEL   compute = MACs/cores/(mac_peak*pt_eff) = 34359738368/32/(1140*1.000) = 941.88 us  (M/m=512, pt_eff=1.000)
MODEL   base = R/150+W/150 = 447.39 us
MODEL   turn = a*min(R,W) = 0.00574*33554432 = 192.60 us
MODEL   => T_model = 1450.60 us
MODEL FEATS [{"name":"mm","is_reduction":true,"out_elems":16777216,"cores":32,"dtype_bytes":2,"args":[{"name":"op0","role":"output","mem":"hbm","elems":16777216,"broadcast":false,"dims":[64,4096,64],"logical":[4096,4096],"loop_factor":1},{"name":"arg0_1","role":"input","mem":"hbm","elems":8388608,"broadcast":false,"dims":[32,4096,64],"logical":[4096,2048],"loop_factor":1},{"name":"arg1_1","role":"input","mem":"hbm","elems":8388608,"broadcast":false,"dims":[64,2048,64],"logical":[2048,4096],"loop_factor":1}],"reduction_cores":1,"loop_trip":1,"tiles_output_dim":false,"tile_rows_per_core":0.0,"is_matmul":true,"matmul_macs":34359738368,"matmul_rows_per_core":512.0,"matmul_cols_per_core":1024.0,"matmul_a_bytes":16777216,"matmul_b_bytes":16777216,"matmul_m_split":8,"matmul_n_split":4,"hbm_pattern":""}]
SUMMARY op=mmwd rows=4096 cols=2048 cores=32 tiles=0 lx=1 io_hbm_bytes=67108864 kernel_us=1716.580 pred_us=1450.599 err_pct=-15.5 bw_gbps=39.1 memset_us=433.872 other_dev_us=2416.146 total_dev_us=4566.598
-- mmwd M=4096 K=2048 N=4096 split m=4 n=8 k=1 (cores=32 M/m=1024 N/n=512)
  op_it_space_splits={d0: 4, d1: 8, d2: 1}
  op_it_space_splits={d0: 4, d1: 8, d2: 1}
  op_it_space_splits={d0: 4, d1: 8, d2: 1}
  op_it_space_splits={d0: 4, d1: 8, d2: 1}
  op_it_space_splits={d0: 4, d1: 8, d2: 1}
  op_it_space_splits={d0: 4, d1: 8, d2: 1}
IO -- device-layout I/O (cost model, stick-padded) --
IO   op mm [reduction]
IO     output op0                    torch [4096, 4096] -> device [64, 4096, 64] in HBM = 16777216 elems x 2B = 33554432 B  (hbm counted: 33554432 B)
IO     input  arg0_1                 torch [4096, 2048] -> device [32, 4096, 64] in HBM = 8388608 elems x 2B = 16777216 B  (hbm counted: 16777216 B)
IO     input  arg1_1                 torch [2048, 4096] -> device [64, 2048, 64] in HBM = 8388608 elems x 2B = 16777216 B  (hbm counted: 16777216 B)
IO   => HBM I/O total = 67108864 B  (lx 0 B, ~free)
MODEL -- estimate (turnaround): T = compute + (R+W)/BW_PEAK + a*min(R,W) --
MODEL   R=33554432 B (read)   W=33554432 B (write)   loop_trip L=1
MODEL   compute = MACs/cores/(mac_peak*pt_eff) = 34359738368/32/(1140*1.000) = 941.88 us  (M/m=1024, pt_eff=1.000)
MODEL   base = R/150+W/150 = 447.39 us
MODEL   turn = a*min(R,W) = 0.00574*33554432 = 192.60 us
MODEL   => T_model = 1450.60 us
MODEL FEATS [{"name":"mm","is_reduction":true,"out_elems":16777216,"cores":32,"dtype_bytes":2,"args":[{"name":"op0","role":"output","mem":"hbm","elems":16777216,"broadcast":false,"dims":[64,4096,64],"logical":[4096,4096],"loop_factor":1},{"name":"arg0_1","role":"input","mem":"hbm","elems":8388608,"broadcast":false,"dims":[32,4096,64],"logical":[4096,2048],"loop_factor":1},{"name":"arg1_1","role":"input","mem":"hbm","elems":8388608,"broadcast":false,"dims":[64,2048,64],"logical":[2048,4096],"loop_factor":1}],"reduction_cores":1,"loop_trip":1,"tiles_output_dim":false,"tile_rows_per_core":0.0,"is_matmul":true,"matmul_macs":34359738368,"matmul_rows_per_core":1024.0,"matmul_cols_per_core":512.0,"matmul_a_bytes":16777216,"matmul_b_bytes":16777216,"matmul_m_split":4,"matmul_n_split":8,"hbm_pattern":""}]
SUMMARY op=mmwd rows=4096 cols=2048 cores=32 tiles=0 lx=1 io_hbm_bytes=67108864 kernel_us=1561.719 pred_us=1450.599 err_pct=-7.1 bw_gbps=43.0 memset_us=487.803 other_dev_us=2237.792 total_dev_us=4287.314
-- mmwd M=2048 K=2048 N=2048 split m=16 n=2 k=1 (cores=32 M/m=128 N/n=1024)
  op_it_space_splits={d0: 16, d1: 2, d2: 1}
  op_it_space_splits={d0: 16, d1: 2, d2: 1}
  op_it_space_splits={d0: 16, d1: 2, d2: 1}
  op_it_space_splits={d0: 16, d1: 2, d2: 1}
  op_it_space_splits={d0: 16, d1: 2, d2: 1}
  op_it_space_splits={d0: 16, d1: 2, d2: 1}
IO -- device-layout I/O (cost model, stick-padded) --
IO   op mm [reduction]
IO     output op0                    torch [2048, 2048] -> device [32, 2048, 64] in HBM = 4194304 elems x 2B = 8388608 B  (hbm counted: 8388608 B)
IO     input  arg0_1                 torch [2048, 2048] -> device [32, 2048, 64] in HBM = 4194304 elems x 2B = 8388608 B  (hbm counted: 8388608 B)
IO     input  arg1_1                 torch [2048, 2048] -> device [32, 2048, 64] in HBM = 4194304 elems x 2B = 8388608 B  (hbm counted: 8388608 B)
IO   => HBM I/O total = 25165824 B  (lx 0 B, ~free)
MODEL -- estimate (turnaround): T = compute + (R+W)/BW_PEAK + a*min(R,W) --
MODEL   R=16777216 B (read)   W=8388608 B (write)   loop_trip L=1
MODEL   compute = MACs/cores/(mac_peak*pt_eff) = 8589934592/32/(1140*1.000) = 235.47 us  (M/m=128, pt_eff=1.000)
MODEL   base = R/150+W/150 = 167.77 us
MODEL   turn = a*min(R,W) = 0.00574*8388608 = 48.15 us
MODEL   => T_model = 393.41 us
MODEL FEATS [{"name":"mm","is_reduction":true,"out_elems":4194304,"cores":32,"dtype_bytes":2,"args":[{"name":"op0","role":"output","mem":"hbm","elems":4194304,"broadcast":false,"dims":[32,2048,64],"logical":[2048,2048],"loop_factor":1},{"name":"arg0_1","role":"input","mem":"hbm","elems":4194304,"broadcast":false,"dims":[32,2048,64],"logical":[2048,2048],"loop_factor":1},{"name":"arg1_1","role":"input","mem":"hbm","elems":4194304,"broadcast":false,"dims":[32,2048,64],"logical":[2048,2048],"loop_factor":1}],"reduction_cores":1,"loop_trip":1,"tiles_output_dim":false,"tile_rows_per_core":0.0,"is_matmul":true,"matmul_macs":8589934592,"matmul_rows_per_core":128.0,"matmul_cols_per_core":1024.0,"matmul_a_bytes":8388608,"matmul_b_bytes":8388608,"matmul_m_split":16,"matmul_n_split":2,"hbm_pattern":""}]
SUMMARY op=mmwd rows=2048 cols=2048 cores=32 tiles=0 lx=1 io_hbm_bytes=25165824 kernel_us=395.389 pred_us=393.408 err_pct=-0.5 bw_gbps=63.6 memset_us=216.669 other_dev_us=460.423 total_dev_us=1072.481
-- mmwd M=2048 K=2048 N=2048 split m=2 n=16 k=1 (cores=32 M/m=1024 N/n=128)
  op_it_space_splits={d0: 2, d1: 16, d2: 1}
  op_it_space_splits={d0: 2, d1: 16, d2: 1}
  op_it_space_splits={d0: 2, d1: 16, d2: 1}
  op_it_space_splits={d0: 2, d1: 16, d2: 1}
  op_it_space_splits={d0: 2, d1: 16, d2: 1}
  op_it_space_splits={d0: 2, d1: 16, d2: 1}
IO -- device-layout I/O (cost model, stick-padded) --
IO   op mm [reduction]
IO     output op0                    torch [2048, 2048] -> device [32, 2048, 64] in HBM = 4194304 elems x 2B = 8388608 B  (hbm counted: 8388608 B)
IO     input  arg0_1                 torch [2048, 2048] -> device [32, 2048, 64] in HBM = 4194304 elems x 2B = 8388608 B  (hbm counted: 8388608 B)
IO     input  arg1_1                 torch [2048, 2048] -> device [32, 2048, 64] in HBM = 4194304 elems x 2B = 8388608 B  (hbm counted: 8388608 B)
IO   => HBM I/O total = 25165824 B  (lx 0 B, ~free)
MODEL -- estimate (turnaround): T = compute + (R+W)/BW_PEAK + a*min(R,W) --
MODEL   R=16777216 B (read)   W=8388608 B (write)   loop_trip L=1
MODEL   compute = MACs/cores/(mac_peak*pt_eff) = 8589934592/32/(1140*1.000) = 235.47 us  (M/m=1024, pt_eff=1.000)
MODEL   base = R/150+W/150 = 167.77 us
MODEL   turn = a*min(R,W) = 0.00574*8388608 = 48.15 us
MODEL   => T_model = 393.41 us
MODEL FEATS [{"name":"mm","is_reduction":true,"out_elems":4194304,"cores":32,"dtype_bytes":2,"args":[{"name":"op0","role":"output","mem":"hbm","elems":4194304,"broadcast":false,"dims":[32,2048,64],"logical":[2048,2048],"loop_factor":1},{"name":"arg0_1","role":"input","mem":"hbm","elems":4194304,"broadcast":false,"dims":[32,2048,64],"logical":[2048,2048],"loop_factor":1},{"name":"arg1_1","role":"input","mem":"hbm","elems":4194304,"broadcast":false,"dims":[32,2048,64],"logical":[2048,2048],"loop_factor":1}],"reduction_cores":1,"loop_trip":1,"tiles_output_dim":false,"tile_rows_per_core":0.0,"is_matmul":true,"matmul_macs":8589934592,"matmul_rows_per_core":1024.0,"matmul_cols_per_core":128.0,"matmul_a_bytes":8388608,"matmul_b_bytes":8388608,"matmul_m_split":2,"matmul_n_split":16,"hbm_pattern":""}]
SUMMARY op=mmwd rows=2048 cols=2048 cores=32 tiles=0 lx=1 io_hbm_bytes=25165824 kernel_us=406.754 pred_us=393.408 err_pct=-3.3 bw_gbps=61.9 memset_us=208.109 other_dev_us=633.937 total_dev_us=1248.800
-- mmwd M=2048 K=2048 N=2048 split m=8 n=4 k=1 (cores=32 M/m=256 N/n=512)
  op_it_space_splits={d0: 8, d1: 4, d2: 1}
  op_it_space_splits={d0: 8, d1: 4, d2: 1}
  op_it_space_splits={d0: 8, d1: 4, d2: 1}
  op_it_space_splits={d0: 8, d1: 4, d2: 1}
  op_it_space_splits={d0: 8, d1: 4, d2: 1}
  op_it_space_splits={d0: 8, d1: 4, d2: 1}
IO -- device-layout I/O (cost model, stick-padded) --
IO   op mm [reduction]
IO     output op0                    torch [2048, 2048] -> device [32, 2048, 64] in HBM = 4194304 elems x 2B = 8388608 B  (hbm counted: 8388608 B)
IO     input  arg0_1                 torch [2048, 2048] -> device [32, 2048, 64] in HBM = 4194304 elems x 2B = 8388608 B  (hbm counted: 8388608 B)
IO     input  arg1_1                 torch [2048, 2048] -> device [32, 2048, 64] in HBM = 4194304 elems x 2B = 8388608 B  (hbm counted: 8388608 B)
IO   => HBM I/O total = 25165824 B  (lx 0 B, ~free)
MODEL -- estimate (turnaround): T = compute + (R+W)/BW_PEAK + a*min(R,W) --
MODEL   R=16777216 B (read)   W=8388608 B (write)   loop_trip L=1
MODEL   compute = MACs/cores/(mac_peak*pt_eff) = 8589934592/32/(1140*1.000) = 235.47 us  (M/m=256, pt_eff=1.000)
MODEL   base = R/150+W/150 = 167.77 us
MODEL   turn = a*min(R,W) = 0.00574*8388608 = 48.15 us
MODEL   => T_model = 393.41 us
MODEL FEATS [{"name":"mm","is_reduction":true,"out_elems":4194304,"cores":32,"dtype_bytes":2,"args":[{"name":"op0","role":"output","mem":"hbm","elems":4194304,"broadcast":false,"dims":[32,2048,64],"logical":[2048,2048],"loop_factor":1},{"name":"arg0_1","role":"input","mem":"hbm","elems":4194304,"broadcast":false,"dims":[32,2048,64],"logical":[2048,2048],"loop_factor":1},{"name":"arg1_1","role":"input","mem":"hbm","elems":4194304,"broadcast":false,"dims":[32,2048,64],"logical":[2048,2048],"loop_factor":1}],"reduction_cores":1,"loop_trip":1,"tiles_output_dim":false,"tile_rows_per_core":0.0,"is_matmul":true,"matmul_macs":8589934592,"matmul_rows_per_core":256.0,"matmul_cols_per_core":512.0,"matmul_a_bytes":8388608,"matmul_b_bytes":8388608,"matmul_m_split":8,"matmul_n_split":4,"hbm_pattern":""}]
SUMMARY op=mmwd rows=2048 cols=2048 cores=32 tiles=0 lx=1 io_hbm_bytes=25165824 kernel_us=386.959 pred_us=393.408 err_pct=+1.7 bw_gbps=65.0 memset_us=163.879 other_dev_us=516.314 total_dev_us=1067.152
-- mmwd M=2048 K=2048 N=2048 split m=4 n=8 k=1 (cores=32 M/m=512 N/n=256)
  op_it_space_splits={d0: 4, d1: 8, d2: 1}
  op_it_space_splits={d0: 4, d1: 8, d2: 1}
  op_it_space_splits={d0: 4, d1: 8, d2: 1}
  op_it_space_splits={d0: 4, d1: 8, d2: 1}
  op_it_space_splits={d0: 4, d1: 8, d2: 1}
  op_it_space_splits={d0: 4, d1: 8, d2: 1}
IO -- device-layout I/O (cost model, stick-padded) --
IO   op mm [reduction]
IO     output op0                    torch [2048, 2048] -> device [32, 2048, 64] in HBM = 4194304 elems x 2B = 8388608 B  (hbm counted: 8388608 B)
IO     input  arg0_1                 torch [2048, 2048] -> device [32, 2048, 64] in HBM = 4194304 elems x 2B = 8388608 B  (hbm counted: 8388608 B)
IO     input  arg1_1                 torch [2048, 2048] -> device [32, 2048, 64] in HBM = 4194304 elems x 2B = 8388608 B  (hbm counted: 8388608 B)
IO   => HBM I/O total = 25165824 B  (lx 0 B, ~free)
MODEL -- estimate (turnaround): T = compute + (R+W)/BW_PEAK + a*min(R,W) --
MODEL   R=16777216 B (read)   W=8388608 B (write)   loop_trip L=1
MODEL   compute = MACs/cores/(mac_peak*pt_eff) = 8589934592/32/(1140*1.000) = 235.47 us  (M/m=512, pt_eff=1.000)
MODEL   base = R/150+W/150 = 167.77 us
MODEL   turn = a*min(R,W) = 0.00574*8388608 = 48.15 us
MODEL   => T_model = 393.41 us
MODEL FEATS [{"name":"mm","is_reduction":true,"out_elems":4194304,"cores":32,"dtype_bytes":2,"args":[{"name":"op0","role":"output","mem":"hbm","elems":4194304,"broadcast":false,"dims":[32,2048,64],"logical":[2048,2048],"loop_factor":1},{"name":"arg0_1","role":"input","mem":"hbm","elems":4194304,"broadcast":false,"dims":[32,2048,64],"logical":[2048,2048],"loop_factor":1},{"name":"arg1_1","role":"input","mem":"hbm","elems":4194304,"broadcast":false,"dims":[32,2048,64],"logical":[2048,2048],"loop_factor":1}],"reduction_cores":1,"loop_trip":1,"tiles_output_dim":false,"tile_rows_per_core":0.0,"is_matmul":true,"matmul_macs":8589934592,"matmul_rows_per_core":512.0,"matmul_cols_per_core":256.0,"matmul_a_bytes":8388608,"matmul_b_bytes":8388608,"matmul_m_split":4,"matmul_n_split":8,"hbm_pattern":""}]
SUMMARY op=mmwd rows=2048 cols=2048 cores=32 tiles=0 lx=1 io_hbm_bytes=25165824 kernel_us=385.834 pred_us=393.408 err_pct=+2.0 bw_gbps=65.2 memset_us=242.874 other_dev_us=365.444 total_dev_us=994.152
## AR aspect ratios: 4 base shapes
-- mmwd M=2048 K=4096 N=2048 split m=4 n=8 k=1 (cores=32 M/m=512 N/n=256)
  op_it_space_splits={d0: 4, d1: 8, d2: 1}
  op_it_space_splits={d0: 4, d1: 8, d2: 1}
  op_it_space_splits={d0: 4, d1: 8, d2: 1}
  op_it_space_splits={d0: 4, d1: 8, d2: 1}
  op_it_space_splits={d0: 4, d1: 8, d2: 1}
  op_it_space_splits={d0: 4, d1: 8, d2: 1}
IO -- device-layout I/O (cost model, stick-padded) --
IO   op mm [reduction]
IO     output op0                    torch [2048, 2048] -> device [32, 2048, 64] in HBM = 4194304 elems x 2B = 8388608 B  (hbm counted: 8388608 B)
IO     input  arg0_1                 torch [2048, 4096] -> device [64, 2048, 64] in HBM = 8388608 elems x 2B = 16777216 B  (hbm counted: 16777216 B)
IO     input  arg1_1                 torch [4096, 2048] -> device [32, 4096, 64] in HBM = 8388608 elems x 2B = 16777216 B  (hbm counted: 16777216 B)
IO   => HBM I/O total = 41943040 B  (lx 0 B, ~free)
MODEL -- estimate (turnaround): T = compute + (R+W)/BW_PEAK + a*min(R,W) --
MODEL   R=33554432 B (read)   W=8388608 B (write)   loop_trip L=1
MODEL   compute = MACs/cores/(mac_peak*pt_eff) = 17179869184/32/(1140*1.000) = 470.94 us  (M/m=512, pt_eff=1.000)
MODEL   base = R/150+W/150 = 279.62 us
MODEL   turn = a*min(R,W) = 0.00574*8388608 = 48.15 us
MODEL   => T_model = 702.29 us
MODEL FEATS [{"name":"mm","is_reduction":true,"out_elems":4194304,"cores":32,"dtype_bytes":2,"args":[{"name":"op0","role":"output","mem":"hbm","elems":4194304,"broadcast":false,"dims":[32,2048,64],"logical":[2048,2048],"loop_factor":1},{"name":"arg0_1","role":"input","mem":"hbm","elems":8388608,"broadcast":false,"dims":[64,2048,64],"logical":[2048,4096],"loop_factor":1},{"name":"arg1_1","role":"input","mem":"hbm","elems":8388608,"broadcast":false,"dims":[32,4096,64],"logical":[4096,2048],"loop_factor":1}],"reduction_cores":1,"loop_trip":1,"tiles_output_dim":false,"tile_rows_per_core":0.0,"is_matmul":true,"matmul_macs":17179869184,"matmul_rows_per_core":512.0,"matmul_cols_per_core":256.0,"matmul_a_bytes":16777216,"matmul_b_bytes":16777216,"matmul_m_split":4,"matmul_n_split":8,"hbm_pattern":""}]
SUMMARY op=mmwd rows=2048 cols=4096 cores=32 tiles=0 lx=1 io_hbm_bytes=41943040 kernel_us=671.137 pred_us=702.294 err_pct=+4.6 bw_gbps=62.5 memset_us=268.471 other_dev_us=363.539 total_dev_us=1303.147
-- mmwd M=2048 K=4096 N=2048 split m=16 n=2 k=1 (cores=32 M/m=128 N/n=1024)
  op_it_space_splits={d0: 16, d1: 2, d2: 1}
  op_it_space_splits={d0: 16, d1: 2, d2: 1}
  op_it_space_splits={d0: 16, d1: 2, d2: 1}
  op_it_space_splits={d0: 16, d1: 2, d2: 1}
  op_it_space_splits={d0: 16, d1: 2, d2: 1}
  op_it_space_splits={d0: 16, d1: 2, d2: 1}
IO -- device-layout I/O (cost model, stick-padded) --
IO   op mm [reduction]
IO     output op0                    torch [2048, 2048] -> device [32, 2048, 64] in HBM = 4194304 elems x 2B = 8388608 B  (hbm counted: 8388608 B)
IO     input  arg0_1                 torch [2048, 4096] -> device [64, 2048, 64] in HBM = 8388608 elems x 2B = 16777216 B  (hbm counted: 16777216 B)
IO     input  arg1_1                 torch [4096, 2048] -> device [32, 4096, 64] in HBM = 8388608 elems x 2B = 16777216 B  (hbm counted: 16777216 B)
IO   => HBM I/O total = 41943040 B  (lx 0 B, ~free)
MODEL -- estimate (turnaround): T = compute + (R+W)/BW_PEAK + a*min(R,W) --
MODEL   R=33554432 B (read)   W=8388608 B (write)   loop_trip L=1
MODEL   compute = MACs/cores/(mac_peak*pt_eff) = 17179869184/32/(1140*1.000) = 470.94 us  (M/m=128, pt_eff=1.000)
MODEL   base = R/150+W/150 = 279.62 us
MODEL   turn = a*min(R,W) = 0.00574*8388608 = 48.15 us
MODEL   => T_model = 702.29 us
MODEL FEATS [{"name":"mm","is_reduction":true,"out_elems":4194304,"cores":32,"dtype_bytes":2,"args":[{"name":"op0","role":"output","mem":"hbm","elems":4194304,"broadcast":false,"dims":[32,2048,64],"logical":[2048,2048],"loop_factor":1},{"name":"arg0_1","role":"input","mem":"hbm","elems":8388608,"broadcast":false,"dims":[64,2048,64],"logical":[2048,4096],"loop_factor":1},{"name":"arg1_1","role":"input","mem":"hbm","elems":8388608,"broadcast":false,"dims":[32,4096,64],"logical":[4096,2048],"loop_factor":1}],"reduction_cores":1,"loop_trip":1,"tiles_output_dim":false,"tile_rows_per_core":0.0,"is_matmul":true,"matmul_macs":17179869184,"matmul_rows_per_core":128.0,"matmul_cols_per_core":1024.0,"matmul_a_bytes":16777216,"matmul_b_bytes":16777216,"matmul_m_split":16,"matmul_n_split":2,"hbm_pattern":""}]
SUMMARY op=mmwd rows=2048 cols=4096 cores=32 tiles=0 lx=1 io_hbm_bytes=41943040 kernel_us=674.277 pred_us=702.294 err_pct=+4.2 bw_gbps=62.2 memset_us=231.600 other_dev_us=497.296 total_dev_us=1403.173
-- mmwd M=2048 K=4096 N=2048 split m=8 n=4 k=1 (cores=32 M/m=256 N/n=512)
  op_it_space_splits={d0: 8, d1: 4, d2: 1}
  op_it_space_splits={d0: 8, d1: 4, d2: 1}
  op_it_space_splits={d0: 8, d1: 4, d2: 1}
  op_it_space_splits={d0: 8, d1: 4, d2: 1}
  op_it_space_splits={d0: 8, d1: 4, d2: 1}
  op_it_space_splits={d0: 8, d1: 4, d2: 1}
-- mmwd M=2048 K=4096 N=2048 split m=2 n=16 k=1 (cores=32 M/m=1024 N/n=128)
  op_it_space_splits={d0: 2, d1: 16, d2: 1}
  op_it_space_splits={d0: 2, d1: 16, d2: 1}
  op_it_space_splits={d0: 2, d1: 16, d2: 1}
  op_it_space_splits={d0: 2, d1: 16, d2: 1}
  op_it_space_splits={d0: 2, d1: 16, d2: 1}
  op_it_space_splits={d0: 2, d1: 16, d2: 1}
IO -- device-layout I/O (cost model, stick-padded) --
IO   op mm [reduction]
IO     output op0                    torch [2048, 2048] -> device [32, 2048, 64] in HBM = 4194304 elems x 2B = 8388608 B  (hbm counted: 8388608 B)
IO     input  arg0_1                 torch [2048, 4096] -> device [64, 2048, 64] in HBM = 8388608 elems x 2B = 16777216 B  (hbm counted: 16777216 B)
IO     input  arg1_1                 torch [4096, 2048] -> device [32, 4096, 64] in HBM = 8388608 elems x 2B = 16777216 B  (hbm counted: 16777216 B)
IO   => HBM I/O total = 41943040 B  (lx 0 B, ~free)
MODEL -- estimate (turnaround): T = compute + (R+W)/BW_PEAK + a*min(R,W) --
MODEL   R=33554432 B (read)   W=8388608 B (write)   loop_trip L=1
MODEL   compute = MACs/cores/(mac_peak*pt_eff) = 17179869184/32/(1140*1.000) = 470.94 us  (M/m=1024, pt_eff=1.000)
MODEL   base = R/150+W/150 = 279.62 us
MODEL   turn = a*min(R,W) = 0.00574*8388608 = 48.15 us
MODEL   => T_model = 702.29 us
MODEL FEATS [{"name":"mm","is_reduction":true,"out_elems":4194304,"cores":32,"dtype_bytes":2,"args":[{"name":"op0","role":"output","mem":"hbm","elems":4194304,"broadcast":false,"dims":[32,2048,64],"logical":[2048,2048],"loop_factor":1},{"name":"arg0_1","role":"input","mem":"hbm","elems":8388608,"broadcast":false,"dims":[64,2048,64],"logical":[2048,4096],"loop_factor":1},{"name":"arg1_1","role":"input","mem":"hbm","elems":8388608,"broadcast":false,"dims":[32,4096,64],"logical":[4096,2048],"loop_factor":1}],"reduction_cores":1,"loop_trip":1,"tiles_output_dim":false,"tile_rows_per_core":0.0,"is_matmul":true,"matmul_macs":17179869184,"matmul_rows_per_core":1024.0,"matmul_cols_per_core":128.0,"matmul_a_bytes":16777216,"matmul_b_bytes":16777216,"matmul_m_split":2,"matmul_n_split":16,"hbm_pattern":""}]
SUMMARY op=mmwd rows=2048 cols=4096 cores=32 tiles=0 lx=1 io_hbm_bytes=41943040 kernel_us=703.709 pred_us=702.294 err_pct=-0.2 bw_gbps=59.6 memset_us=215.253 other_dev_us=415.157 total_dev_us=1334.119
-- mmwd M=4096 K=2048 N=2048 split m=16 n=2 k=1 (cores=32 M/m=256 N/n=1024)
  op_it_space_splits={d0: 16, d1: 2, d2: 1}
  op_it_space_splits={d0: 16, d1: 2, d2: 1}
  op_it_space_splits={d0: 16, d1: 2, d2: 1}
  op_it_space_splits={d0: 16, d1: 2, d2: 1}
  op_it_space_splits={d0: 16, d1: 2, d2: 1}
  op_it_space_splits={d0: 16, d1: 2, d2: 1}
IO -- device-layout I/O (cost model, stick-padded) --
IO   op mm [reduction]
IO     output op0                    torch [4096, 2048] -> device [32, 4096, 64] in HBM = 8388608 elems x 2B = 16777216 B  (hbm counted: 16777216 B)
IO     input  arg0_1                 torch [4096, 2048] -> device [32, 4096, 64] in HBM = 8388608 elems x 2B = 16777216 B  (hbm counted: 16777216 B)
IO     input  arg1_1                 torch [2048, 2048] -> device [32, 2048, 64] in HBM = 4194304 elems x 2B = 8388608 B  (hbm counted: 8388608 B)
IO   => HBM I/O total = 41943040 B  (lx 0 B, ~free)
MODEL -- estimate (turnaround): T = compute + (R+W)/BW_PEAK + a*min(R,W) --
MODEL   R=25165824 B (read)   W=16777216 B (write)   loop_trip L=1
MODEL   compute = MACs/cores/(mac_peak*pt_eff) = 17179869184/32/(1140*1.000) = 470.94 us  (M/m=256, pt_eff=1.000)
MODEL   base = R/150+W/150 = 279.62 us
MODEL   turn = a*min(R,W) = 0.00574*16777216 = 96.30 us
MODEL   => T_model = 781.22 us
MODEL FEATS [{"name":"mm","is_reduction":true,"out_elems":8388608,"cores":32,"dtype_bytes":2,"args":[{"name":"op0","role":"output","mem":"hbm","elems":8388608,"broadcast":false,"dims":[32,4096,64],"logical":[4096,2048],"loop_factor":1},{"name":"arg0_1","role":"input","mem":"hbm","elems":8388608,"broadcast":false,"dims":[32,4096,64],"logical":[4096,2048],"loop_factor":1},{"name":"arg1_1","role":"input","mem":"hbm","elems":4194304,"broadcast":false,"dims":[32,2048,64],"logical":[2048,2048],"loop_factor":1}],"reduction_cores":1,"loop_trip":1,"tiles_output_dim":false,"tile_rows_per_core":0.0,"is_matmul":true,"matmul_macs":17179869184,"matmul_rows_per_core":256.0,"matmul_cols_per_core":1024.0,"matmul_a_bytes":16777216,"matmul_b_bytes":8388608,"matmul_m_split":16,"matmul_n_split":2,"hbm_pattern":""}]
SUMMARY op=mmwd rows=4096 cols=2048 cores=32 tiles=0 lx=1 io_hbm_bytes=41943040 kernel_us=1232.561 pred_us=781.224 err_pct=-36.6 bw_gbps=34.0 memset_us=321.011 other_dev_us=1077.081 total_dev_us=2630.653
-- mmwd M=4096 K=2048 N=2048 split m=4 n=8 k=1 (cores=32 M/m=1024 N/n=256)
  op_it_space_splits={d0: 4, d1: 8, d2: 1}
  op_it_space_splits={d0: 4, d1: 8, d2: 1}
  op_it_space_splits={d0: 4, d1: 8, d2: 1}
  op_it_space_splits={d0: 4, d1: 8, d2: 1}
  op_it_space_splits={d0: 4, d1: 8, d2: 1}
  op_it_space_splits={d0: 4, d1: 8, d2: 1}
IO -- device-layout I/O (cost model, stick-padded) --
IO   op mm [reduction]
IO     output op0                    torch [4096, 2048] -> device [32, 4096, 64] in HBM = 8388608 elems x 2B = 16777216 B  (hbm counted: 16777216 B)
IO     input  arg0_1                 torch [4096, 2048] -> device [32, 4096, 64] in HBM = 8388608 elems x 2B = 16777216 B  (hbm counted: 16777216 B)
IO     input  arg1_1                 torch [2048, 2048] -> device [32, 2048, 64] in HBM = 4194304 elems x 2B = 8388608 B  (hbm counted: 8388608 B)
IO   => HBM I/O total = 41943040 B  (lx 0 B, ~free)
MODEL -- estimate (turnaround): T = compute + (R+W)/BW_PEAK + a*min(R,W) --
MODEL   R=25165824 B (read)   W=16777216 B (write)   loop_trip L=1
MODEL   compute = MACs/cores/(mac_peak*pt_eff) = 17179869184/32/(1140*1.000) = 470.94 us  (M/m=1024, pt_eff=1.000)
MODEL   base = R/150+W/150 = 279.62 us
MODEL   turn = a*min(R,W) = 0.00574*16777216 = 96.30 us
MODEL   => T_model = 781.22 us
MODEL FEATS [{"name":"mm","is_reduction":true,"out_elems":8388608,"cores":32,"dtype_bytes":2,"args":[{"name":"op0","role":"output","mem":"hbm","elems":8388608,"broadcast":false,"dims":[32,4096,64],"logical":[4096,2048],"loop_factor":1},{"name":"arg0_1","role":"input","mem":"hbm","elems":8388608,"broadcast":false,"dims":[32,4096,64],"logical":[4096,2048],"loop_factor":1},{"name":"arg1_1","role":"input","mem":"hbm","elems":4194304,"broadcast":false,"dims":[32,2048,64],"logical":[2048,2048],"loop_factor":1}],"reduction_cores":1,"loop_trip":1,"tiles_output_dim":false,"tile_rows_per_core":0.0,"is_matmul":true,"matmul_macs":17179869184,"matmul_rows_per_core":1024.0,"matmul_cols_per_core":256.0,"matmul_a_bytes":16777216,"matmul_b_bytes":8388608,"matmul_m_split":4,"matmul_n_split":8,"hbm_pattern":""}]
SUMMARY op=mmwd rows=4096 cols=2048 cores=32 tiles=0 lx=1 io_hbm_bytes=41943040 kernel_us=806.576 pred_us=781.224 err_pct=-3.1 bw_gbps=52.0 memset_us=315.389 other_dev_us=902.223 total_dev_us=2024.188
-- mmwd M=4096 K=2048 N=2048 split m=8 n=4 k=1 (cores=32 M/m=512 N/n=512)
  op_it_space_splits={d0: 8, d1: 4, d2: 1}
  op_it_space_splits={d0: 8, d1: 4, d2: 1}
  op_it_space_splits={d0: 8, d1: 4, d2: 1}
  op_it_space_splits={d0: 8, d1: 4, d2: 1}
  op_it_space_splits={d0: 8, d1: 4, d2: 1}
  op_it_space_splits={d0: 8, d1: 4, d2: 1}
IO -- device-layout I/O (cost model, stick-padded) --
IO   op mm [reduction]
IO     output op0                    torch [4096, 2048] -> device [32, 4096, 64] in HBM = 8388608 elems x 2B = 16777216 B  (hbm counted: 16777216 B)
IO     input  arg0_1                 torch [4096, 2048] -> device [32, 4096, 64] in HBM = 8388608 elems x 2B = 16777216 B  (hbm counted: 16777216 B)
IO     input  arg1_1                 torch [2048, 2048] -> device [32, 2048, 64] in HBM = 4194304 elems x 2B = 8388608 B  (hbm counted: 8388608 B)
IO   => HBM I/O total = 41943040 B  (lx 0 B, ~free)
MODEL -- estimate (turnaround): T = compute + (R+W)/BW_PEAK + a*min(R,W) --
MODEL   R=25165824 B (read)   W=16777216 B (write)   loop_trip L=1
MODEL   compute = MACs/cores/(mac_peak*pt_eff) = 17179869184/32/(1140*1.000) = 470.94 us  (M/m=512, pt_eff=1.000)
MODEL   base = R/150+W/150 = 279.62 us
MODEL   turn = a*min(R,W) = 0.00574*16777216 = 96.30 us
MODEL   => T_model = 781.22 us
MODEL FEATS [{"name":"mm","is_reduction":true,"out_elems":8388608,"cores":32,"dtype_bytes":2,"args":[{"name":"op0","role":"output","mem":"hbm","elems":8388608,"broadcast":false,"dims":[32,4096,64],"logical":[4096,2048],"loop_factor":1},{"name":"arg0_1","role":"input","mem":"hbm","elems":8388608,"broadcast":false,"dims":[32,4096,64],"logical":[4096,2048],"loop_factor":1},{"name":"arg1_1","role":"input","mem":"hbm","elems":4194304,"broadcast":false,"dims":[32,2048,64],"logical":[2048,2048],"loop_factor":1}],"reduction_cores":1,"loop_trip":1,"tiles_output_dim":false,"tile_rows_per_core":0.0,"is_matmul":true,"matmul_macs":17179869184,"matmul_rows_per_core":512.0,"matmul_cols_per_core":512.0,"matmul_a_bytes":16777216,"matmul_b_bytes":8388608,"matmul_m_split":8,"matmul_n_split":4,"hbm_pattern":""}]
SUMMARY op=mmwd rows=4096 cols=2048 cores=32 tiles=0 lx=1 io_hbm_bytes=41943040 kernel_us=836.545 pred_us=781.224 err_pct=-6.6 bw_gbps=50.1 memset_us=347.362 other_dev_us=688.165 total_dev_us=1872.072
-- mmwd M=2048 K=2048 N=4096 split m=16 n=2 k=1 (cores=32 M/m=128 N/n=2048)
  op_it_space_splits={d0: 16, d1: 2, d2: 1}
  op_it_space_splits={d0: 16, d1: 2, d2: 1}
  op_it_space_splits={d0: 16, d1: 2, d2: 1}
  op_it_space_splits={d0: 16, d1: 2, d2: 1}
  op_it_space_splits={d0: 16, d1: 2, d2: 1}
  op_it_space_splits={d0: 16, d1: 2, d2: 1}
IO -- device-layout I/O (cost model, stick-padded) --
IO   op mm [reduction]
IO     output op0                    torch [2048, 4096] -> device [64, 2048, 64] in HBM = 8388608 elems x 2B = 16777216 B  (hbm counted: 16777216 B)
IO     input  arg0_1                 torch [2048, 2048] -> device [32, 2048, 64] in HBM = 4194304 elems x 2B = 8388608 B  (hbm counted: 8388608 B)
IO     input  arg1_1                 torch [2048, 4096] -> device [64, 2048, 64] in HBM = 8388608 elems x 2B = 16777216 B  (hbm counted: 16777216 B)
IO   => HBM I/O total = 41943040 B  (lx 0 B, ~free)
MODEL -- estimate (turnaround): T = compute + (R+W)/BW_PEAK + a*min(R,W) --
MODEL   R=25165824 B (read)   W=16777216 B (write)   loop_trip L=1
MODEL   compute = MACs/cores/(mac_peak*pt_eff) = 17179869184/32/(1140*1.000) = 470.94 us  (M/m=128, pt_eff=1.000)
MODEL   base = R/150+W/150 = 279.62 us
MODEL   turn = a*min(R,W) = 0.00574*16777216 = 96.30 us
MODEL   => T_model = 781.22 us
MODEL FEATS [{"name":"mm","is_reduction":true,"out_elems":8388608,"cores":32,"dtype_bytes":2,"args":[{"name":"op0","role":"output","mem":"hbm","elems":8388608,"broadcast":false,"dims":[64,2048,64],"logical":[2048,4096],"loop_factor":1},{"name":"arg0_1","role":"input","mem":"hbm","elems":4194304,"broadcast":false,"dims":[32,2048,64],"logical":[2048,2048],"loop_factor":1},{"name":"arg1_1","role":"input","mem":"hbm","elems":8388608,"broadcast":false,"dims":[64,2048,64],"logical":[2048,4096],"loop_factor":1}],"reduction_cores":1,"loop_trip":1,"tiles_output_dim":false,"tile_rows_per_core":0.0,"is_matmul":true,"matmul_macs":17179869184,"matmul_rows_per_core":128.0,"matmul_cols_per_core":2048.0,"matmul_a_bytes":8388608,"matmul_b_bytes":16777216,"matmul_m_split":16,"matmul_n_split":2,"hbm_pattern":""}]
SUMMARY op=mmwd rows=2048 cols=2048 cores=32 tiles=0 lx=1 io_hbm_bytes=41943040 kernel_us=808.066 pred_us=781.224 err_pct=-3.3 bw_gbps=51.9 memset_us=244.554 other_dev_us=817.703 total_dev_us=1870.323
-- mmwd M=2048 K=2048 N=4096 split m=4 n=8 k=1 (cores=32 M/m=512 N/n=512)
  op_it_space_splits={d0: 4, d1: 8, d2: 1}
  op_it_space_splits={d0: 4, d1: 8, d2: 1}
  op_it_space_splits={d0: 4, d1: 8, d2: 1}
  op_it_space_splits={d0: 4, d1: 8, d2: 1}
  op_it_space_splits={d0: 4, d1: 8, d2: 1}
  op_it_space_splits={d0: 4, d1: 8, d2: 1}
IO -- device-layout I/O (cost model, stick-padded) --
IO   op mm [reduction]
IO     output op0                    torch [2048, 4096] -> device [64, 2048, 64] in HBM = 8388608 elems x 2B = 16777216 B  (hbm counted: 16777216 B)
IO     input  arg0_1                 torch [2048, 2048] -> device [32, 2048, 64] in HBM = 4194304 elems x 2B = 8388608 B  (hbm counted: 8388608 B)
IO     input  arg1_1                 torch [2048, 4096] -> device [64, 2048, 64] in HBM = 8388608 elems x 2B = 16777216 B  (hbm counted: 16777216 B)
IO   => HBM I/O total = 41943040 B  (lx 0 B, ~free)
MODEL -- estimate (turnaround): T = compute + (R+W)/BW_PEAK + a*min(R,W) --
MODEL   R=25165824 B (read)   W=16777216 B (write)   loop_trip L=1
MODEL   compute = MACs/cores/(mac_peak*pt_eff) = 17179869184/32/(1140*1.000) = 470.94 us  (M/m=512, pt_eff=1.000)
MODEL   base = R/150+W/150 = 279.62 us
MODEL   turn = a*min(R,W) = 0.00574*16777216 = 96.30 us
MODEL   => T_model = 781.22 us
MODEL FEATS [{"name":"mm","is_reduction":true,"out_elems":8388608,"cores":32,"dtype_bytes":2,"args":[{"name":"op0","role":"output","mem":"hbm","elems":8388608,"broadcast":false,"dims":[64,2048,64],"logical":[2048,4096],"loop_factor":1},{"name":"arg0_1","role":"input","mem":"hbm","elems":4194304,"broadcast":false,"dims":[32,2048,64],"logical":[2048,2048],"loop_factor":1},{"name":"arg1_1","role":"input","mem":"hbm","elems":8388608,"broadcast":false,"dims":[64,2048,64],"logical":[2048,4096],"loop_factor":1}],"reduction_cores":1,"loop_trip":1,"tiles_output_dim":false,"tile_rows_per_core":0.0,"is_matmul":true,"matmul_macs":17179869184,"matmul_rows_per_core":512.0,"matmul_cols_per_core":512.0,"matmul_a_bytes":8388608,"matmul_b_bytes":16777216,"matmul_m_split":4,"matmul_n_split":8,"hbm_pattern":""}]
SUMMARY op=mmwd rows=2048 cols=2048 cores=32 tiles=0 lx=1 io_hbm_bytes=41943040 kernel_us=771.252 pred_us=781.224 err_pct=+1.3 bw_gbps=54.4 memset_us=318.456 other_dev_us=862.273 total_dev_us=1951.981
-- mmwd M=2048 K=2048 N=4096 split m=8 n=4 k=1 (cores=32 M/m=256 N/n=1024)
  op_it_space_splits={d0: 8, d1: 4, d2: 1}
  op_it_space_splits={d0: 8, d1: 4, d2: 1}
  op_it_space_splits={d0: 8, d1: 4, d2: 1}
  op_it_space_splits={d0: 8, d1: 4, d2: 1}
  op_it_space_splits={d0: 8, d1: 4, d2: 1}
  op_it_space_splits={d0: 8, d1: 4, d2: 1}
IO -- device-layout I/O (cost model, stick-padded) --
IO   op mm [reduction]
IO     output op0                    torch [2048, 4096] -> device [64, 2048, 64] in HBM = 8388608 elems x 2B = 16777216 B  (hbm counted: 16777216 B)
IO     input  arg0_1                 torch [2048, 2048] -> device [32, 2048, 64] in HBM = 4194304 elems x 2B = 8388608 B  (hbm counted: 8388608 B)
IO     input  arg1_1                 torch [2048, 4096] -> device [64, 2048, 64] in HBM = 8388608 elems x 2B = 16777216 B  (hbm counted: 16777216 B)
IO   => HBM I/O total = 41943040 B  (lx 0 B, ~free)
MODEL -- estimate (turnaround): T = compute + (R+W)/BW_PEAK + a*min(R,W) --
MODEL   R=25165824 B (read)   W=16777216 B (write)   loop_trip L=1
MODEL   compute = MACs/cores/(mac_peak*pt_eff) = 17179869184/32/(1140*1.000) = 470.94 us  (M/m=256, pt_eff=1.000)
MODEL   base = R/150+W/150 = 279.62 us
MODEL   turn = a*min(R,W) = 0.00574*16777216 = 96.30 us
MODEL   => T_model = 781.22 us
MODEL FEATS [{"name":"mm","is_reduction":true,"out_elems":8388608,"cores":32,"dtype_bytes":2,"args":[{"name":"op0","role":"output","mem":"hbm","elems":8388608,"broadcast":false,"dims":[64,2048,64],"logical":[2048,4096],"loop_factor":1},{"name":"arg0_1","role":"input","mem":"hbm","elems":4194304,"broadcast":false,"dims":[32,2048,64],"logical":[2048,2048],"loop_factor":1},{"name":"arg1_1","role":"input","mem":"hbm","elems":8388608,"broadcast":false,"dims":[64,2048,64],"logical":[2048,4096],"loop_factor":1}],"reduction_cores":1,"loop_trip":1,"tiles_output_dim":false,"tile_rows_per_core":0.0,"is_matmul":true,"matmul_macs":17179869184,"matmul_rows_per_core":256.0,"matmul_cols_per_core":1024.0,"matmul_a_bytes":8388608,"matmul_b_bytes":16777216,"matmul_m_split":8,"matmul_n_split":4,"hbm_pattern":""}]
SUMMARY op=mmwd rows=2048 cols=2048 cores=32 tiles=0 lx=1 io_hbm_bytes=41943040 kernel_us=783.461 pred_us=781.224 err_pct=-0.3 bw_gbps=53.5 memset_us=345.166 other_dev_us=779.464 total_dev_us=1908.091
-- mmwd M=4096 K=4096 N=1024 split m=16 n=2 k=1 (cores=32 M/m=256 N/n=512)
  op_it_space_splits={d0: 16, d1: 2, d2: 1}
  op_it_space_splits={d0: 16, d1: 2, d2: 1}
  op_it_space_splits={d0: 16, d1: 2, d2: 1}
  op_it_space_splits={d0: 16, d1: 2, d2: 1}
  op_it_space_splits={d0: 16, d1: 2, d2: 1}
  op_it_space_splits={d0: 16, d1: 2, d2: 1}
IO -- device-layout I/O (cost model, stick-padded) --
IO   op mm [reduction]
IO     output op0                    torch [4096, 1024] -> device [16, 4096, 64] in HBM = 4194304 elems x 2B = 8388608 B  (hbm counted: 8388608 B)
IO     input  arg0_1                 torch [4096, 4096] -> device [64, 4096, 64] in HBM = 16777216 elems x 2B = 33554432 B  (hbm counted: 33554432 B)
IO     input  arg1_1                 torch [4096, 1024] -> device [16, 4096, 64] in HBM = 4194304 elems x 2B = 8388608 B  (hbm counted: 8388608 B)
IO   => HBM I/O total = 50331648 B  (lx 0 B, ~free)
MODEL -- estimate (turnaround): T = compute + (R+W)/BW_PEAK + a*min(R,W) --
MODEL   R=41943040 B (read)   W=8388608 B (write)   loop_trip L=1
MODEL   compute = MACs/cores/(mac_peak*pt_eff) = 17179869184/32/(1140*1.000) = 470.94 us  (M/m=256, pt_eff=1.000)
MODEL   base = R/150+W/150 = 335.54 us
MODEL   turn = a*min(R,W) = 0.00574*8388608 = 48.15 us
MODEL   => T_model = 763.83 us
MODEL FEATS [{"name":"mm","is_reduction":true,"out_elems":4194304,"cores":32,"dtype_bytes":2,"args":[{"name":"op0","role":"output","mem":"hbm","elems":4194304,"broadcast":false,"dims":[16,4096,64],"logical":[4096,1024],"loop_factor":1},{"name":"arg0_1","role":"input","mem":"hbm","elems":16777216,"broadcast":false,"dims":[64,4096,64],"logical":[4096,4096],"loop_factor":1},{"name":"arg1_1","role":"input","mem":"hbm","elems":4194304,"broadcast":false,"dims":[16,4096,64],"logical":[4096,1024],"loop_factor":1}],"reduction_cores":1,"loop_trip":1,"tiles_output_dim":false,"tile_rows_per_core":0.0,"is_matmul":true,"matmul_macs":17179869184,"matmul_rows_per_core":256.0,"matmul_cols_per_core":512.0,"matmul_a_bytes":33554432,"matmul_b_bytes":8388608,"matmul_m_split":16,"matmul_n_split":2,"hbm_pattern":""}]
SUMMARY op=mmwd rows=4096 cols=4096 cores=32 tiles=0 lx=1 io_hbm_bytes=50331648 kernel_us=1072.236 pred_us=763.831 err_pct=-28.8 bw_gbps=46.9 memset_us=156.214 other_dev_us=327.911 total_dev_us=1556.361
-- mmwd M=4096 K=4096 N=1024 split m=4 n=8 k=1 (cores=32 M/m=1024 N/n=128)
  op_it_space_splits={d0: 4, d1: 8, d2: 1}
  op_it_space_splits={d0: 4, d1: 8, d2: 1}
  op_it_space_splits={d0: 4, d1: 8, d2: 1}
  op_it_space_splits={d0: 4, d1: 8, d2: 1}
  op_it_space_splits={d0: 4, d1: 8, d2: 1}
  op_it_space_splits={d0: 4, d1: 8, d2: 1}
IO -- device-layout I/O (cost model, stick-padded) --
IO   op mm [reduction]
IO     output op0                    torch [4096, 1024] -> device [16, 4096, 64] in HBM = 4194304 elems x 2B = 8388608 B  (hbm counted: 8388608 B)
IO     input  arg0_1                 torch [4096, 4096] -> device [64, 4096, 64] in HBM = 16777216 elems x 2B = 33554432 B  (hbm counted: 33554432 B)
IO     input  arg1_1                 torch [4096, 1024] -> device [16, 4096, 64] in HBM = 4194304 elems x 2B = 8388608 B  (hbm counted: 8388608 B)
IO   => HBM I/O total = 50331648 B  (lx 0 B, ~free)
MODEL -- estimate (turnaround): T = compute + (R+W)/BW_PEAK + a*min(R,W) --
MODEL   R=41943040 B (read)   W=8388608 B (write)   loop_trip L=1
MODEL   compute = MACs/cores/(mac_peak*pt_eff) = 17179869184/32/(1140*1.000) = 470.94 us  (M/m=1024, pt_eff=1.000)
MODEL   base = R/150+W/150 = 335.54 us
MODEL   turn = a*min(R,W) = 0.00574*8388608 = 48.15 us
MODEL   => T_model = 763.83 us
MODEL FEATS [{"name":"mm","is_reduction":true,"out_elems":4194304,"cores":32,"dtype_bytes":2,"args":[{"name":"op0","role":"output","mem":"hbm","elems":4194304,"broadcast":false,"dims":[16,4096,64],"logical":[4096,1024],"loop_factor":1},{"name":"arg0_1","role":"input","mem":"hbm","elems":16777216,"broadcast":false,"dims":[64,4096,64],"logical":[4096,4096],"loop_factor":1},{"name":"arg1_1","role":"input","mem":"hbm","elems":4194304,"broadcast":false,"dims":[16,4096,64],"logical":[4096,1024],"loop_factor":1}],"reduction_cores":1,"loop_trip":1,"tiles_output_dim":false,"tile_rows_per_core":0.0,"is_matmul":true,"matmul_macs":17179869184,"matmul_rows_per_core":1024.0,"matmul_cols_per_core":128.0,"matmul_a_bytes":33554432,"matmul_b_bytes":8388608,"matmul_m_split":4,"matmul_n_split":8,"hbm_pattern":""}]
SUMMARY op=mmwd rows=4096 cols=4096 cores=32 tiles=0 lx=1 io_hbm_bytes=50331648 kernel_us=596.390 pred_us=763.831 err_pct=+28.1 bw_gbps=84.4 memset_us=211.619 other_dev_us=680.400 total_dev_us=1488.409
-- mmwd M=4096 K=4096 N=1024 split m=8 n=4 k=1 (cores=32 M/m=512 N/n=256)
  op_it_space_splits={d0: 8, d1: 4, d2: 1}
  op_it_space_splits={d0: 8, d1: 4, d2: 1}
  op_it_space_splits={d0: 8, d1: 4, d2: 1}
  op_it_space_splits={d0: 8, d1: 4, d2: 1}
  op_it_space_splits={d0: 8, d1: 4, d2: 1}
  op_it_space_splits={d0: 8, d1: 4, d2: 1}
IO -- device-layout I/O (cost model, stick-padded) --
IO   op mm [reduction]
IO     output op0                    torch [4096, 1024] -> device [16, 4096, 64] in HBM = 4194304 elems x 2B = 8388608 B  (hbm counted: 8388608 B)
IO     input  arg0_1                 torch [4096, 4096] -> device [64, 4096, 64] in HBM = 16777216 elems x 2B = 33554432 B  (hbm counted: 33554432 B)
IO     input  arg1_1                 torch [4096, 1024] -> device [16, 4096, 64] in HBM = 4194304 elems x 2B = 8388608 B  (hbm counted: 8388608 B)
IO   => HBM I/O total = 50331648 B  (lx 0 B, ~free)
MODEL -- estimate (turnaround): T = compute + (R+W)/BW_PEAK + a*min(R,W) --
MODEL   R=41943040 B (read)   W=8388608 B (write)   loop_trip L=1
MODEL   compute = MACs/cores/(mac_peak*pt_eff) = 17179869184/32/(1140*1.000) = 470.94 us  (M/m=512, pt_eff=1.000)
MODEL   base = R/150+W/150 = 335.54 us
MODEL   turn = a*min(R,W) = 0.00574*8388608 = 48.15 us
MODEL   => T_model = 763.83 us
MODEL FEATS [{"name":"mm","is_reduction":true,"out_elems":4194304,"cores":32,"dtype_bytes":2,"args":[{"name":"op0","role":"output","mem":"hbm","elems":4194304,"broadcast":false,"dims":[16,4096,64],"logical":[4096,1024],"loop_factor":1},{"name":"arg0_1","role":"input","mem":"hbm","elems":16777216,"broadcast":false,"dims":[64,4096,64],"logical":[4096,4096],"loop_factor":1},{"name":"arg1_1","role":"input","mem":"hbm","elems":4194304,"broadcast":false,"dims":[16,4096,64],"logical":[4096,1024],"loop_factor":1}],"reduction_cores":1,"loop_trip":1,"tiles_output_dim":false,"tile_rows_per_core":0.0,"is_matmul":true,"matmul_macs":17179869184,"matmul_rows_per_core":512.0,"matmul_cols_per_core":256.0,"matmul_a_bytes":33554432,"matmul_b_bytes":8388608,"matmul_m_split":8,"matmul_n_split":4,"hbm_pattern":""}]
SUMMARY op=mmwd rows=4096 cols=4096 cores=32 tiles=0 lx=1 io_hbm_bytes=50331648 kernel_us=724.958 pred_us=763.831 err_pct=+5.4 bw_gbps=69.4 memset_us=234.199 other_dev_us=602.541 total_dev_us=1561.698
-- mmwd M=4096 K=4096 N=1024 split m=2 n=16 k=1 (cores=32 M/m=2048 N/n=64)
  op_it_space_splits={d0: 2, d1: 16, d2: 1}
  op_it_space_splits={d0: 2, d1: 16, d2: 1}
  op_it_space_splits={d0: 2, d1: 16, d2: 1}
  op_it_space_splits={d0: 2, d1: 16, d2: 1}
  op_it_space_splits={d0: 2, d1: 16, d2: 1}
  op_it_space_splits={d0: 2, d1: 16, d2: 1}
IO -- device-layout I/O (cost model, stick-padded) --
IO   op mm [reduction]
IO     output op0                    torch [4096, 1024] -> device [16, 4096, 64] in HBM = 4194304 elems x 2B = 8388608 B  (hbm counted: 8388608 B)
IO     input  arg0_1                 torch [4096, 4096] -> device [64, 4096, 64] in HBM = 16777216 elems x 2B = 33554432 B  (hbm counted: 33554432 B)
IO     input  arg1_1                 torch [4096, 1024] -> device [16, 4096, 64] in HBM = 4194304 elems x 2B = 8388608 B  (hbm counted: 8388608 B)
IO   => HBM I/O total = 50331648 B  (lx 0 B, ~free)
MODEL -- estimate (turnaround): T = compute + (R+W)/BW_PEAK + a*min(R,W) --
MODEL   R=41943040 B (read)   W=8388608 B (write)   loop_trip L=1
MODEL   compute = MACs/cores/(mac_peak*pt_eff) = 17179869184/32/(1140*1.000) = 470.94 us  (M/m=2048, pt_eff=1.000)
MODEL   base = R/150+W/150 = 335.54 us
MODEL   turn = a*min(R,W) = 0.00574*8388608 = 48.15 us
MODEL   => T_model = 763.83 us
MODEL FEATS [{"name":"mm","is_reduction":true,"out_elems":4194304,"cores":32,"dtype_bytes":2,"args":[{"name":"op0","role":"output","mem":"hbm","elems":4194304,"broadcast":false,"dims":[16,4096,64],"logical":[4096,1024],"loop_factor":1},{"name":"arg0_1","role":"input","mem":"hbm","elems":16777216,"broadcast":false,"dims":[64,4096,64],"logical":[4096,4096],"loop_factor":1},{"name":"arg1_1","role":"input","mem":"hbm","elems":4194304,"broadcast":false,"dims":[16,4096,64],"logical":[4096,1024],"loop_factor":1}],"reduction_cores":1,"loop_trip":1,"tiles_output_dim":false,"tile_rows_per_core":0.0,"is_matmul":true,"matmul_macs":17179869184,"matmul_rows_per_core":2048.0,"matmul_cols_per_core":64.0,"matmul_a_bytes":33554432,"matmul_b_bytes":8388608,"matmul_m_split":2,"matmul_n_split":16,"hbm_pattern":""}]
SUMMARY op=mmwd rows=4096 cols=4096 cores=32 tiles=0 lx=1 io_hbm_bytes=50331648 kernel_us=818.518 pred_us=763.831 err_pct=-6.7 bw_gbps=61.5 memset_us=240.712 other_dev_us=410.685 total_dev_us=1469.915
## LADDER m in {1,2,4,8,16} at N/n=512 (n=2) + N/n=256 (n=4) endpoints
-- mmwd M=2048 K=2048 N=1024 split m=1 n=2 k=1 (cores=2 M/m=2048 N/n=512)
  op_it_space_splits={d0: 1, d1: 2, d2: 1}
  op_it_space_splits={d0: 1, d1: 2, d2: 1}
  op_it_space_splits={d0: 1, d1: 2, d2: 1}
  op_it_space_splits={d0: 1, d1: 2, d2: 1}
  op_it_space_splits={d0: 1, d1: 2, d2: 1}
  op_it_space_splits={d0: 1, d1: 2, d2: 1}
IO -- device-layout I/O (cost model, stick-padded) --
IO   op mm [reduction]
IO     output op0                    torch [2048, 1024] -> device [16, 2048, 64] in HBM = 2097152 elems x 2B = 4194304 B  (hbm counted: 4194304 B)
IO     input  arg0_1                 torch [2048, 2048] -> device [32, 2048, 64] in HBM = 4194304 elems x 2B = 8388608 B  (hbm counted: 8388608 B)
IO     input  arg1_1                 torch [2048, 1024] -> device [16, 2048, 64] in HBM = 2097152 elems x 2B = 4194304 B  (hbm counted: 4194304 B)
IO   => HBM I/O total = 16777216 B  (lx 0 B, ~free)
MODEL -- estimate (turnaround): T = compute + (R+W)/BW_PEAK + a*min(R,W) --
MODEL   R=12582912 B (read)   W=4194304 B (write)   loop_trip L=1
MODEL   compute = MACs/cores/(mac_peak*pt_eff) = 4294967296/2/(1140*1.000) = 1883.76 us  (M/m=2048, pt_eff=1.000)
MODEL   base = R/150+W/150 = 111.85 us
MODEL   turn = a*min(R,W) = 0.00574*4194304 = 24.08 us
MODEL   => T_model = 2025.10 us
MODEL FEATS [{"name":"mm","is_reduction":true,"out_elems":2097152,"cores":2,"dtype_bytes":2,"args":[{"name":"op0","role":"output","mem":"hbm","elems":2097152,"broadcast":false,"dims":[16,2048,64],"logical":[2048,1024],"loop_factor":1},{"name":"arg0_1","role":"input","mem":"hbm","elems":4194304,"broadcast":false,"dims":[32,2048,64],"logical":[2048,2048],"loop_factor":1},{"name":"arg1_1","role":"input","mem":"hbm","elems":2097152,"broadcast":false,"dims":[16,2048,64],"logical":[2048,1024],"loop_factor":1}],"reduction_cores":1,"loop_trip":1,"tiles_output_dim":false,"tile_rows_per_core":0.0,"is_matmul":true,"matmul_macs":4294967296,"matmul_rows_per_core":2048.0,"matmul_cols_per_core":512.0,"matmul_a_bytes":8388608,"matmul_b_bytes":4194304,"matmul_m_split":1,"matmul_n_split":2,"hbm_pattern":""}]
SUMMARY op=mmwd rows=2048 cols=2048 cores=2 tiles=0 lx=1 io_hbm_bytes=16777216 kernel_us=2072.680 pred_us=2025.104 err_pct=-2.3 bw_gbps=8.1 memset_us=160.909 other_dev_us=335.211 total_dev_us=2568.800
-- mmwd M=2048 K=2048 N=1024 split m=2 n=2 k=1 (cores=4 M/m=1024 N/n=512)
  op_it_space_splits={d0: 2, d1: 2, d2: 1}
  op_it_space_splits={d0: 2, d1: 2, d2: 1}
  op_it_space_splits={d0: 2, d1: 2, d2: 1}
  op_it_space_splits={d0: 2, d1: 2, d2: 1}
  op_it_space_splits={d0: 2, d1: 2, d2: 1}
  op_it_space_splits={d0: 2, d1: 2, d2: 1}
IO -- device-layout I/O (cost model, stick-padded) --
IO   op mm [reduction]
IO     output op0                    torch [2048, 1024] -> device [16, 2048, 64] in HBM = 2097152 elems x 2B = 4194304 B  (hbm counted: 4194304 B)
IO     input  arg0_1                 torch [2048, 2048] -> device [32, 2048, 64] in HBM = 4194304 elems x 2B = 8388608 B  (hbm counted: 8388608 B)
IO     input  arg1_1                 torch [2048, 1024] -> device [16, 2048, 64] in HBM = 2097152 elems x 2B = 4194304 B  (hbm counted: 4194304 B)
IO   => HBM I/O total = 16777216 B  (lx 0 B, ~free)
MODEL -- estimate (turnaround): T = compute + (R+W)/BW_PEAK + a*min(R,W) --
MODEL   R=12582912 B (read)   W=4194304 B (write)   loop_trip L=1
MODEL   compute = MACs/cores/(mac_peak*pt_eff) = 4294967296/4/(1140*1.000) = 941.88 us  (M/m=1024, pt_eff=1.000)
MODEL   base = R/150+W/150 = 111.85 us
MODEL   turn = a*min(R,W) = 0.00574*4194304 = 24.08 us
MODEL   => T_model = 1076.43 us
MODEL FEATS [{"name":"mm","is_reduction":true,"out_elems":2097152,"cores":4,"dtype_bytes":2,"args":[{"name":"op0","role":"output","mem":"hbm","elems":2097152,"broadcast":false,"dims":[16,2048,64],"logical":[2048,1024],"loop_factor":1},{"name":"arg0_1","role":"input","mem":"hbm","elems":4194304,"broadcast":false,"dims":[32,2048,64],"logical":[2048,2048],"loop_factor":1},{"name":"arg1_1","role":"input","mem":"hbm","elems":2097152,"broadcast":false,"dims":[16,2048,64],"logical":[2048,1024],"loop_factor":1}],"reduction_cores":1,"loop_trip":1,"tiles_output_dim":false,"tile_rows_per_core":0.0,"is_matmul":true,"matmul_macs":4294967296,"matmul_rows_per_core":1024.0,"matmul_cols_per_core":512.0,"matmul_a_bytes":8388608,"matmul_b_bytes":4194304,"matmul_m_split":2,"matmul_n_split":2,"hbm_pattern":""}]
SUMMARY op=mmwd rows=2048 cols=2048 cores=4 tiles=0 lx=1 io_hbm_bytes=16777216 kernel_us=1008.883 pred_us=1076.430 err_pct=+6.7 bw_gbps=16.6 memset_us=171.891 other_dev_us=571.184 total_dev_us=1751.958
-- mmwd M=2048 K=2048 N=1024 split m=4 n=2 k=1 (cores=8 M/m=512 N/n=512)
  op_it_space_splits={d0: 4, d1: 2, d2: 1}
  op_it_space_splits={d0: 4, d1: 2, d2: 1}
  op_it_space_splits={d0: 4, d1: 2, d2: 1}
  op_it_space_splits={d0: 4, d1: 2, d2: 1}
  op_it_space_splits={d0: 4, d1: 2, d2: 1}
  op_it_space_splits={d0: 4, d1: 2, d2: 1}
IO -- device-layout I/O (cost model, stick-padded) --
IO   op mm [reduction]
IO     output op0                    torch [2048, 1024] -> device [16, 2048, 64] in HBM = 2097152 elems x 2B = 4194304 B  (hbm counted: 4194304 B)
IO     input  arg0_1                 torch [2048, 2048] -> device [32, 2048, 64] in HBM = 4194304 elems x 2B = 8388608 B  (hbm counted: 8388608 B)
IO     input  arg1_1                 torch [2048, 1024] -> device [16, 2048, 64] in HBM = 2097152 elems x 2B = 4194304 B  (hbm counted: 4194304 B)
IO   => HBM I/O total = 16777216 B  (lx 0 B, ~free)
MODEL -- estimate (turnaround): T = compute + (R+W)/BW_PEAK + a*min(R,W) --
MODEL   R=12582912 B (read)   W=4194304 B (write)   loop_trip L=1
MODEL   compute = MACs/cores/(mac_peak*pt_eff) = 4294967296/8/(1140*1.000) = 470.94 us  (M/m=512, pt_eff=1.000)
MODEL   base = R/150+W/150 = 111.85 us
MODEL   turn = a*min(R,W) = 0.00574*4194304 = 24.08 us
MODEL   => T_model = 585.11 us
MODEL FEATS [{"name":"mm","is_reduction":true,"out_elems":2097152,"cores":8,"dtype_bytes":2,"args":[{"name":"op0","role":"output","mem":"hbm","elems":2097152,"broadcast":false,"dims":[16,2048,64],"logical":[2048,1024],"loop_factor":1},{"name":"arg0_1","role":"input","mem":"hbm","elems":4194304,"broadcast":false,"dims":[32,2048,64],"logical":[2048,2048],"loop_factor":1},{"name":"arg1_1","role":"input","mem":"hbm","elems":2097152,"broadcast":false,"dims":[16,2048,64],"logical":[2048,1024],"loop_factor":1}],"reduction_cores":1,"loop_trip":1,"tiles_output_dim":false,"tile_rows_per_core":0.0,"is_matmul":true,"matmul_macs":4294967296,"matmul_rows_per_core":512.0,"matmul_cols_per_core":512.0,"matmul_a_bytes":8388608,"matmul_b_bytes":4194304,"matmul_m_split":4,"matmul_n_split":2,"hbm_pattern":""}]
SUMMARY op=mmwd rows=2048 cols=2048 cores=8 tiles=0 lx=1 io_hbm_bytes=16777216 kernel_us=530.704 pred_us=585.107 err_pct=+10.3 bw_gbps=31.6 memset_us=151.790 other_dev_us=509.104 total_dev_us=1191.598
-- mmwd M=2048 K=2048 N=1024 split m=8 n=2 k=1 (cores=16 M/m=256 N/n=512)
  op_it_space_splits={d0: 8, d1: 2, d2: 1}
  op_it_space_splits={d0: 8, d1: 2, d2: 1}
  op_it_space_splits={d0: 8, d1: 2, d2: 1}
  op_it_space_splits={d0: 8, d1: 2, d2: 1}
  op_it_space_splits={d0: 8, d1: 2, d2: 1}
  op_it_space_splits={d0: 8, d1: 2, d2: 1}
IO -- device-layout I/O (cost model, stick-padded) --
IO   op mm [reduction]
IO     output op0                    torch [2048, 1024] -> device [16, 2048, 64] in HBM = 2097152 elems x 2B = 4194304 B  (hbm counted: 4194304 B)
IO     input  arg0_1                 torch [2048, 2048] -> device [32, 2048, 64] in HBM = 4194304 elems x 2B = 8388608 B  (hbm counted: 8388608 B)
IO     input  arg1_1                 torch [2048, 1024] -> device [16, 2048, 64] in HBM = 2097152 elems x 2B = 4194304 B  (hbm counted: 4194304 B)
IO   => HBM I/O total = 16777216 B  (lx 0 B, ~free)
MODEL -- estimate (turnaround): T = compute + (R+W)/BW_PEAK + a*min(R,W) --
MODEL   R=12582912 B (read)   W=4194304 B (write)   loop_trip L=1
MODEL   compute = MACs/cores/(mac_peak*pt_eff) = 4294967296/16/(1140*1.000) = 235.47 us  (M/m=256, pt_eff=1.000)
MODEL   base = R/150+W/150 = 111.85 us
MODEL   turn = a*min(R,W) = 0.00574*4194304 = 24.08 us
MODEL   => T_model = 329.25 us
MODEL FEATS [{"name":"mm","is_reduction":true,"out_elems":2097152,"cores":16,"dtype_bytes":2,"args":[{"name":"op0","role":"output","mem":"hbm","elems":2097152,"broadcast":false,"dims":[16,2048,64],"logical":[2048,1024],"loop_factor":1},{"name":"arg0_1","role":"input","mem":"hbm","elems":4194304,"broadcast":false,"dims":[32,2048,64],"logical":[2048,2048],"loop_factor":1},{"name":"arg1_1","role":"input","mem":"hbm","elems":2097152,"broadcast":false,"dims":[16,2048,64],"logical":[2048,1024],"loop_factor":1}],"reduction_cores":1,"loop_trip":1,"tiles_output_dim":false,"tile_rows_per_core":0.0,"is_matmul":true,"matmul_macs":4294967296,"matmul_rows_per_core":256.0,"matmul_cols_per_core":512.0,"matmul_a_bytes":8388608,"matmul_b_bytes":4194304,"matmul_m_split":8,"matmul_n_split":2,"hbm_pattern":""}]
SUMMARY op=mmwd rows=2048 cols=2048 cores=16 tiles=0 lx=1 io_hbm_bytes=16777216 kernel_us=321.157 pred_us=329.253 err_pct=+2.5 bw_gbps=52.2 memset_us=158.375 other_dev_us=603.616 total_dev_us=1083.148
-- mmwd M=2048 K=2048 N=1024 split m=16 n=2 k=1 (cores=32 M/m=128 N/n=512)
  op_it_space_splits={d0: 16, d1: 2, d2: 1}
  op_it_space_splits={d0: 16, d1: 2, d2: 1}
  op_it_space_splits={d0: 16, d1: 2, d2: 1}
  op_it_space_splits={d0: 16, d1: 2, d2: 1}
  op_it_space_splits={d0: 16, d1: 2, d2: 1}
  op_it_space_splits={d0: 16, d1: 2, d2: 1}
IO -- device-layout I/O (cost model, stick-padded) --
IO   op mm [reduction]
IO     output op0                    torch [2048, 1024] -> device [16, 2048, 64] in HBM = 2097152 elems x 2B = 4194304 B  (hbm counted: 4194304 B)
IO     input  arg0_1                 torch [2048, 2048] -> device [32, 2048, 64] in HBM = 4194304 elems x 2B = 8388608 B  (hbm counted: 8388608 B)
IO     input  arg1_1                 torch [2048, 1024] -> device [16, 2048, 64] in HBM = 2097152 elems x 2B = 4194304 B  (hbm counted: 4194304 B)
IO   => HBM I/O total = 16777216 B  (lx 0 B, ~free)
MODEL -- estimate (turnaround): T = compute + (R+W)/BW_PEAK + a*min(R,W) --
MODEL   R=12582912 B (read)   W=4194304 B (write)   loop_trip L=1
MODEL   compute = MACs/cores/(mac_peak*pt_eff) = 4294967296/32/(1140*1.000) = 117.73 us  (M/m=128, pt_eff=1.000)
MODEL   base = R/150+W/150 = 111.85 us
MODEL   turn = a*min(R,W) = 0.00574*4194304 = 24.08 us
MODEL   => T_model = 199.50 us
MODEL FEATS [{"name":"mm","is_reduction":true,"out_elems":2097152,"cores":32,"dtype_bytes":2,"args":[{"name":"op0","role":"output","mem":"hbm","elems":2097152,"broadcast":false,"dims":[16,2048,64],"logical":[2048,1024],"loop_factor":1},{"name":"arg0_1","role":"input","mem":"hbm","elems":4194304,"broadcast":false,"dims":[32,2048,64],"logical":[2048,2048],"loop_factor":1},{"name":"arg1_1","role":"input","mem":"hbm","elems":2097152,"broadcast":false,"dims":[16,2048,64],"logical":[2048,1024],"loop_factor":1}],"reduction_cores":1,"loop_trip":1,"tiles_output_dim":false,"tile_rows_per_core":0.0,"is_matmul":true,"matmul_macs":4294967296,"matmul_rows_per_core":128.0,"matmul_cols_per_core":512.0,"matmul_a_bytes":8388608,"matmul_b_bytes":4194304,"matmul_m_split":16,"matmul_n_split":2,"hbm_pattern":""}]
SUMMARY op=mmwd rows=2048 cols=2048 cores=32 tiles=0 lx=1 io_hbm_bytes=16777216 kernel_us=191.793 pred_us=199.500 err_pct=+4.0 bw_gbps=87.5 memset_us=162.569 other_dev_us=225.428 total_dev_us=579.790
-- mmwd M=2048 K=2048 N=1024 split m=1 n=4 k=1 (cores=4 M/m=2048 N/n=256)
  op_it_space_splits={d0: 1, d1: 4, d2: 1}
  op_it_space_splits={d0: 1, d1: 4, d2: 1}
  op_it_space_splits={d0: 1, d1: 4, d2: 1}
  op_it_space_splits={d0: 1, d1: 4, d2: 1}
  op_it_space_splits={d0: 1, d1: 4, d2: 1}
  op_it_space_splits={d0: 1, d1: 4, d2: 1}
IO -- device-layout I/O (cost model, stick-padded) --
IO   op mm [reduction]
IO     output op0                    torch [2048, 1024] -> device [16, 2048, 64] in HBM = 2097152 elems x 2B = 4194304 B  (hbm counted: 4194304 B)
IO     input  arg0_1                 torch [2048, 2048] -> device [32, 2048, 64] in HBM = 4194304 elems x 2B = 8388608 B  (hbm counted: 8388608 B)
IO     input  arg1_1                 torch [2048, 1024] -> device [16, 2048, 64] in HBM = 2097152 elems x 2B = 4194304 B  (hbm counted: 4194304 B)
IO   => HBM I/O total = 16777216 B  (lx 0 B, ~free)
MODEL -- estimate (turnaround): T = compute + (R+W)/BW_PEAK + a*min(R,W) --
MODEL   R=12582912 B (read)   W=4194304 B (write)   loop_trip L=1
MODEL   compute = MACs/cores/(mac_peak*pt_eff) = 4294967296/4/(1140*1.000) = 941.88 us  (M/m=2048, pt_eff=1.000)
MODEL   base = R/150+W/150 = 111.85 us
MODEL   turn = a*min(R,W) = 0.00574*4194304 = 24.08 us
MODEL   => T_model = 1076.43 us
MODEL FEATS [{"name":"mm","is_reduction":true,"out_elems":2097152,"cores":4,"dtype_bytes":2,"args":[{"name":"op0","role":"output","mem":"hbm","elems":2097152,"broadcast":false,"dims":[16,2048,64],"logical":[2048,1024],"loop_factor":1},{"name":"arg0_1","role":"input","mem":"hbm","elems":4194304,"broadcast":false,"dims":[32,2048,64],"logical":[2048,2048],"loop_factor":1},{"name":"arg1_1","role":"input","mem":"hbm","elems":2097152,"broadcast":false,"dims":[16,2048,64],"logical":[2048,1024],"loop_factor":1}],"reduction_cores":1,"loop_trip":1,"tiles_output_dim":false,"tile_rows_per_core":0.0,"is_matmul":true,"matmul_macs":4294967296,"matmul_rows_per_core":2048.0,"matmul_cols_per_core":256.0,"matmul_a_bytes":8388608,"matmul_b_bytes":4194304,"matmul_m_split":1,"matmul_n_split":4,"hbm_pattern":""}]
SUMMARY op=mmwd rows=2048 cols=2048 cores=4 tiles=0 lx=1 io_hbm_bytes=16777216 kernel_us=1068.524 pred_us=1076.430 err_pct=+0.7 bw_gbps=15.7 memset_us=148.956 other_dev_us=606.199 total_dev_us=1823.679
## BM bmm b=B, m=n=2 (cores 4..32) + matched plain-mm control, 2 shapes
-- bmm_wd B=1 M=1024 K=2048 N=1024 b=1 m=2 n=2 k=1 (cores=4 M/m=512 N/n=512)
  op_it_space_splits={d0: 1, d1: 2, d2: 1}
  op_it_space_splits={d0: 1, d1: 2, d2: 1}
  op_it_space_splits={d0: 1, d1: 2, d2: 1}
  op_it_space_splits={d0: 1, d1: 2, d2: 1}
  op_it_space_splits={d0: 1, d1: 2, d2: 1}
  op_it_space_splits={d0: 1, d1: 2, d2: 1}
IO -- device-layout I/O (cost model, stick-padded) --
IO   op bmm [reduction]
IO     output op0                    torch [1, 1024, 1024] -> device [1024, 16, 1, 64] in HBM = 1048576 elems x 2B = 2097152 B  (hbm counted: 2097152 B)
IO     input  arg0_1                 torch [1, 1024, 2048] -> device [1024, 32, 1, 64] in HBM = 2097152 elems x 2B = 4194304 B  (hbm counted: 4194304 B) broadcast (loaded once)
IO     input  arg1_1                 torch [1, 2048, 1024] -> device [2048, 16, 1, 64] in HBM = 2097152 elems x 2B = 4194304 B  (hbm counted: 4194304 B) broadcast (loaded once)
IO   => HBM I/O total = 10485760 B  (lx 0 B, ~free)
MODEL -- estimate (turnaround): T = compute + (R+W)/BW_PEAK + a*min(R,W) --
MODEL   R=8388608 B (read)   W=2097152 B (write)   loop_trip L=1
MODEL   compute = MACs/cores/(mac_peak*pt_eff) = 2147483648/2/(1140*1.000) = 941.88 us  (M/m=1024, pt_eff=1.000)
MODEL   base = R/150+W/150 = 69.91 us
MODEL   turn = a*min(R,W) = 0.00574*2097152 = 12.04 us
MODEL   => T_model = 1026.90 us
MODEL FEATS [{"name":"bmm","is_reduction":true,"out_elems":1048576,"cores":2,"dtype_bytes":2,"args":[{"name":"op0","role":"output","mem":"hbm","elems":1048576,"broadcast":false,"dims":[1024,16,1,64],"logical":[1,1024,1024],"loop_factor":1},{"name":"arg0_1","role":"input","mem":"hbm","elems":2097152,"broadcast":true,"dims":[1024,32,1,64],"logical":[1,1024,2048],"loop_factor":1},{"name":"arg1_1","role":"input","mem":"hbm","elems":2097152,"broadcast":true,"dims":[2048,16,1,64],"logical":[1,2048,1024],"loop_factor":1}],"reduction_cores":1,"loop_trip":1,"tiles_output_dim":false,"tile_rows_per_core":0.0,"is_matmul":true,"matmul_macs":2147483648,"matmul_rows_per_core":1024.0,"matmul_cols_per_core":512.0,"matmul_a_bytes":4194304,"matmul_b_bytes":4194304,"matmul_m_split":1,"matmul_n_split":2,"hbm_pattern":""}]
SUMMARY op=bmm_wd rows=1024 cols=2048 cores=2 tiles=0 lx=1 io_hbm_bytes=10485760 kernel_us=1012.520 pred_us=1026.896 err_pct=+1.4 bw_gbps=10.4 memset_us=127.883 other_dev_us=457.166 total_dev_us=1597.569
-- bmm_wd B=2 M=1024 K=2048 N=1024 b=2 m=2 n=2 k=1 (cores=8 M/m=512 N/n=512)
  op_it_space_splits={d0: 2, d1: 2, d2: 2, d3: 1}
  op_it_space_splits={d0: 2, d1: 2, d2: 2, d3: 1}
  op_it_space_splits={d0: 2, d1: 2, d2: 2, d3: 1}
  op_it_space_splits={d0: 2, d1: 2, d2: 2, d3: 1}
  op_it_space_splits={d0: 2, d1: 2, d2: 2, d3: 1}
  op_it_space_splits={d0: 2, d1: 2, d2: 2, d3: 1}
IO -- device-layout I/O (cost model, stick-padded) --
IO   op bmm [reduction]
IO     output op0                    torch [2, 1024, 1024] -> device [1024, 16, 2, 64] in HBM = 2097152 elems x 2B = 4194304 B  (hbm counted: 4194304 B)
IO     input  arg0_1                 torch [2, 1024, 2048] -> device [1024, 32, 2, 64] in HBM = 4194304 elems x 2B = 8388608 B  (hbm counted: 8388608 B)
IO     input  arg1_1                 torch [2, 2048, 1024] -> device [2048, 16, 2, 64] in HBM = 4194304 elems x 2B = 8388608 B  (hbm counted: 8388608 B)
IO   => HBM I/O total = 20971520 B  (lx 0 B, ~free)
MODEL -- estimate (turnaround): T = compute + (R+W)/BW_PEAK + a*min(R,W) --
MODEL   R=16777216 B (read)   W=4194304 B (write)   loop_trip L=1
MODEL   compute = MACs/cores/(mac_peak*pt_eff) = 4294967296/8/(1140*1.000) = 470.94 us  (M/m=512, pt_eff=1.000)
MODEL   base = R/150+W/150 = 139.81 us
MODEL   turn = a*min(R,W) = 0.00574*4194304 = 24.08 us
MODEL   => T_model = 586.62 us
MODEL FEATS [{"name":"bmm","is_reduction":true,"out_elems":2097152,"cores":8,"dtype_bytes":2,"args":[{"name":"op0","role":"output","mem":"hbm","elems":2097152,"broadcast":false,"dims":[1024,16,2,64],"logical":[2,1024,1024],"loop_factor":1},{"name":"arg0_1","role":"input","mem":"hbm","elems":4194304,"broadcast":false,"dims":[1024,32,2,64],"logical":[2,1024,2048],"loop_factor":1},{"name":"arg1_1","role":"input","mem":"hbm","elems":4194304,"broadcast":false,"dims":[2048,16,2,64],"logical":[2,2048,1024],"loop_factor":1}],"reduction_cores":1,"loop_trip":1,"tiles_output_dim":false,"tile_rows_per_core":0.0,"is_matmul":true,"matmul_macs":4294967296,"matmul_rows_per_core":512.0,"matmul_cols_per_core":512.0,"matmul_a_bytes":4194304,"matmul_b_bytes":4194304,"matmul_m_split":2,"matmul_n_split":2,"hbm_pattern":""}]
SUMMARY op=bmm_wd rows=1024 cols=2048 cores=8 tiles=0 lx=1 io_hbm_bytes=20971520 kernel_us=7285.205 pred_us=586.617 err_pct=-91.9 bw_gbps=2.9 memset_us=158.487 other_dev_us=184.956 total_dev_us=7628.648
-- bmm_wd B=4 M=1024 K=2048 N=1024 b=4 m=2 n=2 k=1 (cores=16 M/m=512 N/n=512)
  op_it_space_splits={d0: 4, d1: 2, d2: 2, d3: 1}
  op_it_space_splits={d0: 4, d1: 2, d2: 2, d3: 1}
  op_it_space_splits={d0: 4, d1: 2, d2: 2, d3: 1}
  op_it_space_splits={d0: 4, d1: 2, d2: 2, d3: 1}
  op_it_space_splits={d0: 4, d1: 2, d2: 2, d3: 1}
  op_it_space_splits={d0: 4, d1: 2, d2: 2, d3: 1}
IO -- device-layout I/O (cost model, stick-padded) --
IO   op bmm [reduction]
IO     output op0                    torch [4, 1024, 1024] -> device [1024, 16, 4, 64] in HBM = 4194304 elems x 2B = 8388608 B  (hbm counted: 8388608 B)
IO     input  arg0_1                 torch [4, 1024, 2048] -> device [1024, 32, 4, 64] in HBM = 8388608 elems x 2B = 16777216 B  (hbm counted: 16777216 B)
IO     input  arg1_1                 torch [4, 2048, 1024] -> device [2048, 16, 4, 64] in HBM = 8388608 elems x 2B = 16777216 B  (hbm counted: 16777216 B)
IO   => HBM I/O total = 41943040 B  (lx 0 B, ~free)
MODEL -- estimate (turnaround): T = compute + (R+W)/BW_PEAK + a*min(R,W) --
MODEL   R=33554432 B (read)   W=8388608 B (write)   loop_trip L=1
MODEL   compute = MACs/cores/(mac_peak*pt_eff) = 8589934592/16/(1140*1.000) = 470.94 us  (M/m=512, pt_eff=1.000)
MODEL   base = R/150+W/150 = 279.62 us
MODEL   turn = a*min(R,W) = 0.00574*8388608 = 48.15 us
MODEL   => T_model = 675.11 us
MODEL FEATS [{"name":"bmm","is_reduction":true,"out_elems":4194304,"cores":16,"dtype_bytes":2,"args":[{"name":"op0","role":"output","mem":"hbm","elems":4194304,"broadcast":false,"dims":[1024,16,4,64],"logical":[4,1024,1024],"loop_factor":1},{"name":"arg0_1","role":"input","mem":"hbm","elems":8388608,"broadcast":false,"dims":[1024,32,4,64],"logical":[4,1024,2048],"loop_factor":1},{"name":"arg1_1","role":"input","mem":"hbm","elems":8388608,"broadcast":false,"dims":[2048,16,4,64],"logical":[4,2048,1024],"loop_factor":1}],"reduction_cores":1,"loop_trip":1,"tiles_output_dim":false,"tile_rows_per_core":0.0,"is_matmul":true,"matmul_macs":8589934592,"matmul_rows_per_core":512.0,"matmul_cols_per_core":512.0,"matmul_a_bytes":4194304,"matmul_b_bytes":4194304,"matmul_m_split":2,"matmul_n_split":2,"hbm_pattern":""}]
SUMMARY op=bmm_wd rows=1024 cols=2048 cores=16 tiles=0 lx=1 io_hbm_bytes=41943040 kernel_us=7386.498 pred_us=675.115 err_pct=-90.9 bw_gbps=5.7 memset_us=225.535 other_dev_us=404.034 total_dev_us=8016.067
-- bmm_wd B=8 M=1024 K=2048 N=1024 b=8 m=2 n=2 k=1 (cores=32 M/m=512 N/n=512)
  op_it_space_splits={d0: 8, d1: 2, d2: 2, d3: 1}
  op_it_space_splits={d0: 8, d1: 2, d2: 2, d3: 1}
  op_it_space_splits={d0: 8, d1: 2, d2: 2, d3: 1}
  op_it_space_splits={d0: 8, d1: 2, d2: 2, d3: 1}
  op_it_space_splits={d0: 8, d1: 2, d2: 2, d3: 1}
  op_it_space_splits={d0: 8, d1: 2, d2: 2, d3: 1}
IO -- device-layout I/O (cost model, stick-padded) --
IO   op bmm [reduction]
IO     output op0                    torch [8, 1024, 1024] -> device [1024, 16, 8, 64] in HBM = 8388608 elems x 2B = 16777216 B  (hbm counted: 16777216 B)
IO     input  arg0_1                 torch [8, 1024, 2048] -> device [1024, 32, 8, 64] in HBM = 16777216 elems x 2B = 33554432 B  (hbm counted: 33554432 B)
IO     input  arg1_1                 torch [8, 2048, 1024] -> device [2048, 16, 8, 64] in HBM = 16777216 elems x 2B = 33554432 B  (hbm counted: 33554432 B)
IO   => HBM I/O total = 83886080 B  (lx 0 B, ~free)
MODEL -- estimate (turnaround): T = compute + (R+W)/BW_PEAK + a*min(R,W) --
MODEL   R=67108864 B (read)   W=16777216 B (write)   loop_trip L=1
MODEL   compute = MACs/cores/(mac_peak*pt_eff) = 17179869184/32/(1140*1.000) = 470.94 us  (M/m=512, pt_eff=1.000)
MODEL   base = R/150+W/150 = 559.24 us
MODEL   turn = a*min(R,W) = 0.00574*16777216 = 96.30 us
MODEL   => T_model = 960.18 us
MODEL FEATS [{"name":"bmm","is_reduction":true,"out_elems":8388608,"cores":32,"dtype_bytes":2,"args":[{"name":"op0","role":"output","mem":"hbm","elems":8388608,"broadcast":false,"dims":[1024,16,8,64],"logical":[8,1024,1024],"loop_factor":1},{"name":"arg0_1","role":"input","mem":"hbm","elems":16777216,"broadcast":false,"dims":[1024,32,8,64],"logical":[8,1024,2048],"loop_factor":1},{"name":"arg1_1","role":"input","mem":"hbm","elems":16777216,"broadcast":false,"dims":[2048,16,8,64],"logical":[8,2048,1024],"loop_factor":1}],"reduction_cores":1,"loop_trip":1,"tiles_output_dim":false,"tile_rows_per_core":0.0,"is_matmul":true,"matmul_macs":17179869184,"matmul_rows_per_core":512.0,"matmul_cols_per_core":512.0,"matmul_a_bytes":4194304,"matmul_b_bytes":4194304,"matmul_m_split":2,"matmul_n_split":2,"hbm_pattern":""}]
SUMMARY op=bmm_wd rows=1024 cols=2048 cores=32 tiles=0 lx=1 io_hbm_bytes=83886080 kernel_us=11073.082 pred_us=960.181 err_pct=-91.3 bw_gbps=7.6 memset_us=508.024 other_dev_us=850.094 total_dev_us=12431.200
-- mmwd M=1024 K=2048 N=1024 split m=2 n=2 k=1 (cores=4 M/m=512 N/n=512)
  op_it_space_splits={d0: 2, d1: 2, d2: 1}
  op_it_space_splits={d0: 2, d1: 2, d2: 1}
  op_it_space_splits={d0: 2, d1: 2, d2: 1}
  op_it_space_splits={d0: 2, d1: 2, d2: 1}
  op_it_space_splits={d0: 2, d1: 2, d2: 1}
  op_it_space_splits={d0: 2, d1: 2, d2: 1}
IO -- device-layout I/O (cost model, stick-padded) --
IO   op mm [reduction]
IO     output op0                    torch [1024, 1024] -> device [16, 1024, 64] in HBM = 1048576 elems x 2B = 2097152 B  (hbm counted: 2097152 B)
IO     input  arg0_1                 torch [1024, 2048] -> device [32, 1024, 64] in HBM = 2097152 elems x 2B = 4194304 B  (hbm counted: 4194304 B)
IO     input  arg1_1                 torch [2048, 1024] -> device [16, 2048, 64] in HBM = 2097152 elems x 2B = 4194304 B  (hbm counted: 4194304 B)
IO   => HBM I/O total = 10485760 B  (lx 0 B, ~free)
MODEL -- estimate (turnaround): T = compute + (R+W)/BW_PEAK + a*min(R,W) --
MODEL   R=8388608 B (read)   W=2097152 B (write)   loop_trip L=1
MODEL   compute = MACs/cores/(mac_peak*pt_eff) = 2147483648/4/(1140*1.000) = 470.94 us  (M/m=512, pt_eff=1.000)
MODEL   base = R/150+W/150 = 69.91 us
MODEL   turn = a*min(R,W) = 0.00574*2097152 = 12.04 us
MODEL   => T_model = 542.37 us
MODEL FEATS [{"name":"mm","is_reduction":true,"out_elems":1048576,"cores":4,"dtype_bytes":2,"args":[{"name":"op0","role":"output","mem":"hbm","elems":1048576,"broadcast":false,"dims":[16,1024,64],"logical":[1024,1024],"loop_factor":1},{"name":"arg0_1","role":"input","mem":"hbm","elems":2097152,"broadcast":false,"dims":[32,1024,64],"logical":[1024,2048],"loop_factor":1},{"name":"arg1_1","role":"input","mem":"hbm","elems":2097152,"broadcast":false,"dims":[16,2048,64],"logical":[2048,1024],"loop_factor":1}],"reduction_cores":1,"loop_trip":1,"tiles_output_dim":false,"tile_rows_per_core":0.0,"is_matmul":true,"matmul_macs":2147483648,"matmul_rows_per_core":512.0,"matmul_cols_per_core":512.0,"matmul_a_bytes":4194304,"matmul_b_bytes":4194304,"matmul_m_split":2,"matmul_n_split":2,"hbm_pattern":""}]
SUMMARY op=mmwd rows=1024 cols=2048 cores=4 tiles=0 lx=1 io_hbm_bytes=10485760 kernel_us=506.895 pred_us=542.368 err_pct=+7.0 bw_gbps=20.7 memset_us=77.201 other_dev_us=565.263 total_dev_us=1149.359
-- mmwd M=2048 K=2048 N=1024 split m=4 n=2 k=1 (cores=8 M/m=512 N/n=512)
  op_it_space_splits={d0: 4, d1: 2, d2: 1}
  op_it_space_splits={d0: 4, d1: 2, d2: 1}
  op_it_space_splits={d0: 4, d1: 2, d2: 1}
  op_it_space_splits={d0: 4, d1: 2, d2: 1}
  op_it_space_splits={d0: 4, d1: 2, d2: 1}
  op_it_space_splits={d0: 4, d1: 2, d2: 1}
IO -- device-layout I/O (cost model, stick-padded) --
IO   op mm [reduction]
IO     output op0                    torch [2048, 1024] -> device [16, 2048, 64] in HBM = 2097152 elems x 2B = 4194304 B  (hbm counted: 4194304 B)
IO     input  arg0_1                 torch [2048, 2048] -> device [32, 2048, 64] in HBM = 4194304 elems x 2B = 8388608 B  (hbm counted: 8388608 B)
IO     input  arg1_1                 torch [2048, 1024] -> device [16, 2048, 64] in HBM = 2097152 elems x 2B = 4194304 B  (hbm counted: 4194304 B)
IO   => HBM I/O total = 16777216 B  (lx 0 B, ~free)
MODEL -- estimate (turnaround): T = compute + (R+W)/BW_PEAK + a*min(R,W) --
MODEL   R=12582912 B (read)   W=4194304 B (write)   loop_trip L=1
MODEL   compute = MACs/cores/(mac_peak*pt_eff) = 4294967296/8/(1140*1.000) = 470.94 us  (M/m=512, pt_eff=1.000)
MODEL   base = R/150+W/150 = 111.85 us
MODEL   turn = a*min(R,W) = 0.00574*4194304 = 24.08 us
MODEL   => T_model = 585.11 us
MODEL FEATS [{"name":"mm","is_reduction":true,"out_elems":2097152,"cores":8,"dtype_bytes":2,"args":[{"name":"op0","role":"output","mem":"hbm","elems":2097152,"broadcast":false,"dims":[16,2048,64],"logical":[2048,1024],"loop_factor":1},{"name":"arg0_1","role":"input","mem":"hbm","elems":4194304,"broadcast":false,"dims":[32,2048,64],"logical":[2048,2048],"loop_factor":1},{"name":"arg1_1","role":"input","mem":"hbm","elems":2097152,"broadcast":false,"dims":[16,2048,64],"logical":[2048,1024],"loop_factor":1}],"reduction_cores":1,"loop_trip":1,"tiles_output_dim":false,"tile_rows_per_core":0.0,"is_matmul":true,"matmul_macs":4294967296,"matmul_rows_per_core":512.0,"matmul_cols_per_core":512.0,"matmul_a_bytes":8388608,"matmul_b_bytes":4194304,"matmul_m_split":4,"matmul_n_split":2,"hbm_pattern":""}]
SUMMARY op=mmwd rows=2048 cols=2048 cores=8 tiles=0 lx=1 io_hbm_bytes=16777216 kernel_us=530.956 pred_us=585.107 err_pct=+10.2 bw_gbps=31.6 memset_us=163.609 other_dev_us=188.510 total_dev_us=883.075
-- mmwd M=2048 K=2048 N=2048 split m=4 n=4 k=1 (cores=16 M/m=512 N/n=512)
  op_it_space_splits={d0: 4, d1: 4, d2: 1}
  op_it_space_splits={d0: 4, d1: 4, d2: 1}
  op_it_space_splits={d0: 4, d1: 4, d2: 1}
  op_it_space_splits={d0: 4, d1: 4, d2: 1}
  op_it_space_splits={d0: 4, d1: 4, d2: 1}
  op_it_space_splits={d0: 4, d1: 4, d2: 1}
IO -- device-layout I/O (cost model, stick-padded) --
IO   op mm [reduction]
IO     output op0                    torch [2048, 2048] -> device [32, 2048, 64] in HBM = 4194304 elems x 2B = 8388608 B  (hbm counted: 8388608 B)
IO     input  arg0_1                 torch [2048, 2048] -> device [32, 2048, 64] in HBM = 4194304 elems x 2B = 8388608 B  (hbm counted: 8388608 B)
IO     input  arg1_1                 torch [2048, 2048] -> device [32, 2048, 64] in HBM = 4194304 elems x 2B = 8388608 B  (hbm counted: 8388608 B)
IO   => HBM I/O total = 25165824 B  (lx 0 B, ~free)
MODEL -- estimate (turnaround): T = compute + (R+W)/BW_PEAK + a*min(R,W) --
MODEL   R=16777216 B (read)   W=8388608 B (write)   loop_trip L=1
MODEL   compute = MACs/cores/(mac_peak*pt_eff) = 8589934592/16/(1140*1.000) = 470.94 us  (M/m=512, pt_eff=1.000)
MODEL   base = R/150+W/150 = 167.77 us
MODEL   turn = a*min(R,W) = 0.00574*8388608 = 48.15 us
MODEL   => T_model = 641.90 us
MODEL FEATS [{"name":"mm","is_reduction":true,"out_elems":4194304,"cores":16,"dtype_bytes":2,"args":[{"name":"op0","role":"output","mem":"hbm","elems":4194304,"broadcast":false,"dims":[32,2048,64],"logical":[2048,2048],"loop_factor":1},{"name":"arg0_1","role":"input","mem":"hbm","elems":4194304,"broadcast":false,"dims":[32,2048,64],"logical":[2048,2048],"loop_factor":1},{"name":"arg1_1","role":"input","mem":"hbm","elems":4194304,"broadcast":false,"dims":[32,2048,64],"logical":[2048,2048],"loop_factor":1}],"reduction_cores":1,"loop_trip":1,"tiles_output_dim":false,"tile_rows_per_core":0.0,"is_matmul":true,"matmul_macs":8589934592,"matmul_rows_per_core":512.0,"matmul_cols_per_core":512.0,"matmul_a_bytes":8388608,"matmul_b_bytes":8388608,"matmul_m_split":4,"matmul_n_split":4,"hbm_pattern":""}]
SUMMARY op=mmwd rows=2048 cols=2048 cores=16 tiles=0 lx=1 io_hbm_bytes=25165824 kernel_us=592.339 pred_us=641.896 err_pct=+8.4 bw_gbps=42.5 memset_us=199.395 other_dev_us=523.361 total_dev_us=1315.095
-- mmwd M=4096 K=2048 N=2048 split m=8 n=4 k=1 (cores=32 M/m=512 N/n=512)
  op_it_space_splits={d0: 8, d1: 4, d2: 1}
  op_it_space_splits={d0: 8, d1: 4, d2: 1}
  op_it_space_splits={d0: 8, d1: 4, d2: 1}
  op_it_space_splits={d0: 8, d1: 4, d2: 1}
  op_it_space_splits={d0: 8, d1: 4, d2: 1}
  op_it_space_splits={d0: 8, d1: 4, d2: 1}
IO -- device-layout I/O (cost model, stick-padded) --
IO   op mm [reduction]
IO     output op0                    torch [4096, 2048] -> device [32, 4096, 64] in HBM = 8388608 elems x 2B = 16777216 B  (hbm counted: 16777216 B)
IO     input  arg0_1                 torch [4096, 2048] -> device [32, 4096, 64] in HBM = 8388608 elems x 2B = 16777216 B  (hbm counted: 16777216 B)
IO     input  arg1_1                 torch [2048, 2048] -> device [32, 2048, 64] in HBM = 4194304 elems x 2B = 8388608 B  (hbm counted: 8388608 B)
IO   => HBM I/O total = 41943040 B  (lx 0 B, ~free)
MODEL -- estimate (turnaround): T = compute + (R+W)/BW_PEAK + a*min(R,W) --
MODEL   R=25165824 B (read)   W=16777216 B (write)   loop_trip L=1
MODEL   compute = MACs/cores/(mac_peak*pt_eff) = 17179869184/32/(1140*1.000) = 470.94 us  (M/m=512, pt_eff=1.000)
MODEL   base = R/150+W/150 = 279.62 us
MODEL   turn = a*min(R,W) = 0.00574*16777216 = 96.30 us
MODEL   => T_model = 781.22 us
MODEL FEATS [{"name":"mm","is_reduction":true,"out_elems":8388608,"cores":32,"dtype_bytes":2,"args":[{"name":"op0","role":"output","mem":"hbm","elems":8388608,"broadcast":false,"dims":[32,4096,64],"logical":[4096,2048],"loop_factor":1},{"name":"arg0_1","role":"input","mem":"hbm","elems":8388608,"broadcast":false,"dims":[32,4096,64],"logical":[4096,2048],"loop_factor":1},{"name":"arg1_1","role":"input","mem":"hbm","elems":4194304,"broadcast":false,"dims":[32,2048,64],"logical":[2048,2048],"loop_factor":1}],"reduction_cores":1,"loop_trip":1,"tiles_output_dim":false,"tile_rows_per_core":0.0,"is_matmul":true,"matmul_macs":17179869184,"matmul_rows_per_core":512.0,"matmul_cols_per_core":512.0,"matmul_a_bytes":16777216,"matmul_b_bytes":8388608,"matmul_m_split":8,"matmul_n_split":4,"hbm_pattern":""}]
SUMMARY op=mmwd rows=4096 cols=2048 cores=32 tiles=0 lx=1 io_hbm_bytes=41943040 kernel_us=833.420 pred_us=781.224 err_pct=-6.3 bw_gbps=50.3 memset_us=295.250 other_dev_us=1099.373 total_dev_us=2228.043
-- bmm_wd B=1 M=2048 K=2048 N=1024 b=1 m=2 n=2 k=1 (cores=4 M/m=1024 N/n=512)
  op_it_space_splits={d0: 1, d1: 2, d2: 1}
  op_it_space_splits={d0: 1, d1: 2, d2: 1}
  op_it_space_splits={d0: 1, d1: 2, d2: 1}
  op_it_space_splits={d0: 1, d1: 2, d2: 1}
  op_it_space_splits={d0: 1, d1: 2, d2: 1}
  op_it_space_splits={d0: 1, d1: 2, d2: 1}
IO -- device-layout I/O (cost model, stick-padded) --
IO   op bmm [reduction]
IO     output op0                    torch [1, 2048, 1024] -> device [2048, 16, 1, 64] in HBM = 2097152 elems x 2B = 4194304 B  (hbm counted: 4194304 B)
IO     input  arg0_1                 torch [1, 2048, 2048] -> device [2048, 32, 1, 64] in HBM = 4194304 elems x 2B = 8388608 B  (hbm counted: 8388608 B) broadcast (loaded once)
IO     input  arg1_1                 torch [1, 2048, 1024] -> device [2048, 16, 1, 64] in HBM = 2097152 elems x 2B = 4194304 B  (hbm counted: 4194304 B) broadcast (loaded once)
IO   => HBM I/O total = 16777216 B  (lx 0 B, ~free)
MODEL -- estimate (turnaround): T = compute + (R+W)/BW_PEAK + a*min(R,W) --
MODEL   R=12582912 B (read)   W=4194304 B (write)   loop_trip L=1
MODEL   compute = MACs/cores/(mac_peak*pt_eff) = 4294967296/2/(1140*1.000) = 1883.76 us  (M/m=2048, pt_eff=1.000)
MODEL   base = R/150+W/150 = 111.85 us
MODEL   turn = a*min(R,W) = 0.00574*4194304 = 24.08 us
MODEL   => T_model = 2025.10 us
MODEL FEATS [{"name":"bmm","is_reduction":true,"out_elems":2097152,"cores":2,"dtype_bytes":2,"args":[{"name":"op0","role":"output","mem":"hbm","elems":2097152,"broadcast":false,"dims":[2048,16,1,64],"logical":[1,2048,1024],"loop_factor":1},{"name":"arg0_1","role":"input","mem":"hbm","elems":4194304,"broadcast":true,"dims":[2048,32,1,64],"logical":[1,2048,2048],"loop_factor":1},{"name":"arg1_1","role":"input","mem":"hbm","elems":2097152,"broadcast":true,"dims":[2048,16,1,64],"logical":[1,2048,1024],"loop_factor":1}],"reduction_cores":1,"loop_trip":1,"tiles_output_dim":false,"tile_rows_per_core":0.0,"is_matmul":true,"matmul_macs":4294967296,"matmul_rows_per_core":2048.0,"matmul_cols_per_core":512.0,"matmul_a_bytes":8388608,"matmul_b_bytes":4194304,"matmul_m_split":1,"matmul_n_split":2,"hbm_pattern":""}]
SUMMARY op=bmm_wd rows=2048 cols=2048 cores=2 tiles=0 lx=1 io_hbm_bytes=16777216 kernel_us=2020.128 pred_us=2025.104 err_pct=+0.2 bw_gbps=8.3 memset_us=102.613 other_dev_us=506.921 total_dev_us=2629.662
-- bmm_wd B=2 M=2048 K=2048 N=1024 b=2 m=2 n=2 k=1 (cores=8 M/m=1024 N/n=512)
  op_it_space_splits={d0: 2, d1: 2, d2: 2, d3: 1}
  op_it_space_splits={d0: 2, d1: 2, d2: 2, d3: 1}
  op_it_space_splits={d0: 2, d1: 2, d2: 2, d3: 1}
  op_it_space_splits={d0: 2, d1: 2, d2: 2, d3: 1}
  op_it_space_splits={d0: 2, d1: 2, d2: 2, d3: 1}
  op_it_space_splits={d0: 2, d1: 2, d2: 2, d3: 1}
IO -- device-layout I/O (cost model, stick-padded) --
IO   op bmm [reduction]
IO     output op0                    torch [2, 2048, 1024] -> device [2048, 16, 2, 64] in HBM = 4194304 elems x 2B = 8388608 B  (hbm counted: 8388608 B)
IO     input  arg0_1                 torch [2, 2048, 2048] -> device [2048, 32, 2, 64] in HBM = 8388608 elems x 2B = 16777216 B  (hbm counted: 16777216 B)
IO     input  arg1_1                 torch [2, 2048, 1024] -> device [2048, 16, 2, 64] in HBM = 4194304 elems x 2B = 8388608 B  (hbm counted: 8388608 B)
IO   => HBM I/O total = 33554432 B  (lx 0 B, ~free)
MODEL -- estimate (turnaround): T = compute + (R+W)/BW_PEAK + a*min(R,W) --
MODEL   R=25165824 B (read)   W=8388608 B (write)   loop_trip L=1
MODEL   compute = MACs/cores/(mac_peak*pt_eff) = 8589934592/8/(1140*1.000) = 941.88 us  (M/m=1024, pt_eff=1.000)
MODEL   base = R/150+W/150 = 223.70 us
MODEL   turn = a*min(R,W) = 0.00574*8388608 = 48.15 us
MODEL   => T_model = 1149.83 us
MODEL FEATS [{"name":"bmm","is_reduction":true,"out_elems":4194304,"cores":8,"dtype_bytes":2,"args":[{"name":"op0","role":"output","mem":"hbm","elems":4194304,"broadcast":false,"dims":[2048,16,2,64],"logical":[2,2048,1024],"loop_factor":1},{"name":"arg0_1","role":"input","mem":"hbm","elems":8388608,"broadcast":false,"dims":[2048,32,2,64],"logical":[2,2048,2048],"loop_factor":1},{"name":"arg1_1","role":"input","mem":"hbm","elems":4194304,"broadcast":false,"dims":[2048,16,2,64],"logical":[2,2048,1024],"loop_factor":1}],"reduction_cores":1,"loop_trip":1,"tiles_output_dim":false,"tile_rows_per_core":0.0,"is_matmul":true,"matmul_macs":8589934592,"matmul_rows_per_core":1024.0,"matmul_cols_per_core":512.0,"matmul_a_bytes":8388608,"matmul_b_bytes":4194304,"matmul_m_split":2,"matmul_n_split":2,"hbm_pattern":""}]
SUMMARY op=bmm_wd rows=2048 cols=2048 cores=8 tiles=0 lx=1 io_hbm_bytes=33554432 kernel_us=14648.064 pred_us=1149.829 err_pct=-92.2 bw_gbps=2.3 memset_us=235.812 other_dev_us=303.855 total_dev_us=15187.731
-- bmm_wd B=4 M=2048 K=2048 N=1024 b=4 m=2 n=2 k=1 (cores=16 M/m=1024 N/n=512)
  op_it_space_splits={d0: 4, d1: 2, d2: 2, d3: 1}
  op_it_space_splits={d0: 4, d1: 2, d2: 2, d3: 1}
  op_it_space_splits={d0: 4, d1: 2, d2: 2, d3: 1}
  op_it_space_splits={d0: 4, d1: 2, d2: 2, d3: 1}
  op_it_space_splits={d0: 4, d1: 2, d2: 2, d3: 1}
  op_it_space_splits={d0: 4, d1: 2, d2: 2, d3: 1}
IO -- device-layout I/O (cost model, stick-padded) --
IO   op bmm [reduction]
IO     output op0                    torch [4, 2048, 1024] -> device [2048, 16, 4, 64] in HBM = 8388608 elems x 2B = 16777216 B  (hbm counted: 16777216 B)
IO     input  arg0_1                 torch [4, 2048, 2048] -> device [2048, 32, 4, 64] in HBM = 16777216 elems x 2B = 33554432 B  (hbm counted: 33554432 B)
IO     input  arg1_1                 torch [4, 2048, 1024] -> device [2048, 16, 4, 64] in HBM = 8388608 elems x 2B = 16777216 B  (hbm counted: 16777216 B)
IO   => HBM I/O total = 67108864 B  (lx 0 B, ~free)
MODEL -- estimate (turnaround): T = compute + (R+W)/BW_PEAK + a*min(R,W) --
MODEL   R=50331648 B (read)   W=16777216 B (write)   loop_trip L=1
MODEL   compute = MACs/cores/(mac_peak*pt_eff) = 17179869184/16/(1140*1.000) = 941.88 us  (M/m=1024, pt_eff=1.000)
MODEL   base = R/150+W/150 = 447.39 us
MODEL   turn = a*min(R,W) = 0.00574*16777216 = 96.30 us
MODEL   => T_model = 1296.63 us
MODEL FEATS [{"name":"bmm","is_reduction":true,"out_elems":8388608,"cores":16,"dtype_bytes":2,"args":[{"name":"op0","role":"output","mem":"hbm","elems":8388608,"broadcast":false,"dims":[2048,16,4,64],"logical":[4,2048,1024],"loop_factor":1},{"name":"arg0_1","role":"input","mem":"hbm","elems":16777216,"broadcast":false,"dims":[2048,32,4,64],"logical":[4,2048,2048],"loop_factor":1},{"name":"arg1_1","role":"input","mem":"hbm","elems":8388608,"broadcast":false,"dims":[2048,16,4,64],"logical":[4,2048,1024],"loop_factor":1}],"reduction_cores":1,"loop_trip":1,"tiles_output_dim":false,"tile_rows_per_core":0.0,"is_matmul":true,"matmul_macs":17179869184,"matmul_rows_per_core":1024.0,"matmul_cols_per_core":512.0,"matmul_a_bytes":8388608,"matmul_b_bytes":4194304,"matmul_m_split":2,"matmul_n_split":2,"hbm_pattern":""}]
SUMMARY op=bmm_wd rows=2048 cols=2048 cores=16 tiles=0 lx=1 io_hbm_bytes=67108864 kernel_us=14747.007 pred_us=1296.626 err_pct=-91.2 bw_gbps=4.6 memset_us=343.040 other_dev_us=769.928 total_dev_us=15859.975
-- bmm_wd B=8 M=2048 K=2048 N=1024 b=8 m=2 n=2 k=1 (cores=32 M/m=1024 N/n=512)
  op_it_space_splits={d0: 8, d1: 2, d2: 2, d3: 1}
  op_it_space_splits={d0: 8, d1: 2, d2: 2, d3: 1}
  op_it_space_splits={d0: 8, d1: 2, d2: 2, d3: 1}
  op_it_space_splits={d0: 8, d1: 2, d2: 2, d3: 1}
  op_it_space_splits={d0: 8, d1: 2, d2: 2, d3: 1}
  op_it_space_splits={d0: 8, d1: 2, d2: 2, d3: 1}
IO -- device-layout I/O (cost model, stick-padded) --
IO   op bmm [reduction]
IO     output op0                    torch [8, 2048, 1024] -> device [2048, 16, 8, 64] in HBM = 16777216 elems x 2B = 33554432 B  (hbm counted: 33554432 B)
IO     input  arg0_1                 torch [8, 2048, 2048] -> device [2048, 32, 8, 64] in HBM = 33554432 elems x 2B = 67108864 B  (hbm counted: 67108864 B)
IO     input  arg1_1                 torch [8, 2048, 1024] -> device [2048, 16, 8, 64] in HBM = 16777216 elems x 2B = 33554432 B  (hbm counted: 33554432 B)
IO   => HBM I/O total = 134217728 B  (lx 0 B, ~free)
MODEL -- estimate (turnaround): T = compute + (R+W)/BW_PEAK + a*min(R,W) --
MODEL   R=100663296 B (read)   W=33554432 B (write)   loop_trip L=1
MODEL   compute = MACs/cores/(mac_peak*pt_eff) = 34359738368/32/(1140*1.000) = 941.88 us  (M/m=1024, pt_eff=1.000)
MODEL   base = R/150+W/150 = 894.78 us
MODEL   turn = a*min(R,W) = 0.00574*33554432 = 192.60 us
MODEL   => T_model = 1709.25 us
MODEL FEATS [{"name":"bmm","is_reduction":true,"out_elems":16777216,"cores":32,"dtype_bytes":2,"args":[{"name":"op0","role":"output","mem":"hbm","elems":16777216,"broadcast":false,"dims":[2048,16,8,64],"logical":[8,2048,1024],"loop_factor":1},{"name":"arg0_1","role":"input","mem":"hbm","elems":33554432,"broadcast":false,"dims":[2048,32,8,64],"logical":[8,2048,2048],"loop_factor":1},{"name":"arg1_1","role":"input","mem":"hbm","elems":16777216,"broadcast":false,"dims":[2048,16,8,64],"logical":[8,2048,1024],"loop_factor":1}],"reduction_cores":1,"loop_trip":1,"tiles_output_dim":false,"tile_rows_per_core":0.0,"is_matmul":true,"matmul_macs":34359738368,"matmul_rows_per_core":1024.0,"matmul_cols_per_core":512.0,"matmul_a_bytes":8388608,"matmul_b_bytes":4194304,"matmul_m_split":2,"matmul_n_split":2,"hbm_pattern":""}]
SUMMARY op=bmm_wd rows=2048 cols=2048 cores=32 tiles=0 lx=1 io_hbm_bytes=134217728 kernel_us=22125.359 pred_us=1709.248 err_pct=-92.3 bw_gbps=6.1 memset_us=490.288 other_dev_us=2331.822 total_dev_us=24947.469
-- mmwd M=2048 K=2048 N=1024 split m=2 n=2 k=1 (cores=4 M/m=1024 N/n=512)
  op_it_space_splits={d0: 2, d1: 2, d2: 1}
  op_it_space_splits={d0: 2, d1: 2, d2: 1}
  op_it_space_splits={d0: 2, d1: 2, d2: 1}
  op_it_space_splits={d0: 2, d1: 2, d2: 1}
  op_it_space_splits={d0: 2, d1: 2, d2: 1}
  op_it_space_splits={d0: 2, d1: 2, d2: 1}
IO -- device-layout I/O (cost model, stick-padded) --
IO   op mm [reduction]
IO     output op0                    torch [2048, 1024] -> device [16, 2048, 64] in HBM = 2097152 elems x 2B = 4194304 B  (hbm counted: 4194304 B)
IO     input  arg0_1                 torch [2048, 2048] -> device [32, 2048, 64] in HBM = 4194304 elems x 2B = 8388608 B  (hbm counted: 8388608 B)
IO     input  arg1_1                 torch [2048, 1024] -> device [16, 2048, 64] in HBM = 2097152 elems x 2B = 4194304 B  (hbm counted: 4194304 B)
IO   => HBM I/O total = 16777216 B  (lx 0 B, ~free)
MODEL -- estimate (turnaround): T = compute + (R+W)/BW_PEAK + a*min(R,W) --
MODEL   R=12582912 B (read)   W=4194304 B (write)   loop_trip L=1
MODEL   compute = MACs/cores/(mac_peak*pt_eff) = 4294967296/4/(1140*1.000) = 941.88 us  (M/m=1024, pt_eff=1.000)
MODEL   base = R/150+W/150 = 111.85 us
MODEL   turn = a*min(R,W) = 0.00574*4194304 = 24.08 us
MODEL   => T_model = 1076.43 us
MODEL FEATS [{"name":"mm","is_reduction":true,"out_elems":2097152,"cores":4,"dtype_bytes":2,"args":[{"name":"op0","role":"output","mem":"hbm","elems":2097152,"broadcast":false,"dims":[16,2048,64],"logical":[2048,1024],"loop_factor":1},{"name":"arg0_1","role":"input","mem":"hbm","elems":4194304,"broadcast":false,"dims":[32,2048,64],"logical":[2048,2048],"loop_factor":1},{"name":"arg1_1","role":"input","mem":"hbm","elems":2097152,"broadcast":false,"dims":[16,2048,64],"logical":[2048,1024],"loop_factor":1}],"reduction_cores":1,"loop_trip":1,"tiles_output_dim":false,"tile_rows_per_core":0.0,"is_matmul":true,"matmul_macs":4294967296,"matmul_rows_per_core":1024.0,"matmul_cols_per_core":512.0,"matmul_a_bytes":8388608,"matmul_b_bytes":4194304,"matmul_m_split":2,"matmul_n_split":2,"hbm_pattern":""}]
SUMMARY op=mmwd rows=2048 cols=2048 cores=4 tiles=0 lx=1 io_hbm_bytes=16777216 kernel_us=1009.822 pred_us=1076.430 err_pct=+6.6 bw_gbps=16.6 memset_us=153.755 other_dev_us=169.829 total_dev_us=1333.406
-- mmwd M=4096 K=2048 N=1024 split m=4 n=2 k=1 (cores=8 M/m=1024 N/n=512)
  op_it_space_splits={d0: 4, d1: 2, d2: 1}
  op_it_space_splits={d0: 4, d1: 2, d2: 1}
  op_it_space_splits={d0: 4, d1: 2, d2: 1}
  op_it_space_splits={d0: 4, d1: 2, d2: 1}
  op_it_space_splits={d0: 4, d1: 2, d2: 1}
  op_it_space_splits={d0: 4, d1: 2, d2: 1}
IO -- device-layout I/O (cost model, stick-padded) --
IO   op mm [reduction]
IO     output op0                    torch [4096, 1024] -> device [16, 4096, 64] in HBM = 4194304 elems x 2B = 8388608 B  (hbm counted: 8388608 B)
IO     input  arg0_1                 torch [4096, 2048] -> device [32, 4096, 64] in HBM = 8388608 elems x 2B = 16777216 B  (hbm counted: 16777216 B)
IO     input  arg1_1                 torch [2048, 1024] -> device [16, 2048, 64] in HBM = 2097152 elems x 2B = 4194304 B  (hbm counted: 4194304 B)
IO   => HBM I/O total = 29360128 B  (lx 0 B, ~free)
MODEL -- estimate (turnaround): T = compute + (R+W)/BW_PEAK + a*min(R,W) --
MODEL   R=20971520 B (read)   W=8388608 B (write)   loop_trip L=1
MODEL   compute = MACs/cores/(mac_peak*pt_eff) = 8589934592/8/(1140*1.000) = 941.88 us  (M/m=1024, pt_eff=1.000)
MODEL   base = R/150+W/150 = 195.73 us
MODEL   turn = a*min(R,W) = 0.00574*8388608 = 48.15 us
MODEL   => T_model = 1175.50 us
MODEL FEATS [{"name":"mm","is_reduction":true,"out_elems":4194304,"cores":8,"dtype_bytes":2,"args":[{"name":"op0","role":"output","mem":"hbm","elems":4194304,"broadcast":false,"dims":[16,4096,64],"logical":[4096,1024],"loop_factor":1},{"name":"arg0_1","role":"input","mem":"hbm","elems":8388608,"broadcast":false,"dims":[32,4096,64],"logical":[4096,2048],"loop_factor":1},{"name":"arg1_1","role":"input","mem":"hbm","elems":2097152,"broadcast":false,"dims":[16,2048,64],"logical":[2048,1024],"loop_factor":1}],"reduction_cores":1,"loop_trip":1,"tiles_output_dim":false,"tile_rows_per_core":0.0,"is_matmul":true,"matmul_macs":8589934592,"matmul_rows_per_core":1024.0,"matmul_cols_per_core":512.0,"matmul_a_bytes":16777216,"matmul_b_bytes":4194304,"matmul_m_split":4,"matmul_n_split":2,"hbm_pattern":""}]
SUMMARY op=mmwd rows=4096 cols=2048 cores=8 tiles=0 lx=1 io_hbm_bytes=29360128 kernel_us=1063.881 pred_us=1175.498 err_pct=+10.5 bw_gbps=27.6 memset_us=250.936 other_dev_us=487.082 total_dev_us=1801.899
-- mmwd M=4096 K=2048 N=2048 split m=4 n=4 k=1 (cores=16 M/m=1024 N/n=512)
  op_it_space_splits={d0: 4, d1: 4, d2: 1}
  op_it_space_splits={d0: 4, d1: 4, d2: 1}
  op_it_space_splits={d0: 4, d1: 4, d2: 1}
  op_it_space_splits={d0: 4, d1: 4, d2: 1}
  op_it_space_splits={d0: 4, d1: 4, d2: 1}
  op_it_space_splits={d0: 4, d1: 4, d2: 1}
IO -- device-layout I/O (cost model, stick-padded) --
IO   op mm [reduction]
IO     output op0                    torch [4096, 2048] -> device [32, 4096, 64] in HBM = 8388608 elems x 2B = 16777216 B  (hbm counted: 16777216 B)
IO     input  arg0_1                 torch [4096, 2048] -> device [32, 4096, 64] in HBM = 8388608 elems x 2B = 16777216 B  (hbm counted: 16777216 B)
IO     input  arg1_1                 torch [2048, 2048] -> device [32, 2048, 64] in HBM = 4194304 elems x 2B = 8388608 B  (hbm counted: 8388608 B)
IO   => HBM I/O total = 41943040 B  (lx 0 B, ~free)
MODEL -- estimate (turnaround): T = compute + (R+W)/BW_PEAK + a*min(R,W) --
MODEL   R=25165824 B (read)   W=16777216 B (write)   loop_trip L=1
MODEL   compute = MACs/cores/(mac_peak*pt_eff) = 17179869184/16/(1140*1.000) = 941.88 us  (M/m=1024, pt_eff=1.000)
MODEL   base = R/150+W/150 = 279.62 us
MODEL   turn = a*min(R,W) = 0.00574*16777216 = 96.30 us
MODEL   => T_model = 1267.18 us
MODEL FEATS [{"name":"mm","is_reduction":true,"out_elems":8388608,"cores":16,"dtype_bytes":2,"args":[{"name":"op0","role":"output","mem":"hbm","elems":8388608,"broadcast":false,"dims":[32,4096,64],"logical":[4096,2048],"loop_factor":1},{"name":"arg0_1","role":"input","mem":"hbm","elems":8388608,"broadcast":false,"dims":[32,4096,64],"logical":[4096,2048],"loop_factor":1},{"name":"arg1_1","role":"input","mem":"hbm","elems":4194304,"broadcast":false,"dims":[32,2048,64],"logical":[2048,2048],"loop_factor":1}],"reduction_cores":1,"loop_trip":1,"tiles_output_dim":false,"tile_rows_per_core":0.0,"is_matmul":true,"matmul_macs":17179869184,"matmul_rows_per_core":1024.0,"matmul_cols_per_core":512.0,"matmul_a_bytes":16777216,"matmul_b_bytes":8388608,"matmul_m_split":4,"matmul_n_split":4,"hbm_pattern":""}]
SUMMARY op=mmwd rows=4096 cols=2048 cores=16 tiles=0 lx=1 io_hbm_bytes=41943040 kernel_us=1181.557 pred_us=1267.182 err_pct=+7.2 bw_gbps=35.5 memset_us=306.404 other_dev_us=893.752 total_dev_us=2381.713
-- mmwd M=8192 K=2048 N=2048 split m=8 n=4 k=1 (cores=32 M/m=1024 N/n=512)
  op_it_space_splits={d0: 8, d1: 4, d2: 1}
  op_it_space_splits={d0: 8, d1: 4, d2: 1}
  op_it_space_splits={d0: 8, d1: 4, d2: 1}
  op_it_space_splits={d0: 8, d1: 4, d2: 1}
  op_it_space_splits={d0: 8, d1: 4, d2: 1}
  op_it_space_splits={d0: 8, d1: 4, d2: 1}
IO -- device-layout I/O (cost model, stick-padded) --
IO   op mm [reduction]
IO     output op0                    torch [8192, 2048] -> device [32, 8192, 64] in HBM = 16777216 elems x 2B = 33554432 B  (hbm counted: 33554432 B)
IO     input  arg0_1                 torch [8192, 2048] -> device [32, 8192, 64] in HBM = 16777216 elems x 2B = 33554432 B  (hbm counted: 33554432 B)
IO     input  arg1_1                 torch [2048, 2048] -> device [32, 2048, 64] in HBM = 4194304 elems x 2B = 8388608 B  (hbm counted: 8388608 B)
IO   => HBM I/O total = 75497472 B  (lx 0 B, ~free)
MODEL -- estimate (turnaround): T = compute + (R+W)/BW_PEAK + a*min(R,W) --
MODEL   R=41943040 B (read)   W=33554432 B (write)   loop_trip L=1
MODEL   compute = MACs/cores/(mac_peak*pt_eff) = 34359738368/32/(1140*1.000) = 941.88 us  (M/m=1024, pt_eff=1.000)
MODEL   base = R/150+W/150 = 503.32 us
MODEL   turn = a*min(R,W) = 0.00574*33554432 = 192.60 us
MODEL   => T_model = 1582.02 us
MODEL FEATS [{"name":"mm","is_reduction":true,"out_elems":16777216,"cores":32,"dtype_bytes":2,"args":[{"name":"op0","role":"output","mem":"hbm","elems":16777216,"broadcast":false,"dims":[32,8192,64],"logical":[8192,2048],"loop_factor":1},{"name":"arg0_1","role":"input","mem":"hbm","elems":16777216,"broadcast":false,"dims":[32,8192,64],"logical":[8192,2048],"loop_factor":1},{"name":"arg1_1","role":"input","mem":"hbm","elems":4194304,"broadcast":false,"dims":[32,2048,64],"logical":[2048,2048],"loop_factor":1}],"reduction_cores":1,"loop_trip":1,"tiles_output_dim":false,"tile_rows_per_core":0.0,"is_matmul":true,"matmul_macs":34359738368,"matmul_rows_per_core":1024.0,"matmul_cols_per_core":512.0,"matmul_a_bytes":33554432,"matmul_b_bytes":8388608,"matmul_m_split":8,"matmul_n_split":4,"hbm_pattern":""}]
SUMMARY op=mmwd rows=8192 cols=2048 cores=32 tiles=0 lx=1 io_hbm_bytes=75497472 kernel_us=1620.964 pred_us=1582.021 err_pct=-2.4 bw_gbps=46.6 memset_us=487.174 other_dev_us=2346.428 total_dev_us=4454.566
## BM2 full-bmm vs 3d2d shared-weight, matched B and 2x2 split
-- bmm_wd B=2 M=1024 K=2048 N=1024 b=2 m=2 n=2 k=1 (cores=8 M/m=512 N/n=512)
  op_it_space_splits={d0: 2, d1: 2, d2: 2, d3: 1}
  op_it_space_splits={d0: 2, d1: 2, d2: 2, d3: 1}
  op_it_space_splits={d0: 2, d1: 2, d2: 2, d3: 1}
  op_it_space_splits={d0: 2, d1: 2, d2: 2, d3: 1}
  op_it_space_splits={d0: 2, d1: 2, d2: 2, d3: 1}
  op_it_space_splits={d0: 2, d1: 2, d2: 2, d3: 1}
IO -- device-layout I/O (cost model, stick-padded) --
IO   op bmm [reduction]
IO     output op0                    torch [2, 1024, 1024] -> device [1024, 16, 2, 64] in HBM = 2097152 elems x 2B = 4194304 B  (hbm counted: 4194304 B)
IO     input  arg0_1                 torch [2, 1024, 2048] -> device [1024, 32, 2, 64] in HBM = 4194304 elems x 2B = 8388608 B  (hbm counted: 8388608 B)
IO     input  arg1_1                 torch [2, 2048, 1024] -> device [2048, 16, 2, 64] in HBM = 4194304 elems x 2B = 8388608 B  (hbm counted: 8388608 B)
IO   => HBM I/O total = 20971520 B  (lx 0 B, ~free)
MODEL -- estimate (turnaround): T = compute + (R+W)/BW_PEAK + a*min(R,W) --
MODEL   R=16777216 B (read)   W=4194304 B (write)   loop_trip L=1
MODEL   compute = MACs/cores/(mac_peak*pt_eff) = 4294967296/8/(1140*1.000) = 470.94 us  (M/m=512, pt_eff=1.000)
MODEL   base = R/150+W/150 = 139.81 us
MODEL   turn = a*min(R,W) = 0.00574*4194304 = 24.08 us
MODEL   => T_model = 586.62 us
MODEL FEATS [{"name":"bmm","is_reduction":true,"out_elems":2097152,"cores":8,"dtype_bytes":2,"args":[{"name":"op0","role":"output","mem":"hbm","elems":2097152,"broadcast":false,"dims":[1024,16,2,64],"logical":[2,1024,1024],"loop_factor":1},{"name":"arg0_1","role":"input","mem":"hbm","elems":4194304,"broadcast":false,"dims":[1024,32,2,64],"logical":[2,1024,2048],"loop_factor":1},{"name":"arg1_1","role":"input","mem":"hbm","elems":4194304,"broadcast":false,"dims":[2048,16,2,64],"logical":[2,2048,1024],"loop_factor":1}],"reduction_cores":1,"loop_trip":1,"tiles_output_dim":false,"tile_rows_per_core":0.0,"is_matmul":true,"matmul_macs":4294967296,"matmul_rows_per_core":512.0,"matmul_cols_per_core":512.0,"matmul_a_bytes":4194304,"matmul_b_bytes":4194304,"matmul_m_split":2,"matmul_n_split":2,"hbm_pattern":""}]
SUMMARY op=bmm_wd rows=1024 cols=2048 cores=8 tiles=0 lx=1 io_hbm_bytes=20971520 kernel_us=7334.705 pred_us=586.617 err_pct=-92.0 bw_gbps=2.9 memset_us=150.033 other_dev_us=263.362 total_dev_us=7748.100
-- bmm_wd_3d2d B=2 M=1024 K=2048 N=1024 b=2 m=2 n=2 k=1 (cores=8 M/m=512 N/n=512)
  op_it_space_splits={d0: 2, d1: 2, d2: 2, d3: 1}
  op_it_space_splits={d0: 2, d1: 2, d2: 2, d3: 1}
  op_it_space_splits={d0: 2, d1: 2, d2: 2, d3: 1}
  op_it_space_splits={d0: 2, d1: 2, d2: 2, d3: 1}
  op_it_space_splits={d0: 2, d1: 2, d2: 2, d3: 1}
  op_it_space_splits={d0: 2, d1: 2, d2: 2, d3: 1}
IO -- device-layout I/O (cost model, stick-padded) --
IO   op bmm_default [reduction]
IO     output op0                    torch [2, 1024, 1024] -> device [1024, 16, 2, 64] in HBM = 2097152 elems x 2B = 4194304 B  (hbm counted: 4194304 B)
IO     input  arg0_1                 torch [2, 1024, 2048] -> device [1024, 32, 2, 64] in HBM = 4194304 elems x 2B = 8388608 B  (hbm counted: 8388608 B)
IO     input  arg1_1                 torch [2048, 1024] -> device [16, 2048, 64] in HBM = 2097152 elems x 2B = 4194304 B  (hbm counted: 4194304 B) broadcast (loaded once)
IO   => HBM I/O total = 16777216 B  (lx 0 B, ~free)
MODEL -- estimate (turnaround): T = compute + (R+W)/BW_PEAK + a*min(R,W) --
MODEL   R=12582912 B (read)   W=4194304 B (write)   loop_trip L=1
MODEL   compute = MACs/cores/(mac_peak*pt_eff) = 4294967296/8/(1140*1.000) = 470.94 us  (M/m=512, pt_eff=1.000)
MODEL   base = R/150+W/150 = 111.85 us
MODEL   turn = a*min(R,W) = 0.00574*4194304 = 24.08 us
MODEL   => T_model = 571.52 us
MODEL FEATS [{"name":"bmm_default","is_reduction":true,"out_elems":2097152,"cores":8,"dtype_bytes":2,"args":[{"name":"op0","role":"output","mem":"hbm","elems":2097152,"broadcast":false,"dims":[1024,16,2,64],"logical":[2,1024,1024],"loop_factor":1},{"name":"arg0_1","role":"input","mem":"hbm","elems":4194304,"broadcast":false,"dims":[1024,32,2,64],"logical":[2,1024,2048],"loop_factor":1},{"name":"arg1_1","role":"input","mem":"hbm","elems":2097152,"broadcast":true,"dims":[16,2048,64],"logical":[2048,1024],"loop_factor":1}],"reduction_cores":1,"loop_trip":1,"tiles_output_dim":false,"tile_rows_per_core":0.0,"is_matmul":true,"matmul_macs":4294967296,"matmul_rows_per_core":512.0,"matmul_cols_per_core":512.0,"matmul_a_bytes":4194304,"matmul_b_bytes":4194304,"matmul_m_split":2,"matmul_n_split":2,"hbm_pattern":""}]
SUMMARY op=bmm_wd_3d2d rows=1024 cols=2048 cores=8 tiles=0 lx=1 io_hbm_bytes=16777216 kernel_us=1832.541 pred_us=571.517 err_pct=-68.8 bw_gbps=9.2 memset_us=165.395 other_dev_us=339.879 total_dev_us=2337.815
-- bmm_wd B=4 M=1024 K=2048 N=1024 b=4 m=2 n=2 k=1 (cores=16 M/m=512 N/n=512)
  op_it_space_splits={d0: 4, d1: 2, d2: 2, d3: 1}
  op_it_space_splits={d0: 4, d1: 2, d2: 2, d3: 1}
  op_it_space_splits={d0: 4, d1: 2, d2: 2, d3: 1}
  op_it_space_splits={d0: 4, d1: 2, d2: 2, d3: 1}
  op_it_space_splits={d0: 4, d1: 2, d2: 2, d3: 1}
  op_it_space_splits={d0: 4, d1: 2, d2: 2, d3: 1}
IO -- device-layout I/O (cost model, stick-padded) --
IO   op bmm [reduction]
IO     output op0                    torch [4, 1024, 1024] -> device [1024, 16, 4, 64] in HBM = 4194304 elems x 2B = 8388608 B  (hbm counted: 8388608 B)
IO     input  arg0_1                 torch [4, 1024, 2048] -> device [1024, 32, 4, 64] in HBM = 8388608 elems x 2B = 16777216 B  (hbm counted: 16777216 B)
IO     input  arg1_1                 torch [4, 2048, 1024] -> device [2048, 16, 4, 64] in HBM = 8388608 elems x 2B = 16777216 B  (hbm counted: 16777216 B)
IO   => HBM I/O total = 41943040 B  (lx 0 B, ~free)
MODEL -- estimate (turnaround): T = compute + (R+W)/BW_PEAK + a*min(R,W) --
MODEL   R=33554432 B (read)   W=8388608 B (write)   loop_trip L=1
MODEL   compute = MACs/cores/(mac_peak*pt_eff) = 8589934592/16/(1140*1.000) = 470.94 us  (M/m=512, pt_eff=1.000)
MODEL   base = R/150+W/150 = 279.62 us
MODEL   turn = a*min(R,W) = 0.00574*8388608 = 48.15 us
MODEL   => T_model = 675.11 us
MODEL FEATS [{"name":"bmm","is_reduction":true,"out_elems":4194304,"cores":16,"dtype_bytes":2,"args":[{"name":"op0","role":"output","mem":"hbm","elems":4194304,"broadcast":false,"dims":[1024,16,4,64],"logical":[4,1024,1024],"loop_factor":1},{"name":"arg0_1","role":"input","mem":"hbm","elems":8388608,"broadcast":false,"dims":[1024,32,4,64],"logical":[4,1024,2048],"loop_factor":1},{"name":"arg1_1","role":"input","mem":"hbm","elems":8388608,"broadcast":false,"dims":[2048,16,4,64],"logical":[4,2048,1024],"loop_factor":1}],"reduction_cores":1,"loop_trip":1,"tiles_output_dim":false,"tile_rows_per_core":0.0,"is_matmul":true,"matmul_macs":8589934592,"matmul_rows_per_core":512.0,"matmul_cols_per_core":512.0,"matmul_a_bytes":4194304,"matmul_b_bytes":4194304,"matmul_m_split":2,"matmul_n_split":2,"hbm_pattern":""}]
SUMMARY op=bmm_wd rows=1024 cols=2048 cores=16 tiles=0 lx=1 io_hbm_bytes=41943040 kernel_us=7388.321 pred_us=675.115 err_pct=-90.9 bw_gbps=5.7 memset_us=246.853 other_dev_us=405.320 total_dev_us=8040.494
-- bmm_wd_3d2d B=4 M=1024 K=2048 N=1024 b=4 m=2 n=2 k=1 (cores=16 M/m=512 N/n=512)
  op_it_space_splits={d0: 4, d1: 2, d2: 2, d3: 1}
  op_it_space_splits={d0: 4, d1: 2, d2: 2, d3: 1}
  op_it_space_splits={d0: 4, d1: 2, d2: 2, d3: 1}
  op_it_space_splits={d0: 4, d1: 2, d2: 2, d3: 1}
  op_it_space_splits={d0: 4, d1: 2, d2: 2, d3: 1}
  op_it_space_splits={d0: 4, d1: 2, d2: 2, d3: 1}
IO -- device-layout I/O (cost model, stick-padded) --
IO   op bmm_default [reduction]
IO     output op0                    torch [4, 1024, 1024] -> device [1024, 16, 4, 64] in HBM = 4194304 elems x 2B = 8388608 B  (hbm counted: 8388608 B)
IO     input  arg0_1                 torch [4, 1024, 2048] -> device [1024, 32, 4, 64] in HBM = 8388608 elems x 2B = 16777216 B  (hbm counted: 16777216 B)
IO     input  arg1_1                 torch [2048, 1024] -> device [16, 2048, 64] in HBM = 2097152 elems x 2B = 4194304 B  (hbm counted: 4194304 B) broadcast (loaded once)
IO   => HBM I/O total = 29360128 B  (lx 0 B, ~free)
MODEL -- estimate (turnaround): T = compute + (R+W)/BW_PEAK + a*min(R,W) --
MODEL   R=20971520 B (read)   W=8388608 B (write)   loop_trip L=1
MODEL   compute = MACs/cores/(mac_peak*pt_eff) = 8589934592/16/(1140*1.000) = 470.94 us  (M/m=512, pt_eff=1.000)
MODEL   base = R/150+W/150 = 195.73 us
MODEL   turn = a*min(R,W) = 0.00574*8388608 = 48.15 us
MODEL   => T_model = 629.82 us
MODEL FEATS [{"name":"bmm_default","is_reduction":true,"out_elems":4194304,"cores":16,"dtype_bytes":2,"args":[{"name":"op0","role":"output","mem":"hbm","elems":4194304,"broadcast":false,"dims":[1024,16,4,64],"logical":[4,1024,1024],"loop_factor":1},{"name":"arg0_1","role":"input","mem":"hbm","elems":8388608,"broadcast":false,"dims":[1024,32,4,64],"logical":[4,1024,2048],"loop_factor":1},{"name":"arg1_1","role":"input","mem":"hbm","elems":2097152,"broadcast":true,"dims":[16,2048,64],"logical":[2048,1024],"loop_factor":1}],"reduction_cores":1,"loop_trip":1,"tiles_output_dim":false,"tile_rows_per_core":0.0,"is_matmul":true,"matmul_macs":8589934592,"matmul_rows_per_core":512.0,"matmul_cols_per_core":512.0,"matmul_a_bytes":4194304,"matmul_b_bytes":4194304,"matmul_m_split":2,"matmul_n_split":2,"hbm_pattern":""}]
SUMMARY op=bmm_wd_3d2d rows=1024 cols=2048 cores=16 tiles=0 lx=1 io_hbm_bytes=29360128 kernel_us=1882.129 pred_us=629.816 err_pct=-66.5 bw_gbps=15.6 memset_us=244.563 other_dev_us=419.123 total_dev_us=2545.815
-- bmm_wd B=8 M=1024 K=2048 N=1024 b=8 m=2 n=2 k=1 (cores=32 M/m=512 N/n=512)
  op_it_space_splits={d0: 8, d1: 2, d2: 2, d3: 1}
  op_it_space_splits={d0: 8, d1: 2, d2: 2, d3: 1}
  op_it_space_splits={d0: 8, d1: 2, d2: 2, d3: 1}
  op_it_space_splits={d0: 8, d1: 2, d2: 2, d3: 1}
  op_it_space_splits={d0: 8, d1: 2, d2: 2, d3: 1}
  op_it_space_splits={d0: 8, d1: 2, d2: 2, d3: 1}
IO -- device-layout I/O (cost model, stick-padded) --
IO   op bmm [reduction]
IO     output op0                    torch [8, 1024, 1024] -> device [1024, 16, 8, 64] in HBM = 8388608 elems x 2B = 16777216 B  (hbm counted: 16777216 B)
IO     input  arg0_1                 torch [8, 1024, 2048] -> device [1024, 32, 8, 64] in HBM = 16777216 elems x 2B = 33554432 B  (hbm counted: 33554432 B)
IO     input  arg1_1                 torch [8, 2048, 1024] -> device [2048, 16, 8, 64] in HBM = 16777216 elems x 2B = 33554432 B  (hbm counted: 33554432 B)
IO   => HBM I/O total = 83886080 B  (lx 0 B, ~free)
MODEL -- estimate (turnaround): T = compute + (R+W)/BW_PEAK + a*min(R,W) --
MODEL   R=67108864 B (read)   W=16777216 B (write)   loop_trip L=1
MODEL   compute = MACs/cores/(mac_peak*pt_eff) = 17179869184/32/(1140*1.000) = 470.94 us  (M/m=512, pt_eff=1.000)
MODEL   base = R/150+W/150 = 559.24 us
MODEL   turn = a*min(R,W) = 0.00574*16777216 = 96.30 us
MODEL   => T_model = 960.18 us
MODEL FEATS [{"name":"bmm","is_reduction":true,"out_elems":8388608,"cores":32,"dtype_bytes":2,"args":[{"name":"op0","role":"output","mem":"hbm","elems":8388608,"broadcast":false,"dims":[1024,16,8,64],"logical":[8,1024,1024],"loop_factor":1},{"name":"arg0_1","role":"input","mem":"hbm","elems":16777216,"broadcast":false,"dims":[1024,32,8,64],"logical":[8,1024,2048],"loop_factor":1},{"name":"arg1_1","role":"input","mem":"hbm","elems":16777216,"broadcast":false,"dims":[2048,16,8,64],"logical":[8,2048,1024],"loop_factor":1}],"reduction_cores":1,"loop_trip":1,"tiles_output_dim":false,"tile_rows_per_core":0.0,"is_matmul":true,"matmul_macs":17179869184,"matmul_rows_per_core":512.0,"matmul_cols_per_core":512.0,"matmul_a_bytes":4194304,"matmul_b_bytes":4194304,"matmul_m_split":2,"matmul_n_split":2,"hbm_pattern":""}]
SUMMARY op=bmm_wd rows=1024 cols=2048 cores=32 tiles=0 lx=1 io_hbm_bytes=83886080 kernel_us=11069.586 pred_us=960.181 err_pct=-91.3 bw_gbps=7.6 memset_us=311.879 other_dev_us=881.567 total_dev_us=12263.032
-- bmm_wd_3d2d B=8 M=1024 K=2048 N=1024 b=8 m=2 n=2 k=1 (cores=32 M/m=512 N/n=512)
  op_it_space_splits={d0: 8, d1: 2, d2: 2, d3: 1}
  op_it_space_splits={d0: 8, d1: 2, d2: 2, d3: 1}
  op_it_space_splits={d0: 8, d1: 2, d2: 2, d3: 1}
  op_it_space_splits={d0: 8, d1: 2, d2: 2, d3: 1}
  op_it_space_splits={d0: 8, d1: 2, d2: 2, d3: 1}
  op_it_space_splits={d0: 8, d1: 2, d2: 2, d3: 1}
IO -- device-layout I/O (cost model, stick-padded) --
IO   op bmm_default [reduction]
IO     output op0                    torch [8, 1024, 1024] -> device [1024, 16, 8, 64] in HBM = 8388608 elems x 2B = 16777216 B  (hbm counted: 16777216 B)
IO     input  arg0_1                 torch [8, 1024, 2048] -> device [1024, 32, 8, 64] in HBM = 16777216 elems x 2B = 33554432 B  (hbm counted: 33554432 B)
IO     input  arg1_1                 torch [2048, 1024] -> device [16, 2048, 64] in HBM = 2097152 elems x 2B = 4194304 B  (hbm counted: 4194304 B) broadcast (loaded once)
IO   => HBM I/O total = 54525952 B  (lx 0 B, ~free)
MODEL -- estimate (turnaround): T = compute + (R+W)/BW_PEAK + a*min(R,W) --
MODEL   R=37748736 B (read)   W=16777216 B (write)   loop_trip L=1
MODEL   compute = MACs/cores/(mac_peak*pt_eff) = 17179869184/32/(1140*1.000) = 470.94 us  (M/m=512, pt_eff=1.000)
MODEL   base = R/150+W/150 = 363.51 us
MODEL   turn = a*min(R,W) = 0.00574*16777216 = 96.30 us
MODEL   => T_model = 764.45 us
MODEL FEATS [{"name":"bmm_default","is_reduction":true,"out_elems":8388608,"cores":32,"dtype_bytes":2,"args":[{"name":"op0","role":"output","mem":"hbm","elems":8388608,"broadcast":false,"dims":[1024,16,8,64],"logical":[8,1024,1024],"loop_factor":1},{"name":"arg0_1","role":"input","mem":"hbm","elems":16777216,"broadcast":false,"dims":[1024,32,8,64],"logical":[8,1024,2048],"loop_factor":1},{"name":"arg1_1","role":"input","mem":"hbm","elems":2097152,"broadcast":true,"dims":[16,2048,64],"logical":[2048,1024],"loop_factor":1}],"reduction_cores":1,"loop_trip":1,"tiles_output_dim":false,"tile_rows_per_core":0.0,"is_matmul":true,"matmul_macs":17179869184,"matmul_rows_per_core":512.0,"matmul_cols_per_core":512.0,"matmul_a_bytes":4194304,"matmul_b_bytes":4194304,"matmul_m_split":2,"matmul_n_split":2,"hbm_pattern":""}]
SUMMARY op=bmm_wd_3d2d rows=1024 cols=2048 cores=32 tiles=0 lx=1 io_hbm_bytes=54525952 kernel_us=2669.340 pred_us=764.446 err_pct=-71.4 bw_gbps=20.4 memset_us=309.956 other_dev_us=736.226 total_dev_us=3715.522
## BMA bmm fixed B, per-batch split {2x2,4x1,1x4} (cores fixed)
-- bmm_wd B=4 M=1024 K=2048 N=1024 b=4 m=2 n=2 k=1 (cores=16 M/m=512 N/n=512)
  op_it_space_splits={d0: 4, d1: 2, d2: 2, d3: 1}
  op_it_space_splits={d0: 4, d1: 2, d2: 2, d3: 1}
  op_it_space_splits={d0: 4, d1: 2, d2: 2, d3: 1}
  op_it_space_splits={d0: 4, d1: 2, d2: 2, d3: 1}
  op_it_space_splits={d0: 4, d1: 2, d2: 2, d3: 1}
  op_it_space_splits={d0: 4, d1: 2, d2: 2, d3: 1}
IO -- device-layout I/O (cost model, stick-padded) --
IO   op bmm [reduction]
IO     output op0                    torch [4, 1024, 1024] -> device [1024, 16, 4, 64] in HBM = 4194304 elems x 2B = 8388608 B  (hbm counted: 8388608 B)
IO     input  arg0_1                 torch [4, 1024, 2048] -> device [1024, 32, 4, 64] in HBM = 8388608 elems x 2B = 16777216 B  (hbm counted: 16777216 B)
IO     input  arg1_1                 torch [4, 2048, 1024] -> device [2048, 16, 4, 64] in HBM = 8388608 elems x 2B = 16777216 B  (hbm counted: 16777216 B)
IO   => HBM I/O total = 41943040 B  (lx 0 B, ~free)
MODEL -- estimate (turnaround): T = compute + (R+W)/BW_PEAK + a*min(R,W) --
MODEL   R=33554432 B (read)   W=8388608 B (write)   loop_trip L=1
MODEL   compute = MACs/cores/(mac_peak*pt_eff) = 8589934592/16/(1140*1.000) = 470.94 us  (M/m=512, pt_eff=1.000)
MODEL   base = R/150+W/150 = 279.62 us
MODEL   turn = a*min(R,W) = 0.00574*8388608 = 48.15 us
MODEL   => T_model = 675.11 us
MODEL FEATS [{"name":"bmm","is_reduction":true,"out_elems":4194304,"cores":16,"dtype_bytes":2,"args":[{"name":"op0","role":"output","mem":"hbm","elems":4194304,"broadcast":false,"dims":[1024,16,4,64],"logical":[4,1024,1024],"loop_factor":1},{"name":"arg0_1","role":"input","mem":"hbm","elems":8388608,"broadcast":false,"dims":[1024,32,4,64],"logical":[4,1024,2048],"loop_factor":1},{"name":"arg1_1","role":"input","mem":"hbm","elems":8388608,"broadcast":false,"dims":[2048,16,4,64],"logical":[4,2048,1024],"loop_factor":1}],"reduction_cores":1,"loop_trip":1,"tiles_output_dim":false,"tile_rows_per_core":0.0,"is_matmul":true,"matmul_macs":8589934592,"matmul_rows_per_core":512.0,"matmul_cols_per_core":512.0,"matmul_a_bytes":4194304,"matmul_b_bytes":4194304,"matmul_m_split":2,"matmul_n_split":2,"hbm_pattern":""}]
SUMMARY op=bmm_wd rows=1024 cols=2048 cores=16 tiles=0 lx=1 io_hbm_bytes=41943040 kernel_us=7391.093 pred_us=675.115 err_pct=-90.9 bw_gbps=5.7 memset_us=231.701 other_dev_us=296.478 total_dev_us=7919.272
-- bmm_wd B=4 M=1024 K=2048 N=1024 b=4 m=4 n=1 k=1 (cores=16 M/m=256 N/n=1024)
  op_it_space_splits={d0: 4, d1: 4, d2: 1, d3: 1}
  op_it_space_splits={d0: 4, d1: 4, d2: 1, d3: 1}
  op_it_space_splits={d0: 4, d1: 4, d2: 1, d3: 1}
  op_it_space_splits={d0: 4, d1: 4, d2: 1, d3: 1}
  op_it_space_splits={d0: 4, d1: 4, d2: 1, d3: 1}
  op_it_space_splits={d0: 4, d1: 4, d2: 1, d3: 1}
IO -- device-layout I/O (cost model, stick-padded) --
IO   op bmm [reduction]
IO     output op0                    torch [4, 1024, 1024] -> device [1024, 16, 4, 64] in HBM = 4194304 elems x 2B = 8388608 B  (hbm counted: 8388608 B)
IO     input  arg0_1                 torch [4, 1024, 2048] -> device [1024, 32, 4, 64] in HBM = 8388608 elems x 2B = 16777216 B  (hbm counted: 16777216 B)
IO     input  arg1_1                 torch [4, 2048, 1024] -> device [2048, 16, 4, 64] in HBM = 8388608 elems x 2B = 16777216 B  (hbm counted: 16777216 B)
IO   => HBM I/O total = 41943040 B  (lx 0 B, ~free)
MODEL -- estimate (turnaround): T = compute + (R+W)/BW_PEAK + a*min(R,W) --
MODEL   R=33554432 B (read)   W=8388608 B (write)   loop_trip L=1
MODEL   compute = MACs/cores/(mac_peak*pt_eff) = 8589934592/16/(1140*1.000) = 470.94 us  (M/m=256, pt_eff=1.000)
MODEL   base = R/150+W/150 = 279.62 us
MODEL   turn = a*min(R,W) = 0.00574*8388608 = 48.15 us
MODEL   => T_model = 675.11 us
MODEL FEATS [{"name":"bmm","is_reduction":true,"out_elems":4194304,"cores":16,"dtype_bytes":2,"args":[{"name":"op0","role":"output","mem":"hbm","elems":4194304,"broadcast":false,"dims":[1024,16,4,64],"logical":[4,1024,1024],"loop_factor":1},{"name":"arg0_1","role":"input","mem":"hbm","elems":8388608,"broadcast":false,"dims":[1024,32,4,64],"logical":[4,1024,2048],"loop_factor":1},{"name":"arg1_1","role":"input","mem":"hbm","elems":8388608,"broadcast":false,"dims":[2048,16,4,64],"logical":[4,2048,1024],"loop_factor":1}],"reduction_cores":1,"loop_trip":1,"tiles_output_dim":false,"tile_rows_per_core":0.0,"is_matmul":true,"matmul_macs":8589934592,"matmul_rows_per_core":256.0,"matmul_cols_per_core":1024.0,"matmul_a_bytes":4194304,"matmul_b_bytes":4194304,"matmul_m_split":4,"matmul_n_split":1,"hbm_pattern":""}]
SUMMARY op=bmm_wd rows=1024 cols=2048 cores=16 tiles=0 lx=1 io_hbm_bytes=41943040 kernel_us=9960.574 pred_us=675.115 err_pct=-93.2 bw_gbps=4.2 memset_us=258.264 other_dev_us=432.610 total_dev_us=10651.448
-- bmm_wd B=4 M=1024 K=2048 N=1024 b=4 m=1 n=4 k=1 (cores=16 M/m=1024 N/n=256)
  op_it_space_splits={d0: 4, d1: 1, d2: 4, d3: 1}
  op_it_space_splits={d0: 4, d1: 1, d2: 4, d3: 1}
  op_it_space_splits={d0: 4, d1: 1, d2: 4, d3: 1}
  op_it_space_splits={d0: 4, d1: 1, d2: 4, d3: 1}
  op_it_space_splits={d0: 4, d1: 1, d2: 4, d3: 1}
  op_it_space_splits={d0: 4, d1: 1, d2: 4, d3: 1}
IO -- device-layout I/O (cost model, stick-padded) --
IO   op bmm [reduction]
IO     output op0                    torch [4, 1024, 1024] -> device [1024, 16, 4, 64] in HBM = 4194304 elems x 2B = 8388608 B  (hbm counted: 8388608 B)
IO     input  arg0_1                 torch [4, 1024, 2048] -> device [1024, 32, 4, 64] in HBM = 8388608 elems x 2B = 16777216 B  (hbm counted: 16777216 B)
IO     input  arg1_1                 torch [4, 2048, 1024] -> device [2048, 16, 4, 64] in HBM = 8388608 elems x 2B = 16777216 B  (hbm counted: 16777216 B)
IO   => HBM I/O total = 41943040 B  (lx 0 B, ~free)
MODEL -- estimate (turnaround): T = compute + (R+W)/BW_PEAK + a*min(R,W) --
MODEL   R=33554432 B (read)   W=8388608 B (write)   loop_trip L=1
MODEL   compute = MACs/cores/(mac_peak*pt_eff) = 8589934592/16/(1140*1.000) = 470.94 us  (M/m=1024, pt_eff=1.000)
MODEL   base = R/150+W/150 = 279.62 us
MODEL   turn = a*min(R,W) = 0.00574*8388608 = 48.15 us
MODEL   => T_model = 675.11 us
MODEL FEATS [{"name":"bmm","is_reduction":true,"out_elems":4194304,"cores":16,"dtype_bytes":2,"args":[{"name":"op0","role":"output","mem":"hbm","elems":4194304,"broadcast":false,"dims":[1024,16,4,64],"logical":[4,1024,1024],"loop_factor":1},{"name":"arg0_1","role":"input","mem":"hbm","elems":8388608,"broadcast":false,"dims":[1024,32,4,64],"logical":[4,1024,2048],"loop_factor":1},{"name":"arg1_1","role":"input","mem":"hbm","elems":8388608,"broadcast":false,"dims":[2048,16,4,64],"logical":[4,2048,1024],"loop_factor":1}],"reduction_cores":1,"loop_trip":1,"tiles_output_dim":false,"tile_rows_per_core":0.0,"is_matmul":true,"matmul_macs":8589934592,"matmul_rows_per_core":1024.0,"matmul_cols_per_core":256.0,"matmul_a_bytes":4194304,"matmul_b_bytes":4194304,"matmul_m_split":1,"matmul_n_split":4,"hbm_pattern":""}]
SUMMARY op=bmm_wd rows=1024 cols=2048 cores=16 tiles=0 lx=1 io_hbm_bytes=41943040 kernel_us=18190.652 pred_us=675.115 err_pct=-96.3 bw_gbps=2.3 memset_us=320.606 other_dev_us=291.921 total_dev_us=18803.179
-- bmm_wd B=8 M=1024 K=2048 N=1024 b=8 m=4 n=1 k=1 (cores=32 M/m=256 N/n=1024)
  op_it_space_splits={d0: 8, d1: 4, d2: 1, d3: 1}
  op_it_space_splits={d0: 8, d1: 4, d2: 1, d3: 1}
  op_it_space_splits={d0: 8, d1: 4, d2: 1, d3: 1}
  op_it_space_splits={d0: 8, d1: 4, d2: 1, d3: 1}
  op_it_space_splits={d0: 8, d1: 4, d2: 1, d3: 1}
  op_it_space_splits={d0: 8, d1: 4, d2: 1, d3: 1}
IO -- device-layout I/O (cost model, stick-padded) --
IO   op bmm [reduction]
IO     output op0                    torch [8, 1024, 1024] -> device [1024, 16, 8, 64] in HBM = 8388608 elems x 2B = 16777216 B  (hbm counted: 16777216 B)
IO     input  arg0_1                 torch [8, 1024, 2048] -> device [1024, 32, 8, 64] in HBM = 16777216 elems x 2B = 33554432 B  (hbm counted: 33554432 B)
IO     input  arg1_1                 torch [8, 2048, 1024] -> device [2048, 16, 8, 64] in HBM = 16777216 elems x 2B = 33554432 B  (hbm counted: 33554432 B)
IO   => HBM I/O total = 83886080 B  (lx 0 B, ~free)
MODEL -- estimate (turnaround): T = compute + (R+W)/BW_PEAK + a*min(R,W) --
MODEL   R=67108864 B (read)   W=16777216 B (write)   loop_trip L=1
MODEL   compute = MACs/cores/(mac_peak*pt_eff) = 17179869184/32/(1140*1.000) = 470.94 us  (M/m=256, pt_eff=1.000)
MODEL   base = R/150+W/150 = 559.24 us
MODEL   turn = a*min(R,W) = 0.00574*16777216 = 96.30 us
MODEL   => T_model = 960.18 us
MODEL FEATS [{"name":"bmm","is_reduction":true,"out_elems":8388608,"cores":32,"dtype_bytes":2,"args":[{"name":"op0","role":"output","mem":"hbm","elems":8388608,"broadcast":false,"dims":[1024,16,8,64],"logical":[8,1024,1024],"loop_factor":1},{"name":"arg0_1","role":"input","mem":"hbm","elems":16777216,"broadcast":false,"dims":[1024,32,8,64],"logical":[8,1024,2048],"loop_factor":1},{"name":"arg1_1","role":"input","mem":"hbm","elems":16777216,"broadcast":false,"dims":[2048,16,8,64],"logical":[8,2048,1024],"loop_factor":1}],"reduction_cores":1,"loop_trip":1,"tiles_output_dim":false,"tile_rows_per_core":0.0,"is_matmul":true,"matmul_macs":17179869184,"matmul_rows_per_core":256.0,"matmul_cols_per_core":1024.0,"matmul_a_bytes":4194304,"matmul_b_bytes":4194304,"matmul_m_split":4,"matmul_n_split":1,"hbm_pattern":""}]
SUMMARY op=bmm_wd rows=1024 cols=2048 cores=32 tiles=0 lx=1 io_hbm_bytes=83886080 kernel_us=10638.471 pred_us=960.181 err_pct=-91.0 bw_gbps=7.9 memset_us=297.204 other_dev_us=872.214 total_dev_us=11807.889
-- bmm_wd B=8 M=1024 K=2048 N=1024 b=8 m=1 n=4 k=1 (cores=32 M/m=1024 N/n=256)
  op_it_space_splits={d0: 8, d1: 1, d2: 4, d3: 1}
  op_it_space_splits={d0: 8, d1: 1, d2: 4, d3: 1}
  op_it_space_splits={d0: 8, d1: 1, d2: 4, d3: 1}
  op_it_space_splits={d0: 8, d1: 1, d2: 4, d3: 1}
  op_it_space_splits={d0: 8, d1: 1, d2: 4, d3: 1}
  op_it_space_splits={d0: 8, d1: 1, d2: 4, d3: 1}
IO -- device-layout I/O (cost model, stick-padded) --
IO   op bmm [reduction]
IO     output op0                    torch [8, 1024, 1024] -> device [1024, 16, 8, 64] in HBM = 8388608 elems x 2B = 16777216 B  (hbm counted: 16777216 B)
IO     input  arg0_1                 torch [8, 1024, 2048] -> device [1024, 32, 8, 64] in HBM = 16777216 elems x 2B = 33554432 B  (hbm counted: 33554432 B)
IO     input  arg1_1                 torch [8, 2048, 1024] -> device [2048, 16, 8, 64] in HBM = 16777216 elems x 2B = 33554432 B  (hbm counted: 33554432 B)
IO   => HBM I/O total = 83886080 B  (lx 0 B, ~free)
MODEL -- estimate (turnaround): T = compute + (R+W)/BW_PEAK + a*min(R,W) --
MODEL   R=67108864 B (read)   W=16777216 B (write)   loop_trip L=1
MODEL   compute = MACs/cores/(mac_peak*pt_eff) = 17179869184/32/(1140*1.000) = 470.94 us  (M/m=1024, pt_eff=1.000)
MODEL   base = R/150+W/150 = 559.24 us
MODEL   turn = a*min(R,W) = 0.00574*16777216 = 96.30 us
MODEL   => T_model = 960.18 us
MODEL FEATS [{"name":"bmm","is_reduction":true,"out_elems":8388608,"cores":32,"dtype_bytes":2,"args":[{"name":"op0","role":"output","mem":"hbm","elems":8388608,"broadcast":false,"dims":[1024,16,8,64],"logical":[8,1024,1024],"loop_factor":1},{"name":"arg0_1","role":"input","mem":"hbm","elems":16777216,"broadcast":false,"dims":[1024,32,8,64],"logical":[8,1024,2048],"loop_factor":1},{"name":"arg1_1","role":"input","mem":"hbm","elems":16777216,"broadcast":false,"dims":[2048,16,8,64],"logical":[8,2048,1024],"loop_factor":1}],"reduction_cores":1,"loop_trip":1,"tiles_output_dim":false,"tile_rows_per_core":0.0,"is_matmul":true,"matmul_macs":17179869184,"matmul_rows_per_core":1024.0,"matmul_cols_per_core":256.0,"matmul_a_bytes":4194304,"matmul_b_bytes":4194304,"matmul_m_split":1,"matmul_n_split":4,"hbm_pattern":""}]
SUMMARY op=bmm_wd rows=1024 cols=2048 cores=32 tiles=0 lx=1 io_hbm_bytes=83886080 kernel_us=18889.822 pred_us=960.181 err_pct=-94.9 bw_gbps=4.4 memset_us=347.054 other_dev_us=703.706 total_dev_us=19940.582
## REPEAT 3x the two anchors (16x2 slow, 4x8 fast) for noise
-- mmwd M=8192 K=2048 N=2048 split m=16 n=2 k=1 (cores=32 M/m=512 N/n=1024)
  op_it_space_splits={d0: 16, d1: 2, d2: 1}
  op_it_space_splits={d0: 16, d1: 2, d2: 1}
  op_it_space_splits={d0: 16, d1: 2, d2: 1}
  op_it_space_splits={d0: 16, d1: 2, d2: 1}
  op_it_space_splits={d0: 16, d1: 2, d2: 1}
  op_it_space_splits={d0: 16, d1: 2, d2: 1}
IO -- device-layout I/O (cost model, stick-padded) --
IO   op mm [reduction]
IO     output op0                    torch [8192, 2048] -> device [32, 8192, 64] in HBM = 16777216 elems x 2B = 33554432 B  (hbm counted: 33554432 B)
IO     input  arg0_1                 torch [8192, 2048] -> device [32, 8192, 64] in HBM = 16777216 elems x 2B = 33554432 B  (hbm counted: 33554432 B)
IO     input  arg1_1                 torch [2048, 2048] -> device [32, 2048, 64] in HBM = 4194304 elems x 2B = 8388608 B  (hbm counted: 8388608 B)
IO   => HBM I/O total = 75497472 B  (lx 0 B, ~free)
MODEL -- estimate (turnaround): T = compute + (R+W)/BW_PEAK + a*min(R,W) --
MODEL   R=41943040 B (read)   W=33554432 B (write)   loop_trip L=1
MODEL   compute = MACs/cores/(mac_peak*pt_eff) = 34359738368/32/(1140*1.000) = 941.88 us  (M/m=512, pt_eff=1.000)
MODEL   base = R/150+W/150 = 503.32 us
MODEL   turn = a*min(R,W) = 0.00574*33554432 = 192.60 us
MODEL   => T_model = 1582.02 us
MODEL FEATS [{"name":"mm","is_reduction":true,"out_elems":16777216,"cores":32,"dtype_bytes":2,"args":[{"name":"op0","role":"output","mem":"hbm","elems":16777216,"broadcast":false,"dims":[32,8192,64],"logical":[8192,2048],"loop_factor":1},{"name":"arg0_1","role":"input","mem":"hbm","elems":16777216,"broadcast":false,"dims":[32,8192,64],"logical":[8192,2048],"loop_factor":1},{"name":"arg1_1","role":"input","mem":"hbm","elems":4194304,"broadcast":false,"dims":[32,2048,64],"logical":[2048,2048],"loop_factor":1}],"reduction_cores":1,"loop_trip":1,"tiles_output_dim":false,"tile_rows_per_core":0.0,"is_matmul":true,"matmul_macs":34359738368,"matmul_rows_per_core":512.0,"matmul_cols_per_core":1024.0,"matmul_a_bytes":33554432,"matmul_b_bytes":8388608,"matmul_m_split":16,"matmul_n_split":2,"hbm_pattern":""}]
SUMMARY op=mmwd rows=8192 cols=2048 cores=32 tiles=0 lx=1 io_hbm_bytes=75497472 kernel_us=2667.018 pred_us=1582.021 err_pct=-40.7 bw_gbps=28.3 memset_us=514.671 other_dev_us=2269.986 total_dev_us=5451.675
-- mmwd M=8192 K=2048 N=2048 split m=16 n=2 k=1 (cores=32 M/m=512 N/n=1024)
  op_it_space_splits={d0: 16, d1: 2, d2: 1}
  op_it_space_splits={d0: 16, d1: 2, d2: 1}
  op_it_space_splits={d0: 16, d1: 2, d2: 1}
  op_it_space_splits={d0: 16, d1: 2, d2: 1}
  op_it_space_splits={d0: 16, d1: 2, d2: 1}
  op_it_space_splits={d0: 16, d1: 2, d2: 1}
IO -- device-layout I/O (cost model, stick-padded) --
IO   op mm [reduction]
IO     output op0                    torch [8192, 2048] -> device [32, 8192, 64] in HBM = 16777216 elems x 2B = 33554432 B  (hbm counted: 33554432 B)
IO     input  arg0_1                 torch [8192, 2048] -> device [32, 8192, 64] in HBM = 16777216 elems x 2B = 33554432 B  (hbm counted: 33554432 B)
IO     input  arg1_1                 torch [2048, 2048] -> device [32, 2048, 64] in HBM = 4194304 elems x 2B = 8388608 B  (hbm counted: 8388608 B)
IO   => HBM I/O total = 75497472 B  (lx 0 B, ~free)
MODEL -- estimate (turnaround): T = compute + (R+W)/BW_PEAK + a*min(R,W) --
MODEL   R=41943040 B (read)   W=33554432 B (write)   loop_trip L=1
MODEL   compute = MACs/cores/(mac_peak*pt_eff) = 34359738368/32/(1140*1.000) = 941.88 us  (M/m=512, pt_eff=1.000)
MODEL   base = R/150+W/150 = 503.32 us
MODEL   turn = a*min(R,W) = 0.00574*33554432 = 192.60 us
MODEL   => T_model = 1582.02 us
MODEL FEATS [{"name":"mm","is_reduction":true,"out_elems":16777216,"cores":32,"dtype_bytes":2,"args":[{"name":"op0","role":"output","mem":"hbm","elems":16777216,"broadcast":false,"dims":[32,8192,64],"logical":[8192,2048],"loop_factor":1},{"name":"arg0_1","role":"input","mem":"hbm","elems":16777216,"broadcast":false,"dims":[32,8192,64],"logical":[8192,2048],"loop_factor":1},{"name":"arg1_1","role":"input","mem":"hbm","elems":4194304,"broadcast":false,"dims":[32,2048,64],"logical":[2048,2048],"loop_factor":1}],"reduction_cores":1,"loop_trip":1,"tiles_output_dim":false,"tile_rows_per_core":0.0,"is_matmul":true,"matmul_macs":34359738368,"matmul_rows_per_core":512.0,"matmul_cols_per_core":1024.0,"matmul_a_bytes":33554432,"matmul_b_bytes":8388608,"matmul_m_split":16,"matmul_n_split":2,"hbm_pattern":""}]
SUMMARY op=mmwd rows=8192 cols=2048 cores=32 tiles=0 lx=1 io_hbm_bytes=75497472 kernel_us=2643.183 pred_us=1582.021 err_pct=-40.1 bw_gbps=28.6 memset_us=468.175 other_dev_us=2302.478 total_dev_us=5413.836
-- mmwd M=8192 K=2048 N=2048 split m=16 n=2 k=1 (cores=32 M/m=512 N/n=1024)
  op_it_space_splits={d0: 16, d1: 2, d2: 1}
  op_it_space_splits={d0: 16, d1: 2, d2: 1}
  op_it_space_splits={d0: 16, d1: 2, d2: 1}
  op_it_space_splits={d0: 16, d1: 2, d2: 1}
  op_it_space_splits={d0: 16, d1: 2, d2: 1}
  op_it_space_splits={d0: 16, d1: 2, d2: 1}
IO -- device-layout I/O (cost model, stick-padded) --
IO   op mm [reduction]
IO     output op0                    torch [8192, 2048] -> device [32, 8192, 64] in HBM = 16777216 elems x 2B = 33554432 B  (hbm counted: 33554432 B)
IO     input  arg0_1                 torch [8192, 2048] -> device [32, 8192, 64] in HBM = 16777216 elems x 2B = 33554432 B  (hbm counted: 33554432 B)
IO     input  arg1_1                 torch [2048, 2048] -> device [32, 2048, 64] in HBM = 4194304 elems x 2B = 8388608 B  (hbm counted: 8388608 B)
IO   => HBM I/O total = 75497472 B  (lx 0 B, ~free)
MODEL -- estimate (turnaround): T = compute + (R+W)/BW_PEAK + a*min(R,W) --
MODEL   R=41943040 B (read)   W=33554432 B (write)   loop_trip L=1
MODEL   compute = MACs/cores/(mac_peak*pt_eff) = 34359738368/32/(1140*1.000) = 941.88 us  (M/m=512, pt_eff=1.000)
MODEL   base = R/150+W/150 = 503.32 us
MODEL   turn = a*min(R,W) = 0.00574*33554432 = 192.60 us
MODEL   => T_model = 1582.02 us
MODEL FEATS [{"name":"mm","is_reduction":true,"out_elems":16777216,"cores":32,"dtype_bytes":2,"args":[{"name":"op0","role":"output","mem":"hbm","elems":16777216,"broadcast":false,"dims":[32,8192,64],"logical":[8192,2048],"loop_factor":1},{"name":"arg0_1","role":"input","mem":"hbm","elems":16777216,"broadcast":false,"dims":[32,8192,64],"logical":[8192,2048],"loop_factor":1},{"name":"arg1_1","role":"input","mem":"hbm","elems":4194304,"broadcast":false,"dims":[32,2048,64],"logical":[2048,2048],"loop_factor":1}],"reduction_cores":1,"loop_trip":1,"tiles_output_dim":false,"tile_rows_per_core":0.0,"is_matmul":true,"matmul_macs":34359738368,"matmul_rows_per_core":512.0,"matmul_cols_per_core":1024.0,"matmul_a_bytes":33554432,"matmul_b_bytes":8388608,"matmul_m_split":16,"matmul_n_split":2,"hbm_pattern":""}]
SUMMARY op=mmwd rows=8192 cols=2048 cores=32 tiles=0 lx=1 io_hbm_bytes=75497472 kernel_us=2585.532 pred_us=1582.021 err_pct=-38.8 bw_gbps=29.2 memset_us=497.738 other_dev_us=2316.389 total_dev_us=5399.659
-- mmwd M=8192 K=2048 N=2048 split m=4 n=8 k=1 (cores=32 M/m=2048 N/n=256)
  op_it_space_splits={d0: 4, d1: 8, d2: 1}
  op_it_space_splits={d0: 4, d1: 8, d2: 1}
  op_it_space_splits={d0: 4, d1: 8, d2: 1}
  op_it_space_splits={d0: 4, d1: 8, d2: 1}
  op_it_space_splits={d0: 4, d1: 8, d2: 1}
  op_it_space_splits={d0: 4, d1: 8, d2: 1}
IO -- device-layout I/O (cost model, stick-padded) --
IO   op mm [reduction]
IO     output op0                    torch [8192, 2048] -> device [32, 8192, 64] in HBM = 16777216 elems x 2B = 33554432 B  (hbm counted: 33554432 B)
IO     input  arg0_1                 torch [8192, 2048] -> device [32, 8192, 64] in HBM = 16777216 elems x 2B = 33554432 B  (hbm counted: 33554432 B)
IO     input  arg1_1                 torch [2048, 2048] -> device [32, 2048, 64] in HBM = 4194304 elems x 2B = 8388608 B  (hbm counted: 8388608 B)
IO   => HBM I/O total = 75497472 B  (lx 0 B, ~free)
MODEL -- estimate (turnaround): T = compute + (R+W)/BW_PEAK + a*min(R,W) --
MODEL   R=41943040 B (read)   W=33554432 B (write)   loop_trip L=1
MODEL   compute = MACs/cores/(mac_peak*pt_eff) = 34359738368/32/(1140*1.000) = 941.88 us  (M/m=2048, pt_eff=1.000)
MODEL   base = R/150+W/150 = 503.32 us
MODEL   turn = a*min(R,W) = 0.00574*33554432 = 192.60 us
MODEL   => T_model = 1582.02 us
MODEL FEATS [{"name":"mm","is_reduction":true,"out_elems":16777216,"cores":32,"dtype_bytes":2,"args":[{"name":"op0","role":"output","mem":"hbm","elems":16777216,"broadcast":false,"dims":[32,8192,64],"logical":[8192,2048],"loop_factor":1},{"name":"arg0_1","role":"input","mem":"hbm","elems":16777216,"broadcast":false,"dims":[32,8192,64],"logical":[8192,2048],"loop_factor":1},{"name":"arg1_1","role":"input","mem":"hbm","elems":4194304,"broadcast":false,"dims":[32,2048,64],"logical":[2048,2048],"loop_factor":1}],"reduction_cores":1,"loop_trip":1,"tiles_output_dim":false,"tile_rows_per_core":0.0,"is_matmul":true,"matmul_macs":34359738368,"matmul_rows_per_core":2048.0,"matmul_cols_per_core":256.0,"matmul_a_bytes":33554432,"matmul_b_bytes":8388608,"matmul_m_split":4,"matmul_n_split":8,"hbm_pattern":""}]
SUMMARY op=mmwd rows=8192 cols=2048 cores=32 tiles=0 lx=1 io_hbm_bytes=75497472 kernel_us=1582.503 pred_us=1582.021 err_pct=-0.0 bw_gbps=47.7 memset_us=445.091 other_dev_us=2475.022 total_dev_us=4502.616
-- mmwd M=8192 K=2048 N=2048 split m=4 n=8 k=1 (cores=32 M/m=2048 N/n=256)
  op_it_space_splits={d0: 4, d1: 8, d2: 1}
  op_it_space_splits={d0: 4, d1: 8, d2: 1}
  op_it_space_splits={d0: 4, d1: 8, d2: 1}
  op_it_space_splits={d0: 4, d1: 8, d2: 1}
  op_it_space_splits={d0: 4, d1: 8, d2: 1}
  op_it_space_splits={d0: 4, d1: 8, d2: 1}
IO -- device-layout I/O (cost model, stick-padded) --
IO   op mm [reduction]
IO     output op0                    torch [8192, 2048] -> device [32, 8192, 64] in HBM = 16777216 elems x 2B = 33554432 B  (hbm counted: 33554432 B)
IO     input  arg0_1                 torch [8192, 2048] -> device [32, 8192, 64] in HBM = 16777216 elems x 2B = 33554432 B  (hbm counted: 33554432 B)
IO     input  arg1_1                 torch [2048, 2048] -> device [32, 2048, 64] in HBM = 4194304 elems x 2B = 8388608 B  (hbm counted: 8388608 B)
IO   => HBM I/O total = 75497472 B  (lx 0 B, ~free)
MODEL -- estimate (turnaround): T = compute + (R+W)/BW_PEAK + a*min(R,W) --
MODEL   R=41943040 B (read)   W=33554432 B (write)   loop_trip L=1
MODEL   compute = MACs/cores/(mac_peak*pt_eff) = 34359738368/32/(1140*1.000) = 941.88 us  (M/m=2048, pt_eff=1.000)
MODEL   base = R/150+W/150 = 503.32 us
MODEL   turn = a*min(R,W) = 0.00574*33554432 = 192.60 us
MODEL   => T_model = 1582.02 us
MODEL FEATS [{"name":"mm","is_reduction":true,"out_elems":16777216,"cores":32,"dtype_bytes":2,"args":[{"name":"op0","role":"output","mem":"hbm","elems":16777216,"broadcast":false,"dims":[32,8192,64],"logical":[8192,2048],"loop_factor":1},{"name":"arg0_1","role":"input","mem":"hbm","elems":16777216,"broadcast":false,"dims":[32,8192,64],"logical":[8192,2048],"loop_factor":1},{"name":"arg1_1","role":"input","mem":"hbm","elems":4194304,"broadcast":false,"dims":[32,2048,64],"logical":[2048,2048],"loop_factor":1}],"reduction_cores":1,"loop_trip":1,"tiles_output_dim":false,"tile_rows_per_core":0.0,"is_matmul":true,"matmul_macs":34359738368,"matmul_rows_per_core":2048.0,"matmul_cols_per_core":256.0,"matmul_a_bytes":33554432,"matmul_b_bytes":8388608,"matmul_m_split":4,"matmul_n_split":8,"hbm_pattern":""}]
SUMMARY op=mmwd rows=8192 cols=2048 cores=32 tiles=0 lx=1 io_hbm_bytes=75497472 kernel_us=1597.224 pred_us=1582.021 err_pct=-1.0 bw_gbps=47.3 memset_us=420.780 other_dev_us=2228.727 total_dev_us=4246.731
-- mmwd M=8192 K=2048 N=2048 split m=4 n=8 k=1 (cores=32 M/m=2048 N/n=256)
  op_it_space_splits={d0: 4, d1: 8, d2: 1}
  op_it_space_splits={d0: 4, d1: 8, d2: 1}
  op_it_space_splits={d0: 4, d1: 8, d2: 1}
  op_it_space_splits={d0: 4, d1: 8, d2: 1}
  op_it_space_splits={d0: 4, d1: 8, d2: 1}
  op_it_space_splits={d0: 4, d1: 8, d2: 1}
IO -- device-layout I/O (cost model, stick-padded) --
IO   op mm [reduction]
IO     output op0                    torch [8192, 2048] -> device [32, 8192, 64] in HBM = 16777216 elems x 2B = 33554432 B  (hbm counted: 33554432 B)
IO     input  arg0_1                 torch [8192, 2048] -> device [32, 8192, 64] in HBM = 16777216 elems x 2B = 33554432 B  (hbm counted: 33554432 B)
IO     input  arg1_1                 torch [2048, 2048] -> device [32, 2048, 64] in HBM = 4194304 elems x 2B = 8388608 B  (hbm counted: 8388608 B)
IO   => HBM I/O total = 75497472 B  (lx 0 B, ~free)
MODEL -- estimate (turnaround): T = compute + (R+W)/BW_PEAK + a*min(R,W) --
MODEL   R=41943040 B (read)   W=33554432 B (write)   loop_trip L=1
MODEL   compute = MACs/cores/(mac_peak*pt_eff) = 34359738368/32/(1140*1.000) = 941.88 us  (M/m=2048, pt_eff=1.000)
MODEL   base = R/150+W/150 = 503.32 us
MODEL   turn = a*min(R,W) = 0.00574*33554432 = 192.60 us
MODEL   => T_model = 1582.02 us
MODEL FEATS [{"name":"mm","is_reduction":true,"out_elems":16777216,"cores":32,"dtype_bytes":2,"args":[{"name":"op0","role":"output","mem":"hbm","elems":16777216,"broadcast":false,"dims":[32,8192,64],"logical":[8192,2048],"loop_factor":1},{"name":"arg0_1","role":"input","mem":"hbm","elems":16777216,"broadcast":false,"dims":[32,8192,64],"logical":[8192,2048],"loop_factor":1},{"name":"arg1_1","role":"input","mem":"hbm","elems":4194304,"broadcast":false,"dims":[32,2048,64],"logical":[2048,2048],"loop_factor":1}],"reduction_cores":1,"loop_trip":1,"tiles_output_dim":false,"tile_rows_per_core":0.0,"is_matmul":true,"matmul_macs":34359738368,"matmul_rows_per_core":2048.0,"matmul_cols_per_core":256.0,"matmul_a_bytes":33554432,"matmul_b_bytes":8388608,"matmul_m_split":4,"matmul_n_split":8,"hbm_pattern":""}]
SUMMARY op=mmwd rows=8192 cols=2048 cores=32 tiles=0 lx=1 io_hbm_bytes=75497472 kernel_us=1595.862 pred_us=1582.021 err_pct=-0.9 bw_gbps=47.3 memset_us=529.910 other_dev_us=2084.969 total_dev_us=4210.741
## KCTL WD_K=2 controls (labeled; excluded from the split-shape fit)
-- mmwd M=2048 K=2048 N=2048 split m=2 n=2 k=2 (cores=8 M/m=1024 N/n=1024)
  op_it_space_splits={d0: 2, d1: 2, d2: 2}
  op_it_space_splits={d0: 2, d1: 2, d2: 2}
  op_it_space_splits={d0: 2, d1: 2, d2: 2}
  op_it_space_splits={d0: 2, d1: 2, d2: 2}
  op_it_space_splits={d0: 2, d1: 2, d2: 2}
  op_it_space_splits={d0: 2, d1: 2, d2: 2}
IO -- device-layout I/O (cost model, stick-padded) --
IO   op mm [reduction]
IO     output op0                    torch [2048, 2048] -> device [32, 2048, 64] in HBM = 4194304 elems x 2B = 8388608 B  (hbm counted: 8388608 B)
IO     input  arg0_1                 torch [2048, 2048] -> device [32, 2048, 64] in HBM = 4194304 elems x 2B = 8388608 B  (hbm counted: 8388608 B)
IO     input  arg1_1                 torch [2048, 2048] -> device [32, 2048, 64] in HBM = 4194304 elems x 2B = 8388608 B  (hbm counted: 8388608 B)
IO   => HBM I/O total = 25165824 B  (lx 0 B, ~free)
MODEL -- estimate (turnaround): T = compute + (R+W)/BW_PEAK + a*min(R,W) --
MODEL   R=16777216 B (read)   W=8388608 B (write)   loop_trip L=1
MODEL   compute = MACs/cores/(mac_peak*pt_eff) = 8589934592/8/(1140*1.000) = 941.88 us  (M/m=1024, pt_eff=1.000)
MODEL   base = R/150+W/150 = 167.77 us
MODEL   turn = a*min(R,W) = 0.00574*8388608 = 48.15 us
MODEL   => T_model = 1149.07 us
MODEL FEATS [{"name":"mm","is_reduction":true,"out_elems":4194304,"cores":8,"dtype_bytes":2,"args":[{"name":"op0","role":"output","mem":"hbm","elems":4194304,"broadcast":false,"dims":[32,2048,64],"logical":[2048,2048],"loop_factor":1},{"name":"arg0_1","role":"input","mem":"hbm","elems":4194304,"broadcast":false,"dims":[32,2048,64],"logical":[2048,2048],"loop_factor":1},{"name":"arg1_1","role":"input","mem":"hbm","elems":4194304,"broadcast":false,"dims":[32,2048,64],"logical":[2048,2048],"loop_factor":1}],"reduction_cores":2,"loop_trip":1,"tiles_output_dim":false,"tile_rows_per_core":0.0,"is_matmul":true,"matmul_macs":8589934592,"matmul_rows_per_core":1024.0,"matmul_cols_per_core":1024.0,"matmul_a_bytes":8388608,"matmul_b_bytes":8388608,"matmul_m_split":2,"matmul_n_split":2,"hbm_pattern":""}]
SUMMARY op=mmwd rows=2048 cols=2048 cores=8 tiles=0 lx=1 io_hbm_bytes=25165824 kernel_us=2069.138 pred_us=1149.074 err_pct=-44.5 bw_gbps=12.2 memset_us=210.210 other_dev_us=375.851 total_dev_us=2655.199
-- mmwd M=2048 K=2048 N=2048 split m=4 n=2 k=2 (cores=16 M/m=512 N/n=1024)
  op_it_space_splits={d0: 4, d1: 2, d2: 2}
  op_it_space_splits={d0: 4, d1: 2, d2: 2}
  op_it_space_splits={d0: 4, d1: 2, d2: 2}
  op_it_space_splits={d0: 4, d1: 2, d2: 2}
  op_it_space_splits={d0: 4, d1: 2, d2: 2}
  op_it_space_splits={d0: 4, d1: 2, d2: 2}
IO -- device-layout I/O (cost model, stick-padded) --
IO   op mm [reduction]
IO     output op0                    torch [2048, 2048] -> device [32, 2048, 64] in HBM = 4194304 elems x 2B = 8388608 B  (hbm counted: 8388608 B)
IO     input  arg0_1                 torch [2048, 2048] -> device [32, 2048, 64] in HBM = 4194304 elems x 2B = 8388608 B  (hbm counted: 8388608 B)
IO     input  arg1_1                 torch [2048, 2048] -> device [32, 2048, 64] in HBM = 4194304 elems x 2B = 8388608 B  (hbm counted: 8388608 B)
IO   => HBM I/O total = 25165824 B  (lx 0 B, ~free)
MODEL -- estimate (turnaround): T = compute + (R+W)/BW_PEAK + a*min(R,W) --
MODEL   R=16777216 B (read)   W=8388608 B (write)   loop_trip L=1
MODEL   compute = MACs/cores/(mac_peak*pt_eff) = 8589934592/16/(1140*1.000) = 470.94 us  (M/m=512, pt_eff=1.000)
MODEL   base = R/150+W/150 = 167.77 us
MODEL   turn = a*min(R,W) = 0.00574*8388608 = 48.15 us
MODEL   => T_model = 669.07 us
MODEL FEATS [{"name":"mm","is_reduction":true,"out_elems":4194304,"cores":16,"dtype_bytes":2,"args":[{"name":"op0","role":"output","mem":"hbm","elems":4194304,"broadcast":false,"dims":[32,2048,64],"logical":[2048,2048],"loop_factor":1},{"name":"arg0_1","role":"input","mem":"hbm","elems":4194304,"broadcast":false,"dims":[32,2048,64],"logical":[2048,2048],"loop_factor":1},{"name":"arg1_1","role":"input","mem":"hbm","elems":4194304,"broadcast":false,"dims":[32,2048,64],"logical":[2048,2048],"loop_factor":1}],"reduction_cores":2,"loop_trip":1,"tiles_output_dim":false,"tile_rows_per_core":0.0,"is_matmul":true,"matmul_macs":8589934592,"matmul_rows_per_core":512.0,"matmul_cols_per_core":1024.0,"matmul_a_bytes":8388608,"matmul_b_bytes":8388608,"matmul_m_split":4,"matmul_n_split":2,"hbm_pattern":""}]
SUMMARY op=mmwd rows=2048 cols=2048 cores=16 tiles=0 lx=1 io_hbm_bytes=25165824 kernel_us=1060.442 pred_us=669.075 err_pct=-36.9 bw_gbps=23.7 memset_us=229.694 other_dev_us=456.254 total_dev_us=1746.390
-- mmwd M=2048 K=2048 N=2048 split m=2 n=4 k=2 (cores=16 M/m=1024 N/n=512)
  op_it_space_splits={d0: 2, d1: 4, d2: 2}
  op_it_space_splits={d0: 2, d1: 4, d2: 2}
  op_it_space_splits={d0: 2, d1: 4, d2: 2}
  op_it_space_splits={d0: 2, d1: 4, d2: 2}
  op_it_space_splits={d0: 2, d1: 4, d2: 2}
  op_it_space_splits={d0: 2, d1: 4, d2: 2}
IO -- device-layout I/O (cost model, stick-padded) --
IO   op mm [reduction]
IO     output op0                    torch [2048, 2048] -> device [32, 2048, 64] in HBM = 4194304 elems x 2B = 8388608 B  (hbm counted: 8388608 B)
IO     input  arg0_1                 torch [2048, 2048] -> device [32, 2048, 64] in HBM = 4194304 elems x 2B = 8388608 B  (hbm counted: 8388608 B)
IO     input  arg1_1                 torch [2048, 2048] -> device [32, 2048, 64] in HBM = 4194304 elems x 2B = 8388608 B  (hbm counted: 8388608 B)
IO   => HBM I/O total = 25165824 B  (lx 0 B, ~free)
MODEL -- estimate (turnaround): T = compute + (R+W)/BW_PEAK + a*min(R,W) --
MODEL   R=16777216 B (read)   W=8388608 B (write)   loop_trip L=1
MODEL   compute = MACs/cores/(mac_peak*pt_eff) = 8589934592/16/(1140*1.000) = 470.94 us  (M/m=1024, pt_eff=1.000)
MODEL   base = R/150+W/150 = 167.77 us
MODEL   turn = a*min(R,W) = 0.00574*8388608 = 48.15 us
MODEL   => T_model = 669.07 us
MODEL FEATS [{"name":"mm","is_reduction":true,"out_elems":4194304,"cores":16,"dtype_bytes":2,"args":[{"name":"op0","role":"output","mem":"hbm","elems":4194304,"broadcast":false,"dims":[32,2048,64],"logical":[2048,2048],"loop_factor":1},{"name":"arg0_1","role":"input","mem":"hbm","elems":4194304,"broadcast":false,"dims":[32,2048,64],"logical":[2048,2048],"loop_factor":1},{"name":"arg1_1","role":"input","mem":"hbm","elems":4194304,"broadcast":false,"dims":[32,2048,64],"logical":[2048,2048],"loop_factor":1}],"reduction_cores":2,"loop_trip":1,"tiles_output_dim":false,"tile_rows_per_core":0.0,"is_matmul":true,"matmul_macs":8589934592,"matmul_rows_per_core":1024.0,"matmul_cols_per_core":512.0,"matmul_a_bytes":8388608,"matmul_b_bytes":8388608,"matmul_m_split":2,"matmul_n_split":4,"hbm_pattern":""}]
SUMMARY op=mmwd rows=2048 cols=2048 cores=16 tiles=0 lx=1 io_hbm_bytes=25165824 kernel_us=1093.106 pred_us=669.075 err_pct=-38.8 bw_gbps=23.0 memset_us=210.136 other_dev_us=450.938 total_dev_us=1754.180
-- mmwd M=2048 K=2048 N=2048 split m=4 n=4 k=2 (cores=32 M/m=512 N/n=512)
  op_it_space_splits={d0: 4, d1: 4, d2: 2}
  op_it_space_splits={d0: 4, d1: 4, d2: 2}
  op_it_space_splits={d0: 4, d1: 4, d2: 2}
  op_it_space_splits={d0: 4, d1: 4, d2: 2}
  op_it_space_splits={d0: 4, d1: 4, d2: 2}
  op_it_space_splits={d0: 4, d1: 4, d2: 2}
IO -- device-layout I/O (cost model, stick-padded) --
IO   op mm [reduction]
IO     output op0                    torch [2048, 2048] -> device [32, 2048, 64] in HBM = 4194304 elems x 2B = 8388608 B  (hbm counted: 8388608 B)
IO     input  arg0_1                 torch [2048, 2048] -> device [32, 2048, 64] in HBM = 4194304 elems x 2B = 8388608 B  (hbm counted: 8388608 B)
IO     input  arg1_1                 torch [2048, 2048] -> device [32, 2048, 64] in HBM = 4194304 elems x 2B = 8388608 B  (hbm counted: 8388608 B)
IO   => HBM I/O total = 25165824 B  (lx 0 B, ~free)
MODEL -- estimate (turnaround): T = compute + (R+W)/BW_PEAK + a*min(R,W) --
MODEL   R=16777216 B (read)   W=8388608 B (write)   loop_trip L=1
MODEL   compute = MACs/cores/(mac_peak*pt_eff) = 8589934592/32/(1140*1.000) = 235.47 us  (M/m=512, pt_eff=1.000)
MODEL   base = R/150+W/150 = 167.77 us
MODEL   turn = a*min(R,W) = 0.00574*8388608 = 48.15 us
MODEL   => T_model = 443.74 us
MODEL FEATS [{"name":"mm","is_reduction":true,"out_elems":4194304,"cores":32,"dtype_bytes":2,"args":[{"name":"op0","role":"output","mem":"hbm","elems":4194304,"broadcast":false,"dims":[32,2048,64],"logical":[2048,2048],"loop_factor":1},{"name":"arg0_1","role":"input","mem":"hbm","elems":4194304,"broadcast":false,"dims":[32,2048,64],"logical":[2048,2048],"loop_factor":1},{"name":"arg1_1","role":"input","mem":"hbm","elems":4194304,"broadcast":false,"dims":[32,2048,64],"logical":[2048,2048],"loop_factor":1}],"reduction_cores":2,"loop_trip":1,"tiles_output_dim":false,"tile_rows_per_core":0.0,"is_matmul":true,"matmul_macs":8589934592,"matmul_rows_per_core":512.0,"matmul_cols_per_core":512.0,"matmul_a_bytes":8388608,"matmul_b_bytes":8388608,"matmul_m_split":4,"matmul_n_split":4,"hbm_pattern":""}]
SUMMARY op=mmwd rows=2048 cols=2048 cores=32 tiles=0 lx=1 io_hbm_bytes=25165824 kernel_us=568.792 pred_us=443.740 err_pct=-22.0 bw_gbps=44.2 memset_us=164.147 other_dev_us=535.059 total_dev_us=1267.998
==== DONE -> forward haoyang_logs/split_shape_20260717_014945.log ====
