id,log_file,model_sha,log_date,is_current,section,op,M,K,N,rows,cols,tiles,lx,rows_per_core,cores,macs,kernel_us,kernel_us_min,kernel_us_median,kernel_us_std,kernel_us_cv,reps,pred_us,err_pct,bw_gbps,memset_us,other_dev_us,total_dev_us,io_hbm_bytes,layout_a,layout_b,h_tiles,q_tiles,k_tiles,loop_trips,wd,failed,split_forced,split_actual,compute_us,base_us,turn_us,eff_underfill,pt_eff,loop_us,T_model_us
cost_model_sweep_20260807_020123.log:51,cost_model_sweep_20260807_020123.log,b8805a0,20260807_020123,True,,add,,,,2048,1024,0,0,,32,,107.862,107.355,107.862,1.521,1.4,7,107.961,0.1,116.7,67.192,386.062,561.116,12582912,,,,,,,,False,,,,83.89,24.08,,,,107.96
cost_model_sweep_20260807_020123.log:149,cost_model_sweep_20260807_020123.log,b8805a0,20260807_020123,True,,add,,,,2048,1024,0,1,,32,,109.66,107.625,109.66,1.162,1.06,7,107.961,-1.5,114.7,69.402,391.916,570.978,12582912,,,,,,,,False,,,,83.89,24.08,,,,107.96
cost_model_sweep_20260807_020123.log:246,cost_model_sweep_20260807_020123.log,b8805a0,20260807_020123,True,,add,,,,8192,1024,0,0,,32,,458.219,453.462,458.219,1.868,0.41,7,431.846,-5.8,109.8,81.138,2214.92,2754.277,50331648,,,,,,,,False,,,,335.54,96.3,,,,431.85
cost_model_sweep_20260807_020123.log:344,cost_model_sweep_20260807_020123.log,b8805a0,20260807_020123,True,,add,,,,128,16384,0,1,,32,,108.178,106.837,108.178,1.113,1.03,7,107.961,-0.2,116.3,64.141,399.244,571.563,12582912,,,,,,,,False,,,,83.89,24.08,,,,107.96
cost_model_sweep_20260807_020123.log:441,cost_model_sweep_20260807_020123.log,b8805a0,20260807_020123,True,,add,,,,2048,16384,0,0,,32,,1758.992,1750.664,1758.992,7.319,0.42,7,1727.382,-1.8,114.5,574.978,29762.376,32096.346,201326592,,,,,,,,False,,,,1342.18,385.2,,,,1727.38
cost_model_sweep_20260807_020123.log:539,cost_model_sweep_20260807_020123.log,b8805a0,20260807_020123,True,,add,,,,2048,16384,0,1,,32,,1753.142,1748.912,1753.142,2.713,0.15,6,1727.382,-1.5,114.8,618.787,29514.394,31886.323,201326592,,,,,,,,False,,,,1342.18,385.2,,,,1727.38
cost_model_sweep_20260807_020123.log:637,cost_model_sweep_20260807_020123.log,b8805a0,20260807_020123,True,,add,,,,256,16384,0,1,,32,,284.282,277.131,284.282,3.744,1.32,7,215.923,-24.0,88.5,91.199,853.085,1228.566,25165824,,,,,,,,False,,,,167.77,48.15,,,,215.92
cost_model_sweep_20260807_020123.log:735,cost_model_sweep_20260807_020123.log,b8805a0,20260807_020123,True,,add,,,,512,16384,0,0,,32,,461.307,440.815,461.307,7.497,1.64,7,431.846,-6.4,109.1,137.838,2155.855,2755.0,50331648,,,,,,,,False,,,,335.54,96.3,,,,431.85
cost_model_sweep_20260807_020123.log:832,cost_model_sweep_20260807_020123.log,b8805a0,20260807_020123,True,,add,,,,64,16384,0,1,,32,,52.996,52.116,52.996,0.754,1.42,7,53.981,1.9,118.7,70.55,431.58,555.126,6291456,,,,,,,,False,,,,41.94,12.04,,,,53.98
cost_model_sweep_20260807_020123.log:930,cost_model_sweep_20260807_020123.log,b8805a0,20260807_020123,True,,add,,,,2048,2048,0,1,,32,,219.062,216.737,219.062,1.122,0.51,7,215.923,-1.4,114.9,53.466,861.467,1133.995,25165824,,,,,,,,False,,,,167.77,48.15,,,,215.92
cost_model_sweep_20260807_020123.log:1028,cost_model_sweep_20260807_020123.log,b8805a0,20260807_020123,True,,add,,,,2048,2048,0,0,,32,,219.077,218.0,219.077,1.405,0.64,7,215.923,-1.4,114.9,106.328,853.4,1178.805,25165824,,,,,,,,False,,,,167.77,48.15,,,,215.92
cost_model_sweep_20260807_020123.log:1125,cost_model_sweep_20260807_020123.log,b8805a0,20260807_020123,True,,add,,,,8192,2048,0,0,,32,,913.765,909.158,913.765,2.555,0.28,7,863.691,-5.5,110.2,158.543,8589.481,9661.789,100663296,,,,,,,,False,,,,671.09,192.6,,,,863.69
cost_model_sweep_20260807_020123.log:1223,cost_model_sweep_20260807_020123.log,b8805a0,20260807_020123,True,,add,,,,2048,4096,0,0,,32,,439.586,436.733,439.586,1.317,0.3,7,431.846,-1.8,114.5,141.563,2278.658,2859.807,50331648,,,,,,,,False,,,,335.54,96.3,,,,431.85
cost_model_sweep_20260807_020123.log:1321,cost_model_sweep_20260807_020123.log,b8805a0,20260807_020123,True,,add,,,,2048,4096,0,1,,32,,440.839,437.67,440.839,1.431,0.33,7,431.846,-2.0,114.2,120.45,2235.399,2796.688,50331648,,,,,,,,False,,,,335.54,96.3,,,,431.85
cost_model_sweep_20260807_020123.log:1418,cost_model_sweep_20260807_020123.log,b8805a0,20260807_020123,True,,add,,,,4096,4096,1,1,,1,,1498.853,1488.623,1498.853,6.186,0.41,7,863.691,-42.4,67.2,125.924,8594.289,10219.066,100663296,,,,,,,,False,,,,671.09,192.6,,,,863.69
cost_model_sweep_20260807_020123.log:1515,cost_model_sweep_20260807_020123.log,b8805a0,20260807_020123,True,,add,,,,4096,4096,1,1,,16,,932.428,930.992,932.428,1.371,0.15,7,863.691,-7.4,108.0,125.806,8546.708,9604.942,100663296,,,,,,,,False,,,,671.09,192.6,,,,863.69
cost_model_sweep_20260807_020123.log:1612,cost_model_sweep_20260807_020123.log,b8805a0,20260807_020123,True,,add,,,,4096,4096,1,1,,2,,1018.37,1015.151,1018.37,3.057,0.3,7,863.691,-15.2,98.8,127.699,8583.825,9729.894,100663296,,,,,,,,False,,,,671.09,192.6,,,,863.69
cost_model_sweep_20260807_020123.log:1709,cost_model_sweep_20260807_020123.log,b8805a0,20260807_020123,True,,add,,,,4096,4096,1,1,,32,,875.927,870.142,875.927,3.252,0.37,7,863.691,-1.4,114.9,125.557,8588.057,9589.541,100663296,,,,,,,,False,,,,671.09,192.6,,,,863.69
cost_model_sweep_20260807_020123.log:1806,cost_model_sweep_20260807_020123.log,b8805a0,20260807_020123,True,,add,,,,4096,4096,1,1,,4,,1045.824,1041.481,1045.824,2.106,0.2,7,863.691,-17.4,96.3,193.891,8509.694,9749.409,100663296,,,,,,,,False,,,,671.09,192.6,,,,863.69
cost_model_sweep_20260807_020123.log:1903,cost_model_sweep_20260807_020123.log,b8805a0,20260807_020123,True,,add,,,,4096,4096,1,1,,8,,968.048,962.049,968.048,9.688,1.0,7,863.691,-10.8,104.0,121.835,8546.308,9636.191,100663296,,,,,,,,False,,,,671.09,192.6,,,,863.69
cost_model_sweep_20260807_020123.log:2001,cost_model_sweep_20260807_020123.log,b8805a0,20260807_020123,True,,add,,,,512,4096,0,0,,32,,109.11,107.509,109.11,1.153,1.06,7,107.961,-1.1,115.3,88.397,389.882,587.389,12582912,,,,,,,,False,,,,83.89,24.08,,,,107.96
cost_model_sweep_20260807_020123.log:2098,cost_model_sweep_20260807_020123.log,b8805a0,20260807_020123,True,,add,,,,8192,4096,0,0,,32,,1837.389,1826.221,1837.389,8.321,0.45,7,1727.382,-6.0,109.6,637.536,29486.664,31961.589,201326592,,,,,,,,False,,,,1342.18,385.2,,,,1727.38
cost_model_sweep_20260807_020123.log:2195,cost_model_sweep_20260807_020123.log,b8805a0,20260807_020123,True,,add,,,,2048,8192,1,1,,1,,1465.38,1457.459,1465.38,4.718,0.32,7,863.691,-41.1,68.7,180.162,8456.25,10101.792,100663296,,,,,,,,False,,,,671.09,192.6,,,,863.69
cost_model_sweep_20260807_020123.log:2293,cost_model_sweep_20260807_020123.log,b8805a0,20260807_020123,True,,add,,,,2048,8192,1,1,,16,,1016.817,1015.652,1016.817,1.34,0.13,7,863.691,-15.1,99.0,127.128,8616.078,9760.023,100663296,,,,,,,,False,,,,671.09,192.6,,,,863.69
cost_model_sweep_20260807_020123.log:2390,cost_model_sweep_20260807_020123.log,b8805a0,20260807_020123,True,,add,,,,2048,8192,1,1,,2,,1044.975,1041.57,1044.975,3.961,0.38,7,863.691,-17.3,96.3,177.65,5109.742,6332.367,100663296,,,,,,,,False,,,,671.09,192.6,,,,863.69
cost_model_sweep_20260807_020123.log:2487,cost_model_sweep_20260807_020123.log,b8805a0,20260807_020123,True,,add,,,,2048,8192,1,1,,32,,876.721,874.874,876.721,1.305,0.15,7,863.691,-1.5,114.8,132.315,8546.285,9555.321,100663296,,,,,,,,False,,,,671.09,192.6,,,,863.69
cost_model_sweep_20260807_020123.log:2584,cost_model_sweep_20260807_020123.log,b8805a0,20260807_020123,True,,add,,,,2048,8192,1,1,,4,,1077.859,1074.099,1077.859,3.625,0.34,7,863.691,-19.9,93.4,186.126,8455.718,9719.703,100663296,,,,,,,,False,,,,671.09,192.6,,,,863.69
cost_model_sweep_20260807_020123.log:2681,cost_model_sweep_20260807_020123.log,b8805a0,20260807_020123,True,,add,,,,2048,8192,1,1,,8,,1055.094,1048.223,1055.094,4.808,0.46,7,863.691,-18.1,95.4,127.385,8609.667,9792.146,100663296,,,,,,,,False,,,,671.09,192.6,,,,863.69
cost_model_sweep_20260807_020123.log:2783,cost_model_sweep_20260807_020123.log,b8805a0,20260807_020123,True,,add3,,,,2048,1024,0,0,,32,,232.231,231.037,232.231,0.791,0.34,7,215.923,-7.0,108.4,93.171,372.409,697.811,25165824,,,,,,,,False,,,,167.77,48.15,,,,215.92
cost_model_sweep_20260807_020123.log:2890,cost_model_sweep_20260807_020123.log,b8805a0,20260807_020123,True,,add3,,,,2048,1024,0,1,,32,,141.139,137.072,141.139,2.387,1.7,7,135.923,-3.7,118.9,88.503,396.098,625.74,16777216,,,,,,,,False,,,,111.85,24.08,,,,135.92
cost_model_sweep_20260807_020123.log:2997,cost_model_sweep_20260807_020123.log,b8805a0,20260807_020123,True,,add3,,,,8192,1024,0,0,,32,,963.696,957.025,963.696,4.513,0.47,7,863.691,-10.4,104.5,140.377,2229.232,3333.305,100663296,,,,,,,,False,,,,671.09,192.6,,,,863.69
cost_model_sweep_20260807_020123.log:3103,cost_model_sweep_20260807_020123.log,b8805a0,20260807_020123,True,,add3,,,,2048,16384,0,0,,32,,3750.849,3726.998,3750.849,9.396,0.25,7,3454.764,-7.9,107.3,626.486,29770.767,34148.102,402653184,,,,,,,,False,,,,2684.35,770.41,,,,3454.76
cost_model_sweep_20260807_020123.log:3209,cost_model_sweep_20260807_020123.log,b8805a0,20260807_020123,True,,add3,,,,2048,16384,0,1,,32,,3739.344,3725.724,3739.344,8.108,0.22,7,3454.764,-7.6,107.7,616.331,29709.481,34065.156,402653184,,,,,,,,False,,,,2684.35,770.41,,,,3454.76
cost_model_sweep_20260807_020123.log:3315,cost_model_sweep_20260807_020123.log,b8805a0,20260807_020123,True,,add3,,,,512,16384,0,0,,32,,1103.616,1081.404,1103.616,15.233,1.38,7,863.691,-21.7,91.2,82.294,2233.737,3419.647,100663296,,,,,,,,False,,,,671.09,192.6,,,,863.69
cost_model_sweep_20260807_020123.log:3422,cost_model_sweep_20260807_020123.log,b8805a0,20260807_020123,True,,add3,,,,2048,4096,0,1,,32,,591.95,582.421,591.95,4.695,0.79,7,543.694,-8.2,113.4,128.844,2190.428,2911.222,67108864,,,,,,,,False,,,,447.39,96.3,,,,543.69
cost_model_sweep_20260807_020123.log:3529,cost_model_sweep_20260807_020123.log,b8805a0,20260807_020123,True,,add3,,,,2048,4096,0,0,,32,,936.094,934.997,936.094,2.381,0.25,7,863.691,-7.7,107.5,132.305,2203.156,3271.555,100663296,,,,,,,,False,,,,671.09,192.6,,,,863.69
cost_model_sweep_20260807_020123.log:3635,cost_model_sweep_20260807_020123.log,b8805a0,20260807_020123,True,,add3,,,,2048,4096,0,1,,32,,595.139,579.038,595.139,6.569,1.11,7,543.694,-8.6,112.8,83.672,2239.359,2918.17,67108864,,,,,,,,False,,,,447.39,96.3,,,,543.69
cost_model_sweep_20260807_020123.log:3742,cost_model_sweep_20260807_020123.log,b8805a0,20260807_020123,True,,add3,,,,2048,4096,0,1,,32,,589.367,577.512,589.367,7.142,1.21,7,543.694,-7.7,113.9,136.561,2177.407,2903.335,67108864,,,,,,,,False,,,,447.39,96.3,,,,543.69
cost_model_sweep_20260807_020123.log:3849,cost_model_sweep_20260807_020123.log,b8805a0,20260807_020123,True,,add3,,,,512,4096,0,0,,32,,260.212,253.514,260.212,4.819,1.85,7,215.923,-17.0,96.7,88.408,392.463,741.083,25165824,,,,,,,,False,,,,167.77,48.15,,,,215.92
cost_model_sweep_20260807_020123.log:3956,cost_model_sweep_20260807_020123.log,b8805a0,20260807_020123,True,,add3,,,,8192,4096,0,0,,32,,3864.934,3840.64,3864.934,12.221,0.32,7,3454.764,-10.6,104.2,619.251,29454.544,33938.729,402653184,,,,,,,,False,,,,2684.35,770.41,,,,3454.76
cost_model_sweep_20260807_020123.log:4059,cost_model_sweep_20260807_020123.log,b8805a0,20260807_020123,True,,add3_sep,,,,2048,1024,0,0,,32,,232.911,229.43,232.911,1.59,0.68,7,107.961,-53.6,54.0,98.475,403.851,735.237,12582912,,,,,,,,False,,,,83.89,24.08,,,,107.96
cost_model_sweep_20260807_020123.log:4157,cost_model_sweep_20260807_020123.log,b8805a0,20260807_020123,True,,add3_sep,,,,2048,1024,0,1,,32,,230.874,229.472,230.874,1.32,0.57,7,107.961,-53.2,54.5,102.716,407.169,740.759,12582912,,,,,,,,False,,,,83.89,24.08,,,,107.96
cost_model_sweep_20260807_020123.log:4255,cost_model_sweep_20260807_020123.log,b8805a0,20260807_020123,True,,add3_sep,,,,8192,1024,0,0,,32,,961.172,956.766,961.172,2.098,0.22,7,431.846,-55.1,52.4,147.864,2256.489,3365.525,50331648,,,,,,,,False,,,,335.54,96.3,,,,431.85
cost_model_sweep_20260807_020123.log:4353,cost_model_sweep_20260807_020123.log,b8805a0,20260807_020123,True,,add3_sep,,,,2048,16384,0,0,,32,,3746.481,3734.569,3746.481,8.225,0.22,7,1727.382,-53.9,53.7,628.485,29591.26,33966.226,201326592,,,,,,,,False,,,,1342.18,385.2,,,,1727.38
cost_model_sweep_20260807_020123.log:4451,cost_model_sweep_20260807_020123.log,b8805a0,20260807_020123,True,,add3_sep,,,,2048,16384,0,1,,32,,3737.974,3727.802,3737.974,13.438,0.36,7,1727.382,-53.8,53.9,641.599,29512.31,33891.883,201326592,,,,,,,,False,,,,1342.18,385.2,,,,1727.38
cost_model_sweep_20260807_020123.log:4549,cost_model_sweep_20260807_020123.log,b8805a0,20260807_020123,True,,add3_sep,,,,512,16384,0,0,,32,,1105.227,1075.908,1105.227,17.703,1.61,7,431.846,-60.9,45.5,147.225,2209.139,3461.591,50331648,,,,,,,,False,,,,335.54,96.3,,,,431.85
cost_model_sweep_20260807_020123.log:4647,cost_model_sweep_20260807_020123.log,b8805a0,20260807_020123,True,,add3_sep,,,,2048,4096,0,0,,32,,934.563,931.91,934.563,2.169,0.23,7,431.846,-53.8,53.9,157.907,2265.596,3358.066,50331648,,,,,,,,False,,,,335.54,96.3,,,,431.85
cost_model_sweep_20260807_020123.log:4745,cost_model_sweep_20260807_020123.log,b8805a0,20260807_020123,True,,add3_sep,,,,2048,4096,0,1,,32,,933.304,930.983,933.304,1.774,0.19,7,431.846,-53.7,53.9,88.486,2239.413,3261.203,50331648,,,,,,,,False,,,,335.54,96.3,,,,431.85
cost_model_sweep_20260807_020123.log:4843,cost_model_sweep_20260807_020123.log,b8805a0,20260807_020123,True,,add3_sep,,,,512,4096,0,0,,32,,260.581,251.445,260.581,5.886,2.25,7,107.961,-58.6,48.3,48.07,436.565,745.216,12582912,,,,,,,,False,,,,83.89,24.08,,,,107.96
cost_model_sweep_20260807_020123.log:4972,cost_model_sweep_20260807_020123.log,b8805a0,20260807_020123,True,,add4,,,,2048,1024,0,0,,32,,374.574,373.567,374.574,1.463,0.39,7,323.884,-13.5,100.8,90.683,373.415,838.672,37748736,,,,,,,,False,,,,251.66,72.23,,,,323.88
cost_model_sweep_20260807_020123.log:5088,cost_model_sweep_20260807_020123.log,b8805a0,20260807_020123,True,,add4,,,,2048,1024,0,1,,32,,171.883,168.354,171.883,2.846,1.65,7,163.885,-4.7,122.0,93.26,384.119,649.262,20971520,,,,,,,,False,,,,139.81,24.08,,,,163.89
cost_model_sweep_20260807_020123.log:5204,cost_model_sweep_20260807_020123.log,b8805a0,20260807_020123,True,,add4,,,,8192,1024,0,0,,32,,1533.056,1525.836,1533.056,4.737,0.31,7,1295.537,-15.5,98.5,128.164,2234.706,3895.926,150994944,,,,,,,,False,,,,1006.63,288.9,,,,1295.54
cost_model_sweep_20260807_020123.log:5320,cost_model_sweep_20260807_020123.log,b8805a0,20260807_020123,True,,add4,,,,2048,16384,0,0,,32,,6144.19,6094.954,6144.19,19.626,0.32,7,5182.146,-15.7,98.3,628.29,29540.614,36313.094,603979776,,,,,,,,False,,,,4026.53,1155.61,,,,5182.15
cost_model_sweep_20260807_020123.log:5435,cost_model_sweep_20260807_020123.log,b8805a0,20260807_020123,True,,add4,,,,2048,16384,0,1,,32,,6136.73,6098.425,6136.73,21.902,0.36,7,5182.146,-15.6,98.4,581.126,29651.399,36369.255,603979776,,,,,,,,False,,,,4026.53,1155.61,,,,5182.15
cost_model_sweep_20260807_020123.log:5551,cost_model_sweep_20260807_020123.log,b8805a0,20260807_020123,True,,add4,,,,512,16384,0,0,,32,,1849.294,1822.449,1849.294,18.44,1.0,7,1295.537,-29.9,81.7,142.151,2240.292,4231.737,150994944,,,,,,,,False,,,,1006.63,288.9,,,,1295.54
cost_model_sweep_20260807_020123.log:5666,cost_model_sweep_20260807_020123.log,b8805a0,20260807_020123,True,,add4,,,,2048,4096,0,1,,32,,718.1,696.84,718.1,8.413,1.18,7,655.542,-8.7,116.8,83.43,2237.445,3038.975,83886080,,,,,,,,False,,,,559.24,96.3,,,,655.54
cost_model_sweep_20260807_020123.log:5781,cost_model_sweep_20260807_020123.log,b8805a0,20260807_020123,True,,add4,,,,2048,4096,0,0,,32,,1521.063,1507.246,1521.063,6.752,0.44,7,1295.537,-14.8,99.3,133.802,2210.922,3865.787,150994944,,,,,,,,False,,,,1006.63,288.9,,,,1295.54
cost_model_sweep_20260807_020123.log:5897,cost_model_sweep_20260807_020123.log,b8805a0,20260807_020123,True,,add4,,,,2048,4096,0,1,,32,,717.485,701.798,717.485,9.518,1.32,7,655.542,-8.6,116.9,78.647,2232.718,3028.85,83886080,,,,,,,,False,,,,559.24,96.3,,,,655.54
cost_model_sweep_20260807_020123.log:6013,cost_model_sweep_20260807_020123.log,b8805a0,20260807_020123,True,,add4,,,,2048,4096,0,1,,32,,715.406,704.651,715.406,6.254,0.88,7,655.542,-8.4,117.3,144.092,2229.112,3088.61,83886080,,,,,,,,False,,,,559.24,96.3,,,,655.54
cost_model_sweep_20260807_020123.log:6129,cost_model_sweep_20260807_020123.log,b8805a0,20260807_020123,True,,add4,,,,512,4096,0,0,,32,,463.472,444.788,463.472,11.98,2.6,7,323.884,-30.1,81.4,87.519,393.212,944.203,37748736,,,,,,,,False,,,,251.66,72.23,,,,323.88
cost_model_sweep_20260807_020123.log:6245,cost_model_sweep_20260807_020123.log,b8805a0,20260807_020123,True,,add4,,,,8192,4096,0,0,,32,,6158.976,6105.721,6158.976,21.827,0.36,7,5182.146,-15.9,98.1,560.215,29610.693,36329.884,603979776,,,,,,,,False,,,,4026.53,1155.61,,,,5182.15
cost_model_sweep_20260807_020123.log:6353,cost_model_sweep_20260807_020123.log,b8805a0,20260807_020123,True,,add4_sep,,,,2048,1024,0,0,,32,,344.595,342.863,344.595,0.941,0.27,7,107.961,-68.7,36.5,115.369,417.713,877.677,12582912,,,,,,,,False,,,,83.89,24.08,,,,107.96
cost_model_sweep_20260807_020123.log:6451,cost_model_sweep_20260807_020123.log,b8805a0,20260807_020123,True,,add4_sep,,,,2048,1024,0,1,,32,,344.871,343.064,344.871,0.945,0.27,7,107.961,-68.7,36.5,106.258,405.783,856.912,12582912,,,,,,,,False,,,,83.89,24.08,,,,107.96
cost_model_sweep_20260807_020123.log:6549,cost_model_sweep_20260807_020123.log,b8805a0,20260807_020123,True,,add4_sep,,,,8192,1024,0,0,,32,,1419.4,1414.974,1419.4,3.677,0.26,7,431.846,-69.6,35.5,91.76,2253.227,3764.387,50331648,,,,,,,,False,,,,335.54,96.3,,,,431.85
cost_model_sweep_20260807_020123.log:6647,cost_model_sweep_20260807_020123.log,b8805a0,20260807_020123,True,,add4_sep,,,,2048,16384,0,0,,32,,5552.033,5538.578,5552.033,6.562,0.12,7,1727.382,-68.9,36.3,580.752,29742.377,35875.162,201326592,,,,,,,,False,,,,1342.18,385.2,,,,1727.38
cost_model_sweep_20260807_020123.log:6745,cost_model_sweep_20260807_020123.log,b8805a0,20260807_020123,True,,add4_sep,,,,2048,16384,0,1,,32,,5569.739,3820.917,5569.739,613.38,11.52,7,1727.382,-69.0,36.1,642.08,29592.349,35804.168,201326592,,,,,,,,False,,,,1342.18,385.2,,,,1727.38
cost_model_sweep_20260807_020123.log:6844,cost_model_sweep_20260807_020123.log,b8805a0,20260807_020123,True,,add4_sep,,,,512,16384,0,0,,32,,1551.406,1509.383,1551.406,21.151,1.37,7,431.846,-72.2,32.4,153.658,2264.498,3969.562,50331648,,,,,,,,False,,,,335.54,96.3,,,,431.85
cost_model_sweep_20260807_020123.log:6942,cost_model_sweep_20260807_020123.log,b8805a0,20260807_020123,True,,add4_sep,,,,2048,4096,0,0,,32,,1384.36,1380.859,1384.36,2.349,0.17,7,431.846,-68.8,36.4,148.507,2207.163,3740.03,50331648,,,,,,,,False,,,,335.54,96.3,,,,431.85
cost_model_sweep_20260807_020123.log:7040,cost_model_sweep_20260807_020123.log,b8805a0,20260807_020123,True,,add4_sep,,,,2048,4096,0,1,,32,,1382.506,1378.766,1382.506,3.073,0.22,7,431.846,-68.8,36.4,158.18,2277.345,3818.031,50331648,,,,,,,,False,,,,335.54,96.3,,,,431.85
cost_model_sweep_20260807_020123.log:7138,cost_model_sweep_20260807_020123.log,b8805a0,20260807_020123,True,,add4_sep,,,,512,4096,0,0,,32,,370.831,358.078,370.831,5.608,1.52,7,107.961,-70.9,33.9,120.57,415.036,906.437,12582912,,,,,,,,False,,,,83.89,24.08,,,,107.96
cost_model_sweep_20260807_020123.log:7236,cost_model_sweep_20260807_020123.log,b8805a0,20260807_020123,True,,add4_sep,,,,8192,4096,0,0,,32,,5724.136,5706.084,5724.136,11.858,0.21,7,1727.382,-69.8,35.2,586.742,29715.97,36026.848,201326592,,,,,,,,False,,,,1342.18,385.2,,,,1727.38
cost_model_sweep_20260807_020123.log:7346,cost_model_sweep_20260807_020123.log,b8805a0,20260807_020123,True,,add5,,,,2048,1024,0,0,,32,,501.52,499.5,501.52,1.285,0.26,7,431.846,-13.9,100.4,89.142,395.382,986.044,50331648,,,,,,,,False,,,,335.54,96.3,,,,431.85
cost_model_sweep_20260807_020123.log:7470,cost_model_sweep_20260807_020123.log,b8805a0,20260807_020123,True,,add5,,,,2048,1024,0,1,,32,,193.751,190.04,193.751,3.166,1.62,7,191.847,-1.0,129.9,40.971,425.258,659.98,25165824,,,,,,,,False,,,,167.77,24.08,,,,191.85
cost_model_sweep_20260807_020123.log:7595,cost_model_sweep_20260807_020123.log,b8805a0,20260807_020123,True,,add5,,,,8192,1024,0,0,,32,,2055.832,2050.883,2055.832,2.752,0.13,7,1727.382,-16.0,97.9,141.765,2233.903,4431.5,201326592,,,,,,,,False,,,,1342.18,385.2,,,,1727.38
cost_model_sweep_20260807_020123.log:7719,cost_model_sweep_20260807_020123.log,b8805a0,20260807_020123,True,,add5,,,,2048,16384,0,0,,32,,8195.572,8152.447,8195.572,29.371,0.36,7,6909.529,-15.7,98.3,639.203,29437.553,38272.328,805306368,,,,,,,,False,,,,5368.71,1540.82,,,,6909.53
cost_model_sweep_20260807_020123.log:7844,cost_model_sweep_20260807_020123.log,b8805a0,20260807_020123,True,,add5,,,,2048,16384,0,1,,32,,8216.839,8114.584,8216.839,44.43,0.54,7,6909.529,-15.9,98.0,907.184,27684.778,36808.801,805306368,,,,,,,,False,,,,5368.71,1540.82,,,,6909.53
cost_model_sweep_20260807_020123.log:7968,cost_model_sweep_20260807_020123.log,b8805a0,20260807_020123,True,,add5,,,,512,16384,0,0,,32,,2163.051,2140.852,2163.051,26.21,1.21,7,1727.382,-20.1,93.1,78.019,2243.182,4484.252,201326592,,,,,,,,False,,,,1342.18,385.2,,,,1727.38
cost_model_sweep_20260807_020123.log:8092,cost_model_sweep_20260807_020123.log,b8805a0,20260807_020123,True,,add5,,,,2048,4096,0,0,,32,,2028.789,2019.675,2028.789,5.074,0.25,7,1727.382,-14.9,99.2,81.861,2254.319,4364.969,201326592,,,,,,,,False,,,,1342.18,385.2,,,,1727.38
cost_model_sweep_20260807_020123.log:8217,cost_model_sweep_20260807_020123.log,b8805a0,20260807_020123,True,,add5,,,,2048,4096,0,1,,32,,812.131,800.636,812.131,6.899,0.85,7,767.39,-5.5,123.9,134.986,2236.951,3184.068,100663296,,,,,,,,False,,,,671.09,96.3,,,,767.39
cost_model_sweep_20260807_020123.log:8342,cost_model_sweep_20260807_020123.log,b8805a0,20260807_020123,True,,add5,,,,512,4096,0,0,,32,,607.68,595.804,607.68,7.796,1.28,7,431.846,-28.9,82.8,91.743,395.232,1094.655,50331648,,,,,,,,False,,,,335.54,96.3,,,,431.85
cost_model_sweep_20260807_020123.log:8466,cost_model_sweep_20260807_020123.log,b8805a0,20260807_020123,True,,add5,,,,8192,4096,0,0,,32,,8223.117,8189.919,8223.117,24.068,0.29,7,6909.529,-16.0,97.9,623.864,29506.348,38353.329,805306368,,,,,,,,False,,,,5368.71,1540.82,,,,6909.53
cost_model_sweep_20260807_020123.log:8579,cost_model_sweep_20260807_020123.log,b8805a0,20260807_020123,True,,add5_sep,,,,2048,1024,0,0,,32,,504.285,502.669,504.285,1.07,0.21,7,107.961,-78.6,25.0,108.66,420.575,1033.52,12582912,,,,,,,,False,,,,83.89,24.08,,,,107.96
cost_model_sweep_20260807_020123.log:8677,cost_model_sweep_20260807_020123.log,b8805a0,20260807_020123,True,,add5_sep,,,,8192,1024,0,0,,32,,2049.183,2038.858,2049.183,11.416,0.56,7,431.846,-78.9,24.6,156.88,2286.21,4492.273,50331648,,,,,,,,False,,,,335.54,96.3,,,,431.85
cost_model_sweep_20260807_020123.log:8775,cost_model_sweep_20260807_020123.log,b8805a0,20260807_020123,True,,add5_sep,,,,2048,16384,0,0,,32,,8170.387,8122.655,8170.387,21.601,0.26,7,1727.382,-78.9,24.6,595.014,29421.277,38186.678,201326592,,,,,,,,False,,,,1342.18,385.2,,,,1727.38
cost_model_sweep_20260807_020123.log:8873,cost_model_sweep_20260807_020123.log,b8805a0,20260807_020123,True,,add5_sep,,,,512,16384,0,0,,32,,2382.784,2318.526,2382.784,35.921,1.51,7,431.846,-81.9,21.1,161.966,2291.884,4836.634,50331648,,,,,,,,False,,,,335.54,96.3,,,,431.85
cost_model_sweep_20260807_020123.log:8971,cost_model_sweep_20260807_020123.log,b8805a0,20260807_020123,True,,add5_sep,,,,2048,4096,0,0,,32,,2033.251,2028.797,2033.251,5.396,0.27,7,431.846,-78.8,24.8,165.308,2262.166,4460.725,50331648,,,,,,,,False,,,,335.54,96.3,,,,431.85
cost_model_sweep_20260807_020123.log:9069,cost_model_sweep_20260807_020123.log,b8805a0,20260807_020123,True,,add5_sep,,,,512,4096,0,0,,32,,601.743,591.292,601.743,9.568,1.59,7,107.961,-82.1,20.9,115.414,421.972,1139.129,12582912,,,,,,,,False,,,,83.89,24.08,,,,107.96
cost_model_sweep_20260807_020123.log:9167,cost_model_sweep_20260807_020123.log,b8805a0,20260807_020123,True,,add5_sep,,,,8192,4096,0,0,,32,,8208.225,8185.61,8208.225,20.524,0.25,7,1727.382,-79.0,24.5,651.536,29234.851,38094.612,201326592,,,,,,,,False,,,,1342.18,385.2,,,,1727.38
cost_model_sweep_20260807_020123.log:9281,cost_model_sweep_20260807_020123.log,b8805a0,20260807_020123,True,,add6,,,,2048,1024,0,0,,32,,624.673,621.175,624.673,2.824,0.45,7,539.807,-13.6,100.7,91.73,378.305,1094.708,62914560,,,,,,,,False,,,,419.43,120.38,,,,539.81
cost_model_sweep_20260807_020123.log:9415,cost_model_sweep_20260807_020123.log,b8805a0,20260807_020123,True,,add6,,,,2048,1024,0,1,,32,,235.225,233.048,235.225,2.44,1.03,7,219.809,-6.6,124.8,88.582,388.406,712.213,29360128,,,,,,,,False,,,,195.73,24.08,,,,219.81
cost_model_sweep_20260807_020123.log:9549,cost_model_sweep_20260807_020123.log,b8805a0,20260807_020123,True,,add6,,,,8192,1024,0,0,,32,,2563.122,2556.97,2563.122,4.788,0.19,7,2159.228,-15.8,98.2,134.504,2179.471,4877.097,251658240,,,,,,,,False,,,,1677.72,481.51,,,,2159.23
cost_model_sweep_20260807_020123.log:9682,cost_model_sweep_20260807_020123.log,b8805a0,20260807_020123,True,,add6,,,,2048,16384,0,0,,32,,10162.737,10142.534,10162.737,26.731,0.26,7,8636.911,-15.0,99.1,604.759,29507.386,40274.882,1006632960,,,,,,,,False,,,,6710.89,1926.02,,,,8636.91
cost_model_sweep_20260807_020123.log:9816,cost_model_sweep_20260807_020123.log,b8805a0,20260807_020123,True,,add6,,,,2048,16384,0,1,,32,,10175.266,10087.32,10175.266,40.085,0.39,7,8636.911,-15.1,98.9,583.942,29597.888,40357.096,1006632960,,,,,,,,False,,,,6710.89,1926.02,,,,8636.91
cost_model_sweep_20260807_020123.log:9950,cost_model_sweep_20260807_020123.log,b8805a0,20260807_020123,True,,add6,,,,512,16384,0,0,,32,,2862.267,2803.015,2862.267,45.262,1.58,7,2159.228,-24.6,87.9,133.514,2191.085,5186.866,251658240,,,,,,,,False,,,,1677.72,481.51,,,,2159.23
cost_model_sweep_20260807_020123.log:10083,cost_model_sweep_20260807_020123.log,b8805a0,20260807_020123,True,,add6,,,,2048,4096,0,0,,32,,2530.12,2510.802,2530.12,7.955,0.31,7,2159.228,-14.7,99.5,184.592,2298.337,5013.049,251658240,,,,,,,,False,,,,1677.72,481.51,,,,2159.23
cost_model_sweep_20260807_020123.log:10216,cost_model_sweep_20260807_020123.log,b8805a0,20260807_020123,True,,add6,,,,2048,4096,0,1,,32,,970.027,962.524,970.027,5.422,0.56,7,879.238,-9.4,121.1,80.293,2238.0,3288.32,117440512,,,,,,,,False,,,,782.94,96.3,,,,879.24
cost_model_sweep_20260807_020123.log:10350,cost_model_sweep_20260807_020123.log,b8805a0,20260807_020123,True,,add6,,,,512,4096,0,0,,32,,746.385,736.796,746.385,10.896,1.46,7,539.807,-27.7,84.3,84.575,379.203,1210.163,62914560,,,,,,,,False,,,,419.43,120.38,,,,539.81
cost_model_sweep_20260807_020123.log:10483,cost_model_sweep_20260807_020123.log,b8805a0,20260807_020123,True,,add6,,,,8192,4096,0,0,,32,,10187.091,10130.84,10187.091,26.845,0.26,7,8636.911,-15.2,98.8,566.072,29635.626,40388.789,1006632960,,,,,,,,False,,,,6710.89,1926.02,,,,8636.91
cost_model_sweep_20260807_020123.log:10601,cost_model_sweep_20260807_020123.log,b8805a0,20260807_020123,True,,add6_sep,,,,2048,1024,0,0,,32,,626.692,623.427,626.692,1.383,0.22,7,107.961,-82.8,20.1,126.604,416.654,1169.95,12582912,,,,,,,,False,,,,83.89,24.08,,,,107.96
cost_model_sweep_20260807_020123.log:10699,cost_model_sweep_20260807_020123.log,b8805a0,20260807_020123,True,,add6_sep,,,,8192,1024,0,0,,32,,2559.101,2553.689,2559.101,2.43,0.09,7,431.846,-83.1,19.7,162.693,2287.112,5008.906,50331648,,,,,,,,False,,,,335.54,96.3,,,,431.85
cost_model_sweep_20260807_020123.log:10797,cost_model_sweep_20260807_020123.log,b8805a0,20260807_020123,True,,add6_sep,,,,2048,16384,0,0,,32,,10217.545,10152.512,10217.545,31.889,0.31,7,1727.382,-83.1,19.7,661.49,29351.101,40230.136,201326592,,,,,,,,False,,,,1342.18,385.2,,,,1727.38
cost_model_sweep_20260807_020123.log:10895,cost_model_sweep_20260807_020123.log,b8805a0,20260807_020123,True,,add6_sep,,,,512,16384,0,0,,32,,2720.206,2698.798,2720.206,13.016,0.48,7,431.846,-84.1,18.5,107.668,2286.795,5114.669,50331648,,,,,,,,False,,,,335.54,96.3,,,,431.85
cost_model_sweep_20260807_020123.log:10993,cost_model_sweep_20260807_020123.log,b8805a0,20260807_020123,True,,add6_sep,,,,2048,4096,0,0,,32,,2537.812,2525.568,2537.812,7.949,0.31,7,431.846,-83.0,19.8,108.385,2277.581,4923.778,50331648,,,,,,,,False,,,,335.54,96.3,,,,431.85
cost_model_sweep_20260807_020123.log:11091,cost_model_sweep_20260807_020123.log,b8805a0,20260807_020123,True,,add6_sep,,,,512,4096,0,0,,32,,715.789,693.226,715.789,10.651,1.49,7,107.961,-84.9,17.6,114.472,438.935,1269.196,12582912,,,,,,,,False,,,,83.89,24.08,,,,107.96
cost_model_sweep_20260807_020123.log:11189,cost_model_sweep_20260807_020123.log,b8805a0,20260807_020123,True,,add6_sep,,,,8192,4096,0,0,,32,,10209.595,10169.342,10209.595,25.661,0.25,7,1727.382,-83.1,19.7,602.336,29285.068,40096.999,201326592,,,,,,,,False,,,,1342.18,385.2,,,,1727.38
cost_model_sweep_20260807_020123.log:11291,cost_model_sweep_20260807_020123.log,b8805a0,20260807_020123,True,,add_indep2,,,,2048,1024,0,0,,32,,217.583,214.851,217.583,1.087,0.5,7,215.923,-0.8,115.7,167.663,705.528,1090.774,25165824,,,,,,,,False,,,,167.77,48.15,,,,215.92
cost_model_sweep_20260807_020123.log:11398,cost_model_sweep_20260807_020123.log,b8805a0,20260807_020123,True,,add_indep2,,,,2048,1024,0,0,,32,,216.707,213.919,216.707,1.31,0.61,7,215.923,-0.4,116.1,71.387,751.181,1039.275,25165824,,,,,,,,False,,,,167.77,48.15,,,,215.92
cost_model_sweep_20260807_020123.log:11505,cost_model_sweep_20260807_020123.log,b8805a0,20260807_020123,True,,add_indep2,,,,2048,1024,0,1,,32,,217.162,215.525,217.162,0.82,0.38,7,215.923,-0.6,115.9,140.05,766.033,1123.245,25165824,,,,,,,,False,,,,167.77,48.15,,,,215.92
cost_model_sweep_20260807_020123.log:11612,cost_model_sweep_20260807_020123.log,b8805a0,20260807_020123,True,,add_indep2,,,,2048,1024,0,1,,32,,217.043,215.967,217.043,1.106,0.51,7,215.923,-0.5,115.9,147.773,700.158,1064.974,25165824,,,,,,,,False,,,,167.77,48.15,,,,215.92
cost_model_sweep_20260807_020123.log:11718,cost_model_sweep_20260807_020123.log,b8805a0,20260807_020123,True,,add_indep2,,,,2048,16384,0,0,,32,,3510.35,3494.427,3510.35,10.616,0.3,7,3454.764,-1.6,114.7,1220.402,59121.816,63852.568,402653184,,,,,,,,False,,,,2684.35,770.41,,,,3454.76
cost_model_sweep_20260807_020123.log:11824,cost_model_sweep_20260807_020123.log,b8805a0,20260807_020123,True,,add_indep2,,,,2048,16384,0,0,,32,,3490.967,3482.74,3490.967,7.631,0.22,7,3454.764,-1.0,115.3,1228.669,59224.503,63944.139,402653184,,,,,,,,False,,,,2684.35,770.41,,,,3454.76
cost_model_sweep_20260807_020123.log:11930,cost_model_sweep_20260807_020123.log,b8805a0,20260807_020123,True,,add_indep2,,,,2048,16384,0,1,,32,,3499.153,3482.847,3499.153,10.0,0.29,7,3454.764,-1.3,115.1,1135.443,59402.592,64037.188,402653184,,,,,,,,False,,,,2684.35,770.41,,,,3454.76
cost_model_sweep_20260807_020123.log:12036,cost_model_sweep_20260807_020123.log,b8805a0,20260807_020123,True,,add_indep2,,,,2048,16384,0,1,,32,,3506.262,3499.358,3506.262,6.665,0.19,7,3454.764,-1.5,114.8,1249.661,59228.905,63984.828,402653184,,,,,,,,False,,,,2684.35,770.41,,,,3454.76
cost_model_sweep_20260807_020123.log:12143,cost_model_sweep_20260807_020123.log,b8805a0,20260807_020123,True,,add_indep2,,,,2048,4096,0,0,,32,,870.084,869.599,870.084,1.366,0.16,7,863.691,-0.7,115.7,260.727,4466.172,5596.983,100663296,,,,,,,,False,,,,671.09,192.6,,,,863.69
cost_model_sweep_20260807_020123.log:12249,cost_model_sweep_20260807_020123.log,b8805a0,20260807_020123,True,,add_indep2,,,,2048,4096,0,0,,32,,872.512,871.642,872.512,1.116,0.13,7,863.691,-1.0,115.4,275.662,4571.958,5720.132,100663296,,,,,,,,False,,,,671.09,192.6,,,,863.69
cost_model_sweep_20260807_020123.log:12356,cost_model_sweep_20260807_020123.log,b8805a0,20260807_020123,True,,add_indep2,,,,2048,4096,0,1,,32,,871.937,869.346,871.937,2.411,0.28,7,863.691,-0.9,115.4,270.234,4589.87,5732.041,100663296,,,,,,,,False,,,,671.09,192.6,,,,863.69
cost_model_sweep_20260807_020123.log:12462,cost_model_sweep_20260807_020123.log,b8805a0,20260807_020123,True,,add_indep2,,,,2048,4096,0,1,,32,,872.856,869.442,872.856,1.972,0.23,7,863.691,-1.0,115.3,154.611,4587.647,5615.114,100663296,,,,,,,,False,,,,671.09,192.6,,,,863.69
cost_model_sweep_20260807_020123.log:12563,cost_model_sweep_20260807_020123.log,b8805a0,20260807_020123,True,,amax,,,,8192,1024,0,0,,32,,148.399,144.222,148.399,2.579,1.74,7,147.73,-0.5,120.1,56.078,275.562,480.039,17825792,,,,,,,,False,,,,118.84,6.02,,,,147.73
cost_model_sweep_20260807_020123.log:12658,cost_model_sweep_20260807_020123.log,b8805a0,20260807_020123,True,,amax,,,,16384,2048,0,0,,32,,609.974,600.37,609.974,6.057,0.99,7,603.217,-1.1,113.5,78.173,384.114,1072.261,69206016,,,,,,,,False,,,,461.37,12.04,,,,603.22
cost_model_sweep_20260807_020123.log:12753,cost_model_sweep_20260807_020123.log,b8805a0,20260807_020123,True,,amax,,,,2048,2048,0,1,,32,,59.117,58.527,59.117,0.7,1.18,7,58.031,-1.8,146.3,31.674,140.14,230.931,8650752,,,,,,,,False,,,,57.67,1.5,,,,58.03
cost_model_sweep_20260807_020123.log:12848,cost_model_sweep_20260807_020123.log,b8805a0,20260807_020123,True,,amax,,,,2048,2048,0,0,,32,,59.136,58.911,59.136,0.226,0.38,7,58.031,-1.9,146.3,29.341,145.72,234.197,8650752,,,,,,,,False,,,,57.67,1.5,,,,58.03
cost_model_sweep_20260807_020123.log:12943,cost_model_sweep_20260807_020123.log,b8805a0,20260807_020123,True,,amax,,,,4096,2048,0,0,,32,,129.668,125.534,129.668,2.704,2.08,7,128.959,-0.5,133.4,35.704,177.041,342.413,17301504,,,,,,,,False,,,,115.34,3.01,,,,128.96
cost_model_sweep_20260807_020123.log:13038,cost_model_sweep_20260807_020123.log,b8805a0,20260807_020123,True,,amax,,,,4096,2048,0,1,,1,,971.189,957.242,971.189,12.49,1.29,7,1172.353,20.7,17.8,39.201,179.62,1190.01,17301504,,,,,,,,False,,,,115.34,3.01,,,,1172.35
cost_model_sweep_20260807_020123.log:13133,cost_model_sweep_20260807_020123.log,b8805a0,20260807_020123,True,,amax,,,,4096,2048,0,1,,16,,222.863,218.952,222.863,3.655,1.64,7,238.813,7.2,77.6,38.313,190.87,452.046,17301504,,,,,,,,False,,,,115.34,3.01,,,,238.81
cost_model_sweep_20260807_020123.log:13228,cost_model_sweep_20260807_020123.log,b8805a0,20260807_020123,True,,amax,,,,4096,2048,0,1,,2,,521.177,496.854,521.177,12.255,2.38,7,586.177,12.5,33.2,50.606,178.403,750.186,17301504,,,,,,,,False,,,,115.34,3.01,,,,586.18
cost_model_sweep_20260807_020123.log:13323,cost_model_sweep_20260807_020123.log,b8805a0,20260807_020123,True,,amax,,,,4096,2048,0,1,,32,,132.726,130.736,132.726,1.979,1.49,7,128.959,-2.8,130.4,34.145,195.592,362.463,17301504,,,,,,,,False,,,,115.34,3.01,,,,128.96
cost_model_sweep_20260807_020123.log:13418,cost_model_sweep_20260807_020123.log,b8805a0,20260807_020123,True,,amax,,,,4096,2048,0,1,,4,,268.275,255.229,268.275,9.324,3.48,7,299.904,11.8,64.5,36.443,163.014,467.732,17301504,,,,,,,,False,,,,115.34,3.01,,,,299.9
cost_model_sweep_20260807_020123.log:13513,cost_model_sweep_20260807_020123.log,b8805a0,20260807_020123,True,,amax,,,,4096,2048,0,1,,8,,217.706,215.902,217.706,1.102,0.51,7,238.813,9.7,79.5,43.949,159.715,421.37,17301504,,,,,,,,False,,,,115.34,3.01,,,,238.81
cost_model_sweep_20260807_020123.log:13608,cost_model_sweep_20260807_020123.log,b8805a0,20260807_020123,True,,amax,,,,8192,2048,0,0,,32,,279.836,278.994,279.836,2.756,0.98,7,286.77,2.5,123.7,55.478,196.862,532.176,34603008,,,,,,,,False,,,,230.69,6.02,,,,286.77
cost_model_sweep_20260807_020123.log:13703,cost_model_sweep_20260807_020123.log,b8805a0,20260807_020123,True,,amax,,,,8192,2048,0,1,,1,,2374.246,2336.858,2374.246,31.28,1.31,7,2607.0,9.8,14.6,54.173,288.823,2717.242,34603008,,,,,,,,False,,,,230.69,6.02,,,,2607.0
cost_model_sweep_20260807_020123.log:13798,cost_model_sweep_20260807_020123.log,b8805a0,20260807_020123,True,,amax,,,,8192,2048,0,1,,16,,439.163,428.974,439.163,11.818,2.67,7,531.056,20.9,78.8,45.283,276.654,761.1,34603008,,,,,,,,False,,,,230.69,6.02,,,,531.06
cost_model_sweep_20260807_020123.log:13893,cost_model_sweep_20260807_020123.log,b8805a0,20260807_020123,True,,amax,,,,8192,2048,0,1,,2,,1156.471,1125.642,1156.471,28.63,2.47,7,1303.5,12.7,29.9,47.821,294.191,1498.483,34603008,,,,,,,,False,,,,230.69,6.02,,,,1303.5
cost_model_sweep_20260807_020123.log:13988,cost_model_sweep_20260807_020123.log,b8805a0,20260807_020123,True,,amax,,,,8192,2048,0,1,,32,,283.065,276.562,283.065,4.466,1.58,7,286.77,1.3,122.2,48.0,291.599,622.664,34603008,,,,,,,,False,,,,230.69,6.02,,,,286.77
cost_model_sweep_20260807_020123.log:14083,cost_model_sweep_20260807_020123.log,b8805a0,20260807_020123,True,,amax,,,,8192,2048,0,1,,4,,600.8,596.18,600.8,3.049,0.51,7,666.907,11.0,57.6,47.806,282.338,930.944,34603008,,,,,,,,False,,,,230.69,6.02,,,,666.91
cost_model_sweep_20260807_020123.log:14178,cost_model_sweep_20260807_020123.log,b8805a0,20260807_020123,True,,amax,,,,8192,2048,0,1,,8,,438.857,433.151,438.857,3.415,0.78,7,531.056,21.0,78.8,53.146,181.259,673.262,34603008,,,,,,,,False,,,,230.69,6.02,,,,531.06
cost_model_sweep_20260807_020123.log:14273,cost_model_sweep_20260807_020123.log,b8805a0,20260807_020123,True,,amax,,,,2048,4096,0,1,,32,,113.123,112.198,113.123,1.359,1.2,7,114.304,1.0,150.6,31.969,141.65,286.742,17039360,,,,,,,,False,,,,113.6,1.5,,,,114.3
cost_model_sweep_20260807_020123.log:14368,cost_model_sweep_20260807_020123.log,b8805a0,20260807_020123,True,,amax,,,,8192,4096,0,0,,32,,548.851,544.07,548.851,12.707,2.29,7,564.85,2.9,124.2,47.459,291.476,887.786,68157440,,,,,,,,False,,,,454.38,6.02,,,,564.85
cost_model_sweep_20260807_020123.log:14463,cost_model_sweep_20260807_020123.log,b8805a0,20260807_020123,True,,amax,,,,2048,8192,0,0,,32,,220.748,218.755,220.748,2.749,1.24,7,226.85,2.8,153.2,30.024,144.085,394.857,33816576,,,,,,,,False,,,,225.44,1.5,,,,226.85
cost_model_sweep_20260807_020123.log:14558,cost_model_sweep_20260807_020123.log,b8805a0,20260807_020123,True,,amax,,,,2048,8192,0,1,,1,,1988.107,1965.194,1988.107,29.78,1.49,7,2062.269,3.7,17.0,31.098,139.274,2158.479,33816576,,,,,,,,False,,,,225.44,1.5,,,,2062.27
cost_model_sweep_20260807_020123.log:14653,cost_model_sweep_20260807_020123.log,b8805a0,20260807_020123,True,,amax,,,,2048,8192,0,1,,16,,439.416,419.206,439.416,7.555,1.73,7,420.092,-4.4,77.0,29.918,143.924,613.258,33816576,,,,,,,,False,,,,225.44,1.5,,,,420.09
cost_model_sweep_20260807_020123.log:14748,cost_model_sweep_20260807_020123.log,b8805a0,20260807_020123,True,,amax,,,,2048,8192,0,1,,2,,1043.5,1024.714,1043.5,12.542,1.2,7,1031.134,-1.2,32.4,29.3,33.466,1106.266,33816576,,,,,,,,False,,,,225.44,1.5,,,,1031.13
cost_model_sweep_20260807_020123.log:14843,cost_model_sweep_20260807_020123.log,b8805a0,20260807_020123,True,,amax,,,,2048,8192,0,1,,32,,222.367,219.325,222.367,4.162,1.86,7,226.85,2.0,152.1,32.46,142.365,397.192,33816576,,,,,,,,False,,,,225.44,1.5,,,,226.85
cost_model_sweep_20260807_020123.log:14938,cost_model_sweep_20260807_020123.log,b8805a0,20260807_020123,True,,amax,,,,2048,8192,0,1,,4,,550.327,545.107,550.327,4.151,0.75,7,527.557,-4.1,61.4,28.305,140.594,719.226,33816576,,,,,,,,False,,,,225.44,1.5,,,,527.56
cost_model_sweep_20260807_020123.log:15033,cost_model_sweep_20260807_020123.log,b8805a0,20260807_020123,True,,amax,,,,2048,8192,0,1,,8,,461.491,416.237,461.491,20.015,4.36,7,420.092,-9.0,73.3,28.581,139.42,629.492,33816576,,,,,,,,False,,,,225.44,1.5,,,,420.09
cost_model_sweep_20260807_020123.log:15128,cost_model_sweep_20260807_020123.log,b8805a0,20260807_020123,True,,amax,,,,2048,8192,1,1,,1,,2002.534,1964.555,2002.534,32.297,1.61,7,2062.269,3.0,16.9,28.375,139.797,2170.706,33816576,,,,,,,,False,,,,225.44,1.5,,,,2062.27
cost_model_sweep_20260807_020123.log:15223,cost_model_sweep_20260807_020123.log,b8805a0,20260807_020123,True,,amax,,,,2048,8192,1,1,,16,,430.594,417.56,430.594,6.489,1.51,7,420.092,-2.4,78.5,30.099,139.045,599.738,33816576,,,,,,,,False,,,,225.44,1.5,,,,420.09
cost_model_sweep_20260807_020123.log:15318,cost_model_sweep_20260807_020123.log,b8805a0,20260807_020123,True,,amax,,,,2048,8192,1,1,,2,,1032.038,1004.531,1032.038,21.384,2.06,7,1031.134,-0.1,32.8,29.365,141.183,1202.586,33816576,,,,,,,,False,,,,225.44,1.5,,,,1031.13
cost_model_sweep_20260807_020123.log:15413,cost_model_sweep_20260807_020123.log,b8805a0,20260807_020123,True,,amax,,,,2048,8192,1,1,,32,,220.616,218.502,220.616,1.117,0.51,7,226.85,2.8,153.3,30.814,44.988,296.418,33816576,,,,,,,,False,,,,225.44,1.5,,,,226.85
cost_model_sweep_20260807_020123.log:15508,cost_model_sweep_20260807_020123.log,b8805a0,20260807_020123,True,,amax,,,,2048,8192,1,1,,4,,550.012,538.727,550.012,5.461,1.0,7,527.557,-4.1,61.5,29.694,136.718,716.424,33816576,,,,,,,,False,,,,225.44,1.5,,,,527.56
cost_model_sweep_20260807_020123.log:15603,cost_model_sweep_20260807_020123.log,b8805a0,20260807_020123,True,,amax,,,,2048,8192,1,1,,8,,452.095,416.366,452.095,18.691,4.17,7,420.092,-7.1,74.8,30.395,145.136,627.626,33816576,,,,,,,,False,,,,225.44,1.5,,,,420.09
cost_model_sweep_20260807_020123.log:15700,cost_model_sweep_20260807_020123.log,b8805a0,20260807_020123,True,,bcast,,,,2048,1024,0,0,,32,,64.135,64.02,64.135,0.339,0.53,7,66.12,3.1,130.8,91.899,376.216,532.25,8390656,,,,,,,,False,,,,55.94,24.08,,,,66.12
cost_model_sweep_20260807_020123.log:15797,cost_model_sweep_20260807_020123.log,b8805a0,20260807_020123,True,,bcast,,,,1024,16384,0,0,,32,,580.671,576.091,580.671,5.233,0.9,7,567.554,-2.3,115.6,126.138,8540.547,9247.356,67141632,,,,,,,,False,,,,447.61,192.6,,,,567.55
cost_model_sweep_20260807_020123.log:15895,cost_model_sweep_20260807_020123.log,b8805a0,20260807_020123,True,,bcast,,,,128,16384,0,0,,32,,67.535,66.145,67.535,0.609,0.91,7,67.914,0.6,124.7,83.773,392.69,543.998,8421376,,,,,,,,False,,,,56.14,24.08,,,,67.91
cost_model_sweep_20260807_020123.log:15993,cost_model_sweep_20260807_020123.log,b8805a0,20260807_020123,True,,bcast,,,,128,16384,0,1,,32,,66.917,66.368,66.917,0.42,0.63,7,67.914,1.5,125.8,99.468,386.319,552.704,8421376,,,,,,,,False,,,,56.14,24.08,,,,67.91
cost_model_sweep_20260807_020123.log:16091,cost_model_sweep_20260807_020123.log,b8805a0,20260807_020123,True,,bcast,,,,16384,16384,0,0,,32,,9867.89,9690.686,9867.89,85.51,0.87,7,9951.572,0.8,108.8,6117.958,306548.65,322534.498,1073774592,,,,,,,,False,,,,7158.5,3081.64,,,,9951.57
cost_model_sweep_20260807_020123.log:16188,cost_model_sweep_20260807_020123.log,b8805a0,20260807_020123,True,,bcast,,,,2048,16384,0,0,,32,,1158.902,1143.491,1158.902,6.879,0.59,7,1160.333,0.1,115.8,569.089,29530.926,31258.917,134250496,,,,,,,,False,,,,895.0,385.2,,,,1160.33
cost_model_sweep_20260807_020123.log:16285,cost_model_sweep_20260807_020123.log,b8805a0,20260807_020123,True,,bcast,,,,2048,16384,0,1,,32,,1158.872,1150.461,1158.872,5.377,0.46,7,1160.333,0.1,115.8,612.917,29698.229,31470.018,134250496,,,,,,,,False,,,,895.0,385.2,,,,1160.33
cost_model_sweep_20260807_020123.log:16383,cost_model_sweep_20260807_020123.log,b8805a0,20260807_020123,True,,bcast,,,,256,16384,0,0,,32,,184.978,177.641,184.978,10.358,5.51,7,182.717,-1.2,90.9,113.569,838.344,1136.891,16809984,,,,,,,,False,,,,112.07,48.15,,,,182.72
cost_model_sweep_20260807_020123.log:16481,cost_model_sweep_20260807_020123.log,b8805a0,20260807_020123,True,,bcast,,,,256,16384,0,1,,32,,181.95,177.013,181.95,2.786,1.53,7,182.717,0.4,92.4,117.515,809.741,1109.206,16809984,,,,,,,,False,,,,112.07,48.15,,,,182.72
cost_model_sweep_20260807_020123.log:16579,cost_model_sweep_20260807_020123.log,b8805a0,20260807_020123,True,,bcast,,,,512,16384,0,0,,32,,326.019,314.892,326.019,5.032,1.55,7,329.286,1.0,103.0,121.206,2206.857,2654.082,33587200,,,,,,,,False,,,,223.91,96.3,,,,329.29
cost_model_sweep_20260807_020123.log:16676,cost_model_sweep_20260807_020123.log,b8805a0,20260807_020123,True,,bcast,,,,64,16384,0,0,,32,,33.026,32.685,33.026,0.666,2.0,7,33.024,-0.0,128.0,78.211,427.269,538.506,4227072,,,,,,,,False,,,,28.18,12.04,,,,33.02
cost_model_sweep_20260807_020123.log:16773,cost_model_sweep_20260807_020123.log,b8805a0,20260807_020123,True,,bcast,,,,64,16384,0,1,,32,,32.935,32.589,32.935,1.005,3.02,7,33.024,0.3,128.3,73.431,435.867,542.233,4227072,,,,,,,,False,,,,28.18,12.04,,,,33.02
cost_model_sweep_20260807_020123.log:16871,cost_model_sweep_20260807_020123.log,b8805a0,20260807_020123,True,,bcast,,,,8192,16384,0,0,,32,,4852.46,4822.204,4852.46,35.976,0.74,7,4858.857,0.1,110.6,2953.921,146884.771,154691.152,536903680,,,,,,,,False,,,,3579.36,1540.82,,,,4858.86
cost_model_sweep_20260807_020123.log:16969,cost_model_sweep_20260807_020123.log,b8805a0,20260807_020123,True,,bcast,,,,1024,2048,0,0,,32,,66.43,62.634,66.43,1.812,2.74,7,66.241,-0.3,126.3,87.772,400.285,554.487,8392704,,,,,,,,False,,,,55.95,24.08,,,,66.24
cost_model_sweep_20260807_020123.log:17066,cost_model_sweep_20260807_020123.log,b8805a0,20260807_020123,True,,bcast,,,,128,2048,0,0,,32,,11.019,10.83,11.019,0.135,1.23,7,11.259,2.2,95.5,34.257,173.125,218.401,1052672,,,,,,,,False,,,,7.02,3.01,,,,11.26
cost_model_sweep_20260807_020123.log:17164,cost_model_sweep_20260807_020123.log,b8805a0,20260807_020123,True,,bcast,,,,16384,2048,0,0,,32,,1166.936,1164.296,1166.936,3.975,0.34,7,1154.1,-1.1,115.0,627.892,29050.809,30845.637,134221824,,,,,,,,False,,,,894.81,385.2,,,,1154.1
cost_model_sweep_20260807_020123.log:17262,cost_model_sweep_20260807_020123.log,b8805a0,20260807_020123,True,,bcast,,,,2048,2048,0,1,,32,,135.4,133.995,135.4,1.563,1.15,7,135.224,-0.1,123.9,96.015,855.362,1086.777,16781312,,,,,,,,False,,,,111.88,48.15,,,,135.22
cost_model_sweep_20260807_020123.log:17360,cost_model_sweep_20260807_020123.log,b8805a0,20260807_020123,True,,bcast,,,,2048,2048,0,0,,32,,135.35,132.809,135.35,1.401,1.04,7,135.224,-0.1,124.0,100.171,853.164,1088.685,16781312,,,,,,,,False,,,,111.88,48.15,,,,135.22
cost_model_sweep_20260807_020123.log:17457,cost_model_sweep_20260807_020123.log,b8805a0,20260807_020123,True,,bcast,,,,256,2048,0,0,,32,,17.2,16.376,17.2,0.775,4.5,7,18.114,5.3,122.2,52.612,291.383,361.195,2101248,,,,,,,,False,,,,14.01,6.02,,,,18.11
cost_model_sweep_20260807_020123.log:17554,cost_model_sweep_20260807_020123.log,b8805a0,20260807_020123,True,,bcast,,,,512,2048,0,0,,32,,31.899,30.065,31.899,0.866,2.75,7,32.929,3.2,131.6,72.742,424.196,528.837,4198400,,,,,,,,False,,,,27.99,12.04,,,,32.93
cost_model_sweep_20260807_020123.log:17651,cost_model_sweep_20260807_020123.log,b8805a0,20260807_020123,True,,bcast,,,,64,2048,0,0,,32,,9.722,9.631,9.722,0.042,0.43,7,8.806,-9.4,54.3,31.846,138.986,180.554,528384,,,,,,,,False,,,,3.52,1.5,,,,8.81
cost_model_sweep_20260807_020123.log:17748,cost_model_sweep_20260807_020123.log,b8805a0,20260807_020123,True,,bcast,,,,8192,2048,0,0,,32,,576.213,572.631,576.213,2.254,0.39,7,564.449,-2.0,116.5,183.698,8540.818,9300.729,67112960,,,,,,,,False,,,,447.42,192.6,,,,564.45
cost_model_sweep_20260807_020123.log:17845,cost_model_sweep_20260807_020123.log,b8805a0,20260807_020123,True,,bcast,,,,8192,2048,0,1,,32,,577.566,572.265,577.566,3.014,0.52,7,564.449,-2.3,116.2,125.32,8515.944,9218.83,67112960,,,,,,,,False,,,,447.42,192.6,,,,564.45
cost_model_sweep_20260807_020123.log:17942,cost_model_sweep_20260807_020123.log,b8805a0,20260807_020123,True,,bcast,,,,2048,256,0,0,,32,,17.145,16.582,17.145,0.705,4.08,7,15.831,-7.7,122.3,55.626,266.227,338.998,2097664,,,,,,,,False,,,,13.98,6.02,,,,15.83
cost_model_sweep_20260807_020123.log:18039,cost_model_sweep_20260807_020123.log,b8805a0,20260807_020123,True,,bcast,,,,1024,4096,0,0,,32,,136.579,134.932,136.579,3.678,2.65,7,135.475,-0.8,122.9,50.476,868.032,1055.087,16785408,,,,,,,,False,,,,111.9,48.15,,,,135.48
cost_model_sweep_20260807_020123.log:18136,cost_model_sweep_20260807_020123.log,b8805a0,20260807_020123,True,,bcast,,,,128,4096,0,0,,32,,22.331,20.989,22.331,0.817,3.65,7,23.009,3.0,94.3,51.893,288.922,363.146,2105344,,,,,,,,False,,,,14.04,6.02,,,,23.01
cost_model_sweep_20260807_020123.log:18234,cost_model_sweep_20260807_020123.log,b8805a0,20260807_020123,True,,bcast,,,,16384,4096,0,0,,32,,2340.003,2328.337,2340.003,10.725,0.46,7,2365.142,1.1,114.7,1405.188,69749.529,73494.72,268443648,,,,,,,,False,,,,1789.62,770.41,,,,2365.14
cost_model_sweep_20260807_020123.log:18332,cost_model_sweep_20260807_020123.log,b8805a0,20260807_020123,True,,bcast,,,,2048,4096,0,0,,32,,277.491,276.627,277.491,0.836,0.3,7,276.691,-0.3,121.0,135.432,2249.183,2662.106,33562624,,,,,,,,False,,,,223.75,96.3,,,,276.69
cost_model_sweep_20260807_020123.log:18430,cost_model_sweep_20260807_020123.log,b8805a0,20260807_020123,True,,bcast,,,,2048,4096,0,1,,32,,278.988,277.02,278.988,1.543,0.55,7,276.691,-0.8,120.3,135.834,2231.639,2646.461,33562624,,,,,,,,False,,,,223.75,96.3,,,,276.69
cost_model_sweep_20260807_020123.log:18527,cost_model_sweep_20260807_020123.log,b8805a0,20260807_020123,True,,bcast,,,,256,4096,0,0,,32,,39.149,38.21,39.149,0.667,1.7,7,36.864,-5.8,107.3,89.118,427.727,555.994,4202496,,,,,,,,False,,,,28.02,12.04,,,,36.86
cost_model_sweep_20260807_020123.log:18625,cost_model_sweep_20260807_020123.log,b8805a0,20260807_020123,True,,bcast,,,,512,4096,0,0,,32,,71.238,69.938,71.238,1.45,2.03,7,66.907,-6.1,117.9,85.297,386.785,543.32,8396800,,,,,,,,False,,,,55.98,24.08,,,,66.91
cost_model_sweep_20260807_020123.log:18722,cost_model_sweep_20260807_020123.log,b8805a0,20260807_020123,True,,bcast,,,,64,4096,0,0,,32,,16.783,16.491,16.783,0.146,0.87,7,18.22,8.6,63.0,37.492,182.277,236.552,1056768,,,,,,,,False,,,,7.05,3.01,,,,18.22
cost_model_sweep_20260807_020123.log:18820,cost_model_sweep_20260807_020123.log,b8805a0,20260807_020123,True,,bcast,,,,8192,4096,0,0,,32,,1183.745,1167.633,1183.745,7.342,0.62,7,1156.123,-2.3,113.4,620.192,29572.182,31376.119,134225920,,,,,,,,False,,,,894.84,385.2,,,,1156.12
cost_model_sweep_20260807_020123.log:18917,cost_model_sweep_20260807_020123.log,b8805a0,20260807_020123,True,,bcast,,,,2048,512,0,0,,32,,33.389,33.061,33.389,0.706,2.1,7,32.346,-3.1,125.7,87.604,425.387,546.38,4195328,,,,,,,,False,,,,27.97,12.04,,,,32.35
cost_model_sweep_20260807_020123.log:19014,cost_model_sweep_20260807_020123.log,b8805a0,20260807_020123,True,,bcast,,,,512,512,0,0,,32,,8.803,8.718,8.803,0.083,0.94,7,7.982,-9.3,119.2,34.494,192.531,235.828,1049600,,,,,,,,False,,,,7.0,3.01,,,,7.98
cost_model_sweep_20260807_020123.log:19112,cost_model_sweep_20260807_020123.log,b8805a0,20260807_020123,True,,bcast,,,,8192,512,0,0,,32,,143.493,141.069,143.493,1.308,0.91,7,134.765,-6.1,116.9,56.587,864.061,1064.141,16778240,,,,,,,,False,,,,111.85,48.15,,,,134.76
cost_model_sweep_20260807_020123.log:19210,cost_model_sweep_20260807_020123.log,b8805a0,20260807_020123,True,,bcast,,,,1024,8192,0,0,,32,,285.708,281.066,285.708,2.798,0.98,7,277.216,-3.0,117.5,136.512,2167.021,2589.241,33570816,,,,,,,,False,,,,223.81,96.3,,,,277.22
cost_model_sweep_20260807_020123.log:19307,cost_model_sweep_20260807_020123.log,b8805a0,20260807_020123,True,,bcast,,,,128,8192,0,0,,32,,45.697,44.925,45.697,0.858,1.87,7,45.768,0.2,92.1,90.085,426.865,562.647,4210688,,,,,,,,False,,,,28.07,12.04,,,,45.77
cost_model_sweep_20260807_020123.log:19405,cost_model_sweep_20260807_020123.log,b8805a0,20260807_020123,True,,bcast,,,,16384,8192,0,0,,32,,4812.404,4711.224,4812.404,48.475,1.01,7,4849.93,0.8,111.6,2963.529,147184.375,154960.308,536887296,,,,,,,,False,,,,3579.25,1540.82,,,,4849.93
cost_model_sweep_20260807_020123.log:19502,cost_model_sweep_20260807_020123.log,b8805a0,20260807_020123,True,,bcast,,,,2048,8192,0,0,,32,,567.864,565.352,567.864,1.808,0.32,7,566.458,-0.2,118.2,121.201,8579.881,9268.946,67125248,,,,,,,,False,,,,447.5,192.6,,,,566.46
cost_model_sweep_20260807_020123.log:19599,cost_model_sweep_20260807_020123.log,b8805a0,20260807_020123,True,,bcast,,,,2048,8192,1,1,,1,,659.97,658.087,659.97,2.973,0.45,7,566.458,-14.2,101.7,123.357,8569.372,9352.699,67125248,,,,,,,,False,,,,447.5,192.6,,,,566.46
cost_model_sweep_20260807_020123.log:19696,cost_model_sweep_20260807_020123.log,b8805a0,20260807_020123,True,,bcast,,,,2048,8192,1,1,,16,,607.768,601.832,607.768,4.497,0.74,7,566.458,-6.8,110.4,121.027,8559.898,9288.693,67125248,,,,,,,,False,,,,447.5,192.6,,,,566.46
cost_model_sweep_20260807_020123.log:19793,cost_model_sweep_20260807_020123.log,b8805a0,20260807_020123,True,,bcast,,,,2048,8192,1,1,,2,,619.125,613.598,619.125,6.518,1.05,7,566.458,-8.5,108.4,176.434,8478.149,9273.708,67125248,,,,,,,,False,,,,447.5,192.6,,,,566.46
cost_model_sweep_20260807_020123.log:19890,cost_model_sweep_20260807_020123.log,b8805a0,20260807_020123,True,,bcast,,,,2048,8192,1,1,,32,,568.87,564.673,568.87,2.535,0.45,7,566.458,-0.4,118.0,181.854,8476.445,9227.169,67125248,,,,,,,,False,,,,447.5,192.6,,,,566.46
cost_model_sweep_20260807_020123.log:19988,cost_model_sweep_20260807_020123.log,b8805a0,20260807_020123,True,,bcast,,,,2048,8192,1,1,,4,,621.241,616.323,621.241,3.392,0.55,7,566.458,-8.8,108.1,192.375,8453.034,9266.65,67125248,,,,,,,,False,,,,447.5,192.6,,,,566.46
cost_model_sweep_20260807_020123.log:20085,cost_model_sweep_20260807_020123.log,b8805a0,20260807_020123,True,,bcast,,,,2048,8192,1,1,,8,,615.927,613.609,615.927,5.161,0.83,7,566.458,-8.0,109.0,126.578,8524.064,9266.569,67125248,,,,,,,,False,,,,447.5,192.6,,,,566.46
cost_model_sweep_20260807_020123.log:20183,cost_model_sweep_20260807_020123.log,b8805a0,20260807_020123,True,,bcast,,,,256,8192,0,0,,32,,83.323,77.351,83.323,3.355,4.05,7,82.402,-1.1,100.9,74.602,139.13,297.055,8404992,,,,,,,,False,,,,56.03,24.08,,,,82.4
cost_model_sweep_20260807_020123.log:20281,cost_model_sweep_20260807_020123.log,b8805a0,20260807_020123,True,,bcast,,,,4096,8192,0,1,,32,,1140.6,1128.755,1140.6,6.464,0.57,7,1158.189,1.5,117.7,584.7,29249.025,30974.325,134234112,,,,,,,,False,,,,894.89,385.2,,,,1158.19
cost_model_sweep_20260807_020123.log:20379,cost_model_sweep_20260807_020123.log,b8805a0,20260807_020123,True,,bcast,,,,512,8192,0,0,,32,,154.876,150.005,154.876,2.24,1.45,7,149.943,-3.2,108.4,104.86,815.512,1075.248,16793600,,,,,,,,False,,,,111.96,48.15,,,,149.94
cost_model_sweep_20260807_020123.log:20476,cost_model_sweep_20260807_020123.log,b8805a0,20260807_020123,True,,bcast,,,,64,8192,0,0,,32,,17.339,17.135,17.339,0.693,3.93,7,17.045,-1.7,121.9,47.443,264.978,329.76,2113536,,,,,,,,False,,,,14.09,6.02,,,,17.04
cost_model_sweep_20260807_020123.log:20574,cost_model_sweep_20260807_020123.log,b8805a0,20260807_020123,True,,bcast,,,,8192,8192,0,0,,32,,2363.672,2349.054,2363.672,10.633,0.45,7,2369.39,0.2,113.6,1326.031,69742.505,73432.208,268451840,,,,,,,,False,,,,1789.68,770.41,,,,2369.39
cost_model_sweep_20260807_020123.log:20672,cost_model_sweep_20260807_020123.log,b8805a0,20260807_020123,True,,bcastcol,,,,2048,1024,0,0,,32,,70.257,69.66,70.257,0.759,1.08,7,72.21,2.8,123.1,101.053,372.589,543.899,8650752,,,,,,,,False,,,,57.67,24.08,,,,72.21
cost_model_sweep_20260807_020123.log:20769,cost_model_sweep_20260807_020123.log,b8805a0,20260807_020123,True,,bcastcol,,,,1024,16384,0,0,,32,,650.718,631.319,650.718,9.998,1.55,7,585.714,-10.0,103.3,180.083,8476.252,9307.053,67239936,,,,,,,,False,,,,448.27,192.6,,,,585.71
cost_model_sweep_20260807_020123.log:20868,cost_model_sweep_20260807_020123.log,b8805a0,20260807_020123,True,,bcastcol,,,,128,16384,0,0,,32,,77.402,75.52,77.402,1.474,1.89,7,74.38,-3.9,108.6,87.781,398.252,563.435,8404992,,,,,,,,False,,,,56.03,24.08,,,,74.38
cost_model_sweep_20260807_020123.log:20966,cost_model_sweep_20260807_020123.log,b8805a0,20260807_020123,True,,bcastcol,,,,128,16384,0,1,,32,,77.132,76.222,77.132,0.535,0.69,7,74.38,-3.6,109.0,96.561,377.503,551.196,8404992,,,,,,,,False,,,,56.03,24.08,,,,74.38
cost_model_sweep_20260807_020123.log:21064,cost_model_sweep_20260807_020123.log,b8805a0,20260807_020123,True,,bcastcol,,,,16384,16384,0,0,,32,,10406.036,10274.135,10406.036,64.605,0.62,7,10149.424,-2.5,103.4,6000.864,305435.423,321842.323,1075838976,,,,,,,,False,,,,7172.26,3081.64,,,,10149.42
cost_model_sweep_20260807_020123.log:21162,cost_model_sweep_20260807_020123.log,b8805a0,20260807_020123,True,,bcastcol,,,,2048,16384,0,0,,32,,1140.891,1136.093,1140.891,2.535,0.22,7,1194.315,4.7,117.9,562.144,29618.572,31321.607,134479872,,,,,,,,False,,,,896.53,385.2,,,,1194.32
cost_model_sweep_20260807_020123.log:21260,cost_model_sweep_20260807_020123.log,b8805a0,20260807_020123,True,,bcastcol,,,,2048,16384,0,1,,32,,1149.805,1141.068,1149.805,4.931,0.43,7,1194.315,3.9,117.0,559.329,29763.493,31472.627,134479872,,,,,,,,False,,,,896.53,385.2,,,,1194.32
cost_model_sweep_20260807_020123.log:21357,cost_model_sweep_20260807_020123.log,b8805a0,20260807_020123,True,,bcastcol,,,,256,16384,0,0,,32,,149.118,146.493,149.118,1.3,0.88,7,171.53,15.0,112.7,50.949,864.084,1064.151,16809984,,,,,,,,False,,,,112.07,48.15,,,,171.53
cost_model_sweep_20260807_020123.log:21455,cost_model_sweep_20260807_020123.log,b8805a0,20260807_020123,True,,bcastcol,,,,256,16384,0,1,,32,,149.754,144.991,149.754,2.129,1.42,7,171.53,14.5,112.3,111.44,833.056,1094.25,16809984,,,,,,,,False,,,,112.07,48.15,,,,171.53
cost_model_sweep_20260807_020123.log:21552,cost_model_sweep_20260807_020123.log,b8805a0,20260807_020123,True,,bcastcol,,,,512,16384,0,0,,32,,285.707,267.79,285.707,17.261,5.94,7,317.17,11.0,117.7,81.051,2235.46,2602.218,33619968,,,,,,,,False,,,,224.13,96.3,,,,317.17
cost_model_sweep_20260807_020123.log:21650,cost_model_sweep_20260807_020123.log,b8805a0,20260807_020123,True,,bcastcol,,,,512,16384,0,1,,32,,297.841,274.636,297.841,20.29,6.79,7,317.17,6.5,112.9,183.222,2272.27,2753.333,33619968,,,,,,,,False,,,,224.13,96.3,,,,317.17
cost_model_sweep_20260807_020123.log:21747,cost_model_sweep_20260807_020123.log,b8805a0,20260807_020123,True,,bcastcol,,,,64,16384,0,0,,32,,34.356,34.097,34.356,0.23,0.67,7,35.021,1.9,122.3,91.938,431.817,558.111,4202496,,,,,,,,False,,,,28.02,12.04,,,,35.02
cost_model_sweep_20260807_020123.log:21844,cost_model_sweep_20260807_020123.log,b8805a0,20260807_020123,True,,bcastcol,,,,64,16384,0,1,,32,,34.707,34.141,34.707,0.478,1.37,7,35.021,0.9,121.1,69.363,423.289,527.359,4202496,,,,,,,,False,,,,28.02,12.04,,,,35.02
cost_model_sweep_20260807_020123.log:21942,cost_model_sweep_20260807_020123.log,b8805a0,20260807_020123,True,,bcastcol,,,,8192,16384,0,0,,32,,5057.113,5034.602,5057.113,11.322,0.22,7,4971.529,-1.7,106.4,2935.56,147059.866,155052.539,537919488,,,,,,,,False,,,,3586.13,1540.82,,,,4971.53
cost_model_sweep_20260807_020123.log:22040,cost_model_sweep_20260807_020123.log,b8805a0,20260807_020123,True,,bcastcol,,,,8192,16384,0,1,,32,,5088.586,5057.739,5088.586,27.369,0.54,6,4971.529,-2.3,105.7,2960.634,146809.746,154858.966,537919488,,,,,,,,False,,,,3586.13,1540.82,,,,4971.53
cost_model_sweep_20260807_020123.log:22138,cost_model_sweep_20260807_020123.log,b8805a0,20260807_020123,True,,bcastcol,,,,1024,2048,0,0,,32,,72.839,69.981,72.839,1.574,2.16,7,70.879,-2.7,117.0,92.045,326.249,491.133,8519680,,,,,,,,False,,,,56.8,24.08,,,,70.88
cost_model_sweep_20260807_020123.log:22235,cost_model_sweep_20260807_020123.log,b8805a0,20260807_020123,True,,bcastcol,,,,128,2048,0,0,,32,,13.729,13.041,13.729,0.378,2.78,7,13.067,-4.8,77.6,37.853,194.057,245.639,1064960,,,,,,,,False,,,,7.1,3.01,,,,13.07
cost_model_sweep_20260807_020123.log:22332,cost_model_sweep_20260807_020123.log,b8805a0,20260807_020123,True,,bcastcol,,,,16384,2048,0,0,,32,,1255.957,1249.989,1255.957,8.038,0.64,7,1223.652,-2.6,108.5,578.518,29607.737,31442.212,136314880,,,,,,,,False,,,,908.77,385.2,,,,1223.65
cost_model_sweep_20260807_020123.log:22430,cost_model_sweep_20260807_020123.log,b8805a0,20260807_020123,True,,bcastcol,,,,2048,2048,0,1,,32,,139.762,137.943,139.762,1.837,1.31,7,144.401,3.3,121.9,114.366,851.494,1105.622,17039360,,,,,,,,False,,,,113.6,48.15,,,,144.4
cost_model_sweep_20260807_020123.log:22528,cost_model_sweep_20260807_020123.log,b8805a0,20260807_020123,True,,bcastcol,,,,2048,2048,0,0,,32,,139.683,138.648,139.683,0.948,0.68,7,144.401,3.4,122.0,102.186,806.991,1048.86,17039360,,,,,,,,False,,,,113.6,48.15,,,,144.4
cost_model_sweep_20260807_020123.log:22625,cost_model_sweep_20260807_020123.log,b8805a0,20260807_020123,True,,bcastcol,,,,256,2048,0,0,,32,,20.332,19.833,20.332,0.227,1.12,7,21.514,5.8,104.8,53.308,190.297,263.937,2129920,,,,,,,,False,,,,14.2,6.02,,,,21.51
cost_model_sweep_20260807_020123.log:22722,cost_model_sweep_20260807_020123.log,b8805a0,20260807_020123,True,,bcastcol,,,,512,2048,0,0,,32,,36.613,34.887,36.613,0.856,2.38,7,38.903,6.3,116.3,90.38,416.598,543.591,4259840,,,,,,,,False,,,,28.4,12.04,,,,38.9
cost_model_sweep_20260807_020123.log:22819,cost_model_sweep_20260807_020123.log,b8805a0,20260807_020123,True,,bcastcol,,,,64,2048,0,0,,32,,9.408,9.276,9.408,0.605,6.23,7,9.342,-0.7,56.6,34.235,141.432,185.075,532480,,,,,,,,False,,,,3.55,1.5,,,,9.34
cost_model_sweep_20260807_020123.log:22916,cost_model_sweep_20260807_020123.log,b8805a0,20260807_020123,True,,bcastcol,,,,8192,2048,0,0,,32,,614.528,610.266,614.528,2.388,0.39,7,599.977,-2.4,110.9,182.057,8532.859,9329.444,68157440,,,,,,,,False,,,,454.38,192.6,,,,599.98
cost_model_sweep_20260807_020123.log:23014,cost_model_sweep_20260807_020123.log,b8805a0,20260807_020123,True,,bcastcol,,,,8192,2048,0,1,,32,,610.835,605.491,610.835,2.684,0.44,7,599.977,-1.8,111.6,188.667,8457.734,9257.236,68157440,,,,,,,,False,,,,454.38,192.6,,,,599.98
cost_model_sweep_20260807_020123.log:23111,cost_model_sweep_20260807_020123.log,b8805a0,20260807_020123,True,,bcastcol,,,,2048,256,0,0,,32,,19.716,19.352,19.716,0.15,0.76,7,19.119,-3.0,119.7,53.905,65.523,139.144,2359296,,,,,,,,False,,,,15.73,6.02,,,,19.12
cost_model_sweep_20260807_020123.log:23209,cost_model_sweep_20260807_020123.log,b8805a0,20260807_020123,True,,bcastcol,,,,1024,4096,0,0,,32,,162.783,160.083,162.783,1.665,1.03,7,142.806,-12.3,103.9,116.361,853.126,1132.27,16908288,,,,,,,,False,,,,112.72,48.15,,,,142.81
cost_model_sweep_20260807_020123.log:23306,cost_model_sweep_20260807_020123.log,b8805a0,20260807_020123,True,,bcastcol,,,,128,4096,0,0,,32,,27.106,26.389,27.106,0.502,1.86,7,25.012,-7.7,78.0,52.214,291.033,370.353,2113536,,,,,,,,False,,,,14.09,6.02,,,,25.01
cost_model_sweep_20260807_020123.log:23404,cost_model_sweep_20260807_020123.log,b8805a0,20260807_020123,True,,bcastcol,,,,16384,4096,0,0,,32,,2508.618,2497.011,2508.618,10.08,0.4,7,2468.363,-1.6,107.8,1384.371,69729.295,73622.284,270532608,,,,,,,,False,,,,1803.55,770.41,,,,2468.36
cost_model_sweep_20260807_020123.log:23501,cost_model_sweep_20260807_020123.log,b8805a0,20260807_020123,True,,bcastcol,,,,2048,4096,0,0,,32,,280.427,280.158,280.427,1.446,0.51,7,291.02,3.8,120.6,129.457,2248.117,2658.001,33816576,,,,,,,,False,,,,225.44,96.3,,,,291.02
cost_model_sweep_20260807_020123.log:23599,cost_model_sweep_20260807_020123.log,b8805a0,20260807_020123,True,,bcastcol,,,,2048,4096,0,1,,32,,282.514,279.671,282.514,1.494,0.53,7,291.02,3.0,119.7,126.38,2229.054,2637.948,33816576,,,,,,,,False,,,,225.44,96.3,,,,291.02
cost_model_sweep_20260807_020123.log:23696,cost_model_sweep_20260807_020123.log,b8805a0,20260807_020123,True,,bcastcol,,,,256,4096,0,0,,32,,38.611,37.559,38.611,1.042,2.67,7,41.442,7.3,109.5,86.23,392.91,517.751,4227072,,,,,,,,False,,,,28.18,12.04,,,,41.44
cost_model_sweep_20260807_020123.log:23794,cost_model_sweep_20260807_020123.log,b8805a0,20260807_020123,True,,bcastcol,,,,512,4096,0,0,,32,,74.903,72.619,74.903,2.352,3.12,7,75.148,0.3,112.9,80.74,335.911,491.554,8454144,,,,,,,,False,,,,56.36,24.08,,,,75.15
cost_model_sweep_20260807_020123.log:23891,cost_model_sweep_20260807_020123.log,b8805a0,20260807_020123,True,,bcastcol,,,,64,4096,0,0,,32,,17.077,16.264,17.077,0.357,2.11,7,17.613,3.1,61.9,39.024,193.208,249.309,1056768,,,,,,,,False,,,,7.05,3.01,,,,17.61
cost_model_sweep_20260807_020123.log:23988,cost_model_sweep_20260807_020123.log,b8805a0,20260807_020123,True,,bcastcol,,,,8192,4096,0,0,,32,,1222.911,1209.847,1222.911,8.332,0.68,7,1209.895,-1.1,110.6,618.04,29657.208,31498.159,135266304,,,,,,,,False,,,,901.78,385.2,,,,1209.9
cost_model_sweep_20260807_020123.log:24085,cost_model_sweep_20260807_020123.log,b8805a0,20260807_020123,True,,bcastcol,,,,8192,4096,0,1,,32,,1217.218,1208.43,1217.218,6.354,0.52,7,1209.895,-0.6,111.1,612.988,29252.908,31083.114,135266304,,,,,,,,False,,,,901.78,385.2,,,,1209.9
cost_model_sweep_20260807_020123.log:24182,cost_model_sweep_20260807_020123.log,b8805a0,20260807_020123,True,,bcastcol,,,,2048,512,0,0,,32,,35.649,35.495,35.649,0.302,0.84,7,36.648,2.8,125.0,88.265,331.935,455.849,4456448,,,,,,,,False,,,,29.71,12.04,,,,36.65
cost_model_sweep_20260807_020123.log:24280,cost_model_sweep_20260807_020123.log,b8805a0,20260807_020123,True,,bcastcol,,,,1024,8192,0,0,,32,,324.561,322.624,324.561,1.048,0.32,7,288.898,-11.0,103.8,138.317,2268.017,2730.895,33685504,,,,,,,,False,,,,224.57,96.3,,,,288.9
cost_model_sweep_20260807_020123.log:24377,cost_model_sweep_20260807_020123.log,b8805a0,20260807_020123,True,,bcastcol,,,,128,8192,0,0,,32,,52.822,51.019,52.822,0.905,1.71,7,42.966,-18.7,79.7,87.71,426.772,567.304,4210688,,,,,,,,False,,,,28.07,12.04,,,,42.97
cost_model_sweep_20260807_020123.log:24475,cost_model_sweep_20260807_020123.log,b8805a0,20260807_020123,True,,bcastcol,,,,16384,8192,0,0,,32,,5167.001,5084.339,5167.001,45.069,0.88,7,4999.704,-3.2,104.3,2944.21,146760.467,154871.678,538968064,,,,,,,,False,,,,3593.12,1540.82,,,,4999.7
cost_model_sweep_20260807_020123.log:24572,cost_model_sweep_20260807_020123.log,b8805a0,20260807_020123,True,,bcastcol,,,,2048,8192,0,0,,32,,564.138,559.208,564.138,3.282,0.58,7,588.907,4.4,119.4,133.753,8531.073,9228.964,67371008,,,,,,,,False,,,,449.14,192.6,,,,588.91
cost_model_sweep_20260807_020123.log:24670,cost_model_sweep_20260807_020123.log,b8805a0,20260807_020123,True,,bcastcol,,,,256,8192,0,0,,32,,76.714,74.153,76.714,1.969,2.57,7,79.447,3.6,109.8,89.446,390.789,556.949,8421376,,,,,,,,False,,,,56.14,24.08,,,,79.45
cost_model_sweep_20260807_020123.log:24767,cost_model_sweep_20260807_020123.log,b8805a0,20260807_020123,True,,bcastcol,,,,4096,8192,0,1,,32,,1199.089,1191.478,1199.089,4.749,0.4,7,1200.909,0.2,112.4,624.36,29559.281,31382.73,134742016,,,,,,,,False,,,,898.28,385.2,,,,1200.91
cost_model_sweep_20260807_020123.log:24865,cost_model_sweep_20260807_020123.log,b8805a0,20260807_020123,True,,bcastcol,,,,512,8192,0,0,,32,,145.573,138.009,145.573,8.435,5.74,7,147.743,1.5,115.7,101.96,806.877,1054.41,16842752,,,,,,,,False,,,,112.29,48.15,,,,147.74
cost_model_sweep_20260807_020123.log:24962,cost_model_sweep_20260807_020123.log,b8805a0,20260807_020123,True,,bcastcol,,,,64,8192,0,0,,32,,17.632,17.257,17.632,0.158,0.9,7,18.631,5.7,119.4,54.097,279.69,351.419,2105344,,,,,,,,False,,,,14.04,6.02,,,,18.63
cost_model_sweep_20260807_020123.log:25060,cost_model_sweep_20260807_020123.log,b8805a0,20260807_020123,True,,bcastcol,,,,8192,8192,0,0,,32,,2456.672,2436.729,2456.672,9.563,0.39,7,2449.855,-0.3,109.7,1370.131,69772.675,73599.478,269484032,,,,,,,,False,,,,1796.56,770.41,,,,2449.85
cost_model_sweep_20260807_020123.log:25158,cost_model_sweep_20260807_020123.log,b8805a0,20260807_020123,True,,bmm_3d2d_k_tiling,,,,1024,2048,1,1,,32,,599.299,594.962,599.299,3.541,0.59,7,380.76,-36.5,49.0,118.46,953.407,1671.166,29360128,,,,,,,,False,,,235.47,195.73,48.15,,1.0,,380.76
cost_model_sweep_20260807_020123.log:25271,cost_model_sweep_20260807_020123.log,b8805a0,20260807_020123,True,,bmm_3d2d_k_tiling,,,,1024,2048,16,1,,32,,361488.452,361278.297,361488.452,961.012,0.27,6,265046.907,-26.7,103.4,266.477,912.151,362667.08,37388025984,,,,,,,,False,,,235.47,249253.51,15793.4,,1.0,,265046.91
lxsession_bmm_layout.log:52,lxsession_bmm_layout.log,38554b4,,False,,bmm_layout,,,,1024,2048,0,1,,32,,7372.878,7305.527,7372.878,31.535,0.43,7,6710.886,-9.0,22.8,187.795,6060.159,13620.832,167772160,,,,,,,,False,,,941.88,1118.48,192.6,,1.0,,6710.89
lxsession_bmm_layout.log:152,lxsession_bmm_layout.log,38554b4,,False,,bmm_layout,,,,1024,2048,0,1,,32,,5106.778,5075.347,5106.778,16.58,0.32,7,1311.084,-74.3,32.9,179.214,8527.409,13813.401,167772160,,,,,,,,False,,,941.88,1118.48,192.6,,1.0,,1311.08
lxsession_bmm_layout.log:252,lxsession_bmm_layout.log,38554b4,,False,,bmm_layout,,,,1024,2048,0,1,,32,,4269.228,4250.12,4269.228,10.491,0.25,7,1311.084,-69.3,39.3,174.453,8557.576,13001.257,167772160,,,,,,,,False,,,941.88,1118.48,192.6,,1.0,,1311.08
lxsession_bmm_layout.log:352,lxsession_bmm_layout.log,38554b4,,False,,bmm_layout,,,,1024,2048,0,1,,32,,2353.167,2338.129,2353.167,6.38,0.27,7,1311.084,-44.3,71.3,178.549,8578.42,11110.136,167772160,,,,,,,,False,,,941.88,1118.48,192.6,,1.0,,1311.08
lxsession_bmm_layout.log:452,lxsession_bmm_layout.log,38554b4,,False,,bmm_layout,,,,512,2048,0,1,,32,,1869.422,1860.545,1869.422,10.564,0.56,7,1677.722,-10.3,40.4,93.081,846.421,2808.924,75497472,,,,,,,,False,,,235.47,503.32,48.15,,1.0,,1677.72
lxsession_bmm_layout.log:552,lxsession_bmm_layout.log,38554b4,,False,,bmm_layout,,,,512,2048,0,1,,32,,1518.959,1513.55,1518.959,4.815,0.32,7,551.467,-63.7,49.7,56.179,859.418,2434.556,75497472,,,,,,,,False,,,235.47,503.32,48.15,,1.0,,551.47
lxsession_bmm_layout.log:652,lxsession_bmm_layout.log,38554b4,,False,,bmm_layout,,,,512,2048,0,1,,32,,1238.103,1233.047,1238.103,4.18,0.34,7,551.467,-55.5,61.0,55.289,865.601,2158.993,75497472,,,,,,,,False,,,235.47,503.32,48.15,,1.0,,551.47
lxsession_bmm_layout.log:752,lxsession_bmm_layout.log,38554b4,,False,,bmm_layout,,,,512,2048,0,1,,32,,813.92,811.75,813.92,1.594,0.2,7,551.467,-32.2,92.8,53.877,858.934,1726.731,75497472,,,,,,,,False,,,235.47,503.32,48.15,,1.0,,551.47
lxsession_bmm_layout.log:852,lxsession_bmm_layout.log,38554b4,,False,,bmm_layout,,,,1024,1024,0,1,,32,,457.244,453.977,457.244,2.116,0.46,7,107.961,-76.4,27.5,78.505,383.996,919.745,12582912,,,,,,,,False,,,58.87,83.89,24.08,,1.0,,107.96
lxsession_bmm_layout.log:952,lxsession_bmm_layout.log,38554b4,,False,,bmm_layout,,,,1024,1024,0,1,,32,,283.168,281.316,283.168,2.139,0.75,7,107.961,-61.9,44.4,81.489,395.634,760.291,12582912,,,,,,,,False,,,58.87,83.89,24.08,,1.0,,107.96
lxsession_bmm_layout.log:1052,lxsession_bmm_layout.log,38554b4,,False,,bmm_layout,,,,1024,1024,0,1,,32,,371.579,370.471,371.579,1.051,0.28,7,107.961,-70.9,33.9,82.971,382.429,836.979,12582912,,,,,,,,False,,,58.87,83.89,24.08,,1.0,,107.96
lxsession_bmm_layout.log:1152,lxsession_bmm_layout.log,38554b4,,False,,bmm_layout,,,,1024,1024,0,1,,32,,198.424,197.514,198.424,1.004,0.51,7,107.961,-45.6,63.4,78.102,376.945,653.471,12582912,,,,,,,,False,,,58.87,83.89,24.08,,1.0,,107.96
lxsession_bmm_layout.log:1252,lxsession_bmm_layout.log,38554b4,,False,,bmm_layout,,,,1024,2048,0,1,,32,,466.52,464.682,466.52,1.341,0.29,7,163.885,-64.9,45.0,80.661,462.861,1010.042,20971520,,,,,,,,False,,,117.73,139.81,24.08,,1.0,,163.89
lxsession_bmm_layout.log:1352,lxsession_bmm_layout.log,38554b4,,False,,bmm_layout,,,,1024,2048,0,1,,32,,382.253,378.181,382.253,1.751,0.46,7,163.885,-57.1,54.9,82.317,493.133,957.703,20971520,,,,,,,,False,,,117.73,139.81,24.08,,1.0,,163.89
lxsession_bmm_layout.log:1452,lxsession_bmm_layout.log,38554b4,,False,,bmm_layout,,,,1024,2048,0,1,,32,,305.758,303.322,305.758,1.091,0.36,7,163.885,-46.4,68.6,78.848,511.837,896.443,20971520,,,,,,,,False,,,117.73,139.81,24.08,,1.0,,163.89
lxsession_bmm_layout.log:1552,lxsession_bmm_layout.log,38554b4,,False,,bmm_layout,,,,1024,2048,0,1,,32,,216.812,214.401,216.812,1.058,0.49,7,163.885,-24.4,96.7,91.189,408.498,716.499,20971520,,,,,,,,False,,,117.73,139.81,24.08,,1.0,,163.89
lxsession_bmm_layout.log:1652,lxsession_bmm_layout.log,38554b4,,False,,bmm_layout,,,,1024,2048,0,1,,32,,960.568,953.188,960.568,4.258,0.44,7,163.885,-82.9,21.8,82.447,505.565,1548.58,20971520,,,,,,,,False,,,117.73,139.81,24.08,,1.0,,163.89
lxsession_bmm_layout.log:1752,lxsession_bmm_layout.log,38554b4,,False,,bmm_layout,,,,1024,2048,0,1,,32,,596.816,593.24,596.816,3.014,0.51,7,163.885,-72.5,35.1,81.634,503.842,1182.292,20971520,,,,,,,,False,,,117.73,139.81,24.08,,1.0,,163.89
lxsession_bmm_layout.log:1852,lxsession_bmm_layout.log,38554b4,,False,,bmm_layout,,,,1024,2048,0,1,,32,,705.661,701.716,705.661,1.952,0.28,7,163.885,-76.8,29.7,91.586,498.915,1296.162,20971520,,,,,,,,False,,,117.73,139.81,24.08,,1.0,,163.89
lxsession_bmm_layout.log:1952,lxsession_bmm_layout.log,38554b4,,False,,bmm_layout,,,,1024,2048,0,1,,32,,332.623,331.881,332.623,1.088,0.33,7,163.885,-50.7,63.0,91.34,494.842,918.805,20971520,,,,,,,,False,,,117.73,139.81,24.08,,1.0,,163.89
lxsession_bmm_layout.log:2052,lxsession_bmm_layout.log,38554b4,,False,,bmm_layout,,,,2048,2048,0,1,,32,,1608.078,1598.197,1608.078,6.448,0.4,7,271.847,-83.1,20.9,106.412,953.836,2668.326,33554432,,,,,,,,False,,,235.47,223.7,48.15,,1.0,,271.85
lxsession_bmm_layout.log:2152,lxsession_bmm_layout.log,38554b4,,False,,bmm_layout,,,,2048,2048,0,1,,32,,1260.339,1251.328,1260.339,10.758,0.85,7,271.847,-78.4,26.6,137.888,907.407,2305.634,33554432,,,,,,,,False,,,235.47,223.7,48.15,,1.0,,271.85
lxsession_bmm_layout.log:2252,lxsession_bmm_layout.log,38554b4,,False,,bmm_layout,,,,2048,2048,0,1,,32,,955.154,947.038,955.154,3.589,0.38,7,271.847,-71.5,35.1,105.922,903.74,1964.816,33554432,,,,,,,,False,,,235.47,223.7,48.15,,1.0,,271.85
lxsession_bmm_layout.log:2352,lxsession_bmm_layout.log,38554b4,,False,,bmm_layout,,,,2048,2048,0,1,,32,,590.869,584.697,590.869,3.03,0.51,7,271.847,-54.0,56.8,96.979,931.168,1619.016,33554432,,,,,,,,False,,,235.47,223.7,48.15,,1.0,,271.85
lxsession_bmm_layout.log:2452,lxsession_bmm_layout.log,38554b4,,False,,bmm_layout,,,,1024,2048,0,1,,32,,678.366,673.347,678.366,2.932,0.43,7,271.847,-59.9,49.5,93.652,936.657,1708.675,33554432,,,,,,,,False,,,235.47,223.7,48.15,,1.0,,271.85
lxsession_bmm_layout.log:2552,lxsession_bmm_layout.log,38554b4,,False,,bmm_layout,,,,1024,2048,0,1,,32,,1075.931,1068.366,1075.931,3.702,0.34,7,271.847,-74.7,31.2,104.25,942.55,2122.731,33554432,,,,,,,,False,,,235.47,223.7,48.15,,1.0,,271.85
lxsession_bmm_layout.log:2652,lxsession_bmm_layout.log,38554b4,,False,,bmm_layout,,,,1024,2048,0,1,,32,,807.322,802.071,807.322,4.07,0.5,7,271.847,-66.3,41.6,94.221,932.981,1834.524,33554432,,,,,,,,False,,,235.47,223.7,48.15,,1.0,,271.85
lxsession_matmul_k_tiling.log:52,lxsession_matmul_k_tiling.log,38554b4,,False,,matmul_k_tiling,,,,2048,2048,1,1,,32,,385.174,382.685,385.174,2.373,0.62,7,266.254,-30.9,65.3,102.709,859.394,1347.277,25165824,,,,,,,,False,,,235.47,167.77,48.15,,1.0,,266.25
lxsession_matmul_k_tiling.log:110,lxsession_matmul_k_tiling.log,38554b4,,False,,matmul_k_tiling,,,,2048,2048,16,1,,,,,,,,,,,,,,,,,,,,,,,,True,,,,,,,,,
lxsession_matmul_k_tiling.log:227,lxsession_matmul_k_tiling.log,38554b4,,False,,matmul_k_tiling,,,,2048,2048,2,1,,,,,,,,,,,,,,,,,,,,,,,,True,,,,,,,,,
lxsession_matmul_k_tiling.log:348,lxsession_matmul_k_tiling.log,38554b4,,False,,matmul_k_tiling,,,,2048,2048,4,1,,,,,,,,,,,,,,,,,,,,,,,,True,,,,,,,,,
lxsession_matmul_k_tiling.log:464,lxsession_matmul_k_tiling.log,38554b4,,False,,matmul_k_tiling,,,,2048,2048,8,1,,,,,,,,,,,,,,,,,,,,,,,,True,,,,,,,,,
lxsession_matmul_k_tiling.log:622,lxsession_matmul_k_tiling.log,38554b4,,False,,matmul_k_tiling,,,,4096,2048,1,1,,32,,826.741,820.886,826.741,3.94,0.48,7,526.916,-36.3,50.7,116.519,2209.595,3152.855,41943040,,,,,,,,False,,,470.94,279.62,96.3,,1.0,,526.92
lxsession_matmul_k_tiling.log:680,lxsession_matmul_k_tiling.log,38554b4,,False,,matmul_k_tiling,,,,4096,2048,16,1,,,,,,,,,,,,,,,,,,,,,,,,True,,,,,,,,,
lxsession_matmul_k_tiling.log:797,lxsession_matmul_k_tiling.log,38554b4,,False,,matmul_k_tiling,,,,4096,2048,2,1,,,,,,,,,,,,,,,,,,,,,,,,True,,,,,,,,,
lxsession_matmul_k_tiling.log:918,lxsession_matmul_k_tiling.log,38554b4,,False,,matmul_k_tiling,,,,4096,2048,4,1,,,,,,,,,,,,,,,,,,,,,,,,True,,,,,,,,,
lxsession_matmul_k_tiling.log:1039,lxsession_matmul_k_tiling.log,38554b4,,False,,matmul_k_tiling,,,,4096,2048,8,1,,,,,,,,,,,,,,,,,,,,,,,,True,,,,,,,,,
lxsession_matmul_k_tiling.log:1197,lxsession_matmul_k_tiling.log,38554b4,,False,,matmul_k_tiling,,,,1024,4096,1,1,,32,,195.74,195.102,195.74,0.529,0.27,7,137.867,-29.6,96.4,76.941,415.029,687.71,18874368,,,,,,,,False,,,117.73,125.83,12.04,,1.0,,137.87
lxsession_matmul_k_tiling.log:1310,lxsession_matmul_k_tiling.log,38554b4,,False,,matmul_k_tiling,,,,1024,4096,16,1,,32,,148964.103,148742.621,148964.103,221.1,0.15,7,132481.525,-11.1,125.3,69.215,247.351,149280.669,18658361472,,,,,,,,False,,,117.73,124389.08,8089.3,,1.0,,132481.53
lxsession_matmul_k_tiling.log:1442,lxsession_matmul_k_tiling.log,38554b4,,False,,matmul_k_tiling,,,,1024,4096,2,1,,32,,169721.407,167886.866,169721.407,1249.449,0.74,7,221779.082,30.7,152.1,84.077,161.772,169967.256,25822232704,,,,,,,,False,,,117.73,172148.22,49546.98,,1.0,,221779.08
lxsession_matmul_k_tiling.log:1574,lxsession_matmul_k_tiling.log,38554b4,,False,,matmul_k_tiling,,,,1024,4096,4,1,,32,,168664.746,167660.237,168664.746,442.077,0.26,7,169023.015,0.2,127.9,74.657,168.023,168907.426,21577597056,,,,,,,,False,,,117.73,143850.65,25134.62,,1.0,,169023.01
lxsession_matmul_k_tiling.log:1706,lxsession_matmul_k_tiling.log,38554b4,,False,,matmul_k_tiling,,,,1024,4096,8,1,,32,,159331.515,157926.642,159331.515,533.389,0.34,7,143507.33,-9.9,122.6,75.895,247.012,159654.422,19530776704,,,,,,,,False,,,117.73,130205.18,13289.57,,1.0,,143507.33
lxsession_matmul_row_tiling.log:62,lxsession_matmul_row_tiling.log,38554b4,,False,,matmul_row_tiling,,,,4096,1024,8,1,,32,,326481.036,324047.882,326481.036,1287.849,0.39,7,172019.621,-47.3,72.5,137.227,2418.924,329037.187,23685234688,,,,,,,,False,,,29.43,157901.56,24761.45,0.95,1.0,,172019.62
lxsession_matmul_row_tiling.log:176,lxsession_matmul_row_tiling.log,38554b4,,False,,matmul_row_tiling,,,,4096,2048,1,1,,16,,681.056,672.028,681.056,9.987,1.46,7,470.939,-30.9,43.1,96.904,917.576,1695.536,29360128,,,,,,,,False,,,470.94,195.73,48.15,,1.0,,470.94
lxsession_matmul_row_tiling.log:276,lxsession_matmul_row_tiling.log,38554b4,,False,,matmul_row_tiling,,,,4096,2048,1,1,,32,,409.244,398.211,409.244,4.996,1.23,7,306.799,-25.0,71.7,101.777,937.535,1448.556,29360128,,,,,,,,False,,,235.47,195.73,48.15,,1.0,,306.8
lxsession_matmul_row_tiling.log:334,lxsession_matmul_row_tiling.log,38554b4,,False,,matmul_row_tiling,,,,4096,2048,12,1,,,,,,,,,,,,,,,,,,,,,,,,True,,,,,,,,,
lxsession_matmul_row_tiling.log:443,lxsession_matmul_row_tiling.log,38554b4,,False,,matmul_row_tiling,,,,4096,2048,16,1,,16,,326080.552,325828.057,326080.552,405.999,0.12,7,149208.509,-54.2,62.9,111.716,1021.759,327214.027,20494417920,,,,,,,,False,,,29.43,136629.45,12377.72,0.719,1.0,,149208.51
lxsession_matmul_row_tiling.log:567,lxsession_matmul_row_tiling.log,38554b4,,False,,matmul_row_tiling,,,,4096,2048,16,1,,32,,309206.225,308213.22,309206.225,503.868,0.16,6,184061.704,-40.5,66.3,120.821,1009.37,310336.416,20494417920,,,,,,,,False,,,14.72,136629.45,12377.72,0.449,1.0,,184061.7
lxsession_matmul_row_tiling.log:639,lxsession_matmul_row_tiling.log,38554b4,,False,,matmul_row_tiling,,,,4096,2048,2,1,,,,,,,,,,,,,,,,,,,,,,,,True,,,,,,,,,
lxsession_matmul_row_tiling.log:755,lxsession_matmul_row_tiling.log,38554b4,,False,,matmul_row_tiling,,,,4096,2048,24,1,,,,,,,,,,,,,,,,,,,,,,,,True,,,,,,,,,
lxsession_matmul_row_tiling.log:812,lxsession_matmul_row_tiling.log,38554b4,,False,,matmul_row_tiling,,,,4096,2048,3,1,,,,,,,,,,,,,,,,,,,,,,,,True,,,,,,,,,
lxsession_matmul_row_tiling.log:921,lxsession_matmul_row_tiling.log,38554b4,,False,,matmul_row_tiling,,,,4096,2048,32,1,,32,,293351.231,292372.566,293351.231,990.142,0.34,6,292255.996,-0.4,64.6,217.85,958.649,294527.73,18950389760,,,,,,,,False,,,11.95,126335.93,6212.93,0.109,0.616,,292256.0
lxsession_matmul_row_tiling.log:1113,lxsession_matmul_row_tiling.log,38554b4,,False,,matmul_row_tiling,,,,4096,2048,4,1,,32,,338630.459,337263.203,338630.459,964.652,0.28,6,245951.647,-27.4,88.9,105.888,1023.049,339759.397,30110908416,,,,,,,,False,,,58.87,200739.39,49366.41,0.95,1.0,,245951.65
lxsession_matmul_row_tiling.log:1185,lxsession_matmul_row_tiling.log,38554b4,,False,,matmul_row_tiling,,,,4096,2048,6,1,,,,,,,,,,,,,,,,,,,,,,,,True,,,,,,,,,
lxsession_matmul_row_tiling.log:1294,lxsession_matmul_row_tiling.log,38554b4,,False,,matmul_row_tiling,,,,4096,2048,8,1,,16,,365068.452,361583.027,365068.452,1713.976,0.47,7,171957.818,-52.9,64.9,111.003,913.405,366092.86,23683137536,,,,,,,,False,,,58.87,157887.58,24707.28,0.95,1.0,,171957.82
lxsession_matmul_row_tiling.log:1418,lxsession_matmul_row_tiling.log,38554b4,,False,,matmul_row_tiling,,,,4096,2048,8,1,,32,,329388.793,328071.317,329388.793,588.141,0.18,7,171937.95,-47.8,71.9,110.674,1021.847,330521.314,23683137536,,,,,,,,False,,,29.43,157887.58,24707.28,0.95,1.0,,171937.95
lxsession_matmul_row_tiling.log:1532,lxsession_matmul_row_tiling.log,38554b4,,False,,matmul_row_tiling,,,,16384,2048,1,1,,32,,3248.267,3233.283,3248.267,13.023,0.4,7,2090.889,-35.6,43.9,558.839,29685.177,33492.283,142606336,,,,,,,,False,,,1883.76,950.71,385.2,,1.0,,2090.89
lxsession_matmul_row_tiling.log:1590,lxsession_matmul_row_tiling.log,38554b4,,False,,matmul_row_tiling,,,,16384,2048,16,1,,,,,,,,,,,,,,,,,,,,,,,,True,,,,,,,,,
lxsession_matmul_row_tiling.log:1706,lxsession_matmul_row_tiling.log,38554b4,,False,,matmul_row_tiling,,,,16384,2048,2,1,,,,,,,,,,,,,,,,,,,,,,,,True,,,,,,,,,
lxsession_matmul_row_tiling.log:1822,lxsession_matmul_row_tiling.log,38554b4,,False,,matmul_row_tiling,,,,16384,2048,4,1,,,,,,,,,,,,,,,,,,,,,,,,True,,,,,,,,,
lxsession_matmul_row_tiling.log:1938,lxsession_matmul_row_tiling.log,38554b4,,False,,matmul_row_tiling,,,,16384,2048,8,1,,,,,,,,,,,,,,,,,,,,,,,,True,,,,,,,,,
lxsession_matmul_row_tiling.log:2096,lxsession_matmul_row_tiling.log,38554b4,,False,,matmul_row_tiling,,,,2048,2048,1,1,,32,,385.308,381.032,385.308,3.273,0.85,7,266.254,-30.9,65.3,98.128,846.025,1329.461,25165824,,,,,,,,False,,,235.47,167.77,48.15,,1.0,,266.25
lxsession_matmul_row_tiling.log:2154,lxsession_matmul_row_tiling.log,38554b4,,False,,matmul_row_tiling,,,,2048,2048,12,1,,,,,,,,,,,,,,,,,,,,,,,,True,,,,,,,,,
lxsession_matmul_row_tiling.log:2263,lxsession_matmul_row_tiling.log,38554b4,,False,,matmul_row_tiling,,,,2048,2048,16,1,,32,,298586.736,294746.683,298586.736,2884.842,0.97,6,241334.354,-19.2,68.8,127.272,955.529,299669.538,20553138176,,,,,,,,False,,,18.76,137020.92,12377.72,0.28,0.785,,241334.35
lxsession_matmul_row_tiling.log:2335,lxsession_matmul_row_tiling.log,38554b4,,False,,matmul_row_tiling,,,,2048,2048,2,1,,,,,,,,,,,,,,,,,,,,,,,,True,,,,,,,,,
lxsession_matmul_row_tiling.log:2451,lxsession_matmul_row_tiling.log,38554b4,,False,,matmul_row_tiling,,,,2048,2048,3,1,,,,,,,,,,,,,,,,,,,,,,,,True,,,,,,,,,
lxsession_matmul_row_tiling.log:2560,lxsession_matmul_row_tiling.log,38554b4,,False,,matmul_row_tiling,,,,2048,2048,4,1,,32,,343795.643,343154.92,343795.643,1204.441,0.35,7,264990.096,-22.9,87.6,118.067,935.458,344849.168,30119297024,,,,,,,,False,,,58.87,200795.31,49366.41,0.95,1.0,,264990.1
lxsession_matmul_row_tiling.log:2632,lxsession_matmul_row_tiling.log,38554b4,,False,,matmul_row_tiling,,,,2048,2048,6,1,,,,,,,,,,,,,,,,,,,,,,,,True,,,,,,,,,
lxsession_matmul_row_tiling.log:2741,lxsession_matmul_row_tiling.log,38554b4,,False,,matmul_row_tiling,,,,2048,2048,8,1,,32,,306666.397,304896.816,306666.397,910.209,0.3,7,200098.853,-34.8,77.3,111.565,932.959,307710.921,23708303360,,,,,,,,False,,,29.43,158055.36,24707.28,0.719,1.0,,200098.85
lxsession_matmul_row_tiling.log:2855,lxsession_matmul_row_tiling.log,38554b4,,False,,matmul_row_tiling,,,,4096,2048,1,1,,16,,1176.329,1172.362,1176.329,3.703,0.31,7,941.879,-19.9,35.7,114.109,2218.945,3509.383,41943040,,,,,,,,False,,,941.88,279.62,96.3,,1.0,,941.88
lxsession_matmul_row_tiling.log:2955,lxsession_matmul_row_tiling.log,38554b4,,False,,matmul_row_tiling,,,,4096,2048,1,1,,32,,830.094,816.04,830.094,6.859,0.83,7,526.916,-36.5,50.5,119.768,2216.436,3166.298,41943040,,,,,,,,False,,,470.94,279.62,96.3,,1.0,,526.92
lxsession_matmul_row_tiling.log:3065,lxsession_matmul_row_tiling.log,38554b4,,False,,matmul_row_tiling,,,,4096,2048,16,1,,16,,693193.252,692199.669,693193.252,973.863,0.14,6,270156.173,-61.0,59.1,144.974,2454.259,695792.485,40972058624,,,,,,,,False,,,58.87,273147.06,24755.43,0.95,1.0,,270156.17
lxsession_matmul_row_tiling.log:3190,lxsession_matmul_row_tiling.log,38554b4,,False,,matmul_row_tiling,,,,4096,2048,16,1,,32,,611517.319,0.001,611517.319,276667.029,63.25,7,298296.429,-51.2,67.0,152.656,2453.622,614123.597,40972058624,,,,,,,,False,,,29.43,273147.06,24755.43,0.719,1.0,,298296.43
lxsession_matmul_row_tiling.log:3262,lxsession_matmul_row_tiling.log,38554b4,,False,,matmul_row_tiling,,,,4096,2048,2,1,,,,,,,,,,,,,,,,,,,,,,,,True,,,,,,,,,
lxsession_matmul_row_tiling.log:3378,lxsession_matmul_row_tiling.log,38554b4,,False,,matmul_row_tiling,,,,4096,2048,4,1,,,,,,,,,,,,,,,,,,,,,,,,True,,,,,,,,,
lxsession_matmul_row_tiling.log:3494,lxsession_matmul_row_tiling.log,38554b4,,False,,matmul_row_tiling,,,,4096,2048,4,1,,,,,,,,,,,,,,,,,,,,,,,,True,,,,,,,,,
lxsession_matmul_row_tiling.log:3729,lxsession_matmul_row_tiling.log,38554b4,,False,,matmul_row_tiling,,,,4096,2048,8,1,,32,,690174.549,686869.401,690174.549,1689.636,0.24,5,343789.071,-50.2,68.6,149.493,2422.688,692746.73,47349497856,,,,,,,,False,,,58.87,315663.32,49414.56,0.95,1.0,,343789.07
lxsession_matmul_row_tiling.log:3844,lxsession_matmul_row_tiling.log,38554b4,,False,,matmul_row_tiling,,,,8192,2048,1,1,,32,,1619.007,1608.344,1619.007,6.706,0.41,7,1073.406,-33.7,46.6,180.003,8592.203,10391.213,75497472,,,,,,,,False,,,941.88,503.32,192.6,,1.0,,1073.41
lxsession_matmul_row_tiling.log:3902,lxsession_matmul_row_tiling.log,38554b4,,False,,matmul_row_tiling,,,,8192,2048,12,1,,,,,,,,,,,,,,,,,,,,,,,,True,,,,,,,,,
lxsession_matmul_row_tiling.log:4011,lxsession_matmul_row_tiling.log,38554b4,,False,,matmul_row_tiling,,,,8192,2048,16,1,,32,,1375877.53,0.002,1375877.53,550684.361,50.0,5,539302.034,-60.8,59.5,235.069,6064.36,1382176.959,81809899520,,,,,,,,False,,,58.87,545399.33,49510.86,0.95,1.0,,539302.03
lxsession_matmul_row_tiling.log:4084,lxsession_matmul_row_tiling.log,38554b4,,False,,matmul_row_tiling,,,,8192,2048,2,1,,,,,,,,,,,,,,,,,,,,,,,,True,,,,,,,,,
lxsession_matmul_row_tiling.log:4200,lxsession_matmul_row_tiling.log,38554b4,,False,,matmul_row_tiling,,,,8192,2048,3,1,,,,,,,,,,,,,,,,,,,,,,,,True,,,,,,,,,
lxsession_matmul_row_tiling.log:4257,lxsession_matmul_row_tiling.log,38554b4,,False,,matmul_row_tiling,,,,8192,2048,4,1,,,,,,,,,,,,,,,,,,,,,,,,True,,,,,,,,,
lxsession_matmul_row_tiling.log:4373,lxsession_matmul_row_tiling.log,38554b4,,False,,matmul_row_tiling,,,,8192,2048,6,1,,,,,,,,,,,,,,,,,,,,,,,,True,,,,,,,,,
lxsession_matmul_row_tiling.log:4430,lxsession_matmul_row_tiling.log,38554b4,,False,,matmul_row_tiling,,,,8192,2048,8,1,,,,,,,,,,,,,,,,,,,,,,,,True,,,,,,,,,
lxsession_matmul_row_tiling.log:4588,lxsession_matmul_row_tiling.log,38554b4,,False,,matmul_row_tiling,,,,2048,2048,1,1,,32,,773.941,770.841,773.941,2.52,0.33,7,526.916,-31.9,54.2,119.341,2210.496,3103.778,41943040,,,,,,,,False,,,470.94,279.62,96.3,,1.0,,526.92
lxsession_matmul_row_tiling.log:4646,lxsession_matmul_row_tiling.log,38554b4,,False,,matmul_row_tiling,,,,2048,2048,12,1,,,,,,,,,,,,,,,,,,,,,,,,True,,,,,,,,,
lxsession_matmul_row_tiling.log:4755,lxsession_matmul_row_tiling.log,38554b4,,False,,matmul_row_tiling,,,,2048,2048,16,1,,32,,591894.3,588448.942,591894.3,1482.841,0.25,6,369975.184,-37.5,69.4,149.549,2450.326,594494.175,41097887744,,,,,,,,False,,,29.43,273985.92,24755.43,0.449,1.0,,369975.18
lxsession_matmul_row_tiling.log:4828,lxsession_matmul_row_tiling.log,38554b4,,False,,matmul_row_tiling,,,,2048,2048,2,1,,,,,,,,,,,,,,,,,,,,,,,,True,,,,,,,,,
lxsession_matmul_row_tiling.log:4944,lxsession_matmul_row_tiling.log,38554b4,,False,,matmul_row_tiling,,,,2048,2048,3,1,,,,,,,,,,,,,,,,,,,,,,,,True,,,,,,,,,
lxsession_matmul_row_tiling.log:5001,lxsession_matmul_row_tiling.log,38554b4,,False,,matmul_row_tiling,,,,2048,2048,4,1,,,,,,,,,,,,,,,,,,,,,,,,True,,,,,,,,,
lxsession_matmul_row_tiling.log:5117,lxsession_matmul_row_tiling.log,38554b4,,False,,matmul_row_tiling,,,,2048,2048,6,1,,,,,,,,,,,,,,,,,,,,,,,,True,,,,,,,,,
lxsession_matmul_row_tiling.log:5226,lxsession_matmul_row_tiling.log,38554b4,,False,,matmul_row_tiling,,,,2048,2048,8,1,,32,,660145.114,0.001,660145.114,246058.89,44.72,6,453337.345,-31.3,71.8,138.412,2402.469,662685.995,47408218112,,,,,,,,False,,,58.87,316054.79,49414.56,0.719,1.0,,453337.35
lxsession_matmul_row_tiling.log:5341,lxsession_matmul_row_tiling.log,38554b4,,False,,matmul_row_tiling,,,,4096,2048,1,1,,16,,2574.376,2555.621,2574.376,9.48,0.37,7,1883.758,-26.8,26.1,121.87,8568.589,11264.835,67108864,,,,,,,,False,,,1883.76,447.39,192.6,,1.0,,1883.76
lxsession_matmul_row_tiling.log:5441,lxsession_matmul_row_tiling.log,38554b4,,False,,matmul_row_tiling,,,,4096,2048,1,1,,32,,1564.599,1550.605,1564.599,6.248,0.4,7,941.985,-39.8,42.9,122.662,8618.026,10305.287,67108864,,,,,,,,False,,,941.88,447.39,192.6,,1.0,,941.98
lxsession_matmul_row_tiling.log:5499,lxsession_matmul_row_tiling.log,38554b4,,False,,matmul_row_tiling,,,,4096,2048,12,1,,,,,,,,,,,,,,,,,,,,,,,,True,,,,,,,,,
lxsession_matmul_row_tiling.log:5675,lxsession_matmul_row_tiling.log,38554b4,,False,,matmul_row_tiling,,,,4096,2048,16,1,,32,,1311902.157,0.003,1311902.157,526239.317,50.0,5,621888.156,-52.6,62.4,154.723,8909.051,1320965.931,81927340032,,,,,,,,False,,,58.87,546182.27,49510.86,0.719,1.0,,621888.16
lxsession_matmul_row_tiling.log:5748,lxsession_matmul_row_tiling.log,38554b4,,False,,matmul_row_tiling,,,,4096,2048,2,1,,,,,,,,,,,,,,,,,,,,,,,,True,,,,,,,,,
lxsession_matmul_row_tiling.log:5864,lxsession_matmul_row_tiling.log,38554b4,,False,,matmul_row_tiling,,,,4096,2048,24,1,,,,,,,,,,,,,,,,,,,,,,,,True,,,,,,,,,
lxsession_matmul_row_tiling.log:5921,lxsession_matmul_row_tiling.log,38554b4,,False,,matmul_row_tiling,,,,4096,2048,3,1,,,,,,,,,,,,,,,,,,,,,,,,True,,,,,,,,,
lxsession_matmul_row_tiling.log:6030,lxsession_matmul_row_tiling.log,38554b4,,False,,matmul_row_tiling,,,,4096,2048,32,1,,32,,1182061.457,1179231.32,1182061.457,2769.446,0.23,5,684878.297,-42.1,64.1,245.553,8933.888,1191240.898,75751227392,,,,,,,,False,,,29.43,505008.18,24851.73,0.28,1.0,,684878.3
lxsession_matmul_row_tiling.log:6102,lxsession_matmul_row_tiling.log,38554b4,,False,,matmul_row_tiling,,,,4096,2048,4,1,,,,,,,,,,,,,,,,,,,,,,,,True,,,,,,,,,
lxsession_matmul_row_tiling.log:6218,lxsession_matmul_row_tiling.log,38554b4,,False,,matmul_row_tiling,,,,4096,2048,4,1,,,,,,,,,,,,,,,,,,,,,,,,True,,,,,,,,,
lxsession_matmul_row_tiling.log:6334,lxsession_matmul_row_tiling.log,38554b4,,False,,matmul_row_tiling,,,,4096,2048,6,1,,,,,,,,,,,,,,,,,,,,,,,,True,,,,,,,,,
lxsession_matmul_row_tiling.log:6391,lxsession_matmul_row_tiling.log,38554b4,,False,,matmul_row_tiling,,,,4096,2048,8,1,,,,,,,,,,,,,,,,,,,,,,,,True,,,,,,,,,
lxsession_matmul_row_tiling.log:6507,lxsession_matmul_row_tiling.log,38554b4,,False,,matmul_row_tiling,,,,4096,2048,8,1,,,,,,,,,,,,,,,,,,,,,,,,True,,,,,,,,,
lxsession_matmul_row_tiling.log:6665,lxsession_matmul_row_tiling.log,38554b4,,False,,matmul_row_tiling,,,,4096,2048,1,1,,16,,343.004,338.137,343.004,2.854,0.83,7,235.47,-31.4,67.3,88.765,484.815,916.584,23068672,,,,,,,,False,,,235.47,153.79,24.08,,1.0,,235.47
lxsession_matmul_row_tiling.log:6765,lxsession_matmul_row_tiling.log,38554b4,,False,,matmul_row_tiling,,,,4096,2048,1,1,,32,,200.519,195.251,200.519,3.185,1.59,7,177.866,-11.3,115.0,82.06,506.44,789.019,23068672,,,,,,,,False,,,117.73,153.79,24.08,,1.0,,177.87
lxsession_matmul_row_tiling.log:6875,lxsession_matmul_row_tiling.log,38554b4,,False,,matmul_row_tiling,,,,4096,2048,16,1,,16,,157587.353,157434.543,157587.353,215.644,0.14,7,92155.498,-41.5,65.1,149.923,152.041,157889.317,10255597568,,,,,,,,False,,,14.72,68370.65,6188.86,0.449,1.0,,92155.5
lxsession_matmul_row_tiling.log:6999,lxsession_matmul_row_tiling.log,38554b4,,False,,matmul_row_tiling,,,,4096,2048,16,1,,32,,139843.256,0.001,139843.256,48953.981,40.83,7,120167.925,-14.1,73.3,100.168,156.005,140099.429,10255597568,,,,,,,,False,,,9.38,68370.65,6188.86,0.28,0.785,,120167.93
lxsession_matmul_row_tiling.log:7123,lxsession_matmul_row_tiling.log,38554b4,,False,,matmul_row_tiling,,,,4096,2048,4,1,,16,,187224.417,186952.676,187224.417,1019.297,0.54,7,123050.143,-34.3,80.5,88.493,245.233,187558.143,15063842816,,,,,,,,False,,,58.87,100425.62,24683.21,0.95,1.0,,123050.14
lxsession_matmul_row_tiling.log:7247,lxsession_matmul_row_tiling.log,38554b4,,False,,matmul_row_tiling,,,,4096,2048,4,1,,32,,176760.771,175554.914,176760.771,564.134,0.32,7,123030.276,-30.4,85.2,90.377,172.606,177023.754,15063842816,,,,,,,,False,,,29.43,100425.62,24683.21,0.95,1.0,,123030.28
lxsession_matmul_row_tiling.log:7371,lxsession_matmul_row_tiling.log,38554b4,,False,,matmul_row_tiling,,,,4096,2048,8,1,,16,,173465.995,0.001,173465.995,60716.578,40.83,7,86021.22,-50.4,68.3,87.011,144.944,173697.95,11849957376,,,,,,,,False,,,29.43,78999.72,12353.64,0.95,1.0,,86021.22
lxsession_matmul_row_tiling.log:7495,lxsession_matmul_row_tiling.log,38554b4,,False,,matmul_row_tiling,,,,4096,2048,8,1,,32,,161996.067,160426.002,161996.067,681.065,0.42,7,86007.975,-46.9,73.1,111.472,154.389,162261.928,11849957376,,,,,,,,False,,,14.72,78999.72,12353.64,0.95,1.0,,86007.97
lxsession_matmul_row_tiling.log:7567,lxsession_matmul_row_tiling.log,38554b4,,False,,matmul_row_tiling,,,,4096,2048,8,1,,,,,,,,,,,,,,,,,,,,,,,,True,,,,,,,,,
lxsession_matmul_row_tiling.log:7735,lxsession_matmul_row_tiling.log,38554b4,,False,,matmul_row_tiling,,,,2048,2048,4,1,,32,,344076.984,0.002,344076.984,120699.377,40.83,7,264990.096,-23.0,87.5,114.295,936.019,345127.298,30119297024,,,,,,,,False,,,58.87,200795.31,49366.41,0.95,1.0,,264990.1
lxsession_matmul_row_tiling.log:7849,lxsession_matmul_row_tiling.log,38554b4,,False,,matmul_row_tiling,,,,2048,4096,1,1,,32,,671.542,662.854,671.542,3.901,0.58,7,470.939,-29.9,62.5,98.701,925.497,1695.74,41943040,,,,,,,,False,,,470.94,279.62,48.15,,1.0,,470.94
lxsession_matmul_row_tiling.log:7907,lxsession_matmul_row_tiling.log,38554b4,,False,,matmul_row_tiling,,,,2048,4096,2,1,,,,,,,,,,,,,,,,,,,,,,,,True,,,,,,,,,
lxsession_matmul_row_tiling.log:8023,lxsession_matmul_row_tiling.log,38554b4,,False,,matmul_row_tiling,,,,2048,4096,4,1,,,,,,,,,,,,,,,,,,,,,,,,True,,,,,,,,,
lxsession_matmul_row_tiling.log:8191,lxsession_matmul_row_tiling.log,38554b4,,False,,matmul_row_tiling,,,,2048,4096,8,1,,32,,646678.63,645689.186,646678.63,635.309,0.1,6,425276.012,-34.2,73.3,128.422,1026.831,647833.882,47406120960,,,,,,,,False,,,58.87,316040.81,49360.39,0.719,1.0,,425276.01
lxsession_matmul_row_tiling.log:8306,lxsession_matmul_row_tiling.log,38554b4,,False,,matmul_row_tiling,,,,4096,4096,1,1,,32,,1451.483,1429.586,1451.483,10.687,0.74,7,941.879,-35.1,46.2,79.072,2230.882,3761.437,67108864,,,,,,,,False,,,941.88,447.39,96.3,,1.0,,941.88
lxsession_matmul_row_tiling.log:8364,lxsession_matmul_row_tiling.log,38554b4,,False,,matmul_row_tiling,,,,4096,4096,2,1,,,,,,,,,,,,,,,,,,,,,,,,True,,,,,,,,,
lxsession_matmul_row_tiling.log:8480,lxsession_matmul_row_tiling.log,38554b4,,False,,matmul_row_tiling,,,,4096,4096,4,1,,,,,,,,,,,,,,,,,,,,,,,,True,,,,,,,,,
lxsession_matmul_row_tiling.log:8596,lxsession_matmul_row_tiling.log,38554b4,,False,,matmul_row_tiling,,,,4096,4096,8,1,,,,,,,,,,,,,,,,,,,,,,,,True,,,,,,,,,
lxsession_matmul_row_tiling.log:8754,lxsession_matmul_row_tiling.log,38554b4,,False,,matmul_row_tiling,,,,4096,4096,1,1,,32,,2647.341,2635.892,2647.341,5.51,0.21,7,1883.758,-28.8,38.0,182.312,8616.416,11446.069,100663296,,,,,,,,False,,,1883.76,671.09,192.6,,1.0,,1883.76
lxsession_matmul_row_tiling.log:8812,lxsession_matmul_row_tiling.log,38554b4,,False,,matmul_row_tiling,,,,4096,4096,12,1,,,,,,,,,,,,,,,,,,,,,,,,True,,,,,,,,,
lxsession_matmul_row_tiling.log:8869,lxsession_matmul_row_tiling.log,38554b4,,False,,matmul_row_tiling,,,,4096,4096,2,1,,,,,,,,,,,,,,,,,,,,,,,,True,,,,,,,,,
lxsession_matmul_row_tiling.log:8985,lxsession_matmul_row_tiling.log,38554b4,,False,,matmul_row_tiling,,,,4096,4096,3,1,,,,,,,,,,,,,,,,,,,,,,,,True,,,,,,,,,
lxsession_matmul_row_tiling.log:9042,lxsession_matmul_row_tiling.log,38554b4,,False,,matmul_row_tiling,,,,4096,4096,4,1,,,,,,,,,,,,,,,,,,,,,,,,True,,,,,,,,,
lxsession_matmul_row_tiling.log:9158,lxsession_matmul_row_tiling.log,38554b4,,False,,matmul_row_tiling,,,,4096,4096,6,1,,,,,,,,,,,,,,,,,,,,,,,,True,,,,,,,,,
lxsession_matmul_row_tiling.log:9215,lxsession_matmul_row_tiling.log,38554b4,,False,,matmul_row_tiling,,,,4096,4096,8,1,,,,,,,,,,,,,,,,,,,,,,,,True,,,,,,,,,
lxsession_matmul_row_tiling.log:9331,lxsession_matmul_row_tiling.log,38554b4,,False,,matmul_row_tiling,,,,4096,8192,8,1,,,,,,,,,,,,,,,,,,,,,,,,True,,,,,,,,,
lxsession_mm.log:52,lxsession_mm.log,38554b4,,False,,mm,2048,1024,,2048,1024,0,1,,32,,247.458,241.397,247.458,2.469,1.0,7,185.165,-25.2,67.8,91.156,840.137,1178.751,16777216,,,,,,,,False,,,117.73,111.85,48.15,,1.0,,185.16
lxsession_mm.log:152,lxsession_mm.log,38554b4,,False,,mm,2048,128,,2048,128,0,1,,32,,81.864,77.898,81.864,2.207,2.72,7,72.079,-12.0,115.3,59.282,848.955,990.101,9437184,,,,,,,,False,,,14.72,62.91,6.02,,1.0,,72.08
lxsession_mm.log:252,lxsession_mm.log,38554b4,,False,,mm,2048,2048,,2048,2048,0,0,,32,,388.364,387.323,388.364,2.54,0.65,7,266.254,-31.4,64.8,53.757,864.912,1307.033,25165824,,,,,,,,False,,,235.47,167.77,48.15,,1.0,,266.25
lxsession_mm.log:352,lxsession_mm.log,38554b4,,False,,mm,2048,2048,,2048,2048,0,1,,32,,384.895,381.525,384.895,3.891,1.01,7,266.254,-30.8,65.4,108.386,859.11,1352.391,25165824,,,,,,,,False,,,235.47,167.77,48.15,,1.0,,266.25
lxsession_mm.log:452,lxsession_mm.log,38554b4,,False,,mm,4096,2048,,4096,2048,0,0,,32,,825.209,812.111,825.209,5.118,0.62,7,526.916,-36.1,50.8,118.857,2238.782,3182.848,41943040,,,,,,,,False,,,470.94,279.62,96.3,,1.0,,526.92
lxsession_mm.log:552,lxsession_mm.log,38554b4,,False,,mm,4096,2048,,4096,2048,0,1,,32,,828.427,823.342,828.427,4.564,0.55,7,526.916,-36.4,50.6,121.034,2228.476,3177.937,41943040,,,,,,,,False,,,470.94,279.62,96.3,,1.0,,526.92
lxsession_mm.log:652,lxsession_mm.log,38554b4,,False,,mm,8192,2048,,8192,2048,0,1,,32,,1614.967,1604.658,1614.967,6.662,0.41,7,1073.406,-33.5,46.7,126.317,8542.853,10284.137,75497472,,,,,,,,False,,,941.88,503.32,192.6,,1.0,,1073.41
lxsession_mm.log:752,lxsession_mm.log,38554b4,,False,,mm,2048,2048,,2048,2048,0,1,,32,,774.185,771.997,774.185,1.601,0.21,7,526.916,-31.9,54.2,106.637,2201.198,3082.02,41943040,,,,,,,,False,,,470.94,279.62,96.3,,1.0,,526.92
lxsession_mm.log:852,lxsession_mm.log,38554b4,,False,,mm,4096,2048,,4096,2048,0,1,,32,,1565.585,1558.78,1565.585,4.817,0.31,7,941.985,-39.8,42.9,168.738,8534.969,10269.292,67108864,,,,,,,,False,,,941.88,447.39,192.6,,1.0,,941.98
lxsession_mm.log:952,lxsession_mm.log,38554b4,,False,,mm,2048,2048,,2048,2048,0,1,,32,,1585.538,1572.166,1585.538,6.727,0.42,7,1073.406,-32.3,47.6,185.242,8487.506,10258.286,75497472,,,,,,,,False,,,941.88,503.32,192.6,,1.0,,1073.41
lxsession_mm.log:1052,lxsession_mm.log,38554b4,,False,,mm,2048,2048,,2048,2048,0,1,,32,,388.611,384.008,388.611,2.354,0.61,7,266.254,-31.5,64.8,97.125,827.714,1313.45,25165824,,,,,,,,False,,,235.47,167.77,48.15,,1.0,,266.25
lxsession_mm.log:1152,lxsession_mm.log,38554b4,,False,,mm,2048,256,,2048,256,0,1,,32,,115.311,108.064,115.311,5.905,5.12,7,88.234,-23.5,90.9,99.096,842.227,1056.634,10485760,,,,,,,,False,,,29.43,69.91,12.04,,1.0,,88.23
lxsession_mm.log:1252,lxsession_mm.log,38554b4,,False,,mm,2048,384,,2048,384,0,1,,32,,151.534,141.525,151.534,6.213,4.11,7,104.389,-31.1,76.1,100.341,859.421,1111.296,11534336,,,,,,,,False,,,44.15,76.9,18.06,,1.0,,104.39
lxsession_mm.log:1352,lxsession_mm.log,38554b4,,False,,mm,2048,4096,,2048,4096,0,0,,32,,665.475,661.788,665.475,2.355,0.35,7,470.939,-29.2,63.0,122.188,927.127,1714.79,41943040,,,,,,,,False,,,470.94,279.62,48.15,,1.0,,470.94
lxsession_mm.log:1452,lxsession_mm.log,38554b4,,False,,mm,2048,4096,,2048,4096,0,1,,32,,668.71,665.885,668.71,3.777,0.56,7,470.939,-29.6,62.7,134.492,941.147,1744.349,41943040,,,,,,,,False,,,470.94,279.62,48.15,,1.0,,470.94
lxsession_mm.log:1552,lxsession_mm.log,38554b4,,False,,mm,2048,512,,2048,512,0,1,,32,,175.737,171.228,175.737,2.07,1.18,7,120.544,-31.4,71.6,99.333,863.876,1138.946,12582912,,,,,,,,False,,,58.87,83.89,24.08,,1.0,,120.54
lxsession_mm.log:1652,lxsession_mm.log,38554b4,,False,,mm,2048,64,,2048,64,0,1,,32,,58.083,57.316,58.083,0.554,0.95,7,64.002,10.2,153.5,90.514,839.986,988.583,8912896,,,,,,,,False,,,7.36,59.42,3.01,,1.0,,64.0
lxsession_mm.log:1752,lxsession_mm.log,38554b4,,False,,mm,2048,8192,,2048,8192,0,1,,32,,1236.955,1230.247,1236.955,8.307,0.67,7,941.879,-23.9,61.0,101.471,850.53,2188.956,75497472,,,,,,,,False,,,941.88,503.32,48.15,,1.0,,941.88
lxsession_mm_nested_m_k.log:52,lxsession_mm_nested_m_k.log,38554b4,,False,,mm_nested_m_k,,,,2048,2048,1,1,,32,,385.124,382.347,385.124,1.964,0.51,7,266.254,-30.9,65.3,102.385,861.268,1348.777,25165824,,,,,,,,False,,,235.47,167.77,48.15,,1.0,,266.25
lxsession_mm_nested_m_k.log:365,lxsession_mm_nested_m_k.log,38554b4,,False,,mm_nested_m_k,,,,4096,2048,1,1,,32,,827.268,814.759,827.268,5.584,0.68,7,526.916,-36.3,50.7,78.747,2244.186,3150.201,41943040,,,,,,,,False,,,470.94,279.62,96.3,,1.0,,526.92
lxsession_mm_nested_m_k.log:423,lxsession_mm_nested_m_k.log,38554b4,,False,,mm_nested_m_k,,,,4096,2048,16,1,,,,,,,,,,,,,,,,,,,,,,,,True,,,,,,,,,
lxsession_mm_nested_m_k.log:545,lxsession_mm_nested_m_k.log,38554b4,,False,,mm_nested_m_k,,,,4096,2048,2,1,,,,,,,,,,,,,,,,,,,,,,,,True,,,,,,,,,
lxsession_mm_nested_m_k.log:671,lxsession_mm_nested_m_k.log,38554b4,,False,,mm_nested_m_k,,,,4096,2048,4,1,,,,,,,,,,,,,,,,,,,,,,,,True,,,,,,,,,
lxsession_mm_nested_m_k.log:792,lxsession_mm_nested_m_k.log,38554b4,,False,,mm_nested_m_k,,,,4096,2048,8,1,,,,,,,,,,,,,,,,,,,,,,,,True,,,,,,,,,
lxsession_mm_nested_m_k.log:955,lxsession_mm_nested_m_k.log,38554b4,,False,,mm_nested_m_k,,,,2048,2048,1,1,,32,,775.693,769.756,775.693,2.495,0.32,7,526.916,-32.1,54.1,119.37,2208.139,3103.202,41943040,,,,,,,,False,,,470.94,279.62,96.3,,1.0,,526.92
lxsession_mm_nested_m_k.log:1013,lxsession_mm_nested_m_k.log,38554b4,,False,,mm_nested_m_k,,,,2048,2048,2,1,,,,,,,,,,,,,,,,,,,,,,,,True,,,,,,,,,
lxsession_mm_nested_m_k.log:1139,lxsession_mm_nested_m_k.log,38554b4,,False,,mm_nested_m_k,,,,2048,2048,4,1,,,,,,,,,,,,,,,,,,,,,,,,True,,,,,,,,,
lxsession_mm_nested_m_k.log:1260,lxsession_mm_nested_m_k.log,38554b4,,False,,mm_nested_m_k,,,,2048,2048,8,1,,,,,,,,,,,,,,,,,,,,,,,,True,,,,,,,,,
lxsession_mmwd.log:52,lxsession_mmwd.log,38554b4,,False,,mmwd,1024,1024,,1024,1024,0,1,,1,,1040.801,1040.65,1040.801,0.167,0.02,7,941.879,-9.5,6.0,74.283,425.69,1540.774,6291456,,,,,,,,False,,,941.88,41.94,12.04,,1.0,,941.88
lxsession_mmwd.log:152,lxsession_mmwd.log,38554b4,,False,,mmwd,1024,1024,,1024,1024,0,1,,16,,87.943,86.007,87.943,0.939,1.07,7,58.867,-33.1,71.5,70.3,324.964,483.207,6291456,,,,,,,,False,,,58.87,41.94,12.04,,1.0,,58.87
lxsession_mmwd.log:252,lxsession_mmwd.log,38554b4,,False,,mmwd,1024,1024,,1024,1024,0,1,,2,,523.85,523.798,523.85,0.079,0.02,7,470.939,-10.1,12.0,82.294,349.296,955.44,6291456,,,,,,,,False,,,470.94,41.94,12.04,,1.0,,470.94
lxsession_mmwd.log:352,lxsession_mmwd.log,38554b4,,False,,mmwd,1024,1024,,1024,1024,0,1,,32,,66.795,66.013,66.795,0.6,0.9,7,53.981,-19.2,94.2,92.405,91.392,250.592,6291456,,,,,,,,False,,,29.43,41.94,12.04,,1.0,,53.98
lxsession_mmwd.log:452,lxsession_mmwd.log,38554b4,,False,,mmwd,1024,1024,,1024,1024,0,1,,4,,257.362,256.892,257.362,0.574,0.22,7,235.47,-8.5,24.4,73.583,312.193,643.138,6291456,,,,,,,,False,,,235.47,41.94,12.04,,1.0,,235.47
lxsession_mmwd.log:552,lxsession_mmwd.log,38554b4,,False,,mmwd,1024,1024,,1024,1024,0,1,,8,,147.557,146.244,147.557,1.545,1.04,7,117.735,-20.2,42.6,69.849,419.961,637.367,6291456,,,,,,,,False,,,117.73,41.94,12.04,,1.0,,117.73
lxsession_mmwd.log:652,lxsession_mmwd.log,38554b4,,False,,mmwd,1024,1024,,1024,1024,0,1,,32,,2640.789,2602.463,2640.789,23.347,0.89,7,3035.292,14.9,26.2,171.35,8558.623,11370.762,69206016,,,,,,,,False,,,470.94,461.37,192.6,,1.0,,3035.29
lxsession_mmwd.log:753,lxsession_mmwd.log,38554b4,,False,,mmwd,2048,1024,,2048,1024,0,1,,1,,4135.391,4135.225,4135.391,0.098,0.0,7,3767.515,-8.9,4.1,99.286,827.852,5062.529,16777216,,,,,,,,False,,,3767.52,111.85,48.15,,1.0,,3767.52
lxsession_mmwd.log:853,lxsession_mmwd.log,38554b4,,False,,mmwd,2048,1024,,2048,1024,0,1,,16,,340.68,337.032,340.68,3.304,0.97,7,235.47,-30.9,49.2,91.9,854.493,1287.073,16777216,,,,,,,,False,,,235.47,111.85,48.15,,1.0,,235.47
lxsession_mmwd.log:953,lxsession_mmwd.log,38554b4,,False,,mmwd,2048,1024,,2048,1024,0,1,,2,,2074.671,2074.431,2074.671,0.448,0.02,7,1883.758,-9.2,8.1,96.488,851.476,3022.635,16777216,,,,,,,,False,,,1883.76,111.85,48.15,,1.0,,1883.76
lxsession_mmwd.log:1053,lxsession_mmwd.log,38554b4,,False,,mmwd,2048,1024,,2048,1024,0,1,,32,,247.325,244.387,247.325,1.32,0.53,7,185.165,-25.1,67.8,95.179,836.228,1178.732,16777216,,,,,,,,False,,,117.73,111.85,48.15,,1.0,,185.16
lxsession_mmwd.log:1153,lxsession_mmwd.log,38554b4,,False,,mmwd,2048,1024,,2048,1024,0,1,,4,,1015.677,1013.473,1015.677,2.427,0.24,7,941.879,-7.3,16.5,92.82,848.746,1957.243,16777216,,,,,,,,False,,,941.88,111.85,48.15,,1.0,,941.88
lxsession_mmwd.log:1253,lxsession_mmwd.log,38554b4,,False,,mmwd,2048,1024,,2048,1024,0,1,,8,,578.771,575.122,578.771,2.845,0.49,7,470.939,-18.6,29.0,97.499,858.378,1534.648,16777216,,,,,,,,False,,,470.94,111.85,48.15,,1.0,,470.94
lxsession_mmwd.log:1353,lxsession_mmwd.log,38554b4,,False,,mmwd,4096,1024,,4096,1024,0,1,,16,,1359.217,1350.424,1359.217,4.498,0.33,7,941.879,-30.7,37.0,192.319,8561.596,10113.132,50331648,,,,,,,,False,,,941.88,335.54,96.3,,1.0,,941.88
lxsession_mmwd.log:1453,lxsession_mmwd.log,38554b4,,False,,mmwd,4096,1024,,4096,1024,0,1,,32,,1028.563,1019.17,1028.563,4.6,0.45,7,582.84,-43.3,48.9,177.019,8651.245,9856.827,50331648,,,,,,,,False,,,470.94,335.54,96.3,,1.0,,582.84
lxsession_mmwd.log:1553,lxsession_mmwd.log,38554b4,,False,,mmwd,4096,1024,,4096,1024,0,1,,4,,4034.52,4031.494,4034.52,1.923,0.05,7,3767.515,-6.6,12.5,183.3,8510.487,12728.307,50331648,,,,,,,,False,,,3767.52,335.54,96.3,,1.0,,3767.52
lxsession_mmwd.log:1653,lxsession_mmwd.log,38554b4,,False,,mmwd,4096,1024,,4096,1024,0,1,,8,,2307.141,2303.148,2307.141,4.97,0.22,7,1883.758,-18.4,21.8,183.904,8551.063,11042.108,50331648,,,,,,,,False,,,1883.76,335.54,96.3,,1.0,,1883.76
lxsession_mmwd.log:1753,lxsession_mmwd.log,38554b4,,False,,mmwd,1024,1024,,1024,1024,0,1,,16,,1773.824,1767.626,1773.824,4.219,0.24,7,1534.074,-13.5,20.1,120.858,2220.37,4115.052,35651584,,,,,,,,False,,,470.94,237.68,96.3,,1.0,,1534.07
lxsession_mmwd.log:1854,lxsession_mmwd.log,38554b4,,False,,mmwd,2048,1024,,2048,1024,0,1,,32,,1491.65,1474.867,1491.65,6.993,0.47,7,1702.852,14.2,36.6,176.611,8537.595,10205.856,54525952,,,,,,,,False,,,470.94,363.51,120.38,,1.0,,1702.85
lxsession_mmwd.log:1955,lxsession_mmwd.log,38554b4,,False,,mmwd,1024,128,,1024,128,0,1,,32,,33.098,32.912,33.098,0.309,0.93,7,37.719,14.0,150.5,80.946,479.454,593.498,4980736,,,,,,,,False,,,7.36,33.2,4.51,,1.0,,37.72
lxsession_mmwd.log:2055,lxsession_mmwd.log,38554b4,,False,,mmwd,2048,128,,2048,128,0,1,,32,,73.555,72.301,73.555,0.528,0.72,7,72.079,-2.0,128.3,109.502,946.613,1129.67,9437184,,,,,,,,False,,,14.72,62.91,6.02,,1.0,,72.08
lxsession_mmwd.log:2155,lxsession_mmwd.log,38554b4,,False,,mmwd,4096,128,,4096,128,0,1,,32,,310.709,305.453,310.709,3.322,1.07,7,268.589,-13.6,114.7,129.104,8554.855,8994.668,35651584,,,,,,,,False,,,58.87,237.68,12.04,,1.0,,268.59
lxsession_mmwd.log:2264,lxsession_mmwd.log,38554b4,,False,,mmwd,2048,16,,2048,16,0,1,,32,,64.781,63.652,64.781,0.984,1.52,7,67.569,4.3,148.7,82.996,834.383,982.16,9633920,,,,,,,,False,,,1.84,63.79,3.39,,1.0,,67.57
lxsession_mmwd.log:2385,lxsession_mmwd.log,38554b4,,False,,mmwd,4096,16,,4096,16,0,1,,32,,254.74,252.65,254.74,1.831,0.72,7,248.557,-2.4,141.5,131.598,8496.836,8883.174,36044928,,,,,,,,False,,,7.36,239.43,6.77,,1.0,,248.56
lxsession_mmwd.log:2497,lxsession_mmwd.log,38554b4,,False,,mmwd,1024,2048,,1024,2048,0,1,,1,,2072.372,2072.268,2072.372,0.152,0.01,7,1883.758,-9.1,5.1,71.008,416.988,2560.368,10485760,,,,,,,,False,,,1883.76,69.91,12.04,,1.0,,1883.76
lxsession_mmwd.log:2597,lxsession_mmwd.log,38554b4,,False,,mmwd,1024,2048,,1024,2048,0,1,,16,,149.912,149.044,149.912,0.919,0.61,7,117.735,-21.5,69.9,76.079,363.245,589.236,10485760,,,,,,,,False,,,117.73,69.91,12.04,,1.0,,117.73
lxsession_mmwd.log:2697,lxsession_mmwd.log,38554b4,,False,,mmwd,1024,2048,,1024,2048,0,1,,16,,269.611,268.571,269.611,0.799,0.3,7,132.274,-50.9,38.9,76.614,389.972,736.197,10485760,,,,,,,,False,,,117.73,69.91,12.04,,1.0,,132.27
lxsession_mmwd.log:2797,lxsession_mmwd.log,38554b4,,False,,mmwd,1024,2048,,1024,2048,0,1,,2,,1040.791,1040.577,1040.791,0.105,0.01,7,941.879,-9.5,10.1,70.141,361.897,1472.829,10485760,,,,,,,,False,,,941.88,69.91,12.04,,1.0,,941.88
lxsession_mmwd.log:2897,lxsession_mmwd.log,38554b4,,False,,mmwd,1024,2048,,1024,2048,0,1,,32,,113.596,112.636,113.596,0.634,0.56,7,81.943,-27.9,92.3,70.869,369.843,554.308,10485760,,,,,,,,False,,,58.87,69.91,12.04,,1.0,,81.94
lxsession_mmwd.log:2997,lxsession_mmwd.log,38554b4,,False,,mmwd,1024,2048,,1024,2048,0,1,,32,,116.106,112.201,116.106,1.865,1.62,7,81.943,-29.4,90.3,79.286,417.862,613.254,10485760,,,,,,,,False,,,58.87,69.91,12.04,,1.0,,81.94
lxsession_mmwd.log:3097,lxsession_mmwd.log,38554b4,,False,,mmwd,1024,2048,,1024,2048,0,1,,32,,140.172,138.913,140.172,1.026,0.73,7,81.943,-41.5,74.8,71.336,427.096,638.604,10485760,,,,,,,,False,,,75.03,69.91,12.04,,0.785,,81.94
lxsession_mmwd.log:3197,lxsession_mmwd.log,38554b4,,False,,mmwd,1024,2048,,1024,2048,0,1,,32,,107.857,107.16,107.857,0.649,0.6,7,81.943,-24.0,97.2,58.824,350.808,517.489,10485760,,,,,,,,False,,,58.87,69.91,12.04,,1.0,,81.94
lxsession_mmwd.log:3297,lxsession_mmwd.log,38554b4,,False,,mmwd,1024,2048,,1024,2048,0,1,,32,,111.864,110.312,111.864,1.264,1.13,7,81.943,-26.7,93.7,75.939,418.529,606.332,10485760,,,,,,,,False,,,58.87,69.91,12.04,,1.0,,81.94
lxsession_mmwd.log:3397,lxsession_mmwd.log,38554b4,,False,,mmwd,1024,2048,,1024,2048,0,1,,4,,508.208,507.098,508.208,0.757,0.15,7,470.939,-7.3,20.6,66.672,339.409,914.289,10485760,,,,,,,,False,,,470.94,69.91,12.04,,1.0,,470.94
lxsession_mmwd.log:3497,lxsession_mmwd.log,38554b4,,False,,mmwd,1024,2048,,1024,2048,0,1,,8,,277.396,275.44,277.396,1.509,0.54,7,235.47,-15.1,37.8,70.147,430.224,777.767,10485760,,,,,,,,False,,,235.47,69.91,12.04,,1.0,,235.47
lxsession_mmwd.log:3597,lxsession_mmwd.log,38554b4,,False,,mmwd,1024,2048,,1024,2048,0,1,,8,,522.279,522.198,522.279,0.041,0.01,7,235.47,-54.9,20.1,70.255,419.511,1012.045,10485760,,,,,,,,False,,,235.47,69.91,12.04,,1.0,,235.47
lxsession_mmwd.log:3655,lxsession_mmwd.log,38554b4,,False,,mmwd,1024,2048,,1024,2048,0,1,,,,,,,,,,,,,,,,,,,,,,,,True,,,,,,,,,
lxsession_mmwd.log:3752,lxsession_mmwd.log,38554b4,,False,,mmwd,128,2048,,128,2048,0,1,,8,,64.267,62.857,64.267,0.751,1.17,7,34.71,-46.0,77.5,29.143,138.425,231.835,4980736,,,,,,,,False,,,29.43,33.2,1.5,,1.0,,34.71
lxsession_mmwd.log:3852,lxsession_mmwd.log,38554b4,,False,,mmwd,2048,2048,,2048,2048,0,1,,16,,299.256,295.509,299.256,1.559,0.52,7,235.47,-21.3,56.1,84.574,519.011,902.841,16777216,,,,,,,,False,,,235.47,111.85,24.08,,1.0,,235.47
lxsession_mmwd.log:3952,lxsession_mmwd.log,38554b4,,False,,mmwd,2048,2048,,2048,2048,0,1,,16,,315.452,313.595,315.452,1.165,0.37,7,235.47,-25.4,53.2,83.799,486.609,885.86,16777216,,,,,,,,False,,,235.47,111.85,24.08,,1.0,,235.47
lxsession_mmwd.log:4052,lxsession_mmwd.log,38554b4,,False,,mmwd,2048,2048,,2048,2048,0,1,,2,,2074.799,2074.501,2074.799,0.206,0.01,7,1883.758,-9.2,8.1,89.319,401.628,2565.746,16777216,,,,,,,,False,,,1883.76,111.85,24.08,,1.0,,1883.76
lxsession_mmwd.log:4152,lxsession_mmwd.log,38554b4,,False,,mmwd,2048,2048,,2048,2048,0,1,,32,,190.01,187.43,190.01,1.14,0.6,7,135.923,-28.5,88.3,80.865,414.957,685.832,16777216,,,,,,,,False,,,117.73,111.85,24.08,,1.0,,135.92
lxsession_mmwd.log:4252,lxsession_mmwd.log,38554b4,,False,,mmwd,2048,2048,,2048,2048,0,1,,32,,167.705,165.907,167.705,0.762,0.45,7,135.923,-19.0,100.0,80.069,504.901,752.675,16777216,,,,,,,,False,,,117.73,111.85,24.08,,1.0,,135.92
lxsession_mmwd.log:4352,lxsession_mmwd.log,38554b4,,False,,mmwd,2048,2048,,2048,2048,0,1,,32,,191.004,187.412,191.004,1.862,0.98,7,135.923,-28.8,87.8,84.255,485.858,761.117,16777216,,,,,,,,False,,,117.73,111.85,24.08,,1.0,,135.92
lxsession_mmwd.log:4452,lxsession_mmwd.log,38554b4,,False,,mmwd,2048,2048,,2048,2048,0,1,,4,,1065.065,1061.456,1065.065,1.726,0.16,7,941.879,-11.6,15.8,93.796,495.309,1654.17,16777216,,,,,,,,False,,,941.88,111.85,24.08,,1.0,,941.88
lxsession_mmwd.log:4552,lxsession_mmwd.log,38554b4,,False,,mmwd,2048,2048,,2048,2048,0,1,,4,,1010.388,1009.24,1010.388,1.283,0.13,7,941.879,-6.8,16.6,81.198,458.923,1550.509,16777216,,,,,,,,False,,,941.88,111.85,24.08,,1.0,,941.88
lxsession_mmwd.log:4652,lxsession_mmwd.log,38554b4,,False,,mmwd,2048,2048,,2048,2048,0,1,,8,,549.319,547.335,549.319,1.895,0.34,7,470.939,-14.3,30.5,79.919,490.305,1119.543,16777216,,,,,,,,False,,,470.94,111.85,24.08,,1.0,,470.94
lxsession_mmwd.log:4752,lxsession_mmwd.log,38554b4,,False,,mmwd,2048,2048,,2048,2048,0,1,,8,,533.136,529.979,533.136,2.551,0.48,7,470.939,-11.7,31.5,76.669,495.878,1105.683,16777216,,,,,,,,False,,,470.94,111.85,24.08,,1.0,,470.94
lxsession_mmwd.log:4852,lxsession_mmwd.log,38554b4,,False,,mmwd,4096,2048,,4096,2048,0,1,,1,,8012.092,8011.988,8012.092,0.081,0.0,7,7535.03,-6.0,3.7,96.173,1002.959,9111.224,29360128,,,,,,,,False,,,7535.03,195.73,48.15,,1.0,,7535.03
lxsession_mmwd.log:4952,lxsession_mmwd.log,38554b4,,False,,mmwd,4096,2048,,4096,2048,0,1,,16,,593.065,588.658,593.065,2.126,0.36,7,470.939,-20.6,49.5,101.678,853.136,1547.879,29360128,,,,,,,,False,,,470.94,195.73,48.15,,1.0,,470.94
lxsession_mmwd.log:5052,lxsession_mmwd.log,38554b4,,False,,mmwd,4096,2048,,4096,2048,0,1,,2,,4142.32,4142.047,4142.32,0.165,0.0,7,3767.515,-9.0,7.1,95.923,945.865,5184.108,29360128,,,,,,,,False,,,3767.52,195.73,48.15,,1.0,,3767.52
lxsession_mmwd.log:5152,lxsession_mmwd.log,38554b4,,False,,mmwd,4096,2048,,4096,2048,0,1,,32,,344.31,339.407,344.31,2.759,0.8,7,306.799,-10.9,85.3,102.841,911.488,1358.639,29360128,,,,,,,,False,,,235.47,195.73,48.15,,1.0,,306.8
lxsession_mmwd.log:5252,lxsession_mmwd.log,38554b4,,False,,mmwd,4096,2048,,4096,2048,0,1,,32,,413.779,407.032,413.779,2.455,0.59,7,306.799,-25.9,71.0,98.37,922.512,1434.661,29360128,,,,,,,,False,,,235.47,195.73,48.15,,1.0,,306.8
lxsession_mmwd.log:5352,lxsession_mmwd.log,38554b4,,False,,mmwd,4096,2048,,4096,2048,0,1,,4,,2016.489,2014.702,2016.489,1.284,0.06,7,1883.758,-6.6,14.6,100.788,926.018,3043.295,29360128,,,,,,,,False,,,1883.76,195.73,48.15,,1.0,,1883.76
lxsession_mmwd.log:5452,lxsession_mmwd.log,38554b4,,False,,mmwd,4096,2048,,4096,2048,0,1,,8,,1095.501,1092.247,1095.501,1.636,0.15,7,941.879,-14.0,26.8,95.489,942.275,2133.265,29360128,,,,,,,,False,,,941.88,195.73,48.15,,1.0,,941.88
lxsession_mmwd.log:5552,lxsession_mmwd.log,38554b4,,False,,mmwd,4096,2048,,4096,2048,0,1,,8,,1064.142,1058.176,1064.142,3.106,0.29,7,941.879,-11.5,27.6,96.994,939.156,2100.292,29360128,,,,,,,,False,,,941.88,195.73,48.15,,1.0,,941.88
lxsession_mmwd.log:5652,lxsession_mmwd.log,38554b4,,False,,mmwd,8192,2048,,8192,2048,0,1,,16,,1182.95,1177.121,1182.95,4.69,0.4,7,941.879,-20.4,46.1,78.421,2221.592,3482.963,54525952,,,,,,,,False,,,941.88,363.51,96.3,,1.0,,941.88
lxsession_mmwd.log:5752,lxsession_mmwd.log,38554b4,,False,,mmwd,8192,2048,,8192,2048,0,1,,2,,8278.584,8278.122,8278.584,0.471,0.01,7,7535.03,-9.0,6.6,77.23,2449.508,10805.322,54525952,,,,,,,,False,,,7535.03,363.51,96.3,,1.0,,7535.03
lxsession_mmwd.log:5852,lxsession_mmwd.log,38554b4,,False,,mmwd,8192,2048,,8192,2048,0,1,,32,,692.022,688.944,692.022,4.53,0.65,7,686.3,-0.8,78.8,77.808,2238.808,3008.638,54525952,,,,,,,,False,,,470.94,363.51,96.3,,1.0,,686.3
lxsession_mmwd.log:5952,lxsession_mmwd.log,38554b4,,False,,mmwd,8192,2048,,8192,2048,0,1,,4,,4025.552,4022.127,4025.552,1.966,0.05,7,3767.515,-6.4,13.5,80.532,2237.553,6343.637,54525952,,,,,,,,False,,,3767.52,363.51,96.3,,1.0,,3767.52
lxsession_mmwd.log:6052,lxsession_mmwd.log,38554b4,,False,,mmwd,8192,2048,,8192,2048,0,1,,8,,2185.853,2182.987,2185.853,3.24,0.15,7,1883.758,-13.8,24.9,81.833,2246.888,4514.574,54525952,,,,,,,,False,,,1883.76,363.51,96.3,,1.0,,1883.76
lxsession_mmwd.log:6152,lxsession_mmwd.log,38554b4,,False,,mmwd,1024,2048,,1024,2048,0,1,,8,,59.77,59.13,59.77,0.426,0.71,7,34.71,-41.9,83.3,28.308,140.988,229.066,4980736,,,,,,,,False,,,29.43,33.2,1.5,,1.0,,34.71
lxsession_mmwd.log:6252,lxsession_mmwd.log,38554b4,,False,,mmwd,128,2048,,128,2048,0,1,,1,,41.424,41.299,41.424,0.095,0.23,7,29.434,-28.9,26.1,22.206,136.788,200.418,1081344,,,,,,,,False,,,29.43,7.21,0.19,,1.0,,29.43
lxsession_mmwd.log:6310,lxsession_mmwd.log,38554b4,,False,,mmwd,128,2048,,128,2048,0,1,,,,,,,,,,,,,,,,,,,,,,,,True,,,,,,,,,
lxsession_mmwd.log:6407,lxsession_mmwd.log,38554b4,,False,,mmwd,2048,2048,,2048,2048,0,1,,16,,105.044,102.579,105.044,1.189,1.14,7,65.924,-37.2,89.8,35.87,179.247,320.161,9437184,,,,,,,,False,,,29.43,62.91,3.01,,1.0,,65.92
lxsession_mmwd.log:6507,lxsession_mmwd.log,38554b4,,False,,mmwd,256,2048,,256,2048,0,1,,2,,37.919,37.801,37.919,0.136,0.36,7,29.434,-22.4,43.2,23.929,137.383,199.231,1638400,,,,,,,,False,,,29.43,10.92,0.38,,1.0,,29.43
lxsession_mmwd.log:6607,lxsession_mmwd.log,38554b4,,False,,mmwd,4096,2048,,4096,2048,0,1,,32,,123.417,122.234,123.417,0.643,0.52,7,128.353,4.0,148.7,45.21,277.877,446.504,18350080,,,,,,,,False,,,29.43,122.33,6.02,,1.0,,128.35
lxsession_mmwd.log:6707,lxsession_mmwd.log,38554b4,,False,,mmwd,512,2048,,512,2048,0,1,,4,,39.221,39.157,39.221,0.1,0.25,7,29.434,-25.0,70.2,26.759,136.296,202.276,2752512,,,,,,,,False,,,29.43,18.35,0.75,,1.0,,29.43
lxsession_mmwd.log:6807,lxsession_mmwd.log,38554b4,,False,,mmwd,1536,2048,,1536,2048,0,1,,32,,194.083,192.864,194.083,1.077,0.55,7,148.843,-23.3,89.1,100.029,1315.05,1609.162,17301504,,,,,,,,False,,,132.45,115.34,27.08,,1.0,,148.84
lxsession_mmwd.log:6907,lxsession_mmwd.log,38554b4,,False,,mmwd,2048,2048,,2048,2048,0,1,,32,,304.062,302.274,304.062,1.557,0.51,7,201.685,-33.7,69.0,110.906,949.096,1364.064,20971520,,,,,,,,False,,,176.6,139.81,36.11,,1.0,,201.68
lxsession_mmwd.log:7007,lxsession_mmwd.log,38554b4,,False,,mmwd,1024,2048,,1024,2048,0,1,,16,,296.65,294.935,296.65,2.156,0.73,7,235.47,-20.6,56.6,82.12,459.845,838.615,16777216,,,,,,,,False,,,235.47,111.85,24.08,,1.0,,235.47
lxsession_mmwd.log:7107,lxsession_mmwd.log,38554b4,,False,,mmwd,1024,2048,,1024,2048,0,1,,32,,227.795,224.84,227.795,1.524,0.67,7,135.923,-40.3,73.7,77.75,468.929,774.474,16777216,,,,,,,,False,,,117.73,111.85,24.08,,1.0,,135.92
lxsession_mmwd.log:7207,lxsession_mmwd.log,38554b4,,False,,mmwd,1024,2048,,1024,2048,0,1,,32,,184.774,181.809,184.774,1.675,0.91,7,135.923,-26.4,90.8,74.123,484.384,743.281,16777216,,,,,,,,False,,,117.73,111.85,24.08,,1.0,,135.92
lxsession_mmwd.log:7307,lxsession_mmwd.log,38554b4,,False,,mmwd,1024,2048,,1024,2048,0,1,,32,,171.428,170.586,171.428,1.086,0.63,7,135.923,-20.7,97.9,74.183,501.92,747.531,16777216,,,,,,,,False,,,117.73,111.85,24.08,,1.0,,135.92
lxsession_mmwd.log:7407,lxsession_mmwd.log,38554b4,,False,,mmwd,128,2048,,128,2048,0,1,,16,,112.391,111.305,112.391,0.974,0.87,7,65.924,-41.3,84.0,34.478,176.732,323.601,9437184,,,,,,,,False,,,29.43,62.91,3.01,,1.0,,65.92
lxsession_mmwd.log:7507,lxsession_mmwd.log,38554b4,,False,,mmwd,1536,2048,,1536,2048,0,1,,16,,454.142,449.803,454.142,1.914,0.42,7,353.205,-22.2,46.2,90.581,879.088,1423.811,20971520,,,,,,,,False,,,353.2,139.81,36.11,,1.0,,353.2
lxsession_mmwd.log:7607,lxsession_mmwd.log,38554b4,,False,,mmwd,1536,2048,,1536,2048,0,1,,32,,290.441,287.892,290.441,1.337,0.46,7,201.685,-30.6,72.2,49.097,976.705,1316.243,20971520,,,,,,,,False,,,176.6,139.81,36.11,,1.0,,201.68
lxsession_mmwd.log:7707,lxsession_mmwd.log,38554b4,,False,,mmwd,2048,2048,,2048,2048,0,1,,1,,8261.521,8261.232,8261.521,0.155,0.0,7,7535.03,-8.8,3.0,86.359,933.102,9280.982,25165824,,,,,,,,False,,,7535.03,167.77,48.15,,1.0,,7535.03
lxsession_mmwd.log:7807,lxsession_mmwd.log,38554b4,,False,,mmwd,2048,2048,,2048,2048,0,1,,1,,8261.06,8260.806,8261.06,0.155,0.0,7,7535.03,-8.8,3.0,100.104,934.955,9296.119,25165824,,,,,,,,False,,,7535.03,167.77,48.15,,1.0,,7535.03
lxsession_mmwd.log:7907,lxsession_mmwd.log,38554b4,,False,,mmwd,2048,2048,,2048,2048,0,1,,16,,592.422,589.783,592.422,2.671,0.45,7,470.939,-20.5,42.5,95.999,854.959,1543.38,25165824,,,,,,,,False,,,470.94,167.77,48.15,,1.0,,470.94
lxsession_mmwd.log:8007,lxsession_mmwd.log,38554b4,,False,,mmwd,2048,2048,,2048,2048,0,1,,16,,632.637,623.9,632.637,6.081,0.96,7,470.939,-25.6,39.8,94.35,853.19,1580.177,25165824,,,,,,,,False,,,470.94,167.77,48.15,,1.0,,470.94
lxsession_mmwd.log:8107,lxsession_mmwd.log,38554b4,,False,,mmwd,2048,2048,,2048,2048,0,1,,16,,1096.126,1095.041,1096.126,1.231,0.11,7,470.939,-57.0,23.0,94.357,855.043,2045.526,25165824,,,,,,,,False,,,470.94,167.77,48.15,,1.0,,470.94
lxsession_mmwd.log:8207,lxsession_mmwd.log,38554b4,,False,,mmwd,2048,2048,,2048,2048,0,1,,16,,1062.738,1059.303,1062.738,1.67,0.16,7,470.939,-55.7,23.7,99.451,853.01,2015.199,25165824,,,,,,,,False,,,470.94,167.77,48.15,,1.0,,470.94
lxsession_mmwd.log:8307,lxsession_mmwd.log,38554b4,,False,,mmwd,2048,2048,,2048,2048,0,1,,16,,1049.013,1047.12,1049.013,1.051,0.1,7,470.939,-55.1,24.0,103.586,848.012,2000.611,25165824,,,,,,,,False,,,470.94,167.77,48.15,,1.0,,470.94
lxsession_mmwd.log:8407,lxsession_mmwd.log,38554b4,,False,,mmwd,2048,2048,,2048,2048,0,1,,2,,4142.663,4141.742,4142.663,0.517,0.01,7,3767.515,-9.1,6.1,100.057,853.637,5096.357,25165824,,,,,,,,False,,,3767.52,167.77,48.15,,1.0,,3767.52
lxsession_mmwd.log:8507,lxsession_mmwd.log,38554b4,,False,,mmwd,2048,2048,,2048,2048,0,1,,32,,388.822,383.427,388.822,2.376,0.61,7,266.254,-31.5,64.7,106.712,857.256,1352.79,25165824,,,,,,,,False,,,235.47,167.77,48.15,,1.0,,266.25
lxsession_mmwd.log:8607,lxsession_mmwd.log,38554b4,,False,,mmwd,2048,2048,,2048,2048,0,1,,32,,386.342,384.836,386.342,1.4,0.36,7,266.254,-31.1,65.1,101.429,852.157,1339.928,25165824,,,,,,,,False,,,235.47,167.77,48.15,,1.0,,266.25
lxsession_mmwd.log:8707,lxsession_mmwd.log,38554b4,,False,,mmwd,2048,2048,,2048,2048,0,1,,32,,387.299,382.015,387.299,3.221,0.83,7,266.254,-31.3,65.0,93.479,852.607,1333.385,25165824,,,,,,,,False,,,235.47,167.77,48.15,,1.0,,266.25
lxsession_mmwd.log:8807,lxsession_mmwd.log,38554b4,,False,,mmwd,2048,2048,,2048,2048,0,1,,32,,385.905,377.778,385.905,5.34,1.38,7,266.254,-31.0,65.2,102.263,859.464,1347.632,25165824,,,,,,,,False,,,235.47,167.77,48.15,,1.0,,266.25
lxsession_mmwd.log:8907,lxsession_mmwd.log,38554b4,,False,,mmwd,2048,2048,,2048,2048,0,1,,32,,392.599,388.73,392.599,3.518,0.89,7,266.254,-32.2,64.1,103.791,826.342,1322.732,25165824,,,,,,,,False,,,235.47,167.77,48.15,,1.0,,266.25
lxsession_mmwd.log:9007,lxsession_mmwd.log,38554b4,,False,,mmwd,2048,2048,,2048,2048,0,1,,32,,402.875,400.424,402.875,1.982,0.49,7,266.254,-33.9,62.5,100.577,856.453,1359.905,25165824,,,,,,,,False,,,235.47,167.77,48.15,,1.0,,266.25
lxsession_mmwd.log:9107,lxsession_mmwd.log,38554b4,,False,,mmwd,2048,2048,,2048,2048,0,1,,32,,386.51,381.554,386.51,2.6,0.67,7,266.254,-31.1,65.1,93.1,857.809,1337.419,25165824,,,,,,,,False,,,235.47,167.77,48.15,,1.0,,266.25
lxsession_mmwd.log:9207,lxsession_mmwd.log,38554b4,,False,,mmwd,2048,2048,,2048,2048,0,1,,32,,386.826,382.052,386.826,2.953,0.76,7,266.254,-31.2,65.1,103.98,859.961,1350.767,25165824,,,,,,,,False,,,235.47,167.77,48.15,,1.0,,266.25
lxsession_mmwd.log:9307,lxsession_mmwd.log,38554b4,,False,,mmwd,2048,2048,,2048,2048,0,1,,32,,571.292,567.011,571.292,1.929,0.34,7,316.586,-44.6,44.1,88.679,853.909,1513.88,25165824,,,,,,,,False,,,235.47,167.77,48.15,,1.0,,316.59
lxsession_mmwd.log:9407,lxsession_mmwd.log,38554b4,,False,,mmwd,2048,2048,,2048,2048,0,1,,32,,675.412,670.661,675.412,6.284,0.93,7,366.918,-45.7,37.3,85.861,854.993,1616.266,25165824,,,,,,,,False,,,235.47,167.77,48.15,,1.0,,366.92
lxsession_mmwd.log:9507,lxsession_mmwd.log,38554b4,,False,,mmwd,2048,2048,,2048,2048,0,1,,32,,689.556,663.913,689.556,12.339,1.8,7,366.918,-46.8,36.5,100.642,852.29,1642.488,25165824,,,,,,,,False,,,235.47,167.77,48.15,,1.0,,366.92
lxsession_mmwd.log:9607,lxsession_mmwd.log,38554b4,,False,,mmwd,2048,2048,,2048,2048,0,1,,32,,785.342,783.102,785.342,2.694,0.34,7,383.695,-51.1,32.0,96.105,850.331,1731.778,25165824,,,,,,,,False,,,235.47,167.77,48.15,,1.0,,383.69
lxsession_mmwd.log:9707,lxsession_mmwd.log,38554b4,,False,,mmwd,2048,2048,,2048,2048,0,1,,4,,2125.447,2122.896,2125.447,2.394,0.11,7,1883.758,-11.4,11.8,98.918,851.522,3075.887,25165824,,,,,,,,False,,,1883.76,167.77,48.15,,1.0,,1883.76
lxsession_mmwd.log:9807,lxsession_mmwd.log,38554b4,,False,,mmwd,2048,2048,,2048,2048,0,1,,2,,4141.293,4140.445,4141.293,0.51,0.01,7,3767.515,-9.0,6.1,103.879,856.464,5101.636,25165824,,,,,,,,False,,,3767.52,167.77,48.15,,1.0,,3767.52
lxsession_mmwd.log:9907,lxsession_mmwd.log,38554b4,,False,,mmwd,2048,2048,,2048,2048,0,1,,4,,2126.353,2123.91,2126.353,1.434,0.07,7,1883.758,-11.4,11.8,100.979,847.851,3075.183,25165824,,,,,,,,False,,,1883.76,167.77,48.15,,1.0,,1883.76
lxsession_mmwd.log:10007,lxsession_mmwd.log,38554b4,,False,,mmwd,2048,2048,,2048,2048,0,1,,4,,2018.573,2015.407,2018.573,1.764,0.09,7,1883.758,-6.7,12.5,106.723,860.393,2985.689,25165824,,,,,,,,False,,,1883.76,167.77,48.15,,1.0,,1883.76
lxsession_mmwd.log:10107,lxsession_mmwd.log,38554b4,,False,,mmwd,2048,2048,,2048,2048,0,1,,4,,2058.971,2053.198,2058.971,3.174,0.15,7,1883.758,-8.5,12.2,98.852,851.878,3009.701,25165824,,,,,,,,False,,,1883.76,167.77,48.15,,1.0,,1883.76
lxsession_mmwd.log:10207,lxsession_mmwd.log,38554b4,,False,,mmwd,2048,2048,,2048,2048,0,1,,8,,1096.4,1092.361,1096.4,2.914,0.27,7,941.879,-14.1,23.0,103.29,860.273,2059.963,25165824,,,,,,,,False,,,941.88,167.77,48.15,,1.0,,941.88
lxsession_mmwd.log:10307,lxsession_mmwd.log,38554b4,,False,,mmwd,2048,2048,,2048,2048,0,1,,8,,1062.309,1060.075,1062.309,1.415,0.13,7,941.879,-11.3,23.7,95.802,861.914,2020.025,25165824,,,,,,,,False,,,941.88,167.77,48.15,,1.0,,941.88
lxsession_mmwd.log:10407,lxsession_mmwd.log,38554b4,,False,,mmwd,2048,2048,,2048,2048,0,1,,8,,2069.376,2069.295,2069.376,0.052,0.0,7,941.879,-54.5,12.2,97.286,851.151,3017.813,25165824,,,,,,,,False,,,941.88,167.77,48.15,,1.0,,941.88
lxsession_mmwd.log:10507,lxsession_mmwd.log,38554b4,,False,,mmwd,256,2048,,256,2048,0,1,,16,,85.798,85.427,85.798,0.408,0.48,7,75.924,-11.5,122.2,45.304,276.387,407.489,10485760,,,,,,,,False,,,58.87,69.91,6.02,,1.0,,75.92
lxsession_mmwd.log:10607,lxsession_mmwd.log,38554b4,,False,,mmwd,3072,2048,,3072,2048,0,1,,16,,889.894,883.589,889.894,2.642,0.3,7,706.409,-20.6,37.7,107.603,1551.412,2548.909,33554432,,,,,,,,False,,,706.41,223.7,72.23,,1.0,,706.41
lxsession_mmwd.log:10707,lxsession_mmwd.log,38554b4,,False,,mmwd,3072,2048,,3072,2048,0,1,,32,,605.799,603.885,605.799,3.486,0.57,7,395.639,-34.7,55.4,106.352,1553.451,2265.602,33554432,,,,,,,,False,,,353.2,223.7,72.23,,1.0,,395.64
lxsession_mmwd.log:10807,lxsession_mmwd.log,38554b4,,False,,mmwd,4096,2048,,4096,2048,0,1,,1,,16015.411,16015.263,16015.411,0.092,0.0,7,15070.061,-5.9,2.6,122.059,2433.472,18570.942,41943040,,,,,,,,False,,,15070.06,279.62,96.3,,1.0,,15070.06
lxsession_mmwd.log:10907,lxsession_mmwd.log,38554b4,,False,,mmwd,4096,2048,,4096,2048,0,1,,1,,16015.063,16014.882,16015.063,0.466,0.0,7,15070.061,-5.9,2.6,77.625,2450.878,18543.566,41943040,,,,,,,,False,,,15070.06,279.62,96.3,,1.0,,15070.06
lxsession_mmwd.log:11007,lxsession_mmwd.log,38554b4,,False,,mmwd,4096,2048,,4096,2048,0,1,,16,,1181.198,1174.045,1181.198,4.312,0.37,7,941.879,-20.3,35.5,122.936,2206.763,3510.897,41943040,,,,,,,,False,,,941.88,279.62,96.3,,1.0,,941.88
lxsession_mmwd.log:11107,lxsession_mmwd.log,38554b4,,False,,mmwd,4096,2048,,4096,2048,0,1,,16,,1382.127,1367.677,1382.127,9.67,0.7,7,941.879,-31.9,30.3,137.307,2175.642,3695.076,41943040,,,,,,,,False,,,941.88,279.62,96.3,,1.0,,941.88
lxsession_mmwd.log:11207,lxsession_mmwd.log,38554b4,,False,,mmwd,4096,2048,,4096,2048,0,1,,2,,8278.9,8278.28,8278.9,0.439,0.01,7,7535.03,-9.0,5.1,117.996,2423.086,10819.982,41943040,,,,,,,,False,,,7535.03,279.62,96.3,,1.0,,7535.03
lxsession_mmwd.log:11307,lxsession_mmwd.log,38554b4,,False,,mmwd,4096,2048,,4096,2048,0,1,,32,,822.774,817.172,822.774,6.83,0.83,7,526.916,-36.0,51.0,118.756,2225.845,3167.375,41943040,,,,,,,,False,,,470.94,279.62,96.3,,1.0,,526.92
lxsession_mmwd.log:11407,lxsession_mmwd.log,38554b4,,False,,mmwd,4096,2048,,4096,2048,0,1,,32,,1381.476,1373.859,1381.476,7.707,0.56,7,904.404,-34.5,30.4,83.645,2247.863,3712.984,41943040,,,,,,,,False,,,470.94,279.62,96.3,,1.0,,904.4
lxsession_mmwd.log:11508,lxsession_mmwd.log,38554b4,,False,,mmwd,4096,2048,,4096,2048,0,1,,32,,1222.741,1204.663,1222.741,8.219,0.67,7,870.325,-28.8,34.3,122.451,2183.21,3528.402,41943040,,,,,,,,False,,,470.94,279.62,96.3,,1.0,,870.33
lxsession_mmwd.log:11609,lxsession_mmwd.log,38554b4,,False,,mmwd,4096,2048,,4096,2048,0,1,,32,,809.609,806.286,809.609,4.435,0.55,7,526.916,-34.9,51.8,121.152,2232.917,3163.678,41943040,,,,,,,,False,,,470.94,279.62,96.3,,1.0,,526.92
lxsession_mmwd.log:11709,lxsession_mmwd.log,38554b4,,False,,mmwd,4096,2048,,4096,2048,0,1,,4,,4030.164,4025.127,4030.164,2.229,0.06,7,3767.515,-6.5,10.4,119.098,2219.118,6368.38,41943040,,,,,,,,False,,,3767.52,279.62,96.3,,1.0,,3767.52
lxsession_mmwd.log:11809,lxsession_mmwd.log,38554b4,,False,,mmwd,4096,2048,,4096,2048,0,1,,32,,1196.955,1190.458,1196.955,4.853,0.41,7,1213.734,1.4,35.0,114.644,2219.425,3531.024,41943040,,,,,,,,False,,,470.94,279.62,96.3,,1.0,,1213.73
lxsession_mmwd.log:11910,lxsession_mmwd.log,38554b4,,False,,mmwd,4096,2048,,4096,2048,0,1,,8,,2122.019,2116.604,2122.019,3.195,0.15,7,1883.758,-11.2,19.8,126.657,2234.042,4482.718,41943040,,,,,,,,False,,,1883.76,279.62,96.3,,1.0,,1883.76
lxsession_mmwd.log:12010,lxsession_mmwd.log,38554b4,,False,,mmwd,4096,2048,,4096,2048,0,1,,32,,816.207,806.783,816.207,4.29,0.53,7,526.916,-35.4,51.4,117.919,2211.667,3145.793,41943040,,,,,,,,False,,,470.94,279.62,96.3,,1.0,,526.92
lxsession_mmwd.log:12110,lxsession_mmwd.log,38554b4,,False,,mmwd,4096,2048,,4096,2048,0,1,,16,,1385.133,1376.525,1385.133,8.339,0.6,7,941.879,-32.0,30.3,123.577,2196.371,3705.081,41943040,,,,,,,,False,,,941.88,279.62,96.3,,1.0,,941.88
lxsession_mmwd.log:12210,lxsession_mmwd.log,38554b4,,False,,mmwd,4096,2048,,4096,2048,0,1,,32,,830.871,820.814,830.871,5.221,0.63,7,526.916,-36.6,50.5,118.109,2260.25,3209.23,41943040,,,,,,,,False,,,470.94,279.62,96.3,,1.0,,526.92
lxsession_mmwd.log:12310,lxsession_mmwd.log,38554b4,,False,,mmwd,4096,2048,,4096,2048,0,1,,4,,4252.032,4246.518,4252.032,3.325,0.08,7,3767.515,-11.4,9.9,117.346,2208.954,6578.332,41943040,,,,,,,,False,,,3767.52,279.62,96.3,,1.0,,3767.52
lxsession_mmwd.log:12410,lxsession_mmwd.log,38554b4,,False,,mmwd,4096,2048,,4096,2048,0,1,,4,,4247.383,4245.81,4247.383,3.003,0.07,7,3767.515,-11.3,9.9,118.999,2233.503,6599.885,41943040,,,,,,,,False,,,3767.52,279.62,96.3,,1.0,,3767.52
lxsession_mmwd.log:12510,lxsession_mmwd.log,38554b4,,False,,mmwd,4096,2048,,4096,2048,0,1,,4,,4030.169,4028.316,4030.169,1.379,0.03,7,3767.515,-6.5,10.4,121.394,2205.812,6357.375,41943040,,,,,,,,False,,,3767.52,279.62,96.3,,1.0,,3767.52
lxsession_mmwd.log:12610,lxsession_mmwd.log,38554b4,,False,,mmwd,4096,2048,,4096,2048,0,1,,8,,2192.213,2180.289,2192.213,5.791,0.26,7,1883.758,-14.1,19.1,116.041,2217.33,4525.584,41943040,,,,,,,,False,,,1883.76,279.62,96.3,,1.0,,1883.76
lxsession_mmwd.log:12710,lxsession_mmwd.log,38554b4,,False,,mmwd,4096,2048,,4096,2048,0,1,,8,,2120.728,2116.165,2120.728,2.292,0.11,7,1883.758,-11.2,19.8,120.374,2209.099,4450.201,41943040,,,,,,,,False,,,1883.76,279.62,96.3,,1.0,,1883.76
lxsession_mmwd.log:12810,lxsession_mmwd.log,38554b4,,False,,mmwd,512,2048,,512,2048,0,1,,16,,153.655,151.911,153.655,1.066,0.69,7,117.735,-23.4,81.9,76.775,372.333,602.763,12582912,,,,,,,,False,,,117.73,83.89,12.04,,1.0,,117.73
lxsession_mmwd.log:12910,lxsession_mmwd.log,38554b4,,False,,mmwd,512,2048,,512,2048,0,1,,32,,86.18,84.644,86.18,0.731,0.85,7,95.924,11.3,146.0,72.82,333.056,492.056,12582912,,,,,,,,False,,,58.87,83.89,12.04,,1.0,,95.92
lxsession_mmwd.log:13010,lxsession_mmwd.log,38554b4,,False,,mmwd,6144,2048,,6144,2048,0,1,,16,,1773.551,1765.493,1773.551,4.036,0.23,7,1412.818,-20.3,33.1,105.054,3882.439,5761.044,58720256,,,,,,,,False,,,1412.82,391.47,144.45,,1.0,,1412.82
lxsession_mmwd.log:13110,lxsession_mmwd.log,38554b4,,False,,mmwd,6144,2048,,6144,2048,0,1,,32,,1566.665,1557.877,1566.665,3.881,0.25,7,1551.106,-1.0,37.5,142.994,3838.507,5548.166,58720256,,,,,,,,False,,,706.41,391.47,144.45,,1.0,,1551.11
lxsession_mmwd.log:13211,lxsession_mmwd.log,38554b4,,False,,mmwd,6144,2048,,6144,2048,0,1,,32,,1930.053,1916.258,1930.053,6.835,0.35,7,1482.948,-23.2,30.4,142.377,3770.133,5842.563,58720256,,,,,,,,False,,,706.41,391.47,144.45,,1.0,,1482.95
lxsession_mmwd.log:13312,lxsession_mmwd.log,38554b4,,False,,mmwd,6144,2048,,6144,2048,0,1,,32,,1224.864,1217.882,1224.864,4.376,0.36,7,796.131,-35.0,47.9,112.082,3856.859,5193.805,58720256,,,,,,,,False,,,706.41,391.47,144.45,,1.0,,796.13
lxsession_mmwd.log:13412,lxsession_mmwd.log,38554b4,,False,,mmwd,6144,2048,,6144,2048,0,1,,32,,3016.43,3008.016,3016.43,4.986,0.17,7,2169.766,-28.1,19.5,102.321,3735.134,6853.885,58720256,,,,,,,,False,,,706.41,391.47,144.45,,1.0,,2169.77
lxsession_mmwd.log:13513,lxsession_mmwd.log,38554b4,,False,,mmwd,6144,2048,,6144,2048,0,1,,32,,1207.154,1199.487,1207.154,3.561,0.3,7,796.131,-34.0,48.6,141.525,3820.352,5169.031,58720256,,,,,,,,False,,,706.41,391.47,144.45,,1.0,,796.13
lxsession_mmwd.log:13613,lxsession_mmwd.log,38554b4,,False,,mmwd,6144,2048,,6144,2048,0,1,,32,,1227.586,1216.227,1227.586,6.139,0.5,7,796.131,-35.1,47.8,109.199,3852.125,5188.91,58720256,,,,,,,,False,,,706.41,391.47,144.45,,1.0,,796.13
lxsession_mmwd.log:13713,lxsession_mmwd.log,38554b4,,False,,mmwd,768,2048,,768,2048,0,1,,16,,227.304,224.029,227.304,1.415,0.62,7,176.602,-22.3,64.6,90.859,391.129,709.292,14680064,,,,,,,,False,,,176.6,97.87,18.06,,1.0,,176.6
lxsession_mmwd.log:13813,lxsession_mmwd.log,38554b4,,False,,mmwd,8192,2048,,8192,2048,0,1,,16,,2561.343,2557.625,2561.343,2.731,0.11,7,1883.758,-26.5,29.5,180.137,8517.697,11259.177,75497472,,,,,,,,False,,,1883.76,503.32,192.6,,1.0,,1883.76
lxsession_mmwd.log:13913,lxsession_mmwd.log,38554b4,,False,,mmwd,8192,2048,,8192,2048,0,1,,16,,2360.2,2355.353,2360.2,5.379,0.23,7,1883.758,-20.2,32.0,176.416,8505.497,11042.113,75497472,,,,,,,,False,,,1883.76,503.32,192.6,,1.0,,1883.76
lxsession_mmwd.log:14013,lxsession_mmwd.log,38554b4,,False,,mmwd,8192,2048,,8192,2048,0,1,,16,,2596.924,2586.073,2596.924,9.151,0.35,7,1883.758,-27.5,29.1,180.705,8536.967,11314.596,75497472,,,,,,,,False,,,1883.76,503.32,192.6,,1.0,,1883.76
lxsession_mmwd.log:14113,lxsession_mmwd.log,38554b4,,False,,mmwd,8192,2048,,8192,2048,0,1,,32,,2809.581,2765.869,2809.581,20.022,0.71,7,2205.868,-21.5,26.9,170.444,8625.109,11605.134,75497472,,,,,,,,False,,,941.88,503.32,192.6,,1.0,,2205.87
lxsession_mmwd.log:14214,lxsession_mmwd.log,38554b4,,False,,mmwd,8192,2048,,8192,2048,0,1,,32,,2600.616,2564.405,2600.616,34.993,1.34,7,2103.632,-19.1,29.0,166.036,8505.471,11272.123,75497472,,,,,,,,False,,,941.88,503.32,192.6,,1.0,,2103.63
lxsession_mmwd.log:14315,lxsession_mmwd.log,38554b4,,False,,mmwd,8192,2048,,8192,2048,0,1,,32,,1639.537,1628.902,1639.537,5.627,0.34,7,1073.406,-34.5,46.0,173.091,8520.165,10332.793,75497472,,,,,,,,False,,,941.88,503.32,192.6,,1.0,,1073.41
lxsession_mmwd.log:14415,lxsession_mmwd.log,38554b4,,False,,mmwd,8192,2048,,8192,2048,0,1,,32,,4076.75,4039.191,4076.75,13.901,0.34,7,3133.858,-23.1,18.5,174.698,8458.334,12709.782,75497472,,,,,,,,False,,,941.88,503.32,192.6,,1.0,,3133.86
lxsession_mmwd.log:14516,lxsession_mmwd.log,38554b4,,False,,mmwd,8192,2048,,8192,2048,0,1,,32,,1613.424,1609.043,1613.424,3.876,0.24,7,1073.406,-33.5,46.8,180.276,8580.611,10374.311,75497472,,,,,,,,False,,,941.88,503.32,192.6,,1.0,,1073.41
lxsession_mmwd.log:14616,lxsession_mmwd.log,38554b4,,False,,mmwd,8192,2048,,8192,2048,0,1,,32,,1615.651,1602.935,1615.651,8.365,0.52,7,1073.406,-33.6,46.7,176.035,8556.804,10348.49,75497472,,,,,,,,False,,,941.88,503.32,192.6,,1.0,,1073.41
lxsession_mmwd.log:14716,lxsession_mmwd.log,38554b4,,False,,mmwd,8192,2048,,8192,2048,0,1,,4,,8492.836,8478.075,8492.836,9.27,0.11,7,7535.03,-11.3,8.9,185.337,6067.085,14745.258,75497472,,,,,,,,False,,,7535.03,503.32,192.6,,1.0,,7535.03
lxsession_mmwd.log:14816,lxsession_mmwd.log,38554b4,,False,,mmwd,128,2048,,128,2048,0,1,,2,,37.883,37.843,37.883,0.043,0.11,7,29.434,-22.3,43.2,24.557,137.319,199.759,1638400,,,,,,,,False,,,29.43,10.92,0.38,,1.0,,29.43
lxsession_mmwd.log:14874,lxsession_mmwd.log,38554b4,,False,,mmwd,256,2048,,256,2048,0,1,,,,,,,,,,,,,,,,,,,,,,,,True,,,,,,,,,
lxsession_mmwd.log:14971,lxsession_mmwd.log,38554b4,,False,,mmwd,2560,2048,,2560,2048,0,1,,32,,597.598,590.835,597.598,4.811,0.8,7,405.849,-32.1,57.0,89.067,2222.305,2908.97,34078720,,,,,,,,False,,,367.92,227.19,75.24,,1.0,,405.85
lxsession_mmwd.log:15071,lxsession_mmwd.log,38554b4,,False,,mmwd,2048,2048,,2048,2048,0,1,,32,,882.76,875.558,882.76,3.953,0.45,7,395.639,-55.2,38.0,113.321,1543.948,2540.029,33554432,,,,,,,,False,,,353.2,223.7,72.23,,1.0,,395.64
lxsession_mmwd.log:15171,lxsession_mmwd.log,38554b4,,False,,mmwd,1024,2048,,1024,2048,0,1,,1,,8261.05,8260.903,8261.05,0.308,0.0,7,7535.03,-8.8,3.6,95.179,998.955,9355.184,29360128,,,,,,,,False,,,7535.03,195.73,48.15,,1.0,,7535.03
lxsession_mmwd.log:15271,lxsession_mmwd.log,38554b4,,False,,mmwd,1024,2048,,1024,2048,0,1,,16,,593.215,587.103,593.215,3.743,0.63,7,470.939,-20.6,49.5,96.918,933.426,1623.559,29360128,,,,,,,,False,,,470.94,195.73,48.15,,1.0,,470.94
lxsession_mmwd.log:15371,lxsession_mmwd.log,38554b4,,False,,mmwd,1024,2048,,1024,2048,0,1,,2,,4142.954,4142.197,4142.954,0.561,0.01,7,3767.515,-9.1,7.1,57.893,863.408,5064.255,29360128,,,,,,,,False,,,3767.52,195.73,48.15,,1.0,,3767.52
lxsession_mmwd.log:15471,lxsession_mmwd.log,38554b4,,False,,mmwd,1024,2048,,1024,2048,0,1,,32,,377.987,373.865,377.987,2.075,0.55,7,306.799,-18.8,77.7,93.767,924.12,1395.874,29360128,,,,,,,,False,,,235.47,195.73,48.15,,1.0,,306.8
lxsession_mmwd.log:15571,lxsession_mmwd.log,38554b4,,False,,mmwd,1024,2048,,1024,2048,0,1,,4,,2015.57,2013.584,2015.57,1.373,0.07,7,1883.758,-6.5,14.6,101.704,931.331,3048.605,29360128,,,,,,,,False,,,1883.76,195.73,48.15,,1.0,,1883.76
lxsession_mmwd.log:15671,lxsession_mmwd.log,38554b4,,False,,mmwd,1024,2048,,1024,2048,0,1,,8,,1099.358,1093.272,1099.358,3.09,0.28,7,941.879,-14.3,26.7,96.091,823.471,2018.92,29360128,,,,,,,,False,,,941.88,195.73,48.15,,1.0,,941.88
lxsession_mmwd.log:15771,lxsession_mmwd.log,38554b4,,False,,mmwd,128,2048,,128,2048,0,1,,32,,138.873,137.017,138.873,1.044,0.75,7,128.353,-7.6,132.1,47.286,286.598,472.757,18350080,,,,,,,,False,,,29.43,122.33,6.02,,1.0,,128.35
lxsession_mmwd.log:15871,lxsession_mmwd.log,38554b4,,False,,mmwd,2048,2048,,2048,2048,0,1,,1,,16513.215,16512.955,16513.215,0.165,0.0,7,15070.061,-8.7,2.5,132.008,2420.355,19065.578,41943040,,,,,,,,False,,,15070.06,279.62,96.3,,1.0,,15070.06
lxsession_mmwd.log:15971,lxsession_mmwd.log,38554b4,,False,,mmwd,2048,2048,,2048,2048,0,1,,16,,1182.664,1175.191,1182.664,3.877,0.33,7,941.879,-20.4,35.5,118.19,2208.303,3509.157,41943040,,,,,,,,False,,,941.88,279.62,96.3,,1.0,,941.88
lxsession_mmwd.log:16071,lxsession_mmwd.log,38554b4,,False,,mmwd,2048,2048,,2048,2048,0,1,,16,,1267.455,1250.577,1267.455,9.857,0.78,7,941.879,-25.7,33.1,144.318,2273.901,3685.674,41943040,,,,,,,,False,,,941.88,279.62,96.3,,1.0,,941.88
lxsession_mmwd.log:16171,lxsession_mmwd.log,38554b4,,False,,mmwd,2048,2048,,2048,2048,0,1,,2,,8278.205,8277.053,8278.205,0.432,0.01,7,7535.03,-9.0,5.1,107.709,2460.342,10846.256,41943040,,,,,,,,False,,,7535.03,279.62,96.3,,1.0,,7535.03
lxsession_mmwd.log:16271,lxsession_mmwd.log,38554b4,,False,,mmwd,2048,2048,,2048,2048,0,1,,32,,775.489,770.575,775.489,2.069,0.27,7,526.916,-32.1,54.1,111.191,2194.88,3081.56,41943040,,,,,,,,False,,,470.94,279.62,96.3,,1.0,,526.92
lxsession_mmwd.log:16371,lxsession_mmwd.log,38554b4,,False,,mmwd,2048,2048,,2048,2048,0,1,,32,,806.475,798.365,806.475,4.509,0.56,7,526.916,-34.7,52.0,109.871,2225.415,3141.761,41943040,,,,,,,,False,,,470.94,279.62,96.3,,1.0,,526.92
lxsession_mmwd.log:16471,lxsession_mmwd.log,38554b4,,False,,mmwd,2048,2048,,2048,2048,0,1,,32,,1284.568,1280.472,1284.568,2.866,0.22,7,870.325,-32.2,32.7,128.964,2210.432,3623.964,41943040,,,,,,,,False,,,470.94,279.62,96.3,,1.0,,870.33
lxsession_mmwd.log:16572,lxsession_mmwd.log,38554b4,,False,,mmwd,2048,2048,,2048,2048,0,1,,32,,773.157,769.141,773.157,2.01,0.26,7,526.916,-31.8,54.2,116.248,2226.952,3116.357,41943040,,,,,,,,False,,,470.94,279.62,96.3,,1.0,,526.92
lxsession_mmwd.log:16672,lxsession_mmwd.log,38554b4,,False,,mmwd,2048,2048,,2048,2048,0,1,,32,,791.131,785.888,791.131,4.557,0.58,7,526.916,-33.4,53.0,111.202,2216.759,3119.092,41943040,,,,,,,,False,,,470.94,279.62,96.3,,1.0,,526.92
lxsession_mmwd.log:16772,lxsession_mmwd.log,38554b4,,False,,mmwd,2048,2048,,2048,2048,0,1,,4,,4028.842,4025.263,4028.842,2.347,0.06,7,3767.515,-6.5,10.4,118.721,2206.335,6353.898,41943040,,,,,,,,False,,,3767.52,279.62,96.3,,1.0,,3767.52
lxsession_mmwd.log:16872,lxsession_mmwd.log,38554b4,,False,,mmwd,2048,2048,,2048,2048,0,1,,4,,4107.818,4102.01,4107.818,5.235,0.13,7,3767.515,-8.3,10.2,116.329,2205.193,6429.34,41943040,,,,,,,,False,,,3767.52,279.62,96.3,,1.0,,3767.52
lxsession_mmwd.log:16972,lxsession_mmwd.log,38554b4,,False,,mmwd,2048,2048,,2048,2048,0,1,,8,,2189.863,2184.236,2189.863,4.66,0.21,7,1883.758,-14.0,19.2,115.982,2201.514,4507.359,41943040,,,,,,,,False,,,1883.76,279.62,96.3,,1.0,,1883.76
lxsession_mmwd.log:17072,lxsession_mmwd.log,38554b4,,False,,mmwd,3072,2048,,3072,2048,0,1,,32,,1921.826,1905.378,1921.826,7.52,0.39,7,2109.277,9.8,28.4,149.571,3825.568,5896.965,54525952,,,,,,,,False,,,706.41,363.51,144.45,,1.0,,2109.28
lxsession_mmwd.log:17173,lxsession_mmwd.log,38554b4,,False,,mmwd,3072,2048,,3072,2048,0,1,,32,,1839.993,1828.812,1839.993,5.814,0.32,7,735.643,-60.0,29.6,140.367,3859.354,5839.714,54525952,,,,,,,,False,,,706.41,363.51,144.45,,1.0,,735.64
lxsession_mmwd.log:17273,lxsession_mmwd.log,38554b4,,False,,mmwd,3072,2048,,3072,2048,0,1,,32,,1923.511,1914.276,1923.511,10.315,0.54,7,1422.46,-26.0,28.3,142.366,3825.772,5891.649,54525952,,,,,,,,False,,,706.41,363.51,144.45,,1.0,,1422.46
lxsession_mmwd.log:17374,lxsession_mmwd.log,38554b4,,False,,mmwd,3072,2048,,3072,2048,0,1,,32,,1768.001,1762.227,1768.001,3.128,0.18,7,1490.617,-15.7,30.8,139.533,3831.203,5738.737,54525952,,,,,,,,False,,,706.41,363.51,144.45,,1.0,,1490.62
lxsession_mmwd.log:17475,lxsession_mmwd.log,38554b4,,False,,mmwd,3072,2048,,3072,2048,0,1,,32,,1170.236,1164.715,1170.236,2.801,0.24,7,735.643,-37.1,46.6,152.189,3545.707,4868.132,54525952,,,,,,,,False,,,706.41,363.51,144.45,,1.0,,735.64
lxsession_mmwd.log:17575,lxsession_mmwd.log,38554b4,,False,,mmwd,3072,2048,,3072,2048,0,1,,32,,1329.644,1327.204,1329.644,2.673,0.2,7,735.643,-44.7,41.0,107.827,3884.659,5322.13,54525952,,,,,,,,False,,,706.41,363.51,144.45,,1.0,,735.64
lxsession_mmwd.log:17675,lxsession_mmwd.log,38554b4,,False,,mmwd,4096,2048,,4096,2048,0,1,,16,,4167.35,4163.353,4167.35,1.866,0.04,7,1883.758,-54.8,16.1,178.665,8505.671,12851.686,67108864,,,,,,,,False,,,1883.76,447.39,192.6,,1.0,,1883.76
lxsession_mmwd.log:17775,lxsession_mmwd.log,38554b4,,False,,mmwd,4096,2048,,4096,2048,0,1,,32,,2562.037,2548.817,2562.037,7.752,0.3,7,2074.447,-19.0,26.2,131.521,8501.083,11194.641,67108864,,,,,,,,False,,,941.88,447.39,192.6,,1.0,,2074.45
lxsession_mmwd.log:17876,lxsession_mmwd.log,38554b4,,False,,mmwd,4096,2048,,4096,2048,0,1,,32,,2404.452,2389.475,2404.452,9.855,0.41,7,3002.437,24.9,27.9,133.701,8596.978,11135.131,67108864,,,,,,,,False,,,941.88,447.39,192.6,,1.0,,3002.44
lxsession_mmwd.log:17977,lxsession_mmwd.log,38554b4,,False,,mmwd,4096,2048,,4096,2048,0,1,,32,,1573.045,1560.745,1573.045,6.996,0.45,7,941.985,-40.1,42.7,168.596,5134.273,6875.914,67108864,,,,,,,,False,,,941.88,447.39,192.6,,1.0,,941.98
lxsession_mmwd.log:18077,lxsession_mmwd.log,38554b4,,False,,mmwd,4096,2048,,4096,2048,0,1,,32,,1682.912,1658.959,1682.912,12.266,0.73,7,941.985,-44.0,39.9,127.803,8597.398,10408.113,67108864,,,,,,,,False,,,941.88,447.39,192.6,,1.0,,941.98
lxsession_mmwd.log:18177,lxsession_mmwd.log,38554b4,,False,,mmwd,4096,2048,,4096,2048,0,1,,32,,2680.63,2652.862,2680.63,13.17,0.49,7,975.539,-63.6,25.0,130.78,8535.264,11346.674,67108864,,,,,,,,False,,,941.88,447.39,192.6,,1.0,,975.54
lxsession_mmwd.log:18277,lxsession_mmwd.log,38554b4,,False,,mmwd,4096,2048,,4096,2048,0,1,,4,,8049.487,8043.892,8049.487,3.089,0.04,7,7535.03,-6.4,8.3,185.31,6123.078,14357.875,67108864,,,,,,,,False,,,7535.03,447.39,192.6,,1.0,,7535.03
lxsession_mmwd.log:18377,lxsession_mmwd.log,38554b4,,False,,mmwd,4096,2048,,4096,2048,0,1,,8,,8255.772,8255.533,8255.772,0.182,0.0,7,3767.515,-54.4,8.1,145.994,6509.451,14911.217,67108864,,,,,,,,False,,,3767.52,447.39,192.6,,1.0,,3767.52
lxsession_mmwd.log:18435,lxsession_mmwd.log,38554b4,,False,,mmwd,2048,2048,,2048,2048,0,1,,,,,,,,,,,,,,,,,,,,,,,,True,,,,,,,,,
lxsession_mmwd.log:18490,lxsession_mmwd.log,38554b4,,False,,mmwd,2048,2048,,2048,2048,0,1,,,,,,,,,,,,,,,,,,,,,,,,True,,,,,,,,,
lxsession_mmwd.log:18545,lxsession_mmwd.log,38554b4,,False,,mmwd,2048,2048,,2048,2048,0,1,,,,,,,,,,,,,,,,,,,,,,,,True,,,,,,,,,
lxsession_mmwd.log:18600,lxsession_mmwd.log,38554b4,,False,,mmwd,2048,2048,,2048,2048,0,1,,,,,,,,,,,,,,,,,,,,,,,,True,,,,,,,,,
lxsession_mmwd.log:18655,lxsession_mmwd.log,38554b4,,False,,mmwd,2048,2048,,2048,2048,0,1,,,,,,,,,,,,,,,,,,,,,,,,True,,,,,,,,,
lxsession_mmwd.log:18710,lxsession_mmwd.log,38554b4,,False,,mmwd,2048,2048,,2048,2048,0,1,,,,,,,,,,,,,,,,,,,,,,,,True,,,,,,,,,
lxsession_mmwd.log:18765,lxsession_mmwd.log,38554b4,,False,,mmwd,2048,2048,,2048,2048,0,1,,,,,,,,,,,,,,,,,,,,,,,,True,,,,,,,,,
lxsession_mmwd.log:18862,lxsession_mmwd.log,38554b4,,False,,mmwd,2048,2048,,2048,2048,0,1,,32,,938.859,936.776,938.859,2.366,0.25,7,593.397,-36.8,49.1,125.362,2904.166,3968.387,46137344,,,,,,,,False,,,529.81,307.58,108.34,,1.0,,593.4
lxsession_mmwd.log:18962,lxsession_mmwd.log,38554b4,,False,,mmwd,128,2048,,128,2048,0,1,,4,,39.233,39.123,39.233,0.08,0.2,7,29.434,-25.0,70.2,25.994,138.943,204.17,2752512,,,,,,,,False,,,29.43,18.35,0.75,,1.0,,29.43
lxsession_mmwd.log:19062,lxsession_mmwd.log,38554b4,,False,,mmwd,1792,2048,,1792,2048,0,1,,32,,126.582,125.186,126.582,0.881,0.7,7,85.681,-32.3,89.1,65.581,291.793,483.956,11272192,,,,,,,,False,,,51.51,75.15,10.53,,1.0,,85.68
lxsession_mmwd.log:19162,lxsession_mmwd.log,38554b4,,False,,mmwd,2048,2048,,2048,2048,0,1,,16,,149.426,147.05,149.426,1.186,0.8,7,117.735,-21.2,84.2,71.383,390.411,611.22,12582912,,,,,,,,False,,,117.73,83.89,12.04,,1.0,,117.73
lxsession_mmwd.log:19262,lxsession_mmwd.log,38554b4,,False,,mmwd,2048,2048,,2048,2048,0,1,,32,,107.47,106.059,107.47,1.121,1.04,7,95.924,-10.7,117.1,78.315,398.841,584.626,12582912,,,,,,,,False,,,58.87,83.89,12.04,,1.0,,95.92
lxsession_mmwd.log:19362,lxsession_mmwd.log,38554b4,,False,,mmwd,2048,2048,,2048,2048,0,1,,32,,89.021,87.186,89.021,1.193,1.34,7,95.924,7.8,141.3,75.593,322.722,487.336,12582912,,,,,,,,False,,,58.87,83.89,12.04,,1.0,,95.92
lxsession_mmwd.log:19462,lxsession_mmwd.log,38554b4,,False,,mmwd,2048,2048,,2048,2048,0,1,,8,,267.189,264.529,267.189,1.247,0.47,7,235.47,-11.9,47.1,67.319,424.322,758.83,12582912,,,,,,,,False,,,235.47,83.89,12.04,,1.0,,235.47
lxsession_mmwd.log:19562,lxsession_mmwd.log,38554b4,,False,,mmwd,256,2048,,256,2048,0,1,,32,,26.808,26.749,26.808,0.202,0.75,7,24.224,-9.6,127.1,30.651,140.171,197.63,3407872,,,,,,,,False,,,7.36,22.72,1.5,,1.0,,24.22
lxsession_mmwd.log:19662,lxsession_mmwd.log,38554b4,,False,,mmwd,512,2048,,512,2048,0,1,,1,,525.019,524.882,525.019,0.142,0.03,7,470.939,-10.3,9.0,36.927,94.31,656.256,4718592,,,,,,,,False,,,470.94,31.46,3.01,,1.0,,470.94
lxsession_mmwd.log:19762,lxsession_mmwd.log,38554b4,,False,,mmwd,512,2048,,512,2048,0,1,,16,,41.82,41.773,41.82,0.123,0.29,7,34.467,-17.6,112.8,36.354,190.685,268.859,4718592,,,,,,,,False,,,29.43,31.46,3.01,,1.0,,34.47
lxsession_mmwd.log:19862,lxsession_mmwd.log,38554b4,,False,,mmwd,512,2048,,512,2048,0,1,,2,,265.34,265.236,265.34,0.106,0.04,7,235.47,-11.3,17.8,35.716,175.485,476.541,4718592,,,,,,,,False,,,235.47,31.46,3.01,,1.0,,235.47
lxsession_mmwd.log:19962,lxsession_mmwd.log,38554b4,,False,,mmwd,512,2048,,512,2048,0,1,,32,,33.755,33.433,33.755,0.568,1.67,7,34.467,2.1,139.8,34.579,183.464,251.798,4718592,,,,,,,,False,,,14.72,31.46,3.01,,1.0,,34.47
lxsession_mmwd.log:20062,lxsession_mmwd.log,38554b4,,False,,mmwd,512,2048,,512,2048,0,1,,4,,131.464,131.13,131.464,0.41,0.31,7,117.735,-10.4,35.9,36.923,182.682,351.069,4718592,,,,,,,,False,,,117.73,31.46,3.01,,1.0,,117.73
lxsession_mmwd.log:20162,lxsession_mmwd.log,38554b4,,False,,mmwd,512,2048,,512,2048,0,1,,8,,70.702,70.664,70.702,0.129,0.18,7,58.867,-16.7,66.7,34.006,183.968,288.676,4718592,,,,,,,,False,,,58.87,31.46,3.01,,1.0,,58.87
lxsession_mmwd.log:20262,lxsession_mmwd.log,38554b4,,False,,mmwd,2048,2048,,2048,2048,0,1,,32,,1863.845,1855.271,1863.845,4.341,0.23,7,796.131,-57.3,31.5,155.173,3795.761,5814.779,58720256,,,,,,,,False,,,706.41,391.47,144.45,,1.0,,796.13
lxsession_mmwd.log:20362,lxsession_mmwd.log,38554b4,,False,,mmwd,768,2048,,768,2048,0,1,,16,,156.588,156.454,156.588,0.331,0.21,7,66.226,-57.7,47.7,51.619,306.372,514.579,7471104,,,,,,,,False,,,66.23,49.81,6.77,,1.0,,66.23
lxsession_mmwd.log:20462,lxsession_mmwd.log,38554b4,,False,,mmwd,2048,2048,,2048,2048,0,1,,32,,4848.823,4788.813,4848.823,52.584,1.08,7,3133.858,-35.4,15.6,130.027,8607.383,13586.233,75497472,,,,,,,,False,,,941.88,503.32,192.6,,1.0,,3133.86
lxsession_mmwd.log:20563,lxsession_mmwd.log,38554b4,,False,,mmwd,2048,2048,,2048,2048,0,1,,32,,1585.028,1573.282,1585.028,7.746,0.49,7,1073.406,-32.3,47.6,175.399,8636.016,10396.443,75497472,,,,,,,,False,,,941.88,503.32,192.6,,1.0,,1073.41
lxsession_mmwd.log:20663,lxsession_mmwd.log,38554b4,,False,,mmwd,2048,2048,,2048,2048,0,1,,32,,2535.066,2513.227,2535.066,15.872,0.63,7,2103.632,-17.0,29.8,178.555,8592.883,11306.504,75497472,,,,,,,,False,,,941.88,503.32,192.6,,1.0,,2103.63
lxsession_mmwd.log:20764,lxsession_mmwd.log,38554b4,,False,,mmwd,2048,2048,,2048,2048,0,1,,32,,2618.852,2611.233,2618.852,3.379,0.13,7,2205.868,-15.8,28.8,130.163,8568.153,11317.168,75497472,,,,,,,,False,,,941.88,503.32,192.6,,1.0,,2205.87
lxsession_mmwd.log:20865,lxsession_mmwd.log,38554b4,,False,,mmwd,2048,2048,,2048,2048,0,1,,32,,1589.136,1578.597,1589.136,4.579,0.29,7,1073.406,-32.5,47.5,180.509,8579.1,10348.745,75497472,,,,,,,,False,,,941.88,503.32,192.6,,1.0,,1073.41
lxsession_mmwd.log:20965,lxsession_mmwd.log,38554b4,,False,,mmwd,2048,2048,,2048,2048,0,1,,4,,8212.681,8199.545,8212.681,10.409,0.13,7,7535.03,-8.3,9.2,192.893,6169.771,14575.345,75497472,,,,,,,,False,,,7535.03,503.32,192.6,,1.0,,7535.03
lxsession_mmwd.log:21065,lxsession_mmwd.log,38554b4,,False,,mmwd,2048,256,,2048,256,0,1,,32,,100.858,96.611,100.858,2.728,2.69,7,88.234,-12.5,104.0,97.9,855.287,1054.045,10485760,,,,,,,,False,,,29.43,69.91,12.04,,1.0,,88.23
lxsession_mmwd.log:21165,lxsession_mmwd.log,38554b4,,False,,mmwd,4096,256,,4096,256,0,1,,32,,432.484,425.567,432.484,6.264,1.44,7,313.482,-27.5,87.3,131.27,8567.7,9131.454,37748736,,,,,,,,False,,,117.73,251.66,24.08,,1.0,,313.48
lxsession_mmwd.log:21274,lxsession_mmwd.log,38554b4,,False,,mmwd,2048,32,,2048,32,0,1,,32,,70.986,70.395,70.986,0.606,0.85,7,69.212,-2.5,138.5,98.194,815.445,984.625,9830528,,,,,,,,False,,,3.68,64.66,3.76,,1.0,,69.21
lxsession_mmwd.log:21395,lxsession_mmwd.log,38554b4,,False,,mmwd,4096,32,,4096,32,0,1,,32,,133.402,131.616,133.402,0.746,0.56,7,129.961,-2.6,138.5,82.276,2234.379,2450.057,18481280,,,,,,,,False,,,7.36,122.33,5.27,,1.0,,129.96
lxsession_mmwd.log:21516,lxsession_mmwd.log,38554b4,,False,,mmwd,4096,32,,4096,32,0,1,,32,,256.61,253.849,256.61,1.926,0.75,7,253.416,-1.2,142.0,125.222,8556.506,8938.338,36438144,,,,,,,,False,,,14.72,241.17,7.52,,1.0,,253.42
lxsession_mmwd.log:21628,lxsession_mmwd.log,38554b4,,False,,mmwd,1024,4096,,1024,4096,0,1,,1,,4135.565,4135.358,4135.565,0.165,0.0,7,3767.515,-8.9,4.6,66.526,329.572,4531.663,18874368,,,,,,,,False,,,3767.52,125.83,12.04,,1.0,,3767.52
lxsession_mmwd.log:21728,lxsession_mmwd.log,38554b4,,False,,mmwd,1024,4096,,1024,4096,0,1,,16,,275.642,274.568,275.642,0.79,0.29,7,235.47,-14.6,68.5,73.152,416.616,765.41,18874368,,,,,,,,False,,,235.47,125.83,12.04,,1.0,,235.47
lxsession_mmwd.log:21828,lxsession_mmwd.log,38554b4,,False,,mmwd,1024,4096,,1024,4096,0,1,,2,,2074.954,2074.815,2074.954,0.183,0.01,7,1883.758,-9.2,9.1,72.615,343.75,2491.319,18874368,,,,,,,,False,,,1883.76,125.83,12.04,,1.0,,1883.76
lxsession_mmwd.log:21928,lxsession_mmwd.log,38554b4,,False,,mmwd,1024,4096,,1024,4096,0,1,,32,,189.217,186.538,189.217,1.768,0.93,7,137.867,-27.1,99.7,75.658,415.494,680.369,18874368,,,,,,,,False,,,117.73,125.83,12.04,,1.0,,137.87
lxsession_mmwd.log:22028,lxsession_mmwd.log,38554b4,,False,,mmwd,1024,4096,,1024,4096,0,1,,4,,1008.883,1007.652,1008.883,0.769,0.08,7,941.879,-6.6,18.7,72.624,383.992,1465.499,18874368,,,,,,,,False,,,941.88,125.83,12.04,,1.0,,941.88
lxsession_mmwd.log:22128,lxsession_mmwd.log,38554b4,,False,,mmwd,1024,4096,,1024,4096,0,1,,8,,535.638,534.322,535.638,1.014,0.19,7,470.939,-12.1,35.2,61.98,391.014,988.632,18874368,,,,,,,,False,,,470.94,125.83,12.04,,1.0,,470.94
lxsession_mmwd.log:22228,lxsession_mmwd.log,38554b4,,False,,mmwd,2048,4096,,2048,4096,0,1,,32,,332.074,327.144,332.074,2.286,0.69,7,235.47,-29.1,88.4,72.113,454.711,858.898,29360128,,,,,,,,False,,,235.47,195.73,24.08,,1.0,,235.47
lxsession_mmwd.log:22328,lxsession_mmwd.log,38554b4,,False,,mmwd,4096,4096,,4096,4096,0,1,,32,,1093.087,1072.584,1093.087,12.346,1.13,7,509.524,-53.4,46.0,99.08,835.591,2027.758,50331648,,,,,,,,False,,,470.94,335.54,48.15,,1.0,,509.52
lxsession_mmwd.log:22428,lxsession_mmwd.log,38554b4,,False,,mmwd,4096,4096,,4096,4096,0,1,,32,,818.594,812.302,818.594,3.816,0.47,7,509.524,-37.8,61.5,91.054,841.916,1751.564,50331648,,,,,,,,False,,,470.94,335.54,48.15,,1.0,,509.52
lxsession_mmwd.log:22528,lxsession_mmwd.log,38554b4,,False,,mmwd,4096,4096,,4096,4096,0,1,,32,,594.079,589.005,594.079,1.925,0.32,7,509.524,-14.2,84.7,96.653,844.022,1534.754,50331648,,,,,,,,False,,,470.94,335.54,48.15,,1.0,,509.52
lxsession_mmwd.log:22628,lxsession_mmwd.log,38554b4,,False,,mmwd,4096,4096,,4096,4096,0,1,,32,,718.91,707.644,718.91,5.534,0.77,7,509.524,-29.1,70.0,96.574,819.472,1634.956,50331648,,,,,,,,False,,,470.94,335.54,48.15,,1.0,,509.52
lxsession_mmwd.log:22728,lxsession_mmwd.log,38554b4,,False,,mmwd,2048,4096,,2048,4096,0,1,,1,,16513.379,16513.099,16513.379,0.134,0.0,7,15070.061,-8.7,2.5,108.063,1003.799,17625.241,41943040,,,,,,,,False,,,15070.06,279.62,48.15,,1.0,,15070.06
lxsession_mmwd.log:22828,lxsession_mmwd.log,38554b4,,False,,mmwd,2048,4096,,2048,4096,0,1,,16,,1091.73,1086.658,1091.73,2.749,0.25,7,941.879,-13.7,38.4,113.438,920.213,2125.381,41943040,,,,,,,,False,,,941.88,279.62,48.15,,1.0,,941.88
lxsession_mmwd.log:22928,lxsession_mmwd.log,38554b4,,False,,mmwd,2048,4096,,2048,4096,0,1,,2,,8278.566,8277.966,8278.566,0.368,0.0,7,7535.03,-9.0,5.1,91.558,974.028,9344.152,41943040,,,,,,,,False,,,7535.03,279.62,48.15,,1.0,,7535.03
lxsession_mmwd.log:23028,lxsession_mmwd.log,38554b4,,False,,mmwd,2048,4096,,2048,4096,0,1,,32,,1296.175,1289.817,1296.175,3.275,0.25,7,470.939,-63.7,32.4,95.154,907.658,2298.987,41943040,,,,,,,,False,,,470.94,279.62,48.15,,1.0,,470.94
lxsession_mmwd.log:23128,lxsession_mmwd.log,38554b4,,False,,mmwd,2048,4096,,2048,4096,0,1,,32,,679.325,668.469,679.325,4.395,0.65,7,470.939,-30.7,61.7,101.503,923.125,1703.953,41943040,,,,,,,,False,,,470.94,279.62,48.15,,1.0,,470.94
lxsession_mmwd.log:23228,lxsession_mmwd.log,38554b4,,False,,mmwd,2048,4096,,2048,4096,0,1,,32,,705.234,703.126,705.234,1.907,0.27,7,470.939,-33.2,59.5,91.74,942.903,1739.877,41943040,,,,,,,,False,,,470.94,279.62,48.15,,1.0,,470.94
lxsession_mmwd.log:23328,lxsession_mmwd.log,38554b4,,False,,mmwd,2048,4096,,2048,4096,0,1,,32,,1175.522,1168.013,1175.522,6.328,0.54,7,470.939,-59.9,35.7,101.405,915.177,2192.104,41943040,,,,,,,,False,,,470.94,279.62,48.15,,1.0,,470.94
lxsession_mmwd.log:23428,lxsession_mmwd.log,38554b4,,False,,mmwd,2048,4096,,2048,4096,0,1,,32,,671.524,669.364,671.524,1.659,0.25,7,470.939,-29.9,62.5,111.698,946.837,1730.059,41943040,,,,,,,,False,,,470.94,279.62,48.15,,1.0,,470.94
lxsession_mmwd.log:23528,lxsession_mmwd.log,38554b4,,False,,mmwd,2048,4096,,2048,4096,0,1,,32,,670.507,664.747,670.507,2.966,0.44,7,470.939,-29.8,62.6,106.515,931.077,1708.099,41943040,,,,,,,,False,,,470.94,279.62,48.15,,1.0,,470.94
lxsession_mmwd.log:23628,lxsession_mmwd.log,38554b4,,False,,mmwd,2048,4096,,2048,4096,0,1,,32,,1203.63,1200.991,1203.63,6.171,0.51,7,629.761,-47.7,34.8,99.358,918.02,2221.008,41943040,,,,,,,,False,,,470.94,279.62,48.15,,1.0,,629.76
lxsession_mmwd.log:23728,lxsession_mmwd.log,38554b4,,False,,mmwd,2048,4096,,2048,4096,0,1,,4,,4021.838,4018.765,4021.838,1.644,0.04,7,3767.515,-6.3,10.4,59.721,949.218,5030.777,41943040,,,,,,,,False,,,3767.52,279.62,48.15,,1.0,,3767.52
lxsession_mmwd.log:23828,lxsession_mmwd.log,38554b4,,False,,mmwd,2048,4096,,2048,4096,0,1,,8,,2128.917,2127.358,2128.917,1.374,0.06,7,1883.758,-11.5,19.7,94.925,925.516,3149.358,41943040,,,,,,,,False,,,1883.76,279.62,48.15,,1.0,,1883.76
lxsession_mmwd.log:23928,lxsession_mmwd.log,38554b4,,False,,mmwd,4096,4096,,4096,4096,0,1,,32,,2553.917,2543.412,2553.917,5.245,0.21,7,1319.366,-48.3,26.3,85.988,2219.204,4859.109,67108864,,,,,,,,False,,,941.88,447.39,96.3,,1.0,,1319.37
lxsession_mmwd.log:24029,lxsession_mmwd.log,38554b4,,False,,mmwd,4096,4096,,4096,4096,0,1,,32,,1405.859,1397.236,1405.859,7.631,0.54,7,941.879,-33.0,47.7,89.459,2227.187,3722.505,67108864,,,,,,,,False,,,941.88,447.39,96.3,,1.0,,941.88
lxsession_mmwd.log:24129,lxsession_mmwd.log,38554b4,,False,,mmwd,4096,4096,,4096,4096,0,1,,32,,2170.881,2160.767,2170.881,5.416,0.25,7,1628.696,-25.0,30.9,115.781,2194.891,4481.553,67108864,,,,,,,,False,,,941.88,447.39,96.3,,1.0,,1628.7
lxsession_mmwd.log:24230,lxsession_mmwd.log,38554b4,,False,,mmwd,4096,4096,,4096,4096,0,1,,32,,1367.336,1357.783,1367.336,5.938,0.43,7,941.879,-31.1,49.1,82.803,2226.659,3676.798,67108864,,,,,,,,False,,,941.88,447.39,96.3,,1.0,,941.88
lxsession_mmwd.log:24330,lxsession_mmwd.log,38554b4,,False,,mmwd,4096,4096,,4096,4096,0,1,,32,,1445.113,1431.588,1445.113,11.443,0.79,7,941.879,-34.8,46.4,102.975,2298.822,3846.91,67108864,,,,,,,,False,,,941.88,447.39,96.3,,1.0,,941.88
lxsession_mmwd.log:24430,lxsession_mmwd.log,38554b4,,False,,mmwd,64,4096,,64,4096,0,1,,32,,128.976,128.377,128.976,1.049,0.81,7,118.596,-8.0,136.2,30.37,43.037,202.383,17563648,,,,,,,,False,,,14.72,117.09,1.5,,1.0,,118.6
lxsession_mmwd.log:24488,lxsession_mmwd.log,38554b4,,False,,mmwd,256,4096,,256,4096,0,1,,,,,,,,,,,,,,,,,,,,,,,,True,,,,,,,,,
lxsession_mmwd.log:24585,lxsession_mmwd.log,38554b4,,False,,mmwd,2048,4096,,2048,4096,0,1,,32,,2307.434,2294.35,2307.434,14.074,0.61,7,1285.287,-44.3,29.1,129.503,2226.417,4663.354,67108864,,,,,,,,False,,,941.88,447.39,96.3,,1.0,,1285.29
lxsession_mmwd.log:24686,lxsession_mmwd.log,38554b4,,False,,mmwd,2048,4096,,2048,4096,0,1,,32,,1313.864,1308.638,1313.864,6.082,0.46,7,941.879,-28.3,51.1,96.994,2295.059,3705.917,67108864,,,,,,,,False,,,941.88,447.39,96.3,,1.0,,941.88
lxsession_mmwd.log:24786,lxsession_mmwd.log,38554b4,,False,,mmwd,2048,4096,,2048,4096,0,1,,32,,1357.853,1352.014,1357.853,5.264,0.39,7,941.879,-30.6,49.4,112.553,2210.446,3680.852,67108864,,,,,,,,False,,,941.88,447.39,96.3,,1.0,,941.88
lxsession_mmwd.log:24886,lxsession_mmwd.log,38554b4,,False,,mmwd,32,4096,,32,4096,0,1,,32,,265.971,265.512,265.971,1.348,0.51,7,228.696,-14.0,128.1,31.195,44.961,342.127,34078720,,,,,,,,False,,,18.76,227.19,1.5,,0.785,,228.7
lxsession_mmwd.log:24986,lxsession_mmwd.log,38554b4,,False,,mmwd,512,4096,,512,4096,0,1,,16,,922.08,910.288,922.08,7.462,0.81,7,600.241,-34.9,45.5,74.69,377.316,1374.086,41943040,,,,,,,,False,,,600.24,279.62,24.08,,0.785,,600.24
lxsession_mmwd.log:25086,lxsession_mmwd.log,38554b4,,False,,mmwd,512,4096,,512,4096,0,1,,32,,821.261,796.775,821.261,12.053,1.48,7,382.522,-53.4,51.1,81.316,384.733,1287.31,41943040,,,,,,,,False,,,382.52,279.62,24.08,,0.616,,382.52
lxsession_mmwd.log:25186,lxsession_mmwd.log,38554b4,,False,,mmwd,512,4096,,512,4096,0,1,,4,,2076.439,2074.038,2076.439,1.383,0.07,7,1883.758,-9.3,20.2,79.513,378.629,2534.581,41943040,,,,,,,,False,,,1883.76,279.62,24.08,,1.0,,1883.76
lxsession_mmwd.log:25286,lxsession_mmwd.log,38554b4,,False,,mmwd,512,4096,,512,4096,0,1,,8,,1221.679,1213.092,1221.679,4.092,0.34,7,941.879,-22.9,34.3,87.024,377.777,1686.48,41943040,,,,,,,,False,,,941.88,279.62,24.08,,1.0,,941.88
lxsession_mmwd.log:25386,lxsession_mmwd.log,38554b4,,False,,mmwd,64,4096,,64,4096,0,1,,32,,271.585,267.853,271.585,2.106,0.77,7,233.696,-14.0,127.4,34.372,176.412,482.369,34603008,,,,,,,,False,,,29.43,230.69,3.01,,1.0,,233.7
lxsession_mmwd.log:25486,lxsession_mmwd.log,38554b4,,False,,mmwd,2048,4096,,2048,4096,0,1,,32,,160.169,158.95,160.169,0.905,0.56,7,165.829,3.5,144.0,74.464,419.14,653.773,23068672,,,,,,,,False,,,117.73,153.79,12.04,,1.0,,165.83
lxsession_mmwd.log:25586,lxsession_mmwd.log,38554b4,,False,,mmwd,512,4096,,512,4096,0,1,,32,,61.037,59.383,61.037,0.956,1.57,7,62.429,2.3,146.0,34.141,146.733,241.911,8912896,,,,,,,,False,,,29.43,59.42,3.01,,1.0,,62.43
lxsession_mmwd.log:25686,lxsession_mmwd.log,38554b4,,False,,mmwd,512,512,,512,512,0,1,,32,,21.343,21.034,21.343,0.399,1.86,7,23.495,10.1,122.8,47.054,196.372,264.769,2621440,,,,,,,,False,,,7.36,17.48,6.02,,1.0,,23.5
lxsession_mmwd.log:25786,lxsession_mmwd.log,38554b4,,False,,mmwd,2048,512,,2048,512,0,1,,1,,2072.083,2072.003,2072.083,0.079,0.0,7,1883.758,-9.1,6.1,82.648,832.666,2987.397,12582912,,,,,,,,False,,,1883.76,83.89,24.08,,1.0,,1883.76
lxsession_mmwd.log:25886,lxsession_mmwd.log,38554b4,,False,,mmwd,2048,512,,2048,512,0,1,,16,,218.08,213.552,218.08,3.452,1.59,7,133.127,-39.0,57.7,100.531,822.733,1141.344,12582912,,,,,,,,False,,,117.73,83.89,24.08,,1.0,,133.13
lxsession_mmwd.log:25986,lxsession_mmwd.log,38554b4,,False,,mmwd,2048,512,,2048,512,0,1,,2,,1040.656,1040.371,1040.656,0.135,0.01,7,941.879,-9.5,12.1,95.289,845.734,1981.679,12582912,,,,,,,,False,,,941.88,83.89,24.08,,1.0,,941.88
lxsession_mmwd.log:26086,lxsession_mmwd.log,38554b4,,False,,mmwd,2048,512,,2048,512,0,1,,32,,153.799,150.576,153.799,3.452,2.23,7,120.544,-21.6,81.8,55.03,860.47,1069.299,12582912,,,,,,,,False,,,58.87,83.89,24.08,,1.0,,120.54
lxsession_mmwd.log:26186,lxsession_mmwd.log,38554b4,,False,,mmwd,2048,512,,2048,512,0,1,,4,,515.443,513.525,515.443,1.398,0.27,7,470.939,-8.6,24.4,99.103,850.828,1465.374,12582912,,,,,,,,False,,,470.94,83.89,24.08,,1.0,,470.94
lxsession_mmwd.log:26286,lxsession_mmwd.log,38554b4,,False,,mmwd,2048,512,,2048,512,0,1,,8,,321.516,319.612,321.516,1.079,0.34,7,235.47,-26.8,39.1,92.092,848.696,1262.304,12582912,,,,,,,,False,,,235.47,83.89,24.08,,1.0,,235.47
lxsession_mmwd.log:26386,lxsession_mmwd.log,38554b4,,False,,mmwd,4096,512,,4096,512,0,1,,32,,663.767,649.232,663.767,10.422,1.57,7,403.268,-39.2,63.2,122.717,8608.784,9395.268,41943040,,,,,,,,False,,,235.47,279.62,48.15,,1.0,,403.27
lxsession_mmwd.log:26486,lxsession_mmwd.log,38554b4,,False,,mmwd,512,512,,512,512,0,1,,1,,138.094,137.948,138.094,0.399,0.29,7,117.735,-14.7,11.4,34.568,158.768,331.43,1572864,,,,,,,,False,,,117.73,10.49,3.01,,1.0,,117.73
lxsession_mmwd.log:26586,lxsession_mmwd.log,38554b4,,False,,mmwd,512,512,,512,512,0,1,,16,,17.725,17.657,17.725,0.103,0.58,7,13.495,-23.9,88.7,40.543,98.711,156.979,1572864,,,,,,,,False,,,7.36,10.49,3.01,,1.0,,13.5
lxsession_mmwd.log:26686,lxsession_mmwd.log,38554b4,,False,,mmwd,512,512,,512,512,0,1,,2,,71.386,71.249,71.386,0.229,0.32,7,58.867,-17.5,22.0,36.188,190.801,298.375,1572864,,,,,,,,False,,,58.87,10.49,3.01,,1.0,,58.87
lxsession_mmwd.log:26786,lxsession_mmwd.log,38554b4,,False,,mmwd,512,512,,512,512,0,1,,32,,13.429,13.077,13.429,0.194,1.46,7,13.495,0.5,117.1,36.574,181.245,231.248,1572864,,,,,,,,False,,,3.68,10.49,3.01,,1.0,,13.5
lxsession_mmwd.log:26886,lxsession_mmwd.log,38554b4,,False,,mmwd,512,512,,512,512,0,1,,4,,37.675,37.448,37.675,0.22,0.58,7,29.434,-21.9,41.7,37.02,192.169,266.864,1572864,,,,,,,,False,,,29.43,10.49,3.01,,1.0,,29.43
lxsession_mmwd.log:26986,lxsession_mmwd.log,38554b4,,False,,mmwd,512,512,,512,512,0,1,,8,,23.864,23.737,23.864,0.109,0.46,7,14.717,-38.3,65.9,41.508,84.306,149.678,1572864,,,,,,,,False,,,14.72,10.49,3.01,,1.0,,14.72
lxsession_mmwd.log:27086,lxsession_mmwd.log,38554b4,,False,,mmwd,2048,64,,2048,64,0,1,,32,,58.155,57.504,58.155,0.494,0.85,7,64.002,10.1,153.3,100.686,947.184,1106.025,8912896,,,,,,,,False,,,7.36,59.42,3.01,,1.0,,64.0
lxsession_mmwd.log:27186,lxsession_mmwd.log,38554b4,,False,,mmwd,1792,64,,1792,64,0,1,,32,,103.942,100.817,103.942,1.642,1.58,7,97.504,-6.2,130.2,115.328,2188.045,2407.315,13533184,,,,,,,,False,,,11.27,90.22,3.95,,1.0,,97.5
lxsession_mmwd.log:27286,lxsession_mmwd.log,38554b4,,False,,mmwd,4096,64,,4096,64,0,1,,32,,245.981,240.431,245.981,2.76,1.13,7,246.143,0.1,140.7,121.562,8597.273,8964.816,34603008,,,,,,,,False,,,29.43,230.69,6.02,,1.0,,246.14
lxsession_mmwd.log:27386,lxsession_mmwd.log,38554b4,,False,,mmwd,512,64,,512,64,0,1,,16,,8.205,8.023,8.205,0.222,2.68,7,5.121,-37.6,79.9,34.732,82.547,125.484,655360,,,,,,,,False,,,0.92,4.37,0.75,,1.0,,5.12
lxsession_mmwd.log:27486,lxsession_mmwd.log,38554b4,,False,,mmwd,512,64,,512,64,0,1,,32,,6.037,6.012,6.037,0.014,0.23,7,5.121,-15.2,108.6,35.404,184.712,226.153,655360,,,,,,,,False,,,0.46,4.37,0.75,,1.0,,5.12
lxsession_mmwd.log:27586,lxsession_mmwd.log,38554b4,,False,,mmwd,512,64,,512,64,0,1,,8,,9.184,9.123,9.184,0.137,1.48,7,5.121,-44.2,71.4,35.488,189.433,234.105,655360,,,,,,,,False,,,1.84,4.37,0.75,,1.0,,5.12
lxsession_mmwd.log:27686,lxsession_mmwd.log,38554b4,,False,,mmwd,768,64,,768,64,0,1,,16,,17.99,17.839,17.99,0.088,0.49,7,10.304,-42.7,76.5,57.846,263.851,339.687,1376256,,,,,,,,False,,,2.07,9.18,1.13,,1.0,,10.3
lxsession_mmwd.log:27786,lxsession_mmwd.log,38554b4,,False,,mmwd,768,64,,768,64,0,1,,8,,14.432,14.303,14.432,0.167,1.15,7,10.404,-27.9,95.4,50.809,67.604,132.845,1376256,,,,,,,,False,,,4.14,9.18,1.13,,1.0,,10.4
lxsession_mmwd.log:27844,lxsession_mmwd.log,38554b4,,False,,mmwd,768,64,,768,64,0,1,,,,,,,,,,,,,,,,,,,,,,,,True,,,,,,,,,
