# stage sweep: does the fused-chain floor scale with LX traffic?
# shape 4096x2048, sigmoid stages inserted between the two reductions
# CONTROL: HBM bytes must NOT move with BENCH_STAGES
=== cores=1 stages=0 ===
/home/haoyang/torch-spyre/.venv/lib64/python3.12/site-packages/torch/_dynamo/pgo.py:538: UserWarning: dynamo_pgo force disabled by torch.compiler.config.force_disable_caches
  warn_once(
==============================================================================
==== Cost model features + prediction (after pre-scheduling)
==============================================================================
  amax         read=16777216B write=0B lx=524288B
      output op0                    torch [4096, 1] -> device [1, 1, 4096, 64] in LX  | 262144 elems x 2B = 524288 B (hbm counted: 0 B)
      input  arg0_1                 torch [4096, 2048] -> device [32, 4096, 64] in HBM  | 8388608 elems x 2B = 16777216 B (hbm counted: 16777216 B)
  sub          read=16777216B write=16777216B lx=524288B
      output op1                    torch [4096, 2048] -> device [32, 4096, 64] in HBM  | 8388608 elems x 2B = 16777216 B (hbm counted: 16777216 B)
      input  arg0_1                 torch [4096, 2048] -> device [32, 4096, 64] in HBM  | 8388608 elems x 2B = 16777216 B (hbm counted: 16777216 B)
      input  buf0                   torch [4096, 1] -> device [1, 1, 4096, 64] in LX  | 262144 elems x 2B = 524288 B (hbm counted: 0 B) broadcast (loaded once)
  exp          read=16777216B write=16777216B lx=0B
      output op2                    torch [4096, 2048] -> device [32, 4096, 64] in HBM  | 8388608 elems x 2B = 16777216 B (hbm counted: 16777216 B)
      input  buf1                   torch [4096, 2048] -> device [32, 4096, 64] in HBM  | 8388608 elems x 2B = 16777216 B (hbm counted: 16777216 B)
  sum_1        read=16777216B write=0B lx=524288B
      output op3                    torch [4096, 1] -> device [1, 1, 4096, 64] in LX  | 262144 elems x 2B = 524288 B (hbm counted: 0 B)
      input  buf2                   torch [4096, 2048] -> device [32, 4096, 64] in HBM  | 8388608 elems x 2B = 16777216 B (hbm counted: 16777216 B)
  div          read=16777216B write=16777216B lx=524288B
      output op4                    torch [4096, 2048] -> device [32, 4096, 64] in HBM  | 8388608 elems x 2B = 16777216 B (hbm counted: 16777216 B)
      input  buf2                   torch [4096, 2048] -> device [32, 4096, 64] in HBM  | 8388608 elems x 2B = 16777216 B (hbm counted: 16777216 B)
      input  buf3                   torch [4096, 1] -> device [1, 1, 4096, 64] in LX  | 262144 elems x 2B = 524288 B (hbm counted: 0 B) broadcast (loaded once)
  -- prediction (turnaround): T = (R+W)/BW_PEAK + a*min(R,W) --
     R=67108864B (read)   W=50331648B (write)
     base = (R+W)/150 = 782.94 us
     turn = a*min(R,W) = 0.00574*50331648 = 288.90 us
     => T_model = 5555.37 us

==============================================================================
==== Cost model: predicted runtime (after pre-scheduling)
==============================================================================
predicted total:     5555.4 us over 1 kernel(s), 5 op(s)

      kernel   predicted us  ops
           0         5555.4  5
                     1388.8    sub   HBM   33.6 MB   LX  524.3 KB
                     1388.8    exp   HBM   33.6 MB
                     1388.8    div   HBM   33.6 MB   LX  524.3 KB
                      694.4    amax  HBM   16.8 MB   LX  524.3 KB
                      694.4    sum_1 HBM   16.8 MB   LX  524.3 KB

  Operations are grouped by the loop they run in; the count on each group
  header is that loop's iterations.  HBM = main-memory traffic for the whole
  loop, and '= T x B' breaks it into T iterations of B bytes.  LX = on-chip
  scratchpad traffic, already ONE iteration (an LX buffer is allocated per
  tile).  re-fetch = the part of HBM that is the same bytes read again on a
  later iteration.

  Each kernel is priced ONCE, as a bundle. The per-op column splits that
  total by each op's share of the HBM bytes: an attribution, not a set of
  independent predictions. It carries no compute term, so it misattributes a
  compute-bound kernel, and because the weights are per-op while the total
  de-duplicates shared inputs, a share can be off by up to a third of itself.
  An op with no HBM traffic shows 0.0 -- its output stays in LX, so it adds
  no main-memory traffic of its own.

/home/haoyang/torch-spyre/.venv/lib64/python3.12/site-packages/torch/profiler/profiler.py:224: UserWarning: Warning: Profiler clears events at the end of each cycle.Only events from the current cycle will be reported.To keep events across cycles, set acc_events=True.
  _warn_once(
[W805 21:19:58.577091306 collection.cpp:1077] Warning: Detected an event which was likely passed to kineto by the PyTorch profiler, but is not present in the set of known events: [memory] This most likely means that Kineto has not maintained address stability for this event. Please report this to the PyTorch team. (function operator())
== softmax_stages[4096x2048] -- profiler kernel time vs cost-model I/O ==
-------------------------------------------------------  ------------  ------------  ------------  ------------  ------------  ------------  ------------  ------------  ------------  ------------  ------------  ------------  ------------  ------------  
                                                   Name    Self CPU %      Self CPU   CPU total %     CPU total  CPU time avg    Self SPYRE  Self SPYRE %   SPYRE total  SPYRE time avg       CPU Mem  Self CPU Mem     SPYRE Mem  Self SPYRE Mem    # of Calls  
-------------------------------------------------------  ------------  ------------  ------------  ------------  ------------  ------------  ------------  ------------  ------------  ------------  ------------  ------------  ------------  ------------  
aaa0b984_sdsc_fused_amax_div_exp_sub_sum_0_y9a_jesn/...         0.00%       0.000us         0.00%       0.000us       0.000us       5.418ms        80.00%       5.418ms       5.418ms           0 B           0 B           0 B           0 B             1  
                                          Memcpy (DtoH)         0.00%       0.000us         0.00%       0.000us       0.000us       1.261ms        18.62%       1.261ms     315.208us           0 B           0 B           0 B           0 B             4  
                                        Memset (Device)         0.00%       0.000us         0.00%       0.000us       0.000us      81.451us         1.20%      81.451us      16.290us           0 B           0 B           0 B           0 B             5  
                                          Memcpy (HtoD)         0.00%       0.000us         0.00%       0.000us       0.000us      12.370us         0.18%      12.370us      12.370us           0 B           0 B           0 B           0 B             1  
                               TorchDynamo Cache Lookup         0.12%      36.354us         0.12%      36.354us      36.354us       0.000us         0.00%       0.000us       0.000us           0 B           0 B           0 B           0 B             1  
                             Torch-Compiled Region: 0/0         0.23%      69.110us         1.37%     418.426us     418.426us       0.000us         0.00%       0.000us       0.000us           0 B           0 B      16.00 MB           0 B             1  
                                      Pregraph bytecode         0.01%       3.505us         0.01%       3.505us       3.505us       0.000us         0.00%       0.000us       0.000us           0 B           0 B           0 B           0 B             1  
                 AOTDispatcher Runtime Wrapper Prologue         0.03%       8.126us         0.03%       8.126us       8.126us       0.000us         0.00%       0.000us       0.000us           0 B           0 B           0 B           0 B             1  
                        ## Call CompiledFxGraph None ##         0.20%      60.540us         1.11%     337.685us     337.685us       0.000us         0.00%       0.000us       0.000us           0 B           0 B      16.00 MB      16.00 MB             1  
       launch_jobplan:sdsc_fused_amax_div_exp_sub_sum_0         0.88%     269.357us         0.91%     277.145us     277.145us       0.000us         0.00%       0.000us       0.000us           0 B           0 B           0 B           0 B             1  
                              aiuLaunchDMIControlBlocks         0.01%       1.948us         0.01%       1.948us       1.948us       0.000us         0.00%       0.000us       0.000us           0 B           0 B           0 B           0 B             1  
                                       Memory (Release)         0.55%     167.569us         0.55%     167.569us      33.514us       0.000us         0.00%       0.000us       0.000us     -16.00 MB     -16.00 MB           0 B           0 B             5  
                                 aiuLaunchControlBlocks         0.00%       0.845us         0.00%       0.845us       0.845us       0.000us         0.00%       0.000us       0.000us           0 B           0 B           0 B           0 B             1  
                                               aten::to         0.01%       2.866us        98.38%      29.953ms      29.953ms       0.000us         0.00%       0.000us       0.000us      16.00 MB           0 B           0 B           0 B             1  
                                         aten::_to_copy         0.07%      21.641us        98.37%      29.950ms      29.950ms       0.000us         0.00%       0.000us       0.000us      16.00 MB           0 B           0 B           0 B             1  
                                    aten::empty_strided         0.04%      11.947us         0.04%      11.947us      11.947us       0.000us         0.00%       0.000us       0.000us      16.00 MB      16.00 MB           0 B           0 B             1  
                                            aten::copy_         0.04%      12.190us        98.26%      29.916ms      29.916ms       0.000us         0.00%       0.000us       0.000us           0 B           0 B           0 B           0 B             1  
                                       aten::_copy_from        97.80%      29.777ms        98.22%      29.904ms      29.904ms       0.000us         0.00%       0.000us       0.000us           0 B           0 B           0 B           0 B             1  
                              aiuLaunchDMOControlBlocks         0.01%       3.179us         0.01%       3.179us       0.795us       0.000us         0.00%       0.000us       0.000us           0 B           0 B           0 B           0 B             4  
                                               [memory]         0.00%       0.000us         0.00%       0.000us       0.000us       0.000us         0.00%       0.000us       0.000us           0 B           0 B     -16.00 MB     -16.00 MB             1  
-------------------------------------------------------  ------------  ------------  ------------  ------------  ------------  ------------  ------------  ------------  ------------  ------------  ------------  ------------  ------------  ------------  
Self CPU time total: 30.446ms
Self SPYRE time total: 6.773ms

IO -- device-layout I/O (cost model, stick-padded) --
IO   op amax [reduction]
IO     output op0                    torch [4096, 1] -> device [1, 1, 4096, 64] in LX = 262144 elems x 2B = 524288 B  (hbm counted: 0 B)
IO     input  arg0_1                 torch [4096, 2048] -> device [32, 4096, 64] in HBM = 8388608 elems x 2B = 16777216 B  (hbm counted: 16777216 B)
IO   op sub
IO     output op1                    torch [4096, 2048] -> device [32, 4096, 64] in HBM = 8388608 elems x 2B = 16777216 B  (hbm counted: 16777216 B)
IO     input  arg0_1                 torch [4096, 2048] -> device [32, 4096, 64] in HBM = 8388608 elems x 2B = 16777216 B  (hbm counted: 16777216 B)
IO     input  buf0                   torch [4096, 1] -> device [1, 1, 4096, 64] in LX = 262144 elems x 2B = 524288 B  (hbm counted: 0 B) broadcast (loaded once)
IO   op exp
IO     output op2                    torch [4096, 2048] -> device [32, 4096, 64] in HBM = 8388608 elems x 2B = 16777216 B  (hbm counted: 16777216 B)
IO     input  buf1                   torch [4096, 2048] -> device [32, 4096, 64] in HBM = 8388608 elems x 2B = 16777216 B  (hbm counted: 16777216 B)
IO   op sum_1 [reduction]
IO     output op3                    torch [4096, 1] -> device [1, 1, 4096, 64] in LX = 262144 elems x 2B = 524288 B  (hbm counted: 0 B)
IO     input  buf2                   torch [4096, 2048] -> device [32, 4096, 64] in HBM = 8388608 elems x 2B = 16777216 B  (hbm counted: 16777216 B)
IO   op div
IO     output op4                    torch [4096, 2048] -> device [32, 4096, 64] in HBM = 8388608 elems x 2B = 16777216 B  (hbm counted: 16777216 B)
IO     input  buf2                   torch [4096, 2048] -> device [32, 4096, 64] in HBM = 8388608 elems x 2B = 16777216 B  (hbm counted: 16777216 B)
IO     input  buf3                   torch [4096, 1] -> device [1, 1, 4096, 64] in LX = 262144 elems x 2B = 524288 B  (hbm counted: 0 B) broadcast (loaded once)
IO   => HBM I/O total = 134217728 B  (lx 2097152 B, ~free)
MODEL -- estimate (turnaround): T = (R+W)/BW_PEAK + a*min(R,W) --
MODEL   R=67108864 B (read)   W=50331648 B (write)   loop_trip L=1
MODEL   base = (R+W)/150 = 782.94 us
MODEL   turn = a*min(R,W) = 0.00574*50331648 = 288.90 us
MODEL   => T_model = 5555.37 us
MODEL FEATS [{"name":"amax","is_reduction":true,"out_elems":262144,"cores":1,"dtype_bytes":2,"args":[{"name":"op0","role":"output","mem":"lx","elems":262144,"broadcast":false,"dims":[1,1,4096,64],"logical":[4096,1],"loop_factor":1},{"name":"arg0_1","role":"input","mem":"hbm","elems":8388608,"broadcast":false,"dims":[32,4096,64],"logical":[4096,2048],"loop_factor":1}],"reduction_cores":1,"loop_trip":1,"tiles_output_dim":false,"tiles_reduction_dim":false,"tile_rows_per_core":0.0,"is_matmul":false,"matmul_macs":0,"matmul_rows_per_core":0.0,"matmul_cols_per_core":0.0,"matmul_a_bytes":0,"matmul_b_bytes":0,"matmul_m_split":1,"matmul_n_split":1,"hbm_pattern":""},{"name":"sub","is_reduction":false,"out_elems":8388608,"cores":1,"dtype_bytes":2,"args":[{"name":"op1","role":"output","mem":"hbm","elems":8388608,"broadcast":false,"dims":[32,4096,64],"logical":[4096,2048],"loop_factor":1},{"name":"arg0_1","role":"input","mem":"hbm","elems":8388608,"broadcast":false,"dims":[32,4096,64],"logical":[4096,2048],"loop_factor":1},{"name":"buf0","role":"input","mem":"lx","elems":262144,"broadcast":true,"dims":[1,1,4096,64],"logical":[4096,1],"loop_factor":1}],"reduction_cores":1,"loop_trip":1,"tiles_output_dim":false,"tiles_reduction_dim":false,"tile_rows_per_core":0.0,"is_matmul":false,"matmul_macs":0,"matmul_rows_per_core":0.0,"matmul_cols_per_core":0.0,"matmul_a_bytes":0,"matmul_b_bytes":0,"matmul_m_split":1,"matmul_n_split":1,"hbm_pattern":""},{"name":"exp","is_reduction":false,"out_elems":8388608,"cores":1,"dtype_bytes":2,"args":[{"name":"op2","role":"output","mem":"hbm","elems":8388608,"broadcast":false,"dims":[32,4096,64],"logical":[4096,2048],"loop_factor":1},{"name":"buf1","role":"input","mem":"hbm","elems":8388608,"broadcast":false,"dims":[32,4096,64],"logical":[4096,2048],"loop_factor":1}],"reduction_cores":1,"loop_trip":1,"tiles_output_dim":false,"tiles_reduction_dim":false,"tile_rows_per_core":0.0,"is_matmul":false,"matmul_macs":0,"matmul_rows_per_core":0.0,"matmul_cols_per_core":0.0,"matmul_a_bytes":0,"matmul_b_bytes":0,"matmul_m_split":1,"matmul_n_split":1,"hbm_pattern":""},{"name":"sum_1","is_reduction":true,"out_elems":262144,"cores":1,"dtype_bytes":2,"args":[{"name":"op3","role":"output","mem":"lx","elems":262144,"broadcast":false,"dims":[1,1,4096,64],"logical":[4096,1],"loop_factor":1},{"name":"buf2","role":"input","mem":"hbm","elems":8388608,"broadcast":false,"dims":[32,4096,64],"logical":[4096,2048],"loop_factor":1}],"reduction_cores":1,"loop_trip":1,"tiles_output_dim":false,"tiles_reduction_dim":false,"tile_rows_per_core":0.0,"is_matmul":false,"matmul_macs":0,"matmul_rows_per_core":0.0,"matmul_cols_per_core":0.0,"matmul_a_bytes":0,"matmul_b_bytes":0,"matmul_m_split":1,"matmul_n_split":1,"hbm_pattern":""},{"name":"div","is_reduction":false,"out_elems":8388608,"cores":1,"dtype_bytes":2,"args":[{"name":"op4","role":"output","mem":"hbm","elems":8388608,"broadcast":false,"dims":[32,4096,64],"logical":[4096,2048],"loop_factor":1},{"name":"buf2","role":"input","mem":"hbm","elems":8388608,"broadcast":false,"dims":[32,4096,64],"logical":[4096,2048],"loop_factor":1},{"name":"buf3","role":"input","mem":"lx","elems":262144,"broadcast":true,"dims":[1,1,4096,64],"logical":[4096,1],"loop_factor":1}],"reduction_cores":1,"loop_trip":1,"tiles_output_dim":false,"tiles_reduction_dim":false,"tile_rows_per_core":0.0,"is_matmul":false,"matmul_macs":0,"matmul_rows_per_core":0.0,"matmul_cols_per_core":0.0,"matmul_a_bytes":0,"matmul_b_bytes":0,"matmul_m_split":1,"matmul_n_split":1,"hbm_pattern":""}]
TIMING op=softmax_stages reps=7/7 prof_wall_s=0.33 per_rep_s=0.046
SUMMARY op=softmax_stages rows=4096 cols=2048 cores=1 tiles=0 stages=0 lx=1 io_hbm_bytes=134217728 kernel_us=5407.150 pred_us=5555.370 err_pct=+2.7 bw_gbps=24.8 memset_us=81.136 other_dev_us=1157.542 total_dev_us=6645.828 kernel_us_min=5403.686 kernel_us_median=5407.150 kernel_us_mean=5408.310 kernel_us_std=4.409 kernel_us_cv=0.08 reps=7
=== cores=1 stages=2 ===
/home/haoyang/torch-spyre/.venv/lib64/python3.12/site-packages/torch/_dynamo/pgo.py:538: UserWarning: dynamo_pgo force disabled by torch.compiler.config.force_disable_caches
  warn_once(
==============================================================================
==== Cost model features + prediction (after pre-scheduling)
==============================================================================
  amax         read=16777216B write=0B lx=524288B
      output op0                    torch [4096, 1] -> device [1, 1, 4096, 64] in LX  | 262144 elems x 2B = 524288 B (hbm counted: 0 B)
      input  arg0_1                 torch [4096, 2048] -> device [32, 4096, 64] in HBM  | 8388608 elems x 2B = 16777216 B (hbm counted: 16777216 B)
  sub          read=16777216B write=16777216B lx=524288B
      output op1                    torch [4096, 2048] -> device [32, 4096, 64] in HBM  | 8388608 elems x 2B = 16777216 B (hbm counted: 16777216 B)
      input  arg0_1                 torch [4096, 2048] -> device [32, 4096, 64] in HBM  | 8388608 elems x 2B = 16777216 B (hbm counted: 16777216 B)
      input  buf0                   torch [4096, 1] -> device [1, 1, 4096, 64] in LX  | 262144 elems x 2B = 524288 B (hbm counted: 0 B) broadcast (loaded once)
  sigmoid      read=16777216B write=16777216B lx=0B
      output op2                    torch [4096, 2048] -> device [32, 4096, 64] in HBM  | 8388608 elems x 2B = 16777216 B (hbm counted: 16777216 B)
      input  buf1                   torch [4096, 2048] -> device [32, 4096, 64] in HBM  | 8388608 elems x 2B = 16777216 B (hbm counted: 16777216 B)
  sigmoid_1    read=16777216B write=16777216B lx=0B
      output op3                    torch [4096, 2048] -> device [32, 4096, 64] in HBM  | 8388608 elems x 2B = 16777216 B (hbm counted: 16777216 B)
      input  buf2                   torch [4096, 2048] -> device [32, 4096, 64] in HBM  | 8388608 elems x 2B = 16777216 B (hbm counted: 16777216 B)
  exp          read=16777216B write=16777216B lx=0B
      output op4                    torch [4096, 2048] -> device [32, 4096, 64] in HBM  | 8388608 elems x 2B = 16777216 B (hbm counted: 16777216 B)
      input  buf3                   torch [4096, 2048] -> device [32, 4096, 64] in HBM  | 8388608 elems x 2B = 16777216 B (hbm counted: 16777216 B)
  sum_1        read=16777216B write=0B lx=524288B
      output op5                    torch [4096, 1] -> device [1, 1, 4096, 64] in LX  | 262144 elems x 2B = 524288 B (hbm counted: 0 B)
      input  buf4                   torch [4096, 2048] -> device [32, 4096, 64] in HBM  | 8388608 elems x 2B = 16777216 B (hbm counted: 16777216 B)
  div          read=16777216B write=16777216B lx=524288B
      output op6                    torch [4096, 2048] -> device [32, 4096, 64] in HBM  | 8388608 elems x 2B = 16777216 B (hbm counted: 16777216 B)
      input  buf4                   torch [4096, 2048] -> device [32, 4096, 64] in HBM  | 8388608 elems x 2B = 16777216 B (hbm counted: 16777216 B)
      input  buf5                   torch [4096, 1] -> device [1, 1, 4096, 64] in LX  | 262144 elems x 2B = 524288 B (hbm counted: 0 B) broadcast (loaded once)
  -- prediction (turnaround): T = (R+W)/BW_PEAK + a*min(R,W) --
     R=100663296B (read)   W=83886080B (write)
     base = (R+W)/150 = 1230.33 us
     turn = a*min(R,W) = 0.00574*83886080 = 481.51 us
     => T_model = 5555.37 us

==============================================================================
==== Cost model: predicted runtime (after pre-scheduling)
==============================================================================
predicted total:     5555.4 us over 1 kernel(s), 7 op(s)

      kernel   predicted us  ops
           0         5555.4  7
                      925.9    sub       HBM   33.6 MB   LX  524.3 KB
                      925.9    sigmoid   HBM   33.6 MB
                      925.9    sigmoid_1 HBM   33.6 MB
                      925.9    exp       HBM   33.6 MB
                      925.9    div       HBM   33.6 MB   LX  524.3 KB
                      462.9    amax      HBM   16.8 MB   LX  524.3 KB
                      462.9    sum_1     HBM   16.8 MB   LX  524.3 KB

  Operations are grouped by the loop they run in; the count on each group
  header is that loop's iterations.  HBM = main-memory traffic for the whole
  loop, and '= T x B' breaks it into T iterations of B bytes.  LX = on-chip
  scratchpad traffic, already ONE iteration (an LX buffer is allocated per
  tile).  re-fetch = the part of HBM that is the same bytes read again on a
  later iteration.

  Each kernel is priced ONCE, as a bundle. The per-op column splits that
  total by each op's share of the HBM bytes: an attribution, not a set of
  independent predictions. It carries no compute term, so it misattributes a
  compute-bound kernel, and because the weights are per-op while the total
  de-duplicates shared inputs, a share can be off by up to a third of itself.
  An op with no HBM traffic shows 0.0 -- its output stays in LX, so it adds
  no main-memory traffic of its own.

/home/haoyang/torch-spyre/.venv/lib64/python3.12/site-packages/torch/profiler/profiler.py:224: UserWarning: Warning: Profiler clears events at the end of each cycle.Only events from the current cycle will be reported.To keep events across cycles, set acc_events=True.
  _warn_once(
[W805 21:20:14.482891711 collection.cpp:1077] Warning: Detected an event which was likely passed to kineto by the PyTorch profiler, but is not present in the set of known events: [memory] This most likely means that Kineto has not maintained address stability for this event. Please report this to the PyTorch team. (function operator())
== softmax_stages[4096x2048] -- profiler kernel time vs cost-model I/O ==
-------------------------------------------------------  ------------  ------------  ------------  ------------  ------------  ------------  ------------  ------------  ------------  ------------  ------------  ------------  ------------  ------------  
                                                   Name    Self CPU %      Self CPU   CPU total %     CPU total  CPU time avg    Self SPYRE  Self SPYRE %   SPYRE total  SPYRE time avg       CPU Mem  Self CPU Mem     SPYRE Mem  Self SPYRE Mem    # of Calls  
-------------------------------------------------------  ------------  ------------  ------------  ------------  ------------  ------------  ------------  ------------  ------------  ------------  ------------  ------------  ------------  ------------  
704d473b_sdsc_fused_amax_div_exp_sigmoid_sub_sum_0_d...         0.00%       0.000us         0.00%       0.000us       0.000us       7.181ms        85.00%       7.181ms       7.181ms           0 B           0 B           0 B           0 B             1  
                                          Memcpy (DtoH)         0.00%       0.000us         0.00%       0.000us       0.000us       1.146ms        13.57%       1.146ms     286.564us           0 B           0 B           0 B           0 B             4  
                                        Memset (Device)         0.00%       0.000us         0.00%       0.000us       0.000us     108.562us         1.29%     108.562us      21.712us           0 B           0 B           0 B           0 B             5  
                                          Memcpy (HtoD)         0.00%       0.000us         0.00%       0.000us       0.000us      12.206us         0.14%      12.206us      12.206us           0 B           0 B           0 B           0 B             1  
                               TorchDynamo Cache Lookup         0.12%      33.372us         0.12%      33.372us      33.372us       0.000us         0.00%       0.000us       0.000us           0 B           0 B           0 B           0 B             1  
                             Torch-Compiled Region: 0/0         0.22%      62.210us         1.41%     398.451us     398.451us       0.000us         0.00%       0.000us       0.000us           0 B           0 B      16.00 MB           0 B             1  
                                      Pregraph bytecode         0.01%       3.142us         0.01%       3.142us       3.142us       0.000us         0.00%       0.000us       0.000us           0 B           0 B           0 B           0 B             1  
                 AOTDispatcher Runtime Wrapper Prologue         0.03%       7.884us         0.03%       7.884us       7.884us       0.000us         0.00%       0.000us       0.000us           0 B           0 B           0 B           0 B             1  
                        ## Call CompiledFxGraph None ##         0.21%      59.656us         1.15%     325.215us     325.215us       0.000us         0.00%       0.000us       0.000us           0 B           0 B      16.00 MB      16.00 MB             1  
launch_jobplan:sdsc_fused_amax_div_exp_sigmoid_sub_s...         0.91%     256.991us         0.94%     265.559us     265.559us       0.000us         0.00%       0.000us       0.000us           0 B           0 B           0 B           0 B             1  
                              aiuLaunchDMIControlBlocks         0.01%       1.575us         0.01%       1.575us       1.575us       0.000us         0.00%       0.000us       0.000us           0 B           0 B           0 B           0 B             1  
                                       Memory (Release)         0.91%     257.531us         0.91%     257.531us      51.506us       0.000us         0.00%       0.000us       0.000us           0 B           0 B           0 B           0 B             5  
                                 aiuLaunchControlBlocks         0.00%       0.922us         0.00%       0.922us       0.922us       0.000us         0.00%       0.000us       0.000us           0 B           0 B           0 B           0 B             1  
                                               aten::to         0.01%       3.040us        97.58%      27.546ms      27.546ms       0.000us         0.00%       0.000us       0.000us      16.00 MB           0 B           0 B           0 B             1  
                                         aten::_to_copy         0.07%      18.730us        97.57%      27.543ms      27.543ms       0.000us         0.00%       0.000us       0.000us      16.00 MB           0 B           0 B           0 B             1  
                                    aten::empty_strided         0.03%       8.360us         0.03%       8.360us       8.360us       0.000us         0.00%       0.000us       0.000us      16.00 MB      16.00 MB           0 B           0 B             1  
                                            aten::copy_         0.04%      12.198us        97.47%      27.516ms      27.516ms       0.000us         0.00%       0.000us       0.000us           0 B           0 B           0 B           0 B             1  
                                       aten::_copy_from        97.42%      27.500ms        97.43%      27.504ms      27.504ms       0.000us         0.00%       0.000us       0.000us           0 B           0 B           0 B           0 B             1  
                              aiuLaunchDMOControlBlocks         0.01%       3.549us         0.01%       3.549us       0.887us       0.000us         0.00%       0.000us       0.000us           0 B           0 B           0 B           0 B             4  
                                               [memory]         0.00%       0.000us         0.00%       0.000us       0.000us       0.000us         0.00%       0.000us       0.000us     -16.00 MB     -16.00 MB     -16.00 MB     -16.00 MB             2  
-------------------------------------------------------  ------------  ------------  ------------  ------------  ------------  ------------  ------------  ------------  ------------  ------------  ------------  ------------  ------------  ------------  
Self CPU time total: 28.229ms
Self SPYRE time total: 8.448ms

IO -- device-layout I/O (cost model, stick-padded) --
IO   op amax [reduction]
IO     output op0                    torch [4096, 1] -> device [1, 1, 4096, 64] in LX = 262144 elems x 2B = 524288 B  (hbm counted: 0 B)
IO     input  arg0_1                 torch [4096, 2048] -> device [32, 4096, 64] in HBM = 8388608 elems x 2B = 16777216 B  (hbm counted: 16777216 B)
IO   op sub
IO     output op1                    torch [4096, 2048] -> device [32, 4096, 64] in HBM = 8388608 elems x 2B = 16777216 B  (hbm counted: 16777216 B)
IO     input  arg0_1                 torch [4096, 2048] -> device [32, 4096, 64] in HBM = 8388608 elems x 2B = 16777216 B  (hbm counted: 16777216 B)
IO     input  buf0                   torch [4096, 1] -> device [1, 1, 4096, 64] in LX = 262144 elems x 2B = 524288 B  (hbm counted: 0 B) broadcast (loaded once)
IO   op sigmoid
IO     output op2                    torch [4096, 2048] -> device [32, 4096, 64] in HBM = 8388608 elems x 2B = 16777216 B  (hbm counted: 16777216 B)
IO     input  buf1                   torch [4096, 2048] -> device [32, 4096, 64] in HBM = 8388608 elems x 2B = 16777216 B  (hbm counted: 16777216 B)
IO   op sigmoid_1
IO     output op3                    torch [4096, 2048] -> device [32, 4096, 64] in HBM = 8388608 elems x 2B = 16777216 B  (hbm counted: 16777216 B)
IO     input  buf2                   torch [4096, 2048] -> device [32, 4096, 64] in HBM = 8388608 elems x 2B = 16777216 B  (hbm counted: 16777216 B)
IO   op exp
IO     output op4                    torch [4096, 2048] -> device [32, 4096, 64] in HBM = 8388608 elems x 2B = 16777216 B  (hbm counted: 16777216 B)
IO     input  buf3                   torch [4096, 2048] -> device [32, 4096, 64] in HBM = 8388608 elems x 2B = 16777216 B  (hbm counted: 16777216 B)
IO   op sum_1 [reduction]
IO     output op5                    torch [4096, 1] -> device [1, 1, 4096, 64] in LX = 262144 elems x 2B = 524288 B  (hbm counted: 0 B)
IO     input  buf4                   torch [4096, 2048] -> device [32, 4096, 64] in HBM = 8388608 elems x 2B = 16777216 B  (hbm counted: 16777216 B)
IO   op div
IO     output op6                    torch [4096, 2048] -> device [32, 4096, 64] in HBM = 8388608 elems x 2B = 16777216 B  (hbm counted: 16777216 B)
IO     input  buf4                   torch [4096, 2048] -> device [32, 4096, 64] in HBM = 8388608 elems x 2B = 16777216 B  (hbm counted: 16777216 B)
IO     input  buf5                   torch [4096, 1] -> device [1, 1, 4096, 64] in LX = 262144 elems x 2B = 524288 B  (hbm counted: 0 B) broadcast (loaded once)
IO   => HBM I/O total = 201326592 B  (lx 2097152 B, ~free)
MODEL -- estimate (turnaround): T = (R+W)/BW_PEAK + a*min(R,W) --
MODEL   R=100663296 B (read)   W=83886080 B (write)   loop_trip L=1
MODEL   base = (R+W)/150 = 1230.33 us
MODEL   turn = a*min(R,W) = 0.00574*83886080 = 481.51 us
MODEL   => T_model = 5555.37 us
MODEL FEATS [{"name":"amax","is_reduction":true,"out_elems":262144,"cores":1,"dtype_bytes":2,"args":[{"name":"op0","role":"output","mem":"lx","elems":262144,"broadcast":false,"dims":[1,1,4096,64],"logical":[4096,1],"loop_factor":1},{"name":"arg0_1","role":"input","mem":"hbm","elems":8388608,"broadcast":false,"dims":[32,4096,64],"logical":[4096,2048],"loop_factor":1}],"reduction_cores":1,"loop_trip":1,"tiles_output_dim":false,"tiles_reduction_dim":false,"tile_rows_per_core":0.0,"is_matmul":false,"matmul_macs":0,"matmul_rows_per_core":0.0,"matmul_cols_per_core":0.0,"matmul_a_bytes":0,"matmul_b_bytes":0,"matmul_m_split":1,"matmul_n_split":1,"hbm_pattern":""},{"name":"sub","is_reduction":false,"out_elems":8388608,"cores":1,"dtype_bytes":2,"args":[{"name":"op1","role":"output","mem":"hbm","elems":8388608,"broadcast":false,"dims":[32,4096,64],"logical":[4096,2048],"loop_factor":1},{"name":"arg0_1","role":"input","mem":"hbm","elems":8388608,"broadcast":false,"dims":[32,4096,64],"logical":[4096,2048],"loop_factor":1},{"name":"buf0","role":"input","mem":"lx","elems":262144,"broadcast":true,"dims":[1,1,4096,64],"logical":[4096,1],"loop_factor":1}],"reduction_cores":1,"loop_trip":1,"tiles_output_dim":false,"tiles_reduction_dim":false,"tile_rows_per_core":0.0,"is_matmul":false,"matmul_macs":0,"matmul_rows_per_core":0.0,"matmul_cols_per_core":0.0,"matmul_a_bytes":0,"matmul_b_bytes":0,"matmul_m_split":1,"matmul_n_split":1,"hbm_pattern":""},{"name":"sigmoid","is_reduction":false,"out_elems":8388608,"cores":1,"dtype_bytes":2,"args":[{"name":"op2","role":"output","mem":"hbm","elems":8388608,"broadcast":false,"dims":[32,4096,64],"logical":[4096,2048],"loop_factor":1},{"name":"buf1","role":"input","mem":"hbm","elems":8388608,"broadcast":false,"dims":[32,4096,64],"logical":[4096,2048],"loop_factor":1}],"reduction_cores":1,"loop_trip":1,"tiles_output_dim":false,"tiles_reduction_dim":false,"tile_rows_per_core":0.0,"is_matmul":false,"matmul_macs":0,"matmul_rows_per_core":0.0,"matmul_cols_per_core":0.0,"matmul_a_bytes":0,"matmul_b_bytes":0,"matmul_m_split":1,"matmul_n_split":1,"hbm_pattern":""},{"name":"sigmoid_1","is_reduction":false,"out_elems":8388608,"cores":1,"dtype_bytes":2,"args":[{"name":"op3","role":"output","mem":"hbm","elems":8388608,"broadcast":false,"dims":[32,4096,64],"logical":[4096,2048],"loop_factor":1},{"name":"buf2","role":"input","mem":"hbm","elems":8388608,"broadcast":false,"dims":[32,4096,64],"logical":[4096,2048],"loop_factor":1}],"reduction_cores":1,"loop_trip":1,"tiles_output_dim":false,"tiles_reduction_dim":false,"tile_rows_per_core":0.0,"is_matmul":false,"matmul_macs":0,"matmul_rows_per_core":0.0,"matmul_cols_per_core":0.0,"matmul_a_bytes":0,"matmul_b_bytes":0,"matmul_m_split":1,"matmul_n_split":1,"hbm_pattern":""},{"name":"exp","is_reduction":false,"out_elems":8388608,"cores":1,"dtype_bytes":2,"args":[{"name":"op4","role":"output","mem":"hbm","elems":8388608,"broadcast":false,"dims":[32,4096,64],"logical":[4096,2048],"loop_factor":1},{"name":"buf3","role":"input","mem":"hbm","elems":8388608,"broadcast":false,"dims":[32,4096,64],"logical":[4096,2048],"loop_factor":1}],"reduction_cores":1,"loop_trip":1,"tiles_output_dim":false,"tiles_reduction_dim":false,"tile_rows_per_core":0.0,"is_matmul":false,"matmul_macs":0,"matmul_rows_per_core":0.0,"matmul_cols_per_core":0.0,"matmul_a_bytes":0,"matmul_b_bytes":0,"matmul_m_split":1,"matmul_n_split":1,"hbm_pattern":""},{"name":"sum_1","is_reduction":true,"out_elems":262144,"cores":1,"dtype_bytes":2,"args":[{"name":"op5","role":"output","mem":"lx","elems":262144,"broadcast":false,"dims":[1,1,4096,64],"logical":[4096,1],"loop_factor":1},{"name":"buf4","role":"input","mem":"hbm","elems":8388608,"broadcast":false,"dims":[32,4096,64],"logical":[4096,2048],"loop_factor":1}],"reduction_cores":1,"loop_trip":1,"tiles_output_dim":false,"tiles_reduction_dim":false,"tile_rows_per_core":0.0,"is_matmul":false,"matmul_macs":0,"matmul_rows_per_core":0.0,"matmul_cols_per_core":0.0,"matmul_a_bytes":0,"matmul_b_bytes":0,"matmul_m_split":1,"matmul_n_split":1,"hbm_pattern":""},{"name":"div","is_reduction":false,"out_elems":8388608,"cores":1,"dtype_bytes":2,"args":[{"name":"op6","role":"output","mem":"hbm","elems":8388608,"broadcast":false,"dims":[32,4096,64],"logical":[4096,2048],"loop_factor":1},{"name":"buf4","role":"input","mem":"hbm","elems":8388608,"broadcast":false,"dims":[32,4096,64],"logical":[4096,2048],"loop_factor":1},{"name":"buf5","role":"input","mem":"lx","elems":262144,"broadcast":true,"dims":[1,1,4096,64],"logical":[4096,1],"loop_factor":1}],"reduction_cores":1,"loop_trip":1,"tiles_output_dim":false,"tiles_reduction_dim":false,"tile_rows_per_core":0.0,"is_matmul":false,"matmul_macs":0,"matmul_rows_per_core":0.0,"matmul_cols_per_core":0.0,"matmul_a_bytes":0,"matmul_b_bytes":0,"matmul_m_split":1,"matmul_n_split":1,"hbm_pattern":""}]
TIMING op=softmax_stages reps=7/7 prof_wall_s=0.30 per_rep_s=0.043
SUMMARY op=softmax_stages rows=4096 cols=2048 cores=1 tiles=0 stages=2 lx=1 io_hbm_bytes=201326592 kernel_us=7182.477 pred_us=5555.370 err_pct=-22.7 bw_gbps=28.0 memset_us=115.072 other_dev_us=1138.426 total_dev_us=8435.975 kernel_us_min=7179.770 kernel_us_median=7182.477 kernel_us_mean=7184.828 kernel_us_std=5.074 kernel_us_cv=0.07 reps=7
=== cores=1 stages=4 ===
/home/haoyang/torch-spyre/.venv/lib64/python3.12/site-packages/torch/_dynamo/pgo.py:538: UserWarning: dynamo_pgo force disabled by torch.compiler.config.force_disable_caches
  warn_once(
==============================================================================
==== Cost model features + prediction (after pre-scheduling)
==============================================================================
  amax         read=16777216B write=0B lx=524288B
      output op0                    torch [4096, 1] -> device [1, 1, 4096, 64] in LX  | 262144 elems x 2B = 524288 B (hbm counted: 0 B)
      input  arg0_1                 torch [4096, 2048] -> device [32, 4096, 64] in HBM  | 8388608 elems x 2B = 16777216 B (hbm counted: 16777216 B)
  sub          read=16777216B write=16777216B lx=524288B
      output op1                    torch [4096, 2048] -> device [32, 4096, 64] in HBM  | 8388608 elems x 2B = 16777216 B (hbm counted: 16777216 B)
      input  arg0_1                 torch [4096, 2048] -> device [32, 4096, 64] in HBM  | 8388608 elems x 2B = 16777216 B (hbm counted: 16777216 B)
      input  buf0                   torch [4096, 1] -> device [1, 1, 4096, 64] in LX  | 262144 elems x 2B = 524288 B (hbm counted: 0 B) broadcast (loaded once)
  sigmoid      read=16777216B write=16777216B lx=0B
      output op2                    torch [4096, 2048] -> device [32, 4096, 64] in HBM  | 8388608 elems x 2B = 16777216 B (hbm counted: 16777216 B)
      input  buf1                   torch [4096, 2048] -> device [32, 4096, 64] in HBM  | 8388608 elems x 2B = 16777216 B (hbm counted: 16777216 B)
  sigmoid_1    read=16777216B write=16777216B lx=0B
      output op3                    torch [4096, 2048] -> device [32, 4096, 64] in HBM  | 8388608 elems x 2B = 16777216 B (hbm counted: 16777216 B)
      input  buf2                   torch [4096, 2048] -> device [32, 4096, 64] in HBM  | 8388608 elems x 2B = 16777216 B (hbm counted: 16777216 B)
  sigmoid_2    read=16777216B write=16777216B lx=0B
      output op4                    torch [4096, 2048] -> device [32, 4096, 64] in HBM  | 8388608 elems x 2B = 16777216 B (hbm counted: 16777216 B)
      input  buf3                   torch [4096, 2048] -> device [32, 4096, 64] in HBM  | 8388608 elems x 2B = 16777216 B (hbm counted: 16777216 B)
  sigmoid_3    read=16777216B write=16777216B lx=0B
      output op5                    torch [4096, 2048] -> device [32, 4096, 64] in HBM  | 8388608 elems x 2B = 16777216 B (hbm counted: 16777216 B)
      input  buf4                   torch [4096, 2048] -> device [32, 4096, 64] in HBM  | 8388608 elems x 2B = 16777216 B (hbm counted: 16777216 B)
  exp          read=16777216B write=16777216B lx=0B
      output op6                    torch [4096, 2048] -> device [32, 4096, 64] in HBM  | 8388608 elems x 2B = 16777216 B (hbm counted: 16777216 B)
      input  buf5                   torch [4096, 2048] -> device [32, 4096, 64] in HBM  | 8388608 elems x 2B = 16777216 B (hbm counted: 16777216 B)
  sum_1        read=16777216B write=0B lx=524288B
      output op7                    torch [4096, 1] -> device [1, 1, 4096, 64] in LX  | 262144 elems x 2B = 524288 B (hbm counted: 0 B)
      input  buf6                   torch [4096, 2048] -> device [32, 4096, 64] in HBM  | 8388608 elems x 2B = 16777216 B (hbm counted: 16777216 B)
  div          read=16777216B write=16777216B lx=524288B
      output op8                    torch [4096, 2048] -> device [32, 4096, 64] in HBM  | 8388608 elems x 2B = 16777216 B (hbm counted: 16777216 B)
      input  buf6                   torch [4096, 2048] -> device [32, 4096, 64] in HBM  | 8388608 elems x 2B = 16777216 B (hbm counted: 16777216 B)
      input  buf7                   torch [4096, 1] -> device [1, 1, 4096, 64] in LX  | 262144 elems x 2B = 524288 B (hbm counted: 0 B) broadcast (loaded once)
  -- prediction (turnaround): T = (R+W)/BW_PEAK + a*min(R,W) --
     R=134217728B (read)   W=117440512B (write)
     base = (R+W)/150 = 1677.72 us
     turn = a*min(R,W) = 0.00574*117440512 = 674.11 us
     => T_model = 5555.37 us

==============================================================================
==== Cost model: predicted runtime (after pre-scheduling)
==============================================================================
predicted total:     5555.4 us over 1 kernel(s), 9 op(s)

      kernel   predicted us  ops
           0         5555.4  9
                      694.4    sub       HBM   33.6 MB   LX  524.3 KB
                      694.4    sigmoid   HBM   33.6 MB
                      694.4    sigmoid_1 HBM   33.6 MB
                      694.4    sigmoid_2 HBM   33.6 MB
                      694.4    sigmoid_3 HBM   33.6 MB
                      694.4    exp       HBM   33.6 MB
                      694.4    div       HBM   33.6 MB   LX  524.3 KB
                      347.2    amax      HBM   16.8 MB   LX  524.3 KB
                      347.2    sum_1     HBM   16.8 MB   LX  524.3 KB

  Operations are grouped by the loop they run in; the count on each group
  header is that loop's iterations.  HBM = main-memory traffic for the whole
  loop, and '= T x B' breaks it into T iterations of B bytes.  LX = on-chip
  scratchpad traffic, already ONE iteration (an LX buffer is allocated per
  tile).  re-fetch = the part of HBM that is the same bytes read again on a
  later iteration.

  Each kernel is priced ONCE, as a bundle. The per-op column splits that
  total by each op's share of the HBM bytes: an attribution, not a set of
  independent predictions. It carries no compute term, so it misattributes a
  compute-bound kernel, and because the weights are per-op while the total
  de-duplicates shared inputs, a share can be off by up to a third of itself.
  An op with no HBM traffic shows 0.0 -- its output stays in LX, so it adds
  no main-memory traffic of its own.

/home/haoyang/torch-spyre/.venv/lib64/python3.12/site-packages/torch/profiler/profiler.py:224: UserWarning: Warning: Profiler clears events at the end of each cycle.Only events from the current cycle will be reported.To keep events across cycles, set acc_events=True.
  _warn_once(
[W805 21:20:27.764756503 collection.cpp:1077] Warning: Detected an event which was likely passed to kineto by the PyTorch profiler, but is not present in the set of known events: [memory] This most likely means that Kineto has not maintained address stability for this event. Please report this to the PyTorch team. (function operator())
== softmax_stages[4096x2048] -- profiler kernel time vs cost-model I/O ==
-------------------------------------------------------  ------------  ------------  ------------  ------------  ------------  ------------  ------------  ------------  ------------  ------------  ------------  ------------  ------------  ------------  
                                                   Name    Self CPU %      Self CPU   CPU total %     CPU total  CPU time avg    Self SPYRE  Self SPYRE %   SPYRE total  SPYRE time avg       CPU Mem  Self CPU Mem     SPYRE Mem  Self SPYRE Mem    # of Calls  
-------------------------------------------------------  ------------  ------------  ------------  ------------  ------------  ------------  ------------  ------------  ------------  ------------  ------------  ------------  ------------  ------------  
8c7f2303_sdsc_fused_amax_div_exp_sigmoid_sub_sum_0_q...         0.00%       0.000us         0.00%       0.000us       0.000us       8.919ms        85.08%       8.919ms       8.919ms           0 B           0 B           0 B           0 B             1  
                                          Memcpy (DtoH)         0.00%       0.000us         0.00%       0.000us       0.000us       1.437ms        13.71%       1.437ms     359.207us           0 B           0 B           0 B           0 B             4  
                                        Memset (Device)         0.00%       0.000us         0.00%       0.000us       0.000us     114.035us         1.09%     114.035us      22.807us           0 B           0 B           0 B           0 B             5  
                                          Memcpy (HtoD)         0.00%       0.000us         0.00%       0.000us       0.000us      13.153us         0.13%      13.153us      13.153us           0 B           0 B           0 B           0 B             1  
                               TorchDynamo Cache Lookup         0.12%      41.417us         0.12%      41.417us      41.417us       0.000us         0.00%       0.000us       0.000us           0 B           0 B           0 B           0 B             1  
                             Torch-Compiled Region: 0/0         0.19%      62.639us         1.25%     415.540us     415.540us       0.000us         0.00%       0.000us       0.000us           0 B           0 B      16.00 MB           0 B             1  
                                      Pregraph bytecode         0.01%       3.480us         0.01%       3.480us       3.480us       0.000us         0.00%       0.000us       0.000us           0 B           0 B           0 B           0 B             1  
                 AOTDispatcher Runtime Wrapper Prologue         0.03%       8.677us         0.03%       8.677us       8.677us       0.000us         0.00%       0.000us       0.000us           0 B           0 B           0 B           0 B             1  
                        ## Call CompiledFxGraph None ##         0.19%      63.802us         1.03%     340.744us     340.744us       0.000us         0.00%       0.000us       0.000us           0 B           0 B      16.00 MB      16.00 MB             1  
launch_jobplan:sdsc_fused_amax_div_exp_sigmoid_sub_s...         0.81%     267.685us         0.84%     276.942us     276.942us       0.000us         0.00%       0.000us       0.000us           0 B           0 B           0 B           0 B             1  
                              aiuLaunchDMIControlBlocks         0.01%       1.975us         0.01%       1.975us       1.975us       0.000us         0.00%       0.000us       0.000us           0 B           0 B           0 B           0 B             1  
                                       Memory (Release)         0.80%     264.579us         0.80%     264.579us      52.916us       0.000us         0.00%       0.000us       0.000us     -16.00 MB     -16.00 MB     -16.00 MB     -16.00 MB             5  
                                 aiuLaunchControlBlocks         0.00%       0.815us         0.00%       0.815us       0.815us       0.000us         0.00%       0.000us       0.000us           0 B           0 B           0 B           0 B             1  
                                               aten::to         0.01%       3.344us        91.14%      30.214ms      30.214ms       0.000us         0.00%       0.000us       0.000us      16.00 MB           0 B           0 B           0 B             1  
                                         aten::_to_copy         0.06%      19.525us        91.13%      30.211ms      30.211ms       0.000us         0.00%       0.000us       0.000us      16.00 MB           0 B           0 B           0 B             1  
                                    aten::empty_strided         0.02%       6.666us         0.02%       6.666us       6.666us       0.000us         0.00%       0.000us       0.000us      16.00 MB      16.00 MB           0 B           0 B             1  
                                            aten::copy_        -0.07%     -23.276us        91.05%      30.185ms      30.185ms       0.000us         0.00%       0.000us       0.000us           0 B           0 B           0 B           0 B             1  
                                       aten::_copy_from        90.85%      30.119ms        91.01%      30.172ms      30.172ms       0.000us         0.00%       0.000us       0.000us           0 B           0 B           0 B           0 B             1  
                              aiuLaunchDMOControlBlocks         0.01%       3.265us         0.01%       3.265us       0.816us       0.000us         0.00%       0.000us       0.000us           0 B           0 B           0 B           0 B             4  
                                    aiuClockCalibration         6.97%       2.309ms         6.97%       2.309ms       2.309ms       0.000us         0.00%       0.000us       0.000us           0 B           0 B           0 B           0 B             1  
-------------------------------------------------------  ------------  ------------  ------------  ------------  ------------  ------------  ------------  ------------  ------------  ------------  ------------  ------------  ------------  ------------  
Self CPU time total: 33.153ms
Self SPYRE time total: 10.483ms

IO -- device-layout I/O (cost model, stick-padded) --
IO   op amax [reduction]
IO     output op0                    torch [4096, 1] -> device [1, 1, 4096, 64] in LX = 262144 elems x 2B = 524288 B  (hbm counted: 0 B)
IO     input  arg0_1                 torch [4096, 2048] -> device [32, 4096, 64] in HBM = 8388608 elems x 2B = 16777216 B  (hbm counted: 16777216 B)
IO   op sub
IO     output op1                    torch [4096, 2048] -> device [32, 4096, 64] in HBM = 8388608 elems x 2B = 16777216 B  (hbm counted: 16777216 B)
IO     input  arg0_1                 torch [4096, 2048] -> device [32, 4096, 64] in HBM = 8388608 elems x 2B = 16777216 B  (hbm counted: 16777216 B)
IO     input  buf0                   torch [4096, 1] -> device [1, 1, 4096, 64] in LX = 262144 elems x 2B = 524288 B  (hbm counted: 0 B) broadcast (loaded once)
IO   op sigmoid
IO     output op2                    torch [4096, 2048] -> device [32, 4096, 64] in HBM = 8388608 elems x 2B = 16777216 B  (hbm counted: 16777216 B)
IO     input  buf1                   torch [4096, 2048] -> device [32, 4096, 64] in HBM = 8388608 elems x 2B = 16777216 B  (hbm counted: 16777216 B)
IO   op sigmoid_1
IO     output op3                    torch [4096, 2048] -> device [32, 4096, 64] in HBM = 8388608 elems x 2B = 16777216 B  (hbm counted: 16777216 B)
IO     input  buf2                   torch [4096, 2048] -> device [32, 4096, 64] in HBM = 8388608 elems x 2B = 16777216 B  (hbm counted: 16777216 B)
IO   op sigmoid_2
IO     output op4                    torch [4096, 2048] -> device [32, 4096, 64] in HBM = 8388608 elems x 2B = 16777216 B  (hbm counted: 16777216 B)
IO     input  buf3                   torch [4096, 2048] -> device [32, 4096, 64] in HBM = 8388608 elems x 2B = 16777216 B  (hbm counted: 16777216 B)
IO   op sigmoid_3
IO     output op5                    torch [4096, 2048] -> device [32, 4096, 64] in HBM = 8388608 elems x 2B = 16777216 B  (hbm counted: 16777216 B)
IO     input  buf4                   torch [4096, 2048] -> device [32, 4096, 64] in HBM = 8388608 elems x 2B = 16777216 B  (hbm counted: 16777216 B)
IO   op exp
IO     output op6                    torch [4096, 2048] -> device [32, 4096, 64] in HBM = 8388608 elems x 2B = 16777216 B  (hbm counted: 16777216 B)
IO     input  buf5                   torch [4096, 2048] -> device [32, 4096, 64] in HBM = 8388608 elems x 2B = 16777216 B  (hbm counted: 16777216 B)
IO   op sum_1 [reduction]
IO     output op7                    torch [4096, 1] -> device [1, 1, 4096, 64] in LX = 262144 elems x 2B = 524288 B  (hbm counted: 0 B)
IO     input  buf6                   torch [4096, 2048] -> device [32, 4096, 64] in HBM = 8388608 elems x 2B = 16777216 B  (hbm counted: 16777216 B)
IO   op div
IO     output op8                    torch [4096, 2048] -> device [32, 4096, 64] in HBM = 8388608 elems x 2B = 16777216 B  (hbm counted: 16777216 B)
IO     input  buf6                   torch [4096, 2048] -> device [32, 4096, 64] in HBM = 8388608 elems x 2B = 16777216 B  (hbm counted: 16777216 B)
IO     input  buf7                   torch [4096, 1] -> device [1, 1, 4096, 64] in LX = 262144 elems x 2B = 524288 B  (hbm counted: 0 B) broadcast (loaded once)
IO   => HBM I/O total = 268435456 B  (lx 2097152 B, ~free)
MODEL -- estimate (turnaround): T = (R+W)/BW_PEAK + a*min(R,W) --
MODEL   R=134217728 B (read)   W=117440512 B (write)   loop_trip L=1
MODEL   base = (R+W)/150 = 1677.72 us
MODEL   turn = a*min(R,W) = 0.00574*117440512 = 674.11 us
MODEL   => T_model = 5555.37 us
MODEL FEATS [{"name":"amax","is_reduction":true,"out_elems":262144,"cores":1,"dtype_bytes":2,"args":[{"name":"op0","role":"output","mem":"lx","elems":262144,"broadcast":false,"dims":[1,1,4096,64],"logical":[4096,1],"loop_factor":1},{"name":"arg0_1","role":"input","mem":"hbm","elems":8388608,"broadcast":false,"dims":[32,4096,64],"logical":[4096,2048],"loop_factor":1}],"reduction_cores":1,"loop_trip":1,"tiles_output_dim":false,"tiles_reduction_dim":false,"tile_rows_per_core":0.0,"is_matmul":false,"matmul_macs":0,"matmul_rows_per_core":0.0,"matmul_cols_per_core":0.0,"matmul_a_bytes":0,"matmul_b_bytes":0,"matmul_m_split":1,"matmul_n_split":1,"hbm_pattern":""},{"name":"sub","is_reduction":false,"out_elems":8388608,"cores":1,"dtype_bytes":2,"args":[{"name":"op1","role":"output","mem":"hbm","elems":8388608,"broadcast":false,"dims":[32,4096,64],"logical":[4096,2048],"loop_factor":1},{"name":"arg0_1","role":"input","mem":"hbm","elems":8388608,"broadcast":false,"dims":[32,4096,64],"logical":[4096,2048],"loop_factor":1},{"name":"buf0","role":"input","mem":"lx","elems":262144,"broadcast":true,"dims":[1,1,4096,64],"logical":[4096,1],"loop_factor":1}],"reduction_cores":1,"loop_trip":1,"tiles_output_dim":false,"tiles_reduction_dim":false,"tile_rows_per_core":0.0,"is_matmul":false,"matmul_macs":0,"matmul_rows_per_core":0.0,"matmul_cols_per_core":0.0,"matmul_a_bytes":0,"matmul_b_bytes":0,"matmul_m_split":1,"matmul_n_split":1,"hbm_pattern":""},{"name":"sigmoid","is_reduction":false,"out_elems":8388608,"cores":1,"dtype_bytes":2,"args":[{"name":"op2","role":"output","mem":"hbm","elems":8388608,"broadcast":false,"dims":[32,4096,64],"logical":[4096,2048],"loop_factor":1},{"name":"buf1","role":"input","mem":"hbm","elems":8388608,"broadcast":false,"dims":[32,4096,64],"logical":[4096,2048],"loop_factor":1}],"reduction_cores":1,"loop_trip":1,"tiles_output_dim":false,"tiles_reduction_dim":false,"tile_rows_per_core":0.0,"is_matmul":false,"matmul_macs":0,"matmul_rows_per_core":0.0,"matmul_cols_per_core":0.0,"matmul_a_bytes":0,"matmul_b_bytes":0,"matmul_m_split":1,"matmul_n_split":1,"hbm_pattern":""},{"name":"sigmoid_1","is_reduction":false,"out_elems":8388608,"cores":1,"dtype_bytes":2,"args":[{"name":"op3","role":"output","mem":"hbm","elems":8388608,"broadcast":false,"dims":[32,4096,64],"logical":[4096,2048],"loop_factor":1},{"name":"buf2","role":"input","mem":"hbm","elems":8388608,"broadcast":false,"dims":[32,4096,64],"logical":[4096,2048],"loop_factor":1}],"reduction_cores":1,"loop_trip":1,"tiles_output_dim":false,"tiles_reduction_dim":false,"tile_rows_per_core":0.0,"is_matmul":false,"matmul_macs":0,"matmul_rows_per_core":0.0,"matmul_cols_per_core":0.0,"matmul_a_bytes":0,"matmul_b_bytes":0,"matmul_m_split":1,"matmul_n_split":1,"hbm_pattern":""},{"name":"sigmoid_2","is_reduction":false,"out_elems":8388608,"cores":1,"dtype_bytes":2,"args":[{"name":"op4","role":"output","mem":"hbm","elems":8388608,"broadcast":false,"dims":[32,4096,64],"logical":[4096,2048],"loop_factor":1},{"name":"buf3","role":"input","mem":"hbm","elems":8388608,"broadcast":false,"dims":[32,4096,64],"logical":[4096,2048],"loop_factor":1}],"reduction_cores":1,"loop_trip":1,"tiles_output_dim":false,"tiles_reduction_dim":false,"tile_rows_per_core":0.0,"is_matmul":false,"matmul_macs":0,"matmul_rows_per_core":0.0,"matmul_cols_per_core":0.0,"matmul_a_bytes":0,"matmul_b_bytes":0,"matmul_m_split":1,"matmul_n_split":1,"hbm_pattern":""},{"name":"sigmoid_3","is_reduction":false,"out_elems":8388608,"cores":1,"dtype_bytes":2,"args":[{"name":"op5","role":"output","mem":"hbm","elems":8388608,"broadcast":false,"dims":[32,4096,64],"logical":[4096,2048],"loop_factor":1},{"name":"buf4","role":"input","mem":"hbm","elems":8388608,"broadcast":false,"dims":[32,4096,64],"logical":[4096,2048],"loop_factor":1}],"reduction_cores":1,"loop_trip":1,"tiles_output_dim":false,"tiles_reduction_dim":false,"tile_rows_per_core":0.0,"is_matmul":false,"matmul_macs":0,"matmul_rows_per_core":0.0,"matmul_cols_per_core":0.0,"matmul_a_bytes":0,"matmul_b_bytes":0,"matmul_m_split":1,"matmul_n_split":1,"hbm_pattern":""},{"name":"exp","is_reduction":false,"out_elems":8388608,"cores":1,"dtype_bytes":2,"args":[{"name":"op6","role":"output","mem":"hbm","elems":8388608,"broadcast":false,"dims":[32,4096,64],"logical":[4096,2048],"loop_factor":1},{"name":"buf5","role":"input","mem":"hbm","elems":8388608,"broadcast":false,"dims":[32,4096,64],"logical":[4096,2048],"loop_factor":1}],"reduction_cores":1,"loop_trip":1,"tiles_output_dim":false,"tiles_reduction_dim":false,"tile_rows_per_core":0.0,"is_matmul":false,"matmul_macs":0,"matmul_rows_per_core":0.0,"matmul_cols_per_core":0.0,"matmul_a_bytes":0,"matmul_b_bytes":0,"matmul_m_split":1,"matmul_n_split":1,"hbm_pattern":""},{"name":"sum_1","is_reduction":true,"out_elems":262144,"cores":1,"dtype_bytes":2,"args":[{"name":"op7","role":"output","mem":"lx","elems":262144,"broadcast":false,"dims":[1,1,4096,64],"logical":[4096,1],"loop_factor":1},{"name":"buf6","role":"input","mem":"hbm","elems":8388608,"broadcast":false,"dims":[32,4096,64],"logical":[4096,2048],"loop_factor":1}],"reduction_cores":1,"loop_trip":1,"tiles_output_dim":false,"tiles_reduction_dim":false,"tile_rows_per_core":0.0,"is_matmul":false,"matmul_macs":0,"matmul_rows_per_core":0.0,"matmul_cols_per_core":0.0,"matmul_a_bytes":0,"matmul_b_bytes":0,"matmul_m_split":1,"matmul_n_split":1,"hbm_pattern":""},{"name":"div","is_reduction":false,"out_elems":8388608,"cores":1,"dtype_bytes":2,"args":[{"name":"op8","role":"output","mem":"hbm","elems":8388608,"broadcast":false,"dims":[32,4096,64],"logical":[4096,2048],"loop_factor":1},{"name":"buf6","role":"input","mem":"hbm","elems":8388608,"broadcast":false,"dims":[32,4096,64],"logical":[4096,2048],"loop_factor":1},{"name":"buf7","role":"input","mem":"lx","elems":262144,"broadcast":true,"dims":[1,1,4096,64],"logical":[4096,1],"loop_factor":1}],"reduction_cores":1,"loop_trip":1,"tiles_output_dim":false,"tiles_reduction_dim":false,"tile_rows_per_core":0.0,"is_matmul":false,"matmul_macs":0,"matmul_rows_per_core":0.0,"matmul_cols_per_core":0.0,"matmul_a_bytes":0,"matmul_b_bytes":0,"matmul_m_split":1,"matmul_n_split":1,"hbm_pattern":""}]
TIMING op=softmax_stages reps=7/7 prof_wall_s=0.32 per_rep_s=0.046
SUMMARY op=softmax_stages rows=4096 cols=2048 cores=1 tiles=0 stages=4 lx=1 io_hbm_bytes=268435456 kernel_us=8926.894 pred_us=5555.370 err_pct=-37.8 bw_gbps=30.1 memset_us=111.915 other_dev_us=1207.222 total_dev_us=10246.031 kernel_us_min=8918.577 kernel_us_median=8926.894 kernel_us_mean=8929.392 kernel_us_std=8.269 kernel_us_cv=0.09 reps=7
=== cores=1 stages=8 ===
/home/haoyang/torch-spyre/.venv/lib64/python3.12/site-packages/torch/_dynamo/pgo.py:538: UserWarning: dynamo_pgo force disabled by torch.compiler.config.force_disable_caches
  warn_once(
==============================================================================
==== Cost model features + prediction (after pre-scheduling)
==============================================================================
  amax         read=16777216B write=0B lx=524288B
      output op0                    torch [4096, 1] -> device [1, 1, 4096, 64] in LX  | 262144 elems x 2B = 524288 B (hbm counted: 0 B)
      input  arg0_1                 torch [4096, 2048] -> device [32, 4096, 64] in HBM  | 8388608 elems x 2B = 16777216 B (hbm counted: 16777216 B)
  sub          read=16777216B write=16777216B lx=524288B
      output op1                    torch [4096, 2048] -> device [32, 4096, 64] in HBM  | 8388608 elems x 2B = 16777216 B (hbm counted: 16777216 B)
      input  arg0_1                 torch [4096, 2048] -> device [32, 4096, 64] in HBM  | 8388608 elems x 2B = 16777216 B (hbm counted: 16777216 B)
      input  buf0                   torch [4096, 1] -> device [1, 1, 4096, 64] in LX  | 262144 elems x 2B = 524288 B (hbm counted: 0 B) broadcast (loaded once)
  sigmoid      read=16777216B write=16777216B lx=0B
      output op2                    torch [4096, 2048] -> device [32, 4096, 64] in HBM  | 8388608 elems x 2B = 16777216 B (hbm counted: 16777216 B)
      input  buf1                   torch [4096, 2048] -> device [32, 4096, 64] in HBM  | 8388608 elems x 2B = 16777216 B (hbm counted: 16777216 B)
  sigmoid_1    read=16777216B write=16777216B lx=0B
      output op3                    torch [4096, 2048] -> device [32, 4096, 64] in HBM  | 8388608 elems x 2B = 16777216 B (hbm counted: 16777216 B)
      input  buf2                   torch [4096, 2048] -> device [32, 4096, 64] in HBM  | 8388608 elems x 2B = 16777216 B (hbm counted: 16777216 B)
  sigmoid_2    read=16777216B write=16777216B lx=0B
      output op4                    torch [4096, 2048] -> device [32, 4096, 64] in HBM  | 8388608 elems x 2B = 16777216 B (hbm counted: 16777216 B)
      input  buf3                   torch [4096, 2048] -> device [32, 4096, 64] in HBM  | 8388608 elems x 2B = 16777216 B (hbm counted: 16777216 B)
  sigmoid_3    read=16777216B write=16777216B lx=0B
      output op5                    torch [4096, 2048] -> device [32, 4096, 64] in HBM  | 8388608 elems x 2B = 16777216 B (hbm counted: 16777216 B)
      input  buf4                   torch [4096, 2048] -> device [32, 4096, 64] in HBM  | 8388608 elems x 2B = 16777216 B (hbm counted: 16777216 B)
  sigmoid_4    read=16777216B write=16777216B lx=0B
      output op6                    torch [4096, 2048] -> device [32, 4096, 64] in HBM  | 8388608 elems x 2B = 16777216 B (hbm counted: 16777216 B)
      input  buf5                   torch [4096, 2048] -> device [32, 4096, 64] in HBM  | 8388608 elems x 2B = 16777216 B (hbm counted: 16777216 B)
  sigmoid_5    read=16777216B write=16777216B lx=0B
      output op7                    torch [4096, 2048] -> device [32, 4096, 64] in HBM  | 8388608 elems x 2B = 16777216 B (hbm counted: 16777216 B)
      input  buf6                   torch [4096, 2048] -> device [32, 4096, 64] in HBM  | 8388608 elems x 2B = 16777216 B (hbm counted: 16777216 B)
  sigmoid_6    read=16777216B write=16777216B lx=0B
      output op8                    torch [4096, 2048] -> device [32, 4096, 64] in HBM  | 8388608 elems x 2B = 16777216 B (hbm counted: 16777216 B)
      input  buf7                   torch [4096, 2048] -> device [32, 4096, 64] in HBM  | 8388608 elems x 2B = 16777216 B (hbm counted: 16777216 B)
  sigmoid_7    read=16777216B write=16777216B lx=0B
      output op9                    torch [4096, 2048] -> device [32, 4096, 64] in HBM  | 8388608 elems x 2B = 16777216 B (hbm counted: 16777216 B)
      input  buf8                   torch [4096, 2048] -> device [32, 4096, 64] in HBM  | 8388608 elems x 2B = 16777216 B (hbm counted: 16777216 B)
  exp          read=16777216B write=16777216B lx=0B
      output op10                   torch [4096, 2048] -> device [32, 4096, 64] in HBM  | 8388608 elems x 2B = 16777216 B (hbm counted: 16777216 B)
      input  buf9                   torch [4096, 2048] -> device [32, 4096, 64] in HBM  | 8388608 elems x 2B = 16777216 B (hbm counted: 16777216 B)
  sum_1        read=16777216B write=0B lx=524288B
      output op11                   torch [4096, 1] -> device [1, 1, 4096, 64] in LX  | 262144 elems x 2B = 524288 B (hbm counted: 0 B)
      input  buf10                  torch [4096, 2048] -> device [32, 4096, 64] in HBM  | 8388608 elems x 2B = 16777216 B (hbm counted: 16777216 B)
  div          read=16777216B write=16777216B lx=524288B
      output op12                   torch [4096, 2048] -> device [32, 4096, 64] in HBM  | 8388608 elems x 2B = 16777216 B (hbm counted: 16777216 B)
      input  buf10                  torch [4096, 2048] -> device [32, 4096, 64] in HBM  | 8388608 elems x 2B = 16777216 B (hbm counted: 16777216 B)
      input  buf11                  torch [4096, 1] -> device [1, 1, 4096, 64] in LX  | 262144 elems x 2B = 524288 B (hbm counted: 0 B) broadcast (loaded once)
  -- prediction (turnaround): T = (R+W)/BW_PEAK + a*min(R,W) --
     R=201326592B (read)   W=184549376B (write)
     base = (R+W)/150 = 2572.51 us
     turn = a*min(R,W) = 0.00574*184549376 = 1059.31 us
     => T_model = 5555.37 us

==============================================================================
==== Cost model: predicted runtime (after pre-scheduling)
==============================================================================
predicted total:     5555.4 us over 1 kernel(s), 13 op(s)

      kernel   predicted us  ops
           0         5555.4  13
                      462.9    sub       HBM   33.6 MB   LX  524.3 KB
                      462.9    sigmoid   HBM   33.6 MB
                      462.9    sigmoid_1 HBM   33.6 MB
                      462.9    sigmoid_2 HBM   33.6 MB
                      462.9    sigmoid_3 HBM   33.6 MB
                      462.9    sigmoid_4 HBM   33.6 MB
                      462.9    sigmoid_5 HBM   33.6 MB
                      462.9    sigmoid_6 HBM   33.6 MB
                      462.9    sigmoid_7 HBM   33.6 MB
                      462.9    exp       HBM   33.6 MB
                      462.9    div       HBM   33.6 MB   LX  524.3 KB
                      231.5    amax      HBM   16.8 MB   LX  524.3 KB
                      231.5    sum_1     HBM   16.8 MB   LX  524.3 KB

  Operations are grouped by the loop they run in; the count on each group
  header is that loop's iterations.  HBM = main-memory traffic for the whole
  loop, and '= T x B' breaks it into T iterations of B bytes.  LX = on-chip
  scratchpad traffic, already ONE iteration (an LX buffer is allocated per
  tile).  re-fetch = the part of HBM that is the same bytes read again on a
  later iteration.

  Each kernel is priced ONCE, as a bundle. The per-op column splits that
  total by each op's share of the HBM bytes: an attribution, not a set of
  independent predictions. It carries no compute term, so it misattributes a
  compute-bound kernel, and because the weights are per-op while the total
  de-duplicates shared inputs, a share can be off by up to a third of itself.
  An op with no HBM traffic shows 0.0 -- its output stays in LX, so it adds
  no main-memory traffic of its own.

/home/haoyang/torch-spyre/.venv/lib64/python3.12/site-packages/torch/profiler/profiler.py:224: UserWarning: Warning: Profiler clears events at the end of each cycle.Only events from the current cycle will be reported.To keep events across cycles, set acc_events=True.
  _warn_once(
[W805 21:20:42.759544853 collection.cpp:1077] Warning: Detected an event which was likely passed to kineto by the PyTorch profiler, but is not present in the set of known events: [memory] This most likely means that Kineto has not maintained address stability for this event. Please report this to the PyTorch team. (function operator())
== softmax_stages[4096x2048] -- profiler kernel time vs cost-model I/O ==
-------------------------------------------------------  ------------  ------------  ------------  ------------  ------------  ------------  ------------  ------------  ------------  ------------  ------------  ------------  ------------  ------------  
                                                   Name    Self CPU %      Self CPU   CPU total %     CPU total  CPU time avg    Self SPYRE  Self SPYRE %   SPYRE total  SPYRE time avg       CPU Mem  Self CPU Mem     SPYRE Mem  Self SPYRE Mem    # of Calls  
-------------------------------------------------------  ------------  ------------  ------------  ------------  ------------  ------------  ------------  ------------  ------------  ------------  ------------  ------------  ------------  ------------  
25fa5a84_sdsc_fused_amax_div_exp_sigmoid_sub_sum_0_c...         0.00%       0.000us         0.00%       0.000us       0.000us      12.452ms        90.06%      12.452ms      12.452ms           0 B           0 B           0 B           0 B             1  
                                          Memcpy (DtoH)         0.00%       0.000us         0.00%       0.000us       0.000us       1.249ms         9.03%       1.249ms     312.273us           0 B           0 B           0 B           0 B             4  
                                        Memset (Device)         0.00%       0.000us         0.00%       0.000us       0.000us     114.153us         0.83%     114.153us      22.831us           0 B           0 B           0 B           0 B             5  
                                          Memcpy (HtoD)         0.00%       0.000us         0.00%       0.000us       0.000us      11.513us         0.08%      11.513us      11.513us           0 B           0 B           0 B           0 B             1  
                               TorchDynamo Cache Lookup         0.11%      37.565us         0.11%      37.565us      37.565us       0.000us         0.00%       0.000us       0.000us           0 B           0 B           0 B           0 B             1  
                             Torch-Compiled Region: 0/0         0.18%      59.576us         1.25%     419.555us     419.555us       0.000us         0.00%       0.000us       0.000us           0 B           0 B      16.00 MB           0 B             1  
                                      Pregraph bytecode         0.01%       3.489us         0.01%       3.489us       3.489us       0.000us         0.00%       0.000us       0.000us           0 B           0 B           0 B           0 B             1  
                 AOTDispatcher Runtime Wrapper Prologue         0.03%       8.667us         0.03%       8.667us       8.667us       0.000us         0.00%       0.000us       0.000us           0 B           0 B           0 B           0 B             1  
                        ## Call CompiledFxGraph None ##         0.19%      64.640us         1.04%     347.823us     347.823us       0.000us         0.00%       0.000us       0.000us           0 B           0 B      16.00 MB      16.00 MB             1  
launch_jobplan:sdsc_fused_amax_div_exp_sigmoid_sub_s...         0.82%     274.717us         0.84%     283.183us     283.183us       0.000us         0.00%       0.000us       0.000us           0 B           0 B           0 B           0 B             1  
                              aiuLaunchDMIControlBlocks         0.01%       1.764us         0.01%       1.764us       1.764us       0.000us         0.00%       0.000us       0.000us           0 B           0 B           0 B           0 B             1  
                                       Memory (Release)         0.80%     267.363us         0.80%     267.363us      53.473us       0.000us         0.00%       0.000us       0.000us     -16.00 MB     -16.00 MB     -16.00 MB     -16.00 MB             5  
                                 aiuLaunchControlBlocks         0.00%       0.759us         0.00%       0.759us       0.759us       0.000us         0.00%       0.000us       0.000us           0 B           0 B           0 B           0 B             1  
                                               aten::to        -0.10%     -33.915us        98.12%      32.922ms      32.922ms       0.000us         0.00%       0.000us       0.000us      16.00 MB           0 B           0 B           0 B             1  
                                         aten::_to_copy         0.06%      19.817us        98.11%      32.918ms      32.918ms       0.000us         0.00%       0.000us       0.000us      16.00 MB           0 B           0 B           0 B             1  
                                    aten::empty_strided         0.03%       8.917us         0.03%       8.917us       8.917us       0.000us         0.00%       0.000us       0.000us      16.00 MB      16.00 MB           0 B           0 B             1  
                                            aten::copy_         0.04%      13.286us        98.02%      32.889ms      32.889ms       0.000us         0.00%       0.000us       0.000us           0 B           0 B           0 B           0 B             1  
                                       aten::_copy_from        97.79%      32.812ms        97.98%      32.876ms      32.876ms       0.000us         0.00%       0.000us       0.000us           0 B           0 B           0 B           0 B             1  
                              aiuLaunchDMOControlBlocks         0.04%      13.453us         0.04%      13.453us       3.363us       0.000us         0.00%       0.000us       0.000us           0 B           0 B           0 B           0 B             4  
-------------------------------------------------------  ------------  ------------  ------------  ------------  ------------  ------------  ------------  ------------  ------------  ------------  ------------  ------------  ------------  ------------  
Self CPU time total: 33.553ms
Self SPYRE time total: 13.827ms

IO -- device-layout I/O (cost model, stick-padded) --
IO   op amax [reduction]
IO     output op0                    torch [4096, 1] -> device [1, 1, 4096, 64] in LX = 262144 elems x 2B = 524288 B  (hbm counted: 0 B)
IO     input  arg0_1                 torch [4096, 2048] -> device [32, 4096, 64] in HBM = 8388608 elems x 2B = 16777216 B  (hbm counted: 16777216 B)
IO   op sub
IO     output op1                    torch [4096, 2048] -> device [32, 4096, 64] in HBM = 8388608 elems x 2B = 16777216 B  (hbm counted: 16777216 B)
IO     input  arg0_1                 torch [4096, 2048] -> device [32, 4096, 64] in HBM = 8388608 elems x 2B = 16777216 B  (hbm counted: 16777216 B)
IO     input  buf0                   torch [4096, 1] -> device [1, 1, 4096, 64] in LX = 262144 elems x 2B = 524288 B  (hbm counted: 0 B) broadcast (loaded once)
IO   op sigmoid
IO     output op2                    torch [4096, 2048] -> device [32, 4096, 64] in HBM = 8388608 elems x 2B = 16777216 B  (hbm counted: 16777216 B)
IO     input  buf1                   torch [4096, 2048] -> device [32, 4096, 64] in HBM = 8388608 elems x 2B = 16777216 B  (hbm counted: 16777216 B)
IO   op sigmoid_1
IO     output op3                    torch [4096, 2048] -> device [32, 4096, 64] in HBM = 8388608 elems x 2B = 16777216 B  (hbm counted: 16777216 B)
IO     input  buf2                   torch [4096, 2048] -> device [32, 4096, 64] in HBM = 8388608 elems x 2B = 16777216 B  (hbm counted: 16777216 B)
IO   op sigmoid_2
IO     output op4                    torch [4096, 2048] -> device [32, 4096, 64] in HBM = 8388608 elems x 2B = 16777216 B  (hbm counted: 16777216 B)
IO     input  buf3                   torch [4096, 2048] -> device [32, 4096, 64] in HBM = 8388608 elems x 2B = 16777216 B  (hbm counted: 16777216 B)
IO   op sigmoid_3
IO     output op5                    torch [4096, 2048] -> device [32, 4096, 64] in HBM = 8388608 elems x 2B = 16777216 B  (hbm counted: 16777216 B)
IO     input  buf4                   torch [4096, 2048] -> device [32, 4096, 64] in HBM = 8388608 elems x 2B = 16777216 B  (hbm counted: 16777216 B)
IO   op sigmoid_4
IO     output op6                    torch [4096, 2048] -> device [32, 4096, 64] in HBM = 8388608 elems x 2B = 16777216 B  (hbm counted: 16777216 B)
IO     input  buf5                   torch [4096, 2048] -> device [32, 4096, 64] in HBM = 8388608 elems x 2B = 16777216 B  (hbm counted: 16777216 B)
IO   op sigmoid_5
IO     output op7                    torch [4096, 2048] -> device [32, 4096, 64] in HBM = 8388608 elems x 2B = 16777216 B  (hbm counted: 16777216 B)
IO     input  buf6                   torch [4096, 2048] -> device [32, 4096, 64] in HBM = 8388608 elems x 2B = 16777216 B  (hbm counted: 16777216 B)
IO   op sigmoid_6
IO     output op8                    torch [4096, 2048] -> device [32, 4096, 64] in HBM = 8388608 elems x 2B = 16777216 B  (hbm counted: 16777216 B)
IO     input  buf7                   torch [4096, 2048] -> device [32, 4096, 64] in HBM = 8388608 elems x 2B = 16777216 B  (hbm counted: 16777216 B)
IO   op sigmoid_7
IO     output op9                    torch [4096, 2048] -> device [32, 4096, 64] in HBM = 8388608 elems x 2B = 16777216 B  (hbm counted: 16777216 B)
IO     input  buf8                   torch [4096, 2048] -> device [32, 4096, 64] in HBM = 8388608 elems x 2B = 16777216 B  (hbm counted: 16777216 B)
IO   op exp
IO     output op10                   torch [4096, 2048] -> device [32, 4096, 64] in HBM = 8388608 elems x 2B = 16777216 B  (hbm counted: 16777216 B)
IO     input  buf9                   torch [4096, 2048] -> device [32, 4096, 64] in HBM = 8388608 elems x 2B = 16777216 B  (hbm counted: 16777216 B)
IO   op sum_1 [reduction]
IO     output op11                   torch [4096, 1] -> device [1, 1, 4096, 64] in LX = 262144 elems x 2B = 524288 B  (hbm counted: 0 B)
IO     input  buf10                  torch [4096, 2048] -> device [32, 4096, 64] in HBM = 8388608 elems x 2B = 16777216 B  (hbm counted: 16777216 B)
IO   op div
IO     output op12                   torch [4096, 2048] -> device [32, 4096, 64] in HBM = 8388608 elems x 2B = 16777216 B  (hbm counted: 16777216 B)
IO     input  buf10                  torch [4096, 2048] -> device [32, 4096, 64] in HBM = 8388608 elems x 2B = 16777216 B  (hbm counted: 16777216 B)
IO     input  buf11                  torch [4096, 1] -> device [1, 1, 4096, 64] in LX = 262144 elems x 2B = 524288 B  (hbm counted: 0 B) broadcast (loaded once)
IO   => HBM I/O total = 402653184 B  (lx 2097152 B, ~free)
MODEL -- estimate (turnaround): T = (R+W)/BW_PEAK + a*min(R,W) --
MODEL   R=201326592 B (read)   W=184549376 B (write)   loop_trip L=1
MODEL   base = (R+W)/150 = 2572.51 us
MODEL   turn = a*min(R,W) = 0.00574*184549376 = 1059.31 us
MODEL   => T_model = 5555.37 us
MODEL FEATS [{"name":"amax","is_reduction":true,"out_elems":262144,"cores":1,"dtype_bytes":2,"args":[{"name":"op0","role":"output","mem":"lx","elems":262144,"broadcast":false,"dims":[1,1,4096,64],"logical":[4096,1],"loop_factor":1},{"name":"arg0_1","role":"input","mem":"hbm","elems":8388608,"broadcast":false,"dims":[32,4096,64],"logical":[4096,2048],"loop_factor":1}],"reduction_cores":1,"loop_trip":1,"tiles_output_dim":false,"tiles_reduction_dim":false,"tile_rows_per_core":0.0,"is_matmul":false,"matmul_macs":0,"matmul_rows_per_core":0.0,"matmul_cols_per_core":0.0,"matmul_a_bytes":0,"matmul_b_bytes":0,"matmul_m_split":1,"matmul_n_split":1,"hbm_pattern":""},{"name":"sub","is_reduction":false,"out_elems":8388608,"cores":1,"dtype_bytes":2,"args":[{"name":"op1","role":"output","mem":"hbm","elems":8388608,"broadcast":false,"dims":[32,4096,64],"logical":[4096,2048],"loop_factor":1},{"name":"arg0_1","role":"input","mem":"hbm","elems":8388608,"broadcast":false,"dims":[32,4096,64],"logical":[4096,2048],"loop_factor":1},{"name":"buf0","role":"input","mem":"lx","elems":262144,"broadcast":true,"dims":[1,1,4096,64],"logical":[4096,1],"loop_factor":1}],"reduction_cores":1,"loop_trip":1,"tiles_output_dim":false,"tiles_reduction_dim":false,"tile_rows_per_core":0.0,"is_matmul":false,"matmul_macs":0,"matmul_rows_per_core":0.0,"matmul_cols_per_core":0.0,"matmul_a_bytes":0,"matmul_b_bytes":0,"matmul_m_split":1,"matmul_n_split":1,"hbm_pattern":""},{"name":"sigmoid","is_reduction":false,"out_elems":8388608,"cores":1,"dtype_bytes":2,"args":[{"name":"op2","role":"output","mem":"hbm","elems":8388608,"broadcast":false,"dims":[32,4096,64],"logical":[4096,2048],"loop_factor":1},{"name":"buf1","role":"input","mem":"hbm","elems":8388608,"broadcast":false,"dims":[32,4096,64],"logical":[4096,2048],"loop_factor":1}],"reduction_cores":1,"loop_trip":1,"tiles_output_dim":false,"tiles_reduction_dim":false,"tile_rows_per_core":0.0,"is_matmul":false,"matmul_macs":0,"matmul_rows_per_core":0.0,"matmul_cols_per_core":0.0,"matmul_a_bytes":0,"matmul_b_bytes":0,"matmul_m_split":1,"matmul_n_split":1,"hbm_pattern":""},{"name":"sigmoid_1","is_reduction":false,"out_elems":8388608,"cores":1,"dtype_bytes":2,"args":[{"name":"op3","role":"output","mem":"hbm","elems":8388608,"broadcast":false,"dims":[32,4096,64],"logical":[4096,2048],"loop_factor":1},{"name":"buf2","role":"input","mem":"hbm","elems":8388608,"broadcast":false,"dims":[32,4096,64],"logical":[4096,2048],"loop_factor":1}],"reduction_cores":1,"loop_trip":1,"tiles_output_dim":false,"tiles_reduction_dim":false,"tile_rows_per_core":0.0,"is_matmul":false,"matmul_macs":0,"matmul_rows_per_core":0.0,"matmul_cols_per_core":0.0,"matmul_a_bytes":0,"matmul_b_bytes":0,"matmul_m_split":1,"matmul_n_split":1,"hbm_pattern":""},{"name":"sigmoid_2","is_reduction":false,"out_elems":8388608,"cores":1,"dtype_bytes":2,"args":[{"name":"op4","role":"output","mem":"hbm","elems":8388608,"broadcast":false,"dims":[32,4096,64],"logical":[4096,2048],"loop_factor":1},{"name":"buf3","role":"input","mem":"hbm","elems":8388608,"broadcast":false,"dims":[32,4096,64],"logical":[4096,2048],"loop_factor":1}],"reduction_cores":1,"loop_trip":1,"tiles_output_dim":false,"tiles_reduction_dim":false,"tile_rows_per_core":0.0,"is_matmul":false,"matmul_macs":0,"matmul_rows_per_core":0.0,"matmul_cols_per_core":0.0,"matmul_a_bytes":0,"matmul_b_bytes":0,"matmul_m_split":1,"matmul_n_split":1,"hbm_pattern":""},{"name":"sigmoid_3","is_reduction":false,"out_elems":8388608,"cores":1,"dtype_bytes":2,"args":[{"name":"op5","role":"output","mem":"hbm","elems":8388608,"broadcast":false,"dims":[32,4096,64],"logical":[4096,2048],"loop_factor":1},{"name":"buf4","role":"input","mem":"hbm","elems":8388608,"broadcast":false,"dims":[32,4096,64],"logical":[4096,2048],"loop_factor":1}],"reduction_cores":1,"loop_trip":1,"tiles_output_dim":false,"tiles_reduction_dim":false,"tile_rows_per_core":0.0,"is_matmul":false,"matmul_macs":0,"matmul_rows_per_core":0.0,"matmul_cols_per_core":0.0,"matmul_a_bytes":0,"matmul_b_bytes":0,"matmul_m_split":1,"matmul_n_split":1,"hbm_pattern":""},{"name":"sigmoid_4","is_reduction":false,"out_elems":8388608,"cores":1,"dtype_bytes":2,"args":[{"name":"op6","role":"output","mem":"hbm","elems":8388608,"broadcast":false,"dims":[32,4096,64],"logical":[4096,2048],"loop_factor":1},{"name":"buf5","role":"input","mem":"hbm","elems":8388608,"broadcast":false,"dims":[32,4096,64],"logical":[4096,2048],"loop_factor":1}],"reduction_cores":1,"loop_trip":1,"tiles_output_dim":false,"tiles_reduction_dim":false,"tile_rows_per_core":0.0,"is_matmul":false,"matmul_macs":0,"matmul_rows_per_core":0.0,"matmul_cols_per_core":0.0,"matmul_a_bytes":0,"matmul_b_bytes":0,"matmul_m_split":1,"matmul_n_split":1,"hbm_pattern":""},{"name":"sigmoid_5","is_reduction":false,"out_elems":8388608,"cores":1,"dtype_bytes":2,"args":[{"name":"op7","role":"output","mem":"hbm","elems":8388608,"broadcast":false,"dims":[32,4096,64],"logical":[4096,2048],"loop_factor":1},{"name":"buf6","role":"input","mem":"hbm","elems":8388608,"broadcast":false,"dims":[32,4096,64],"logical":[4096,2048],"loop_factor":1}],"reduction_cores":1,"loop_trip":1,"tiles_output_dim":false,"tiles_reduction_dim":false,"tile_rows_per_core":0.0,"is_matmul":false,"matmul_macs":0,"matmul_rows_per_core":0.0,"matmul_cols_per_core":0.0,"matmul_a_bytes":0,"matmul_b_bytes":0,"matmul_m_split":1,"matmul_n_split":1,"hbm_pattern":""},{"name":"sigmoid_6","is_reduction":false,"out_elems":8388608,"cores":1,"dtype_bytes":2,"args":[{"name":"op8","role":"output","mem":"hbm","elems":8388608,"broadcast":false,"dims":[32,4096,64],"logical":[4096,2048],"loop_factor":1},{"name":"buf7","role":"input","mem":"hbm","elems":8388608,"broadcast":false,"dims":[32,4096,64],"logical":[4096,2048],"loop_factor":1}],"reduction_cores":1,"loop_trip":1,"tiles_output_dim":false,"tiles_reduction_dim":false,"tile_rows_per_core":0.0,"is_matmul":false,"matmul_macs":0,"matmul_rows_per_core":0.0,"matmul_cols_per_core":0.0,"matmul_a_bytes":0,"matmul_b_bytes":0,"matmul_m_split":1,"matmul_n_split":1,"hbm_pattern":""},{"name":"sigmoid_7","is_reduction":false,"out_elems":8388608,"cores":1,"dtype_bytes":2,"args":[{"name":"op9","role":"output","mem":"hbm","elems":8388608,"broadcast":false,"dims":[32,4096,64],"logical":[4096,2048],"loop_factor":1},{"name":"buf8","role":"input","mem":"hbm","elems":8388608,"broadcast":false,"dims":[32,4096,64],"logical":[4096,2048],"loop_factor":1}],"reduction_cores":1,"loop_trip":1,"tiles_output_dim":false,"tiles_reduction_dim":false,"tile_rows_per_core":0.0,"is_matmul":false,"matmul_macs":0,"matmul_rows_per_core":0.0,"matmul_cols_per_core":0.0,"matmul_a_bytes":0,"matmul_b_bytes":0,"matmul_m_split":1,"matmul_n_split":1,"hbm_pattern":""},{"name":"exp","is_reduction":false,"out_elems":8388608,"cores":1,"dtype_bytes":2,"args":[{"name":"op10","role":"output","mem":"hbm","elems":8388608,"broadcast":false,"dims":[32,4096,64],"logical":[4096,2048],"loop_factor":1},{"name":"buf9","role":"input","mem":"hbm","elems":8388608,"broadcast":false,"dims":[32,4096,64],"logical":[4096,2048],"loop_factor":1}],"reduction_cores":1,"loop_trip":1,"tiles_output_dim":false,"tiles_reduction_dim":false,"tile_rows_per_core":0.0,"is_matmul":false,"matmul_macs":0,"matmul_rows_per_core":0.0,"matmul_cols_per_core":0.0,"matmul_a_bytes":0,"matmul_b_bytes":0,"matmul_m_split":1,"matmul_n_split":1,"hbm_pattern":""},{"name":"sum_1","is_reduction":true,"out_elems":262144,"cores":1,"dtype_bytes":2,"args":[{"name":"op11","role":"output","mem":"lx","elems":262144,"broadcast":false,"dims":[1,1,4096,64],"logical":[4096,1],"loop_factor":1},{"name":"buf10","role":"input","mem":"hbm","elems":8388608,"broadcast":false,"dims":[32,4096,64],"logical":[4096,2048],"loop_factor":1}],"reduction_cores":1,"loop_trip":1,"tiles_output_dim":false,"tiles_reduction_dim":false,"tile_rows_per_core":0.0,"is_matmul":false,"matmul_macs":0,"matmul_rows_per_core":0.0,"matmul_cols_per_core":0.0,"matmul_a_bytes":0,"matmul_b_bytes":0,"matmul_m_split":1,"matmul_n_split":1,"hbm_pattern":""},{"name":"div","is_reduction":false,"out_elems":8388608,"cores":1,"dtype_bytes":2,"args":[{"name":"op12","role":"output","mem":"hbm","elems":8388608,"broadcast":false,"dims":[32,4096,64],"logical":[4096,2048],"loop_factor":1},{"name":"buf10","role":"input","mem":"hbm","elems":8388608,"broadcast":false,"dims":[32,4096,64],"logical":[4096,2048],"loop_factor":1},{"name":"buf11","role":"input","mem":"lx","elems":262144,"broadcast":true,"dims":[1,1,4096,64],"logical":[4096,1],"loop_factor":1}],"reduction_cores":1,"loop_trip":1,"tiles_output_dim":false,"tiles_reduction_dim":false,"tile_rows_per_core":0.0,"is_matmul":false,"matmul_macs":0,"matmul_rows_per_core":0.0,"matmul_cols_per_core":0.0,"matmul_a_bytes":0,"matmul_b_bytes":0,"matmul_m_split":1,"matmul_n_split":1,"hbm_pattern":""}]
TIMING op=softmax_stages reps=7/7 prof_wall_s=0.34 per_rep_s=0.049
SUMMARY op=softmax_stages rows=4096 cols=2048 cores=1 tiles=0 stages=8 lx=1 io_hbm_bytes=402653184 kernel_us=12465.844 pred_us=5555.370 err_pct=-55.4 bw_gbps=32.3 memset_us=113.997 other_dev_us=1208.168 total_dev_us=13788.009 kernel_us_min=12451.927 kernel_us_median=12465.844 kernel_us_mean=12465.238 kernel_us_std=9.151 kernel_us_cv=0.07 reps=7
=== cores=2 stages=0 ===
/home/haoyang/torch-spyre/.venv/lib64/python3.12/site-packages/torch/_dynamo/pgo.py:538: UserWarning: dynamo_pgo force disabled by torch.compiler.config.force_disable_caches
  warn_once(
==============================================================================
==== Cost model features + prediction (after pre-scheduling)
==============================================================================
  amax         read=16777216B write=0B lx=524288B
      output op0                    torch [4096, 1] -> device [1, 1, 4096, 64] in LX  | 262144 elems x 2B = 524288 B (hbm counted: 0 B)
      input  arg0_1                 torch [4096, 2048] -> device [32, 4096, 64] in HBM  | 8388608 elems x 2B = 16777216 B (hbm counted: 16777216 B)
  sub          read=16777216B write=16777216B lx=524288B
      output op1                    torch [4096, 2048] -> device [32, 4096, 64] in HBM  | 8388608 elems x 2B = 16777216 B (hbm counted: 16777216 B)
      input  arg0_1                 torch [4096, 2048] -> device [32, 4096, 64] in HBM  | 8388608 elems x 2B = 16777216 B (hbm counted: 16777216 B)
      input  buf0                   torch [4096, 1] -> device [1, 1, 4096, 64] in LX  | 262144 elems x 2B = 524288 B (hbm counted: 0 B) broadcast (loaded once)
  exp          read=16777216B write=16777216B lx=0B
      output op2                    torch [4096, 2048] -> device [32, 4096, 64] in HBM  | 8388608 elems x 2B = 16777216 B (hbm counted: 16777216 B)
      input  buf1                   torch [4096, 2048] -> device [32, 4096, 64] in HBM  | 8388608 elems x 2B = 16777216 B (hbm counted: 16777216 B)
  sum_1        read=16777216B write=0B lx=524288B
      output op3                    torch [4096, 1] -> device [1, 1, 4096, 64] in LX  | 262144 elems x 2B = 524288 B (hbm counted: 0 B)
      input  buf2                   torch [4096, 2048] -> device [32, 4096, 64] in HBM  | 8388608 elems x 2B = 16777216 B (hbm counted: 16777216 B)
  div          read=16777216B write=16777216B lx=524288B
      output op4                    torch [4096, 2048] -> device [32, 4096, 64] in HBM  | 8388608 elems x 2B = 16777216 B (hbm counted: 16777216 B)
      input  buf2                   torch [4096, 2048] -> device [32, 4096, 64] in HBM  | 8388608 elems x 2B = 16777216 B (hbm counted: 16777216 B)
      input  buf3                   torch [4096, 1] -> device [1, 1, 4096, 64] in LX  | 262144 elems x 2B = 524288 B (hbm counted: 0 B) broadcast (loaded once)
  -- prediction (turnaround): T = (R+W)/BW_PEAK + a*min(R,W) --
     R=67108864B (read)   W=50331648B (write)
     base = (R+W)/150 = 782.94 us
     turn = a*min(R,W) = 0.00574*50331648 = 288.90 us
     => T_model = 2777.68 us

==============================================================================
==== Cost model: predicted runtime (after pre-scheduling)
==============================================================================
predicted total:     2777.7 us over 1 kernel(s), 5 op(s)

      kernel   predicted us  ops
           0         2777.7  5
                      694.4    sub   HBM   33.6 MB   LX  524.3 KB
                      694.4    exp   HBM   33.6 MB
                      694.4    div   HBM   33.6 MB   LX  524.3 KB
                      347.2    amax  HBM   16.8 MB   LX  524.3 KB
                      347.2    sum_1 HBM   16.8 MB   LX  524.3 KB

  Operations are grouped by the loop they run in; the count on each group
  header is that loop's iterations.  HBM = main-memory traffic for the whole
  loop, and '= T x B' breaks it into T iterations of B bytes.  LX = on-chip
  scratchpad traffic, already ONE iteration (an LX buffer is allocated per
  tile).  re-fetch = the part of HBM that is the same bytes read again on a
  later iteration.

  Each kernel is priced ONCE, as a bundle. The per-op column splits that
  total by each op's share of the HBM bytes: an attribution, not a set of
  independent predictions. It carries no compute term, so it misattributes a
  compute-bound kernel, and because the weights are per-op while the total
  de-duplicates shared inputs, a share can be off by up to a third of itself.
  An op with no HBM traffic shows 0.0 -- its output stays in LX, so it adds
  no main-memory traffic of its own.

/home/haoyang/torch-spyre/.venv/lib64/python3.12/site-packages/torch/profiler/profiler.py:224: UserWarning: Warning: Profiler clears events at the end of each cycle.Only events from the current cycle will be reported.To keep events across cycles, set acc_events=True.
  _warn_once(
[W805 21:21:00.316682874 collection.cpp:1077] Warning: Detected an event which was likely passed to kineto by the PyTorch profiler, but is not present in the set of known events: [memory] This most likely means that Kineto has not maintained address stability for this event. Please report this to the PyTorch team. (function operator())
== softmax_stages[4096x2048] -- profiler kernel time vs cost-model I/O ==
-------------------------------------------------------  ------------  ------------  ------------  ------------  ------------  ------------  ------------  ------------  ------------  ------------  ------------  ------------  ------------  ------------  
                                                   Name    Self CPU %      Self CPU   CPU total %     CPU total  CPU time avg    Self SPYRE  Self SPYRE %   SPYRE total  SPYRE time avg       CPU Mem  Self CPU Mem     SPYRE Mem  Self SPYRE Mem    # of Calls  
-------------------------------------------------------  ------------  ------------  ------------  ------------  ------------  ------------  ------------  ------------  ------------  ------------  ------------  ------------  ------------  ------------  
5ba79c6b_sdsc_fused_amax_div_exp_sub_sum_0_c7n3nomy/...         0.00%       0.000us         0.00%       0.000us       0.000us       2.858ms        69.33%       2.858ms       2.858ms           0 B           0 B           0 B           0 B             1  
                                          Memcpy (DtoH)         0.00%       0.000us         0.00%       0.000us       0.000us       1.126ms        27.33%       1.126ms     281.607us           0 B           0 B           0 B           0 B             4  
                                        Memset (Device)         0.00%       0.000us         0.00%       0.000us       0.000us     126.950us         3.08%     126.950us      25.390us           0 B           0 B           0 B           0 B             5  
                                          Memcpy (HtoD)         0.00%       0.000us         0.00%       0.000us       0.000us      10.904us         0.26%      10.904us      10.904us           0 B           0 B           0 B           0 B             1  
                               TorchDynamo Cache Lookup         0.12%      33.369us         0.12%      33.369us      33.369us       0.000us         0.00%       0.000us       0.000us           0 B           0 B           0 B           0 B             1  
                             Torch-Compiled Region: 0/0         0.21%      60.142us         1.40%     397.932us     397.932us       0.000us         0.00%       0.000us       0.000us           0 B           0 B      16.00 MB           0 B             1  
                                      Pregraph bytecode         0.01%       3.434us         0.01%       3.434us       3.434us       0.000us         0.00%       0.000us       0.000us           0 B           0 B           0 B           0 B             1  
                 AOTDispatcher Runtime Wrapper Prologue         0.03%       8.674us         0.03%       8.674us       8.674us       0.000us         0.00%       0.000us       0.000us           0 B           0 B           0 B           0 B             1  
                        ## Call CompiledFxGraph None ##         0.21%      59.614us         1.14%     325.682us     325.682us       0.000us         0.00%       0.000us       0.000us           0 B           0 B      16.00 MB      16.00 MB             1  
       launch_jobplan:sdsc_fused_amax_div_exp_sub_sum_0         0.91%     257.887us         0.93%     266.068us     266.068us       0.000us         0.00%       0.000us       0.000us           0 B           0 B           0 B           0 B             1  
                              aiuLaunchDMIControlBlocks         0.01%       1.687us         0.01%       1.687us       1.687us       0.000us         0.00%       0.000us       0.000us           0 B           0 B           0 B           0 B             1  
                                       Memory (Release)         1.01%     286.173us         1.01%     286.173us      57.235us       0.000us         0.00%       0.000us       0.000us           0 B           0 B           0 B           0 B             5  
                                 aiuLaunchControlBlocks         0.00%       0.983us         0.00%       0.983us       0.983us       0.000us         0.00%       0.000us       0.000us           0 B           0 B           0 B           0 B             1  
                                               aten::to         0.01%       3.232us        97.50%      27.761ms      27.761ms       0.000us         0.00%       0.000us       0.000us      16.00 MB           0 B           0 B           0 B             1  
                                         aten::_to_copy         0.06%      17.979us        97.49%      27.758ms      27.758ms       0.000us         0.00%       0.000us       0.000us      16.00 MB           0 B           0 B           0 B             1  
                                    aten::empty_strided         0.02%       5.786us         0.02%       5.786us       5.786us       0.000us         0.00%       0.000us       0.000us      16.00 MB      16.00 MB           0 B           0 B             1  
                                            aten::copy_         0.05%      14.575us        97.40%      27.734ms      27.734ms       0.000us         0.00%       0.000us       0.000us           0 B           0 B           0 B           0 B             1  
                                       aten::_copy_from        97.34%      27.715ms        97.35%      27.719ms      27.719ms       0.000us         0.00%       0.000us       0.000us           0 B           0 B           0 B           0 B             1  
                              aiuLaunchDMOControlBlocks         0.01%       3.758us         0.01%       3.758us       0.939us       0.000us         0.00%       0.000us       0.000us           0 B           0 B           0 B           0 B             4  
                                               [memory]         0.00%       0.000us         0.00%       0.000us       0.000us       0.000us         0.00%       0.000us       0.000us     -16.00 MB     -16.00 MB     -16.00 MB     -16.00 MB             2  
-------------------------------------------------------  ------------  ------------  ------------  ------------  ------------  ------------  ------------  ------------  ------------  ------------  ------------  ------------  ------------  ------------  
Self CPU time total: 28.473ms
Self SPYRE time total: 4.122ms

IO -- device-layout I/O (cost model, stick-padded) --
IO   op amax [reduction]
IO     output op0                    torch [4096, 1] -> device [1, 1, 4096, 64] in LX = 262144 elems x 2B = 524288 B  (hbm counted: 0 B)
IO     input  arg0_1                 torch [4096, 2048] -> device [32, 4096, 64] in HBM = 8388608 elems x 2B = 16777216 B  (hbm counted: 16777216 B)
IO   op sub
IO     output op1                    torch [4096, 2048] -> device [32, 4096, 64] in HBM = 8388608 elems x 2B = 16777216 B  (hbm counted: 16777216 B)
IO     input  arg0_1                 torch [4096, 2048] -> device [32, 4096, 64] in HBM = 8388608 elems x 2B = 16777216 B  (hbm counted: 16777216 B)
IO     input  buf0                   torch [4096, 1] -> device [1, 1, 4096, 64] in LX = 262144 elems x 2B = 524288 B  (hbm counted: 0 B) broadcast (loaded once)
IO   op exp
IO     output op2                    torch [4096, 2048] -> device [32, 4096, 64] in HBM = 8388608 elems x 2B = 16777216 B  (hbm counted: 16777216 B)
IO     input  buf1                   torch [4096, 2048] -> device [32, 4096, 64] in HBM = 8388608 elems x 2B = 16777216 B  (hbm counted: 16777216 B)
IO   op sum_1 [reduction]
IO     output op3                    torch [4096, 1] -> device [1, 1, 4096, 64] in LX = 262144 elems x 2B = 524288 B  (hbm counted: 0 B)
IO     input  buf2                   torch [4096, 2048] -> device [32, 4096, 64] in HBM = 8388608 elems x 2B = 16777216 B  (hbm counted: 16777216 B)
IO   op div
IO     output op4                    torch [4096, 2048] -> device [32, 4096, 64] in HBM = 8388608 elems x 2B = 16777216 B  (hbm counted: 16777216 B)
IO     input  buf2                   torch [4096, 2048] -> device [32, 4096, 64] in HBM = 8388608 elems x 2B = 16777216 B  (hbm counted: 16777216 B)
IO     input  buf3                   torch [4096, 1] -> device [1, 1, 4096, 64] in LX = 262144 elems x 2B = 524288 B  (hbm counted: 0 B) broadcast (loaded once)
IO   => HBM I/O total = 134217728 B  (lx 2097152 B, ~free)
MODEL -- estimate (turnaround): T = (R+W)/BW_PEAK + a*min(R,W) --
MODEL   R=67108864 B (read)   W=50331648 B (write)   loop_trip L=1
MODEL   base = (R+W)/150 = 782.94 us
MODEL   turn = a*min(R,W) = 0.00574*50331648 = 288.90 us
MODEL   => T_model = 2777.68 us
MODEL FEATS [{"name":"amax","is_reduction":true,"out_elems":262144,"cores":2,"dtype_bytes":2,"args":[{"name":"op0","role":"output","mem":"lx","elems":262144,"broadcast":false,"dims":[1,1,4096,64],"logical":[4096,1],"loop_factor":1},{"name":"arg0_1","role":"input","mem":"hbm","elems":8388608,"broadcast":false,"dims":[32,4096,64],"logical":[4096,2048],"loop_factor":1}],"reduction_cores":1,"loop_trip":1,"tiles_output_dim":false,"tiles_reduction_dim":false,"tile_rows_per_core":0.0,"is_matmul":false,"matmul_macs":0,"matmul_rows_per_core":0.0,"matmul_cols_per_core":0.0,"matmul_a_bytes":0,"matmul_b_bytes":0,"matmul_m_split":1,"matmul_n_split":1,"hbm_pattern":""},{"name":"sub","is_reduction":false,"out_elems":8388608,"cores":2,"dtype_bytes":2,"args":[{"name":"op1","role":"output","mem":"hbm","elems":8388608,"broadcast":false,"dims":[32,4096,64],"logical":[4096,2048],"loop_factor":1},{"name":"arg0_1","role":"input","mem":"hbm","elems":8388608,"broadcast":false,"dims":[32,4096,64],"logical":[4096,2048],"loop_factor":1},{"name":"buf0","role":"input","mem":"lx","elems":262144,"broadcast":true,"dims":[1,1,4096,64],"logical":[4096,1],"loop_factor":1}],"reduction_cores":1,"loop_trip":1,"tiles_output_dim":false,"tiles_reduction_dim":false,"tile_rows_per_core":0.0,"is_matmul":false,"matmul_macs":0,"matmul_rows_per_core":0.0,"matmul_cols_per_core":0.0,"matmul_a_bytes":0,"matmul_b_bytes":0,"matmul_m_split":1,"matmul_n_split":1,"hbm_pattern":""},{"name":"exp","is_reduction":false,"out_elems":8388608,"cores":2,"dtype_bytes":2,"args":[{"name":"op2","role":"output","mem":"hbm","elems":8388608,"broadcast":false,"dims":[32,4096,64],"logical":[4096,2048],"loop_factor":1},{"name":"buf1","role":"input","mem":"hbm","elems":8388608,"broadcast":false,"dims":[32,4096,64],"logical":[4096,2048],"loop_factor":1}],"reduction_cores":1,"loop_trip":1,"tiles_output_dim":false,"tiles_reduction_dim":false,"tile_rows_per_core":0.0,"is_matmul":false,"matmul_macs":0,"matmul_rows_per_core":0.0,"matmul_cols_per_core":0.0,"matmul_a_bytes":0,"matmul_b_bytes":0,"matmul_m_split":1,"matmul_n_split":1,"hbm_pattern":""},{"name":"sum_1","is_reduction":true,"out_elems":262144,"cores":2,"dtype_bytes":2,"args":[{"name":"op3","role":"output","mem":"lx","elems":262144,"broadcast":false,"dims":[1,1,4096,64],"logical":[4096,1],"loop_factor":1},{"name":"buf2","role":"input","mem":"hbm","elems":8388608,"broadcast":false,"dims":[32,4096,64],"logical":[4096,2048],"loop_factor":1}],"reduction_cores":1,"loop_trip":1,"tiles_output_dim":false,"tiles_reduction_dim":false,"tile_rows_per_core":0.0,"is_matmul":false,"matmul_macs":0,"matmul_rows_per_core":0.0,"matmul_cols_per_core":0.0,"matmul_a_bytes":0,"matmul_b_bytes":0,"matmul_m_split":1,"matmul_n_split":1,"hbm_pattern":""},{"name":"div","is_reduction":false,"out_elems":8388608,"cores":2,"dtype_bytes":2,"args":[{"name":"op4","role":"output","mem":"hbm","elems":8388608,"broadcast":false,"dims":[32,4096,64],"logical":[4096,2048],"loop_factor":1},{"name":"buf2","role":"input","mem":"hbm","elems":8388608,"broadcast":false,"dims":[32,4096,64],"logical":[4096,2048],"loop_factor":1},{"name":"buf3","role":"input","mem":"lx","elems":262144,"broadcast":true,"dims":[1,1,4096,64],"logical":[4096,1],"loop_factor":1}],"reduction_cores":1,"loop_trip":1,"tiles_output_dim":false,"tiles_reduction_dim":false,"tile_rows_per_core":0.0,"is_matmul":false,"matmul_macs":0,"matmul_rows_per_core":0.0,"matmul_cols_per_core":0.0,"matmul_a_bytes":0,"matmul_b_bytes":0,"matmul_m_split":1,"matmul_n_split":1,"hbm_pattern":""}]
TIMING op=softmax_stages reps=7/7 prof_wall_s=0.31 per_rep_s=0.044
SUMMARY op=softmax_stages rows=4096 cols=2048 cores=2 tiles=0 stages=0 lx=1 io_hbm_bytes=134217728 kernel_us=2858.002 pred_us=2777.685 err_pct=-2.8 bw_gbps=47.0 memset_us=108.599 other_dev_us=1167.577 total_dev_us=4134.178 kernel_us_min=2856.530 kernel_us_median=2858.002 kernel_us_mean=2858.844 kernel_us_std=2.113 kernel_us_cv=0.07 reps=7
=== cores=2 stages=2 ===
/home/haoyang/torch-spyre/.venv/lib64/python3.12/site-packages/torch/_dynamo/pgo.py:538: UserWarning: dynamo_pgo force disabled by torch.compiler.config.force_disable_caches
  warn_once(
==============================================================================
==== Cost model features + prediction (after pre-scheduling)
==============================================================================
  amax         read=16777216B write=0B lx=524288B
      output op0                    torch [4096, 1] -> device [1, 1, 4096, 64] in LX  | 262144 elems x 2B = 524288 B (hbm counted: 0 B)
      input  arg0_1                 torch [4096, 2048] -> device [32, 4096, 64] in HBM  | 8388608 elems x 2B = 16777216 B (hbm counted: 16777216 B)
  sub          read=16777216B write=16777216B lx=524288B
      output op1                    torch [4096, 2048] -> device [32, 4096, 64] in HBM  | 8388608 elems x 2B = 16777216 B (hbm counted: 16777216 B)
      input  arg0_1                 torch [4096, 2048] -> device [32, 4096, 64] in HBM  | 8388608 elems x 2B = 16777216 B (hbm counted: 16777216 B)
      input  buf0                   torch [4096, 1] -> device [1, 1, 4096, 64] in LX  | 262144 elems x 2B = 524288 B (hbm counted: 0 B) broadcast (loaded once)
  sigmoid      read=16777216B write=16777216B lx=0B
      output op2                    torch [4096, 2048] -> device [32, 4096, 64] in HBM  | 8388608 elems x 2B = 16777216 B (hbm counted: 16777216 B)
      input  buf1                   torch [4096, 2048] -> device [32, 4096, 64] in HBM  | 8388608 elems x 2B = 16777216 B (hbm counted: 16777216 B)
  sigmoid_1    read=16777216B write=16777216B lx=0B
      output op3                    torch [4096, 2048] -> device [32, 4096, 64] in HBM  | 8388608 elems x 2B = 16777216 B (hbm counted: 16777216 B)
      input  buf2                   torch [4096, 2048] -> device [32, 4096, 64] in HBM  | 8388608 elems x 2B = 16777216 B (hbm counted: 16777216 B)
  exp          read=16777216B write=16777216B lx=0B
      output op4                    torch [4096, 2048] -> device [32, 4096, 64] in HBM  | 8388608 elems x 2B = 16777216 B (hbm counted: 16777216 B)
      input  buf3                   torch [4096, 2048] -> device [32, 4096, 64] in HBM  | 8388608 elems x 2B = 16777216 B (hbm counted: 16777216 B)
  sum_1        read=16777216B write=0B lx=524288B
      output op5                    torch [4096, 1] -> device [1, 1, 4096, 64] in LX  | 262144 elems x 2B = 524288 B (hbm counted: 0 B)
      input  buf4                   torch [4096, 2048] -> device [32, 4096, 64] in HBM  | 8388608 elems x 2B = 16777216 B (hbm counted: 16777216 B)
  div          read=16777216B write=16777216B lx=524288B
      output op6                    torch [4096, 2048] -> device [32, 4096, 64] in HBM  | 8388608 elems x 2B = 16777216 B (hbm counted: 16777216 B)
      input  buf4                   torch [4096, 2048] -> device [32, 4096, 64] in HBM  | 8388608 elems x 2B = 16777216 B (hbm counted: 16777216 B)
      input  buf5                   torch [4096, 1] -> device [1, 1, 4096, 64] in LX  | 262144 elems x 2B = 524288 B (hbm counted: 0 B) broadcast (loaded once)
  -- prediction (turnaround): T = (R+W)/BW_PEAK + a*min(R,W) --
     R=100663296B (read)   W=83886080B (write)
     base = (R+W)/150 = 1230.33 us
     turn = a*min(R,W) = 0.00574*83886080 = 481.51 us
     => T_model = 2777.68 us

==============================================================================
==== Cost model: predicted runtime (after pre-scheduling)
==============================================================================
predicted total:     2777.7 us over 1 kernel(s), 7 op(s)

      kernel   predicted us  ops
           0         2777.7  7
                      462.9    sub       HBM   33.6 MB   LX  524.3 KB
                      462.9    sigmoid   HBM   33.6 MB
                      462.9    sigmoid_1 HBM   33.6 MB
                      462.9    exp       HBM   33.6 MB
                      462.9    div       HBM   33.6 MB   LX  524.3 KB
                      231.5    amax      HBM   16.8 MB   LX  524.3 KB
                      231.5    sum_1     HBM   16.8 MB   LX  524.3 KB

  Operations are grouped by the loop they run in; the count on each group
  header is that loop's iterations.  HBM = main-memory traffic for the whole
  loop, and '= T x B' breaks it into T iterations of B bytes.  LX = on-chip
  scratchpad traffic, already ONE iteration (an LX buffer is allocated per
  tile).  re-fetch = the part of HBM that is the same bytes read again on a
  later iteration.

  Each kernel is priced ONCE, as a bundle. The per-op column splits that
  total by each op's share of the HBM bytes: an attribution, not a set of
  independent predictions. It carries no compute term, so it misattributes a
  compute-bound kernel, and because the weights are per-op while the total
  de-duplicates shared inputs, a share can be off by up to a third of itself.
  An op with no HBM traffic shows 0.0 -- its output stays in LX, so it adds
  no main-memory traffic of its own.

/home/haoyang/torch-spyre/.venv/lib64/python3.12/site-packages/torch/profiler/profiler.py:224: UserWarning: Warning: Profiler clears events at the end of each cycle.Only events from the current cycle will be reported.To keep events across cycles, set acc_events=True.
  _warn_once(
[W805 21:21:15.982671807 collection.cpp:1077] Warning: Detected an event which was likely passed to kineto by the PyTorch profiler, but is not present in the set of known events: [memory] This most likely means that Kineto has not maintained address stability for this event. Please report this to the PyTorch team. (function operator())
== softmax_stages[4096x2048] -- profiler kernel time vs cost-model I/O ==
-------------------------------------------------------  ------------  ------------  ------------  ------------  ------------  ------------  ------------  ------------  ------------  ------------  ------------  ------------  ------------  ------------  
                                                   Name    Self CPU %      Self CPU   CPU total %     CPU total  CPU time avg    Self SPYRE  Self SPYRE %   SPYRE total  SPYRE time avg       CPU Mem  Self CPU Mem     SPYRE Mem  Self SPYRE Mem    # of Calls  
-------------------------------------------------------  ------------  ------------  ------------  ------------  ------------  ------------  ------------  ------------  ------------  ------------  ------------  ------------  ------------  ------------  
9749e0de_sdsc_fused_amax_div_exp_sigmoid_sub_sum_0_3...         0.00%       0.000us         0.00%       0.000us       0.000us       3.744ms        74.76%       3.744ms       3.744ms           0 B           0 B           0 B           0 B             1  
                                          Memcpy (DtoH)         0.00%       0.000us         0.00%       0.000us       0.000us       1.139ms        22.75%       1.139ms     284.864us           0 B           0 B           0 B           0 B             4  
                                        Memset (Device)         0.00%       0.000us         0.00%       0.000us       0.000us     112.955us         2.26%     112.955us      22.591us           0 B           0 B           0 B           0 B             5  
                                          Memcpy (HtoD)         0.00%       0.000us         0.00%       0.000us       0.000us      11.501us         0.23%      11.501us      11.501us           0 B           0 B           0 B           0 B             1  
                               TorchDynamo Cache Lookup         0.14%      35.229us         0.14%      35.229us      35.229us       0.000us         0.00%       0.000us       0.000us           0 B           0 B           0 B           0 B             1  
                             Torch-Compiled Region: 0/0         0.26%      64.004us         1.69%     419.674us     419.674us       0.000us         0.00%       0.000us       0.000us           0 B           0 B      16.00 MB           0 B             1  
                                      Pregraph bytecode         0.01%       3.528us         0.01%       3.528us       3.528us       0.000us         0.00%       0.000us       0.000us           0 B           0 B           0 B           0 B             1  
                 AOTDispatcher Runtime Wrapper Prologue         0.03%       8.294us         0.03%       8.294us       8.294us       0.000us         0.00%       0.000us       0.000us           0 B           0 B           0 B           0 B             1  
                        ## Call CompiledFxGraph None ##         0.25%      63.119us         1.39%     343.848us     343.848us       0.000us         0.00%       0.000us       0.000us           0 B           0 B      16.00 MB      16.00 MB             1  
launch_jobplan:sdsc_fused_amax_div_exp_sigmoid_sub_s...         1.10%     272.439us         1.13%     280.729us     280.729us       0.000us         0.00%       0.000us       0.000us           0 B           0 B           0 B           0 B             1  
                              aiuLaunchDMIControlBlocks         0.01%       1.716us         0.01%       1.716us       1.716us       0.000us         0.00%       0.000us       0.000us           0 B           0 B           0 B           0 B             1  
                                       Memory (Release)         1.11%     274.677us         1.11%     274.677us      54.935us       0.000us         0.00%       0.000us       0.000us           0 B           0 B           0 B           0 B             5  
                                 aiuLaunchControlBlocks         0.00%       0.906us         0.00%       0.906us       0.906us       0.000us         0.00%       0.000us       0.000us           0 B           0 B           0 B           0 B             1  
                                               aten::to         0.02%       3.764us        97.08%      24.064ms      24.064ms       0.000us         0.00%       0.000us       0.000us      16.00 MB           0 B           0 B           0 B             1  
                                         aten::_to_copy         0.08%      20.551us        97.06%      24.061ms      24.061ms       0.000us         0.00%       0.000us       0.000us      16.00 MB           0 B           0 B           0 B             1  
                                    aten::empty_strided         0.02%       5.466us         0.02%       5.466us       5.466us       0.000us         0.00%       0.000us       0.000us      16.00 MB      16.00 MB           0 B           0 B             1  
                                            aten::copy_         0.05%      11.246us        96.96%      24.035ms      24.035ms       0.000us         0.00%       0.000us       0.000us           0 B           0 B           0 B           0 B             1  
                                       aten::_copy_from        96.90%      24.020ms        96.91%      24.023ms      24.023ms       0.000us         0.00%       0.000us       0.000us           0 B           0 B           0 B           0 B             1  
                              aiuLaunchDMOControlBlocks         0.01%       3.210us         0.01%       3.210us       0.803us       0.000us         0.00%       0.000us       0.000us           0 B           0 B           0 B           0 B             4  
                                               [memory]         0.00%       0.000us         0.00%       0.000us       0.000us       0.000us         0.00%       0.000us       0.000us     -16.00 MB     -16.00 MB     -16.00 MB     -16.00 MB             2  
-------------------------------------------------------  ------------  ------------  ------------  ------------  ------------  ------------  ------------  ------------  ------------  ------------  ------------  ------------  ------------  ------------  
Self CPU time total: 24.788ms
Self SPYRE time total: 5.008ms

IO -- device-layout I/O (cost model, stick-padded) --
IO   op amax [reduction]
IO     output op0                    torch [4096, 1] -> device [1, 1, 4096, 64] in LX = 262144 elems x 2B = 524288 B  (hbm counted: 0 B)
IO     input  arg0_1                 torch [4096, 2048] -> device [32, 4096, 64] in HBM = 8388608 elems x 2B = 16777216 B  (hbm counted: 16777216 B)
IO   op sub
IO     output op1                    torch [4096, 2048] -> device [32, 4096, 64] in HBM = 8388608 elems x 2B = 16777216 B  (hbm counted: 16777216 B)
IO     input  arg0_1                 torch [4096, 2048] -> device [32, 4096, 64] in HBM = 8388608 elems x 2B = 16777216 B  (hbm counted: 16777216 B)
IO     input  buf0                   torch [4096, 1] -> device [1, 1, 4096, 64] in LX = 262144 elems x 2B = 524288 B  (hbm counted: 0 B) broadcast (loaded once)
IO   op sigmoid
IO     output op2                    torch [4096, 2048] -> device [32, 4096, 64] in HBM = 8388608 elems x 2B = 16777216 B  (hbm counted: 16777216 B)
IO     input  buf1                   torch [4096, 2048] -> device [32, 4096, 64] in HBM = 8388608 elems x 2B = 16777216 B  (hbm counted: 16777216 B)
IO   op sigmoid_1
IO     output op3                    torch [4096, 2048] -> device [32, 4096, 64] in HBM = 8388608 elems x 2B = 16777216 B  (hbm counted: 16777216 B)
IO     input  buf2                   torch [4096, 2048] -> device [32, 4096, 64] in HBM = 8388608 elems x 2B = 16777216 B  (hbm counted: 16777216 B)
IO   op exp
IO     output op4                    torch [4096, 2048] -> device [32, 4096, 64] in HBM = 8388608 elems x 2B = 16777216 B  (hbm counted: 16777216 B)
IO     input  buf3                   torch [4096, 2048] -> device [32, 4096, 64] in HBM = 8388608 elems x 2B = 16777216 B  (hbm counted: 16777216 B)
IO   op sum_1 [reduction]
IO     output op5                    torch [4096, 1] -> device [1, 1, 4096, 64] in LX = 262144 elems x 2B = 524288 B  (hbm counted: 0 B)
IO     input  buf4                   torch [4096, 2048] -> device [32, 4096, 64] in HBM = 8388608 elems x 2B = 16777216 B  (hbm counted: 16777216 B)
IO   op div
IO     output op6                    torch [4096, 2048] -> device [32, 4096, 64] in HBM = 8388608 elems x 2B = 16777216 B  (hbm counted: 16777216 B)
IO     input  buf4                   torch [4096, 2048] -> device [32, 4096, 64] in HBM = 8388608 elems x 2B = 16777216 B  (hbm counted: 16777216 B)
IO     input  buf5                   torch [4096, 1] -> device [1, 1, 4096, 64] in LX = 262144 elems x 2B = 524288 B  (hbm counted: 0 B) broadcast (loaded once)
IO   => HBM I/O total = 201326592 B  (lx 2097152 B, ~free)
MODEL -- estimate (turnaround): T = (R+W)/BW_PEAK + a*min(R,W) --
MODEL   R=100663296 B (read)   W=83886080 B (write)   loop_trip L=1
MODEL   base = (R+W)/150 = 1230.33 us
MODEL   turn = a*min(R,W) = 0.00574*83886080 = 481.51 us
MODEL   => T_model = 2777.68 us
MODEL FEATS [{"name":"amax","is_reduction":true,"out_elems":262144,"cores":2,"dtype_bytes":2,"args":[{"name":"op0","role":"output","mem":"lx","elems":262144,"broadcast":false,"dims":[1,1,4096,64],"logical":[4096,1],"loop_factor":1},{"name":"arg0_1","role":"input","mem":"hbm","elems":8388608,"broadcast":false,"dims":[32,4096,64],"logical":[4096,2048],"loop_factor":1}],"reduction_cores":1,"loop_trip":1,"tiles_output_dim":false,"tiles_reduction_dim":false,"tile_rows_per_core":0.0,"is_matmul":false,"matmul_macs":0,"matmul_rows_per_core":0.0,"matmul_cols_per_core":0.0,"matmul_a_bytes":0,"matmul_b_bytes":0,"matmul_m_split":1,"matmul_n_split":1,"hbm_pattern":""},{"name":"sub","is_reduction":false,"out_elems":8388608,"cores":2,"dtype_bytes":2,"args":[{"name":"op1","role":"output","mem":"hbm","elems":8388608,"broadcast":false,"dims":[32,4096,64],"logical":[4096,2048],"loop_factor":1},{"name":"arg0_1","role":"input","mem":"hbm","elems":8388608,"broadcast":false,"dims":[32,4096,64],"logical":[4096,2048],"loop_factor":1},{"name":"buf0","role":"input","mem":"lx","elems":262144,"broadcast":true,"dims":[1,1,4096,64],"logical":[4096,1],"loop_factor":1}],"reduction_cores":1,"loop_trip":1,"tiles_output_dim":false,"tiles_reduction_dim":false,"tile_rows_per_core":0.0,"is_matmul":false,"matmul_macs":0,"matmul_rows_per_core":0.0,"matmul_cols_per_core":0.0,"matmul_a_bytes":0,"matmul_b_bytes":0,"matmul_m_split":1,"matmul_n_split":1,"hbm_pattern":""},{"name":"sigmoid","is_reduction":false,"out_elems":8388608,"cores":2,"dtype_bytes":2,"args":[{"name":"op2","role":"output","mem":"hbm","elems":8388608,"broadcast":false,"dims":[32,4096,64],"logical":[4096,2048],"loop_factor":1},{"name":"buf1","role":"input","mem":"hbm","elems":8388608,"broadcast":false,"dims":[32,4096,64],"logical":[4096,2048],"loop_factor":1}],"reduction_cores":1,"loop_trip":1,"tiles_output_dim":false,"tiles_reduction_dim":false,"tile_rows_per_core":0.0,"is_matmul":false,"matmul_macs":0,"matmul_rows_per_core":0.0,"matmul_cols_per_core":0.0,"matmul_a_bytes":0,"matmul_b_bytes":0,"matmul_m_split":1,"matmul_n_split":1,"hbm_pattern":""},{"name":"sigmoid_1","is_reduction":false,"out_elems":8388608,"cores":2,"dtype_bytes":2,"args":[{"name":"op3","role":"output","mem":"hbm","elems":8388608,"broadcast":false,"dims":[32,4096,64],"logical":[4096,2048],"loop_factor":1},{"name":"buf2","role":"input","mem":"hbm","elems":8388608,"broadcast":false,"dims":[32,4096,64],"logical":[4096,2048],"loop_factor":1}],"reduction_cores":1,"loop_trip":1,"tiles_output_dim":false,"tiles_reduction_dim":false,"tile_rows_per_core":0.0,"is_matmul":false,"matmul_macs":0,"matmul_rows_per_core":0.0,"matmul_cols_per_core":0.0,"matmul_a_bytes":0,"matmul_b_bytes":0,"matmul_m_split":1,"matmul_n_split":1,"hbm_pattern":""},{"name":"exp","is_reduction":false,"out_elems":8388608,"cores":2,"dtype_bytes":2,"args":[{"name":"op4","role":"output","mem":"hbm","elems":8388608,"broadcast":false,"dims":[32,4096,64],"logical":[4096,2048],"loop_factor":1},{"name":"buf3","role":"input","mem":"hbm","elems":8388608,"broadcast":false,"dims":[32,4096,64],"logical":[4096,2048],"loop_factor":1}],"reduction_cores":1,"loop_trip":1,"tiles_output_dim":false,"tiles_reduction_dim":false,"tile_rows_per_core":0.0,"is_matmul":false,"matmul_macs":0,"matmul_rows_per_core":0.0,"matmul_cols_per_core":0.0,"matmul_a_bytes":0,"matmul_b_bytes":0,"matmul_m_split":1,"matmul_n_split":1,"hbm_pattern":""},{"name":"sum_1","is_reduction":true,"out_elems":262144,"cores":2,"dtype_bytes":2,"args":[{"name":"op5","role":"output","mem":"lx","elems":262144,"broadcast":false,"dims":[1,1,4096,64],"logical":[4096,1],"loop_factor":1},{"name":"buf4","role":"input","mem":"hbm","elems":8388608,"broadcast":false,"dims":[32,4096,64],"logical":[4096,2048],"loop_factor":1}],"reduction_cores":1,"loop_trip":1,"tiles_output_dim":false,"tiles_reduction_dim":false,"tile_rows_per_core":0.0,"is_matmul":false,"matmul_macs":0,"matmul_rows_per_core":0.0,"matmul_cols_per_core":0.0,"matmul_a_bytes":0,"matmul_b_bytes":0,"matmul_m_split":1,"matmul_n_split":1,"hbm_pattern":""},{"name":"div","is_reduction":false,"out_elems":8388608,"cores":2,"dtype_bytes":2,"args":[{"name":"op6","role":"output","mem":"hbm","elems":8388608,"broadcast":false,"dims":[32,4096,64],"logical":[4096,2048],"loop_factor":1},{"name":"buf4","role":"input","mem":"hbm","elems":8388608,"broadcast":false,"dims":[32,4096,64],"logical":[4096,2048],"loop_factor":1},{"name":"buf5","role":"input","mem":"lx","elems":262144,"broadcast":true,"dims":[1,1,4096,64],"logical":[4096,1],"loop_factor":1}],"reduction_cores":1,"loop_trip":1,"tiles_output_dim":false,"tiles_reduction_dim":false,"tile_rows_per_core":0.0,"is_matmul":false,"matmul_macs":0,"matmul_rows_per_core":0.0,"matmul_cols_per_core":0.0,"matmul_a_bytes":0,"matmul_b_bytes":0,"matmul_m_split":1,"matmul_n_split":1,"hbm_pattern":""}]
TIMING op=softmax_stages reps=7/7 prof_wall_s=0.29 per_rep_s=0.041
SUMMARY op=softmax_stages rows=4096 cols=2048 cores=2 tiles=0 stages=2 lx=1 io_hbm_bytes=201326592 kernel_us=3750.950 pred_us=2777.685 err_pct=-25.9 bw_gbps=53.7 memset_us=112.955 other_dev_us=1150.955 total_dev_us=5014.860 kernel_us_min=3743.736 kernel_us_median=3750.950 kernel_us_mean=3749.117 kernel_us_std=4.190 kernel_us_cv=0.11 reps=7
=== cores=2 stages=4 ===
/home/haoyang/torch-spyre/.venv/lib64/python3.12/site-packages/torch/_dynamo/pgo.py:538: UserWarning: dynamo_pgo force disabled by torch.compiler.config.force_disable_caches
  warn_once(
==============================================================================
==== Cost model features + prediction (after pre-scheduling)
==============================================================================
  amax         read=16777216B write=0B lx=524288B
      output op0                    torch [4096, 1] -> device [1, 1, 4096, 64] in LX  | 262144 elems x 2B = 524288 B (hbm counted: 0 B)
      input  arg0_1                 torch [4096, 2048] -> device [32, 4096, 64] in HBM  | 8388608 elems x 2B = 16777216 B (hbm counted: 16777216 B)
  sub          read=16777216B write=16777216B lx=524288B
      output op1                    torch [4096, 2048] -> device [32, 4096, 64] in HBM  | 8388608 elems x 2B = 16777216 B (hbm counted: 16777216 B)
      input  arg0_1                 torch [4096, 2048] -> device [32, 4096, 64] in HBM  | 8388608 elems x 2B = 16777216 B (hbm counted: 16777216 B)
      input  buf0                   torch [4096, 1] -> device [1, 1, 4096, 64] in LX  | 262144 elems x 2B = 524288 B (hbm counted: 0 B) broadcast (loaded once)
  sigmoid      read=16777216B write=16777216B lx=0B
      output op2                    torch [4096, 2048] -> device [32, 4096, 64] in HBM  | 8388608 elems x 2B = 16777216 B (hbm counted: 16777216 B)
      input  buf1                   torch [4096, 2048] -> device [32, 4096, 64] in HBM  | 8388608 elems x 2B = 16777216 B (hbm counted: 16777216 B)
  sigmoid_1    read=16777216B write=16777216B lx=0B
      output op3                    torch [4096, 2048] -> device [32, 4096, 64] in HBM  | 8388608 elems x 2B = 16777216 B (hbm counted: 16777216 B)
      input  buf2                   torch [4096, 2048] -> device [32, 4096, 64] in HBM  | 8388608 elems x 2B = 16777216 B (hbm counted: 16777216 B)
  sigmoid_2    read=16777216B write=16777216B lx=0B
      output op4                    torch [4096, 2048] -> device [32, 4096, 64] in HBM  | 8388608 elems x 2B = 16777216 B (hbm counted: 16777216 B)
      input  buf3                   torch [4096, 2048] -> device [32, 4096, 64] in HBM  | 8388608 elems x 2B = 16777216 B (hbm counted: 16777216 B)
  sigmoid_3    read=16777216B write=16777216B lx=0B
      output op5                    torch [4096, 2048] -> device [32, 4096, 64] in HBM  | 8388608 elems x 2B = 16777216 B (hbm counted: 16777216 B)
      input  buf4                   torch [4096, 2048] -> device [32, 4096, 64] in HBM  | 8388608 elems x 2B = 16777216 B (hbm counted: 16777216 B)
  exp          read=16777216B write=16777216B lx=0B
      output op6                    torch [4096, 2048] -> device [32, 4096, 64] in HBM  | 8388608 elems x 2B = 16777216 B (hbm counted: 16777216 B)
      input  buf5                   torch [4096, 2048] -> device [32, 4096, 64] in HBM  | 8388608 elems x 2B = 16777216 B (hbm counted: 16777216 B)
  sum_1        read=16777216B write=0B lx=524288B
      output op7                    torch [4096, 1] -> device [1, 1, 4096, 64] in LX  | 262144 elems x 2B = 524288 B (hbm counted: 0 B)
      input  buf6                   torch [4096, 2048] -> device [32, 4096, 64] in HBM  | 8388608 elems x 2B = 16777216 B (hbm counted: 16777216 B)
  div          read=16777216B write=16777216B lx=524288B
      output op8                    torch [4096, 2048] -> device [32, 4096, 64] in HBM  | 8388608 elems x 2B = 16777216 B (hbm counted: 16777216 B)
      input  buf6                   torch [4096, 2048] -> device [32, 4096, 64] in HBM  | 8388608 elems x 2B = 16777216 B (hbm counted: 16777216 B)
      input  buf7                   torch [4096, 1] -> device [1, 1, 4096, 64] in LX  | 262144 elems x 2B = 524288 B (hbm counted: 0 B) broadcast (loaded once)
  -- prediction (turnaround): T = (R+W)/BW_PEAK + a*min(R,W) --
     R=134217728B (read)   W=117440512B (write)
     base = (R+W)/150 = 1677.72 us
     turn = a*min(R,W) = 0.00574*117440512 = 674.11 us
     => T_model = 2777.68 us

==============================================================================
==== Cost model: predicted runtime (after pre-scheduling)
==============================================================================
predicted total:     2777.7 us over 1 kernel(s), 9 op(s)

      kernel   predicted us  ops
           0         2777.7  9
                      347.2    sub       HBM   33.6 MB   LX  524.3 KB
                      347.2    sigmoid   HBM   33.6 MB
                      347.2    sigmoid_1 HBM   33.6 MB
                      347.2    sigmoid_2 HBM   33.6 MB
                      347.2    sigmoid_3 HBM   33.6 MB
                      347.2    exp       HBM   33.6 MB
                      347.2    div       HBM   33.6 MB   LX  524.3 KB
                      173.6    amax      HBM   16.8 MB   LX  524.3 KB
                      173.6    sum_1     HBM   16.8 MB   LX  524.3 KB

  Operations are grouped by the loop they run in; the count on each group
  header is that loop's iterations.  HBM = main-memory traffic for the whole
  loop, and '= T x B' breaks it into T iterations of B bytes.  LX = on-chip
  scratchpad traffic, already ONE iteration (an LX buffer is allocated per
  tile).  re-fetch = the part of HBM that is the same bytes read again on a
  later iteration.

  Each kernel is priced ONCE, as a bundle. The per-op column splits that
  total by each op's share of the HBM bytes: an attribution, not a set of
  independent predictions. It carries no compute term, so it misattributes a
  compute-bound kernel, and because the weights are per-op while the total
  de-duplicates shared inputs, a share can be off by up to a third of itself.
  An op with no HBM traffic shows 0.0 -- its output stays in LX, so it adds
  no main-memory traffic of its own.

/home/haoyang/torch-spyre/.venv/lib64/python3.12/site-packages/torch/profiler/profiler.py:224: UserWarning: Warning: Profiler clears events at the end of each cycle.Only events from the current cycle will be reported.To keep events across cycles, set acc_events=True.
  _warn_once(
[W805 21:21:29.994687268 collection.cpp:1077] Warning: Detected an event which was likely passed to kineto by the PyTorch profiler, but is not present in the set of known events: [memory] This most likely means that Kineto has not maintained address stability for this event. Please report this to the PyTorch team. (function operator())
== softmax_stages[4096x2048] -- profiler kernel time vs cost-model I/O ==
-------------------------------------------------------  ------------  ------------  ------------  ------------  ------------  ------------  ------------  ------------  ------------  ------------  ------------  ------------  ------------  ------------  
                                                   Name    Self CPU %      Self CPU   CPU total %     CPU total  CPU time avg    Self SPYRE  Self SPYRE %   SPYRE total  SPYRE time avg       CPU Mem  Self CPU Mem     SPYRE Mem  Self SPYRE Mem    # of Calls  
-------------------------------------------------------  ------------  ------------  ------------  ------------  ------------  ------------  ------------  ------------  ------------  ------------  ------------  ------------  ------------  ------------  
afda9ce5_sdsc_fused_amax_div_exp_sigmoid_sub_sum_0_3...         0.00%       0.000us         0.00%       0.000us       0.000us       4.633ms        79.31%       4.633ms       4.633ms           0 B           0 B           0 B           0 B             1  
                                          Memcpy (DtoH)         0.00%       0.000us         0.00%       0.000us       0.000us       1.093ms        18.71%       1.093ms     273.280us           0 B           0 B           0 B           0 B             4  
                                        Memset (Device)         0.00%       0.000us         0.00%       0.000us       0.000us     103.536us         1.77%     103.536us      20.707us           0 B           0 B           0 B           0 B             5  
                                          Memcpy (HtoD)         0.00%       0.000us         0.00%       0.000us       0.000us      12.280us         0.21%      12.280us      12.280us           0 B           0 B           0 B           0 B             1  
                               TorchDynamo Cache Lookup         0.13%      34.214us         0.13%      34.214us      34.214us       0.000us         0.00%       0.000us       0.000us           0 B           0 B           0 B           0 B             1  
                             Torch-Compiled Region: 0/0         0.26%      65.151us         1.67%     424.647us     424.647us       0.000us         0.00%       0.000us       0.000us           0 B           0 B      16.00 MB           0 B             1  
                                      Pregraph bytecode         0.01%       3.439us         0.01%       3.439us       3.439us       0.000us         0.00%       0.000us       0.000us           0 B           0 B           0 B           0 B             1  
                 AOTDispatcher Runtime Wrapper Prologue         0.03%       8.577us         0.03%       8.577us       8.577us       0.000us         0.00%       0.000us       0.000us           0 B           0 B           0 B           0 B             1  
                        ## Call CompiledFxGraph None ##         0.24%      60.174us         1.37%     347.480us     347.480us       0.000us         0.00%       0.000us       0.000us           0 B           0 B      16.00 MB      16.00 MB             1  
launch_jobplan:sdsc_fused_amax_div_exp_sigmoid_sub_s...         1.10%     279.418us         1.13%     287.306us     287.306us       0.000us         0.00%       0.000us       0.000us           0 B           0 B           0 B           0 B             1  
                              aiuLaunchDMIControlBlocks         0.01%       1.671us         0.01%       1.671us       1.671us       0.000us         0.00%       0.000us       0.000us           0 B           0 B           0 B           0 B             1  
                                       Memory (Release)         1.03%     262.674us         1.03%     262.674us      52.535us       0.000us         0.00%       0.000us       0.000us           0 B           0 B           0 B           0 B             5  
                                 aiuLaunchControlBlocks         0.00%       0.798us         0.00%       0.798us       0.798us       0.000us         0.00%       0.000us       0.000us           0 B           0 B           0 B           0 B             1  
                                               aten::to         0.03%       8.309us        97.18%      24.675ms      24.675ms       0.000us         0.00%       0.000us       0.000us      16.00 MB           0 B           0 B           0 B             1  
                                         aten::_to_copy         0.07%      18.706us        97.15%      24.666ms      24.666ms       0.000us         0.00%       0.000us       0.000us      16.00 MB           0 B           0 B           0 B             1  
                                    aten::empty_strided         0.02%       5.392us         0.02%       5.392us       5.392us       0.000us         0.00%       0.000us       0.000us      16.00 MB      16.00 MB           0 B           0 B             1  
                                            aten::copy_         0.04%      10.601us        97.05%      24.642ms      24.642ms       0.000us         0.00%       0.000us       0.000us           0 B           0 B           0 B           0 B             1  
                                       aten::_copy_from        97.00%      24.629ms        97.01%      24.632ms      24.632ms       0.000us         0.00%       0.000us       0.000us           0 B           0 B           0 B           0 B             1  
                              aiuLaunchDMOControlBlocks         0.01%       2.972us         0.01%       2.972us       0.743us       0.000us         0.00%       0.000us       0.000us           0 B           0 B           0 B           0 B             4  
                                               [memory]         0.00%       0.000us         0.00%       0.000us       0.000us       0.000us         0.00%       0.000us       0.000us     -16.00 MB     -16.00 MB     -16.00 MB     -16.00 MB             2  
-------------------------------------------------------  ------------  ------------  ------------  ------------  ------------  ------------  ------------  ------------  ------------  ------------  ------------  ------------  ------------  ------------  
Self CPU time total: 25.391ms
Self SPYRE time total: 5.842ms

IO -- device-layout I/O (cost model, stick-padded) --
IO   op amax [reduction]
IO     output op0                    torch [4096, 1] -> device [1, 1, 4096, 64] in LX = 262144 elems x 2B = 524288 B  (hbm counted: 0 B)
IO     input  arg0_1                 torch [4096, 2048] -> device [32, 4096, 64] in HBM = 8388608 elems x 2B = 16777216 B  (hbm counted: 16777216 B)
IO   op sub
IO     output op1                    torch [4096, 2048] -> device [32, 4096, 64] in HBM = 8388608 elems x 2B = 16777216 B  (hbm counted: 16777216 B)
IO     input  arg0_1                 torch [4096, 2048] -> device [32, 4096, 64] in HBM = 8388608 elems x 2B = 16777216 B  (hbm counted: 16777216 B)
IO     input  buf0                   torch [4096, 1] -> device [1, 1, 4096, 64] in LX = 262144 elems x 2B = 524288 B  (hbm counted: 0 B) broadcast (loaded once)
IO   op sigmoid
IO     output op2                    torch [4096, 2048] -> device [32, 4096, 64] in HBM = 8388608 elems x 2B = 16777216 B  (hbm counted: 16777216 B)
IO     input  buf1                   torch [4096, 2048] -> device [32, 4096, 64] in HBM = 8388608 elems x 2B = 16777216 B  (hbm counted: 16777216 B)
IO   op sigmoid_1
IO     output op3                    torch [4096, 2048] -> device [32, 4096, 64] in HBM = 8388608 elems x 2B = 16777216 B  (hbm counted: 16777216 B)
IO     input  buf2                   torch [4096, 2048] -> device [32, 4096, 64] in HBM = 8388608 elems x 2B = 16777216 B  (hbm counted: 16777216 B)
IO   op sigmoid_2
IO     output op4                    torch [4096, 2048] -> device [32, 4096, 64] in HBM = 8388608 elems x 2B = 16777216 B  (hbm counted: 16777216 B)
IO     input  buf3                   torch [4096, 2048] -> device [32, 4096, 64] in HBM = 8388608 elems x 2B = 16777216 B  (hbm counted: 16777216 B)
IO   op sigmoid_3
IO     output op5                    torch [4096, 2048] -> device [32, 4096, 64] in HBM = 8388608 elems x 2B = 16777216 B  (hbm counted: 16777216 B)
IO     input  buf4                   torch [4096, 2048] -> device [32, 4096, 64] in HBM = 8388608 elems x 2B = 16777216 B  (hbm counted: 16777216 B)
IO   op exp
IO     output op6                    torch [4096, 2048] -> device [32, 4096, 64] in HBM = 8388608 elems x 2B = 16777216 B  (hbm counted: 16777216 B)
IO     input  buf5                   torch [4096, 2048] -> device [32, 4096, 64] in HBM = 8388608 elems x 2B = 16777216 B  (hbm counted: 16777216 B)
IO   op sum_1 [reduction]
IO     output op7                    torch [4096, 1] -> device [1, 1, 4096, 64] in LX = 262144 elems x 2B = 524288 B  (hbm counted: 0 B)
IO     input  buf6                   torch [4096, 2048] -> device [32, 4096, 64] in HBM = 8388608 elems x 2B = 16777216 B  (hbm counted: 16777216 B)
IO   op div
IO     output op8                    torch [4096, 2048] -> device [32, 4096, 64] in HBM = 8388608 elems x 2B = 16777216 B  (hbm counted: 16777216 B)
IO     input  buf6                   torch [4096, 2048] -> device [32, 4096, 64] in HBM = 8388608 elems x 2B = 16777216 B  (hbm counted: 16777216 B)
IO     input  buf7                   torch [4096, 1] -> device [1, 1, 4096, 64] in LX = 262144 elems x 2B = 524288 B  (hbm counted: 0 B) broadcast (loaded once)
IO   => HBM I/O total = 268435456 B  (lx 2097152 B, ~free)
MODEL -- estimate (turnaround): T = (R+W)/BW_PEAK + a*min(R,W) --
MODEL   R=134217728 B (read)   W=117440512 B (write)   loop_trip L=1
MODEL   base = (R+W)/150 = 1677.72 us
MODEL   turn = a*min(R,W) = 0.00574*117440512 = 674.11 us
MODEL   => T_model = 2777.68 us
MODEL FEATS [{"name":"amax","is_reduction":true,"out_elems":262144,"cores":2,"dtype_bytes":2,"args":[{"name":"op0","role":"output","mem":"lx","elems":262144,"broadcast":false,"dims":[1,1,4096,64],"logical":[4096,1],"loop_factor":1},{"name":"arg0_1","role":"input","mem":"hbm","elems":8388608,"broadcast":false,"dims":[32,4096,64],"logical":[4096,2048],"loop_factor":1}],"reduction_cores":1,"loop_trip":1,"tiles_output_dim":false,"tiles_reduction_dim":false,"tile_rows_per_core":0.0,"is_matmul":false,"matmul_macs":0,"matmul_rows_per_core":0.0,"matmul_cols_per_core":0.0,"matmul_a_bytes":0,"matmul_b_bytes":0,"matmul_m_split":1,"matmul_n_split":1,"hbm_pattern":""},{"name":"sub","is_reduction":false,"out_elems":8388608,"cores":2,"dtype_bytes":2,"args":[{"name":"op1","role":"output","mem":"hbm","elems":8388608,"broadcast":false,"dims":[32,4096,64],"logical":[4096,2048],"loop_factor":1},{"name":"arg0_1","role":"input","mem":"hbm","elems":8388608,"broadcast":false,"dims":[32,4096,64],"logical":[4096,2048],"loop_factor":1},{"name":"buf0","role":"input","mem":"lx","elems":262144,"broadcast":true,"dims":[1,1,4096,64],"logical":[4096,1],"loop_factor":1}],"reduction_cores":1,"loop_trip":1,"tiles_output_dim":false,"tiles_reduction_dim":false,"tile_rows_per_core":0.0,"is_matmul":false,"matmul_macs":0,"matmul_rows_per_core":0.0,"matmul_cols_per_core":0.0,"matmul_a_bytes":0,"matmul_b_bytes":0,"matmul_m_split":1,"matmul_n_split":1,"hbm_pattern":""},{"name":"sigmoid","is_reduction":false,"out_elems":8388608,"cores":2,"dtype_bytes":2,"args":[{"name":"op2","role":"output","mem":"hbm","elems":8388608,"broadcast":false,"dims":[32,4096,64],"logical":[4096,2048],"loop_factor":1},{"name":"buf1","role":"input","mem":"hbm","elems":8388608,"broadcast":false,"dims":[32,4096,64],"logical":[4096,2048],"loop_factor":1}],"reduction_cores":1,"loop_trip":1,"tiles_output_dim":false,"tiles_reduction_dim":false,"tile_rows_per_core":0.0,"is_matmul":false,"matmul_macs":0,"matmul_rows_per_core":0.0,"matmul_cols_per_core":0.0,"matmul_a_bytes":0,"matmul_b_bytes":0,"matmul_m_split":1,"matmul_n_split":1,"hbm_pattern":""},{"name":"sigmoid_1","is_reduction":false,"out_elems":8388608,"cores":2,"dtype_bytes":2,"args":[{"name":"op3","role":"output","mem":"hbm","elems":8388608,"broadcast":false,"dims":[32,4096,64],"logical":[4096,2048],"loop_factor":1},{"name":"buf2","role":"input","mem":"hbm","elems":8388608,"broadcast":false,"dims":[32,4096,64],"logical":[4096,2048],"loop_factor":1}],"reduction_cores":1,"loop_trip":1,"tiles_output_dim":false,"tiles_reduction_dim":false,"tile_rows_per_core":0.0,"is_matmul":false,"matmul_macs":0,"matmul_rows_per_core":0.0,"matmul_cols_per_core":0.0,"matmul_a_bytes":0,"matmul_b_bytes":0,"matmul_m_split":1,"matmul_n_split":1,"hbm_pattern":""},{"name":"sigmoid_2","is_reduction":false,"out_elems":8388608,"cores":2,"dtype_bytes":2,"args":[{"name":"op4","role":"output","mem":"hbm","elems":8388608,"broadcast":false,"dims":[32,4096,64],"logical":[4096,2048],"loop_factor":1},{"name":"buf3","role":"input","mem":"hbm","elems":8388608,"broadcast":false,"dims":[32,4096,64],"logical":[4096,2048],"loop_factor":1}],"reduction_cores":1,"loop_trip":1,"tiles_output_dim":false,"tiles_reduction_dim":false,"tile_rows_per_core":0.0,"is_matmul":false,"matmul_macs":0,"matmul_rows_per_core":0.0,"matmul_cols_per_core":0.0,"matmul_a_bytes":0,"matmul_b_bytes":0,"matmul_m_split":1,"matmul_n_split":1,"hbm_pattern":""},{"name":"sigmoid_3","is_reduction":false,"out_elems":8388608,"cores":2,"dtype_bytes":2,"args":[{"name":"op5","role":"output","mem":"hbm","elems":8388608,"broadcast":false,"dims":[32,4096,64],"logical":[4096,2048],"loop_factor":1},{"name":"buf4","role":"input","mem":"hbm","elems":8388608,"broadcast":false,"dims":[32,4096,64],"logical":[4096,2048],"loop_factor":1}],"reduction_cores":1,"loop_trip":1,"tiles_output_dim":false,"tiles_reduction_dim":false,"tile_rows_per_core":0.0,"is_matmul":false,"matmul_macs":0,"matmul_rows_per_core":0.0,"matmul_cols_per_core":0.0,"matmul_a_bytes":0,"matmul_b_bytes":0,"matmul_m_split":1,"matmul_n_split":1,"hbm_pattern":""},{"name":"exp","is_reduction":false,"out_elems":8388608,"cores":2,"dtype_bytes":2,"args":[{"name":"op6","role":"output","mem":"hbm","elems":8388608,"broadcast":false,"dims":[32,4096,64],"logical":[4096,2048],"loop_factor":1},{"name":"buf5","role":"input","mem":"hbm","elems":8388608,"broadcast":false,"dims":[32,4096,64],"logical":[4096,2048],"loop_factor":1}],"reduction_cores":1,"loop_trip":1,"tiles_output_dim":false,"tiles_reduction_dim":false,"tile_rows_per_core":0.0,"is_matmul":false,"matmul_macs":0,"matmul_rows_per_core":0.0,"matmul_cols_per_core":0.0,"matmul_a_bytes":0,"matmul_b_bytes":0,"matmul_m_split":1,"matmul_n_split":1,"hbm_pattern":""},{"name":"sum_1","is_reduction":true,"out_elems":262144,"cores":2,"dtype_bytes":2,"args":[{"name":"op7","role":"output","mem":"lx","elems":262144,"broadcast":false,"dims":[1,1,4096,64],"logical":[4096,1],"loop_factor":1},{"name":"buf6","role":"input","mem":"hbm","elems":8388608,"broadcast":false,"dims":[32,4096,64],"logical":[4096,2048],"loop_factor":1}],"reduction_cores":1,"loop_trip":1,"tiles_output_dim":false,"tiles_reduction_dim":false,"tile_rows_per_core":0.0,"is_matmul":false,"matmul_macs":0,"matmul_rows_per_core":0.0,"matmul_cols_per_core":0.0,"matmul_a_bytes":0,"matmul_b_bytes":0,"matmul_m_split":1,"matmul_n_split":1,"hbm_pattern":""},{"name":"div","is_reduction":false,"out_elems":8388608,"cores":2,"dtype_bytes":2,"args":[{"name":"op8","role":"output","mem":"hbm","elems":8388608,"broadcast":false,"dims":[32,4096,64],"logical":[4096,2048],"loop_factor":1},{"name":"buf6","role":"input","mem":"hbm","elems":8388608,"broadcast":false,"dims":[32,4096,64],"logical":[4096,2048],"loop_factor":1},{"name":"buf7","role":"input","mem":"lx","elems":262144,"broadcast":true,"dims":[1,1,4096,64],"logical":[4096,1],"loop_factor":1}],"reduction_cores":1,"loop_trip":1,"tiles_output_dim":false,"tiles_reduction_dim":false,"tile_rows_per_core":0.0,"is_matmul":false,"matmul_macs":0,"matmul_rows_per_core":0.0,"matmul_cols_per_core":0.0,"matmul_a_bytes":0,"matmul_b_bytes":0,"matmul_m_split":1,"matmul_n_split":1,"hbm_pattern":""}]
TIMING op=softmax_stages reps=7/7 prof_wall_s=0.28 per_rep_s=0.040
SUMMARY op=softmax_stages rows=4096 cols=2048 cores=2 tiles=0 stages=4 lx=1 io_hbm_bytes=268435456 kernel_us=4637.401 pred_us=2777.685 err_pct=-40.1 bw_gbps=57.9 memset_us=104.665 other_dev_us=1105.399 total_dev_us=5847.465 kernel_us_min=4630.904 kernel_us_median=4637.401 kernel_us_mean=4636.935 kernel_us_std=3.933 kernel_us_cv=0.08 reps=7
=== cores=2 stages=8 ===
/home/haoyang/torch-spyre/.venv/lib64/python3.12/site-packages/torch/_dynamo/pgo.py:538: UserWarning: dynamo_pgo force disabled by torch.compiler.config.force_disable_caches
  warn_once(
==============================================================================
==== Cost model features + prediction (after pre-scheduling)
==============================================================================
  amax         read=16777216B write=0B lx=524288B
      output op0                    torch [4096, 1] -> device [1, 1, 4096, 64] in LX  | 262144 elems x 2B = 524288 B (hbm counted: 0 B)
      input  arg0_1                 torch [4096, 2048] -> device [32, 4096, 64] in HBM  | 8388608 elems x 2B = 16777216 B (hbm counted: 16777216 B)
  sub          read=16777216B write=16777216B lx=524288B
      output op1                    torch [4096, 2048] -> device [32, 4096, 64] in HBM  | 8388608 elems x 2B = 16777216 B (hbm counted: 16777216 B)
      input  arg0_1                 torch [4096, 2048] -> device [32, 4096, 64] in HBM  | 8388608 elems x 2B = 16777216 B (hbm counted: 16777216 B)
      input  buf0                   torch [4096, 1] -> device [1, 1, 4096, 64] in LX  | 262144 elems x 2B = 524288 B (hbm counted: 0 B) broadcast (loaded once)
  sigmoid      read=16777216B write=16777216B lx=0B
      output op2                    torch [4096, 2048] -> device [32, 4096, 64] in HBM  | 8388608 elems x 2B = 16777216 B (hbm counted: 16777216 B)
      input  buf1                   torch [4096, 2048] -> device [32, 4096, 64] in HBM  | 8388608 elems x 2B = 16777216 B (hbm counted: 16777216 B)
  sigmoid_1    read=16777216B write=16777216B lx=0B
      output op3                    torch [4096, 2048] -> device [32, 4096, 64] in HBM  | 8388608 elems x 2B = 16777216 B (hbm counted: 16777216 B)
      input  buf2                   torch [4096, 2048] -> device [32, 4096, 64] in HBM  | 8388608 elems x 2B = 16777216 B (hbm counted: 16777216 B)
  sigmoid_2    read=16777216B write=16777216B lx=0B
      output op4                    torch [4096, 2048] -> device [32, 4096, 64] in HBM  | 8388608 elems x 2B = 16777216 B (hbm counted: 16777216 B)
      input  buf3                   torch [4096, 2048] -> device [32, 4096, 64] in HBM  | 8388608 elems x 2B = 16777216 B (hbm counted: 16777216 B)
  sigmoid_3    read=16777216B write=16777216B lx=0B
      output op5                    torch [4096, 2048] -> device [32, 4096, 64] in HBM  | 8388608 elems x 2B = 16777216 B (hbm counted: 16777216 B)
      input  buf4                   torch [4096, 2048] -> device [32, 4096, 64] in HBM  | 8388608 elems x 2B = 16777216 B (hbm counted: 16777216 B)
  sigmoid_4    read=16777216B write=16777216B lx=0B
      output op6                    torch [4096, 2048] -> device [32, 4096, 64] in HBM  | 8388608 elems x 2B = 16777216 B (hbm counted: 16777216 B)
      input  buf5                   torch [4096, 2048] -> device [32, 4096, 64] in HBM  | 8388608 elems x 2B = 16777216 B (hbm counted: 16777216 B)
  sigmoid_5    read=16777216B write=16777216B lx=0B
      output op7                    torch [4096, 2048] -> device [32, 4096, 64] in HBM  | 8388608 elems x 2B = 16777216 B (hbm counted: 16777216 B)
      input  buf6                   torch [4096, 2048] -> device [32, 4096, 64] in HBM  | 8388608 elems x 2B = 16777216 B (hbm counted: 16777216 B)
  sigmoid_6    read=16777216B write=16777216B lx=0B
      output op8                    torch [4096, 2048] -> device [32, 4096, 64] in HBM  | 8388608 elems x 2B = 16777216 B (hbm counted: 16777216 B)
      input  buf7                   torch [4096, 2048] -> device [32, 4096, 64] in HBM  | 8388608 elems x 2B = 16777216 B (hbm counted: 16777216 B)
  sigmoid_7    read=16777216B write=16777216B lx=0B
      output op9                    torch [4096, 2048] -> device [32, 4096, 64] in HBM  | 8388608 elems x 2B = 16777216 B (hbm counted: 16777216 B)
      input  buf8                   torch [4096, 2048] -> device [32, 4096, 64] in HBM  | 8388608 elems x 2B = 16777216 B (hbm counted: 16777216 B)
  exp          read=16777216B write=16777216B lx=0B
      output op10                   torch [4096, 2048] -> device [32, 4096, 64] in HBM  | 8388608 elems x 2B = 16777216 B (hbm counted: 16777216 B)
      input  buf9                   torch [4096, 2048] -> device [32, 4096, 64] in HBM  | 8388608 elems x 2B = 16777216 B (hbm counted: 16777216 B)
  sum_1        read=16777216B write=0B lx=524288B
      output op11                   torch [4096, 1] -> device [1, 1, 4096, 64] in LX  | 262144 elems x 2B = 524288 B (hbm counted: 0 B)
      input  buf10                  torch [4096, 2048] -> device [32, 4096, 64] in HBM  | 8388608 elems x 2B = 16777216 B (hbm counted: 16777216 B)
  div          read=16777216B write=16777216B lx=524288B
      output op12                   torch [4096, 2048] -> device [32, 4096, 64] in HBM  | 8388608 elems x 2B = 16777216 B (hbm counted: 16777216 B)
      input  buf10                  torch [4096, 2048] -> device [32, 4096, 64] in HBM  | 8388608 elems x 2B = 16777216 B (hbm counted: 16777216 B)
      input  buf11                  torch [4096, 1] -> device [1, 1, 4096, 64] in LX  | 262144 elems x 2B = 524288 B (hbm counted: 0 B) broadcast (loaded once)
  -- prediction (turnaround): T = (R+W)/BW_PEAK + a*min(R,W) --
     R=201326592B (read)   W=184549376B (write)
     base = (R+W)/150 = 2572.51 us
     turn = a*min(R,W) = 0.00574*184549376 = 1059.31 us
     => T_model = 3631.82 us

==============================================================================
==== Cost model: predicted runtime (after pre-scheduling)
==============================================================================
predicted total:     3631.8 us over 1 kernel(s), 13 op(s)

      kernel   predicted us  ops
           0         3631.8  13
                      302.7    sub       HBM   33.6 MB   LX  524.3 KB
                      302.7    sigmoid   HBM   33.6 MB
                      302.7    sigmoid_1 HBM   33.6 MB
                      302.7    sigmoid_2 HBM   33.6 MB
                      302.7    sigmoid_3 HBM   33.6 MB
                      302.7    sigmoid_4 HBM   33.6 MB
                      302.7    sigmoid_5 HBM   33.6 MB
                      302.7    sigmoid_6 HBM   33.6 MB
                      302.7    sigmoid_7 HBM   33.6 MB
                      302.7    exp       HBM   33.6 MB
                      302.7    div       HBM   33.6 MB   LX  524.3 KB
                      151.3    amax      HBM   16.8 MB   LX  524.3 KB
                      151.3    sum_1     HBM   16.8 MB   LX  524.3 KB

  Operations are grouped by the loop they run in; the count on each group
  header is that loop's iterations.  HBM = main-memory traffic for the whole
  loop, and '= T x B' breaks it into T iterations of B bytes.  LX = on-chip
  scratchpad traffic, already ONE iteration (an LX buffer is allocated per
  tile).  re-fetch = the part of HBM that is the same bytes read again on a
  later iteration.

  Each kernel is priced ONCE, as a bundle. The per-op column splits that
  total by each op's share of the HBM bytes: an attribution, not a set of
  independent predictions. It carries no compute term, so it misattributes a
  compute-bound kernel, and because the weights are per-op while the total
  de-duplicates shared inputs, a share can be off by up to a third of itself.
  An op with no HBM traffic shows 0.0 -- its output stays in LX, so it adds
  no main-memory traffic of its own.

/home/haoyang/torch-spyre/.venv/lib64/python3.12/site-packages/torch/profiler/profiler.py:224: UserWarning: Warning: Profiler clears events at the end of each cycle.Only events from the current cycle will be reported.To keep events across cycles, set acc_events=True.
  _warn_once(
[W805 21:21:43.847186971 collection.cpp:1077] Warning: Detected an event which was likely passed to kineto by the PyTorch profiler, but is not present in the set of known events: [memory] This most likely means that Kineto has not maintained address stability for this event. Please report this to the PyTorch team. (function operator())
== softmax_stages[4096x2048] -- profiler kernel time vs cost-model I/O ==
-------------------------------------------------------  ------------  ------------  ------------  ------------  ------------  ------------  ------------  ------------  ------------  ------------  ------------  ------------  ------------  ------------  
                                                   Name    Self CPU %      Self CPU   CPU total %     CPU total  CPU time avg    Self SPYRE  Self SPYRE %   SPYRE total  SPYRE time avg       CPU Mem  Self CPU Mem     SPYRE Mem  Self SPYRE Mem    # of Calls  
-------------------------------------------------------  ------------  ------------  ------------  ------------  ------------  ------------  ------------  ------------  ------------  ------------  ------------  ------------  ------------  ------------  
802f06bd_sdsc_fused_amax_div_exp_sigmoid_sub_sum_0_i...         0.00%       0.000us         0.00%       0.000us       0.000us       6.405ms        83.06%       6.405ms       6.405ms           0 B           0 B           0 B           0 B             1  
                                          Memcpy (DtoH)         0.00%       0.000us         0.00%       0.000us       0.000us       1.167ms        15.13%       1.167ms     291.643us           0 B           0 B           0 B           0 B             4  
                                        Memset (Device)         0.00%       0.000us         0.00%       0.000us       0.000us     127.672us         1.66%     127.672us      25.534us           0 B           0 B           0 B           0 B             5  
                                          Memcpy (HtoD)         0.00%       0.000us         0.00%       0.000us       0.000us      12.073us         0.16%      12.073us      12.073us           0 B           0 B           0 B           0 B             1  
                               TorchDynamo Cache Lookup         0.14%      37.826us         0.14%      37.826us      37.826us       0.000us         0.00%       0.000us       0.000us           0 B           0 B           0 B           0 B             1  
                             Torch-Compiled Region: 0/0         0.23%      64.041us         1.56%     432.797us     432.797us       0.000us         0.00%       0.000us       0.000us           0 B           0 B      16.00 MB           0 B             1  
                                      Pregraph bytecode         0.01%       3.290us         0.01%       3.290us       3.290us       0.000us         0.00%       0.000us       0.000us           0 B           0 B           0 B           0 B             1  
                 AOTDispatcher Runtime Wrapper Prologue         0.03%       8.445us         0.03%       8.445us       8.445us       0.000us         0.00%       0.000us       0.000us           0 B           0 B           0 B           0 B             1  
                        ## Call CompiledFxGraph None ##         0.23%      65.097us         1.28%     357.021us     357.021us       0.000us         0.00%       0.000us       0.000us           0 B           0 B      16.00 MB      16.00 MB             1  
launch_jobplan:sdsc_fused_amax_div_exp_sigmoid_sub_s...         1.02%     283.678us         1.05%     291.924us     291.924us       0.000us         0.00%       0.000us       0.000us           0 B           0 B           0 B           0 B             1  
                              aiuLaunchDMIControlBlocks         0.01%       1.700us         0.01%       1.700us       1.700us       0.000us         0.00%       0.000us       0.000us           0 B           0 B           0 B           0 B             1  
                                       Memory (Release)         1.15%     318.504us         1.15%     318.504us      63.701us       0.000us         0.00%       0.000us       0.000us           0 B           0 B           0 B           0 B             5  
                                 aiuLaunchControlBlocks         0.00%       0.774us         0.00%       0.774us       0.774us       0.000us         0.00%       0.000us       0.000us           0 B           0 B           0 B           0 B             1  
                                               aten::to         0.01%       3.683us        97.18%      27.017ms      27.017ms       0.000us         0.00%       0.000us       0.000us      16.00 MB           0 B           0 B           0 B             1  
                                         aten::_to_copy         0.07%      19.934us        97.17%      27.013ms      27.013ms       0.000us         0.00%       0.000us       0.000us      16.00 MB           0 B           0 B           0 B             1  
                                    aten::empty_strided         0.02%       6.322us         0.02%       6.322us       6.322us       0.000us         0.00%       0.000us       0.000us      16.00 MB      16.00 MB           0 B           0 B             1  
                                            aten::copy_         0.04%      11.333us        97.07%      26.987ms      26.987ms       0.000us         0.00%       0.000us       0.000us           0 B           0 B           0 B           0 B             1  
                                       aten::_copy_from        97.02%      26.972ms        97.03%      26.975ms      26.975ms       0.000us         0.00%       0.000us       0.000us           0 B           0 B           0 B           0 B             1  
                              aiuLaunchDMOControlBlocks         0.01%       2.940us         0.01%       2.940us       0.735us       0.000us         0.00%       0.000us       0.000us           0 B           0 B           0 B           0 B             4  
                                               [memory]         0.00%       0.000us         0.00%       0.000us       0.000us       0.000us         0.00%       0.000us       0.000us     -16.00 MB     -16.00 MB     -16.00 MB     -16.00 MB             2  
-------------------------------------------------------  ------------  ------------  ------------  ------------  ------------  ------------  ------------  ------------  ------------  ------------  ------------  ------------  ------------  ------------  
Self CPU time total: 27.800ms
Self SPYRE time total: 7.711ms

IO -- device-layout I/O (cost model, stick-padded) --
IO   op amax [reduction]
IO     output op0                    torch [4096, 1] -> device [1, 1, 4096, 64] in LX = 262144 elems x 2B = 524288 B  (hbm counted: 0 B)
IO     input  arg0_1                 torch [4096, 2048] -> device [32, 4096, 64] in HBM = 8388608 elems x 2B = 16777216 B  (hbm counted: 16777216 B)
IO   op sub
IO     output op1                    torch [4096, 2048] -> device [32, 4096, 64] in HBM = 8388608 elems x 2B = 16777216 B  (hbm counted: 16777216 B)
IO     input  arg0_1                 torch [4096, 2048] -> device [32, 4096, 64] in HBM = 8388608 elems x 2B = 16777216 B  (hbm counted: 16777216 B)
IO     input  buf0                   torch [4096, 1] -> device [1, 1, 4096, 64] in LX = 262144 elems x 2B = 524288 B  (hbm counted: 0 B) broadcast (loaded once)
IO   op sigmoid
IO     output op2                    torch [4096, 2048] -> device [32, 4096, 64] in HBM = 8388608 elems x 2B = 16777216 B  (hbm counted: 16777216 B)
IO     input  buf1                   torch [4096, 2048] -> device [32, 4096, 64] in HBM = 8388608 elems x 2B = 16777216 B  (hbm counted: 16777216 B)
IO   op sigmoid_1
IO     output op3                    torch [4096, 2048] -> device [32, 4096, 64] in HBM = 8388608 elems x 2B = 16777216 B  (hbm counted: 16777216 B)
IO     input  buf2                   torch [4096, 2048] -> device [32, 4096, 64] in HBM = 8388608 elems x 2B = 16777216 B  (hbm counted: 16777216 B)
IO   op sigmoid_2
IO     output op4                    torch [4096, 2048] -> device [32, 4096, 64] in HBM = 8388608 elems x 2B = 16777216 B  (hbm counted: 16777216 B)
IO     input  buf3                   torch [4096, 2048] -> device [32, 4096, 64] in HBM = 8388608 elems x 2B = 16777216 B  (hbm counted: 16777216 B)
IO   op sigmoid_3
IO     output op5                    torch [4096, 2048] -> device [32, 4096, 64] in HBM = 8388608 elems x 2B = 16777216 B  (hbm counted: 16777216 B)
IO     input  buf4                   torch [4096, 2048] -> device [32, 4096, 64] in HBM = 8388608 elems x 2B = 16777216 B  (hbm counted: 16777216 B)
IO   op sigmoid_4
IO     output op6                    torch [4096, 2048] -> device [32, 4096, 64] in HBM = 8388608 elems x 2B = 16777216 B  (hbm counted: 16777216 B)
IO     input  buf5                   torch [4096, 2048] -> device [32, 4096, 64] in HBM = 8388608 elems x 2B = 16777216 B  (hbm counted: 16777216 B)
IO   op sigmoid_5
IO     output op7                    torch [4096, 2048] -> device [32, 4096, 64] in HBM = 8388608 elems x 2B = 16777216 B  (hbm counted: 16777216 B)
IO     input  buf6                   torch [4096, 2048] -> device [32, 4096, 64] in HBM = 8388608 elems x 2B = 16777216 B  (hbm counted: 16777216 B)
IO   op sigmoid_6
IO     output op8                    torch [4096, 2048] -> device [32, 4096, 64] in HBM = 8388608 elems x 2B = 16777216 B  (hbm counted: 16777216 B)
IO     input  buf7                   torch [4096, 2048] -> device [32, 4096, 64] in HBM = 8388608 elems x 2B = 16777216 B  (hbm counted: 16777216 B)
IO   op sigmoid_7
IO     output op9                    torch [4096, 2048] -> device [32, 4096, 64] in HBM = 8388608 elems x 2B = 16777216 B  (hbm counted: 16777216 B)
IO     input  buf8                   torch [4096, 2048] -> device [32, 4096, 64] in HBM = 8388608 elems x 2B = 16777216 B  (hbm counted: 16777216 B)
IO   op exp
IO     output op10                   torch [4096, 2048] -> device [32, 4096, 64] in HBM = 8388608 elems x 2B = 16777216 B  (hbm counted: 16777216 B)
IO     input  buf9                   torch [4096, 2048] -> device [32, 4096, 64] in HBM = 8388608 elems x 2B = 16777216 B  (hbm counted: 16777216 B)
IO   op sum_1 [reduction]
IO     output op11                   torch [4096, 1] -> device [1, 1, 4096, 64] in LX = 262144 elems x 2B = 524288 B  (hbm counted: 0 B)
IO     input  buf10                  torch [4096, 2048] -> device [32, 4096, 64] in HBM = 8388608 elems x 2B = 16777216 B  (hbm counted: 16777216 B)
IO   op div
IO     output op12                   torch [4096, 2048] -> device [32, 4096, 64] in HBM = 8388608 elems x 2B = 16777216 B  (hbm counted: 16777216 B)
IO     input  buf10                  torch [4096, 2048] -> device [32, 4096, 64] in HBM = 8388608 elems x 2B = 16777216 B  (hbm counted: 16777216 B)
IO     input  buf11                  torch [4096, 1] -> device [1, 1, 4096, 64] in LX = 262144 elems x 2B = 524288 B  (hbm counted: 0 B) broadcast (loaded once)
IO   => HBM I/O total = 402653184 B  (lx 2097152 B, ~free)
MODEL -- estimate (turnaround): T = (R+W)/BW_PEAK + a*min(R,W) --
MODEL   R=201326592 B (read)   W=184549376 B (write)   loop_trip L=1
MODEL   base = (R+W)/150 = 2572.51 us
MODEL   turn = a*min(R,W) = 0.00574*184549376 = 1059.31 us
MODEL   => T_model = 3631.82 us
MODEL FEATS [{"name":"amax","is_reduction":true,"out_elems":262144,"cores":2,"dtype_bytes":2,"args":[{"name":"op0","role":"output","mem":"lx","elems":262144,"broadcast":false,"dims":[1,1,4096,64],"logical":[4096,1],"loop_factor":1},{"name":"arg0_1","role":"input","mem":"hbm","elems":8388608,"broadcast":false,"dims":[32,4096,64],"logical":[4096,2048],"loop_factor":1}],"reduction_cores":1,"loop_trip":1,"tiles_output_dim":false,"tiles_reduction_dim":false,"tile_rows_per_core":0.0,"is_matmul":false,"matmul_macs":0,"matmul_rows_per_core":0.0,"matmul_cols_per_core":0.0,"matmul_a_bytes":0,"matmul_b_bytes":0,"matmul_m_split":1,"matmul_n_split":1,"hbm_pattern":""},{"name":"sub","is_reduction":false,"out_elems":8388608,"cores":2,"dtype_bytes":2,"args":[{"name":"op1","role":"output","mem":"hbm","elems":8388608,"broadcast":false,"dims":[32,4096,64],"logical":[4096,2048],"loop_factor":1},{"name":"arg0_1","role":"input","mem":"hbm","elems":8388608,"broadcast":false,"dims":[32,4096,64],"logical":[4096,2048],"loop_factor":1},{"name":"buf0","role":"input","mem":"lx","elems":262144,"broadcast":true,"dims":[1,1,4096,64],"logical":[4096,1],"loop_factor":1}],"reduction_cores":1,"loop_trip":1,"tiles_output_dim":false,"tiles_reduction_dim":false,"tile_rows_per_core":0.0,"is_matmul":false,"matmul_macs":0,"matmul_rows_per_core":0.0,"matmul_cols_per_core":0.0,"matmul_a_bytes":0,"matmul_b_bytes":0,"matmul_m_split":1,"matmul_n_split":1,"hbm_pattern":""},{"name":"sigmoid","is_reduction":false,"out_elems":8388608,"cores":2,"dtype_bytes":2,"args":[{"name":"op2","role":"output","mem":"hbm","elems":8388608,"broadcast":false,"dims":[32,4096,64],"logical":[4096,2048],"loop_factor":1},{"name":"buf1","role":"input","mem":"hbm","elems":8388608,"broadcast":false,"dims":[32,4096,64],"logical":[4096,2048],"loop_factor":1}],"reduction_cores":1,"loop_trip":1,"tiles_output_dim":false,"tiles_reduction_dim":false,"tile_rows_per_core":0.0,"is_matmul":false,"matmul_macs":0,"matmul_rows_per_core":0.0,"matmul_cols_per_core":0.0,"matmul_a_bytes":0,"matmul_b_bytes":0,"matmul_m_split":1,"matmul_n_split":1,"hbm_pattern":""},{"name":"sigmoid_1","is_reduction":false,"out_elems":8388608,"cores":2,"dtype_bytes":2,"args":[{"name":"op3","role":"output","mem":"hbm","elems":8388608,"broadcast":false,"dims":[32,4096,64],"logical":[4096,2048],"loop_factor":1},{"name":"buf2","role":"input","mem":"hbm","elems":8388608,"broadcast":false,"dims":[32,4096,64],"logical":[4096,2048],"loop_factor":1}],"reduction_cores":1,"loop_trip":1,"tiles_output_dim":false,"tiles_reduction_dim":false,"tile_rows_per_core":0.0,"is_matmul":false,"matmul_macs":0,"matmul_rows_per_core":0.0,"matmul_cols_per_core":0.0,"matmul_a_bytes":0,"matmul_b_bytes":0,"matmul_m_split":1,"matmul_n_split":1,"hbm_pattern":""},{"name":"sigmoid_2","is_reduction":false,"out_elems":8388608,"cores":2,"dtype_bytes":2,"args":[{"name":"op4","role":"output","mem":"hbm","elems":8388608,"broadcast":false,"dims":[32,4096,64],"logical":[4096,2048],"loop_factor":1},{"name":"buf3","role":"input","mem":"hbm","elems":8388608,"broadcast":false,"dims":[32,4096,64],"logical":[4096,2048],"loop_factor":1}],"reduction_cores":1,"loop_trip":1,"tiles_output_dim":false,"tiles_reduction_dim":false,"tile_rows_per_core":0.0,"is_matmul":false,"matmul_macs":0,"matmul_rows_per_core":0.0,"matmul_cols_per_core":0.0,"matmul_a_bytes":0,"matmul_b_bytes":0,"matmul_m_split":1,"matmul_n_split":1,"hbm_pattern":""},{"name":"sigmoid_3","is_reduction":false,"out_elems":8388608,"cores":2,"dtype_bytes":2,"args":[{"name":"op5","role":"output","mem":"hbm","elems":8388608,"broadcast":false,"dims":[32,4096,64],"logical":[4096,2048],"loop_factor":1},{"name":"buf4","role":"input","mem":"hbm","elems":8388608,"broadcast":false,"dims":[32,4096,64],"logical":[4096,2048],"loop_factor":1}],"reduction_cores":1,"loop_trip":1,"tiles_output_dim":false,"tiles_reduction_dim":false,"tile_rows_per_core":0.0,"is_matmul":false,"matmul_macs":0,"matmul_rows_per_core":0.0,"matmul_cols_per_core":0.0,"matmul_a_bytes":0,"matmul_b_bytes":0,"matmul_m_split":1,"matmul_n_split":1,"hbm_pattern":""},{"name":"sigmoid_4","is_reduction":false,"out_elems":8388608,"cores":2,"dtype_bytes":2,"args":[{"name":"op6","role":"output","mem":"hbm","elems":8388608,"broadcast":false,"dims":[32,4096,64],"logical":[4096,2048],"loop_factor":1},{"name":"buf5","role":"input","mem":"hbm","elems":8388608,"broadcast":false,"dims":[32,4096,64],"logical":[4096,2048],"loop_factor":1}],"reduction_cores":1,"loop_trip":1,"tiles_output_dim":false,"tiles_reduction_dim":false,"tile_rows_per_core":0.0,"is_matmul":false,"matmul_macs":0,"matmul_rows_per_core":0.0,"matmul_cols_per_core":0.0,"matmul_a_bytes":0,"matmul_b_bytes":0,"matmul_m_split":1,"matmul_n_split":1,"hbm_pattern":""},{"name":"sigmoid_5","is_reduction":false,"out_elems":8388608,"cores":2,"dtype_bytes":2,"args":[{"name":"op7","role":"output","mem":"hbm","elems":8388608,"broadcast":false,"dims":[32,4096,64],"logical":[4096,2048],"loop_factor":1},{"name":"buf6","role":"input","mem":"hbm","elems":8388608,"broadcast":false,"dims":[32,4096,64],"logical":[4096,2048],"loop_factor":1}],"reduction_cores":1,"loop_trip":1,"tiles_output_dim":false,"tiles_reduction_dim":false,"tile_rows_per_core":0.0,"is_matmul":false,"matmul_macs":0,"matmul_rows_per_core":0.0,"matmul_cols_per_core":0.0,"matmul_a_bytes":0,"matmul_b_bytes":0,"matmul_m_split":1,"matmul_n_split":1,"hbm_pattern":""},{"name":"sigmoid_6","is_reduction":false,"out_elems":8388608,"cores":2,"dtype_bytes":2,"args":[{"name":"op8","role":"output","mem":"hbm","elems":8388608,"broadcast":false,"dims":[32,4096,64],"logical":[4096,2048],"loop_factor":1},{"name":"buf7","role":"input","mem":"hbm","elems":8388608,"broadcast":false,"dims":[32,4096,64],"logical":[4096,2048],"loop_factor":1}],"reduction_cores":1,"loop_trip":1,"tiles_output_dim":false,"tiles_reduction_dim":false,"tile_rows_per_core":0.0,"is_matmul":false,"matmul_macs":0,"matmul_rows_per_core":0.0,"matmul_cols_per_core":0.0,"matmul_a_bytes":0,"matmul_b_bytes":0,"matmul_m_split":1,"matmul_n_split":1,"hbm_pattern":""},{"name":"sigmoid_7","is_reduction":false,"out_elems":8388608,"cores":2,"dtype_bytes":2,"args":[{"name":"op9","role":"output","mem":"hbm","elems":8388608,"broadcast":false,"dims":[32,4096,64],"logical":[4096,2048],"loop_factor":1},{"name":"buf8","role":"input","mem":"hbm","elems":8388608,"broadcast":false,"dims":[32,4096,64],"logical":[4096,2048],"loop_factor":1}],"reduction_cores":1,"loop_trip":1,"tiles_output_dim":false,"tiles_reduction_dim":false,"tile_rows_per_core":0.0,"is_matmul":false,"matmul_macs":0,"matmul_rows_per_core":0.0,"matmul_cols_per_core":0.0,"matmul_a_bytes":0,"matmul_b_bytes":0,"matmul_m_split":1,"matmul_n_split":1,"hbm_pattern":""},{"name":"exp","is_reduction":false,"out_elems":8388608,"cores":2,"dtype_bytes":2,"args":[{"name":"op10","role":"output","mem":"hbm","elems":8388608,"broadcast":false,"dims":[32,4096,64],"logical":[4096,2048],"loop_factor":1},{"name":"buf9","role":"input","mem":"hbm","elems":8388608,"broadcast":false,"dims":[32,4096,64],"logical":[4096,2048],"loop_factor":1}],"reduction_cores":1,"loop_trip":1,"tiles_output_dim":false,"tiles_reduction_dim":false,"tile_rows_per_core":0.0,"is_matmul":false,"matmul_macs":0,"matmul_rows_per_core":0.0,"matmul_cols_per_core":0.0,"matmul_a_bytes":0,"matmul_b_bytes":0,"matmul_m_split":1,"matmul_n_split":1,"hbm_pattern":""},{"name":"sum_1","is_reduction":true,"out_elems":262144,"cores":2,"dtype_bytes":2,"args":[{"name":"op11","role":"output","mem":"lx","elems":262144,"broadcast":false,"dims":[1,1,4096,64],"logical":[4096,1],"loop_factor":1},{"name":"buf10","role":"input","mem":"hbm","elems":8388608,"broadcast":false,"dims":[32,4096,64],"logical":[4096,2048],"loop_factor":1}],"reduction_cores":1,"loop_trip":1,"tiles_output_dim":false,"tiles_reduction_dim":false,"tile_rows_per_core":0.0,"is_matmul":false,"matmul_macs":0,"matmul_rows_per_core":0.0,"matmul_cols_per_core":0.0,"matmul_a_bytes":0,"matmul_b_bytes":0,"matmul_m_split":1,"matmul_n_split":1,"hbm_pattern":""},{"name":"div","is_reduction":false,"out_elems":8388608,"cores":2,"dtype_bytes":2,"args":[{"name":"op12","role":"output","mem":"hbm","elems":8388608,"broadcast":false,"dims":[32,4096,64],"logical":[4096,2048],"loop_factor":1},{"name":"buf10","role":"input","mem":"hbm","elems":8388608,"broadcast":false,"dims":[32,4096,64],"logical":[4096,2048],"loop_factor":1},{"name":"buf11","role":"input","mem":"lx","elems":262144,"broadcast":true,"dims":[1,1,4096,64],"logical":[4096,1],"loop_factor":1}],"reduction_cores":1,"loop_trip":1,"tiles_output_dim":false,"tiles_reduction_dim":false,"tile_rows_per_core":0.0,"is_matmul":false,"matmul_macs":0,"matmul_rows_per_core":0.0,"matmul_cols_per_core":0.0,"matmul_a_bytes":0,"matmul_b_bytes":0,"matmul_m_split":1,"matmul_n_split":1,"hbm_pattern":""}]
TIMING op=softmax_stages reps=7/7 prof_wall_s=0.30 per_rep_s=0.042
SUMMARY op=softmax_stages rows=4096 cols=2048 cores=2 tiles=0 stages=8 lx=1 io_hbm_bytes=402653184 kernel_us=6410.321 pred_us=3631.820 err_pct=-43.3 bw_gbps=62.8 memset_us=124.743 other_dev_us=1143.849 total_dev_us=7678.913 kernel_us_min=6403.684 kernel_us_median=6410.321 kernel_us_mean=6410.349 kernel_us_std=4.357 kernel_us_cv=0.07 reps=7
=== cores=32 stages=0 ===
/home/haoyang/torch-spyre/.venv/lib64/python3.12/site-packages/torch/_dynamo/pgo.py:538: UserWarning: dynamo_pgo force disabled by torch.compiler.config.force_disable_caches
  warn_once(
==============================================================================
==== Cost model features + prediction (after pre-scheduling)
==============================================================================
  Pointwise    read=16777216B write=0B lx=16777216B
      output op5                    torch [4096, 2048] -> device [32, 4096, 64] in LX  | 8388608 elems x 2B = 16777216 B (hbm counted: 0 B)
      input  arg0_1                 torch [4096, 2048] -> device [32, 4096, 64] in HBM  | 8388608 elems x 2B = 16777216 B (hbm counted: 16777216 B)
  amax         read=0B write=0B lx=17301504B
      output op0                    torch [4096, 1] -> device [1, 1, 4096, 64] in LX  | 262144 elems x 2B = 524288 B (hbm counted: 0 B)
      input  buf5                   torch [4096, 2048] -> device [32, 4096, 64] in LX  | 8388608 elems x 2B = 16777216 B (hbm counted: 0 B)
  sub          read=0B write=0B lx=34078720B
      output op1                    torch [4096, 2048] -> device [32, 4096, 64] in LX  | 8388608 elems x 2B = 16777216 B (hbm counted: 0 B)
      input  buf5                   torch [4096, 2048] -> device [32, 4096, 64] in LX  | 8388608 elems x 2B = 16777216 B (hbm counted: 0 B)
      input  buf0                   torch [4096, 1] -> device [1, 1, 4096, 64] in LX  | 262144 elems x 2B = 524288 B (hbm counted: 0 B) broadcast (loaded once)
  exp          read=0B write=0B lx=33554432B
      output op2                    torch [4096, 2048] -> device [32, 4096, 64] in LX  | 8388608 elems x 2B = 16777216 B (hbm counted: 0 B)
      input  buf1                   torch [4096, 2048] -> device [32, 4096, 64] in LX  | 8388608 elems x 2B = 16777216 B (hbm counted: 0 B)
  sum_1        read=0B write=0B lx=17301504B
      output op3                    torch [4096, 1] -> device [1, 1, 4096, 64] in LX  | 262144 elems x 2B = 524288 B (hbm counted: 0 B)
      input  buf2                   torch [4096, 2048] -> device [32, 4096, 64] in LX  | 8388608 elems x 2B = 16777216 B (hbm counted: 0 B)
  div          read=0B write=16777216B lx=17301504B
      output op4                    torch [4096, 2048] -> device [32, 4096, 64] in HBM  | 8388608 elems x 2B = 16777216 B (hbm counted: 16777216 B)
      input  buf2                   torch [4096, 2048] -> device [32, 4096, 64] in LX  | 8388608 elems x 2B = 16777216 B (hbm counted: 0 B)
      input  buf3                   torch [4096, 1] -> device [1, 1, 4096, 64] in LX  | 262144 elems x 2B = 524288 B (hbm counted: 0 B) broadcast (loaded once)
  -- prediction (turnaround): T = (R+W)/BW_PEAK + a*min(R,W) --
     R=16777216B (read)   W=16777216B (write)
     base = (R+W)/150 = 223.70 us
     turn = a*min(R,W) = 0.00574*16777216 = 96.30 us
     => T_model = 320.00 us

==============================================================================
==== Cost model: predicted runtime (after pre-scheduling)
==============================================================================
predicted total:      320.0 us over 1 kernel(s), 6 op(s)

      kernel   predicted us  ops
           0          320.0  6
                      160.0    Pointwise HBM   16.8 MB   LX   16.8 MB
                      160.0    div       HBM   16.8 MB   LX   17.3 MB
                        0.0    amax      HBM         -   LX   17.3 MB
                        0.0    sub       HBM         -   LX   34.1 MB
                        0.0    exp       HBM         -   LX   33.6 MB
                        0.0    sum_1     HBM         -   LX   17.3 MB

  Operations are grouped by the loop they run in; the count on each group
  header is that loop's iterations.  HBM = main-memory traffic for the whole
  loop, and '= T x B' breaks it into T iterations of B bytes.  LX = on-chip
  scratchpad traffic, already ONE iteration (an LX buffer is allocated per
  tile).  re-fetch = the part of HBM that is the same bytes read again on a
  later iteration.

  Each kernel is priced ONCE, as a bundle. The per-op column splits that
  total by each op's share of the HBM bytes: an attribution, not a set of
  independent predictions. It carries no compute term, so it misattributes a
  compute-bound kernel, and because the weights are per-op while the total
  de-duplicates shared inputs, a share can be off by up to a third of itself.
  An op with no HBM traffic shows 0.0 -- its output stays in LX, so it adds
  no main-memory traffic of its own.

/home/haoyang/torch-spyre/.venv/lib64/python3.12/site-packages/torch/profiler/profiler.py:224: UserWarning: Warning: Profiler clears events at the end of each cycle.Only events from the current cycle will be reported.To keep events across cycles, set acc_events=True.
  _warn_once(
[W805 21:22:02.026179328 collection.cpp:1077] Warning: Detected an event which was likely passed to kineto by the PyTorch profiler, but is not present in the set of known events: [memory] This most likely means that Kineto has not maintained address stability for this event. Please report this to the PyTorch team. (function operator())
== softmax_stages[4096x2048] -- profiler kernel time vs cost-model I/O ==
-------------------------------------------------------  ------------  ------------  ------------  ------------  ------------  ------------  ------------  ------------  ------------  ------------  ------------  ------------  ------------  ------------  
                                                   Name    Self CPU %      Self CPU   CPU total %     CPU total  CPU time avg    Self SPYRE  Self SPYRE %   SPYRE total  SPYRE time avg       CPU Mem  Self CPU Mem     SPYRE Mem  Self SPYRE Mem    # of Calls  
-------------------------------------------------------  ------------  ------------  ------------  ------------  ------------  ------------  ------------  ------------  ------------  ------------  ------------  ------------  ------------  ------------  
                                          Memcpy (DtoH)         0.00%       0.000us         0.00%       0.000us       0.000us       1.105ms        73.67%       1.105ms     276.266us           0 B           0 B           0 B           0 B             4  
aaa2614b_sdsc_fused_amax_div_exp_sub_sum_0_f5hy4pwq/...         0.00%       0.000us         0.00%       0.000us       0.000us     261.403us        17.43%     261.403us     261.403us           0 B           0 B           0 B           0 B             1  
                                        Memset (Device)         0.00%       0.000us         0.00%       0.000us       0.000us     107.621us         7.17%     107.621us      21.524us           0 B           0 B           0 B           0 B             5  
                                          Memcpy (HtoD)         0.00%       0.000us         0.00%       0.000us       0.000us      26.020us         1.73%      26.020us      26.020us           0 B           0 B           0 B           0 B             1  
                               TorchDynamo Cache Lookup         0.13%      35.086us         0.13%      35.086us      35.086us       0.000us         0.00%       0.000us       0.000us           0 B           0 B           0 B           0 B             1  
                             Torch-Compiled Region: 0/0         0.25%      65.135us         1.84%     483.856us     483.856us       0.000us         0.00%       0.000us       0.000us           0 B           0 B      16.00 MB           0 B             1  
                                      Pregraph bytecode         0.01%       2.805us         0.01%       2.805us       2.805us       0.000us         0.00%       0.000us       0.000us           0 B           0 B           0 B           0 B             1  
                 AOTDispatcher Runtime Wrapper Prologue         0.03%       7.563us         0.03%       7.563us       7.563us       0.000us         0.00%       0.000us       0.000us           0 B           0 B           0 B           0 B             1  
                        ## Call CompiledFxGraph None ##         0.19%      48.931us         1.55%     408.353us     408.353us       0.000us         0.00%       0.000us       0.000us           0 B           0 B      16.00 MB      16.00 MB             1  
       launch_jobplan:sdsc_fused_amax_div_exp_sub_sum_0         1.29%     339.692us         1.37%     359.422us     359.422us       0.000us         0.00%       0.000us       0.000us           0 B           0 B           0 B           0 B             1  
                              aiuLaunchDMIControlBlocks         0.01%       1.529us         0.01%       1.529us       1.529us       0.000us         0.00%       0.000us       0.000us           0 B           0 B           0 B           0 B             1  
                                       Memory (Release)         1.16%     305.686us         1.17%     306.694us      61.339us       0.000us         0.00%       0.000us       0.000us           0 B           0 B           0 B           0 B             5  
                                 aiuLaunchControlBlocks         0.00%       1.008us         0.00%       1.008us       1.008us       0.000us         0.00%       0.000us       0.000us           0 B           0 B           0 B           0 B             1  
                                               aten::to         0.01%       2.977us        96.93%      25.460ms      25.460ms       0.000us         0.00%       0.000us       0.000us      16.00 MB           0 B           0 B           0 B             1  
                                         aten::_to_copy         0.07%      18.138us        96.91%      25.457ms      25.457ms       0.000us         0.00%       0.000us       0.000us      16.00 MB           0 B           0 B           0 B             1  
                                    aten::empty_strided         0.02%       6.144us         0.02%       6.144us       6.144us       0.000us         0.00%       0.000us       0.000us      16.00 MB      16.00 MB           0 B           0 B             1  
                                            aten::copy_         0.04%      10.471us        96.82%      25.433ms      25.433ms       0.000us         0.00%       0.000us       0.000us           0 B           0 B           0 B           0 B             1  
                                       aten::_copy_from        96.77%      25.419ms        96.78%      25.423ms      25.423ms       0.000us         0.00%       0.000us       0.000us           0 B           0 B           0 B           0 B             1  
                              aiuLaunchDMOControlBlocks         0.01%       3.360us         0.01%       3.360us       0.840us       0.000us         0.00%       0.000us       0.000us           0 B           0 B           0 B           0 B             4  
                                               [memory]         0.00%       0.000us         0.00%       0.000us       0.000us       0.000us         0.00%       0.000us       0.000us     -16.00 MB     -16.00 MB     -16.00 MB     -16.00 MB             2  
-------------------------------------------------------  ------------  ------------  ------------  ------------  ------------  ------------  ------------  ------------  ------------  ------------  ------------  ------------  ------------  ------------  
Self CPU time total: 26.268ms
Self SPYRE time total: 1.500ms

IO -- device-layout I/O (cost model, stick-padded) --
IO   op Pointwise
IO     output op5                    torch [4096, 2048] -> device [32, 4096, 64] in LX = 8388608 elems x 2B = 16777216 B  (hbm counted: 0 B)
IO     input  arg0_1                 torch [4096, 2048] -> device [32, 4096, 64] in HBM = 8388608 elems x 2B = 16777216 B  (hbm counted: 16777216 B)
IO   op amax [reduction]
IO     output op0                    torch [4096, 1] -> device [1, 1, 4096, 64] in LX = 262144 elems x 2B = 524288 B  (hbm counted: 0 B)
IO     input  buf5                   torch [4096, 2048] -> device [32, 4096, 64] in LX = 8388608 elems x 2B = 16777216 B  (hbm counted: 0 B)
IO   op sub
IO     output op1                    torch [4096, 2048] -> device [32, 4096, 64] in LX = 8388608 elems x 2B = 16777216 B  (hbm counted: 0 B)
IO     input  buf5                   torch [4096, 2048] -> device [32, 4096, 64] in LX = 8388608 elems x 2B = 16777216 B  (hbm counted: 0 B)
IO     input  buf0                   torch [4096, 1] -> device [1, 1, 4096, 64] in LX = 262144 elems x 2B = 524288 B  (hbm counted: 0 B) broadcast (loaded once)
IO   op exp
IO     output op2                    torch [4096, 2048] -> device [32, 4096, 64] in LX = 8388608 elems x 2B = 16777216 B  (hbm counted: 0 B)
IO     input  buf1                   torch [4096, 2048] -> device [32, 4096, 64] in LX = 8388608 elems x 2B = 16777216 B  (hbm counted: 0 B)
IO   op sum_1 [reduction]
IO     output op3                    torch [4096, 1] -> device [1, 1, 4096, 64] in LX = 262144 elems x 2B = 524288 B  (hbm counted: 0 B)
IO     input  buf2                   torch [4096, 2048] -> device [32, 4096, 64] in LX = 8388608 elems x 2B = 16777216 B  (hbm counted: 0 B)
IO   op div
IO     output op4                    torch [4096, 2048] -> device [32, 4096, 64] in HBM = 8388608 elems x 2B = 16777216 B  (hbm counted: 16777216 B)
IO     input  buf2                   torch [4096, 2048] -> device [32, 4096, 64] in LX = 8388608 elems x 2B = 16777216 B  (hbm counted: 0 B)
IO     input  buf3                   torch [4096, 1] -> device [1, 1, 4096, 64] in LX = 262144 elems x 2B = 524288 B  (hbm counted: 0 B) broadcast (loaded once)
IO   => HBM I/O total = 33554432 B  (lx 136314880 B, ~free)
MODEL -- estimate (turnaround): T = (R+W)/BW_PEAK + a*min(R,W) --
MODEL   R=16777216 B (read)   W=16777216 B (write)   loop_trip L=1
MODEL   base = (R+W)/150 = 223.70 us
MODEL   turn = a*min(R,W) = 0.00574*16777216 = 96.30 us
MODEL   => T_model = 320.00 us
MODEL FEATS [{"name":"Pointwise","is_reduction":false,"out_elems":8388608,"cores":32,"dtype_bytes":2,"args":[{"name":"op5","role":"output","mem":"lx","elems":8388608,"broadcast":false,"dims":[32,4096,64],"logical":[4096,2048],"loop_factor":1},{"name":"arg0_1","role":"input","mem":"hbm","elems":8388608,"broadcast":false,"dims":[32,4096,64],"logical":[4096,2048],"loop_factor":1}],"reduction_cores":1,"loop_trip":1,"tiles_output_dim":false,"tiles_reduction_dim":false,"tile_rows_per_core":0.0,"is_matmul":false,"matmul_macs":0,"matmul_rows_per_core":0.0,"matmul_cols_per_core":0.0,"matmul_a_bytes":0,"matmul_b_bytes":0,"matmul_m_split":1,"matmul_n_split":1,"hbm_pattern":""},{"name":"amax","is_reduction":true,"out_elems":262144,"cores":32,"dtype_bytes":2,"args":[{"name":"op0","role":"output","mem":"lx","elems":262144,"broadcast":false,"dims":[1,1,4096,64],"logical":[4096,1],"loop_factor":1},{"name":"buf5","role":"input","mem":"lx","elems":8388608,"broadcast":false,"dims":[32,4096,64],"logical":[4096,2048],"loop_factor":1}],"reduction_cores":1,"loop_trip":1,"tiles_output_dim":false,"tiles_reduction_dim":false,"tile_rows_per_core":0.0,"is_matmul":false,"matmul_macs":0,"matmul_rows_per_core":0.0,"matmul_cols_per_core":0.0,"matmul_a_bytes":0,"matmul_b_bytes":0,"matmul_m_split":1,"matmul_n_split":1,"hbm_pattern":""},{"name":"sub","is_reduction":false,"out_elems":8388608,"cores":32,"dtype_bytes":2,"args":[{"name":"op1","role":"output","mem":"lx","elems":8388608,"broadcast":false,"dims":[32,4096,64],"logical":[4096,2048],"loop_factor":1},{"name":"buf5","role":"input","mem":"lx","elems":8388608,"broadcast":false,"dims":[32,4096,64],"logical":[4096,2048],"loop_factor":1},{"name":"buf0","role":"input","mem":"lx","elems":262144,"broadcast":true,"dims":[1,1,4096,64],"logical":[4096,1],"loop_factor":1}],"reduction_cores":1,"loop_trip":1,"tiles_output_dim":false,"tiles_reduction_dim":false,"tile_rows_per_core":0.0,"is_matmul":false,"matmul_macs":0,"matmul_rows_per_core":0.0,"matmul_cols_per_core":0.0,"matmul_a_bytes":0,"matmul_b_bytes":0,"matmul_m_split":1,"matmul_n_split":1,"hbm_pattern":""},{"name":"exp","is_reduction":false,"out_elems":8388608,"cores":32,"dtype_bytes":2,"args":[{"name":"op2","role":"output","mem":"lx","elems":8388608,"broadcast":false,"dims":[32,4096,64],"logical":[4096,2048],"loop_factor":1},{"name":"buf1","role":"input","mem":"lx","elems":8388608,"broadcast":false,"dims":[32,4096,64],"logical":[4096,2048],"loop_factor":1}],"reduction_cores":1,"loop_trip":1,"tiles_output_dim":false,"tiles_reduction_dim":false,"tile_rows_per_core":0.0,"is_matmul":false,"matmul_macs":0,"matmul_rows_per_core":0.0,"matmul_cols_per_core":0.0,"matmul_a_bytes":0,"matmul_b_bytes":0,"matmul_m_split":1,"matmul_n_split":1,"hbm_pattern":""},{"name":"sum_1","is_reduction":true,"out_elems":262144,"cores":32,"dtype_bytes":2,"args":[{"name":"op3","role":"output","mem":"lx","elems":262144,"broadcast":false,"dims":[1,1,4096,64],"logical":[4096,1],"loop_factor":1},{"name":"buf2","role":"input","mem":"lx","elems":8388608,"broadcast":false,"dims":[32,4096,64],"logical":[4096,2048],"loop_factor":1}],"reduction_cores":1,"loop_trip":1,"tiles_output_dim":false,"tiles_reduction_dim":false,"tile_rows_per_core":0.0,"is_matmul":false,"matmul_macs":0,"matmul_rows_per_core":0.0,"matmul_cols_per_core":0.0,"matmul_a_bytes":0,"matmul_b_bytes":0,"matmul_m_split":1,"matmul_n_split":1,"hbm_pattern":""},{"name":"div","is_reduction":false,"out_elems":8388608,"cores":32,"dtype_bytes":2,"args":[{"name":"op4","role":"output","mem":"hbm","elems":8388608,"broadcast":false,"dims":[32,4096,64],"logical":[4096,2048],"loop_factor":1},{"name":"buf2","role":"input","mem":"lx","elems":8388608,"broadcast":false,"dims":[32,4096,64],"logical":[4096,2048],"loop_factor":1},{"name":"buf3","role":"input","mem":"lx","elems":262144,"broadcast":true,"dims":[1,1,4096,64],"logical":[4096,1],"loop_factor":1}],"reduction_cores":1,"loop_trip":1,"tiles_output_dim":false,"tiles_reduction_dim":false,"tile_rows_per_core":0.0,"is_matmul":false,"matmul_macs":0,"matmul_rows_per_core":0.0,"matmul_cols_per_core":0.0,"matmul_a_bytes":0,"matmul_b_bytes":0,"matmul_m_split":1,"matmul_n_split":1,"hbm_pattern":""}]
TIMING op=softmax_stages reps=7/7 prof_wall_s=0.30 per_rep_s=0.043
SUMMARY op=softmax_stages rows=4096 cols=2048 cores=32 tiles=0 stages=0 lx=1 io_hbm_bytes=33554432 kernel_us=263.247 pred_us=319.997 err_pct=+21.6 bw_gbps=127.5 memset_us=107.621 other_dev_us=1155.209 total_dev_us=1526.077 kernel_us_min=261.296 kernel_us_median=263.247 kernel_us_mean=263.806 kernel_us_std=2.609 kernel_us_cv=0.99 reps=7
=== cores=32 stages=2 ===
/home/haoyang/torch-spyre/.venv/lib64/python3.12/site-packages/torch/_dynamo/pgo.py:538: UserWarning: dynamo_pgo force disabled by torch.compiler.config.force_disable_caches
  warn_once(
==============================================================================
==== Cost model features + prediction (after pre-scheduling)
==============================================================================
  Pointwise    read=16777216B write=0B lx=16777216B
      output op7                    torch [4096, 2048] -> device [32, 4096, 64] in LX  | 8388608 elems x 2B = 16777216 B (hbm counted: 0 B)
      input  arg0_1                 torch [4096, 2048] -> device [32, 4096, 64] in HBM  | 8388608 elems x 2B = 16777216 B (hbm counted: 16777216 B)
  amax         read=0B write=0B lx=17301504B
      output op0                    torch [4096, 1] -> device [1, 1, 4096, 64] in LX  | 262144 elems x 2B = 524288 B (hbm counted: 0 B)
      input  buf7                   torch [4096, 2048] -> device [32, 4096, 64] in LX  | 8388608 elems x 2B = 16777216 B (hbm counted: 0 B)
  sub          read=0B write=0B lx=34078720B
      output op1                    torch [4096, 2048] -> device [32, 4096, 64] in LX  | 8388608 elems x 2B = 16777216 B (hbm counted: 0 B)
      input  buf7                   torch [4096, 2048] -> device [32, 4096, 64] in LX  | 8388608 elems x 2B = 16777216 B (hbm counted: 0 B)
      input  buf0                   torch [4096, 1] -> device [1, 1, 4096, 64] in LX  | 262144 elems x 2B = 524288 B (hbm counted: 0 B) broadcast (loaded once)
  sigmoid      read=0B write=16777216B lx=16777216B
      output op2                    torch [4096, 2048] -> device [32, 4096, 64] in HBM  | 8388608 elems x 2B = 16777216 B (hbm counted: 16777216 B)
      input  buf1                   torch [4096, 2048] -> device [32, 4096, 64] in LX  | 8388608 elems x 2B = 16777216 B (hbm counted: 0 B)
  sigmoid_1    read=16777216B write=16777216B lx=0B
      output op3                    torch [4096, 2048] -> device [32, 4096, 64] in HBM  | 8388608 elems x 2B = 16777216 B (hbm counted: 16777216 B)
      input  buf2                   torch [4096, 2048] -> device [32, 4096, 64] in HBM  | 8388608 elems x 2B = 16777216 B (hbm counted: 16777216 B)
  exp          read=16777216B write=0B lx=16777216B
      output op4                    torch [4096, 2048] -> device [32, 4096, 64] in LX  | 8388608 elems x 2B = 16777216 B (hbm counted: 0 B)
      input  buf3                   torch [4096, 2048] -> device [32, 4096, 64] in HBM  | 8388608 elems x 2B = 16777216 B (hbm counted: 16777216 B)
  sum_1        read=0B write=0B lx=17301504B
      output op5                    torch [4096, 1] -> device [1, 1, 4096, 64] in LX  | 262144 elems x 2B = 524288 B (hbm counted: 0 B)
      input  buf4                   torch [4096, 2048] -> device [32, 4096, 64] in LX  | 8388608 elems x 2B = 16777216 B (hbm counted: 0 B)
  div          read=0B write=16777216B lx=17301504B
      output op6                    torch [4096, 2048] -> device [32, 4096, 64] in HBM  | 8388608 elems x 2B = 16777216 B (hbm counted: 16777216 B)
      input  buf4                   torch [4096, 2048] -> device [32, 4096, 64] in LX  | 8388608 elems x 2B = 16777216 B (hbm counted: 0 B)
      input  buf5                   torch [4096, 1] -> device [1, 1, 4096, 64] in LX  | 262144 elems x 2B = 524288 B (hbm counted: 0 B) broadcast (loaded once)
  -- prediction (turnaround): T = (R+W)/BW_PEAK + a*min(R,W) --
     R=50331648B (read)   W=50331648B (write)
     base = (R+W)/150 = 671.09 us
     turn = a*min(R,W) = 0.00574*50331648 = 288.90 us
     => T_model = 959.99 us

==============================================================================
==== Cost model: predicted runtime (after pre-scheduling)
==============================================================================
predicted total:      960.0 us over 1 kernel(s), 8 op(s)

      kernel   predicted us  ops
           0          960.0  8
                      320.0    sigmoid_1 HBM   33.6 MB
                      160.0    Pointwise HBM   16.8 MB   LX   16.8 MB
                      160.0    sigmoid   HBM   16.8 MB   LX   16.8 MB
                      160.0    exp       HBM   16.8 MB   LX   16.8 MB
                      160.0    div       HBM   16.8 MB   LX   17.3 MB
                        0.0    amax      HBM         -   LX   17.3 MB
                        0.0    sub       HBM         -   LX   34.1 MB
                        0.0    sum_1     HBM         -   LX   17.3 MB

  Operations are grouped by the loop they run in; the count on each group
  header is that loop's iterations.  HBM = main-memory traffic for the whole
  loop, and '= T x B' breaks it into T iterations of B bytes.  LX = on-chip
  scratchpad traffic, already ONE iteration (an LX buffer is allocated per
  tile).  re-fetch = the part of HBM that is the same bytes read again on a
  later iteration.

  Each kernel is priced ONCE, as a bundle. The per-op column splits that
  total by each op's share of the HBM bytes: an attribution, not a set of
  independent predictions. It carries no compute term, so it misattributes a
  compute-bound kernel, and because the weights are per-op while the total
  de-duplicates shared inputs, a share can be off by up to a third of itself.
  An op with no HBM traffic shows 0.0 -- its output stays in LX, so it adds
  no main-memory traffic of its own.

/home/haoyang/torch-spyre/.venv/lib64/python3.12/site-packages/torch/profiler/profiler.py:224: UserWarning: Warning: Profiler clears events at the end of each cycle.Only events from the current cycle will be reported.To keep events across cycles, set acc_events=True.
  _warn_once(
[W805 21:22:17.658508979 collection.cpp:1077] Warning: Detected an event which was likely passed to kineto by the PyTorch profiler, but is not present in the set of known events: [memory] This most likely means that Kineto has not maintained address stability for this event. Please report this to the PyTorch team. (function operator())
== softmax_stages[4096x2048] -- profiler kernel time vs cost-model I/O ==
-------------------------------------------------------  ------------  ------------  ------------  ------------  ------------  ------------  ------------  ------------  ------------  ------------  ------------  ------------  ------------  ------------  
                                                   Name    Self CPU %      Self CPU   CPU total %     CPU total  CPU time avg    Self SPYRE  Self SPYRE %   SPYRE total  SPYRE time avg       CPU Mem  Self CPU Mem     SPYRE Mem  Self SPYRE Mem    # of Calls  
-------------------------------------------------------  ------------  ------------  ------------  ------------  ------------  ------------  ------------  ------------  ------------  ------------  ------------  ------------  ------------  ------------  
                                          Memcpy (DtoH)         0.00%       0.000us         0.00%       0.000us       0.000us       1.125ms        53.77%       1.125ms     281.322us           0 B           0 B           0 B           0 B             4  
afe9212b_sdsc_fused_amax_div_exp_sigmoid_sub_sum_0_9...         0.00%       0.000us         0.00%       0.000us       0.000us     810.032us        38.70%     810.032us     810.032us           0 B           0 B           0 B           0 B             1  
                                        Memset (Device)         0.00%       0.000us         0.00%       0.000us       0.000us     144.201us         6.89%     144.201us      28.840us           0 B           0 B           0 B           0 B             5  
                                          Memcpy (HtoD)         0.00%       0.000us         0.00%       0.000us       0.000us      13.370us         0.64%      13.370us      13.370us           0 B           0 B           0 B           0 B             1  
                               TorchDynamo Cache Lookup         0.16%      34.529us         0.16%      34.529us      34.529us       0.000us         0.00%       0.000us       0.000us           0 B           0 B           0 B           0 B             1  
                             Torch-Compiled Region: 0/0         0.29%      64.295us         2.81%     625.267us     625.267us       0.000us         0.00%       0.000us       0.000us           0 B           0 B      16.00 MB           0 B             1  
                                      Pregraph bytecode         0.02%       3.412us         0.02%       3.412us       3.412us       0.000us         0.00%       0.000us       0.000us           0 B           0 B           0 B           0 B             1  
                 AOTDispatcher Runtime Wrapper Prologue         0.04%       8.146us         0.04%       8.146us       8.146us       0.000us         0.00%       0.000us       0.000us           0 B           0 B           0 B           0 B             1  
                        ## Call CompiledFxGraph None ##         0.28%      62.703us         2.47%     549.414us     549.414us       0.000us         0.00%       0.000us       0.000us           0 B           0 B      16.00 MB      16.00 MB             1  
launch_jobplan:sdsc_fused_amax_div_exp_sigmoid_sub_s...         2.15%     477.832us         2.19%     486.711us     486.711us       0.000us         0.00%       0.000us       0.000us           0 B           0 B           0 B           0 B             1  
                              aiuLaunchDMIControlBlocks         0.01%       1.796us         0.01%       1.796us       1.796us       0.000us         0.00%       0.000us       0.000us           0 B           0 B           0 B           0 B             1  
                                       Memory (Release)         1.52%     337.057us         1.52%     337.057us      67.411us       0.000us         0.00%       0.000us       0.000us           0 B           0 B           0 B           0 B             5  
                                 aiuLaunchControlBlocks         0.00%       0.994us         0.00%       0.994us       0.994us       0.000us         0.00%       0.000us       0.000us           0 B           0 B           0 B           0 B             1  
                                               aten::to         0.01%       3.093us        95.54%      21.231ms      21.231ms       0.000us         0.00%       0.000us       0.000us      16.00 MB           0 B           0 B           0 B             1  
                                         aten::_to_copy         0.12%      26.484us        95.53%      21.228ms      21.228ms       0.000us         0.00%       0.000us       0.000us      16.00 MB           0 B           0 B           0 B             1  
                                    aten::empty_strided         0.03%       5.695us         0.03%       5.695us       5.695us       0.000us         0.00%       0.000us       0.000us      16.00 MB      16.00 MB           0 B           0 B             1  
                                            aten::copy_         0.05%      10.404us        95.38%      21.196ms      21.196ms       0.000us         0.00%       0.000us       0.000us           0 B           0 B           0 B           0 B             1  
                                       aten::_copy_from        95.32%      21.182ms        95.34%      21.185ms      21.185ms       0.000us         0.00%       0.000us       0.000us           0 B           0 B           0 B           0 B             1  
                              aiuLaunchDMOControlBlocks         0.02%       3.441us         0.02%       3.441us       0.860us       0.000us         0.00%       0.000us       0.000us           0 B           0 B           0 B           0 B             4  
                                               [memory]         0.00%       0.000us         0.00%       0.000us       0.000us       0.000us         0.00%       0.000us       0.000us     -16.00 MB     -16.00 MB     -16.00 MB     -16.00 MB             2  
-------------------------------------------------------  ------------  ------------  ------------  ------------  ------------  ------------  ------------  ------------  ------------  ------------  ------------  ------------  ------------  ------------  
Self CPU time total: 22.222ms
Self SPYRE time total: 2.093ms

IO -- device-layout I/O (cost model, stick-padded) --
IO   op Pointwise
IO     output op7                    torch [4096, 2048] -> device [32, 4096, 64] in LX = 8388608 elems x 2B = 16777216 B  (hbm counted: 0 B)
IO     input  arg0_1                 torch [4096, 2048] -> device [32, 4096, 64] in HBM = 8388608 elems x 2B = 16777216 B  (hbm counted: 16777216 B)
IO   op amax [reduction]
IO     output op0                    torch [4096, 1] -> device [1, 1, 4096, 64] in LX = 262144 elems x 2B = 524288 B  (hbm counted: 0 B)
IO     input  buf7                   torch [4096, 2048] -> device [32, 4096, 64] in LX = 8388608 elems x 2B = 16777216 B  (hbm counted: 0 B)
IO   op sub
IO     output op1                    torch [4096, 2048] -> device [32, 4096, 64] in LX = 8388608 elems x 2B = 16777216 B  (hbm counted: 0 B)
IO     input  buf7                   torch [4096, 2048] -> device [32, 4096, 64] in LX = 8388608 elems x 2B = 16777216 B  (hbm counted: 0 B)
IO     input  buf0                   torch [4096, 1] -> device [1, 1, 4096, 64] in LX = 262144 elems x 2B = 524288 B  (hbm counted: 0 B) broadcast (loaded once)
IO   op sigmoid
IO     output op2                    torch [4096, 2048] -> device [32, 4096, 64] in HBM = 8388608 elems x 2B = 16777216 B  (hbm counted: 16777216 B)
IO     input  buf1                   torch [4096, 2048] -> device [32, 4096, 64] in LX = 8388608 elems x 2B = 16777216 B  (hbm counted: 0 B)
IO   op sigmoid_1
IO     output op3                    torch [4096, 2048] -> device [32, 4096, 64] in HBM = 8388608 elems x 2B = 16777216 B  (hbm counted: 16777216 B)
IO     input  buf2                   torch [4096, 2048] -> device [32, 4096, 64] in HBM = 8388608 elems x 2B = 16777216 B  (hbm counted: 16777216 B)
IO   op exp
IO     output op4                    torch [4096, 2048] -> device [32, 4096, 64] in LX = 8388608 elems x 2B = 16777216 B  (hbm counted: 0 B)
IO     input  buf3                   torch [4096, 2048] -> device [32, 4096, 64] in HBM = 8388608 elems x 2B = 16777216 B  (hbm counted: 16777216 B)
IO   op sum_1 [reduction]
IO     output op5                    torch [4096, 1] -> device [1, 1, 4096, 64] in LX = 262144 elems x 2B = 524288 B  (hbm counted: 0 B)
IO     input  buf4                   torch [4096, 2048] -> device [32, 4096, 64] in LX = 8388608 elems x 2B = 16777216 B  (hbm counted: 0 B)
IO   op div
IO     output op6                    torch [4096, 2048] -> device [32, 4096, 64] in HBM = 8388608 elems x 2B = 16777216 B  (hbm counted: 16777216 B)
IO     input  buf4                   torch [4096, 2048] -> device [32, 4096, 64] in LX = 8388608 elems x 2B = 16777216 B  (hbm counted: 0 B)
IO     input  buf5                   torch [4096, 1] -> device [1, 1, 4096, 64] in LX = 262144 elems x 2B = 524288 B  (hbm counted: 0 B) broadcast (loaded once)
IO   => HBM I/O total = 100663296 B  (lx 136314880 B, ~free)
MODEL -- estimate (turnaround): T = (R+W)/BW_PEAK + a*min(R,W) --
MODEL   R=50331648 B (read)   W=50331648 B (write)   loop_trip L=1
MODEL   base = (R+W)/150 = 671.09 us
MODEL   turn = a*min(R,W) = 0.00574*50331648 = 288.90 us
MODEL   => T_model = 959.99 us
MODEL FEATS [{"name":"Pointwise","is_reduction":false,"out_elems":8388608,"cores":32,"dtype_bytes":2,"args":[{"name":"op7","role":"output","mem":"lx","elems":8388608,"broadcast":false,"dims":[32,4096,64],"logical":[4096,2048],"loop_factor":1},{"name":"arg0_1","role":"input","mem":"hbm","elems":8388608,"broadcast":false,"dims":[32,4096,64],"logical":[4096,2048],"loop_factor":1}],"reduction_cores":1,"loop_trip":1,"tiles_output_dim":false,"tiles_reduction_dim":false,"tile_rows_per_core":0.0,"is_matmul":false,"matmul_macs":0,"matmul_rows_per_core":0.0,"matmul_cols_per_core":0.0,"matmul_a_bytes":0,"matmul_b_bytes":0,"matmul_m_split":1,"matmul_n_split":1,"hbm_pattern":""},{"name":"amax","is_reduction":true,"out_elems":262144,"cores":32,"dtype_bytes":2,"args":[{"name":"op0","role":"output","mem":"lx","elems":262144,"broadcast":false,"dims":[1,1,4096,64],"logical":[4096,1],"loop_factor":1},{"name":"buf7","role":"input","mem":"lx","elems":8388608,"broadcast":false,"dims":[32,4096,64],"logical":[4096,2048],"loop_factor":1}],"reduction_cores":1,"loop_trip":1,"tiles_output_dim":false,"tiles_reduction_dim":false,"tile_rows_per_core":0.0,"is_matmul":false,"matmul_macs":0,"matmul_rows_per_core":0.0,"matmul_cols_per_core":0.0,"matmul_a_bytes":0,"matmul_b_bytes":0,"matmul_m_split":1,"matmul_n_split":1,"hbm_pattern":""},{"name":"sub","is_reduction":false,"out_elems":8388608,"cores":32,"dtype_bytes":2,"args":[{"name":"op1","role":"output","mem":"lx","elems":8388608,"broadcast":false,"dims":[32,4096,64],"logical":[4096,2048],"loop_factor":1},{"name":"buf7","role":"input","mem":"lx","elems":8388608,"broadcast":false,"dims":[32,4096,64],"logical":[4096,2048],"loop_factor":1},{"name":"buf0","role":"input","mem":"lx","elems":262144,"broadcast":true,"dims":[1,1,4096,64],"logical":[4096,1],"loop_factor":1}],"reduction_cores":1,"loop_trip":1,"tiles_output_dim":false,"tiles_reduction_dim":false,"tile_rows_per_core":0.0,"is_matmul":false,"matmul_macs":0,"matmul_rows_per_core":0.0,"matmul_cols_per_core":0.0,"matmul_a_bytes":0,"matmul_b_bytes":0,"matmul_m_split":1,"matmul_n_split":1,"hbm_pattern":""},{"name":"sigmoid","is_reduction":false,"out_elems":8388608,"cores":32,"dtype_bytes":2,"args":[{"name":"op2","role":"output","mem":"hbm","elems":8388608,"broadcast":false,"dims":[32,4096,64],"logical":[4096,2048],"loop_factor":1},{"name":"buf1","role":"input","mem":"lx","elems":8388608,"broadcast":false,"dims":[32,4096,64],"logical":[4096,2048],"loop_factor":1}],"reduction_cores":1,"loop_trip":1,"tiles_output_dim":false,"tiles_reduction_dim":false,"tile_rows_per_core":0.0,"is_matmul":false,"matmul_macs":0,"matmul_rows_per_core":0.0,"matmul_cols_per_core":0.0,"matmul_a_bytes":0,"matmul_b_bytes":0,"matmul_m_split":1,"matmul_n_split":1,"hbm_pattern":""},{"name":"sigmoid_1","is_reduction":false,"out_elems":8388608,"cores":32,"dtype_bytes":2,"args":[{"name":"op3","role":"output","mem":"hbm","elems":8388608,"broadcast":false,"dims":[32,4096,64],"logical":[4096,2048],"loop_factor":1},{"name":"buf2","role":"input","mem":"hbm","elems":8388608,"broadcast":false,"dims":[32,4096,64],"logical":[4096,2048],"loop_factor":1}],"reduction_cores":1,"loop_trip":1,"tiles_output_dim":false,"tiles_reduction_dim":false,"tile_rows_per_core":0.0,"is_matmul":false,"matmul_macs":0,"matmul_rows_per_core":0.0,"matmul_cols_per_core":0.0,"matmul_a_bytes":0,"matmul_b_bytes":0,"matmul_m_split":1,"matmul_n_split":1,"hbm_pattern":""},{"name":"exp","is_reduction":false,"out_elems":8388608,"cores":32,"dtype_bytes":2,"args":[{"name":"op4","role":"output","mem":"lx","elems":8388608,"broadcast":false,"dims":[32,4096,64],"logical":[4096,2048],"loop_factor":1},{"name":"buf3","role":"input","mem":"hbm","elems":8388608,"broadcast":false,"dims":[32,4096,64],"logical":[4096,2048],"loop_factor":1}],"reduction_cores":1,"loop_trip":1,"tiles_output_dim":false,"tiles_reduction_dim":false,"tile_rows_per_core":0.0,"is_matmul":false,"matmul_macs":0,"matmul_rows_per_core":0.0,"matmul_cols_per_core":0.0,"matmul_a_bytes":0,"matmul_b_bytes":0,"matmul_m_split":1,"matmul_n_split":1,"hbm_pattern":""},{"name":"sum_1","is_reduction":true,"out_elems":262144,"cores":32,"dtype_bytes":2,"args":[{"name":"op5","role":"output","mem":"lx","elems":262144,"broadcast":false,"dims":[1,1,4096,64],"logical":[4096,1],"loop_factor":1},{"name":"buf4","role":"input","mem":"lx","elems":8388608,"broadcast":false,"dims":[32,4096,64],"logical":[4096,2048],"loop_factor":1}],"reduction_cores":1,"loop_trip":1,"tiles_output_dim":false,"tiles_reduction_dim":false,"tile_rows_per_core":0.0,"is_matmul":false,"matmul_macs":0,"matmul_rows_per_core":0.0,"matmul_cols_per_core":0.0,"matmul_a_bytes":0,"matmul_b_bytes":0,"matmul_m_split":1,"matmul_n_split":1,"hbm_pattern":""},{"name":"div","is_reduction":false,"out_elems":8388608,"cores":32,"dtype_bytes":2,"args":[{"name":"op6","role":"output","mem":"hbm","elems":8388608,"broadcast":false,"dims":[32,4096,64],"logical":[4096,2048],"loop_factor":1},{"name":"buf4","role":"input","mem":"lx","elems":8388608,"broadcast":false,"dims":[32,4096,64],"logical":[4096,2048],"loop_factor":1},{"name":"buf5","role":"input","mem":"lx","elems":262144,"broadcast":true,"dims":[1,1,4096,64],"logical":[4096,1],"loop_factor":1}],"reduction_cores":1,"loop_trip":1,"tiles_output_dim":false,"tiles_reduction_dim":false,"tile_rows_per_core":0.0,"is_matmul":false,"matmul_macs":0,"matmul_rows_per_core":0.0,"matmul_cols_per_core":0.0,"matmul_a_bytes":0,"matmul_b_bytes":0,"matmul_m_split":1,"matmul_n_split":1,"hbm_pattern":""}]
TIMING op=softmax_stages reps=7/7 prof_wall_s=0.26 per_rep_s=0.037
SUMMARY op=softmax_stages rows=4096 cols=2048 cores=32 tiles=0 stages=2 lx=1 io_hbm_bytes=100663296 kernel_us=806.894 pred_us=959.992 err_pct=+19.0 bw_gbps=124.8 memset_us=116.440 other_dev_us=1157.738 total_dev_us=2081.072 kernel_us_min=795.313 kernel_us_median=806.894 kernel_us_mean=805.166 kernel_us_std=4.787 kernel_us_cv=0.59 reps=7
=== cores=32 stages=4 ===
/home/haoyang/torch-spyre/.venv/lib64/python3.12/site-packages/torch/_dynamo/pgo.py:538: UserWarning: dynamo_pgo force disabled by torch.compiler.config.force_disable_caches
  warn_once(
==============================================================================
==== Cost model features + prediction (after pre-scheduling)
==============================================================================
  Pointwise    read=16777216B write=0B lx=16777216B
      output op9                    torch [4096, 2048] -> device [32, 4096, 64] in LX  | 8388608 elems x 2B = 16777216 B (hbm counted: 0 B)
      input  arg0_1                 torch [4096, 2048] -> device [32, 4096, 64] in HBM  | 8388608 elems x 2B = 16777216 B (hbm counted: 16777216 B)
  amax         read=0B write=0B lx=17301504B
      output op0                    torch [4096, 1] -> device [1, 1, 4096, 64] in LX  | 262144 elems x 2B = 524288 B (hbm counted: 0 B)
      input  buf9                   torch [4096, 2048] -> device [32, 4096, 64] in LX  | 8388608 elems x 2B = 16777216 B (hbm counted: 0 B)
  sub          read=0B write=0B lx=34078720B
      output op1                    torch [4096, 2048] -> device [32, 4096, 64] in LX  | 8388608 elems x 2B = 16777216 B (hbm counted: 0 B)
      input  buf9                   torch [4096, 2048] -> device [32, 4096, 64] in LX  | 8388608 elems x 2B = 16777216 B (hbm counted: 0 B)
      input  buf0                   torch [4096, 1] -> device [1, 1, 4096, 64] in LX  | 262144 elems x 2B = 524288 B (hbm counted: 0 B) broadcast (loaded once)
  sigmoid      read=0B write=16777216B lx=16777216B
      output op2                    torch [4096, 2048] -> device [32, 4096, 64] in HBM  | 8388608 elems x 2B = 16777216 B (hbm counted: 16777216 B)
      input  buf1                   torch [4096, 2048] -> device [32, 4096, 64] in LX  | 8388608 elems x 2B = 16777216 B (hbm counted: 0 B)
  sigmoid_1    read=16777216B write=16777216B lx=0B
      output op3                    torch [4096, 2048] -> device [32, 4096, 64] in HBM  | 8388608 elems x 2B = 16777216 B (hbm counted: 16777216 B)
      input  buf2                   torch [4096, 2048] -> device [32, 4096, 64] in HBM  | 8388608 elems x 2B = 16777216 B (hbm counted: 16777216 B)
  sigmoid_2    read=16777216B write=16777216B lx=0B
      output op4                    torch [4096, 2048] -> device [32, 4096, 64] in HBM  | 8388608 elems x 2B = 16777216 B (hbm counted: 16777216 B)
      input  buf3                   torch [4096, 2048] -> device [32, 4096, 64] in HBM  | 8388608 elems x 2B = 16777216 B (hbm counted: 16777216 B)
  sigmoid_3    read=16777216B write=16777216B lx=0B
      output op5                    torch [4096, 2048] -> device [32, 4096, 64] in HBM  | 8388608 elems x 2B = 16777216 B (hbm counted: 16777216 B)
      input  buf4                   torch [4096, 2048] -> device [32, 4096, 64] in HBM  | 8388608 elems x 2B = 16777216 B (hbm counted: 16777216 B)
  exp          read=16777216B write=0B lx=16777216B
      output op6                    torch [4096, 2048] -> device [32, 4096, 64] in LX  | 8388608 elems x 2B = 16777216 B (hbm counted: 0 B)
      input  buf5                   torch [4096, 2048] -> device [32, 4096, 64] in HBM  | 8388608 elems x 2B = 16777216 B (hbm counted: 16777216 B)
  sum_1        read=0B write=0B lx=17301504B
      output op7                    torch [4096, 1] -> device [1, 1, 4096, 64] in LX  | 262144 elems x 2B = 524288 B (hbm counted: 0 B)
      input  buf6                   torch [4096, 2048] -> device [32, 4096, 64] in LX  | 8388608 elems x 2B = 16777216 B (hbm counted: 0 B)
  div          read=0B write=16777216B lx=17301504B
      output op8                    torch [4096, 2048] -> device [32, 4096, 64] in HBM  | 8388608 elems x 2B = 16777216 B (hbm counted: 16777216 B)
      input  buf6                   torch [4096, 2048] -> device [32, 4096, 64] in LX  | 8388608 elems x 2B = 16777216 B (hbm counted: 0 B)
      input  buf7                   torch [4096, 1] -> device [1, 1, 4096, 64] in LX  | 262144 elems x 2B = 524288 B (hbm counted: 0 B) broadcast (loaded once)
  -- prediction (turnaround): T = (R+W)/BW_PEAK + a*min(R,W) --
     R=83886080B (read)   W=83886080B (write)
     base = (R+W)/150 = 1118.48 us
     turn = a*min(R,W) = 0.00574*83886080 = 481.51 us
     => T_model = 1599.99 us

==============================================================================
==== Cost model: predicted runtime (after pre-scheduling)
==============================================================================
predicted total:     1600.0 us over 1 kernel(s), 10 op(s)

      kernel   predicted us  ops
           0         1600.0  10
                      320.0    sigmoid_1 HBM   33.6 MB
                      320.0    sigmoid_2 HBM   33.6 MB
                      320.0    sigmoid_3 HBM   33.6 MB
                      160.0    Pointwise HBM   16.8 MB   LX   16.8 MB
                      160.0    sigmoid   HBM   16.8 MB   LX   16.8 MB
                      160.0    exp       HBM   16.8 MB   LX   16.8 MB
                      160.0    div       HBM   16.8 MB   LX   17.3 MB
                        0.0    amax      HBM         -   LX   17.3 MB
                        0.0    sub       HBM         -   LX   34.1 MB
                        0.0    sum_1     HBM         -   LX   17.3 MB

  Operations are grouped by the loop they run in; the count on each group
  header is that loop's iterations.  HBM = main-memory traffic for the whole
  loop, and '= T x B' breaks it into T iterations of B bytes.  LX = on-chip
  scratchpad traffic, already ONE iteration (an LX buffer is allocated per
  tile).  re-fetch = the part of HBM that is the same bytes read again on a
  later iteration.

  Each kernel is priced ONCE, as a bundle. The per-op column splits that
  total by each op's share of the HBM bytes: an attribution, not a set of
  independent predictions. It carries no compute term, so it misattributes a
  compute-bound kernel, and because the weights are per-op while the total
  de-duplicates shared inputs, a share can be off by up to a third of itself.
  An op with no HBM traffic shows 0.0 -- its output stays in LX, so it adds
  no main-memory traffic of its own.

/home/haoyang/torch-spyre/.venv/lib64/python3.12/site-packages/torch/profiler/profiler.py:224: UserWarning: Warning: Profiler clears events at the end of each cycle.Only events from the current cycle will be reported.To keep events across cycles, set acc_events=True.
  _warn_once(
[W805 21:22:34.085035333 collection.cpp:1077] Warning: Detected an event which was likely passed to kineto by the PyTorch profiler, but is not present in the set of known events: [memory] This most likely means that Kineto has not maintained address stability for this event. Please report this to the PyTorch team. (function operator())
== softmax_stages[4096x2048] -- profiler kernel time vs cost-model I/O ==
-------------------------------------------------------  ------------  ------------  ------------  ------------  ------------  ------------  ------------  ------------  ------------  ------------  ------------  ------------  ------------  ------------  
                                                   Name    Self CPU %      Self CPU   CPU total %     CPU total  CPU time avg    Self SPYRE  Self SPYRE %   SPYRE total  SPYRE time avg       CPU Mem  Self CPU Mem     SPYRE Mem  Self SPYRE Mem    # of Calls  
-------------------------------------------------------  ------------  ------------  ------------  ------------  ------------  ------------  ------------  ------------  ------------  ------------  ------------  ------------  ------------  ------------  
fc5c6446_sdsc_fused_amax_div_exp_sigmoid_sub_sum_0_1...         0.00%       0.000us         0.00%       0.000us       0.000us       1.436ms        52.72%       1.436ms       1.436ms           0 B           0 B           0 B           0 B             1  
                                          Memcpy (DtoH)         0.00%       0.000us         0.00%       0.000us       0.000us       1.136ms        41.72%       1.136ms     284.051us           0 B           0 B           0 B           0 B             4  
                                        Memset (Device)         0.00%       0.000us         0.00%       0.000us       0.000us     125.688us         4.62%     125.688us      25.138us           0 B           0 B           0 B           0 B             5  
                                          Memcpy (HtoD)         0.00%       0.000us         0.00%       0.000us       0.000us      25.741us         0.95%      25.741us      25.741us           0 B           0 B           0 B           0 B             1  
                               TorchDynamo Cache Lookup         0.15%      33.883us         0.15%      33.883us      33.883us       0.000us         0.00%       0.000us       0.000us           0 B           0 B           0 B           0 B             1  
                             Torch-Compiled Region: 0/0         0.28%      62.741us         3.15%     718.436us     718.436us       0.000us         0.00%       0.000us       0.000us           0 B           0 B      16.00 MB           0 B             1  
                                      Pregraph bytecode         0.02%       3.690us         0.02%       3.690us       3.690us       0.000us         0.00%       0.000us       0.000us           0 B           0 B           0 B           0 B             1  
                 AOTDispatcher Runtime Wrapper Prologue         0.04%       8.319us         0.04%       8.319us       8.319us       0.000us         0.00%       0.000us       0.000us           0 B           0 B           0 B           0 B             1  
                        ## Call CompiledFxGraph None ##         0.27%      61.510us         2.82%     643.686us     643.686us       0.000us         0.00%       0.000us       0.000us           0 B           0 B      16.00 MB      16.00 MB             1  
launch_jobplan:sdsc_fused_amax_div_exp_sigmoid_sub_s...         2.48%     564.402us         2.55%     582.176us     582.176us       0.000us         0.00%       0.000us       0.000us           0 B           0 B           0 B           0 B             1  
                              aiuLaunchDMIControlBlocks         0.01%       1.510us         0.01%       1.510us       1.510us       0.000us         0.00%       0.000us       0.000us           0 B           0 B           0 B           0 B             1  
                                       Memory (Release)         1.30%     296.005us         1.30%     296.005us      59.201us       0.000us         0.00%       0.000us       0.000us           0 B           0 B           0 B           0 B             5  
                                 aiuLaunchControlBlocks         0.00%       0.916us         0.00%       0.916us       0.916us       0.000us         0.00%       0.000us       0.000us           0 B           0 B           0 B           0 B             1  
                                               aten::to         0.01%       3.199us        95.47%      21.768ms      21.768ms       0.000us         0.00%       0.000us       0.000us      16.00 MB           0 B           0 B           0 B             1  
                                         aten::_to_copy         0.09%      21.324us        95.46%      21.765ms      21.765ms       0.000us         0.00%       0.000us       0.000us      16.00 MB           0 B           0 B           0 B             1  
                                    aten::empty_strided         0.03%       6.182us         0.03%       6.182us       6.182us       0.000us         0.00%       0.000us       0.000us      16.00 MB      16.00 MB           0 B           0 B             1  
                                            aten::copy_         0.05%      10.526us        95.33%      21.737ms      21.737ms       0.000us         0.00%       0.000us       0.000us           0 B           0 B           0 B           0 B             1  
                                       aten::_copy_from        95.28%      21.724ms        95.29%      21.727ms      21.727ms       0.000us         0.00%       0.000us       0.000us           0 B           0 B           0 B           0 B             1  
                              aiuLaunchDMOControlBlocks         0.01%       3.115us         0.01%       3.115us       0.779us       0.000us         0.00%       0.000us       0.000us           0 B           0 B           0 B           0 B             4  
                                               [memory]         0.00%       0.000us         0.00%       0.000us       0.000us       0.000us         0.00%       0.000us       0.000us     -16.00 MB     -16.00 MB     -16.00 MB     -16.00 MB             2  
-------------------------------------------------------  ------------  ------------  ------------  ------------  ------------  ------------  ------------  ------------  ------------  ------------  ------------  ------------  ------------  ------------  
Self CPU time total: 22.801ms
Self SPYRE time total: 2.723ms

IO -- device-layout I/O (cost model, stick-padded) --
IO   op Pointwise
IO     output op9                    torch [4096, 2048] -> device [32, 4096, 64] in LX = 8388608 elems x 2B = 16777216 B  (hbm counted: 0 B)
IO     input  arg0_1                 torch [4096, 2048] -> device [32, 4096, 64] in HBM = 8388608 elems x 2B = 16777216 B  (hbm counted: 16777216 B)
IO   op amax [reduction]
IO     output op0                    torch [4096, 1] -> device [1, 1, 4096, 64] in LX = 262144 elems x 2B = 524288 B  (hbm counted: 0 B)
IO     input  buf9                   torch [4096, 2048] -> device [32, 4096, 64] in LX = 8388608 elems x 2B = 16777216 B  (hbm counted: 0 B)
IO   op sub
IO     output op1                    torch [4096, 2048] -> device [32, 4096, 64] in LX = 8388608 elems x 2B = 16777216 B  (hbm counted: 0 B)
IO     input  buf9                   torch [4096, 2048] -> device [32, 4096, 64] in LX = 8388608 elems x 2B = 16777216 B  (hbm counted: 0 B)
IO     input  buf0                   torch [4096, 1] -> device [1, 1, 4096, 64] in LX = 262144 elems x 2B = 524288 B  (hbm counted: 0 B) broadcast (loaded once)
IO   op sigmoid
IO     output op2                    torch [4096, 2048] -> device [32, 4096, 64] in HBM = 8388608 elems x 2B = 16777216 B  (hbm counted: 16777216 B)
IO     input  buf1                   torch [4096, 2048] -> device [32, 4096, 64] in LX = 8388608 elems x 2B = 16777216 B  (hbm counted: 0 B)
IO   op sigmoid_1
IO     output op3                    torch [4096, 2048] -> device [32, 4096, 64] in HBM = 8388608 elems x 2B = 16777216 B  (hbm counted: 16777216 B)
IO     input  buf2                   torch [4096, 2048] -> device [32, 4096, 64] in HBM = 8388608 elems x 2B = 16777216 B  (hbm counted: 16777216 B)
IO   op sigmoid_2
IO     output op4                    torch [4096, 2048] -> device [32, 4096, 64] in HBM = 8388608 elems x 2B = 16777216 B  (hbm counted: 16777216 B)
IO     input  buf3                   torch [4096, 2048] -> device [32, 4096, 64] in HBM = 8388608 elems x 2B = 16777216 B  (hbm counted: 16777216 B)
IO   op sigmoid_3
IO     output op5                    torch [4096, 2048] -> device [32, 4096, 64] in HBM = 8388608 elems x 2B = 16777216 B  (hbm counted: 16777216 B)
IO     input  buf4                   torch [4096, 2048] -> device [32, 4096, 64] in HBM = 8388608 elems x 2B = 16777216 B  (hbm counted: 16777216 B)
IO   op exp
IO     output op6                    torch [4096, 2048] -> device [32, 4096, 64] in LX = 8388608 elems x 2B = 16777216 B  (hbm counted: 0 B)
IO     input  buf5                   torch [4096, 2048] -> device [32, 4096, 64] in HBM = 8388608 elems x 2B = 16777216 B  (hbm counted: 16777216 B)
IO   op sum_1 [reduction]
IO     output op7                    torch [4096, 1] -> device [1, 1, 4096, 64] in LX = 262144 elems x 2B = 524288 B  (hbm counted: 0 B)
IO     input  buf6                   torch [4096, 2048] -> device [32, 4096, 64] in LX = 8388608 elems x 2B = 16777216 B  (hbm counted: 0 B)
IO   op div
IO     output op8                    torch [4096, 2048] -> device [32, 4096, 64] in HBM = 8388608 elems x 2B = 16777216 B  (hbm counted: 16777216 B)
IO     input  buf6                   torch [4096, 2048] -> device [32, 4096, 64] in LX = 8388608 elems x 2B = 16777216 B  (hbm counted: 0 B)
IO     input  buf7                   torch [4096, 1] -> device [1, 1, 4096, 64] in LX = 262144 elems x 2B = 524288 B  (hbm counted: 0 B) broadcast (loaded once)
IO   => HBM I/O total = 167772160 B  (lx 136314880 B, ~free)
MODEL -- estimate (turnaround): T = (R+W)/BW_PEAK + a*min(R,W) --
MODEL   R=83886080 B (read)   W=83886080 B (write)   loop_trip L=1
MODEL   base = (R+W)/150 = 1118.48 us
MODEL   turn = a*min(R,W) = 0.00574*83886080 = 481.51 us
MODEL   => T_model = 1599.99 us
MODEL FEATS [{"name":"Pointwise","is_reduction":false,"out_elems":8388608,"cores":32,"dtype_bytes":2,"args":[{"name":"op9","role":"output","mem":"lx","elems":8388608,"broadcast":false,"dims":[32,4096,64],"logical":[4096,2048],"loop_factor":1},{"name":"arg0_1","role":"input","mem":"hbm","elems":8388608,"broadcast":false,"dims":[32,4096,64],"logical":[4096,2048],"loop_factor":1}],"reduction_cores":1,"loop_trip":1,"tiles_output_dim":false,"tiles_reduction_dim":false,"tile_rows_per_core":0.0,"is_matmul":false,"matmul_macs":0,"matmul_rows_per_core":0.0,"matmul_cols_per_core":0.0,"matmul_a_bytes":0,"matmul_b_bytes":0,"matmul_m_split":1,"matmul_n_split":1,"hbm_pattern":""},{"name":"amax","is_reduction":true,"out_elems":262144,"cores":32,"dtype_bytes":2,"args":[{"name":"op0","role":"output","mem":"lx","elems":262144,"broadcast":false,"dims":[1,1,4096,64],"logical":[4096,1],"loop_factor":1},{"name":"buf9","role":"input","mem":"lx","elems":8388608,"broadcast":false,"dims":[32,4096,64],"logical":[4096,2048],"loop_factor":1}],"reduction_cores":1,"loop_trip":1,"tiles_output_dim":false,"tiles_reduction_dim":false,"tile_rows_per_core":0.0,"is_matmul":false,"matmul_macs":0,"matmul_rows_per_core":0.0,"matmul_cols_per_core":0.0,"matmul_a_bytes":0,"matmul_b_bytes":0,"matmul_m_split":1,"matmul_n_split":1,"hbm_pattern":""},{"name":"sub","is_reduction":false,"out_elems":8388608,"cores":32,"dtype_bytes":2,"args":[{"name":"op1","role":"output","mem":"lx","elems":8388608,"broadcast":false,"dims":[32,4096,64],"logical":[4096,2048],"loop_factor":1},{"name":"buf9","role":"input","mem":"lx","elems":8388608,"broadcast":false,"dims":[32,4096,64],"logical":[4096,2048],"loop_factor":1},{"name":"buf0","role":"input","mem":"lx","elems":262144,"broadcast":true,"dims":[1,1,4096,64],"logical":[4096,1],"loop_factor":1}],"reduction_cores":1,"loop_trip":1,"tiles_output_dim":false,"tiles_reduction_dim":false,"tile_rows_per_core":0.0,"is_matmul":false,"matmul_macs":0,"matmul_rows_per_core":0.0,"matmul_cols_per_core":0.0,"matmul_a_bytes":0,"matmul_b_bytes":0,"matmul_m_split":1,"matmul_n_split":1,"hbm_pattern":""},{"name":"sigmoid","is_reduction":false,"out_elems":8388608,"cores":32,"dtype_bytes":2,"args":[{"name":"op2","role":"output","mem":"hbm","elems":8388608,"broadcast":false,"dims":[32,4096,64],"logical":[4096,2048],"loop_factor":1},{"name":"buf1","role":"input","mem":"lx","elems":8388608,"broadcast":false,"dims":[32,4096,64],"logical":[4096,2048],"loop_factor":1}],"reduction_cores":1,"loop_trip":1,"tiles_output_dim":false,"tiles_reduction_dim":false,"tile_rows_per_core":0.0,"is_matmul":false,"matmul_macs":0,"matmul_rows_per_core":0.0,"matmul_cols_per_core":0.0,"matmul_a_bytes":0,"matmul_b_bytes":0,"matmul_m_split":1,"matmul_n_split":1,"hbm_pattern":""},{"name":"sigmoid_1","is_reduction":false,"out_elems":8388608,"cores":32,"dtype_bytes":2,"args":[{"name":"op3","role":"output","mem":"hbm","elems":8388608,"broadcast":false,"dims":[32,4096,64],"logical":[4096,2048],"loop_factor":1},{"name":"buf2","role":"input","mem":"hbm","elems":8388608,"broadcast":false,"dims":[32,4096,64],"logical":[4096,2048],"loop_factor":1}],"reduction_cores":1,"loop_trip":1,"tiles_output_dim":false,"tiles_reduction_dim":false,"tile_rows_per_core":0.0,"is_matmul":false,"matmul_macs":0,"matmul_rows_per_core":0.0,"matmul_cols_per_core":0.0,"matmul_a_bytes":0,"matmul_b_bytes":0,"matmul_m_split":1,"matmul_n_split":1,"hbm_pattern":""},{"name":"sigmoid_2","is_reduction":false,"out_elems":8388608,"cores":32,"dtype_bytes":2,"args":[{"name":"op4","role":"output","mem":"hbm","elems":8388608,"broadcast":false,"dims":[32,4096,64],"logical":[4096,2048],"loop_factor":1},{"name":"buf3","role":"input","mem":"hbm","elems":8388608,"broadcast":false,"dims":[32,4096,64],"logical":[4096,2048],"loop_factor":1}],"reduction_cores":1,"loop_trip":1,"tiles_output_dim":false,"tiles_reduction_dim":false,"tile_rows_per_core":0.0,"is_matmul":false,"matmul_macs":0,"matmul_rows_per_core":0.0,"matmul_cols_per_core":0.0,"matmul_a_bytes":0,"matmul_b_bytes":0,"matmul_m_split":1,"matmul_n_split":1,"hbm_pattern":""},{"name":"sigmoid_3","is_reduction":false,"out_elems":8388608,"cores":32,"dtype_bytes":2,"args":[{"name":"op5","role":"output","mem":"hbm","elems":8388608,"broadcast":false,"dims":[32,4096,64],"logical":[4096,2048],"loop_factor":1},{"name":"buf4","role":"input","mem":"hbm","elems":8388608,"broadcast":false,"dims":[32,4096,64],"logical":[4096,2048],"loop_factor":1}],"reduction_cores":1,"loop_trip":1,"tiles_output_dim":false,"tiles_reduction_dim":false,"tile_rows_per_core":0.0,"is_matmul":false,"matmul_macs":0,"matmul_rows_per_core":0.0,"matmul_cols_per_core":0.0,"matmul_a_bytes":0,"matmul_b_bytes":0,"matmul_m_split":1,"matmul_n_split":1,"hbm_pattern":""},{"name":"exp","is_reduction":false,"out_elems":8388608,"cores":32,"dtype_bytes":2,"args":[{"name":"op6","role":"output","mem":"lx","elems":8388608,"broadcast":false,"dims":[32,4096,64],"logical":[4096,2048],"loop_factor":1},{"name":"buf5","role":"input","mem":"hbm","elems":8388608,"broadcast":false,"dims":[32,4096,64],"logical":[4096,2048],"loop_factor":1}],"reduction_cores":1,"loop_trip":1,"tiles_output_dim":false,"tiles_reduction_dim":false,"tile_rows_per_core":0.0,"is_matmul":false,"matmul_macs":0,"matmul_rows_per_core":0.0,"matmul_cols_per_core":0.0,"matmul_a_bytes":0,"matmul_b_bytes":0,"matmul_m_split":1,"matmul_n_split":1,"hbm_pattern":""},{"name":"sum_1","is_reduction":true,"out_elems":262144,"cores":32,"dtype_bytes":2,"args":[{"name":"op7","role":"output","mem":"lx","elems":262144,"broadcast":false,"dims":[1,1,4096,64],"logical":[4096,1],"loop_factor":1},{"name":"buf6","role":"input","mem":"lx","elems":8388608,"broadcast":false,"dims":[32,4096,64],"logical":[4096,2048],"loop_factor":1}],"reduction_cores":1,"loop_trip":1,"tiles_output_dim":false,"tiles_reduction_dim":false,"tile_rows_per_core":0.0,"is_matmul":false,"matmul_macs":0,"matmul_rows_per_core":0.0,"matmul_cols_per_core":0.0,"matmul_a_bytes":0,"matmul_b_bytes":0,"matmul_m_split":1,"matmul_n_split":1,"hbm_pattern":""},{"name":"div","is_reduction":false,"out_elems":8388608,"cores":32,"dtype_bytes":2,"args":[{"name":"op8","role":"output","mem":"hbm","elems":8388608,"broadcast":false,"dims":[32,4096,64],"logical":[4096,2048],"loop_factor":1},{"name":"buf6","role":"input","mem":"lx","elems":8388608,"broadcast":false,"dims":[32,4096,64],"logical":[4096,2048],"loop_factor":1},{"name":"buf7","role":"input","mem":"lx","elems":262144,"broadcast":true,"dims":[1,1,4096,64],"logical":[4096,1],"loop_factor":1}],"reduction_cores":1,"loop_trip":1,"tiles_output_dim":false,"tiles_reduction_dim":false,"tile_rows_per_core":0.0,"is_matmul":false,"matmul_macs":0,"matmul_rows_per_core":0.0,"matmul_cols_per_core":0.0,"matmul_a_bytes":0,"matmul_b_bytes":0,"matmul_m_split":1,"matmul_n_split":1,"hbm_pattern":""}]
TIMING op=softmax_stages reps=7/7 prof_wall_s=0.26 per_rep_s=0.037
SUMMARY op=softmax_stages rows=4096 cols=2048 cores=32 tiles=0 stages=4 lx=1 io_hbm_bytes=167772160 kernel_us=1439.178 pred_us=1599.987 err_pct=+11.2 bw_gbps=116.6 memset_us=110.283 other_dev_us=1169.819 total_dev_us=2719.280 kernel_us_min=1432.095 kernel_us_median=1439.178 kernel_us_mean=1439.217 kernel_us_std=4.722 kernel_us_cv=0.33 reps=7
=== cores=32 stages=8 ===
/home/haoyang/torch-spyre/.venv/lib64/python3.12/site-packages/torch/_dynamo/pgo.py:538: UserWarning: dynamo_pgo force disabled by torch.compiler.config.force_disable_caches
  warn_once(
==============================================================================
==== Cost model features + prediction (after pre-scheduling)
==============================================================================
  Pointwise    read=16777216B write=0B lx=16777216B
      output op13                   torch [4096, 2048] -> device [32, 4096, 64] in LX  | 8388608 elems x 2B = 16777216 B (hbm counted: 0 B)
      input  arg0_1                 torch [4096, 2048] -> device [32, 4096, 64] in HBM  | 8388608 elems x 2B = 16777216 B (hbm counted: 16777216 B)
  amax         read=0B write=0B lx=17301504B
      output op0                    torch [4096, 1] -> device [1, 1, 4096, 64] in LX  | 262144 elems x 2B = 524288 B (hbm counted: 0 B)
      input  buf13                  torch [4096, 2048] -> device [32, 4096, 64] in LX  | 8388608 elems x 2B = 16777216 B (hbm counted: 0 B)
  sub          read=0B write=0B lx=34078720B
      output op1                    torch [4096, 2048] -> device [32, 4096, 64] in LX  | 8388608 elems x 2B = 16777216 B (hbm counted: 0 B)
      input  buf13                  torch [4096, 2048] -> device [32, 4096, 64] in LX  | 8388608 elems x 2B = 16777216 B (hbm counted: 0 B)
      input  buf0                   torch [4096, 1] -> device [1, 1, 4096, 64] in LX  | 262144 elems x 2B = 524288 B (hbm counted: 0 B) broadcast (loaded once)
  sigmoid      read=0B write=16777216B lx=16777216B
      output op2                    torch [4096, 2048] -> device [32, 4096, 64] in HBM  | 8388608 elems x 2B = 16777216 B (hbm counted: 16777216 B)
      input  buf1                   torch [4096, 2048] -> device [32, 4096, 64] in LX  | 8388608 elems x 2B = 16777216 B (hbm counted: 0 B)
  sigmoid_1    read=16777216B write=16777216B lx=0B
      output op3                    torch [4096, 2048] -> device [32, 4096, 64] in HBM  | 8388608 elems x 2B = 16777216 B (hbm counted: 16777216 B)
      input  buf2                   torch [4096, 2048] -> device [32, 4096, 64] in HBM  | 8388608 elems x 2B = 16777216 B (hbm counted: 16777216 B)
  sigmoid_2    read=16777216B write=16777216B lx=0B
      output op4                    torch [4096, 2048] -> device [32, 4096, 64] in HBM  | 8388608 elems x 2B = 16777216 B (hbm counted: 16777216 B)
      input  buf3                   torch [4096, 2048] -> device [32, 4096, 64] in HBM  | 8388608 elems x 2B = 16777216 B (hbm counted: 16777216 B)
  sigmoid_3    read=16777216B write=16777216B lx=0B
      output op5                    torch [4096, 2048] -> device [32, 4096, 64] in HBM  | 8388608 elems x 2B = 16777216 B (hbm counted: 16777216 B)
      input  buf4                   torch [4096, 2048] -> device [32, 4096, 64] in HBM  | 8388608 elems x 2B = 16777216 B (hbm counted: 16777216 B)
  sigmoid_4    read=16777216B write=16777216B lx=0B
      output op6                    torch [4096, 2048] -> device [32, 4096, 64] in HBM  | 8388608 elems x 2B = 16777216 B (hbm counted: 16777216 B)
      input  buf5                   torch [4096, 2048] -> device [32, 4096, 64] in HBM  | 8388608 elems x 2B = 16777216 B (hbm counted: 16777216 B)
  sigmoid_5    read=16777216B write=16777216B lx=0B
      output op7                    torch [4096, 2048] -> device [32, 4096, 64] in HBM  | 8388608 elems x 2B = 16777216 B (hbm counted: 16777216 B)
      input  buf6                   torch [4096, 2048] -> device [32, 4096, 64] in HBM  | 8388608 elems x 2B = 16777216 B (hbm counted: 16777216 B)
  sigmoid_6    read=16777216B write=16777216B lx=0B
      output op8                    torch [4096, 2048] -> device [32, 4096, 64] in HBM  | 8388608 elems x 2B = 16777216 B (hbm counted: 16777216 B)
      input  buf7                   torch [4096, 2048] -> device [32, 4096, 64] in HBM  | 8388608 elems x 2B = 16777216 B (hbm counted: 16777216 B)
  sigmoid_7    read=16777216B write=16777216B lx=0B
      output op9                    torch [4096, 2048] -> device [32, 4096, 64] in HBM  | 8388608 elems x 2B = 16777216 B (hbm counted: 16777216 B)
      input  buf8                   torch [4096, 2048] -> device [32, 4096, 64] in HBM  | 8388608 elems x 2B = 16777216 B (hbm counted: 16777216 B)
  exp          read=16777216B write=0B lx=16777216B
      output op10                   torch [4096, 2048] -> device [32, 4096, 64] in LX  | 8388608 elems x 2B = 16777216 B (hbm counted: 0 B)
      input  buf9                   torch [4096, 2048] -> device [32, 4096, 64] in HBM  | 8388608 elems x 2B = 16777216 B (hbm counted: 16777216 B)
  sum_1        read=0B write=0B lx=17301504B
      output op11                   torch [4096, 1] -> device [1, 1, 4096, 64] in LX  | 262144 elems x 2B = 524288 B (hbm counted: 0 B)
      input  buf10                  torch [4096, 2048] -> device [32, 4096, 64] in LX  | 8388608 elems x 2B = 16777216 B (hbm counted: 0 B)
  div          read=0B write=16777216B lx=17301504B
      output op12                   torch [4096, 2048] -> device [32, 4096, 64] in HBM  | 8388608 elems x 2B = 16777216 B (hbm counted: 16777216 B)
      input  buf10                  torch [4096, 2048] -> device [32, 4096, 64] in LX  | 8388608 elems x 2B = 16777216 B (hbm counted: 0 B)
      input  buf11                  torch [4096, 1] -> device [1, 1, 4096, 64] in LX  | 262144 elems x 2B = 524288 B (hbm counted: 0 B) broadcast (loaded once)
  -- prediction (turnaround): T = (R+W)/BW_PEAK + a*min(R,W) --
     R=150994944B (read)   W=150994944B (write)
     base = (R+W)/150 = 2013.27 us
     turn = a*min(R,W) = 0.00574*150994944 = 866.71 us
     => T_model = 2879.98 us

==============================================================================
==== Cost model: predicted runtime (after pre-scheduling)
==============================================================================
predicted total:     2880.0 us over 1 kernel(s), 14 op(s)

      kernel   predicted us  ops
           0         2880.0  14
                      320.0    sigmoid_1 HBM   33.6 MB
                      320.0    sigmoid_2 HBM   33.6 MB
                      320.0    sigmoid_3 HBM   33.6 MB
                      320.0    sigmoid_4 HBM   33.6 MB
                      320.0    sigmoid_5 HBM   33.6 MB
                      320.0    sigmoid_6 HBM   33.6 MB
                      320.0    sigmoid_7 HBM   33.6 MB
                      160.0    Pointwise HBM   16.8 MB   LX   16.8 MB
                      160.0    sigmoid   HBM   16.8 MB   LX   16.8 MB
                      160.0    exp       HBM   16.8 MB   LX   16.8 MB
                      160.0    div       HBM   16.8 MB   LX   17.3 MB
                        0.0    amax      HBM         -   LX   17.3 MB
                        0.0    sub       HBM         -   LX   34.1 MB
                        0.0    sum_1     HBM         -   LX   17.3 MB

  Operations are grouped by the loop they run in; the count on each group
  header is that loop's iterations.  HBM = main-memory traffic for the whole
  loop, and '= T x B' breaks it into T iterations of B bytes.  LX = on-chip
  scratchpad traffic, already ONE iteration (an LX buffer is allocated per
  tile).  re-fetch = the part of HBM that is the same bytes read again on a
  later iteration.

  Each kernel is priced ONCE, as a bundle. The per-op column splits that
  total by each op's share of the HBM bytes: an attribution, not a set of
  independent predictions. It carries no compute term, so it misattributes a
  compute-bound kernel, and because the weights are per-op while the total
  de-duplicates shared inputs, a share can be off by up to a third of itself.
  An op with no HBM traffic shows 0.0 -- its output stays in LX, so it adds
  no main-memory traffic of its own.

/home/haoyang/torch-spyre/.venv/lib64/python3.12/site-packages/torch/profiler/profiler.py:224: UserWarning: Warning: Profiler clears events at the end of each cycle.Only events from the current cycle will be reported.To keep events across cycles, set acc_events=True.
  _warn_once(
[W805 21:22:53.564102612 collection.cpp:1077] Warning: Detected an event which was likely passed to kineto by the PyTorch profiler, but is not present in the set of known events: [memory] This most likely means that Kineto has not maintained address stability for this event. Please report this to the PyTorch team. (function operator())
== softmax_stages[4096x2048] -- profiler kernel time vs cost-model I/O ==
-------------------------------------------------------  ------------  ------------  ------------  ------------  ------------  ------------  ------------  ------------  ------------  ------------  ------------  ------------  ------------  ------------  
                                                   Name    Self CPU %      Self CPU   CPU total %     CPU total  CPU time avg    Self SPYRE  Self SPYRE %   SPYRE total  SPYRE time avg       CPU Mem  Self CPU Mem     SPYRE Mem  Self SPYRE Mem    # of Calls  
-------------------------------------------------------  ------------  ------------  ------------  ------------  ------------  ------------  ------------  ------------  ------------  ------------  ------------  ------------  ------------  ------------  
70f4f310_sdsc_fused_amax_div_exp_sigmoid_sub_sum_0_h...         0.00%       0.000us         0.00%       0.000us       0.000us       2.728ms        68.14%       2.728ms       2.728ms           0 B           0 B           0 B           0 B             1  
                                          Memcpy (DtoH)         0.00%       0.000us         0.00%       0.000us       0.000us       1.182ms        29.52%       1.182ms     295.479us           0 B           0 B           0 B           0 B             4  
                                        Memset (Device)         0.00%       0.000us         0.00%       0.000us       0.000us      81.887us         2.05%      81.887us      16.377us           0 B           0 B           0 B           0 B             5  
                                          Memcpy (HtoD)         0.00%       0.000us         0.00%       0.000us       0.000us      11.623us         0.29%      11.623us      11.623us           0 B           0 B           0 B           0 B             1  
                               TorchDynamo Cache Lookup         0.15%      34.759us         0.15%      34.759us      34.759us       0.000us         0.00%       0.000us       0.000us           0 B           0 B           0 B           0 B             1  
                             Torch-Compiled Region: 0/0         0.27%      62.811us         3.67%     862.014us     862.014us       0.000us         0.00%       0.000us       0.000us           0 B           0 B      16.00 MB           0 B             1  
                                      Pregraph bytecode         0.02%       3.660us         0.02%       3.660us       3.660us       0.000us         0.00%       0.000us       0.000us           0 B           0 B           0 B           0 B             1  
                 AOTDispatcher Runtime Wrapper Prologue         0.04%       8.489us         0.04%       8.489us       8.489us       0.000us         0.00%       0.000us       0.000us           0 B           0 B           0 B           0 B             1  
                        ## Call CompiledFxGraph None ##         0.26%      60.522us         3.35%     787.054us     787.054us       0.000us         0.00%       0.000us       0.000us           0 B           0 B      16.00 MB      16.00 MB             1  
launch_jobplan:sdsc_fused_amax_div_exp_sigmoid_sub_s...         3.04%     715.133us         3.09%     726.532us     726.532us       0.000us         0.00%       0.000us       0.000us           0 B           0 B           0 B           0 B             1  
                              aiuLaunchDMIControlBlocks         0.01%       1.801us         0.01%       1.801us       1.801us       0.000us         0.00%       0.000us       0.000us           0 B           0 B           0 B           0 B             1  
                                       Memory (Release)         0.76%     179.297us         0.76%     179.297us      35.859us       0.000us         0.00%       0.000us       0.000us     -16.00 MB     -16.00 MB     -16.00 MB     -16.00 MB             5  
                                 aiuLaunchControlBlocks         0.00%       0.843us         0.00%       0.843us       0.843us       0.000us         0.00%       0.000us       0.000us           0 B           0 B           0 B           0 B             1  
                                               aten::to         0.01%       3.251us        95.46%      22.449ms      22.449ms       0.000us         0.00%       0.000us       0.000us      16.00 MB           0 B           0 B           0 B             1  
                                         aten::_to_copy         0.12%      27.072us        95.45%      22.446ms      22.446ms       0.000us         0.00%       0.000us       0.000us      16.00 MB           0 B           0 B           0 B             1  
                                    aten::empty_strided         0.03%       6.071us         0.03%       6.071us       6.071us       0.000us         0.00%       0.000us       0.000us      16.00 MB      16.00 MB           0 B           0 B             1  
                                            aten::copy_         0.06%      13.147us        95.31%      22.412ms      22.412ms       0.000us         0.00%       0.000us       0.000us           0 B           0 B           0 B           0 B             1  
                                       aten::_copy_from        95.24%      22.396ms        95.25%      22.399ms      22.399ms       0.000us         0.00%       0.000us       0.000us           0 B           0 B           0 B           0 B             1  
                              aiuLaunchDMOControlBlocks         0.01%       3.004us         0.01%       3.004us       0.751us       0.000us         0.00%       0.000us       0.000us           0 B           0 B           0 B           0 B             4  
-------------------------------------------------------  ------------  ------------  ------------  ------------  ------------  ------------  ------------  ------------  ------------  ------------  ------------  ------------  ------------  ------------  
Self CPU time total: 23.516ms
Self SPYRE time total: 4.003ms

IO -- device-layout I/O (cost model, stick-padded) --
IO   op Pointwise
IO     output op13                   torch [4096, 2048] -> device [32, 4096, 64] in LX = 8388608 elems x 2B = 16777216 B  (hbm counted: 0 B)
IO     input  arg0_1                 torch [4096, 2048] -> device [32, 4096, 64] in HBM = 8388608 elems x 2B = 16777216 B  (hbm counted: 16777216 B)
IO   op amax [reduction]
IO     output op0                    torch [4096, 1] -> device [1, 1, 4096, 64] in LX = 262144 elems x 2B = 524288 B  (hbm counted: 0 B)
IO     input  buf13                  torch [4096, 2048] -> device [32, 4096, 64] in LX = 8388608 elems x 2B = 16777216 B  (hbm counted: 0 B)
IO   op sub
IO     output op1                    torch [4096, 2048] -> device [32, 4096, 64] in LX = 8388608 elems x 2B = 16777216 B  (hbm counted: 0 B)
IO     input  buf13                  torch [4096, 2048] -> device [32, 4096, 64] in LX = 8388608 elems x 2B = 16777216 B  (hbm counted: 0 B)
IO     input  buf0                   torch [4096, 1] -> device [1, 1, 4096, 64] in LX = 262144 elems x 2B = 524288 B  (hbm counted: 0 B) broadcast (loaded once)
IO   op sigmoid
IO     output op2                    torch [4096, 2048] -> device [32, 4096, 64] in HBM = 8388608 elems x 2B = 16777216 B  (hbm counted: 16777216 B)
IO     input  buf1                   torch [4096, 2048] -> device [32, 4096, 64] in LX = 8388608 elems x 2B = 16777216 B  (hbm counted: 0 B)
IO   op sigmoid_1
IO     output op3                    torch [4096, 2048] -> device [32, 4096, 64] in HBM = 8388608 elems x 2B = 16777216 B  (hbm counted: 16777216 B)
IO     input  buf2                   torch [4096, 2048] -> device [32, 4096, 64] in HBM = 8388608 elems x 2B = 16777216 B  (hbm counted: 16777216 B)
IO   op sigmoid_2
IO     output op4                    torch [4096, 2048] -> device [32, 4096, 64] in HBM = 8388608 elems x 2B = 16777216 B  (hbm counted: 16777216 B)
IO     input  buf3                   torch [4096, 2048] -> device [32, 4096, 64] in HBM = 8388608 elems x 2B = 16777216 B  (hbm counted: 16777216 B)
IO   op sigmoid_3
IO     output op5                    torch [4096, 2048] -> device [32, 4096, 64] in HBM = 8388608 elems x 2B = 16777216 B  (hbm counted: 16777216 B)
IO     input  buf4                   torch [4096, 2048] -> device [32, 4096, 64] in HBM = 8388608 elems x 2B = 16777216 B  (hbm counted: 16777216 B)
IO   op sigmoid_4
IO     output op6                    torch [4096, 2048] -> device [32, 4096, 64] in HBM = 8388608 elems x 2B = 16777216 B  (hbm counted: 16777216 B)
IO     input  buf5                   torch [4096, 2048] -> device [32, 4096, 64] in HBM = 8388608 elems x 2B = 16777216 B  (hbm counted: 16777216 B)
IO   op sigmoid_5
IO     output op7                    torch [4096, 2048] -> device [32, 4096, 64] in HBM = 8388608 elems x 2B = 16777216 B  (hbm counted: 16777216 B)
IO     input  buf6                   torch [4096, 2048] -> device [32, 4096, 64] in HBM = 8388608 elems x 2B = 16777216 B  (hbm counted: 16777216 B)
IO   op sigmoid_6
IO     output op8                    torch [4096, 2048] -> device [32, 4096, 64] in HBM = 8388608 elems x 2B = 16777216 B  (hbm counted: 16777216 B)
IO     input  buf7                   torch [4096, 2048] -> device [32, 4096, 64] in HBM = 8388608 elems x 2B = 16777216 B  (hbm counted: 16777216 B)
IO   op sigmoid_7
IO     output op9                    torch [4096, 2048] -> device [32, 4096, 64] in HBM = 8388608 elems x 2B = 16777216 B  (hbm counted: 16777216 B)
IO     input  buf8                   torch [4096, 2048] -> device [32, 4096, 64] in HBM = 8388608 elems x 2B = 16777216 B  (hbm counted: 16777216 B)
IO   op exp
IO     output op10                   torch [4096, 2048] -> device [32, 4096, 64] in LX = 8388608 elems x 2B = 16777216 B  (hbm counted: 0 B)
IO     input  buf9                   torch [4096, 2048] -> device [32, 4096, 64] in HBM = 8388608 elems x 2B = 16777216 B  (hbm counted: 16777216 B)
IO   op sum_1 [reduction]
IO     output op11                   torch [4096, 1] -> device [1, 1, 4096, 64] in LX = 262144 elems x 2B = 524288 B  (hbm counted: 0 B)
IO     input  buf10                  torch [4096, 2048] -> device [32, 4096, 64] in LX = 8388608 elems x 2B = 16777216 B  (hbm counted: 0 B)
IO   op div
IO     output op12                   torch [4096, 2048] -> device [32, 4096, 64] in HBM = 8388608 elems x 2B = 16777216 B  (hbm counted: 16777216 B)
IO     input  buf10                  torch [4096, 2048] -> device [32, 4096, 64] in LX = 8388608 elems x 2B = 16777216 B  (hbm counted: 0 B)
IO     input  buf11                  torch [4096, 1] -> device [1, 1, 4096, 64] in LX = 262144 elems x 2B = 524288 B  (hbm counted: 0 B) broadcast (loaded once)
IO   => HBM I/O total = 301989888 B  (lx 136314880 B, ~free)
MODEL -- estimate (turnaround): T = (R+W)/BW_PEAK + a*min(R,W) --
MODEL   R=150994944 B (read)   W=150994944 B (write)   loop_trip L=1
MODEL   base = (R+W)/150 = 2013.27 us
MODEL   turn = a*min(R,W) = 0.00574*150994944 = 866.71 us
MODEL   => T_model = 2879.98 us
MODEL FEATS [{"name":"Pointwise","is_reduction":false,"out_elems":8388608,"cores":32,"dtype_bytes":2,"args":[{"name":"op13","role":"output","mem":"lx","elems":8388608,"broadcast":false,"dims":[32,4096,64],"logical":[4096,2048],"loop_factor":1},{"name":"arg0_1","role":"input","mem":"hbm","elems":8388608,"broadcast":false,"dims":[32,4096,64],"logical":[4096,2048],"loop_factor":1}],"reduction_cores":1,"loop_trip":1,"tiles_output_dim":false,"tiles_reduction_dim":false,"tile_rows_per_core":0.0,"is_matmul":false,"matmul_macs":0,"matmul_rows_per_core":0.0,"matmul_cols_per_core":0.0,"matmul_a_bytes":0,"matmul_b_bytes":0,"matmul_m_split":1,"matmul_n_split":1,"hbm_pattern":""},{"name":"amax","is_reduction":true,"out_elems":262144,"cores":32,"dtype_bytes":2,"args":[{"name":"op0","role":"output","mem":"lx","elems":262144,"broadcast":false,"dims":[1,1,4096,64],"logical":[4096,1],"loop_factor":1},{"name":"buf13","role":"input","mem":"lx","elems":8388608,"broadcast":false,"dims":[32,4096,64],"logical":[4096,2048],"loop_factor":1}],"reduction_cores":1,"loop_trip":1,"tiles_output_dim":false,"tiles_reduction_dim":false,"tile_rows_per_core":0.0,"is_matmul":false,"matmul_macs":0,"matmul_rows_per_core":0.0,"matmul_cols_per_core":0.0,"matmul_a_bytes":0,"matmul_b_bytes":0,"matmul_m_split":1,"matmul_n_split":1,"hbm_pattern":""},{"name":"sub","is_reduction":false,"out_elems":8388608,"cores":32,"dtype_bytes":2,"args":[{"name":"op1","role":"output","mem":"lx","elems":8388608,"broadcast":false,"dims":[32,4096,64],"logical":[4096,2048],"loop_factor":1},{"name":"buf13","role":"input","mem":"lx","elems":8388608,"broadcast":false,"dims":[32,4096,64],"logical":[4096,2048],"loop_factor":1},{"name":"buf0","role":"input","mem":"lx","elems":262144,"broadcast":true,"dims":[1,1,4096,64],"logical":[4096,1],"loop_factor":1}],"reduction_cores":1,"loop_trip":1,"tiles_output_dim":false,"tiles_reduction_dim":false,"tile_rows_per_core":0.0,"is_matmul":false,"matmul_macs":0,"matmul_rows_per_core":0.0,"matmul_cols_per_core":0.0,"matmul_a_bytes":0,"matmul_b_bytes":0,"matmul_m_split":1,"matmul_n_split":1,"hbm_pattern":""},{"name":"sigmoid","is_reduction":false,"out_elems":8388608,"cores":32,"dtype_bytes":2,"args":[{"name":"op2","role":"output","mem":"hbm","elems":8388608,"broadcast":false,"dims":[32,4096,64],"logical":[4096,2048],"loop_factor":1},{"name":"buf1","role":"input","mem":"lx","elems":8388608,"broadcast":false,"dims":[32,4096,64],"logical":[4096,2048],"loop_factor":1}],"reduction_cores":1,"loop_trip":1,"tiles_output_dim":false,"tiles_reduction_dim":false,"tile_rows_per_core":0.0,"is_matmul":false,"matmul_macs":0,"matmul_rows_per_core":0.0,"matmul_cols_per_core":0.0,"matmul_a_bytes":0,"matmul_b_bytes":0,"matmul_m_split":1,"matmul_n_split":1,"hbm_pattern":""},{"name":"sigmoid_1","is_reduction":false,"out_elems":8388608,"cores":32,"dtype_bytes":2,"args":[{"name":"op3","role":"output","mem":"hbm","elems":8388608,"broadcast":false,"dims":[32,4096,64],"logical":[4096,2048],"loop_factor":1},{"name":"buf2","role":"input","mem":"hbm","elems":8388608,"broadcast":false,"dims":[32,4096,64],"logical":[4096,2048],"loop_factor":1}],"reduction_cores":1,"loop_trip":1,"tiles_output_dim":false,"tiles_reduction_dim":false,"tile_rows_per_core":0.0,"is_matmul":false,"matmul_macs":0,"matmul_rows_per_core":0.0,"matmul_cols_per_core":0.0,"matmul_a_bytes":0,"matmul_b_bytes":0,"matmul_m_split":1,"matmul_n_split":1,"hbm_pattern":""},{"name":"sigmoid_2","is_reduction":false,"out_elems":8388608,"cores":32,"dtype_bytes":2,"args":[{"name":"op4","role":"output","mem":"hbm","elems":8388608,"broadcast":false,"dims":[32,4096,64],"logical":[4096,2048],"loop_factor":1},{"name":"buf3","role":"input","mem":"hbm","elems":8388608,"broadcast":false,"dims":[32,4096,64],"logical":[4096,2048],"loop_factor":1}],"reduction_cores":1,"loop_trip":1,"tiles_output_dim":false,"tiles_reduction_dim":false,"tile_rows_per_core":0.0,"is_matmul":false,"matmul_macs":0,"matmul_rows_per_core":0.0,"matmul_cols_per_core":0.0,"matmul_a_bytes":0,"matmul_b_bytes":0,"matmul_m_split":1,"matmul_n_split":1,"hbm_pattern":""},{"name":"sigmoid_3","is_reduction":false,"out_elems":8388608,"cores":32,"dtype_bytes":2,"args":[{"name":"op5","role":"output","mem":"hbm","elems":8388608,"broadcast":false,"dims":[32,4096,64],"logical":[4096,2048],"loop_factor":1},{"name":"buf4","role":"input","mem":"hbm","elems":8388608,"broadcast":false,"dims":[32,4096,64],"logical":[4096,2048],"loop_factor":1}],"reduction_cores":1,"loop_trip":1,"tiles_output_dim":false,"tiles_reduction_dim":false,"tile_rows_per_core":0.0,"is_matmul":false,"matmul_macs":0,"matmul_rows_per_core":0.0,"matmul_cols_per_core":0.0,"matmul_a_bytes":0,"matmul_b_bytes":0,"matmul_m_split":1,"matmul_n_split":1,"hbm_pattern":""},{"name":"sigmoid_4","is_reduction":false,"out_elems":8388608,"cores":32,"dtype_bytes":2,"args":[{"name":"op6","role":"output","mem":"hbm","elems":8388608,"broadcast":false,"dims":[32,4096,64],"logical":[4096,2048],"loop_factor":1},{"name":"buf5","role":"input","mem":"hbm","elems":8388608,"broadcast":false,"dims":[32,4096,64],"logical":[4096,2048],"loop_factor":1}],"reduction_cores":1,"loop_trip":1,"tiles_output_dim":false,"tiles_reduction_dim":false,"tile_rows_per_core":0.0,"is_matmul":false,"matmul_macs":0,"matmul_rows_per_core":0.0,"matmul_cols_per_core":0.0,"matmul_a_bytes":0,"matmul_b_bytes":0,"matmul_m_split":1,"matmul_n_split":1,"hbm_pattern":""},{"name":"sigmoid_5","is_reduction":false,"out_elems":8388608,"cores":32,"dtype_bytes":2,"args":[{"name":"op7","role":"output","mem":"hbm","elems":8388608,"broadcast":false,"dims":[32,4096,64],"logical":[4096,2048],"loop_factor":1},{"name":"buf6","role":"input","mem":"hbm","elems":8388608,"broadcast":false,"dims":[32,4096,64],"logical":[4096,2048],"loop_factor":1}],"reduction_cores":1,"loop_trip":1,"tiles_output_dim":false,"tiles_reduction_dim":false,"tile_rows_per_core":0.0,"is_matmul":false,"matmul_macs":0,"matmul_rows_per_core":0.0,"matmul_cols_per_core":0.0,"matmul_a_bytes":0,"matmul_b_bytes":0,"matmul_m_split":1,"matmul_n_split":1,"hbm_pattern":""},{"name":"sigmoid_6","is_reduction":false,"out_elems":8388608,"cores":32,"dtype_bytes":2,"args":[{"name":"op8","role":"output","mem":"hbm","elems":8388608,"broadcast":false,"dims":[32,4096,64],"logical":[4096,2048],"loop_factor":1},{"name":"buf7","role":"input","mem":"hbm","elems":8388608,"broadcast":false,"dims":[32,4096,64],"logical":[4096,2048],"loop_factor":1}],"reduction_cores":1,"loop_trip":1,"tiles_output_dim":false,"tiles_reduction_dim":false,"tile_rows_per_core":0.0,"is_matmul":false,"matmul_macs":0,"matmul_rows_per_core":0.0,"matmul_cols_per_core":0.0,"matmul_a_bytes":0,"matmul_b_bytes":0,"matmul_m_split":1,"matmul_n_split":1,"hbm_pattern":""},{"name":"sigmoid_7","is_reduction":false,"out_elems":8388608,"cores":32,"dtype_bytes":2,"args":[{"name":"op9","role":"output","mem":"hbm","elems":8388608,"broadcast":false,"dims":[32,4096,64],"logical":[4096,2048],"loop_factor":1},{"name":"buf8","role":"input","mem":"hbm","elems":8388608,"broadcast":false,"dims":[32,4096,64],"logical":[4096,2048],"loop_factor":1}],"reduction_cores":1,"loop_trip":1,"tiles_output_dim":false,"tiles_reduction_dim":false,"tile_rows_per_core":0.0,"is_matmul":false,"matmul_macs":0,"matmul_rows_per_core":0.0,"matmul_cols_per_core":0.0,"matmul_a_bytes":0,"matmul_b_bytes":0,"matmul_m_split":1,"matmul_n_split":1,"hbm_pattern":""},{"name":"exp","is_reduction":false,"out_elems":8388608,"cores":32,"dtype_bytes":2,"args":[{"name":"op10","role":"output","mem":"lx","elems":8388608,"broadcast":false,"dims":[32,4096,64],"logical":[4096,2048],"loop_factor":1},{"name":"buf9","role":"input","mem":"hbm","elems":8388608,"broadcast":false,"dims":[32,4096,64],"logical":[4096,2048],"loop_factor":1}],"reduction_cores":1,"loop_trip":1,"tiles_output_dim":false,"tiles_reduction_dim":false,"tile_rows_per_core":0.0,"is_matmul":false,"matmul_macs":0,"matmul_rows_per_core":0.0,"matmul_cols_per_core":0.0,"matmul_a_bytes":0,"matmul_b_bytes":0,"matmul_m_split":1,"matmul_n_split":1,"hbm_pattern":""},{"name":"sum_1","is_reduction":true,"out_elems":262144,"cores":32,"dtype_bytes":2,"args":[{"name":"op11","role":"output","mem":"lx","elems":262144,"broadcast":false,"dims":[1,1,4096,64],"logical":[4096,1],"loop_factor":1},{"name":"buf10","role":"input","mem":"lx","elems":8388608,"broadcast":false,"dims":[32,4096,64],"logical":[4096,2048],"loop_factor":1}],"reduction_cores":1,"loop_trip":1,"tiles_output_dim":false,"tiles_reduction_dim":false,"tile_rows_per_core":0.0,"is_matmul":false,"matmul_macs":0,"matmul_rows_per_core":0.0,"matmul_cols_per_core":0.0,"matmul_a_bytes":0,"matmul_b_bytes":0,"matmul_m_split":1,"matmul_n_split":1,"hbm_pattern":""},{"name":"div","is_reduction":false,"out_elems":8388608,"cores":32,"dtype_bytes":2,"args":[{"name":"op12","role":"output","mem":"hbm","elems":8388608,"broadcast":false,"dims":[32,4096,64],"logical":[4096,2048],"loop_factor":1},{"name":"buf10","role":"input","mem":"lx","elems":8388608,"broadcast":false,"dims":[32,4096,64],"logical":[4096,2048],"loop_factor":1},{"name":"buf11","role":"input","mem":"lx","elems":262144,"broadcast":true,"dims":[1,1,4096,64],"logical":[4096,1],"loop_factor":1}],"reduction_cores":1,"loop_trip":1,"tiles_output_dim":false,"tiles_reduction_dim":false,"tile_rows_per_core":0.0,"is_matmul":false,"matmul_macs":0,"matmul_rows_per_core":0.0,"matmul_cols_per_core":0.0,"matmul_a_bytes":0,"matmul_b_bytes":0,"matmul_m_split":1,"matmul_n_split":1,"hbm_pattern":""}]
TIMING op=softmax_stages reps=7/7 prof_wall_s=0.27 per_rep_s=0.038
SUMMARY op=softmax_stages rows=4096 cols=2048 cores=32 tiles=0 stages=8 lx=1 io_hbm_bytes=301989888 kernel_us=2729.239 pred_us=2879.977 err_pct=+5.5 bw_gbps=110.6 memset_us=74.839 other_dev_us=1222.488 total_dev_us=4026.566 kernel_us_min=2720.844 kernel_us_median=2729.239 kernel_us_mean=2729.235 kernel_us_std=5.067 kernel_us_cv=0.19 reps=7
